timestamp,forecast_origin,horizon_hours,lead_hour,stage5_selected_model,stage5_point_forecast_kwh,actual_household_kwh,peak_threshold_kwh,actual_high_demand,ensemble_mean_kwh,ensemble_p05_kwh,ensemble_p10_kwh,ensemble_p25_kwh,ensemble_p50_kwh,ensemble_p75_kwh,ensemble_p90_kwh,ensemble_p95_kwh,ensemble_maximum_kwh,peak_probability,ensemble_peak_member_count,hour_of_day_baseline_risk,hour_of_day,behavioral_block,top_10_percent_peak_risk,top_10_percent_hour_baseline_risk
2025-09-02T00:00:00+02:00,2025-09-01T23:00:00+02:00,24,1,M2_GBT_HISTORY,1.1272576432419554,0.602862627,3.7097626867000058,False,0.510540340805,0.2957781746,0.3163110485,0.3864331285,0.495394303,0.6063553485,0.6778701686999999,0.7568934529499998,1.532550893,0.0,0,0,0,NIGHT,False,False
2025-09-02T01:00:00+02:00,2025-09-01T23:00:00+02:00,24,2,M2_GBT_HISTORY,1.091062662298987,0.604223755,3.7097626867000058,False,0.4850194399150003,0.29711787325000005,0.3189683386,0.3880942395,0.482710967,0.5945399100000001,0.6500586041,0.6685748573499999,0.706398996,0.0,0,0,1,NIGHT,False,False
2025-09-02T02:00:00+02:00,2025-09-01T23:00:00+02:00,24,3,M2_GBT_HISTORY,1.091062662298987,0.605492126,3.7097626867000058,False,0.48652194256499987,0.29836627355,0.3205867772,0.38964214825,0.484266718,0.5959441480000001,0.6514319019,0.6700408691499999,0.708000194,0.0,0,0,2,NIGHT,False,False
2025-09-02T03:00:00+02:00,2025-09-01T23:00:00+02:00,24,4,M2_GBT_HISTORY,1.091062662298987,0.6065813,3.7097626867000058,False,0.4878121709449998,0.29943829855000004,0.3219765609,0.39097136774999997,0.48553978600000003,0.597149995,0.6526111793,0.6712997623999999,0.709375174,0.0,0,0,3,NIGHT,False,False
2025-09-02T04:00:00+02:00,2025-09-01T23:00:00+02:00,24,5,M2_GBT_HISTORY,1.091062662298987,0.607417053,3.7097626867000058,False,0.488802197975,0.3002608934,0.3230429804,0.391991314,0.4865115085,0.5980752739999999,0.6535160707,0.6722657439499998,0.710430233,0.0,0,0,4,NIGHT,False,False
2025-09-02T05:00:00+02:00,2025-09-01T23:00:00+02:00,24,6,M2_GBT_HISTORY,1.091062662298987,0.607942429,3.7097626867000058,False,0.5717337114750005,0.30247256850000004,0.3240128586,0.39784793350000003,0.488535807,0.6018917532500001,0.666352117,0.6884969743999998,4.0816343889999995,0.01,2,0,5,NIGHT,False,False
2025-09-02T06:00:00+02:00,2025-09-01T23:00:00+02:00,24,7,M2_GBT_HISTORY,1.091062662298987,0.608121625,3.7097626867000058,False,1.0954359990499996,0.32392811569999996,0.35716798750000006,0.45889058125,0.6023907645,1.1622934637500002,3.1507100058999997,3.7490993278999944,5.572474753,0.055,11,0,6,NIGHT,False,False
2025-09-02T07:00:00+02:00,2025-09-01T23:00:00+02:00,24,8,M2_GBT_HISTORY,1.091062662298987,0.607942429,3.7097626867000058,False,1.3482389408700002,0.34046473424999996,0.4108561858,0.563858821,1.14697038,1.62220127125,3.0558230924999994,3.663280217699999,5.478559013,0.05,10,0,7,MORNING,False,False
2025-09-02T08:00:00+02:00,2025-09-01T23:00:00+02:00,24,9,M2_GBT_HISTORY,1.1323934922576684,0.677823259,3.7097626867000058,False,1.2697939233050002,0.16392605500000001,0.19198716610000002,0.6026319565,1.0252475245000001,1.32623831925,3.0670697766,3.7453414067999997,5.087248815,0.065,13,0,8,MORNING,False,False
2025-09-02T09:00:00+02:00,2025-09-01T23:00:00+02:00,24,10,M2_GBT_HISTORY,1.1323934922576684,1.080883684,3.7097626867000058,False,1.1017210248699996,0.1715617472,0.2157252178,0.80069426,1.0172422774999998,1.22480916175,1.3558501148999997,3.0134189490999974,5.057579897,0.03,6,0,9,DAYTIME,False,False
2025-09-02T10:00:00+02:00,2025-09-01T23:00:00+02:00,24,11,M2_GBT_HISTORY,1.1323934922576684,1.07979451,3.7097626867000058,False,1.0443241682799995,0.17215593445,0.2192054571,0.80641851575,1.0194897875,1.1861658267500002,1.3379771532,1.4171729347999924,5.22095423,0.02,4,0,10,DAYTIME,False,False
2025-09-02T11:00:00+02:00,2025-09-01T23:00:00+02:00,24,12,M2_GBT_HISTORY,1.1526559559031155,0.731609155,3.7097626867000058,False,1.0115754645100004,0.1704470505,0.2097359872,0.607866743,0.9725987185,1.174679134,1.3534984560999999,2.1505773517999978,5.746266403,0.035,7,0,11,DAYTIME,False,False
2025-09-02T12:00:00+02:00,2025-09-01T23:00:00+02:00,24,13,M2_GBT_HISTORY,1.2434748870003265,0.196634733,3.7097626867000058,False,0.9438435873349996,0.1434088423,0.1569828326,0.211452452,0.8229434695,1.15743553975,1.3754260201,2.9281727270499953,7.627715393000001,0.04,8,0.03125,12,DAYTIME,False,False
2025-09-02T13:00:00+02:00,2025-09-01T23:00:00+02:00,24,14,M2_GBT_HISTORY,1.3482581538773561,0.195273604,3.7097626867000058,False,0.7409714223649999,0.13730813225000002,0.14289011499999998,0.17710987475,0.32529649299999996,1.05352007725,1.3661374749999997,2.654209731499999,4.9568368750000005,0.03,6,0.03125,13,DAYTIME,False,False
2025-09-02T14:00:00+02:00,2025-09-01T23:00:00+02:00,24,15,M2_GBT_HISTORY,1.38473254242219,0.194005234,3.7097626867000058,False,0.577289480645,0.13314329014999998,0.14061694919999998,0.16475710125,0.20764053500000001,0.9561362167499999,1.2523719484999998,1.4890591912499977,4.881098204,0.01,2,0.03125,14,DAYTIME,False,False
2025-09-02T15:00:00+02:00,2025-09-01T23:00:00+02:00,24,16,M2_GBT_HISTORY,1.5030652852214936,0.192916059,3.7097626867000058,False,0.6135108387550002,0.13621865119999998,0.149292809,0.17068140625,0.254816807,0.8748349022499999,1.1744672915999999,1.3105864391499997,10.9097997,0.01,2,0.03125,15,DAYTIME,False,False
2025-09-02T16:00:00+02:00,2025-09-01T23:00:00+02:00,24,17,M2_GBT_HISTORY,1.837611220053904,0.625405954,3.7097626867000058,False,1.064330364845,0.14884147375,0.1618050416,0.23242655299999998,0.885429249,1.19543263525,1.6680577524999987,3.3570483820499986,14.964016461,0.04,8,0.125,16,RETURN_RAMP,False,False
2025-09-02T17:00:00+02:00,2025-09-01T23:00:00+02:00,24,18,M2_GBT_HISTORY,1.7593648693488058,1.072085209,3.7097626867000058,False,3.143849921965001,0.2894211555000001,0.5077334184000002,0.89335646375,1.3710166030000002,5.132642108500001,7.735272951,8.49668685745,17.430776618,0.31,62,0.25,17,RETURN_RAMP,False,False
2025-09-02T18:00:00+02:00,2025-09-01T23:00:00+02:00,24,19,M2_GBT_HISTORY,1.8564996089744503,0.48361637,3.7097626867000058,False,5.4045116118050025,0.1992998722,0.8789267194999999,1.91212388275,4.556510444000001,8.3552129705,10.381678298199997,13.452688365499998,18.321190897999998,0.555,111,0.40625,18,RETURN_RAMP,True,True
2025-09-02T19:00:00+02:00,2025-09-01T23:00:00+02:00,24,20,M2_GBT_HISTORY,1.7593648693488058,0.191554931,3.7097626867000058,False,6.02843549479,0.18835728435000001,0.5690057301,1.94488867525,5.165118248500001,9.69279894375,12.4268962856,14.396320408699994,18.699638969,0.56,112,0.53125,19,EVENING,True,True
2025-09-02T20:00:00+02:00,2025-09-01T23:00:00+02:00,24,21,M2_GBT_HISTORY,1.6420090220796635,0.192080307,3.7097626867000058,False,4.364827556179999,0.1767875652,0.21000552730000002,0.50024178175,2.6746914985,8.19816718625,10.2636724528,11.150151181699998,16.538624136,0.435,87,0.34375,20,EVENING,True,True
2025-09-02T21:00:00+02:00,2025-09-01T23:00:00+02:00,24,22,M2_GBT_HISTORY,1.3892596326628945,0.192916059,3.7097626867000058,False,2.7392889505100015,0.1504154023,0.1855647452,0.3019582595,0.8858263040000001,4.78831784375,7.812059582999999,9.06476266695,13.320080248,0.29,58,0.28125,21,EVENING,False,False
2025-09-02T22:00:00+02:00,2025-09-01T23:00:00+02:00,24,23,M2_GBT_HISTORY,1.2458697936431244,0.275250813,3.7097626867000058,False,1.4736388295000007,0.29297217325,0.3345549517,0.488801277,0.6774355425,1.21030151675,3.769268991199992,7.794733235149999,8.710885835000001,0.1,20,0.21875,22,EVENING,False,False
2025-09-02T23:00:00+02:00,2025-09-01T23:00:00+02:00,24,24,M2_GBT_HISTORY,1.091062662298987,0.276519183,3.7097626867000058,False,0.8348343422250004,0.27356241195000003,0.31014384759999997,0.398837007,0.5372070090000001,0.72630000825,1.1642214942,1.7370861122499759,8.088588973,0.03,6,0.125,23,NIGHT,False,False
2025-09-05T00:00:00+02:00,2025-09-04T23:00:00+02:00,24,1,M2_GBT_HISTORY,1.2496303840303604,0.602862627,3.3187679449000007,False,0.7000098249049995,0.27811692345,0.3171833881,0.40132986825,0.5227890909999999,0.646667908,1.6956170681999991,2.1376757896000003,2.94519668,0.0,0,0,0,NIGHT,False,False
2025-09-05T01:00:00+02:00,2025-09-04T23:00:00+02:00,24,2,M2_GBT_HISTORY,1.0800797068756127,0.604223755,3.3187679449000007,False,0.5641080210850002,0.27997072980000004,0.3105810075,0.38180499875,0.4815668595,0.5945399100000001,0.652798535,0.676651861,12.209721272,0.01,2,0,1,NIGHT,False,False
2025-09-05T02:00:00+02:00,2025-09-04T23:00:00+02:00,24,3,M2_GBT_HISTORY,1.0800797068756127,0.605492126,3.3187679449000007,False,0.57396285795,0.2941464511,0.3148955392,0.38390871449999997,0.484266718,0.5967517145,0.6556736035999999,0.6788138865000001,9.307850423,0.01,2,0,2,NIGHT,False,False
2025-09-05T03:00:00+02:00,2025-09-04T23:00:00+02:00,24,4,M2_GBT_HISTORY,1.0800797068756127,0.6065813,3.3187679449000007,False,0.6017210248499997,0.29525954155,0.31619243280000003,0.3850867575,0.48553978600000003,0.59818848,0.6569951098,0.6798997658,13.565581934999999,0.015,3,0,3,NIGHT,False,False
2025-09-05T04:00:00+02:00,2025-09-04T23:00:00+02:00,24,5,M2_GBT_HISTORY,1.0800797068756127,0.607417053,3.3187679449000007,False,0.5231572843000002,0.2981880863,0.3194864844,0.38745412675,0.487581599,0.5980752739999999,0.6563414593,0.6806709250999999,5.627026616,0.005,1,0,4,NIGHT,False,False
2025-09-05T05:00:00+02:00,2025-09-04T23:00:00+02:00,24,6,M2_GBT_HISTORY,1.0800797068756127,0.607942429,3.3187679449000007,False,0.4860832889650004,0.29886103355,0.3201566164,0.388054979,0.48712235800000003,0.59563451625,0.6540849085,0.6728729857499999,0.711093471,0.0,0,0,5,NIGHT,False,False
2025-09-05T06:00:00+02:00,2025-09-04T23:00:00+02:00,24,7,M2_GBT_HISTORY,1.0998782850882092,1.210309874,3.3187679449000007,False,0.6307232487300002,0.30379484295,0.3394556894,0.42050345825,0.5410294375,0.6586387647499999,1.1601822761,1.2724559443999996,2.576928616,0.0,0,0,6,NIGHT,False,False
2025-09-05T07:00:00+02:00,2025-09-04T23:00:00+02:00,24,8,M2_GBT_HISTORY,1.1622955412362095,2.518623563,3.3187679449000007,False,1.1130790854150003,0.34213256715,0.41018163080000003,0.55159699025,0.9111261740000001,1.4794704865,2.2794883190999995,2.7815286473499996,4.052184206,0.015,3,0.02857142857142857,7,MORNING,False,False
2025-09-05T08:00:00+02:00,2025-09-04T23:00:00+02:00,24,9,M2_GBT_HISTORY,1.0800797068756127,1.081719437,3.3187679449000007,False,0.9999669022799991,0.1565179335,0.1862991464,0.38040324025,0.9648142685000001,1.2584201415,1.9452776844000002,2.361664604,4.291866361,0.02,4,0,8,MORNING,False,False
2025-09-05T09:00:00+02:00,2025-09-04T23:00:00+02:00,24,10,M2_GBT_HISTORY,1.139212818628282,1.080883684,3.3187679449000007,False,1.0346109984899998,0.15971729115,0.1858678607,0.82153547375,1.0165008800000002,1.2261751595,1.3404257921,1.6748358614499996,5.407361712,0.03,6,0,9,DAYTIME,False,False
2025-09-05T10:00:00+02:00,2025-09-04T23:00:00+02:00,24,11,M2_GBT_HISTORY,1.139212818628282,0.450610994,3.3187679449000007,False,1.1330342425549997,0.1717884256,0.2477549581000001,0.7985073149999999,1.020977594,1.25526168825,1.3951127386000002,3.0828777685999955,5.461168141,0.05,10,0,10,DAYTIME,False,False
2025-09-05T11:00:00+02:00,2025-09-04T23:00:00+02:00,24,12,M2_GBT_HISTORY,1.139212818628282,0.197995861,3.3187679449000007,False,1.1585347548250007,0.17095931455,0.2149729401,0.692401747,0.970396085,1.2490202620000002,1.5894826584,3.578081951149993,12.242489337,0.055,11,0,11,DAYTIME,False,False
2025-09-05T12:00:00+02:00,2025-09-04T23:00:00+02:00,24,13,M2_GBT_HISTORY,1.139212818628282,0.196634733,3.3187679449000007,False,1.0064364432300001,0.14580911629999999,0.1671966603,0.25254165700000003,0.86544925,1.1822044035000001,1.3773639094,2.5420153867999975,15.698708585,0.04,8,0.02857142857142857,12,DAYTIME,False,False
2025-09-05T13:00:00+02:00,2025-09-04T23:00:00+02:00,24,14,M2_GBT_HISTORY,1.1558384662329295,0.195273604,3.3187679449000007,False,0.8038238598950003,0.13721323100000002,0.144385109,0.17809769474999998,0.32874911250000005,1.0950849120000001,1.3331750624,1.8259317758499929,17.855831702,0.035,7,0.02857142857142857,13,DAYTIME,False,False
2025-09-05T14:00:00+02:00,2025-09-04T23:00:00+02:00,24,15,M2_GBT_HISTORY,1.0967053544802603,0.194005234,3.3187679449000007,False,0.6737892583150001,0.13243056175,0.1415906191,0.16489714425,0.212145989,0.9646504147499999,1.3099617096,2.2175003409499983,10.568790457,0.025,5,0.02857142857142857,14,DAYTIME,False,False
2025-09-05T15:00:00+02:00,2025-09-04T23:00:00+02:00,24,16,M2_GBT_HISTORY,1.128359776404072,0.192916059,3.3187679449000007,False,0.7164761820200001,0.13582876095,0.1497524878,0.1869035425,0.395593158,1.042056351,1.3735853678,1.996870611749998,4.361883283,0.01,2,0.02857142857142857,15,DAYTIME,False,False
2025-09-05T16:00:00+02:00,2025-09-04T23:00:00+02:00,24,17,M2_GBT_HISTORY,1.4488494839152641,1.592476397,3.3187679449000007,False,1.28428760246,0.15974898270000001,0.1774341285,0.37578404175,0.9985549874999999,1.34326756575,2.8802815878999994,4.4056844351499995,10.157770198,0.08,16,0.11428571428571428,16,RETURN_RAMP,False,False
2025-09-05T17:00:00+02:00,2025-09-04T23:00:00+02:00,24,18,M2_GBT_HISTORY,1.6631049550178996,1.761547214,3.3187679449000007,False,3.524626959859999,0.2212611734,0.6731941403,0.98524177325,2.0700642645,5.85327353925,8.413203828899999,10.03460471055,16.113221275,0.34,68,0.22857142857142856,17,RETURN_RAMP,False,False
2025-09-05T18:00:00+02:00,2025-09-04T23:00:00+02:00,24,19,M2_GBT_HISTORY,1.9556868734606236,1.071906013,3.3187679449000007,False,5.574256837360001,0.24312752295000004,0.7878723061999999,1.3773091797500001,4.3384612605,8.64376009475,12.091160449199998,13.3424543781,19.702988713000003,0.56,112,0.4,18,RETURN_RAMP,True,True
2025-09-05T19:00:00+02:00,2025-09-04T23:00:00+02:00,24,20,M2_GBT_HISTORY,1.8940642017182565,1.424618413,3.3187679449000007,False,6.051757744415003,0.16918993225,0.24690821950000005,1.7936571445,5.2281511665,9.794456872500001,12.627489378799996,15.059434272649995,23.061829818,0.6,120,0.5142857142857142,19,EVENING,True,True
2025-09-05T20:00:00+02:00,2025-09-04T23:00:00+02:00,24,21,M2_GBT_HISTORY,1.5986015828574154,1.739207289,3.3187679449000007,False,4.623163145845001,0.19836855925000002,0.2544264474,0.69279679725,2.9952823825,7.690826308,10.818183061299997,13.875915310549997,22.273869446,0.47,94,0.37142857142857144,20,EVENING,True,True
2025-09-05T21:00:00+02:00,2025-09-04T23:00:00+02:00,24,22,M2_GBT_HISTORY,1.2979104535588197,0.207526273,3.3187679449000007,False,2.8548771018799983,0.1709021192,0.2048405942,0.33148517175000003,0.9582186975,4.515398523,7.9540463505,9.23213248865,15.436674361000001,0.33,66,0.2857142857142857,21,EVENING,False,False
2025-09-05T22:00:00+02:00,2025-09-04T23:00:00+02:00,24,23,M2_GBT_HISTORY,1.190230168463004,0.600233128,3.3187679449000007,False,1.8088828348450006,0.293372353,0.3481445337,0.5048719635000001,0.7999484880000001,1.32678336925,6.1264549364999965,8.29068669185,15.687759833000001,0.145,29,0.22857142857142856,22,EVENING,False,False
2025-09-05T23:00:00+02:00,2025-09-04T23:00:00+02:00,24,24,M2_GBT_HISTORY,1.1622955412362095,0.618212331,3.3187679449000007,False,0.9385931506150001,0.2801508971,0.31704108459999997,0.4171896555,0.5548219595,0.695677695,1.276407944,3.6755687013499903,8.244956859,0.055,11,0.11428571428571428,23,NIGHT,False,False
2025-09-08T00:00:00+02:00,2025-09-07T23:00:00+02:00,24,1,M2_GBT_HISTORY,1.144031278052306,0.602862627,3.112946172899999,False,0.6818881765900001,0.27295378655,0.3046981474,0.3894762025,0.5205563945,0.646639677,1.5062194807999996,2.257750967399998,2.992242086,0.0,0,0,0,NIGHT,False,False
2025-09-08T01:00:00+02:00,2025-09-07T23:00:00+02:00,24,2,M2_GBT_HISTORY,1.144031278052306,0.604223755,3.112946172899999,False,0.5890387298949998,0.27997072980000004,0.3092762134,0.3721573255,0.48068291350000003,0.5963093245,0.6612860959,0.6985159463499999,8.94877736,0.005,1,0,1,NIGHT,False,False
2025-09-08T02:00:00+02:00,2025-09-07T23:00:00+02:00,24,3,M2_GBT_HISTORY,1.144031278052306,0.605492126,3.112946172899999,False,0.6256336172649997,0.29500353785,0.3148955392,0.38387618625,0.484266718,0.59904505425,0.6652415521999999,0.700050428,9.18807232,0.01,2,0,2,NIGHT,False,False
2025-09-08T03:00:00+02:00,2025-09-07T23:00:00+02:00,24,4,M2_GBT_HISTORY,1.144031278052306,0.6065813,3.112946172899999,False,0.6631169777199992,0.29987334285,0.3206350326,0.3898408445,0.4890222955,0.6059275042500001,0.6671398322,0.7086000233999985,11.960278262,0.015,3,0,3,NIGHT,False,False
2025-09-08T04:00:00+02:00,2025-09-07T23:00:00+02:00,24,5,M2_GBT_HISTORY,1.144031278052306,0.607417053,3.112946172899999,False,0.7811489268349996,0.3027941873,0.3233875349,0.39963491025,0.495691231,0.60929800525,0.6793985778,1.8423486047999973,15.656133919,0.025,5,0,4,NIGHT,False,False
2025-09-08T05:00:00+02:00,2025-09-07T23:00:00+02:00,24,6,M2_GBT_HISTORY,1.144031278052306,0.607942429,3.112946172899999,False,0.7432001080499994,0.3055949844,0.3257827905,0.39784793350000003,0.5012977395,0.6115275515,0.6732418505,1.8235544149999972,10.248997602,0.025,5,0,5,NIGHT,False,False
2025-09-08T06:00:00+02:00,2025-09-07T23:00:00+02:00,24,7,M2_GBT_HISTORY,1.144031278052306,0.608121625,3.112946172899999,False,1.0045358497499997,0.32039242735,0.3433815754,0.4348191335,0.5981926925,1.11023341925,1.8446507779999999,2.777223973649998,13.116407779000001,0.03,6,0,6,NIGHT,False,False
2025-09-08T07:00:00+02:00,2025-09-07T23:00:00+02:00,24,8,M2_GBT_HISTORY,1.144031278052306,0.607942429,3.112946172899999,False,1.3388333285249996,0.33178435155,0.3927129479,0.532675147,0.9624880925,1.6832773005,2.6295574439999996,3.3531553771999976,12.057533193,0.065,13,0.05263157894736842,7,MORNING,False,False
2025-09-08T08:00:00+02:00,2025-09-07T23:00:00+02:00,24,9,M2_GBT_HISTORY,1.144031278052306,0.201189159,3.112946172899999,False,1.0661253395899992,0.1729177378,0.21220524429999998,0.52852378175,0.9489825445000001,1.24968610325,2.090266580099999,2.6985610963999993,6.713359292000001,0.035,7,0,8,MORNING,False,False
2025-09-08T09:00:00+02:00,2025-09-07T23:00:00+02:00,24,10,M2_GBT_HISTORY,1.144031278052306,0.200353406,3.112946172899999,False,0.9856109537950003,0.18827644335,0.232032388,0.8282196767500001,1.0318678170000002,1.2261751595,1.3392092774,1.3763358797999996,3.715086527,0.005,1,0,9,DAYTIME,False,False
2025-09-08T10:00:00+02:00,2025-09-07T23:00:00+02:00,24,11,M2_GBT_HISTORY,1.144031278052306,0.199264232,3.112946172899999,False,1.07808027127,0.2307835997,0.5159737059,0.8436659697500001,1.0367001625,1.2247831369999997,1.3344747889,1.39550539395,8.189526659,0.02,4,0,10,DAYTIME,False,False
2025-09-08T11:00:00+02:00,2025-09-07T23:00:00+02:00,24,12,M2_GBT_HISTORY,1.144031278052306,0.913093732,3.112946172899999,False,1.0980748764,0.1719497594,0.2102457588,0.7672707672500001,1.005408687,1.2484476655,1.3730375977000002,2.8270509331499984,7.584450234,0.045,9,0,11,DAYTIME,False,False
2025-09-08T12:00:00+02:00,2025-09-07T23:00:00+02:00,24,13,M2_GBT_HISTORY,1.144031278052306,1.077165011,3.112946172899999,False,0.9439290555400005,0.1403591787,0.1604255331,0.21503780525,0.8556916635,1.17820829925,1.5569747951,2.627788707049999,7.406234533999999,0.035,7,0.02631578947368421,12,DAYTIME,False,False
2025-09-08T13:00:00+02:00,2025-09-07T23:00:00+02:00,24,14,M2_GBT_HISTORY,1.1879245030723138,1.075803882,3.112946172899999,False,0.9734290095350001,0.1393536815,0.15419339140000002,0.18682782175,0.5073712035,1.2249599822500001,2.5479769244999995,2.932047629749996,12.391399732,0.05,10,0.02631578947368421,13,DAYTIME,False,False
2025-09-08T14:00:00+02:00,2025-09-07T23:00:00+02:00,24,15,M2_GBT_HISTORY,1.1879245030723138,2.474931603,3.112946172899999,False,0.9567481087449999,0.1368510436,0.143135813,0.1693064495,0.291184629,1.359419486,2.338759493499999,2.7954931173,9.935794505,0.04,8,0.02631578947368421,14,DAYTIME,False,False
2025-09-08T15:00:00+02:00,2025-09-07T23:00:00+02:00,24,16,M2_GBT_HISTORY,1.2323892124713192,1.073446337,3.112946172899999,False,0.8362390689200001,0.1404555087,0.1553924776,0.17848078425,0.532878568,1.15414763775,2.1066138872,2.5324219593499997,7.830448915,0.005,1,0.02631578947368421,15,DAYTIME,False,False
2025-09-08T16:00:00+02:00,2025-09-07T23:00:00+02:00,24,17,M2_GBT_HISTORY,1.522839996024382,2.473006676,3.112946172899999,False,1.4333932551000002,0.15074129995,0.1645017966,0.43288433275,1.024185379,2.011990169,3.037824162099999,4.022942935799998,7.788837311,0.1,20,0.10526315789473684,16,RETURN_RAMP,False,False
2025-09-08T17:00:00+02:00,2025-09-07T23:00:00+02:00,24,18,M2_GBT_HISTORY,1.7559617335062785,3.611822578,3.112946172899999,True,3.3553445769499994,0.20970009215,0.32948645930000003,0.8591993015,1.756235782,5.001803113499999,8.794397994599995,10.616891451599999,15.444590493,0.32,64,0.23684210526315788,17,RETURN_RAMP,False,False
2025-09-08T18:00:00+02:00,2025-09-07T23:00:00+02:00,24,19,M2_GBT_HISTORY,1.8537143273586523,7.591375735,3.112946172899999,True,5.008014424245001,0.2061585968,0.7996172119000001,1.2641582147500001,4.069816342999999,8.180832484249999,10.225883055799999,12.122861976199996,15.789834016,0.545,109,0.3684210526315789,18,RETURN_RAMP,True,True
2025-09-08T19:00:00+02:00,2025-09-07T23:00:00+02:00,24,20,M2_GBT_HISTORY,1.8976075523786604,7.591554931,3.112946172899999,True,5.351732125265003,0.17230859845,0.2200599866,1.2004769415,4.137427969,8.849550477,11.2984297853,14.275912220499993,19.645297595,0.57,114,0.5263157894736842,19,EVENING,True,True
2025-09-08T20:00:00+02:00,2025-09-07T23:00:00+02:00,24,21,M2_GBT_HISTORY,1.5377071544625527,10.166290178,3.112946172899999,True,3.6858324438400016,0.15707145700000003,0.20070530410000004,0.378786912,2.2717128625000003,7.330680665999999,8.909013151699995,10.772187643599997,18.775328854,0.41,82,0.39473684210526316,20,EVENING,True,True
2025-09-08T21:00:00+02:00,2025-09-07T23:00:00+02:00,24,22,M2_GBT_HISTORY,1.4399786891697115,8.329325808,3.112946172899999,True,2.4946147267099996,0.2400620605,0.38327810390000006,0.6152914985,1.094814467,3.2213951565000003,7.9410785931,8.633502108849996,14.915662490999999,0.255,51,0.3157894736842105,21,EVENING,False,False
2025-09-08T22:00:00+02:00,2025-09-07T23:00:00+02:00,24,23,M2_GBT_HISTORY,1.3736819947449392,3.181338907,3.112946172899999,True,1.3477123188599998,0.25092923229999997,0.3293708524,0.46429905225,0.7165034939999999,1.1107380517499998,3.325143604999999,6.844521147999995,8.627569124999999,0.12,24,0.21052631578947367,22,EVENING,False,False
2025-09-08T23:00:00+02:00,2025-09-07T23:00:00+02:00,24,24,M2_GBT_HISTORY,1.2265636768677473,0.601501498,3.112946172899999,False,0.7366003172450002,0.25225127555,0.31013227509999997,0.40779064875,0.5553664195,0.6997546575,1.0878600548,1.2653437977999997,7.927666197000001,0.025,5,0.10526315789473684,23,NIGHT,False,False
2025-09-11T00:00:00+02:00,2025-09-10T23:00:00+02:00,24,1,M2_GBT_HISTORY,0.9952856121740886,0.602862627,3.343047598300002,False,0.49915254023000005,0.27742728265,0.3078817022,0.39132132025,0.4845618355,0.6063553485,0.6635283847,0.7017373864999983,1.066546955,0.0,0,0,0,NIGHT,False,False
2025-09-11T01:00:00+02:00,2025-09-10T23:00:00+02:00,24,2,M2_GBT_HISTORY,1.0979516674312413,0.604223755,3.343047598300002,False,0.47713471450000017,0.27905530144999996,0.3092762134,0.38257270849999997,0.4787980125,0.58860625025,0.6480599723999999,0.663987467,0.698351748,0.0,0,0,1,NIGHT,False,False
2025-09-11T02:00:00+02:00,2025-09-10T23:00:00+02:00,24,3,M2_GBT_HISTORY,1.1191009900772808,0.605492126,3.343047598300002,False,0.4806241500349998,0.28057237335,0.3122679786,0.3852526605,0.481691512,0.5919575125000001,0.6511974301,0.6662559746,0.702894272,0.0,0,0,2,NIGHT,False,False
2025-09-11T03:00:00+02:00,2025-09-10T23:00:00+02:00,24,4,M2_GBT_HISTORY,1.1191009900772808,0.6065813,3.343047598300002,False,0.48191437841499973,0.2818751129,0.31371661380000004,0.38649830725,0.4830015775,0.5931492190000001,0.6523443012,0.6674900074499999,0.703975019,0.0,0,0,3,NIGHT,False,False
2025-09-11T04:00:00+02:00,2025-09-10T23:00:00+02:00,24,5,M2_GBT_HISTORY,1.1191009900772808,0.607417053,3.343047598300002,False,0.5513366931800003,0.2981880863,0.3202192715,0.391991314,0.4878395175,0.599986334,0.6580091371,0.68084417825,5.26759821,0.01,2,0,4,NIGHT,False,False
2025-09-11T05:00:00+02:00,2025-09-10T23:00:00+02:00,24,6,M2_GBT_HISTORY,1.1191009900772808,0.607942429,3.343047598300002,False,0.7686326857649997,0.30077799725000004,0.3240128586,0.40699742475,0.49310686449999996,0.6200675885,0.683387599,2.883225457249998,15.325735301,0.025,5,0,5,NIGHT,False,False
2025-09-11T06:00:00+02:00,2025-09-10T23:00:00+02:00,24,7,M2_GBT_HISTORY,1.1191009900772808,2.335449878,3.343047598300002,False,1.38934273642,0.32374141865,0.3662153731,0.45585216949999996,0.6155055105,1.66380912225,3.6421392486,4.12782070005,12.960067179000001,0.14,28,0,6,NIGHT,False,False
2025-09-11T07:00:00+02:00,2025-09-10T23:00:00+02:00,24,8,M2_GBT_HISTORY,1.220986478729896,2.335270682,3.343047598300002,False,1.8221189473600001,0.34519048360000004,0.40815379360000004,0.5546292525000001,1.302567793,2.6812551934999997,3.9404379419999995,4.626773942049998,12.492697911999999,0.17,34,0.04878048780487805,7,MORNING,False,False
2025-09-11T08:00:00+02:00,2025-09-10T23:00:00+02:00,24,9,M2_GBT_HISTORY,1.2757727784527082,0.377008996,3.343047598300002,False,1.3690400142799992,0.14684751675,0.1734445956,0.3725350975,1.0091360090000001,1.613484037,3.4219067579999995,4.073970397799992,7.61139711,0.115,23,0,8,MORNING,False,False
2025-09-11T09:00:00+02:00,2025-09-10T23:00:00+02:00,24,10,M2_GBT_HISTORY,1.173887289800093,1.080883684,3.343047598300002,False,1.1012462165000003,0.1628818543,0.1853398389,0.75457247175,1.012640489,1.24815955825,1.3826890635999998,3.065546004699997,8.086283449,0.035,7,0,9,DAYTIME,False,False
2025-09-11T10:00:00+02:00,2025-09-10T23:00:00+02:00,24,11,M2_GBT_HISTORY,1.1617468123309271,1.07979451,3.343047598300002,False,1.0439176632850005,0.16802960690000002,0.20898487770000002,0.7764698355,0.9827450984999999,1.22633158125,1.3500512457,1.8350091055999835,5.045486893,0.03,6,0,10,DAYTIME,False,False
2025-09-11T11:00:00+02:00,2025-09-10T23:00:00+02:00,24,12,M2_GBT_HISTORY,1.1617468123309271,1.078526139,3.343047598300002,False,1.0240547719600002,0.17328682565,0.2208060404,0.6784815935,0.984123965,1.19782440475,1.3486599471999998,1.8615984938499925,5.721638789,0.035,7,0,11,DAYTIME,False,False
2025-09-11T12:00:00+02:00,2025-09-10T23:00:00+02:00,24,13,M2_GBT_HISTORY,1.1617468123309271,1.077165011,3.343047598300002,False,0.9136333743649999,0.15273110655,0.1700798664,0.25851363774999997,0.8989721785,1.1500248852500001,1.3336438360999998,1.8988192767999956,5.019569465,0.03,6,0.024390243902439025,12,DAYTIME,False,False
2025-09-11T13:00:00+02:00,2025-09-10T23:00:00+02:00,24,14,M2_GBT_HISTORY,1.1617468123309271,0.899551169,3.343047598300002,False,0.7855375968300001,0.1423996954,0.15453245510000002,0.1827434565,0.7546657139999999,1.087947926,1.3236680409,1.7342015545499985,5.663048121,0.03,6,0.024390243902439025,13,DAYTIME,False,False
2025-09-11T14:00:00+02:00,2025-09-10T23:00:00+02:00,24,15,M2_GBT_HISTORY,1.1617468123309271,0.194005234,3.343047598300002,False,0.6430670960199998,0.13671256780000002,0.14908610390000002,0.1685502215,0.2180904085,0.9816855419999999,1.2230545779,1.38779234015,5.9064745180000005,0.02,4,0.024390243902439025,14,DAYTIME,False,False
2025-09-11T15:00:00+02:00,2025-09-10T23:00:00+02:00,24,16,M2_GBT_HISTORY,1.226655892982491,0.192916059,3.343047598300002,False,0.6194046244400001,0.13976726365,0.14978785760000002,0.1888553815,0.407925419,0.93596512025,1.1264847567,1.2724595251499997,5.0070429370000005,0.015,3,0.024390243902439025,15,DAYTIME,False,False
2025-09-11T16:00:00+02:00,2025-09-10T23:00:00+02:00,24,17,M2_GBT_HISTORY,1.4427562446747864,0.356400788,3.343047598300002,False,1.1331550313400003,0.13879028524999998,0.1600701471,0.27646833525,0.893347041,1.19367416175,2.411822097699999,4.265408220949996,6.361576857,0.08,16,0.0975609756097561,16,RETURN_RAMP,False,False
2025-09-11T17:00:00+02:00,2025-09-10T23:00:00+02:00,24,18,M2_GBT_HISTORY,1.8197121418765096,1.072085209,3.343047598300002,False,2.9292419355999995,0.1633701802,0.21125099420000001,0.75226862475,1.1421452545,5.18535251825,8.2784175343,8.604765906999999,14.90852364,0.31,62,0.24390243902439024,17,RETURN_RAMP,False,False
2025-09-11T18:00:00+02:00,2025-09-10T23:00:00+02:00,24,19,M2_GBT_HISTORY,2.2934926528101016,5.554714091,3.343047598300002,True,4.412241233525,0.15927864255000002,0.20515918640000003,1.0020912895,3.3701037305000003,6.97331108075,9.605177836,12.618969835699998,16.166424604,0.5,100,0.4146341463414634,18,RETURN_RAMP,True,True
2025-09-11T19:00:00+02:00,2025-09-10T23:00:00+02:00,24,20,M2_GBT_HISTORY,2.3108097192953,14.736769083,3.343047598300002,True,5.140503449954997,0.15959347675000002,0.20608903160000003,0.82212987675,3.3960960125,8.45814651325,11.414658471799994,15.0950479762,22.187817981000002,0.505,101,0.4878048780487805,19,EVENING,True,True
2025-09-11T20:00:00+02:00,2025-09-10T23:00:00+02:00,24,21,M2_GBT_HISTORY,2.1149441839336336,6.470507673,3.343047598300002,True,3.9457815168600003,0.1738485088,0.21482173870000001,0.58699789775,2.3613781795,6.7338086235,9.573388205999999,11.016827255299999,20.475694798,0.4,80,0.3902439024390244,20,EVENING,True,True
2025-09-11T21:00:00+02:00,2025-09-10T23:00:00+02:00,24,22,M2_GBT_HISTORY,1.5599659778876689,0.599143953,3.343047598300002,False,2.48817985956,0.25247660829999996,0.41659286440000004,0.5951360622499999,1.1898637074999998,2.92083716575,7.262131110099999,8.168442293899998,18.212758999,0.245,49,0.34146341463414637,21,EVENING,False,False
2025-09-11T22:00:00+02:00,2025-09-10T23:00:00+02:00,24,23,M2_GBT_HISTORY,1.3979509953506903,0.609696313,3.343047598300002,False,1.1984525621399995,0.2565632176,0.3669224128,0.47665649025,0.6540649265,1.0325746439999999,1.9923152636999992,6.000802876299997,9.496395513,0.075,15,0.1951219512195122,22,EVENING,False,False
2025-09-11T23:00:00+02:00,2025-09-10T23:00:00+02:00,24,24,M2_GBT_HISTORY,1.2311564260465113,0.607866082,3.343047598300002,False,0.6515788224049999,0.25503262635,0.32756456120000005,0.4196008665,0.5476555715,0.6799792215,1.0517136901999997,1.22409215105,6.529932563999999,0.01,2,0.0975609756097561,23,NIGHT,False,False
2025-09-14T00:00:00+02:00,2025-09-13T23:00:00+02:00,24,1,M2_GBT_HISTORY,1.0488704165005514,0.602862627,3.481469789,False,0.6996147175599994,0.29235438505,0.3198499807,0.40837723174999996,0.5192604224999999,0.62288185025,0.7007246761,1.0084683480499994,7.933005305,0.03,6,0,0,NIGHT,False,False
2025-09-14T01:00:00+02:00,2025-09-13T23:00:00+02:00,24,2,M2_GBT_HISTORY,1.159526831421926,0.604223755,3.481469789,False,0.5233877187600001,0.2940978357,0.3189683386,0.3880942395,0.484883253,0.5950441475,0.6506715206,0.67552491385,7.934740584,0.005,1,0,1,NIGHT,False,False
2025-09-14T02:00:00+02:00,2025-09-13T23:00:00+02:00,24,3,M2_GBT_HISTORY,1.159526831421926,0.605492126,3.481469789,False,0.48854046280999985,0.2957224741,0.3205867772,0.38964214825,0.48635788999999996,0.5967517145,0.6519626259,0.6700408691499999,0.708000194,0.0,0,0,2,NIGHT,False,False
2025-09-14T03:00:00+02:00,2025-09-13T23:00:00+02:00,24,4,M2_GBT_HISTORY,1.159526831421926,0.6065813,3.481469789,False,0.48918044978999975,0.29711758190000004,0.3219765609,0.39097136774999997,0.48762418949999997,0.59549682475,0.6526111793,0.6712997623999999,0.709375174,0.0,0,0,3,NIGHT,False,False
2025-09-14T04:00:00+02:00,2025-09-13T23:00:00+02:00,24,5,M2_GBT_HISTORY,1.159526831421926,0.607417053,3.481469789,False,0.49017047682000014,0.2981880863,0.3230429804,0.391991314,0.488595855,0.59645940725,0.6535160707,0.6722657439499998,0.710430233,0.0,0,0,4,NIGHT,False,False
2025-09-14T05:00:00+02:00,2025-09-13T23:00:00+02:00,24,6,M2_GBT_HISTORY,1.159526831421926,0.607942429,3.481469789,False,0.4907928337550005,0.29886103355,0.3236559542,0.39263247875,0.48920667,0.59706451225,0.6540849085,0.6728729857499999,0.711093471,0.0,0,0,5,NIGHT,False,False
2025-09-14T06:00:00+02:00,2025-09-13T23:00:00+02:00,24,7,M2_GBT_HISTORY,1.159526831421926,0.608121625,3.481469789,False,0.7136121496849996,0.30815624435,0.346908222,0.43961490175,0.572325663,0.75605208175,1.2447682553999997,1.4089757622,3.972020692,0.01,2,0,6,NIGHT,False,False
2025-09-14T07:00:00+02:00,2025-09-13T23:00:00+02:00,24,8,M2_GBT_HISTORY,1.159526831421926,1.477840408,3.481469789,False,1.11727564714,0.33782599355000004,0.386548656,0.51199192,0.971742216,1.37732773175,1.8445386276999998,2.600047116499998,7.8306167250000005,0.02,4,0.022727272727272728,7,MORNING,False,False
2025-09-14T08:00:00+02:00,2025-09-13T23:00:00+02:00,24,9,M2_GBT_HISTORY,1.2505265670163428,1.081719437,3.481469789,False,1.1589627832499998,0.16928681555,0.1846508059,0.45844129499999997,0.947214733,1.2758877565,2.6428744976999994,3.776063977149999,6.138184361,0.06,12,0,8,MORNING,False,False
2025-09-14T09:00:00+02:00,2025-09-13T23:00:00+02:00,24,10,M2_GBT_HISTORY,1.2556337737737246,1.080883684,3.481469789,False,1.0980729343700002,0.1742207029,0.21679620589999998,0.886316953,1.050060959,1.2403016342499997,1.3712698038,1.7776451661999944,4.784628636,0.035,7,0,9,DAYTIME,False,False
2025-09-14T10:00:00+02:00,2025-09-13T23:00:00+02:00,24,11,M2_GBT_HISTORY,1.3094443679936991,1.07979451,3.481469789,False,1.0785661578399997,0.1969803818,0.3089711506,0.8516574072499999,1.0484917865,1.2695834725,1.4315366106,1.6837300164999995,4.783115332,0.025,5,0,10,DAYTIME,False,False
2025-09-14T11:00:00+02:00,2025-09-13T23:00:00+02:00,24,12,M2_GBT_HISTORY,1.3094443679936991,1.493311109,3.481469789,False,1.0336547800949993,0.18196823095,0.2103204301,0.6140599392499999,0.975629989,1.266356714,1.573845596,2.359732808799999,5.597091774,0.025,5,0,11,DAYTIME,False,False
2025-09-14T12:00:00+02:00,2025-09-13T23:00:00+02:00,24,13,M2_GBT_HISTORY,1.3094443679936991,0.672089412,3.481469789,False,0.8806549782599997,0.15425336795,0.16700941519999998,0.22428697875,0.8943365464999999,1.1963216845,1.4058364079,2.00400170185,5.089208621,0.015,3,0.022727272727272728,12,DAYTIME,False,False
2025-09-14T13:00:00+02:00,2025-09-13T23:00:00+02:00,24,14,M2_GBT_HISTORY,1.2374148814448638,1.784680415,3.481469789,False,0.685908767875,0.13930887865000002,0.1525775564,0.19244847625,0.4102313445,1.039621086,1.3380535359,1.8336054141999987,4.744879694,0.015,3,0.022727272727272728,13,DAYTIME,False,False
2025-09-14T14:00:00+02:00,2025-09-13T23:00:00+02:00,24,15,M2_GBT_HISTORY,1.2374148814448638,0.946414152,3.481469789,False,0.57805191787,0.13671256780000002,0.1418914818,0.17034974475,0.215669683,0.9288496005,1.2416563197,1.385058453199999,5.674358988,0.02,4,0.022727272727272728,14,DAYTIME,False,False
2025-09-14T15:00:00+02:00,2025-09-13T23:00:00+02:00,24,16,M2_GBT_HISTORY,1.2374148814448638,0.799621055,3.481469789,False,0.7218046308450005,0.1369917541,0.14924699600000002,0.1868280135,0.31767695549999997,0.977157131,1.3338497259000002,2.0356508780999967,6.055721143,0.03,6,0.022727272727272728,15,DAYTIME,False,False
2025-09-14T16:00:00+02:00,2025-09-13T23:00:00+02:00,24,17,M2_GBT_HISTORY,1.542746414592142,2.473006676,3.481469789,False,1.5189846532750002,0.1485179775,0.1783647726,0.2742055535,0.8930139595,1.37575364575,3.8961091317,6.630553742749996,9.562919207,0.12,24,0.09090909090909091,16,RETURN_RAMP,False,False
2025-09-14T17:00:00+02:00,2025-09-13T23:00:00+02:00,24,18,M2_GBT_HISTORY,1.9626086838580268,2.404408167,3.481469789,False,2.3346443270150012,0.1659599682,0.2701442477000001,0.828933288,1.1892959975,2.94709039525,6.8362868258999985,8.16019489725,12.631133454999999,0.185,37,0.25,17,RETURN_RAMP,False,False
2025-09-14T18:00:00+02:00,2025-09-13T23:00:00+02:00,24,19,M2_GBT_HISTORY,2.156181091400553,0.207376873,3.481469789,False,2.798876159780001,0.1775738673,0.22539937630000004,0.8927383165,1.4812643035,3.62651925125,7.5664141548,8.636079875950001,11.938608446,0.265,53,0.4318181818181818,18,RETURN_RAMP,False,True
2025-09-14T19:00:00+02:00,2025-09-13T23:00:00+02:00,24,20,M2_GBT_HISTORY,2.385144665059212,1.781424764,3.481469789,False,3.0120099387299994,0.15727680605,0.1837633001,0.8784300252499999,2.0366043965,4.208542841,7.948000832999999,8.833180606499997,18.254664212,0.285,57,0.5227272727272727,19,EVENING,True,True
2025-09-14T20:00:00+02:00,2025-09-13T23:00:00+02:00,24,21,M2_GBT_HISTORY,2.0757265321037055,0.192080307,3.481469789,False,3.1508121004549987,0.1674950095,0.2057862234,0.65587744525,1.7152690365,4.5607592885,8.3250456559,9.595610386599999,17.468993175999998,0.32,64,0.4090909090909091,20,EVENING,True,True
2025-09-14T21:00:00+02:00,2025-09-13T23:00:00+02:00,24,22,M2_GBT_HISTORY,1.6026479049190183,0.610820933,3.481469789,False,3.264930522180001,0.3105941185,0.44883680880000004,0.6879662520000001,1.4546928875000003,5.61698740175,7.9915496607000005,9.249054044849972,19.87153087,0.32,64,0.3409090909090909,21,EVENING,True,False
2025-09-14T22:00:00+02:00,2025-09-13T23:00:00+02:00,24,23,M2_GBT_HISTORY,1.2957999299185812,0.600233128,3.481469789,False,2.1347034431900003,0.29992325445,0.3591411613,0.50634947825,0.695754914,2.0497969452500002,7.973364567,8.161868968450001,12.37148524,0.215,43,0.1590909090909091,22,EVENING,False,False
2025-09-14T23:00:00+02:00,2025-09-13T23:00:00+02:00,24,24,M2_GBT_HISTORY,1.2374148814448638,0.617912201,3.481469789,False,1.0289005726100005,0.2927791983,0.3283185653,0.41103348375000004,0.5390662079999999,0.68381640925,1.4815007122999995,4.458033803049997,8.63368732,0.065,13,0.09090909090909091,23,NIGHT,False,False
2025-09-17T00:00:00+02:00,2025-09-16T23:00:00+02:00,24,1,M2_GBT_HISTORY,1.2581027710240382,0.602862627,3.7708782645000003,False,0.519768479125,0.255354937,0.3002463641,0.3707578285,0.4785287335,0.59291678275,0.667362205,0.70734331575,7.509901015,0.005,1,0,0,NIGHT,False,False
2025-09-17T01:00:00+02:00,2025-09-16T23:00:00+02:00,24,2,M2_GBT_HISTORY,1.2581027710240382,0.604223755,3.7708782645000003,False,0.47120697518,0.2570459774,0.3016357501,0.37039552175,0.4731760515,0.5811431675000001,0.6480599723999999,0.6641660538999999,0.701635715,0.0,0,0,1,NIGHT,False,False
2025-09-17T02:00:00+02:00,2025-09-16T23:00:00+02:00,24,3,M2_GBT_HISTORY,1.2581027710240382,0.605492126,3.7708782645000003,False,0.4727094778299998,0.25862177625000005,0.3031467785,0.3717041575,0.4746977885,0.582809807,0.6497147819,0.6658584062499999,0.702894272,0.0,0,0,2,NIGHT,False,False
2025-09-17T03:00:00+02:00,2025-09-16T23:00:00+02:00,24,4,M2_GBT_HISTORY,1.2581027710240382,0.6065813,3.7708782645000003,False,0.47399970620999987,0.25997494535000004,0.3044044475,0.37280928875,0.4760045335,0.5842409827499999,0.6511357989000001,0.6673116620499999,0.703975019,0.0,0,0,3,NIGHT,False,False
2025-09-17T04:00:00+02:00,2025-09-16T23:00:00+02:00,24,5,M2_GBT_HISTORY,1.2581027710240382,0.607417053,3.7708782645000003,False,0.47574034373500007,0.2648958577,0.3054837537,0.3751226855,0.4770072345,0.58533916225,0.652226184,0.6684267837499999,0.704804305,0.0,0,0,4,NIGHT,False,False
2025-09-17T05:00:00+02:00,2025-09-16T23:00:00+02:00,24,6,M2_GBT_HISTORY,1.2581027710240382,0.607942429,3.7708782645000003,False,0.4763627006700004,0.26557102870000004,0.3060978325,0.37575330375,0.477637559,0.58602950675,0.6529116287,0.6691277791999999,0.705325616,0.0,0,0,5,NIGHT,False,False
2025-09-17T06:00:00+02:00,2025-09-16T23:00:00+02:00,24,7,M2_GBT_HISTORY,1.2581027710240382,0.608121625,3.7708782645000003,False,0.7016667488449997,0.3009543725,0.3242373707,0.417777309,0.5351145575,0.6988056017500001,1.2305030316999996,1.4962178494499991,7.030719551,0.005,1,0,6,NIGHT,False,False
2025-09-17T07:00:00+02:00,2025-09-16T23:00:00+02:00,24,8,M2_GBT_HISTORY,1.2581027710240382,0.789388184,3.7708782645000003,False,1.1604679348150002,0.30610288674999997,0.35676117500000004,0.48474458425,0.8217091835,1.4663164334999998,1.9894692013,2.5386066548499993,9.129738441,0.02,4,0,7,MORNING,False,False
2025-09-17T08:00:00+02:00,2025-09-16T23:00:00+02:00,24,9,M2_GBT_HISTORY,1.2581027710240382,4.76862863,3.7708782645000003,True,1.0306050654849999,0.1700115787,0.185614574,0.3153089895,0.882425546,1.2296179702499999,2.0711398142,2.7165392727999995,9.252922294000001,0.025,5,0,8,MORNING,False,False
2025-09-17T09:00:00+02:00,2025-09-16T23:00:00+02:00,24,10,M2_GBT_HISTORY,1.2581027710240382,5.460748571,3.7708782645000003,True,0.9431903194,0.18280409579999998,0.2109442889,0.76549391625,1.0001129385,1.1751134380000001,1.3204706955,1.36741869265,5.023465184,0.01,2,0,9,DAYTIME,False,False
2025-09-17T10:00:00+02:00,2025-09-16T23:00:00+02:00,24,11,M2_GBT_HISTORY,1.2581027710240382,5.459659397,3.7708782645000003,True,1.0016736808200002,0.18517806915,0.22853111210000002,0.79189264275,1.0073169100000001,1.1861658267500002,1.3217818288999998,1.3663223091999999,7.613818402000001,0.015,3,0,10,DAYTIME,False,False
2025-09-17T11:00:00+02:00,2025-09-16T23:00:00+02:00,24,12,M2_GBT_HISTORY,1.386183490920272,4.362513255,3.7708782645000003,True,0.9368254963700008,0.1713799705,0.21150808540000002,0.761081201,0.9804348585,1.18212904125,1.3204223962,1.3744102535999996,4.004971847,0.005,1,0.02127659574468085,11,DAYTIME,False,False
2025-09-17T12:00:00+02:00,2025-09-16T23:00:00+02:00,24,13,M2_GBT_HISTORY,1.386183490920272,0.550390506,3.7708782645000003,False,0.8015131727100001,0.1446096515,0.16936686990000002,0.23151483174999998,0.8614872434999999,1.12255423025,1.3026229732,1.3664853075999999,3.667950425,0.0,0,0.0425531914893617,12,DAYTIME,False,False
2025-09-17T13:00:00+02:00,2025-09-16T23:00:00+02:00,24,14,M2_GBT_HISTORY,1.386183490920272,0.195273604,3.7708782645000003,False,0.7251460597100001,0.1345303479,0.1454624645,0.17812371075,0.528952402,1.0556661395,1.2896582343999998,1.3902846118999999,5.6987532430000005,0.02,4,0.0425531914893617,13,DAYTIME,False,False
2025-09-17T14:00:00+02:00,2025-09-16T23:00:00+02:00,24,15,M2_GBT_HISTORY,1.386183490920272,1.594401324,3.7708782645000003,False,0.7435441543799998,0.13329880465,0.1416187692,0.16636669124999998,0.22814686350000002,1.1020448324999998,1.3324207541,2.0158564169499993,7.587534033000001,0.025,5,0.0425531914893617,14,DAYTIME,False,False
2025-09-17T15:00:00+02:00,2025-09-16T23:00:00+02:00,24,16,M2_GBT_HISTORY,1.386183490920272,1.877425009,3.7708782645000003,False,0.90354642729,0.1360386468,0.14766893180000001,0.188169455,0.739254607,1.18004702175,2.0484172928999995,2.7734324050499994,7.586066602000001,0.02,4,0.0425531914893617,15,DAYTIME,False,False
2025-09-17T16:00:00+02:00,2025-09-16T23:00:00+02:00,24,17,M2_GBT_HISTORY,1.5105479948908476,2.473006676,3.7708782645000003,False,1.7998996542650003,0.16384919265,0.179591276,0.636791448,1.2388311505,2.48813488,3.5867630428999973,5.9179606655,10.105629587000001,0.1,20,0.0851063829787234,16,RETURN_RAMP,False,False
2025-09-17T17:00:00+02:00,2025-09-16T23:00:00+02:00,24,18,M2_GBT_HISTORY,2.161348627213681,1.072085209,3.7708782645000003,False,4.131218236250001,0.2035433375,0.7436397506,1.2448837137500002,2.595061638,6.9470233115,9.392096498699999,10.824096548399993,18.025079357,0.385,77,0.2553191489361702,17,RETURN_RAMP,False,False
2025-09-17T18:00:00+02:00,2025-09-16T23:00:00+02:00,24,19,M2_GBT_HISTORY,2.645134921026635,2.497916245,3.7708782645000003,False,5.98741630823,0.19945290755000003,0.8638165265000001,2.30664749075,4.983872568,9.779427937000001,11.7988413689,13.655110636299987,16.514140297,0.54,108,0.425531914893617,18,RETURN_RAMP,True,True
2025-09-17T19:00:00+02:00,2025-09-16T23:00:00+02:00,24,20,M2_GBT_HISTORY,3.8860309641170745,2.452045187,3.7708782645000003,False,6.200186347010006,0.17361730815,0.2204676962,2.28584785375,4.8215286619999995,9.7955355735,12.549495381899998,16.0385840111,19.175907426000002,0.555,111,0.5319148936170213,19,EVENING,True,True
2025-09-17T20:00:00+02:00,2025-09-16T23:00:00+02:00,24,21,M2_GBT_HISTORY,3.0389685553162593,1.469854801,3.7708782645000003,False,4.342339771874999,0.17425649880000002,0.2074823687,1.068777514,2.8853360235,7.709377244000001,10.086099797400001,12.118453665149998,21.913263971,0.415,83,0.3829787234042553,20,EVENING,True,True
2025-09-17T21:00:00+02:00,2025-09-16T23:00:00+02:00,24,22,M2_GBT_HISTORY,2.0045724178790976,1.799430156,3.7708782645000003,False,2.6011152443000003,0.2517393054,0.31382498980000006,0.6216627189999999,1.2053874075,3.9187169057499998,7.9225961797,8.554096099950002,11.270025839,0.255,51,0.2978723404255319,21,EVENING,False,False
2025-09-17T22:00:00+02:00,2025-09-16T23:00:00+02:00,24,23,M2_GBT_HISTORY,1.2581027710240382,1.319827851,3.7708782645000003,False,1.1980461691399993,0.25305823325,0.3189170657,0.46949881250000003,0.6517830600000001,1.0352181759999999,1.9956125771999982,5.835460441199986,8.848697564999998,0.075,15,0.14893617021276595,22,EVENING,False,False
2025-09-17T23:00:00+02:00,2025-09-16T23:00:00+02:00,24,24,M2_GBT_HISTORY,1.386183490920272,0.601501498,3.7708782645000003,False,0.7230862296949998,0.25375288144999997,0.2983917636,0.410905968,0.534578415,0.6802960725,1.0600407913999996,1.2752924397999996,8.099380754,0.02,4,0.0851063829787234,23,NIGHT,False,False
2025-09-20T00:00:00+02:00,2025-09-19T23:00:00+02:00,24,1,M2_GBT_HISTORY,0.9897289543547926,0.602862627,3.7975427456000026,False,0.5338832800899999,0.27293713430000005,0.31372299000000003,0.3864331285,0.5186666575000001,0.622778117,0.6778701686999999,0.83600946665,3.563406022,0.0,0,0,0,NIGHT,False,False
2025-09-20T01:00:00+02:00,2025-09-19T23:00:00+02:00,24,2,M2_GBT_HISTORY,1.1996713209267236,0.604223755,3.7975427456000026,False,0.48144257588500017,0.2747319637,0.31500222330000005,0.386896286,0.482710967,0.5927226855000001,0.6498618703,0.6685748573499999,0.706398996,0.0,0,0,1,NIGHT,False,False
2025-09-20T02:00:00+02:00,2025-09-19T23:00:00+02:00,24,3,M2_GBT_HISTORY,1.3036465687058114,0.605492126,3.7975427456000026,False,0.49874108918,0.28057237335,0.3177119435,0.38964214825,0.485076469,0.5959441480000001,0.6514319019,0.6770379761499999,3.353317756,0.0,0,0,2,NIGHT,False,False
2025-09-20T03:00:00+02:00,2025-09-19T23:00:00+02:00,24,4,M2_GBT_HISTORY,1.3036465687058114,0.6065813,3.7975427456000026,False,0.5147790064549995,0.29711758190000004,0.3224739626,0.39431675099999997,0.486731881,0.59818848,0.653071324,0.67969919955,4.4469964310000005,0.005,1,0,3,NIGHT,False,False
2025-09-20T04:00:00+02:00,2025-09-19T23:00:00+02:00,24,5,M2_GBT_HISTORY,1.3036465687058114,0.607417053,3.7975427456000026,False,0.5201701573800002,0.2981880863,0.3233875349,0.39540464,0.4878395175,0.5980752739999999,0.6535160707,0.6793282268999999,6.81114565,0.005,1,0,4,NIGHT,False,False
2025-09-20T05:00:00+02:00,2025-09-19T23:00:00+02:00,24,6,M2_GBT_HISTORY,1.3036465687058114,0.607942429,3.7975427456000026,False,0.4900780065750004,0.29886103355,0.3240128586,0.396088515,0.488535807,0.59865692875,0.6540849085,0.6728729857499999,0.711093471,0.0,0,0,5,NIGHT,False,False
2025-09-20T06:00:00+02:00,2025-09-19T23:00:00+02:00,24,7,M2_GBT_HISTORY,1.3036465687058114,0.608121625,3.7975427456000026,False,0.6520381705800001,0.30375024224999997,0.33963197840000003,0.43044145275,0.562490487,0.673299419,1.1195128114,1.45818934385,2.492198104,0.0,0,0,6,NIGHT,False,False
2025-09-20T07:00:00+02:00,2025-09-19T23:00:00+02:00,24,8,M2_GBT_HISTORY,1.3657979780651799,0.607942429,3.7975427456000026,False,1.0330065498549994,0.31290556595,0.3710383815,0.480981267,0.7057759855000001,1.481208414,1.8407886775,2.483347257449999,5.107869119,0.01,2,0,7,MORNING,False,False
2025-09-20T08:00:00+02:00,2025-09-19T23:00:00+02:00,24,9,M2_GBT_HISTORY,1.3657979780651799,0.201189159,3.7975427456000026,False,0.9210510665550001,0.1653524039,0.1836889686,0.28309048150000005,0.8436291140000001,1.1489923174999999,1.6561408058999991,2.6186764729999994,5.3103668200000005,0.02,4,0.02,8,MORNING,False,False
2025-09-20T09:00:00+02:00,2025-09-19T23:00:00+02:00,24,10,M2_GBT_HISTORY,1.3657979780651799,0.200353406,3.7975427456000026,False,1.0420487527449998,0.1836378574,0.2157062987,0.78100982475,1.0009210065,1.18757064225,1.3252679776,1.3810835022999994,5.79297517,0.03,6,0.02,9,DAYTIME,False,False
2025-09-20T10:00:00+02:00,2025-09-19T23:00:00+02:00,24,11,M2_GBT_HISTORY,1.3657979780651799,0.891457281,3.7975427456000026,False,1.1235604397649999,0.1795098477,0.25132406590000006,0.83649332625,1.0704176925,1.25796220825,1.3867550967,2.4312909221999965,5.726307439,0.03,6,0.02,10,DAYTIME,False,False
2025-09-20T11:00:00+02:00,2025-09-19T23:00:00+02:00,24,12,M2_GBT_HISTORY,1.3657979780651799,1.078526139,3.7975427456000026,False,1.1248928908299993,0.1958583398,0.33788326160000004,0.77780404625,1.049427284,1.2369289695,1.4342120057999999,2.6344273137999945,5.582074664,0.04,8,0.04,11,DAYTIME,False,False
2025-09-20T12:00:00+02:00,2025-09-19T23:00:00+02:00,24,13,M2_GBT_HISTORY,1.3657979780651799,1.077165011,3.7975427456000026,False,0.9906090081449997,0.1648291415,0.179721073,0.47619112474999997,0.954704399,1.2204271417499999,1.3969560292,2.619961156499999,5.357316574,0.025,5,0.04,12,DAYTIME,False,False
2025-09-20T13:00:00+02:00,2025-09-19T23:00:00+02:00,24,14,M2_GBT_HISTORY,1.3657979780651799,1.075803882,3.7975427456000026,False,0.8776683933850002,0.14301090035,0.1642671992,0.212871905,0.7887637535,1.19015187225,1.7916293024999999,2.639759332799997,4.7475915959999995,0.01,2,0.04,13,DAYTIME,False,False
2025-09-20T14:00:00+02:00,2025-09-19T23:00:00+02:00,24,15,M2_GBT_HISTORY,1.3036465687058114,2.474931603,3.7975427456000026,False,0.8926649091949994,0.1394495059,0.1543513231,0.19095706175,0.5759986875,1.29816601575,2.190744534099999,2.7071973332499986,5.545812165,0.01,2,0.04,14,DAYTIME,False,False
2025-09-20T15:00:00+02:00,2025-09-19T23:00:00+02:00,24,16,M2_GBT_HISTORY,1.3657979780651799,2.473842428,3.7975427456000026,False,1.1183823866049998,0.1397025558,0.15710894120000002,0.205074592,0.818161677,1.493337822,2.5708936996999996,2.879463973749989,7.094438697,0.04,8,0.04,15,DAYTIME,False,False
2025-09-20T16:00:00+02:00,2025-09-19T23:00:00+02:00,24,17,M2_GBT_HISTORY,1.6737960124866391,3.477985299,3.7975427456000026,False,2.0758108089000005,0.160058993,0.2035958254,0.7185526735,1.0999708435,2.46487166775,5.707524820199997,8.353815876699997,11.551424629,0.145,29,0.08,16,RETURN_RAMP,False,False
2025-09-20T17:00:00+02:00,2025-09-19T23:00:00+02:00,24,18,M2_GBT_HISTORY,2.2031317901881096,14.80883985,3.7975427456000026,True,2.6545562616099994,0.18685361080000001,0.2762252428,0.84397375475,1.2983032115,2.9072558327499998,8.383297732099999,9.517522498899996,14.928939668,0.19,38,0.26,17,RETURN_RAMP,False,False
2025-09-20T18:00:00+02:00,2025-09-19T23:00:00+02:00,24,19,M2_GBT_HISTORY,2.41646286630898,15.731906587,3.7975427456000026,True,2.926005376975,0.16671509725,0.1963519936,0.864127314,1.573788933,3.9119227482500003,8.250165331299998,9.3384740595,15.500323060000001,0.26,52,0.42,18,RETURN_RAMP,False,True
2025-09-20T19:00:00+02:00,2025-09-19T23:00:00+02:00,24,20,M2_GBT_HISTORY,2.8130093972962196,16.391951021,3.7975427456000026,True,3.289405079759998,0.16596953425000002,0.18841286110000002,0.84874344475,2.0937948155,4.35633123825,8.6487827672,10.187291467249999,17.604242902,0.275,55,0.52,19,EVENING,True,True
2025-09-20T20:00:00+02:00,2025-09-19T23:00:00+02:00,24,21,M2_GBT_HISTORY,2.351872848294578,17.316185669,3.7975427456000026,True,3.570903745184999,0.1837888484,0.20127068960000002,0.54667244825,1.9844072465,6.21385296925,9.009263983099997,10.574838524799995,18.161001671,0.335,67,0.38,20,EVENING,True,True
2025-09-20T21:00:00+02:00,2025-09-19T23:00:00+02:00,24,22,M2_GBT_HISTORY,1.7227556728082003,10.58461513,3.7975427456000026,True,3.1263101637750026,0.3067768524000001,0.414194652,0.67468697425,1.3688332019999998,5.59951322525,8.0252381757,8.6322753263,15.880972619000001,0.3,60,0.28,21,EVENING,True,False
2025-09-20T22:00:00+02:00,2025-09-19T23:00:00+02:00,24,23,M2_GBT_HISTORY,1.3036465687058114,0.666228011,3.7975427456000026,False,2.119788964715,0.33871959605000007,0.3976103063,0.56198096325,0.784170402,1.39137259025,7.8036692156,8.3778001437,15.111442676000001,0.19,38,0.14,22,EVENING,False,False
2025-09-20T23:00:00+02:00,2025-09-19T23:00:00+02:00,24,24,M2_GBT_HISTORY,1.3036465687058114,0.616934904,3.7975427456000026,False,1.3308763300400002,0.27855670115000003,0.3433146252,0.47043327775,0.601755056,1.03099717575,3.8499928611999987,6.2982328127499745,15.116040301,0.105,21,0.06,23,NIGHT,False,False
2025-09-23T00:00:00+02:00,2025-09-22T23:00:00+02:00,24,1,M2_GBT_HISTORY,4.665950744791121,5.843167412,4.509140465700005,True,1.4814684794200002,0.25512785085,0.2923441621,0.40336469175,0.590276917,2.92770815075,3.680115548,4.12251776905,5.551624298999999,0.01,2,0,0,NIGHT,False,False
2025-09-23T01:00:00+02:00,2025-09-22T23:00:00+02:00,24,2,M2_GBT_HISTORY,2.7237563383727634,2.331552008,4.509140465700005,False,1.6235221535200008,0.2637699845,0.30043253940000003,0.41389859250000005,0.607033322,3.123558404,3.8841896451999998,4.152460857,4.523011833,0.005,1,0,1,NIGHT,False,False
2025-09-23T02:00:00+02:00,2025-09-22T23:00:00+02:00,24,3,M2_GBT_HISTORY,1.8942884375621634,2.332820379,4.509140465700005,False,1.6689317557450007,0.27008950800000003,0.30376903489999996,0.4170949805,0.641391991,3.001570321,3.7884500906,4.16854333345,8.462135948,0.015,3,0,2,NIGHT,False,False
2025-09-23T03:00:00+02:00,2025-09-22T23:00:00+02:00,24,4,M2_GBT_HISTORY,1.344166478771328,2.333909553,4.509140465700005,False,2.1422324572999996,0.271354227,0.30611217409999997,0.48287414325,2.4172061905,3.46837929325,3.9310911252,4.1487175413,7.248783673,0.015,3,0,3,NIGHT,False,False
2025-09-23T04:00:00+02:00,2025-09-22T23:00:00+02:00,24,5,M2_GBT_HISTORY,1.344166478771328,0.607417053,4.509140465700005,False,2.5302897733300007,0.27232467885,0.31642009000000004,0.5919046025000001,2.898812013,3.66035304775,4.112689222099999,4.2723501629,7.711274057,0.015,3,0,4,NIGHT,False,False
2025-09-23T05:00:00+02:00,2025-09-22T23:00:00+02:00,24,6,M2_GBT_HISTORY,1.344166478771328,2.335270682,4.509140465700005,False,2.5701871672050003,0.3055694215,0.3855622381,0.683268414,2.8140039985,3.64913991625,4.082762067499999,4.234130886249999,10.383248171,0.015,3,0,5,NIGHT,False,False
2025-09-23T06:00:00+02:00,2025-09-22T23:00:00+02:00,24,7,M2_GBT_HISTORY,1.3860106659902678,2.335449878,4.509140465700005,False,3.191397235639998,0.42917714050000005,1.3394099438,2.6230942725,3.358314257,3.91233724075,4.4423593481,4.671629790199999,10.383481891999999,0.075,15,0,6,NIGHT,False,False
2025-09-23T07:00:00+02:00,2025-09-22T23:00:00+02:00,24,8,M2_GBT_HISTORY,1.3860106659902678,3.192777361,4.509140465700005,False,3.448348806234999,0.47033276735000007,1.1578827188999998,2.70644932675,3.6484346555,4.2789926185,5.147696239899999,5.656459278,7.2758352330000005,0.205,41,0.018867924528301886,7,MORNING,False,False
2025-09-23T08:00:00+02:00,2025-09-22T23:00:00+02:00,24,9,M2_GBT_HISTORY,1.3860106659902678,1.928517412,4.509140465700005,False,3.2798523334799983,0.6327043051000001,0.9595625238,2.59694754025,3.4618208575000002,4.30436329875,5.028867652299999,5.640539657099999,6.709913035,0.195,39,0.018867924528301886,8,MORNING,False,False
2025-09-23T09:00:00+02:00,2025-09-22T23:00:00+02:00,24,10,M2_GBT_HISTORY,1.3860106659902678,1.927681659,4.509140465700005,False,2.13773924944,0.1773847095,0.24713764500000002,0.9823725427499999,1.2554799460000001,3.5131584250000003,4.508704949499999,4.935269911199999,11.694771730000001,0.1,20,0.018867924528301886,9,DAYTIME,False,False
2025-09-23T10:00:00+02:00,2025-09-22T23:00:00+02:00,24,11,M2_GBT_HISTORY,1.3860106659902678,2.66489275,4.509140465700005,False,2.0603290396050005,0.19406517395,0.40462675220000016,0.87988718525,1.129373111,3.3187755,4.7090015943,5.7480244140000005,10.467995927999999,0.11,22,0.03773584905660377,10,DAYTIME,False,False
2025-09-23T11:00:00+02:00,2025-09-22T23:00:00+02:00,24,12,M2_GBT_HISTORY,1.3860106659902678,1.078526139,4.509140465700005,False,2.50035083811,0.2083952865,0.32525410440000013,0.849934135,1.3052987950000001,3.9861292505000003,5.0768905338999994,6.252691634999985,11.446176537000001,0.18,36,0.05660377358490566,11,DAYTIME,False,False
2025-09-23T12:00:00+02:00,2025-09-22T23:00:00+02:00,24,13,M2_GBT_HISTORY,1.3860106659902678,3.0238558,4.509140465700005,False,2.3378535541149996,0.16794084439999998,0.1833497889,0.756573857,1.382508704,3.76870492725,4.8807403184,6.093346108799992,10.935757437000001,0.13,26,0.05660377358490566,12,DAYTIME,False,False
2025-09-23T13:00:00+02:00,2025-09-22T23:00:00+02:00,24,14,M2_GBT_HISTORY,1.344166478771328,1.299972148,4.509140465700005,False,1.3014486638850005,0.14285196044999998,0.1546229381,0.1930019885,0.8235225879999999,1.3172867895000002,3.5977530863999996,4.603310475449998,10.511820552,0.055,11,0.05660377358490566,13,DAYTIME,False,False
2025-09-23T14:00:00+02:00,2025-09-22T23:00:00+02:00,24,15,M2_GBT_HISTORY,1.344166478771328,1.195888122,4.509140465700005,False,0.94425860134,0.13687379895,0.14224709259999999,0.17084590975000002,0.2192023585,1.09672320175,2.9180126757999996,4.272566931099997,7.564423430000001,0.04,8,0.03773584905660377,14,DAYTIME,False,False
2025-09-23T15:00:00+02:00,2025-09-22T23:00:00+02:00,24,16,M2_GBT_HISTORY,1.344166478771328,1.073446337,4.509140465700005,False,0.8661925849399996,0.13622583319999998,0.14959204280000002,0.183302829,0.4458233215,0.9963986,2.4126781915,3.3237008613499985,10.590217682,0.015,3,0.03773584905660377,15,DAYTIME,False,False
2025-09-23T16:00:00+02:00,2025-09-22T23:00:00+02:00,24,17,M2_GBT_HISTORY,1.8011142438096919,1.072610585,4.509140465700005,False,1.6866348068699994,0.1559481516,0.1733421292,0.39153613125,0.962046282,2.70692838875,4.081659029199999,4.779102637099998,13.410733849,0.07,14,0.07547169811320754,16,RETURN_RAMP,False,False
2025-09-23T17:00:00+02:00,2025-09-22T23:00:00+02:00,24,18,M2_GBT_HISTORY,2.428787841705512,2.799413463,4.509140465700005,False,3.8679349591999994,0.2836793762,0.4771266301,0.9799885595,2.129608984,6.2069223495,9.293407200499999,11.8593615449,16.039344805,0.32,64,0.24528301886792453,17,RETURN_RAMP,False,False
2025-09-23T18:00:00+02:00,2025-09-22T23:00:00+02:00,24,19,M2_GBT_HISTORY,2.668296212299657,2.613240156,4.509140465700005,False,5.871534541744996,0.26210671290000004,0.7944306980000001,2.3093605565,4.4865322435,9.24517165725,12.3869431009,13.80209793439997,19.072975056,0.5,100,0.4339622641509434,18,RETURN_RAMP,True,True
2025-09-23T19:00:00+02:00,2025-09-22T23:00:00+02:00,24,20,M2_GBT_HISTORY,4.007861135073007,0.274314173,4.509140465700005,False,6.670982254059996,0.18875219940000001,0.38784443720000006,3.14404070275,5.731880317,10.434104932,13.068834491199999,16.706832505149993,21.055326892,0.6,120,0.49056603773584906,19,EVENING,True,True
2025-09-23T20:00:00+02:00,2025-09-22T23:00:00+02:00,24,21,M2_GBT_HISTORY,3.429107570184758,4.349432991,4.509140465700005,False,5.678246811725002,0.20100038560000003,0.30694144410000007,2.2977916815,4.522175385000001,8.99115459575,11.3789028894,13.529274330949997,19.651755396000002,0.5,100,0.3584905660377358,20,EVENING,True,True
2025-09-23T21:00:00+02:00,2025-09-22T23:00:00+02:00,24,22,M2_GBT_HISTORY,2.1236451713421034,9.06390163,4.509140465700005,True,4.69447764998,0.29628194739999997,0.5142097014,2.49337747625,3.867176432,5.8525756939999996,10.564663691,11.974352590699993,19.118828264999998,0.35,70,0.24528301886792453,21,EVENING,False,False
2025-09-23T22:00:00+02:00,2025-09-22T23:00:00+02:00,24,23,M2_GBT_HISTORY,1.54246299097057,5.508587503,4.509140465700005,True,3.4420248717449984,0.2973988255,0.4211773265,1.1858270075,3.143792842,4.06598560975,7.456560547699999,10.692099574999999,17.121893028000002,0.165,33,0.1509433962264151,22,EVENING,False,False
2025-09-23T23:00:00+02:00,2025-09-22T23:00:00+02:00,24,24,M2_GBT_HISTORY,1.3860106659902678,0.601501498,4.509140465700005,False,2.5836811466249996,0.29907350585000003,0.4117374095,0.58816682325,2.7383191594999996,3.72082941175,4.390217375999999,5.239765261049996,13.127350558000002,0.085,17,0.07547169811320754,23,NIGHT,False,False
2025-09-26T00:00:00+02:00,2025-09-25T23:00:00+02:00,24,1,M2_GBT_HISTORY,1.0251347519692304,2.33019088,4.728316851300005,False,2.0116884342100008,0.28227784365,0.3319768455,0.51507658375,2.1932124170000002,3.58094123225,4.0803003987,4.21847399455,5.741655488,0.005,1,0.017857142857142856,0,NIGHT,False,False
2025-09-26T01:00:00+02:00,2025-09-25T23:00:00+02:00,24,2,M2_GBT_HISTORY,1.2159887328555232,2.331552008,4.728316851300005,False,1.9769167853449998,0.29821303514999997,0.335023861,0.48378591325,2.2689557574999997,3.38825927425,3.9855119859999997,4.21140143605,4.628863189,0.0,0,0,1,NIGHT,False,False
2025-09-26T02:00:00+02:00,2025-09-25T23:00:00+02:00,24,3,M2_GBT_HISTORY,1.428763561595639,2.332820379,4.728316851300005,False,2.1148488598600004,0.3000808035,0.3451818995,0.49064666925,2.3431848935,3.443849149,4.0138645736,4.213080048899999,10.865285945999998,0.005,1,0,2,NIGHT,False,False
2025-09-26T03:00:00+02:00,2025-09-25T23:00:00+02:00,24,4,M2_GBT_HISTORY,1.428763561595639,0.6065813,4.728316851300005,False,2.067002579099999,0.3037388173,0.37420622610000004,0.5312314119999999,2.294644718,3.5088830655,4.0811631767,4.195249039499999,6.018311679,0.005,1,0,3,NIGHT,False,False
2025-09-26T04:00:00+02:00,2025-09-25T23:00:00+02:00,24,5,M2_GBT_HISTORY,1.428763561595639,0.607417053,4.728316851300005,False,2.2699936526249997,0.33831944295000005,0.3969274438,0.57347196325,2.455410464,3.492737519,3.9753533236,4.1729909023,16.298584175000002,0.01,2,0,4,NIGHT,False,False
2025-09-26T05:00:00+02:00,2025-09-25T23:00:00+02:00,24,6,M2_GBT_HISTORY,1.3298877314800333,2.335270682,4.728316851300005,False,2.3404100429499994,0.3238057036,0.3696936024,0.53226707075,2.6578341744999996,3.59215809225,4.0568182537,4.340049317849999,9.777956781,0.01,2,0,5,NIGHT,False,False
2025-09-26T06:00:00+02:00,2025-09-25T23:00:00+02:00,24,7,M2_GBT_HISTORY,1.428763561595639,2.960049955,4.728316851300005,False,2.7477228439549997,0.3757161482,0.483489614,1.2163136842500002,3.0537357475,3.9759257759999995,4.3945420596,4.635639634999999,10.028362439,0.035,7,0,6,NIGHT,False,False
2025-09-26T07:00:00+02:00,2025-09-25T23:00:00+02:00,24,8,M2_GBT_HISTORY,1.428763561595639,4.097654154,4.728316851300005,False,3.4223650055749992,0.54170469905,0.9930196025,2.608502129,3.566564766,4.340220084749999,5.2529286795,5.4717119684,10.429095984,0.125,25,0,7,MORNING,False,False
2025-09-26T08:00:00+02:00,2025-09-25T23:00:00+02:00,24,9,M2_GBT_HISTORY,1.489038060918909,2.949635872,4.728316851300005,False,2.9532403307400004,0.18818910795,0.2780456310000001,1.22394741425,3.1765816664999997,4.0687899945,4.825483557499999,5.6486807838999935,11.658262362999999,0.115,23,0.017857142857142856,8,MORNING,False,False
2025-09-26T09:00:00+02:00,2025-09-25T23:00:00+02:00,24,10,M2_GBT_HISTORY,1.3568433541085325,2.808211938,4.728316851300005,False,1.56726121434,0.16828688895,0.1897904531,0.80171335525,1.102240327,1.3753903985,4.2580572137,4.887561906349999,7.761098121,0.06,12,0.017857142857142856,9,DAYTIME,False,False
2025-09-26T10:00:00+02:00,2025-09-25T23:00:00+02:00,24,11,M2_GBT_HISTORY,1.3568433541085325,0.673031298,4.728316851300005,False,1.7040108254550004,0.19439849215,0.2758000102,0.8386319907500001,1.106533513,1.8497809845000002,4.3528724595,4.9576991461499995,7.107551615,0.065,13,0.03571428571428571,10,DAYTIME,False,False
2025-09-26T11:00:00+02:00,2025-09-25T23:00:00+02:00,24,12,M2_GBT_HISTORY,1.3298877314800333,0.197995861,4.728316851300005,False,1.7090720977600002,0.1989275054,0.2267085415,0.8078446957500001,1.1049933264999998,2.53541116375,4.2735358303,4.6105332280499995,8.701427833,0.04,8,0.03571428571428571,11,DAYTIME,False,False
2025-09-26T12:00:00+02:00,2025-09-25T23:00:00+02:00,24,13,M2_GBT_HISTORY,1.3298877314800333,0.196634733,4.728316851300005,False,1.2419148813149998,0.14888868705,0.17121728690000002,0.2339210165,0.9533316995000001,1.28813486725,3.520321231099999,4.545222542999999,6.060450428,0.035,7,0.05357142857142857,12,DAYTIME,False,False
2025-09-26T13:00:00+02:00,2025-09-25T23:00:00+02:00,24,14,M2_GBT_HISTORY,1.3298877314800333,0.195273604,4.728316851300005,False,1.0221621890150003,0.1387668324,0.15419339140000002,0.19370667675,0.797574518,1.19860559125,2.905538514099999,3.801206619549999,6.059035483,0.02,4,0.05357142857142857,13,DAYTIME,False,False
2025-09-26T14:00:00+02:00,2025-09-25T23:00:00+02:00,24,15,M2_GBT_HISTORY,1.428763561595639,0.194005234,4.728316851300005,False,0.9246725279749998,0.13315941304999998,0.1421739645,0.17266491,0.21803117,1.09362539825,2.855899828899999,3.9563957718499987,10.69890499,0.02,4,0.03571428571428571,14,DAYTIME,False,False
2025-09-26T15:00:00+02:00,2025-09-25T23:00:00+02:00,24,16,M2_GBT_HISTORY,1.3298877314800333,0.29356567,4.728316851300005,False,0.8638499542049998,0.13345348480000002,0.1455336367,0.1868280135,0.7131562124999999,1.0748177305,1.3538765504999999,2.4051959363499935,17.385531584,0.01,2,0.03571428571428571,15,DAYTIME,False,False
2025-09-26T16:00:00+02:00,2025-09-25T23:00:00+02:00,24,17,M2_GBT_HISTORY,1.6714766695857037,1.204898405,4.728316851300005,False,1.257699312585,0.15173484545000002,0.1640153491,0.36218758125,0.9925840180000001,1.24744348575,3.0688703279999996,4.73074614785,7.236187744,0.055,11,0.07142857142857142,16,RETURN_RAMP,False,False
2025-09-26T17:00:00+02:00,2025-09-25T23:00:00+02:00,24,18,M2_GBT_HISTORY,2.4819051303218593,4.07438978,4.728316851300005,False,3.232563022375,0.20124856565,0.273111951,0.7717048125,1.245520457,5.9688250175,8.134889485799999,8.619728405550001,14.778362363,0.3,60,0.25,17,RETURN_RAMP,False,False
2025-09-26T18:00:00+02:00,2025-09-25T23:00:00+02:00,24,19,M2_GBT_HISTORY,3.3851663193280843,6.473537784,4.728316851300005,True,4.720646071159997,0.1828961834,0.20691753540000002,0.9460323312500001,2.9106322679999996,7.98994334925,11.221584848599997,13.541547519999986,19.413477816,0.43,86,0.44642857142857145,18,RETURN_RAMP,True,True
2025-09-26T19:00:00+02:00,2025-09-25T23:00:00+02:00,24,20,M2_GBT_HISTORY,3.3851663193280843,1.082327575,4.728316851300005,False,5.024675135919996,0.18325518075,0.20713085450000002,0.9706754827499999,3.596965181,7.94289745575,11.2840281577,13.849985575099993,21.385044435,0.46,92,0.48214285714285715,19,EVENING,True,True
2025-09-26T20:00:00+02:00,2025-09-25T23:00:00+02:00,24,21,M2_GBT_HISTORY,2.364600440660834,1.329668887,4.728316851300005,False,3.7410771124000024,0.1779633018,0.2043565592,0.47549932775,2.0681043785,6.75520275575,9.115947081,11.492684185299998,15.756150187,0.335,67,0.3392857142857143,20,EVENING,True,True
2025-09-26T21:00:00+02:00,2025-09-25T23:00:00+02:00,24,22,M2_GBT_HISTORY,1.8041833567560555,2.205448436,4.728316851300005,False,2.787771326770001,0.27011614065000006,0.36611363599999996,0.61109670175,1.1857504535,3.4743161112500003,8.0781822931,9.548041310899997,16.194103684,0.205,41,0.26785714285714285,21,EVENING,False,False
2025-09-26T22:00:00+02:00,2025-09-25T23:00:00+02:00,24,23,M2_GBT_HISTORY,1.489038060918909,2.592530595,4.728316851300005,False,2.1708670281150004,0.27152256874999997,0.3408834981,0.5334721524999999,1.122444188,3.31197194825,4.501836457399998,6.861055610299993,13.96602515,0.1,20,0.17857142857142858,22,EVENING,False,False
2025-09-26T23:00:00+02:00,2025-09-25T23:00:00+02:00,24,24,M2_GBT_HISTORY,1.3298877314800333,2.941973674,4.728316851300005,False,2.2299386040550004,0.27356241195000003,0.3244673788,0.5305086827500001,2.277511633,3.6458292039999995,4.232968690799999,4.468836076049999,10.753751813,0.03,6,0.07142857142857142,23,NIGHT,False,False
2025-09-29T00:00:00+02:00,2025-09-28T23:00:00+02:00,24,1,M2_GBT_HISTORY,1.1563257968218694,2.33019088,4.7648620059999995,False,0.9844124930299997,0.2286104657,0.30259631940000004,0.39921485925,0.529705848,0.65271878575,3.2875361855,3.6610032797999987,8.048417345,0.015,3,0.01694915254237288,0,NIGHT,False,False
2025-09-29T01:00:00+02:00,2025-09-28T23:00:00+02:00,24,2,M2_GBT_HISTORY,1.46335166597202,0.604223755,4.7648620059999995,False,0.8867445677550008,0.229933247,0.2984189554,0.386896286,0.5209250195,0.6348638154999999,2.885107822399999,3.6739640248499956,10.871307089,0.005,1,0,1,NIGHT,False,False
2025-09-29T02:00:00+02:00,2025-09-28T23:00:00+02:00,24,3,M2_GBT_HISTORY,1.46335166597202,0.605492126,4.7648620059999995,False,0.8193466230649993,0.23120872105,0.2981324843,0.38619901875,0.5225267795,0.636556263,2.6002317312000005,3.5533734905999994,4.552071613,0.0,0,0,2,NIGHT,False,False
2025-09-29T03:00:00+02:00,2025-09-28T23:00:00+02:00,24,4,M2_GBT_HISTORY,1.46335166597202,2.333909553,4.7648620059999995,False,0.9686383687549999,0.2324123014,0.3064454279,0.4081063055,0.5357100800000001,0.66485121875,2.9880417878999994,3.6459424405999994,4.230734893,0.0,0,0,3,NIGHT,False,False
2025-09-29T04:00:00+02:00,2025-09-28T23:00:00+02:00,24,5,M2_GBT_HISTORY,1.46335166597202,0.607417053,4.7648620059999995,False,1.3090376096449998,0.2333358412,0.3194864844,0.41392010125,0.5695163035,2.4560133825,3.8578732449999995,4.1707604979,7.881881216,0.005,1,0,4,NIGHT,False,False
2025-09-29T05:00:00+02:00,2025-09-28T23:00:00+02:00,24,6,M2_GBT_HISTORY,1.46335166597202,2.335270682,4.7648620059999995,False,1.5536682510349997,0.233916403,0.3204420268,0.43025687025,0.6015664425,3.01656878825,3.9005240323,4.14065716355,7.882468101000001,0.005,1,0,5,NIGHT,False,False
2025-09-29T06:00:00+02:00,2025-09-28T23:00:00+02:00,24,7,M2_GBT_HISTORY,1.46335166597202,2.335449878,4.7648620059999995,False,2.272655273705,0.29559976930000004,0.43908819190000004,0.5924115167499999,2.2787550995,3.59068157625,4.096734649099999,4.380177335,11.534011656,0.04,8,0,6,NIGHT,False,False
2025-09-29T07:00:00+02:00,2025-09-28T23:00:00+02:00,24,8,M2_GBT_HISTORY,1.5385236981702821,1.193773413,4.7648620059999995,False,2.635920268549999,0.33782918275,0.4721193892,0.9009767742500001,2.5029273885,3.9694485805,4.679044047400001,5.180826657899997,15.135491078,0.085,17,0,7,MORNING,False,False
2025-09-29T08:00:00+02:00,2025-09-28T23:00:00+02:00,24,9,M2_GBT_HISTORY,1.5385236981702821,1.081719437,4.7648620059999995,False,2.134568381705,0.18763597675,0.2169246958,0.82484207625,1.2503496625000001,3.5969073375,4.449638058,5.006584848399999,10.595620649999999,0.07,14,0.01694915254237288,8,MORNING,False,False
2025-09-29T09:00:00+02:00,2025-09-28T23:00:00+02:00,24,10,M2_GBT_HISTORY,1.6379002811271892,2.808211938,4.7648620059999995,False,1.3155089914199993,0.16665617075,0.19999214830000003,0.8448768862499999,1.0599238005,1.2578103335,3.2457464237999996,4.064259196849997,8.623155131999999,0.03,6,0.01694915254237288,9,DAYTIME,False,False
2025-09-29T10:00:00+02:00,2025-09-28T23:00:00+02:00,24,11,M2_GBT_HISTORY,1.4837240866750168,2.807122764,4.7648620059999995,False,1.5533830931549995,0.21587311025,0.5037564355,0.8626234622500001,1.08364211,1.28885825825,3.9167223220999996,4.424746523399994,15.961274504,0.05,10,0.03389830508474576,10,DAYTIME,False,False
2025-09-29T11:00:00+02:00,2025-09-28T23:00:00+02:00,24,12,M2_GBT_HISTORY,1.4837240866750168,1.078526139,4.7648620059999995,False,1.3573195941649998,0.185095971,0.3354928488,0.7755714435,1.0521127620000001,1.2635804664999999,2.6474100763999995,4.018277973249997,13.943847346999998,0.035,7,0.03389830508474576,11,DAYTIME,False,False
2025-09-29T12:00:00+02:00,2025-09-28T23:00:00+02:00,24,13,M2_GBT_HISTORY,1.4837240866750168,0.682303078,4.7648620059999995,False,0.927148461625,0.14397941620000002,0.16461199950000002,0.27533624624999997,0.908016261,1.17820829925,1.3624527650000002,1.9941744945999986,8.293157108,0.005,1,0.06779661016949153,12,DAYTIME,False,False
2025-09-29T13:00:00+02:00,2025-09-28T23:00:00+02:00,24,14,M2_GBT_HISTORY,1.46335166597202,0.195273604,4.7648620059999995,False,0.7000255314700005,0.13454458860000001,0.1433444643,0.17377664475000001,0.27684733650000004,1.08317095425,1.3104337704,1.4191785228499998,8.291323277,0.01,2,0.05084745762711865,13,DAYTIME,False,False
2025-09-29T14:00:00+02:00,2025-09-28T23:00:00+02:00,24,15,M2_GBT_HISTORY,1.46335166597202,0.194005234,4.7648620059999995,False,0.6548319177949996,0.13152900525,0.14061694919999998,0.16524972075,0.2067236555,1.00654953775,1.3301803228999998,1.9746679296999994,8.289614418000001,0.01,2,0.03389830508474576,14,DAYTIME,False,False
2025-09-29T15:00:00+02:00,2025-09-28T23:00:00+02:00,24,16,M2_GBT_HISTORY,1.46335166597202,0.192916059,4.7648620059999995,False,0.7008338151100003,0.13223029065,0.1459442284,0.18519915674999998,0.504870455,0.95608970675,1.2742282441,1.3728586168499999,5.941655654000001,0.01,2,0.03389830508474576,15,DAYTIME,False,False
2025-09-29T16:00:00+02:00,2025-09-28T23:00:00+02:00,24,17,M2_GBT_HISTORY,1.7559389618099548,5.943935144,4.7648620059999995,True,1.1425576124950003,0.15028276495,0.1649623282,0.3117560155,0.8936084234999999,1.2360947045,2.384501103699999,4.055726515949996,8.51687227,0.03,6,0.06779661016949153,16,RETURN_RAMP,False,False
2025-09-29T17:00:00+02:00,2025-09-28T23:00:00+02:00,24,18,M2_GBT_HISTORY,2.5286326977622684,5.020878515,4.7648620059999995,True,2.9561703319449992,0.18059898055,0.23200085390000003,0.8785520387499999,1.2384866875,5.26395270975,8.259510847399998,8.586985336649999,12.765152594,0.26,52,0.22033898305084745,17,RETURN_RAMP,False,False
2025-09-29T18:00:00+02:00,2025-09-28T23:00:00+02:00,24,19,M2_GBT_HISTORY,3.3734024299006093,1.071906013,4.7648620059999995,False,4.812445387265,0.16472928095,0.3483195042000002,0.9803708789999999,2.9981524275,8.23667652425,10.483253937399999,12.473151347749994,19.609644523,0.445,89,0.4406779661016949,18,RETURN_RAMP,True,True
2025-09-29T19:00:00+02:00,2025-09-28T23:00:00+02:00,24,20,M2_GBT_HISTORY,3.5602419711347455,1.083811572,4.7648620059999995,False,5.060606542784998,0.1760000178,0.2174733589,1.0210839775,3.4350038224999997,8.338591759749999,11.483814429499999,13.622725897899993,18.531116976,0.465,93,0.4745762711864407,19,EVENING,True,True
2025-09-29T20:00:00+02:00,2025-09-28T23:00:00+02:00,24,21,M2_GBT_HISTORY,3.4798114040036054,1.084039625,4.7648620059999995,False,4.335227868639999,0.1654298175,0.2079663957,0.42537740925,2.4534101434999998,7.62398098525,10.1391047281,13.440043233999992,18.192100714000002,0.405,81,0.3389830508474576,20,EVENING,True,True
2025-09-29T21:00:00+02:00,2025-09-28T23:00:00+02:00,24,22,M2_GBT_HISTORY,3.418118045814211,2.124156417,4.7648620059999995,False,2.7885083344850004,0.25711229535,0.3924148511,0.6313770347500001,1.1073223775,3.2586221057499998,8.3560926452,9.490078585049993,17.543489513,0.21,42,0.288135593220339,21,EVENING,False,False
2025-09-29T22:00:00+02:00,2025-09-28T23:00:00+02:00,24,23,M2_GBT_HISTORY,2.087188008229545,0.94007378,4.7648620059999995,False,1.3422141096650002,0.2536307684,0.34439371990000006,0.491053164,0.6679489485,1.07825743075,2.5848268574,6.445491502199993,16.113947631000002,0.06,12,0.2033898305084746,22,EVENING,False,False
2025-09-29T23:00:00+02:00,2025-09-28T23:00:00+02:00,24,24,M2_GBT_HISTORY,1.6220292222493902,0.601501498,4.7648620059999995,False,1.0905483485199996,0.2581321249,0.3149661685,0.4194693015,0.5772457285,0.81889506025,2.5958545274000002,3.9258799028499993,15.132586977,0.035,7,0.06779661016949153,23,NIGHT,False,False
2025-09-02T00:00:00+02:00,2025-09-01T23:00:00+02:00,72,1,M1_GBT_CAL_WEATHER,1.0744038503386522,0.602862627,3.7097626867000058,False,0.510540340805,0.2957781746,0.3163110485,0.3864331285,0.495394303,0.6063553485,0.6778701686999999,0.7568934529499998,1.532550893,0.0,0,0,0,NIGHT,False,False
2025-09-02T01:00:00+02:00,2025-09-01T23:00:00+02:00,72,2,M1_GBT_CAL_WEATHER,1.021441849907485,0.604223755,3.7097626867000058,False,0.4850194399150003,0.29711787325000005,0.3189683386,0.3880942395,0.482710967,0.5945399100000001,0.6500586041,0.6685748573499999,0.706398996,0.0,0,0,1,NIGHT,False,False
2025-09-02T02:00:00+02:00,2025-09-01T23:00:00+02:00,72,3,M1_GBT_CAL_WEATHER,1.021441849907485,0.605492126,3.7097626867000058,False,0.48652194256499987,0.29836627355,0.3205867772,0.38964214825,0.484266718,0.5959441480000001,0.6514319019,0.6700408691499999,0.708000194,0.0,0,0,2,NIGHT,False,False
2025-09-02T03:00:00+02:00,2025-09-01T23:00:00+02:00,72,4,M1_GBT_CAL_WEATHER,1.0028167331034223,0.6065813,3.7097626867000058,False,0.4878121709449998,0.29943829855000004,0.3219765609,0.39097136774999997,0.48553978600000003,0.597149995,0.6526111793,0.6712997623999999,0.709375174,0.0,0,0,3,NIGHT,False,False
2025-09-02T04:00:00+02:00,2025-09-01T23:00:00+02:00,72,5,M1_GBT_CAL_WEATHER,1.0028167331034223,0.607417053,3.7097626867000058,False,0.488802197975,0.3002608934,0.3230429804,0.391991314,0.4865115085,0.5980752739999999,0.6535160707,0.6722657439499998,0.710430233,0.0,0,0,4,NIGHT,False,False
2025-09-02T05:00:00+02:00,2025-09-01T23:00:00+02:00,72,6,M1_GBT_CAL_WEATHER,1.0028167331034223,0.607942429,3.7097626867000058,False,0.5717337114750005,0.30247256850000004,0.3240128586,0.39784793350000003,0.488535807,0.6018917532500001,0.666352117,0.6884969743999998,4.0816343889999995,0.01,2,0,5,NIGHT,False,False
2025-09-02T06:00:00+02:00,2025-09-01T23:00:00+02:00,72,7,M1_GBT_CAL_WEATHER,1.0028167331034223,0.608121625,3.7097626867000058,False,1.0954359990499996,0.32392811569999996,0.35716798750000006,0.45889058125,0.6023907645,1.1622934637500002,3.1507100058999997,3.7490993278999944,5.572474753,0.055,11,0,6,NIGHT,False,False
2025-09-02T07:00:00+02:00,2025-09-01T23:00:00+02:00,72,8,M1_GBT_CAL_WEATHER,1.0028167331034223,0.607942429,3.7097626867000058,False,1.3482389408700002,0.34046473424999996,0.4108561858,0.563858821,1.14697038,1.62220127125,3.0558230924999994,3.663280217699999,5.478559013,0.05,10,0,7,MORNING,False,False
2025-09-02T08:00:00+02:00,2025-09-01T23:00:00+02:00,72,9,M1_GBT_CAL_WEATHER,1.0028167331034223,0.677823259,3.7097626867000058,False,1.2697939233050002,0.16392605500000001,0.19198716610000002,0.6026319565,1.0252475245000001,1.32623831925,3.0670697766,3.7453414067999997,5.087248815,0.065,13,0,8,MORNING,False,False
2025-09-02T09:00:00+02:00,2025-09-01T23:00:00+02:00,72,10,M1_GBT_CAL_WEATHER,1.0028167331034223,1.080883684,3.7097626867000058,False,1.1017210248699996,0.1715617472,0.2157252178,0.80069426,1.0172422774999998,1.22480916175,1.3558501148999997,3.0134189490999974,5.057579897,0.03,6,0,9,DAYTIME,False,False
2025-09-02T10:00:00+02:00,2025-09-01T23:00:00+02:00,72,11,M1_GBT_CAL_WEATHER,1.0028167331034223,1.07979451,3.7097626867000058,False,1.0443241682799995,0.17215593445,0.2192054571,0.80641851575,1.0194897875,1.1861658267500002,1.3379771532,1.4171729347999924,5.22095423,0.02,4,0,10,DAYTIME,False,False
2025-09-02T11:00:00+02:00,2025-09-01T23:00:00+02:00,72,12,M1_GBT_CAL_WEATHER,1.0028167331034223,0.731609155,3.7097626867000058,False,1.0115754645100004,0.1704470505,0.2097359872,0.607866743,0.9725987185,1.174679134,1.3534984560999999,2.1505773517999978,5.746266403,0.035,7,0,11,DAYTIME,False,False
2025-09-02T12:00:00+02:00,2025-09-01T23:00:00+02:00,72,13,M1_GBT_CAL_WEATHER,1.0557787335345894,0.196634733,3.7097626867000058,False,0.9438435873349996,0.1434088423,0.1569828326,0.211452452,0.8229434695,1.15743553975,1.3754260201,2.9281727270499953,7.627715393000001,0.04,8,0.03125,12,DAYTIME,False,False
2025-09-02T13:00:00+02:00,2025-09-01T23:00:00+02:00,72,14,M1_GBT_CAL_WEATHER,1.0750089951612425,0.195273604,3.7097626867000058,False,0.7409714223649999,0.13730813225000002,0.14289011499999998,0.17710987475,0.32529649299999996,1.05352007725,1.3661374749999997,2.654209731499999,4.9568368750000005,0.03,6,0.03125,13,DAYTIME,False,False
2025-09-02T14:00:00+02:00,2025-09-01T23:00:00+02:00,72,15,M1_GBT_CAL_WEATHER,1.357002373693958,0.194005234,3.7097626867000058,False,0.577289480645,0.13314329014999998,0.14061694919999998,0.16475710125,0.20764053500000001,0.9561362167499999,1.2523719484999998,1.4890591912499977,4.881098204,0.01,2,0.03125,14,DAYTIME,False,False
2025-09-02T15:00:00+02:00,2025-09-01T23:00:00+02:00,72,16,M1_GBT_CAL_WEATHER,1.7702138420747249,0.192916059,3.7097626867000058,False,0.6135108387550002,0.13621865119999998,0.149292809,0.17068140625,0.254816807,0.8748349022499999,1.1744672915999999,1.3105864391499997,10.9097997,0.01,2,0.03125,15,DAYTIME,False,False
2025-09-02T16:00:00+02:00,2025-09-01T23:00:00+02:00,72,17,M1_GBT_CAL_WEATHER,2.677100401731555,0.625405954,3.7097626867000058,False,1.064330364845,0.14884147375,0.1618050416,0.23242655299999998,0.885429249,1.19543263525,1.6680577524999987,3.3570483820499986,14.964016461,0.04,8,0.125,16,RETURN_RAMP,False,False
2025-09-02T17:00:00+02:00,2025-09-01T23:00:00+02:00,72,18,M1_GBT_CAL_WEATHER,3.531345072793462,1.072085209,3.7097626867000058,False,3.143849921965001,0.2894211555000001,0.5077334184000002,0.89335646375,1.3710166030000002,5.132642108500001,7.735272951,8.49668685745,17.430776618,0.31,62,0.25,17,RETURN_RAMP,False,False
2025-09-02T18:00:00+02:00,2025-09-01T23:00:00+02:00,72,19,M1_GBT_CAL_WEATHER,3.5599427972066082,0.48361637,3.7097626867000058,False,5.4045116118050025,0.1992998722,0.8789267194999999,1.91212388275,4.556510444000001,8.3552129705,10.381678298199997,13.452688365499998,18.321190897999998,0.555,111,0.40625,18,RETURN_RAMP,True,True
2025-09-02T19:00:00+02:00,2025-09-01T23:00:00+02:00,72,20,M1_GBT_CAL_WEATHER,3.5599427972066082,0.191554931,3.7097626867000058,False,6.02843549479,0.18835728435000001,0.5690057301,1.94488867525,5.165118248500001,9.69279894375,12.4268962856,14.396320408699994,18.699638969,0.56,112,0.53125,19,EVENING,True,True
2025-09-02T20:00:00+02:00,2025-09-01T23:00:00+02:00,72,21,M1_GBT_CAL_WEATHER,2.75754784639635,0.192080307,3.7097626867000058,False,4.364827556179999,0.1767875652,0.21000552730000002,0.50024178175,2.6746914985,8.19816718625,10.2636724528,11.150151181699998,16.538624136,0.435,87,0.34375,20,EVENING,True,True
2025-09-02T21:00:00+02:00,2025-09-01T23:00:00+02:00,72,22,M1_GBT_CAL_WEATHER,1.9628108428570634,0.192916059,3.7097626867000058,False,2.7392889505100015,0.1504154023,0.1855647452,0.3019582595,0.8858263040000001,4.78831784375,7.812059582999999,9.06476266695,13.320080248,0.29,58,0.28125,21,EVENING,False,False
2025-09-02T22:00:00+02:00,2025-09-01T23:00:00+02:00,72,23,M1_GBT_CAL_WEATHER,1.8995023115633134,0.275250813,3.7097626867000058,False,1.4736388295000007,0.29297217325,0.3345549517,0.488801277,0.6774355425,1.21030151675,3.769268991199992,7.794733235149999,8.710885835000001,0.1,20,0.21875,22,EVENING,False,False
2025-09-02T23:00:00+02:00,2025-09-01T23:00:00+02:00,72,24,M1_GBT_CAL_WEATHER,1.215392004789789,0.276519183,3.7097626867000058,False,0.8348343422250004,0.27356241195000003,0.31014384759999997,0.398837007,0.5372070090000001,0.72630000825,1.1642214942,1.7370861122499759,8.088588973,0.03,6,0.125,23,NIGHT,False,False
2025-09-03T00:00:00+02:00,2025-09-01T23:00:00+02:00,72,25,M1_GBT_CAL_WEATHER,1.0744038503386522,0.277880312,3.7097626867000058,False,0.6067702534499996,0.27533550425000003,0.3074989576,0.38113899700000003,0.4848942,0.6098149415,0.6762132443,0.9109018984499997,5.891045252,0.015,3,0,0,NIGHT,False,False
2025-09-03T01:00:00+02:00,2025-09-01T23:00:00+02:00,72,26,M1_GBT_CAL_WEATHER,1.021441849907485,0.27924144,3.7097626867000058,False,0.4735223673600001,0.27710859660000003,0.3028147485,0.3721573255,0.4731760515,0.5774200885,0.6421871044999999,0.6648189129,0.706398996,0.0,0,0,1,NIGHT,False,False
2025-09-03T02:00:00+02:00,2025-09-01T23:00:00+02:00,72,27,M1_GBT_CAL_WEATHER,1.021441849907485,0.280509811,3.7097626867000058,False,0.4750248700099998,0.2787608554,0.3045551717,0.37353585850000004,0.4746977885,0.5787723665,0.6438746208,0.6662559746,0.708000194,0.0,0,0,2,NIGHT,False,False
2025-09-03T03:00:00+02:00,2025-09-01T23:00:00+02:00,72,28,M1_GBT_CAL_WEATHER,1.0220469947300754,0.281598985,3.7097626867000058,False,0.47631509838999997,0.28017968305,0.3060497076,0.37472583925,0.4760045335,0.57993359425,0.6453237243,0.6674900074499999,0.709375174,0.0,0,0,3,NIGHT,False,False
2025-09-03T04:00:00+02:00,2025-09-01T23:00:00+02:00,72,29,M1_GBT_CAL_WEATHER,1.0220469947300754,0.282434738,3.7097626867000058,False,0.47730512542,0.28126838735,0.3071965051,0.37563894275,0.4770072345,0.580824635,0.6464356602999999,0.66843691455,0.710430233,0.0,0,0,4,NIGHT,False,False
2025-09-03T05:00:00+02:00,2025-09-01T23:00:00+02:00,72,30,M1_GBT_CAL_WEATHER,1.0220469947300754,0.282960114,3.7097626867000058,False,0.4808726719950005,0.28503542255000003,0.3155269568,0.386482707,0.48208872049999996,0.5840263465,0.647134652,0.6690321645499999,0.711093471,0.0,0,0,5,NIGHT,False,False
2025-09-03T06:00:00+02:00,2025-09-01T23:00:00+02:00,72,31,M1_GBT_CAL_WEATHER,1.0220469947300754,0.28313931,3.7097626867000058,False,0.7350185427549992,0.303708745,0.3410469994,0.43395270775,0.558354751,0.74347891625,1.2113744433,1.4277826861999996,8.001751993000001,0.01,2,0,6,NIGHT,False,False
2025-09-03T07:00:00+02:00,2025-09-01T23:00:00+02:00,72,32,M1_GBT_CAL_WEATHER,1.0220469947300754,0.282960114,3.7097626867000058,False,1.4997441060649999,0.33842103505000004,0.3978072325,0.5387279057500001,1.1015142355,1.7639513189999998,3.6798544201999994,4.422514972899998,8.102893197,0.09,18,0,7,MORNING,False,False
2025-09-03T08:00:00+02:00,2025-09-01T23:00:00+02:00,72,33,M1_GBT_CAL_WEATHER,1.0220469947300754,0.217074458,3.7097626867000058,False,1.722009846580001,0.15666786570000002,0.21543802869999998,0.7316967225000001,1.1019626535,3.01013504575,3.9425052902999993,4.282986175999998,7.606333645,0.15,30,0,8,MORNING,False,False
2025-09-03T09:00:00+02:00,2025-09-01T23:00:00+02:00,72,34,M1_GBT_CAL_WEATHER,1.0220469947300754,1.080883684,3.7097626867000058,False,1.148123643335,0.16407304695,0.19535180330000002,0.804859325,1.045105851,1.23132248175,1.3562420823999999,3.2750196384999892,6.50509535,0.05,10,0,9,DAYTIME,False,False
2025-09-03T10:00:00+02:00,2025-09-01T23:00:00+02:00,72,35,M1_GBT_CAL_WEATHER,1.0220469947300754,1.07979451,3.7097626867000058,False,1.0762488430750003,0.17644399035,0.29015693670000003,0.82317223425,1.005406277,1.19776533175,1.3281934218999998,1.39463600315,8.209767571,0.025,5,0,10,DAYTIME,False,False
2025-09-03T11:00:00+02:00,2025-09-01T23:00:00+02:00,72,36,M1_GBT_CAL_WEATHER,1.1822824804383072,1.078526139,3.7097626867000058,False,1.0240659570450006,0.17002146375000002,0.21242269240000003,0.7148455145,0.943461163,1.1899966482500002,1.3494993799999997,1.6934192737499998,7.615805014999999,0.025,5,0,11,DAYTIME,False,False
2025-09-03T12:00:00+02:00,2025-09-01T23:00:00+02:00,72,37,M1_GBT_CAL_WEATHER,1.2352444808694742,1.077165011,3.7097626867000058,False,0.8665983060899995,0.1540099333,0.16397331399999998,0.21076286225,0.8853155005,1.1544256095,1.3318168763,1.6888745762999928,7.582810094,0.015,3,0.03125,12,DAYTIME,False,False
2025-09-03T13:00:00+02:00,2025-09-01T23:00:00+02:00,72,38,M1_GBT_CAL_WEATHER,1.7091846232095675,0.576271486,3.7097626867000058,False,0.7451857968350004,0.14072766625,0.1525775564,0.17710987475,0.37532942449999995,1.0306213847499999,1.3105609073999998,1.9374810437499963,7.581169955,0.02,4,0.03125,13,DAYTIME,False,False
2025-09-03T14:00:00+02:00,2025-09-01T23:00:00+02:00,72,39,M1_GBT_CAL_WEATHER,1.8501727776607049,0.194005234,3.7097626867000058,False,0.742914771115,0.13470907955,0.14224709259999999,0.1664970615,0.213336894,0.9649609137499999,1.2909093778999998,2.2631222436499896,14.47828025,0.025,5,0.03125,14,DAYTIME,False,False
2025-09-03T15:00:00+02:00,2025-09-01T23:00:00+02:00,72,40,M1_GBT_CAL_WEATHER,2.5706334258590333,0.192916059,3.7097626867000058,False,0.9520823076950002,0.13622583319999998,0.14900708320000003,0.178330082,0.6277591625000001,1.20834395225,2.356908797799999,3.0862779738499997,7.888788798999999,0.02,4,0.03125,15,DAYTIME,False,False
2025-09-03T16:00:00+02:00,2025-09-01T23:00:00+02:00,72,41,M1_GBT_CAL_WEATHER,3.023197941572027,0.192080307,3.7097626867000058,False,1.766028034779999,0.15243997115,0.1777151341,0.78634597725,1.2508344135,2.54349880425,3.6480300287,5.004855842049998,8.066965778,0.09,18,0.125,16,RETURN_RAMP,False,False
2025-09-03T17:00:00+02:00,2025-09-01T23:00:00+02:00,72,42,M1_GBT_CAL_WEATHER,3.9314008499301663,0.675406261,3.7097626867000058,False,4.025906902715002,0.7704584252500001,0.8828553621,1.8684994305,2.817046659,5.63534853775,9.1364605172,10.189694000299994,16.576524985000002,0.33,66,0.25,17,RETURN_RAMP,False,False
2025-09-03T18:00:00+02:00,2025-09-01T23:00:00+02:00,72,43,M1_GBT_CAL_WEATHER,4.042091165055789,2.478954315,3.7097626867000058,False,5.550208490550002,0.33789339070000013,1.029494159,2.1536073345,3.770990385,9.283556047000001,10.9776183919,14.712664812899998,19.023514388,0.5,100,0.40625,18,RETURN_RAMP,True,True
2025-09-03T19:00:00+02:00,2025-09-01T23:00:00+02:00,72,44,M1_GBT_CAL_WEATHER,3.9792288359699657,2.551667542,3.7097626867000058,False,6.163635624435,0.21796300345,0.38175424140000014,1.71019730175,5.3274025604999995,9.251901673999999,14.2638356575,16.86310783725,18.829272873999997,0.565,113,0.53125,19,EVENING,True,True
2025-09-03T20:00:00+02:00,2025-09-01T23:00:00+02:00,72,45,M1_GBT_CAL_WEATHER,3.1150653119354046,4.627173302,3.7097626867000058,True,4.803011756200004,0.20342659805000002,0.25760060580000005,0.9067626805,3.4875490229999997,7.952904932,10.5502072762,11.61436906004998,24.691452874,0.48,96,0.34375,20,EVENING,True,True
2025-09-03T21:00:00+02:00,2025-09-01T23:00:00+02:00,72,46,M1_GBT_CAL_WEATHER,2.3203283083961184,3.314721336,3.7097626867000058,False,3.0227891458,0.16032308234999998,0.17590537720000002,0.3269551475,1.149629836,5.58044411775,8.271267562999999,9.65645031245,18.970611293,0.295,59,0.28125,21,EVENING,False,False
2025-09-03T22:00:00+02:00,2025-09-01T23:00:00+02:00,72,47,M1_GBT_CAL_WEATHER,2.1614057157650404,0.769620749,3.7097626867000058,False,1.5295993422650003,0.30015197629999996,0.3413505711,0.48062303100000003,0.7203259645,1.18367303825,4.9304301066999985,7.6990543521499974,9.388392641000001,0.12,24,0.21875,22,EVENING,False,False
2025-09-03T23:00:00+02:00,2025-09-01T23:00:00+02:00,72,48,M1_GBT_CAL_WEATHER,1.2346222664164421,1.114442491,3.7097626867000058,False,0.8647226704800005,0.29391424415,0.32764426710000005,0.40736876925,0.525233485,0.6552046905,1.1348292387999999,1.7783416551999505,8.257789495,0.05,10,0.125,23,NIGHT,False,False
2025-09-04T00:00:00+02:00,2025-09-01T23:00:00+02:00,72,49,M1_GBT_CAL_WEATHER,1.0835672281541087,0.970048565,3.7097626867000058,False,0.5620527527700001,0.2914592145,0.31723154060000003,0.38519624425,0.4848942,0.61469467875,0.6778701686999999,0.7577742217999999,5.100781581000001,0.01,2,0,0,NIGHT,False,False
2025-09-04T01:00:00+02:00,2025-09-01T23:00:00+02:00,72,50,M1_GBT_CAL_WEATHER,1.0113749660962885,0.604223755,3.7097626867000058,False,0.4788334720400001,0.27997072980000004,0.3105810075,0.38257270849999997,0.48016590800000003,0.5905697409999999,0.6498618703,0.6685748573499999,0.706398996,0.0,0,0,1,NIGHT,False,False
2025-09-04T02:00:00+02:00,2025-09-01T23:00:00+02:00,72,51,M1_GBT_CAL_WEATHER,1.0113749660962885,0.605492126,3.7097626867000058,False,0.4919712787700001,0.2941464511,0.3148955392,0.3852526605,0.483016271,0.5929564869999999,0.6514319019,0.6770379761499999,2.5988895149999998,0.0,0,0,2,NIGHT,False,False
2025-09-04T03:00:00+02:00,2025-09-01T23:00:00+02:00,72,52,M1_GBT_CAL_WEATHER,0.9927498492922258,0.6065813,3.7097626867000058,False,0.5205953469749998,0.29525954155,0.31619243280000003,0.38649830725,0.48426090899999996,0.59414688725,0.6526111793,0.67833727285,8.067121059,0.005,1,0,3,NIGHT,False,False
2025-09-04T04:00:00+02:00,2025-09-01T23:00:00+02:00,72,53,M1_GBT_CAL_WEATHER,0.9927498492922258,0.607417053,3.7097626867000058,False,0.484837718775,0.2961136461,0.3171875749,0.38745412675,0.485215953,0.5950603125,0.6535160707,0.6793282268999999,0.7187130559999999,0.0,0,0,4,NIGHT,False,False
2025-09-04T05:00:00+02:00,2025-09-01T23:00:00+02:00,72,54,M1_GBT_CAL_WEATHER,0.9927498492922258,0.607942429,3.7097626867000058,False,0.5123424851750004,0.29886103355,0.32066836719999997,0.38923969325,0.48712235800000003,0.5966862545,0.6544568504,0.67994668225,5.667558943,0.005,1,0,5,NIGHT,False,False
2025-09-04T06:00:00+02:00,2025-09-01T23:00:00+02:00,72,55,M1_GBT_CAL_WEATHER,0.9927498492922258,0.696314507,3.7097626867000058,False,0.7840976418149999,0.30379484295,0.3384645725,0.42670412074999997,0.5752055599999999,0.75258446475,1.239946617,1.6520532571999977,15.802456072,0.005,1,0,6,NIGHT,False,False
2025-09-04T07:00:00+02:00,2025-09-01T23:00:00+02:00,72,56,M1_GBT_CAL_WEATHER,0.9927498492922258,2.118015268,3.7097626867000058,False,1.1774397501950005,0.33536276025,0.4060354816,0.53140534575,0.827227657,1.51929752875,1.9204214731999998,2.58600779365,14.578359986,0.025,5,0,7,MORNING,False,False
2025-09-04T08:00:00+02:00,2025-09-01T23:00:00+02:00,72,57,M1_GBT_CAL_WEATHER,0.9927498492922258,0.416981444,3.7097626867000058,False,1.0338121200550008,0.16056107725,0.19071747220000002,0.45849914950000004,0.887230686,1.1874207250000002,1.6888179512999997,2.6101675577499974,11.819116609,0.025,5,0,8,MORNING,False,False
2025-09-04T09:00:00+02:00,2025-09-01T23:00:00+02:00,72,58,M1_GBT_CAL_WEATHER,0.9927498492922258,1.080883684,3.7097626867000058,False,0.9859139397500003,0.16823332475,0.19750579750000002,0.8076901317499999,1.0181244465,1.20551799925,1.3288765063999999,1.3803065292499996,8.527663482,0.01,2,0,9,DAYTIME,False,False
2025-09-04T10:00:00+02:00,2025-09-01T23:00:00+02:00,72,59,M1_GBT_CAL_WEATHER,0.9927498492922258,1.07979451,3.7097626867000058,False,0.9962006036700006,0.15846492215,0.22209801080000002,0.84075897525,1.0399599435,1.21773350475,1.3485966673,1.4188770544999993,3.401476707,0.0,0,0,10,DAYTIME,False,False
2025-09-04T11:00:00+02:00,2025-09-01T23:00:00+02:00,72,60,M1_GBT_CAL_WEATHER,1.1529853350004575,1.078526139,3.7097626867000058,False,1.0068446700299998,0.17877158055000003,0.2141475024,0.68801376375,1.0012744075,1.19072999175,1.3364341899,1.4187458470999967,14.87890176,0.01,2,0,11,DAYTIME,False,False
2025-09-04T12:00:00+02:00,2025-09-01T23:00:00+02:00,72,61,M1_GBT_CAL_WEATHER,1.2059473354316246,1.077165011,3.7097626867000058,False,0.7913763789200001,0.14734377485,0.1631709771,0.210613882,0.8385466685,1.10563455875,1.2850981425,1.3625716916000001,10.640050648999999,0.005,1,0.03125,12,DAYTIME,False,False
2025-09-04T13:00:00+02:00,2025-09-01T23:00:00+02:00,72,62,M1_GBT_CAL_WEATHER,1.2326414827488745,1.075803882,3.7097626867000058,False,0.6482366766600001,0.1345166331,0.1473747001,0.17662719600000001,0.2187050285,1.0134391167499999,1.3241520758999998,1.7564305935499978,7.490832008,0.01,2,0.03125,13,DAYTIME,False,False
2025-09-04T14:00:00+02:00,2025-09-01T23:00:00+02:00,72,63,M1_GBT_CAL_WEATHER,1.3736296372000114,0.317499664,3.7097626867000058,False,0.7318190592749997,0.13470907955,0.143135813,0.169576304,0.21085101150000002,1.06807608225,1.5953301740999999,2.565622248899999,5.391122694,0.03,6,0.03125,14,DAYTIME,False,False
2025-09-04T15:00:00+02:00,2025-09-01T23:00:00+02:00,72,64,M1_GBT_CAL_WEATHER,2.4842743863434635,0.192916059,3.7097626867000058,False,0.9386749597700002,0.1359923999,0.1531838379,0.19557364075,0.582620177,1.202690962,2.3908668904999995,2.8955663976499957,7.571133012000001,0.035,7,0.03125,15,DAYTIME,False,False
2025-09-04T16:00:00+02:00,2025-09-01T23:00:00+02:00,72,65,M1_GBT_CAL_WEATHER,2.854738890479159,1.765499808,3.7097626867000058,False,1.8152246337950004,0.154077321,0.1743633646,0.672863084,1.2277533369999998,2.4543248872500003,3.7878002745999995,5.7879107556,9.875179696,0.105,21,0.125,16,RETURN_RAMP,False,False
2025-09-04T17:00:00+02:00,2025-09-01T23:00:00+02:00,72,66,M1_GBT_CAL_WEATHER,2.795482676221923,2.4724813,3.7097626867000058,False,3.9995219230950005,0.24738649310000002,0.7702608378000001,1.3578629665,2.7022614785,6.4087751939999995,9.582705899199999,10.432524782099996,16.22043207,0.335,67,0.25,17,RETURN_RAMP,False,False
2025-09-04T18:00:00+02:00,2025-09-01T23:00:00+02:00,72,67,M1_GBT_CAL_WEATHER,3.4810478927914756,2.840651367,3.7097626867000058,False,5.628343937195004,0.221330315,0.7823421361000001,2.31930948875,4.200605081000001,8.888545737000001,11.0539952947,14.730083251599988,17.991566331,0.515,103,0.40625,18,RETURN_RAMP,True,True
2025-09-04T19:00:00+02:00,2025-09-01T23:00:00+02:00,72,68,M1_GBT_CAL_WEATHER,3.4810478927914756,9.904593075,3.7097626867000058,True,5.69196785797,0.20317950915,0.5481156093000001,2.18245575325,4.296611732500001,9.061039366,11.3221558327,14.834957147049995,19.741775117,0.555,111,0.53125,19,EVENING,True,True
2025-09-04T20:00:00+02:00,2025-09-01T23:00:00+02:00,72,69,M1_GBT_CAL_WEATHER,2.7071149006958657,2.441305985,3.7097626867000058,False,4.342852374360001,0.18904530500000002,0.2161050371,0.9319021820000001,3.0028471999999997,7.494087147749999,9.941115745600001,11.641079104349997,22.58740871,0.43,86,0.34375,20,EVENING,False,False
2025-09-04T21:00:00+02:00,2025-09-01T23:00:00+02:00,72,70,M1_GBT_CAL_WEATHER,2.20893115138097,0.688910065,3.7097626867000058,False,2.5718281260600007,0.16507799555,0.19948722860000004,0.33534397299999996,0.9764012395,3.9555047654999997,7.7644170381,8.399751727999998,15.899867245000001,0.27,54,0.28125,21,EVENING,False,False
2025-09-04T22:00:00+02:00,2025-09-01T23:00:00+02:00,72,71,M1_GBT_CAL_WEATHER,2.1513388319538436,0.970518006,3.7097626867000058,False,1.60287424185,0.2882370519,0.3506921248,0.46530526175,0.649044372,1.2364695965,5.7669941636,7.794437126199999,11.100600736999999,0.12,24,0.21875,22,EVENING,False,False
2025-09-04T23:00:00+02:00,2025-09-01T23:00:00+02:00,72,72,M1_GBT_CAL_WEATHER,1.2053251209785925,2.001897588,3.7097626867000058,False,0.9757322016350003,0.2720648823,0.3113480599,0.415806588,0.554807186,0.893070852,2.0322299062,2.77139094465,8.334526043,0.035,7,0.125,23,NIGHT,False,False
2025-09-05T00:00:00+02:00,2025-09-04T23:00:00+02:00,72,1,M1_GBT_CAL_WEATHER,0.9129772161494627,0.602862627,3.3187679449000007,False,0.7000098249049995,0.27811692345,0.3171833881,0.40132986825,0.5227890909999999,0.646667908,1.6956170681999991,2.1376757896000003,2.94519668,0.0,0,0,0,NIGHT,False,False
2025-09-05T01:00:00+02:00,2025-09-04T23:00:00+02:00,72,2,M1_GBT_CAL_WEATHER,0.9129772161494627,0.604223755,3.3187679449000007,False,0.5641080210850002,0.27997072980000004,0.3105810075,0.38180499875,0.4815668595,0.5945399100000001,0.652798535,0.676651861,12.209721272,0.01,2,0,1,NIGHT,False,False
2025-09-05T02:00:00+02:00,2025-09-04T23:00:00+02:00,72,3,M1_GBT_CAL_WEATHER,0.9129772161494627,0.605492126,3.3187679449000007,False,0.57396285795,0.2941464511,0.3148955392,0.38390871449999997,0.484266718,0.5967517145,0.6556736035999999,0.6788138865000001,9.307850423,0.01,2,0,2,NIGHT,False,False
2025-09-05T03:00:00+02:00,2025-09-04T23:00:00+02:00,72,4,M1_GBT_CAL_WEATHER,0.9129772161494627,0.6065813,3.3187679449000007,False,0.6017210248499997,0.29525954155,0.31619243280000003,0.3850867575,0.48553978600000003,0.59818848,0.6569951098,0.6798997658,13.565581934999999,0.015,3,0,3,NIGHT,False,False
2025-09-05T04:00:00+02:00,2025-09-04T23:00:00+02:00,72,5,M1_GBT_CAL_WEATHER,0.9129772161494627,0.607417053,3.3187679449000007,False,0.5231572843000002,0.2981880863,0.3194864844,0.38745412675,0.487581599,0.5980752739999999,0.6563414593,0.6806709250999999,5.627026616,0.005,1,0,4,NIGHT,False,False
2025-09-05T05:00:00+02:00,2025-09-04T23:00:00+02:00,72,6,M1_GBT_CAL_WEATHER,0.9129772161494627,0.607942429,3.3187679449000007,False,0.4860832889650004,0.29886103355,0.3201566164,0.388054979,0.48712235800000003,0.59563451625,0.6540849085,0.6728729857499999,0.711093471,0.0,0,0,5,NIGHT,False,False
2025-09-05T06:00:00+02:00,2025-09-04T23:00:00+02:00,72,7,M1_GBT_CAL_WEATHER,0.9129772161494627,1.210309874,3.3187679449000007,False,0.6307232487300002,0.30379484295,0.3394556894,0.42050345825,0.5410294375,0.6586387647499999,1.1601822761,1.2724559443999996,2.576928616,0.0,0,0,6,NIGHT,False,False
2025-09-05T07:00:00+02:00,2025-09-04T23:00:00+02:00,72,8,M1_GBT_CAL_WEATHER,0.9129772161494627,2.518623563,3.3187679449000007,False,1.1130790854150003,0.34213256715,0.41018163080000003,0.55159699025,0.9111261740000001,1.4794704865,2.2794883190999995,2.7815286473499996,4.052184206,0.015,3,0.02857142857142857,7,MORNING,False,False
2025-09-05T08:00:00+02:00,2025-09-04T23:00:00+02:00,72,9,M1_GBT_CAL_WEATHER,0.9129772161494627,1.081719437,3.3187679449000007,False,0.9999669022799991,0.1565179335,0.1862991464,0.38040324025,0.9648142685000001,1.2584201415,1.9452776844000002,2.361664604,4.291866361,0.02,4,0,8,MORNING,False,False
2025-09-05T09:00:00+02:00,2025-09-04T23:00:00+02:00,72,10,M1_GBT_CAL_WEATHER,0.9129772161494627,1.080883684,3.3187679449000007,False,1.0346109984899998,0.15971729115,0.1858678607,0.82153547375,1.0165008800000002,1.2261751595,1.3404257921,1.6748358614499996,5.407361712,0.03,6,0,9,DAYTIME,False,False
2025-09-05T10:00:00+02:00,2025-09-04T23:00:00+02:00,72,11,M1_GBT_CAL_WEATHER,0.9129772161494627,0.450610994,3.3187679449000007,False,1.1330342425549997,0.1717884256,0.2477549581000001,0.7985073149999999,1.020977594,1.25526168825,1.3951127386000002,3.0828777685999955,5.461168141,0.05,10,0,10,DAYTIME,False,False
2025-09-05T11:00:00+02:00,2025-09-04T23:00:00+02:00,72,12,M1_GBT_CAL_WEATHER,0.9293898432812443,0.197995861,3.3187679449000007,False,1.1585347548250007,0.17095931455,0.2149729401,0.692401747,0.970396085,1.2490202620000002,1.5894826584,3.578081951149993,12.242489337,0.055,11,0,11,DAYTIME,False,False
2025-09-05T12:00:00+02:00,2025-09-04T23:00:00+02:00,72,13,M1_GBT_CAL_WEATHER,0.8614853974415669,0.196634733,3.3187679449000007,False,1.0064364432300001,0.14580911629999999,0.1671966603,0.25254165700000003,0.86544925,1.1822044035000001,1.3773639094,2.5420153867999975,15.698708585,0.04,8,0.02857142857142857,12,DAYTIME,False,False
2025-09-05T13:00:00+02:00,2025-09-04T23:00:00+02:00,72,14,M1_GBT_CAL_WEATHER,1.01087999905102,0.195273604,3.3187679449000007,False,0.8038238598950003,0.13721323100000002,0.144385109,0.17809769474999998,0.32874911250000005,1.0950849120000001,1.3331750624,1.8259317758499929,17.855831702,0.035,7,0.02857142857142857,13,DAYTIME,False,False
2025-09-05T14:00:00+02:00,2025-09-04T23:00:00+02:00,72,15,M1_GBT_CAL_WEATHER,1.0766404624649106,0.194005234,3.3187679449000007,False,0.6737892583150001,0.13243056175,0.1415906191,0.16489714425,0.212145989,0.9646504147499999,1.3099617096,2.2175003409499983,10.568790457,0.025,5,0.02857142857142857,14,DAYTIME,False,False
2025-09-05T15:00:00+02:00,2025-09-04T23:00:00+02:00,72,16,M1_GBT_CAL_WEATHER,1.4085881853845632,0.192916059,3.3187679449000007,False,0.7164761820200001,0.13582876095,0.1497524878,0.1869035425,0.395593158,1.042056351,1.3735853678,1.996870611749998,4.361883283,0.01,2,0.02857142857142857,15,DAYTIME,False,False
2025-09-05T16:00:00+02:00,2025-09-04T23:00:00+02:00,72,17,M1_GBT_CAL_WEATHER,1.7614910868195268,1.592476397,3.3187679449000007,False,1.28428760246,0.15974898270000001,0.1774341285,0.37578404175,0.9985549874999999,1.34326756575,2.8802815878999994,4.4056844351499995,10.157770198,0.08,16,0.11428571428571428,16,RETURN_RAMP,False,False
2025-09-05T17:00:00+02:00,2025-09-04T23:00:00+02:00,72,18,M1_GBT_CAL_WEATHER,1.8648765837761783,1.761547214,3.3187679449000007,False,3.524626959859999,0.2212611734,0.6731941403,0.98524177325,2.0700642645,5.85327353925,8.413203828899999,10.03460471055,16.113221275,0.34,68,0.22857142857142856,17,RETURN_RAMP,True,False
2025-09-05T18:00:00+02:00,2025-09-04T23:00:00+02:00,72,19,M1_GBT_CAL_WEATHER,2.493913642056836,1.071906013,3.3187679449000007,False,5.574256837360001,0.24312752295000004,0.7878723061999999,1.3773091797500001,4.3384612605,8.64376009475,12.091160449199998,13.3424543781,19.702988713000003,0.56,112,0.4,18,RETURN_RAMP,True,True
2025-09-05T19:00:00+02:00,2025-09-04T23:00:00+02:00,72,20,M1_GBT_CAL_WEATHER,2.424832627516161,1.424618413,3.3187679449000007,False,6.051757744415003,0.16918993225,0.24690821950000005,1.7936571445,5.2281511665,9.794456872500001,12.627489378799996,15.059434272649995,23.061829818,0.6,120,0.5142857142857142,19,EVENING,True,True
2025-09-05T20:00:00+02:00,2025-09-04T23:00:00+02:00,72,21,M1_GBT_CAL_WEATHER,2.20883956270174,1.739207289,3.3187679449000007,False,4.623163145845001,0.19836855925000002,0.2544264474,0.69279679725,2.9952823825,7.690826308,10.818183061299997,13.875915310549997,22.273869446,0.47,94,0.37142857142857144,20,EVENING,True,True
2025-09-05T21:00:00+02:00,2025-09-04T23:00:00+02:00,72,22,M1_GBT_CAL_WEATHER,2.0804782523665035,0.207526273,3.3187679449000007,False,2.8548771018799983,0.1709021192,0.2048405942,0.33148517175000003,0.9582186975,4.515398523,7.9540463505,9.23213248865,15.436674361000001,0.33,66,0.2857142857142857,21,EVENING,False,False
2025-09-05T22:00:00+02:00,2025-09-04T23:00:00+02:00,72,23,M1_GBT_CAL_WEATHER,1.8769825058542176,0.600233128,3.3187679449000007,False,1.8088828348450006,0.293372353,0.3481445337,0.5048719635000001,0.7999484880000001,1.32678336925,6.1264549364999965,8.29068669185,15.687759833000001,0.145,29,0.22857142857142856,22,EVENING,False,False
2025-09-05T23:00:00+02:00,2025-09-04T23:00:00+02:00,72,24,M1_GBT_CAL_WEATHER,1.0550339300286622,0.618212331,3.3187679449000007,False,0.9385931506150001,0.2801508971,0.31704108459999997,0.4171896555,0.5548219595,0.695677695,1.276407944,3.6755687013499903,8.244956859,0.055,11,0.11428571428571428,23,NIGHT,False,False
2025-09-06T00:00:00+02:00,2025-09-04T23:00:00+02:00,72,25,M1_GBT_CAL_WEATHER,0.9313885665226805,0.602862627,3.3187679449000007,False,0.5465614809499999,0.2726392803,0.3087706644,0.38373784925,0.48330077250000003,0.59466891925,0.6651464978,0.7098765022499982,7.790392201,0.005,1,0,0,NIGHT,False,False
2025-09-06T01:00:00+02:00,2025-09-04T23:00:00+02:00,72,26,M1_GBT_CAL_WEATHER,0.9313885665226805,0.604223755,3.3187679449000007,False,0.4839743779500003,0.27442462355,0.3090537995,0.38257270849999997,0.482710967,0.5945399100000001,0.6500586041,0.67552491385,1.310413368,0.0,0,0,1,NIGHT,False,False
2025-09-06T02:00:00+02:00,2025-09-04T23:00:00+02:00,72,27,M1_GBT_CAL_WEATHER,0.9313885665226805,0.605492126,3.3187679449000007,False,0.48088588988999975,0.2760882977,0.31031986240000003,0.38390871449999997,0.483016271,0.594074585,0.6511974301,0.6700408691499999,0.708000194,0.0,0,0,2,NIGHT,False,False
2025-09-06T03:00:00+02:00,2025-09-04T23:00:00+02:00,72,28,M1_GBT_CAL_WEATHER,0.9313885665226805,0.6065813,3.3187679449000007,False,0.48217611826999973,0.2775169278,0.31140705560000004,0.3850867575,0.48426090899999996,0.59523548775,0.6523443012,0.6712997623999999,0.709375174,0.0,0,0,3,NIGHT,False,False
2025-09-06T04:00:00+02:00,2025-09-04T23:00:00+02:00,72,29,M1_GBT_CAL_WEATHER,0.9313885665226805,0.607417053,3.3187679449000007,False,0.512243358625,0.287667336,0.3171875749,0.38867066775000003,0.487581599,0.5992890415000001,0.6539220567999999,0.6806709250999999,3.679060595,0.005,1,0,4,NIGHT,False,False
2025-09-06T05:00:00+02:00,2025-09-04T23:00:00+02:00,72,30,M1_GBT_CAL_WEATHER,0.9313885665226805,0.607942429,3.3187679449000007,False,0.6961688164800005,0.28350313165,0.3178131466,0.39784793350000003,0.490787488,0.6115275515,0.6825160194,2.6474808871999937,6.625663213999999,0.04,8,0,5,NIGHT,False,False
2025-09-06T06:00:00+02:00,2025-09-04T23:00:00+02:00,72,31,M1_GBT_CAL_WEATHER,0.9313885665226805,1.611920524,3.3187679449000007,False,1.0254677517599995,0.2991520837,0.3380876982,0.43729470975,0.588188897,1.056377752,2.8834796551999995,3.3406017595499993,4.592052926,0.055,11,0,6,NIGHT,False,False
2025-09-06T07:00:00+02:00,2025-09-04T23:00:00+02:00,72,32,M1_GBT_CAL_WEATHER,0.9313885665226805,3.759902613,3.3187679449000007,True,1.8131192746750011,0.31290556595,0.3594788264,0.52534217425,1.1398379745,2.914845605,4.2170198467999995,4.78062876425,6.106779157,0.215,43,0.02857142857142857,7,MORNING,False,False
2025-09-06T08:00:00+02:00,2025-09-04T23:00:00+02:00,72,33,M1_GBT_CAL_WEATHER,0.9313885665226805,1.081719437,3.3187679449000007,False,1.47664206321,0.1683242118,0.2004022493,0.52625154175,1.0191390055,2.1324079554999997,3.7674898020999996,4.26277560635,5.443457603,0.135,27,0,8,MORNING,False,False
2025-09-06T09:00:00+02:00,2025-09-04T23:00:00+02:00,72,34,M1_GBT_CAL_WEATHER,0.9313885665226805,1.080883684,3.3187679449000007,False,1.3975658965400006,0.17391879075000002,0.2131743321,0.8210116635,1.106217271,1.3347486435,3.631274619099999,4.2829372846,7.131600764000001,0.115,23,0,9,DAYTIME,False,False
2025-09-06T10:00:00+02:00,2025-09-04T23:00:00+02:00,72,35,M1_GBT_CAL_WEATHER,0.9129772161494627,1.07979451,3.3187679449000007,False,1.129435469135,0.1809809651,0.219215807,0.77535215525,0.993098917,1.1976884785,1.3500512457,1.3979108649499998,15.273027788,0.025,5,0,10,DAYTIME,False,False
2025-09-06T11:00:00+02:00,2025-09-04T23:00:00+02:00,72,36,M1_GBT_CAL_WEATHER,0.8614853974415669,1.078526139,3.3187679449000007,False,1.1756226700500003,0.1718643226,0.2270565937,0.772521596,1.011410857,1.23981384875,1.3929904476000001,2.0770083091999996,15.351023956,0.035,7,0,11,DAYTIME,False,False
2025-09-06T12:00:00+02:00,2025-09-04T23:00:00+02:00,72,37,M1_GBT_CAL_WEATHER,1.01087999905102,0.682517631,3.3187679449000007,False,1.0444718613799997,0.14883806365,0.1696389456,0.30702003275,0.9688014805,1.24558764825,1.4622678651999999,3.0384565167499997,13.507522363,0.04,8,0.02857142857142857,12,DAYTIME,False,False
2025-09-06T13:00:00+02:00,2025-09-04T23:00:00+02:00,72,38,M1_GBT_CAL_WEATHER,1.01087999905102,0.195273604,3.3187679449000007,False,0.846508092805,0.1427783098,0.16031107060000002,0.19370667675,0.4970974025,1.12637563,1.3748840731999994,3.4461943133499986,5.633221967000001,0.055,11,0.02857142857142857,13,DAYTIME,False,False
2025-09-06T14:00:00+02:00,2025-09-04T23:00:00+02:00,72,39,M1_GBT_CAL_WEATHER,1.0950518128381286,0.194005234,3.3187679449000007,False,0.8270848095149995,0.13762373185,0.1526502143,0.17509946175,0.2251879855,1.0732731475,1.3378054846999998,3.7604157360999997,9.230426249,0.06,12,0.02857142857142857,14,DAYTIME,False,False
2025-09-06T15:00:00+02:00,2025-09-04T23:00:00+02:00,72,40,M1_GBT_CAL_WEATHER,1.552126147404352,1.593312149,3.3187679449000007,False,1.1006704690850002,0.1395231426,0.1552358041,0.19874539775,0.7861625315,1.29926300725,2.481101112499999,3.3485205320999984,14.460468291,0.06,12,0.02857142857142857,15,DAYTIME,False,False
2025-09-06T16:00:00+02:00,2025-09-04T23:00:00+02:00,72,41,M1_GBT_CAL_WEATHER,1.7799024371927448,0.504845392,3.3187679449000007,False,1.8005958332750003,0.1397125856,0.16313467350000002,0.65007682525,1.116273747,2.2505640025,3.6448999327999996,6.3846249182499974,17.1006328,0.135,27,0.11428571428571428,16,RETURN_RAMP,False,False
2025-09-06T17:00:00+02:00,2025-09-04T23:00:00+02:00,72,42,M1_GBT_CAL_WEATHER,1.8648765837761783,1.072085209,3.3187679449000007,False,2.5260166857900006,0.2477522592,0.5178821444,0.9035498805,1.3583068109999998,2.86252720325,6.912220416799999,9.55954422735,13.019262757,0.2,40,0.22857142857142856,17,RETURN_RAMP,False,False
2025-09-06T18:00:00+02:00,2025-09-04T23:00:00+02:00,72,43,M1_GBT_CAL_WEATHER,2.543406737523296,2.472302104,3.3187679449000007,False,2.7972278033300007,0.15792127435,0.2061771236,0.9205813134999999,1.5493597289999999,3.7118065387500003,7.7553823582999994,9.528534400599996,11.642400922999999,0.28,56,0.4,18,RETURN_RAMP,False,True
2025-09-06T19:00:00+02:00,2025-09-04T23:00:00+02:00,72,44,M1_GBT_CAL_WEATHER,2.543406737523296,1.825919218,3.3187679449000007,False,3.4872182067700033,0.16913211955,0.2114551977,1.01775757875,2.3224039195,4.73696262325,8.984220388,10.159866519549995,18.758228662,0.375,75,0.5142857142857142,19,EVENING,True,True
2025-09-06T20:00:00+02:00,2025-09-04T23:00:00+02:00,72,45,M1_GBT_CAL_WEATHER,2.2583326581681997,1.404131116,3.3187679449000007,False,3.251509894255,0.1851544138,0.2265599908,0.48985377925,1.973263515,4.74184121875,8.7227399152,9.571373545649998,15.643533653999999,0.335,67,0.37142857142857144,20,EVENING,False,True
2025-09-06T21:00:00+02:00,2025-09-04T23:00:00+02:00,72,46,M1_GBT_CAL_WEATHER,2.0620669019932856,6.960798541,3.3187679449000007,True,3.0086703727049984,0.16490830520000002,0.1925250601,0.35147121775,0.961313705,6.0305863245,8.0106887564,8.99401106449999,18.17928671,0.34,68,0.2857142857142857,21,EVENING,True,False
2025-09-06T22:00:00+02:00,2025-09-04T23:00:00+02:00,72,47,M1_GBT_CAL_WEATHER,1.6131975212028413,2.869330675,3.3187679449000007,False,1.8198603004350007,0.32761273395,0.39739572190000005,0.5145021999999999,0.7638655560000001,1.3056978457500001,6.7026642994,7.981583067999998,20.095697765,0.155,31,0.22857142857142856,22,EVENING,False,False
2025-09-06T23:00:00+02:00,2025-09-04T23:00:00+02:00,72,48,M1_GBT_CAL_WEATHER,1.0366225796554442,1.200519318,3.3187679449000007,False,0.8540623564550006,0.27567391925,0.33012907490000004,0.42564812525,0.5676399560000001,0.88265462225,1.2892939786,2.077768566899998,7.964807936000001,0.035,7,0.11428571428571428,23,NIGHT,False,False
2025-09-07T00:00:00+02:00,2025-09-04T23:00:00+02:00,72,49,M1_GBT_CAL_WEATHER,0.9129772161494627,0.83244928,3.3187679449000007,False,0.7244404779949992,0.27742728265,0.3184090312,0.40423866325,0.5262306545,0.6429858024999999,1.0101845727999996,2.2342943143499987,7.918612354,0.015,3,0,0,NIGHT,False,False
2025-09-07T01:00:00+02:00,2025-09-04T23:00:00+02:00,72,50,M1_GBT_CAL_WEATHER,0.9129772161494627,0.604223755,3.3187679449000007,False,0.5495705352200001,0.27905530144999996,0.3154133415,0.3876521315,0.484883253,0.59606724225,0.652798535,0.676651861,7.787338394000001,0.01,2,0,1,NIGHT,False,False
2025-09-07T02:00:00+02:00,2025-09-04T23:00:00+02:00,72,51,M1_GBT_CAL_WEATHER,0.9129772161494627,0.605492126,3.3187679449000007,False,0.53081136558,0.28057237335,0.3170311842,0.389115746,0.487715857,0.5976669065,0.6556736035999999,0.6788138865000001,6.215889477,0.005,1,0,2,NIGHT,False,False
2025-09-07T03:00:00+02:00,2025-09-04T23:00:00+02:00,72,52,M1_GBT_CAL_WEATHER,0.9129772161494627,0.6065813,3.3187679449000007,False,0.48627367267999977,0.2818751129,0.3184204575,0.3898408445,0.486731881,0.597149995,0.6526111793,0.6712997623999999,0.709375174,0.0,0,0,3,NIGHT,False,False
2025-09-07T04:00:00+02:00,2025-09-04T23:00:00+02:00,72,53,M1_GBT_CAL_WEATHER,0.9129772161494627,0.607417053,3.3187679449000007,False,0.48726369970999994,0.28287474045,0.3194864844,0.39088469449999996,0.4878395175,0.5980752739999999,0.6535160707,0.6722657439499998,0.710430233,0.0,0,0,4,NIGHT,False,False
2025-09-07T05:00:00+02:00,2025-09-04T23:00:00+02:00,72,54,M1_GBT_CAL_WEATHER,0.9129772161494627,0.607942429,3.3187679449000007,False,0.4878860566450004,0.28350313165,0.3201566164,0.39154088649999996,0.488535807,0.59865692875,0.6540849085,0.6728729857499999,0.711093471,0.0,0,0,5,NIGHT,False,False
2025-09-07T06:00:00+02:00,2025-09-04T23:00:00+02:00,72,55,M1_GBT_CAL_WEATHER,0.9129772161494627,0.608121625,3.3187679449000007,False,0.6749675583450001,0.2990905632,0.3259986812,0.417777309,0.567367939,0.703709887,1.1513750633,1.5132240310999996,3.232979957,0.0,0,0,6,NIGHT,False,False
2025-09-07T07:00:00+02:00,2025-09-04T23:00:00+02:00,72,56,M1_GBT_CAL_WEATHER,0.9313885665226805,0.607942429,3.3187679449000007,False,1.03694351073,0.3034684801,0.34504222290000003,0.48097059324999997,0.7012412185,1.4009598505,2.0576317649999996,2.4308296311499964,3.944315877,0.02,4,0.02857142857142857,7,MORNING,False,False
2025-09-07T08:00:00+02:00,2025-09-04T23:00:00+02:00,72,57,M1_GBT_CAL_WEATHER,0.9313885665226805,0.371184649,3.3187679449000007,False,0.9443310157600002,0.15128083535,0.1739328386,0.363202761,0.8978409940000001,1.2358855,1.7791679349999985,2.3898347718,3.5377982469999996,0.015,3,0,8,MORNING,False,False
2025-09-07T09:00:00+02:00,2025-09-04T23:00:00+02:00,72,58,M1_GBT_CAL_WEATHER,0.9129772161494627,1.080883684,3.3187679449000007,False,0.9554650339700005,0.1664376335,0.19654628680000003,0.75740765,1.0002919755,1.2072655305,1.3229492004999999,1.4086383720000002,5.323866957,0.015,3,0,9,DAYTIME,False,False
2025-09-07T10:00:00+02:00,2025-09-04T23:00:00+02:00,72,59,M1_GBT_CAL_WEATHER,0.9293898432812443,1.07979451,3.3187679449000007,False,1.0254702879149997,0.16984167485,0.1971859342,0.76055433125,1.020977594,1.235498835,1.3663623682,1.5558301134999966,5.139456803,0.025,5,0,10,DAYTIME,False,False
2025-09-07T11:00:00+02:00,2025-09-04T23:00:00+02:00,72,60,M1_GBT_CAL_WEATHER,1.0787844448906976,1.078526139,3.3187679449000007,False,1.1032093029049996,0.18442698135,0.2200050718,0.75508486325,1.048497247,1.2765122410000003,1.4506445801,2.7638143842499963,5.230267678,0.035,7,0,11,DAYTIME,False,False
2025-09-07T12:00:00+02:00,2025-09-04T23:00:00+02:00,72,61,M1_GBT_CAL_WEATHER,1.0787844448906976,1.077165011,3.3187679449000007,False,1.0912103196750003,0.1585024024,0.1887385215,0.42808431775,0.9220015395,1.2193469272500002,1.8247362408999994,3.5515392939999986,8.427796512999999,0.055,11,0.02857142857142857,12,DAYTIME,False,False
2025-09-07T13:00:00+02:00,2025-09-04T23:00:00+02:00,72,62,M1_GBT_CAL_WEATHER,1.4414988403139666,2.485275256,3.3187679449000007,False,1.0796998084100005,0.1555012811,0.1662261017,0.207194671,0.8376328055,1.27987815925,2.5487115568,3.02144198105,9.954052876,0.045,9,0.02857142857142857,13,DAYTIME,False,False
2025-09-07T14:00:00+02:00,2025-09-04T23:00:00+02:00,72,63,M1_GBT_CAL_WEATHER,1.5651442038199483,2.53229992,3.3187679449000007,False,1.3192004881599992,0.1488017828,0.16147526680000002,0.20644989125,1.0518319965,2.1993642795,2.9907625547,3.3194331031499993,6.140397066,0.05,10,0.02857142857142857,14,DAYTIME,False,False
2025-09-07T15:00:00+02:00,2025-09-04T23:00:00+02:00,72,64,M1_GBT_CAL_WEATHER,1.8318851932098772,1.357921885,3.3187679449000007,False,1.7839459025750009,0.15297950055,0.1752529595,0.4934334995,1.5720538755,2.5641201955,3.1367153183999994,4.597878363399997,12.047309173,0.075,15,0.02857142857142857,15,DAYTIME,False,False
2025-09-07T16:00:00+02:00,2025-09-04T23:00:00+02:00,72,65,M1_GBT_CAL_WEATHER,2.1499221632117154,1.592476397,3.3187679449000007,False,2.755404343715002,0.1980279996,0.4387703169000003,1.063412871,2.1697779835000004,2.8870698045000003,7.1000069414999984,9.354412985199993,15.793138737,0.18,36,0.11428571428571428,16,RETURN_RAMP,False,False
2025-09-07T17:00:00+02:00,2025-09-04T23:00:00+02:00,72,66,M1_GBT_CAL_WEATHER,2.5947589062924625,1.948126318,3.3187679449000007,False,2.93380542024,0.46161171310000004,0.7524969297000002,1.1745444375,2.345646309,3.192708685,6.576935494299998,9.23180400825,14.900647637999999,0.225,45,0.22857142857142856,17,RETURN_RAMP,False,False
2025-09-07T18:00:00+02:00,2025-09-04T23:00:00+02:00,72,67,M1_GBT_CAL_WEATHER,3.1463390046281403,1.071906013,3.3187679449000007,False,3.4274118620699996,0.2137318929,0.7616106636000001,1.2620267635000002,2.571350563,4.4712150765,7.897465822799998,9.821890391749996,14.767882531,0.335,67,0.4,18,RETURN_RAMP,False,True
2025-09-07T19:00:00+02:00,2025-09-04T23:00:00+02:00,72,68,M1_GBT_CAL_WEATHER,2.1928934198640873,3.170087669,3.3187679449000007,False,3.692854975490003,0.18492351875000002,0.20395658349999998,1.0421627355,2.5327578625,5.6958674794999995,9.072508732500001,10.714229602749999,15.477788494,0.395,79,0.5142857142857142,19,EVENING,True,True
2025-09-07T20:00:00+02:00,2025-09-04T23:00:00+02:00,72,69,M1_GBT_CAL_WEATHER,1.9769003550496662,1.089252297,3.3187679449000007,False,3.4970548538400026,0.18564034299999999,0.20982507720000002,0.62730820875,2.1062782899999997,6.1125522750000005,8.471140026499999,9.922524651749997,19.445905731,0.36,72,0.37142857142857144,20,EVENING,True,False
2025-09-07T21:00:00+02:00,2025-09-04T23:00:00+02:00,72,70,M1_GBT_CAL_WEATHER,1.7115535843340783,0.399721167,3.3187679449000007,False,3.305975282770002,0.17820226755,0.19899871160000002,0.42746394425,1.9825604120000002,5.3200209775,8.8016230558,10.140782860649994,18.654517579,0.32,64,0.2857142857142857,21,EVENING,False,False
2025-09-07T22:00:00+02:00,2025-09-04T23:00:00+02:00,72,71,M1_GBT_CAL_WEATHER,1.6131975212028413,2.717308852,3.3187679449000007,False,2.155163986995001,0.27453564475,0.3248241364,0.49480840275,0.7936501555,2.4645204100000004,7.6813328481,8.4126355699,14.738208432,0.185,37,0.22857142857142856,22,EVENING,False,False
2025-09-07T23:00:00+02:00,2025-09-04T23:00:00+02:00,72,72,M1_GBT_CAL_WEATHER,1.0366225796554442,0.972273632,3.3187679449000007,False,0.9276378732099999,0.27117194345,0.3167540783,0.4110390205,0.5684196484999999,0.79523473775,1.8316273345999996,3.6554240196499967,6.763365862,0.055,11,0.11428571428571428,23,NIGHT,False,False
2025-09-08T00:00:00+02:00,2025-09-07T23:00:00+02:00,72,1,M1_GBT_CAL_WEATHER,0.9776307403530641,0.602862627,3.112946172899999,False,0.6818881765900001,0.27295378655,0.3046981474,0.3894762025,0.5205563945,0.646639677,1.5062194807999996,2.257750967399998,2.992242086,0.0,0,0,0,NIGHT,False,False
2025-09-08T01:00:00+02:00,2025-09-07T23:00:00+02:00,72,2,M1_GBT_CAL_WEATHER,0.9776307403530641,0.604223755,3.112946172899999,False,0.5890387298949998,0.27997072980000004,0.3092762134,0.3721573255,0.48068291350000003,0.5963093245,0.6612860959,0.6985159463499999,8.94877736,0.005,1,0,1,NIGHT,False,False
2025-09-08T02:00:00+02:00,2025-09-07T23:00:00+02:00,72,3,M1_GBT_CAL_WEATHER,0.9776307403530641,0.605492126,3.112946172899999,False,0.6256336172649997,0.29500353785,0.3148955392,0.38387618625,0.484266718,0.59904505425,0.6652415521999999,0.700050428,9.18807232,0.01,2,0,2,NIGHT,False,False
2025-09-08T03:00:00+02:00,2025-09-07T23:00:00+02:00,72,4,M1_GBT_CAL_WEATHER,0.9616624698281938,0.6065813,3.112946172899999,False,0.6631169777199992,0.29987334285,0.3206350326,0.3898408445,0.4890222955,0.6059275042500001,0.6671398322,0.7086000233999985,11.960278262,0.015,3,0,3,NIGHT,False,False
2025-09-08T04:00:00+02:00,2025-09-07T23:00:00+02:00,72,5,M1_GBT_CAL_WEATHER,0.9616624698281938,0.607417053,3.112946172899999,False,0.7811489268349996,0.3027941873,0.3233875349,0.39963491025,0.495691231,0.60929800525,0.6793985778,1.8423486047999973,15.656133919,0.025,5,0,4,NIGHT,False,False
2025-09-08T05:00:00+02:00,2025-09-07T23:00:00+02:00,72,6,M1_GBT_CAL_WEATHER,0.9616624698281938,0.607942429,3.112946172899999,False,0.7432001080499994,0.3055949844,0.3257827905,0.39784793350000003,0.5012977395,0.6115275515,0.6732418505,1.8235544149999972,10.248997602,0.025,5,0,5,NIGHT,False,False
2025-09-08T06:00:00+02:00,2025-09-07T23:00:00+02:00,72,7,M1_GBT_CAL_WEATHER,0.9616624698281938,0.608121625,3.112946172899999,False,1.0045358497499997,0.32039242735,0.3433815754,0.4348191335,0.5981926925,1.11023341925,1.8446507779999999,2.777223973649998,13.116407779000001,0.03,6,0,6,NIGHT,False,False
2025-09-08T07:00:00+02:00,2025-09-07T23:00:00+02:00,72,8,M1_GBT_CAL_WEATHER,0.9616624698281938,0.607942429,3.112946172899999,False,1.3388333285249996,0.33178435155,0.3927129479,0.532675147,0.9624880925,1.6832773005,2.6295574439999996,3.3531553771999976,12.057533193,0.065,13,0.05263157894736842,7,MORNING,False,False
2025-09-08T08:00:00+02:00,2025-09-07T23:00:00+02:00,72,9,M1_GBT_CAL_WEATHER,0.9616624698281938,0.201189159,3.112946172899999,False,1.0661253395899992,0.1729177378,0.21220524429999998,0.52852378175,0.9489825445000001,1.24968610325,2.090266580099999,2.6985610963999993,6.713359292000001,0.035,7,0,8,MORNING,False,False
2025-09-08T09:00:00+02:00,2025-09-07T23:00:00+02:00,72,10,M1_GBT_CAL_WEATHER,0.9616624698281938,0.200353406,3.112946172899999,False,0.9856109537950003,0.18827644335,0.232032388,0.8282196767500001,1.0318678170000002,1.2261751595,1.3392092774,1.3763358797999996,3.715086527,0.005,1,0,9,DAYTIME,False,False
2025-09-08T10:00:00+02:00,2025-09-07T23:00:00+02:00,72,11,M1_GBT_CAL_WEATHER,0.9774997005491325,0.199264232,3.112946172899999,False,1.07808027127,0.2307835997,0.5159737059,0.8436659697500001,1.0367001625,1.2247831369999997,1.3344747889,1.39550539395,8.189526659,0.02,4,0,10,DAYTIME,False,False
2025-09-08T11:00:00+02:00,2025-09-07T23:00:00+02:00,72,12,M1_GBT_CAL_WEATHER,1.08627158653887,0.913093732,3.112946172899999,False,1.0980748764,0.1719497594,0.2102457588,0.7672707672500001,1.005408687,1.2484476655,1.3730375977000002,2.8270509331499984,7.584450234,0.045,9,0,11,DAYTIME,False,False
2025-09-08T12:00:00+02:00,2025-09-07T23:00:00+02:00,72,13,M1_GBT_CAL_WEATHER,1.08627158653887,1.077165011,3.112946172899999,False,0.9439290555400005,0.1403591787,0.1604255331,0.21503780525,0.8556916635,1.17820829925,1.5569747951,2.627788707049999,7.406234533999999,0.035,7,0.02631578947368421,12,DAYTIME,False,False
2025-09-08T13:00:00+02:00,2025-09-07T23:00:00+02:00,72,14,M1_GBT_CAL_WEATHER,1.08627158653887,1.075803882,3.112946172899999,False,0.9734290095350001,0.1393536815,0.15419339140000002,0.18682782175,0.5073712035,1.2249599822500001,2.5479769244999995,2.932047629749996,12.391399732,0.05,10,0.02631578947368421,13,DAYTIME,False,False
2025-09-08T14:00:00+02:00,2025-09-07T23:00:00+02:00,72,15,M1_GBT_CAL_WEATHER,1.1903535381499093,2.474931603,3.112946172899999,False,0.9567481087449999,0.1368510436,0.143135813,0.1693064495,0.291184629,1.359419486,2.338759493499999,2.7954931173,9.935794505,0.04,8,0.02631578947368421,14,DAYTIME,False,False
2025-09-08T15:00:00+02:00,2025-09-07T23:00:00+02:00,72,16,M1_GBT_CAL_WEATHER,1.5278518432303805,1.073446337,3.112946172899999,False,0.8362390689200001,0.1404555087,0.1553924776,0.17848078425,0.532878568,1.15414763775,2.1066138872,2.5324219593499997,7.830448915,0.005,1,0.02631578947368421,15,DAYTIME,False,False
2025-09-08T16:00:00+02:00,2025-09-07T23:00:00+02:00,72,17,M1_GBT_CAL_WEATHER,1.4568722525151965,2.473006676,3.112946172899999,False,1.4333932551000002,0.15074129995,0.1645017966,0.43288433275,1.024185379,2.011990169,3.037824162099999,4.022942935799998,7.788837311,0.1,20,0.10526315789473684,16,RETURN_RAMP,False,False
2025-09-08T17:00:00+02:00,2025-09-07T23:00:00+02:00,72,18,M1_GBT_CAL_WEATHER,1.5537419536257255,3.611822578,3.112946172899999,True,3.3553445769499994,0.20970009215,0.32948645930000003,0.8591993015,1.756235782,5.001803113499999,8.794397994599995,10.616891451599999,15.444590493,0.32,64,0.23684210526315788,17,RETURN_RAMP,False,False
2025-09-08T18:00:00+02:00,2025-09-07T23:00:00+02:00,72,19,M1_GBT_CAL_WEATHER,2.0174510105275165,7.591375735,3.112946172899999,True,5.008014424245001,0.2061585968,0.7996172119000001,1.2641582147500001,4.069816342999999,8.180832484249999,10.225883055799999,12.122861976199996,15.789834016,0.545,109,0.3684210526315789,18,RETURN_RAMP,True,True
2025-09-08T19:00:00+02:00,2025-09-07T23:00:00+02:00,72,20,M1_GBT_CAL_WEATHER,2.0174510105275165,7.591554931,3.112946172899999,True,5.351732125265003,0.17230859845,0.2200599866,1.2004769415,4.137427969,8.849550477,11.2984297853,14.275912220499993,19.645297595,0.57,114,0.5263157894736842,19,EVENING,True,True
2025-09-08T20:00:00+02:00,2025-09-07T23:00:00+02:00,72,21,M1_GBT_CAL_WEATHER,1.8081031275235955,10.166290178,3.112946172899999,True,3.6858324438400016,0.15707145700000003,0.20070530410000004,0.378786912,2.2717128625000003,7.330680665999999,8.909013151699995,10.772187643599997,18.775328854,0.41,82,0.39473684210526316,20,EVENING,True,True
2025-09-08T21:00:00+02:00,2025-09-07T23:00:00+02:00,72,22,M1_GBT_CAL_WEATHER,1.6930422925334367,8.329325808,3.112946172899999,True,2.4946147267099996,0.2400620605,0.38327810390000006,0.6152914985,1.094814467,3.2213951565000003,7.9410785931,8.633502108849996,14.915662490999999,0.255,51,0.3157894736842105,21,EVENING,False,False
2025-09-08T22:00:00+02:00,2025-09-07T23:00:00+02:00,72,23,M1_GBT_CAL_WEATHER,1.6335367672233423,3.181338907,3.112946172899999,True,1.3477123188599998,0.25092923229999997,0.3293708524,0.46429905225,0.7165034939999999,1.1107380517499998,3.325143604999999,6.844521147999995,8.627569124999999,0.12,24,0.21052631578947367,22,EVENING,False,False
2025-09-08T23:00:00+02:00,2025-09-07T23:00:00+02:00,72,24,M1_GBT_CAL_WEATHER,1.0817126919641034,0.601501498,3.112946172899999,False,0.7366003172450002,0.25225127555,0.31013227509999997,0.40779064875,0.5553664195,0.6997546575,1.0878600548,1.2653437977999997,7.927666197000001,0.025,5,0.10526315789473684,23,NIGHT,False,False
2025-09-09T00:00:00+02:00,2025-09-07T23:00:00+02:00,72,25,M1_GBT_CAL_WEATHER,0.9776307403530641,0.602862627,3.112946172899999,False,0.5965904169699994,0.26470036625000004,0.3001104969,0.38113899700000003,0.48330077250000003,0.60634789875,0.6762132443,0.7910923132499994,12.431111293999999,0.01,2,0,0,NIGHT,False,False
2025-09-09T01:00:00+02:00,2025-09-07T23:00:00+02:00,72,26,M1_GBT_CAL_WEATHER,0.9776307403530641,0.604223755,3.112946172899999,False,0.5323588871249999,0.26630471065,0.30412075099999997,0.38180499875,0.48016590800000003,0.59606724225,0.652798535,0.67754202675,9.370804862,0.005,1,0,1,NIGHT,False,False
2025-09-09T02:00:00+02:00,2025-09-07T23:00:00+02:00,72,27,M1_GBT_CAL_WEATHER,0.9776307403530641,0.605492126,3.112946172899999,False,0.550938254725,0.28057237335,0.31031986240000003,0.38390871449999997,0.481691512,0.5976669065,0.6519626259,0.67829134335,12.960725722,0.005,1,0,2,NIGHT,False,False
2025-09-09T03:00:00+02:00,2025-09-07T23:00:00+02:00,72,28,M1_GBT_CAL_WEATHER,0.9616624698281938,0.6065813,3.112946172899999,False,0.6242110758549995,0.2818751129,0.31140705560000004,0.3850867575,0.4830015775,0.59818848,0.653071324,0.67969919955,15.327618765,0.01,2,0,3,NIGHT,False,False
2025-09-09T04:00:00+02:00,2025-09-07T23:00:00+02:00,72,29,M1_GBT_CAL_WEATHER,0.9616624698281938,0.607417053,3.112946172899999,False,0.5928653838000001,0.28287474045,0.31224128770000004,0.386015662,0.484006826,0.5992890415000001,0.6539220567999999,0.6806709250999999,15.328769084000001,0.01,2,0,4,NIGHT,False,False
2025-09-09T05:00:00+02:00,2025-09-07T23:00:00+02:00,72,30,M1_GBT_CAL_WEATHER,0.9616624698281938,0.607942429,3.112946172899999,False,0.5307909699050004,0.28350313165,0.3127657086,0.3865995955,0.484638752,0.5999808835,0.6544568504,0.68120104835,9.001746697,0.005,1,0,5,NIGHT,False,False
2025-09-09T06:00:00+02:00,2025-09-07T23:00:00+02:00,72,31,M1_GBT_CAL_WEATHER,0.9616624698281938,0.608121625,3.112946172899999,False,0.6848857894999998,0.30816955685,0.3396311318,0.42897066300000003,0.5521869365000001,0.67819747025,1.1396012302999996,1.4671032258999992,6.076458335,0.005,1,0,6,NIGHT,False,False
2025-09-09T07:00:00+02:00,2025-09-07T23:00:00+02:00,72,32,M1_GBT_CAL_WEATHER,0.9616624698281938,1.508722875,3.112946172899999,False,1.2112528194749996,0.3179263168,0.3866009902,0.510619409,0.7221275145,1.49780859675,2.3006861203,3.1002311090499965,15.661215228000001,0.05,10,0.05263157894736842,7,MORNING,False,False
2025-09-09T08:00:00+02:00,2025-09-07T23:00:00+02:00,72,33,M1_GBT_CAL_WEATHER,0.9616624698281938,0.239472444,3.112946172899999,False,1.0347483657149992,0.15993179675,0.1711841854,0.26440560350000003,0.870020252,1.2047432635,1.8839161483999998,2.7984419990999974,15.768830251999999,0.045,9,0,8,MORNING,False,False
2025-09-09T09:00:00+02:00,2025-09-07T23:00:00+02:00,72,34,M1_GBT_CAL_WEATHER,0.9616624698281938,0.200353406,3.112946172899999,False,0.9778602497499997,0.1605400149,0.1732986297,0.7512173019999999,0.9707057845,1.16709728975,1.3204706955,1.3678064446999998,15.859754409,0.01,2,0,9,DAYTIME,False,False
2025-09-09T10:00:00+02:00,2025-09-07T23:00:00+02:00,72,35,M1_GBT_CAL_WEATHER,0.9616624698281938,0.883309282,3.112946172899999,False,1.048698372115,0.16803904015,0.20548884180000002,0.7563345337499999,0.996820303,1.19137686125,1.3279986166999997,1.3742606428,13.183334616,0.02,4,0,10,DAYTIME,False,False
2025-09-09T11:00:00+02:00,2025-09-07T23:00:00+02:00,72,36,M1_GBT_CAL_WEATHER,0.9616624698281938,1.078526139,3.112946172899999,False,1.0454509723300003,0.190078702,0.216003025,0.67301118925,0.971691888,1.1706856675000001,1.3379487554,1.3937904948999997,8.457085944,0.03,6,0,11,DAYTIME,False,False
2025-09-09T12:00:00+02:00,2025-09-07T23:00:00+02:00,72,37,M1_GBT_CAL_WEATHER,0.9616624698281938,1.077165011,3.112946172899999,False,0.8855332308550007,0.15552959805,0.1788950965,0.21945013200000002,0.8912506330000001,1.1543126002500002,1.3365186376999998,1.4198880580499984,8.240087471999999,0.025,5,0.02631578947368421,12,DAYTIME,False,False
2025-09-09T13:00:00+02:00,2025-09-07T23:00:00+02:00,72,38,M1_GBT_CAL_WEATHER,0.9616624698281938,1.075803882,3.112946172899999,False,0.718044635435,0.14191909745,0.1591311752,0.195102748,0.7037457094999999,1.0695489817500001,1.2787553737999997,1.3806730595999999,4.786845081,0.02,4,0.02631578947368421,13,DAYTIME,False,False
2025-09-09T14:00:00+02:00,2025-09-07T23:00:00+02:00,72,39,M1_GBT_CAL_WEATHER,1.065744421439233,1.074535512,3.112946172899999,False,0.5916842516650002,0.13669032745,0.14409813970000002,0.1667261135,0.219333174,1.00629550175,1.2759423831,1.3444853163999997,5.27378005,0.015,3,0.02631578947368421,14,DAYTIME,False,False
2025-09-09T15:00:00+02:00,2025-09-07T23:00:00+02:00,72,40,M1_GBT_CAL_WEATHER,1.3473700920796627,1.073446337,3.112946172899999,False,0.5951506755700005,0.13620582315,0.1432071419,0.176226491,0.262545234,0.995900294,1.2413231401999998,1.3330253986999996,5.272528959,0.005,1,0.02631578947368421,15,DAYTIME,False,False
2025-09-09T16:00:00+02:00,2025-09-07T23:00:00+02:00,72,41,M1_GBT_CAL_WEATHER,1.4228438879146275,1.072610585,3.112946172899999,False,0.9712823564700004,0.14123306970000002,0.1574676913,0.2040526875,0.830236236,1.16423814025,1.3970623760999998,3.325757705549995,6.682139915,0.065,13,0.10526315789473684,16,RETURN_RAMP,False,False
2025-09-09T17:00:00+02:00,2025-09-07T23:00:00+02:00,72,42,M1_GBT_CAL_WEATHER,1.6162257761456233,6.162329131,3.112946172899999,True,2.611132702145001,0.18439090475,0.24339466900000006,0.7107958305,1.0991513519999998,3.67211531375,7.789251963299999,8.481033124199998,16.067788669,0.275,55,0.23684210526315788,17,RETURN_RAMP,False,False
2025-09-09T18:00:00+02:00,2025-09-07T23:00:00+02:00,72,43,M1_GBT_CAL_WEATHER,2.782246628397715,7.591375735,3.112946172899999,True,4.721124942899999,0.17837440095,0.21352305910000002,1.04225324825,3.801108043,7.92239707625,9.3562456939,12.655598601649983,16.036911929,0.535,107,0.3684210526315789,18,RETURN_RAMP,True,True
2025-09-09T19:00:00+02:00,2025-09-07T23:00:00+02:00,72,44,M1_GBT_CAL_WEATHER,2.782246628397715,1.468529927,3.112946172899999,False,5.068036942864998,0.18483544765,0.21577024330000003,1.173394959,3.685356477,8.297188405,10.452274249299998,13.167975641599986,20.275422149,0.54,108,0.5263157894736842,19,EVENING,True,True
2025-09-09T20:00:00+02:00,2025-09-07T23:00:00+02:00,72,45,M1_GBT_CAL_WEATHER,1.8864241807644322,7.709768969,3.112946172899999,True,3.9199130912649993,0.17330320125,0.2062026193,0.61734895475,2.0744832805,6.60777425525,9.2074760214,11.564176815649997,22.644593127,0.405,81,0.39473684210526316,20,EVENING,False,True
2025-09-09T21:00:00+02:00,2025-09-07T23:00:00+02:00,72,46,M1_GBT_CAL_WEATHER,1.6930422925334367,5.445574179,3.112946172899999,True,2.6897340799049987,0.25862785155,0.41536989220000003,0.63388273675,1.0632526725,3.4575647920000003,7.9673267354,8.881324704099999,19.800441379000002,0.265,53,0.3157894736842105,21,EVENING,False,False
2025-09-09T22:00:00+02:00,2025-09-07T23:00:00+02:00,72,47,M1_GBT_CAL_WEATHER,1.6335367672233423,0.760897025,3.112946172899999,False,1.4062365699349997,0.25970298465,0.38664522900000003,0.50376981675,0.715839914,1.01059005475,2.2270203261999972,7.8013014538,16.024021042999998,0.09,18,0.21052631578947367,22,EVENING,False,False
2025-09-09T23:00:00+02:00,2025-09-07T23:00:00+02:00,72,48,M1_GBT_CAL_WEATHER,1.0817126919641034,0.601501498,3.112946172899999,False,0.7814924306700002,0.26104480950000003,0.3175334388,0.42598770175,0.545893279,0.6766847767499999,1.1559243119999998,1.3158486075499993,10.393503968000001,0.025,5,0.10526315789473684,23,NIGHT,False,False
2025-09-10T00:00:00+02:00,2025-09-07T23:00:00+02:00,72,49,M1_GBT_CAL_WEATHER,0.9776307403530641,0.602862627,3.112946172899999,False,0.560810731215,0.2623807798,0.3087706644,0.39223731875,0.4997892975,0.6098149415,0.6670935688,0.7050771923999999,7.849275493,0.01,2,0,0,NIGHT,False,False
2025-09-10T01:00:00+02:00,2025-09-07T23:00:00+02:00,72,50,M1_GBT_CAL_WEATHER,0.9776307403530641,0.604223755,3.112946172899999,False,0.5188246267100002,0.26371674915000004,0.3105810075,0.3852120635,0.4836951145,0.5950441475,0.6506715206,0.67552491385,7.8509005720000005,0.005,1,0,1,NIGHT,False,False
2025-09-10T02:00:00+02:00,2025-09-07T23:00:00+02:00,72,51,M1_GBT_CAL_WEATHER,0.9776307403530641,0.605492126,3.112946172899999,False,0.48436292189499985,0.2649616744,0.3122679786,0.38658581325,0.48529507650000003,0.5967517145,0.6519626259,0.6700408691499999,0.708000194,0.0,0,0,2,NIGHT,False,False
2025-09-10T03:00:00+02:00,2025-09-07T23:00:00+02:00,72,52,M1_GBT_CAL_WEATHER,0.9616624698281938,0.6065813,3.112946172899999,False,0.6240101346399994,0.26603071655000005,0.31371661380000004,0.3898408445,0.49030452599999996,0.60832865075,0.6684045086999999,2.080724189749993,4.138484959,0.035,7,0,3,NIGHT,False,False
2025-09-10T04:00:00+02:00,2025-09-07T23:00:00+02:00,72,53,M1_GBT_CAL_WEATHER,0.9616624698281938,0.607417053,3.112946172899999,False,0.7127525730499998,0.2785827283,0.3194864844,0.39540464,0.4980911655,0.61654942475,0.6882792013,3.1650047514499984,3.8545098269999998,0.055,11,0,4,NIGHT,False,False
2025-09-10T05:00:00+02:00,2025-09-07T23:00:00+02:00,72,54,M1_GBT_CAL_WEATHER,0.9616624698281938,0.607942429,3.112946172899999,False,0.8534679166399998,0.27926590315,0.3209036038,0.40031767775,0.5036695335,0.637550093,2.6315525239,3.6556661988999997,4.387533737,0.085,17,0,5,NIGHT,False,False
2025-09-10T06:00:00+02:00,2025-09-07T23:00:00+02:00,72,55,M1_GBT_CAL_WEATHER,0.9616624698281938,0.608121625,3.112946172899999,False,1.2916553396149997,0.30781794960000003,0.34805410290000005,0.48217391725,0.6534953459999999,1.46804901075,3.3603269253,3.90024947725,9.767298281999999,0.145,29,0,6,NIGHT,False,False
2025-09-10T07:00:00+02:00,2025-09-07T23:00:00+02:00,72,56,M1_GBT_CAL_WEATHER,0.9616624698281938,2.335270682,3.112946172899999,False,1.65824218304,0.33904040275,0.40898158710000004,0.6115934885,1.196393896,2.14649387125,3.7529834236999995,4.622632093299998,11.846742586,0.185,37,0.05263157894736842,7,MORNING,False,False
2025-09-10T08:00:00+02:00,2025-09-07T23:00:00+02:00,72,57,M1_GBT_CAL_WEATHER,0.9616624698281938,1.706464695,3.112946172899999,False,1.8125869805950012,0.16964907085,0.19731883090000002,0.8040853965,1.251347946,2.94791912775,4.078974952,4.571337027199999,6.501096582000001,0.225,45,0,8,MORNING,False,False
2025-09-10T09:00:00+02:00,2025-09-07T23:00:00+02:00,72,58,M1_GBT_CAL_WEATHER,0.9616624698281938,0.883428202,3.112946172899999,False,1.106616714815,0.1655881799,0.1832171913,0.826799828,1.038202271,1.2548056810000001,1.3757162730999999,3.0020773035999992,5.170844923,0.045,9,0,9,DAYTIME,False,False
2025-09-10T10:00:00+02:00,2025-09-07T23:00:00+02:00,72,59,M1_GBT_CAL_WEATHER,0.9616624698281938,1.07979451,3.112946172899999,False,1.1236232025700006,0.16730781675,0.2267545064,0.77722694675,1.025851382,1.2429590527499998,1.3786022118,2.638208636699998,12.248618941,0.035,7,0,10,DAYTIME,False,False
2025-09-10T11:00:00+02:00,2025-09-07T23:00:00+02:00,72,60,M1_GBT_CAL_WEATHER,0.9616624698281938,1.078526139,3.112946172899999,False,1.0671666373399997,0.1696009114,0.22042292430000002,0.6246483295,0.9203672875,1.17239877475,1.3051254438,1.6665116070499895,15.050495532,0.03,6,0,11,DAYTIME,False,False
2025-09-10T12:00:00+02:00,2025-09-07T23:00:00+02:00,72,61,M1_GBT_CAL_WEATHER,0.8708312107034363,1.077165011,3.112946172899999,False,0.9897332122549993,0.1554160906,0.1699729507,0.21632793225,0.850437466,1.1544256095,1.3317873419,2.0537609430499946,17.881008894,0.03,6,0.02631578947368421,12,DAYTIME,False,False
2025-09-10T13:00:00+02:00,2025-09-07T23:00:00+02:00,72,62,M1_GBT_CAL_WEATHER,0.8708312107034363,1.075803882,3.112946172899999,False,0.8137882099549995,0.13802558555,0.1474606458,0.18708298525,0.427552396,1.0489285127499999,1.2646109743,1.47957570145,14.182340966,0.03,6,0.02631578947368421,13,DAYTIME,False,False
2025-09-10T14:00:00+02:00,2025-09-07T23:00:00+02:00,72,63,M1_GBT_CAL_WEATHER,1.0995222790251518,1.074535512,3.112946172899999,False,0.6488223156050001,0.1315133491,0.1412040842,0.165212454,0.20832668999999998,0.955237557,1.2525645122,1.3431879708999996,14.041617561,0.015,3,0.02631578947368421,14,DAYTIME,False,False
2025-09-10T15:00:00+02:00,2025-09-07T23:00:00+02:00,72,64,M1_GBT_CAL_WEATHER,1.4081340115088234,1.073446337,3.112946172899999,False,0.646179804945,0.1394033193,0.1515131086,0.178304364,0.2994565475,0.90427734125,1.1846517096,1.2742158579499991,14.932265126,0.01,2,0.02631578947368421,15,DAYTIME,False,False
2025-09-10T16:00:00+02:00,2025-09-07T23:00:00+02:00,72,65,M1_GBT_CAL_WEATHER,2.4656522051344316,0.381705213,3.112946172899999,False,1.10725482864,0.13900160655,0.1631012786,0.20606014875,0.8531280815,1.156445795,2.0263048411999995,4.0258640420499905,15.203729458,0.07,14,0.10526315789473684,16,RETURN_RAMP,False,False
2025-09-10T17:00:00+02:00,2025-09-07T23:00:00+02:00,72,66,M1_GBT_CAL_WEATHER,2.756238480360103,0.482099752,3.112946172899999,False,3.1178776533099994,0.20329708975,0.3872429324000001,0.865456557,1.3363023804999998,4.4015731119999995,8.1366998949,10.297809192099992,15.954217999,0.325,65,0.23684210526315788,17,RETURN_RAMP,False,False
2025-09-10T18:00:00+02:00,2025-09-07T23:00:00+02:00,72,67,M1_GBT_CAL_WEATHER,2.9007793727763116,10.634458504,3.112946172899999,True,5.486037879619999,0.20299905405000002,0.7820753889,1.560179071,3.780856868,8.64772363875,13.261630237399999,15.57885990235,18.00180943,0.555,111,0.3684210526315789,18,RETURN_RAMP,True,False
2025-09-10T19:00:00+02:00,2025-09-07T23:00:00+02:00,72,68,M1_GBT_CAL_WEATHER,2.9007793727763116,10.82476136,3.112946172899999,True,6.347741250225002,0.31474199020000015,0.8360167799000002,2.588743769,5.081672036,9.57302420825,12.5088724247,15.998890892899995,19.249464823,0.68,136,0.5263157894736842,19,EVENING,True,True
2025-09-10T20:00:00+02:00,2025-09-07T23:00:00+02:00,72,69,M1_GBT_CAL_WEATHER,2.0207941558639675,9.280969433,3.112946172899999,True,4.611417470850001,0.185094318,0.3073583609000001,1.37787639,3.2665891179999997,7.602114902,9.865814906,11.202866230899993,21.423637292000002,0.53,106,0.39473684210526316,20,EVENING,True,True
2025-09-10T21:00:00+02:00,2025-09-07T23:00:00+02:00,72,70,M1_GBT_CAL_WEATHER,1.935773438192777,8.536351001,3.112946172899999,True,2.8876364875399996,0.30902012945,0.4080915094,0.63185119875,1.3333837915000002,3.9751518965,8.0561382919,8.8541755735,15.595553278,0.29,58,0.3157894736842105,21,EVENING,False,False
2025-09-10T22:00:00+02:00,2025-09-07T23:00:00+02:00,72,71,M1_GBT_CAL_WEATHER,1.779990153773491,3.178221878,3.112946172899999,True,1.5169857327550003,0.2999606444,0.3590914324,0.49112968475,0.6817145065,1.097726394,3.856998142199997,8.0229426161,15.851980165,0.125,25,0.21052631578947367,22,EVENING,False,False
2025-09-10T23:00:00+02:00,2025-09-07T23:00:00+02:00,72,72,M1_GBT_CAL_WEATHER,1.0817126919641034,0.601501498,3.112946172899999,False,0.7503459155700003,0.2757992639,0.3153168184,0.4190588665,0.533419709,0.6818698525,1.1957499415000001,1.465701668849999,7.378981879,0.025,5,0.10526315789473684,23,NIGHT,False,False
2025-09-11T00:00:00+02:00,2025-09-10T23:00:00+02:00,72,1,M1_GBT_CAL_WEATHER,1.0181221229734225,0.602862627,3.343047598300002,False,0.49915254023000005,0.27742728265,0.3078817022,0.39132132025,0.4845618355,0.6063553485,0.6635283847,0.7017373864999983,1.066546955,0.0,0,0,0,NIGHT,False,False
2025-09-11T01:00:00+02:00,2025-09-10T23:00:00+02:00,72,2,M1_GBT_CAL_WEATHER,1.0181221229734225,0.604223755,3.343047598300002,False,0.47713471450000017,0.27905530144999996,0.3092762134,0.38257270849999997,0.4787980125,0.58860625025,0.6480599723999999,0.663987467,0.698351748,0.0,0,0,1,NIGHT,False,False
2025-09-11T02:00:00+02:00,2025-09-10T23:00:00+02:00,72,3,M1_GBT_CAL_WEATHER,1.0181221229734225,0.605492126,3.343047598300002,False,0.4806241500349998,0.28057237335,0.3122679786,0.3852526605,0.481691512,0.5919575125000001,0.6511974301,0.6662559746,0.702894272,0.0,0,0,2,NIGHT,False,False
2025-09-11T03:00:00+02:00,2025-09-10T23:00:00+02:00,72,4,M1_GBT_CAL_WEATHER,1.0181221229734225,0.6065813,3.343047598300002,False,0.48191437841499973,0.2818751129,0.31371661380000004,0.38649830725,0.4830015775,0.5931492190000001,0.6523443012,0.6674900074499999,0.703975019,0.0,0,0,3,NIGHT,False,False
2025-09-11T04:00:00+02:00,2025-09-10T23:00:00+02:00,72,5,M1_GBT_CAL_WEATHER,1.0181221229734225,0.607417053,3.343047598300002,False,0.5513366931800003,0.2981880863,0.3202192715,0.391991314,0.4878395175,0.599986334,0.6580091371,0.68084417825,5.26759821,0.01,2,0,4,NIGHT,False,False
2025-09-11T05:00:00+02:00,2025-09-10T23:00:00+02:00,72,6,M1_GBT_CAL_WEATHER,1.0181221229734225,0.607942429,3.343047598300002,False,0.7686326857649997,0.30077799725000004,0.3240128586,0.40699742475,0.49310686449999996,0.6200675885,0.683387599,2.883225457249998,15.325735301,0.025,5,0,5,NIGHT,False,False
2025-09-11T06:00:00+02:00,2025-09-10T23:00:00+02:00,72,7,M1_GBT_CAL_WEATHER,1.0181221229734225,2.335449878,3.343047598300002,False,1.38934273642,0.32374141865,0.3662153731,0.45585216949999996,0.6155055105,1.66380912225,3.6421392486,4.12782070005,12.960067179000001,0.14,28,0,6,NIGHT,False,False
2025-09-11T07:00:00+02:00,2025-09-10T23:00:00+02:00,72,8,M1_GBT_CAL_WEATHER,1.0181221229734225,2.335270682,3.343047598300002,False,1.8221189473600001,0.34519048360000004,0.40815379360000004,0.5546292525000001,1.302567793,2.6812551934999997,3.9404379419999995,4.626773942049998,12.492697911999999,0.17,34,0.04878048780487805,7,MORNING,False,False
2025-09-11T08:00:00+02:00,2025-09-10T23:00:00+02:00,72,9,M1_GBT_CAL_WEATHER,1.0181221229734225,0.377008996,3.343047598300002,False,1.3690400142799992,0.14684751675,0.1734445956,0.3725350975,1.0091360090000001,1.613484037,3.4219067579999995,4.073970397799992,7.61139711,0.115,23,0,8,MORNING,False,False
2025-09-11T09:00:00+02:00,2025-09-10T23:00:00+02:00,72,10,M1_GBT_CAL_WEATHER,1.0181221229734225,1.080883684,3.343047598300002,False,1.1012462165000003,0.1628818543,0.1853398389,0.75457247175,1.012640489,1.24815955825,1.3826890635999998,3.065546004699997,8.086283449,0.035,7,0,9,DAYTIME,False,False
2025-09-11T10:00:00+02:00,2025-09-10T23:00:00+02:00,72,11,M1_GBT_CAL_WEATHER,1.0181221229734225,1.07979451,3.343047598300002,False,1.0439176632850005,0.16802960690000002,0.20898487770000002,0.7764698355,0.9827450984999999,1.22633158125,1.3500512457,1.8350091055999835,5.045486893,0.03,6,0,10,DAYTIME,False,False
2025-09-11T11:00:00+02:00,2025-09-10T23:00:00+02:00,72,12,M1_GBT_CAL_WEATHER,1.0181221229734225,1.078526139,3.343047598300002,False,1.0240547719600002,0.17328682565,0.2208060404,0.6784815935,0.984123965,1.19782440475,1.3486599471999998,1.8615984938499925,5.721638789,0.035,7,0,11,DAYTIME,False,False
2025-09-11T12:00:00+02:00,2025-09-10T23:00:00+02:00,72,13,M1_GBT_CAL_WEATHER,1.0181221229734225,1.077165011,3.343047598300002,False,0.9136333743649999,0.15273110655,0.1700798664,0.25851363774999997,0.8989721785,1.1500248852500001,1.3336438360999998,1.8988192767999956,5.019569465,0.03,6,0.024390243902439025,12,DAYTIME,False,False
2025-09-11T13:00:00+02:00,2025-09-10T23:00:00+02:00,72,14,M1_GBT_CAL_WEATHER,1.0181221229734225,0.899551169,3.343047598300002,False,0.7855375968300001,0.1423996954,0.15453245510000002,0.1827434565,0.7546657139999999,1.087947926,1.3236680409,1.7342015545499985,5.663048121,0.03,6,0.024390243902439025,13,DAYTIME,False,False
2025-09-11T14:00:00+02:00,2025-09-10T23:00:00+02:00,72,15,M1_GBT_CAL_WEATHER,1.1186656563381743,0.194005234,3.343047598300002,False,0.6430670960199998,0.13671256780000002,0.14908610390000002,0.1685502215,0.2180904085,0.9816855419999999,1.2230545779,1.38779234015,5.9064745180000005,0.02,4,0.024390243902439025,14,DAYTIME,False,False
2025-09-11T15:00:00+02:00,2025-09-10T23:00:00+02:00,72,16,M1_GBT_CAL_WEATHER,1.8154085298835834,0.192916059,3.343047598300002,False,0.6194046244400001,0.13976726365,0.14978785760000002,0.1888553815,0.407925419,0.93596512025,1.1264847567,1.2724595251499997,5.0070429370000005,0.015,3,0.024390243902439025,15,DAYTIME,False,False
2025-09-11T16:00:00+02:00,2025-09-10T23:00:00+02:00,72,17,M1_GBT_CAL_WEATHER,2.2218978630402506,0.356400788,3.343047598300002,False,1.1331550313400003,0.13879028524999998,0.1600701471,0.27646833525,0.893347041,1.19367416175,2.411822097699999,4.265408220949996,6.361576857,0.08,16,0.0975609756097561,16,RETURN_RAMP,False,False
2025-09-11T17:00:00+02:00,2025-09-10T23:00:00+02:00,72,18,M1_GBT_CAL_WEATHER,2.833892076597043,1.072085209,3.343047598300002,False,2.9292419355999995,0.1633701802,0.21125099420000001,0.75226862475,1.1421452545,5.18535251825,8.2784175343,8.604765906999999,14.90852364,0.31,62,0.24390243902439024,17,RETURN_RAMP,False,False
2025-09-11T18:00:00+02:00,2025-09-10T23:00:00+02:00,72,19,M1_GBT_CAL_WEATHER,3.963562179090845,5.554714091,3.343047598300002,True,4.412241233525,0.15927864255000002,0.20515918640000003,1.0020912895,3.3701037305000003,6.97331108075,9.605177836,12.618969835699998,16.166424604,0.5,100,0.4146341463414634,18,RETURN_RAMP,True,True
2025-09-11T19:00:00+02:00,2025-09-10T23:00:00+02:00,72,20,M1_GBT_CAL_WEATHER,3.963562179090845,14.736769083,3.343047598300002,True,5.140503449954997,0.15959347675000002,0.20608903160000003,0.82212987675,3.3960960125,8.45814651325,11.414658471799994,15.0950479762,22.187817981000002,0.505,101,0.4878048780487805,19,EVENING,True,True
2025-09-11T20:00:00+02:00,2025-09-10T23:00:00+02:00,72,21,M1_GBT_CAL_WEATHER,3.4333261002951825,6.470507673,3.343047598300002,True,3.9457815168600003,0.1738485088,0.21482173870000001,0.58699789775,2.3613781795,6.7338086235,9.573388205999999,11.016827255299999,20.475694798,0.4,80,0.3902439024390244,20,EVENING,True,True
2025-09-11T21:00:00+02:00,2025-09-10T23:00:00+02:00,72,22,M1_GBT_CAL_WEATHER,2.7303402750255756,0.599143953,3.343047598300002,False,2.48817985956,0.25247660829999996,0.41659286440000004,0.5951360622499999,1.1898637074999998,2.92083716575,7.262131110099999,8.168442293899998,18.212758999,0.245,49,0.34146341463414637,21,EVENING,False,False
2025-09-11T22:00:00+02:00,2025-09-10T23:00:00+02:00,72,23,M1_GBT_CAL_WEATHER,2.323850941868909,0.609696313,3.343047598300002,False,1.1984525621399995,0.2565632176,0.3669224128,0.47665649025,0.6540649265,1.0325746439999999,1.9923152636999992,6.000802876299997,9.496395513,0.075,15,0.1951219512195122,22,EVENING,False,False
2025-09-11T23:00:00+02:00,2025-09-10T23:00:00+02:00,72,24,M1_GBT_CAL_WEATHER,1.1186656563381743,0.607866082,3.343047598300002,False,0.6515788224049999,0.25503262635,0.32756456120000005,0.4196008665,0.5476555715,0.6799792215,1.0517136901999997,1.22409215105,6.529932563999999,0.01,2,0.0975609756097561,23,NIGHT,False,False
2025-09-12T00:00:00+02:00,2025-09-10T23:00:00+02:00,72,25,M1_GBT_CAL_WEATHER,1.0181221229734225,0.602862627,3.343047598300002,False,0.49683452012,0.25512785085,0.3076951456,0.39223731875,0.4848942,0.604015517,0.6717006496,0.7056008629499997,1.158898373,0.0,0,0,0,NIGHT,False,False
2025-09-12T01:00:00+02:00,2025-09-10T23:00:00+02:00,72,26,M1_GBT_CAL_WEATHER,1.0181221229734225,0.604223755,3.343047598300002,False,0.47879911485000015,0.2565489058,0.3040051909,0.386896286,0.4815668595,0.5915702375,0.6500586041,0.6685748573499999,0.706398996,0.0,0,0,1,NIGHT,False,False
2025-09-12T02:00:00+02:00,2025-09-10T23:00:00+02:00,72,27,M1_GBT_CAL_WEATHER,1.0181221229734225,0.605492126,3.343047598300002,False,0.48030161749999983,0.25787311739999996,0.3053180501,0.38848047274999997,0.483016271,0.5929564869999999,0.6514319019,0.6700408691499999,0.708000194,0.0,0,0,2,NIGHT,False,False
2025-09-12T03:00:00+02:00,2025-09-10T23:00:00+02:00,72,28,M1_GBT_CAL_WEATHER,1.0181221229734225,0.6065813,3.343047598300002,False,0.5269644454949997,0.25901024440000003,0.3064454279,0.3898408445,0.48553978600000003,0.597149995,0.6569951098,0.6798997658,3.853640355,0.01,2,0,3,NIGHT,False,False
2025-09-12T04:00:00+02:00,2025-09-10T23:00:00+02:00,72,29,M1_GBT_CAL_WEATHER,1.0181221229734225,0.607417053,3.343047598300002,False,0.7135120531100001,0.25988279255,0.3073104951,0.39726765799999997,0.4913759705,0.61498439875,0.6882792013,3.1491901332499976,4.231588381,0.04,8,0,4,NIGHT,False,False
2025-09-12T05:00:00+02:00,2025-09-10T23:00:00+02:00,72,30,M1_GBT_CAL_WEATHER,1.0181221229734225,0.607942429,3.343047598300002,False,0.5231866276500005,0.26043129935000003,0.3078542993,0.39263247875,0.4882653315,0.59865692875,0.6586465810000001,0.68152307505,3.6969455570000003,0.005,1,0,5,NIGHT,False,False
2025-09-12T06:00:00+02:00,2025-09-10T23:00:00+02:00,72,31,M1_GBT_CAL_WEATHER,1.0181221229734225,0.704832392,3.343047598300002,False,0.7579689024799997,0.28150058645000003,0.33937652679999997,0.44281365925,0.573779377,0.7150522105000001,1.3578057909999999,2.2053505495999985,4.126252128,0.015,3,0,6,NIGHT,False,False
2025-09-12T07:00:00+02:00,2025-09-10T23:00:00+02:00,72,32,M1_GBT_CAL_WEATHER,1.0181221229734225,1.488472707,3.343047598300002,False,1.1815167835649998,0.3179263168,0.3966992531,0.5155940907500001,0.8317006769999999,1.5312314845000001,2.3113159242,3.4718610327499966,4.994338635,0.055,11,0.04878048780487805,7,MORNING,False,False
2025-09-12T08:00:00+02:00,2025-09-10T23:00:00+02:00,72,33,M1_GBT_CAL_WEATHER,1.0181221229734225,2.809047691,3.343047598300002,False,1.0887257886750004,0.15012491195000002,0.1731600592,0.32353570425,0.91394596,1.23718718275,2.129889565799999,3.457367858999995,7.680496536,0.06,12,0,8,MORNING,False,False
2025-09-12T09:00:00+02:00,2025-09-10T23:00:00+02:00,72,34,M1_GBT_CAL_WEATHER,1.0181221229734225,1.080883684,3.343047598300002,False,1.1089374522700002,0.1648867203,0.1978614712,0.7826332082499999,1.0169653859999999,1.2261751595,1.3490188146,1.5581836958999988,12.647968084,0.03,6,0,9,DAYTIME,False,False
2025-09-12T10:00:00+02:00,2025-09-10T23:00:00+02:00,72,35,M1_GBT_CAL_WEATHER,1.0181221229734225,1.07979451,3.343047598300002,False,1.1461486101450007,0.17240585275,0.33390361230000004,0.8250434612499999,1.026719524,1.22366542525,1.3592384867,1.8884241959499999,9.372793183999999,0.04,8,0,10,DAYTIME,False,False
2025-09-12T11:00:00+02:00,2025-09-10T23:00:00+02:00,72,36,M1_GBT_CAL_WEATHER,1.0181221229734225,1.078526139,3.343047598300002,False,1.11384772974,0.19596371865,0.2291000081,0.7547125564999999,1.020979752,1.2371942962499998,1.3756139143000001,2.4941819796999853,7.334284471,0.035,7,0,11,DAYTIME,False,False
2025-09-12T12:00:00+02:00,2025-09-10T23:00:00+02:00,72,37,M1_GBT_CAL_WEATHER,1.0181221229734225,0.384961807,3.343047598300002,False,0.9692204827950002,0.1567273462,0.1810845777,0.23533756975,0.877780096,1.1662691092500002,1.3763258930000002,2.594147027149999,8.691325184,0.04,8,0.024390243902439025,12,DAYTIME,False,False
2025-09-12T13:00:00+02:00,2025-09-10T23:00:00+02:00,72,38,M1_GBT_CAL_WEATHER,1.0181221229734225,0.195273604,3.343047598300002,False,0.707630832965,0.1438753007,0.1572749068,0.1899180385,0.3981039125,1.0659433147500001,1.3029772616,1.469105284499999,7.563507799,0.02,4,0.024390243902439025,13,DAYTIME,False,False
2025-09-12T14:00:00+02:00,2025-09-10T23:00:00+02:00,72,39,M1_GBT_CAL_WEATHER,1.1186656563381743,0.194005234,3.343047598300002,False,0.5430412129949999,0.13705230015,0.1472103986,0.1685502215,0.20779766649999998,0.88172135025,1.2304708626999998,1.3564745118999992,7.56206224,0.005,1,0.024390243902439025,14,DAYTIME,False,False
2025-09-12T15:00:00+02:00,2025-09-10T23:00:00+02:00,72,40,M1_GBT_CAL_WEATHER,1.8154085298835834,0.192916059,3.343047598300002,False,0.60931705779,0.142456366,0.1570195952,0.1850060465,0.401716405,0.956225674,1.1993761118,1.3001130077999992,7.560820911,0.01,2,0.024390243902439025,15,DAYTIME,False,False
2025-09-12T16:00:00+02:00,2025-09-10T23:00:00+02:00,72,41,M1_GBT_CAL_WEATHER,2.2218978630402506,2.754926407,3.343047598300002,False,1.2916624590850003,0.1559481516,0.16728209170000002,0.280828682,0.9027944735,1.2598723295,3.3133430624,4.716872810949999,8.235268115,0.095,19,0.0975609756097561,16,RETURN_RAMP,False,False
2025-09-12T17:00:00+02:00,2025-09-10T23:00:00+02:00,72,42,M1_GBT_CAL_WEATHER,2.5747444429237754,8.472085209,3.343047598300002,True,3.201220759645001,0.19753563005000002,0.2971470497,0.82602254325,1.1871208850000001,6.088079544999999,8.4034450423,8.662589506499998,14.413592186999999,0.37,74,0.24390243902439024,17,RETURN_RAMP,True,False
2025-09-12T18:00:00+02:00,2025-09-10T23:00:00+02:00,72,43,M1_GBT_CAL_WEATHER,3.309384633370794,8.490256196,3.343047598300002,True,4.245150002340001,0.16194527725,0.197173026,0.90447201825,2.627036295,7.559667824500001,8.984550685999999,11.533554544499987,18.314469565,0.46,92,0.4146341463414634,18,RETURN_RAMP,True,True
2025-09-12T19:00:00+02:00,2025-09-10T23:00:00+02:00,72,44,M1_GBT_CAL_WEATHER,3.309384633370794,15.019444162,3.343047598300002,True,4.765088232264998,0.17548291845,0.20155527799999998,0.80166813,3.217523665,8.0552108565,10.439286252799997,14.058424850549999,17.489302143,0.495,99,0.4878048780487805,19,EVENING,True,True
2025-09-12T20:00:00+02:00,2025-09-10T23:00:00+02:00,72,45,M1_GBT_CAL_WEATHER,3.0831868549091,8.229498209,3.343047598300002,True,3.6487256917250006,0.1772695672,0.2194112517,0.45762586774999997,1.9157132115,5.9761478415000004,9.4637071764,11.071135415999995,17.196483888,0.365,73,0.3902439024390244,20,EVENING,False,True
2025-09-12T21:00:00+02:00,2025-09-10T23:00:00+02:00,72,46,M1_GBT_CAL_WEATHER,2.7303402750255756,0.785513466,3.343047598300002,False,2.5278366207200014,0.264220231,0.4543116696000001,0.647070477,1.161304215,3.0561178250000003,7.7822831126,8.375235791199998,14.750819758999999,0.24,48,0.34146341463414637,21,EVENING,False,False
2025-09-12T22:00:00+02:00,2025-09-10T23:00:00+02:00,72,47,M1_GBT_CAL_WEATHER,2.323850941868909,0.606895107,3.343047598300002,False,1.465815786345,0.2628728967,0.3439413747,0.4942843145,0.6584037654999999,1.1206355355,3.9183257123999975,8.054561320700001,9.976630499,0.11,22,0.1951219512195122,22,EVENING,False,False
2025-09-12T23:00:00+02:00,2025-09-10T23:00:00+02:00,72,48,M1_GBT_CAL_WEATHER,1.1186656563381743,0.618473344,3.343047598300002,False,0.8818852872550005,0.25936821355,0.32963792840000006,0.42812011250000004,0.5514247895,0.69593066525,1.2055462848999998,2.846713826149978,7.998957983,0.05,10,0.0975609756097561,23,NIGHT,False,False
2025-09-13T00:00:00+02:00,2025-09-10T23:00:00+02:00,72,49,M1_GBT_CAL_WEATHER,1.0181221229734225,0.602862627,3.343047598300002,False,0.5155564799,0.2664393394,0.3117645615,0.3894762025,0.501745898,0.6063553485,0.667362205,0.7360329633999998,2.4524438490000002,0.0,0,0,0,NIGHT,False,False
2025-09-13T01:00:00+02:00,2025-09-10T23:00:00+02:00,72,50,M1_GBT_CAL_WEATHER,1.0181221229734225,0.604223755,3.343047598300002,False,0.5172409024000001,0.26828546635,0.3090537995,0.38257270849999997,0.4836951145,0.5945399100000001,0.6506715206,0.67552491385,7.716110304000001,0.005,1,0,1,NIGHT,False,False
2025-09-13T02:00:00+02:00,2025-09-10T23:00:00+02:00,72,51,M1_GBT_CAL_WEATHER,1.0181221229734225,0.605492126,3.343047598300002,False,0.5136966208899998,0.27000578205000003,0.31031986240000003,0.38390871449999997,0.48529507650000003,0.5959441480000001,0.6519626259,0.6770379761499999,6.708407772,0.005,1,0,2,NIGHT,False,False
2025-09-13T03:00:00+02:00,2025-09-10T23:00:00+02:00,72,52,M1_GBT_CAL_WEATHER,1.0181221229734225,0.6065813,3.343047598300002,False,0.4830336334299998,0.27148305155,0.31140705560000004,0.38469275750000004,0.486493937,0.59523548775,0.6526111793,0.6712997623999999,0.709375174,0.0,0,0,3,NIGHT,False,False
2025-09-13T04:00:00+02:00,2025-09-10T23:00:00+02:00,72,53,M1_GBT_CAL_WEATHER,1.0181221229734225,0.607417053,3.343047598300002,False,0.48402366046000006,0.2726165996,0.31224128770000004,0.385791812,0.487581599,0.5961262792500001,0.6535160707,0.6722657439499998,0.710430233,0.0,0,0,4,NIGHT,False,False
2025-09-13T05:00:00+02:00,2025-09-10T23:00:00+02:00,72,54,M1_GBT_CAL_WEATHER,1.0181221229734225,0.607942429,3.343047598300002,False,0.4852721043550003,0.27446110139999996,0.3127657086,0.386482707,0.4882653315,0.5966862545,0.6540849085,0.6728729857499999,0.711093471,0.0,0,0,5,NIGHT,False,False
2025-09-13T06:00:00+02:00,2025-09-10T23:00:00+02:00,72,55,M1_GBT_CAL_WEATHER,1.0181221229734225,0.608121625,3.343047598300002,False,0.6980956483549996,0.3009543725,0.3238523981,0.43537598325000004,0.5823419224999999,0.8277866385,1.2084229556,1.4579571359999999,2.824211686,0.0,0,0,6,NIGHT,False,False
2025-09-13T07:00:00+02:00,2025-09-10T23:00:00+02:00,72,56,M1_GBT_CAL_WEATHER,1.0181221229734225,0.878573536,3.343047598300002,False,1.0777875243049997,0.30337202735,0.3481883577,0.4899557245,0.854209259,1.45307046025,2.0071104252,2.591357103649998,3.958419536,0.025,5,0.04878048780487805,7,MORNING,False,False
2025-09-13T08:00:00+02:00,2025-09-10T23:00:00+02:00,72,57,M1_GBT_CAL_WEATHER,1.0181221229734225,1.560207753,3.343047598300002,False,0.9538032087349998,0.1511235961,0.173776274,0.354444295,0.9011093619999999,1.1886485955000001,1.3766658666,2.295322506399999,7.409542075,0.02,4,0,8,MORNING,False,False
2025-09-13T09:00:00+02:00,2025-09-10T23:00:00+02:00,72,58,M1_GBT_CAL_WEATHER,1.0181221229734225,1.080883684,3.343047598300002,False,1.0421195881249998,0.166391148,0.2131733315,0.81062300225,1.020809174,1.2072655305,1.3291805740999998,1.3798891886999998,6.014337605,0.025,5,0,9,DAYTIME,False,False
2025-09-13T10:00:00+02:00,2025-09-10T23:00:00+02:00,72,59,M1_GBT_CAL_WEATHER,1.0181221229734225,1.223203054,3.343047598300002,False,1.14075503629,0.18978217225000002,0.3055847274000001,0.8522804879999999,1.0475066444999999,1.2419065037500001,1.3699382204,1.9532335615999967,5.894920388,0.04,8,0,10,DAYTIME,False,False
2025-09-13T11:00:00+02:00,2025-09-10T23:00:00+02:00,72,60,M1_GBT_CAL_WEATHER,1.0181221229734225,2.103932826,3.343047598300002,False,1.1933205330950003,0.18437588060000001,0.2115601423,0.82284493675,1.0601578795000002,1.2575987425,1.4399444805,2.741591699999986,8.414721474999999,0.05,10,0,11,DAYTIME,False,False
2025-09-13T12:00:00+02:00,2025-09-10T23:00:00+02:00,72,61,M1_GBT_CAL_WEATHER,1.0181221229734225,2.835993872,3.343047598300002,False,1.092351640035,0.16219922395,0.1815290369,0.32298798950000007,0.9536763684999999,1.2601384467499999,2.1663386685,2.781909041449999,8.413207301,0.035,7,0.024390243902439025,12,DAYTIME,False,False
2025-09-13T13:00:00+02:00,2025-09-10T23:00:00+02:00,72,62,M1_GBT_CAL_WEATHER,1.0181221229734225,0.195273604,3.343047598300002,False,0.968501107225,0.15184369025000002,0.16146837679999998,0.20339497725,0.7720416489999999,1.1562745225,1.798782795999999,3.466586555649996,8.411693126,0.06,12,0.024390243902439025,13,DAYTIME,False,False
2025-09-13T14:00:00+02:00,2025-09-10T23:00:00+02:00,72,63,M1_GBT_CAL_WEATHER,1.1186656563381743,0.194005234,3.343047598300002,False,0.8389742580299995,0.13602513965,0.14667045680000002,0.17629030725,0.3073168565,1.08486317725,1.4393396614999991,3.6846786375,8.082856776,0.055,11,0.024390243902439025,14,DAYTIME,False,False
2025-09-13T15:00:00+02:00,2025-09-10T23:00:00+02:00,72,64,M1_GBT_CAL_WEATHER,1.8154085298835834,0.405614174,3.343047598300002,False,0.9512884934400002,0.14549399624999998,0.16147527209999998,0.19106530675,0.711395936,1.091264089,1.7999051858999995,3.703713393949993,7.586066602000001,0.07,14,0.024390243902439025,15,DAYTIME,False,False
2025-09-13T16:00:00+02:00,2025-09-10T23:00:00+02:00,72,65,M1_GBT_CAL_WEATHER,2.2218978630402506,1.072610585,3.343047598300002,False,1.7081923737849993,0.15189088455,0.1644594244,0.326129567,0.9530990079999999,1.340512157,5.2444553585,7.5302999258000005,13.516131381,0.15,30,0.0975609756097561,16,RETURN_RAMP,False,False
2025-09-13T17:00:00+02:00,2025-09-10T23:00:00+02:00,72,66,M1_GBT_CAL_WEATHER,2.5747444429237754,1.072085209,3.343047598300002,False,2.19803379124,0.17597533125,0.2974317141,0.744943316,1.0378222265,1.3626996187499998,7.624748279299999,8.23631576005,15.821120601,0.2,40,0.24390243902439024,17,RETURN_RAMP,False,False
2025-09-13T18:00:00+02:00,2025-09-10T23:00:00+02:00,72,67,M1_GBT_CAL_WEATHER,3.2183930216579792,1.071906013,3.343047598300002,False,2.35637040033,0.15114506505,0.1817585043,0.7205502825,1.0984208065,2.31236787075,7.8754232562999995,9.547032769599994,14.375182424,0.19,38,0.4146341463414634,18,RETURN_RAMP,False,True
2025-09-13T19:00:00+02:00,2025-09-10T23:00:00+02:00,72,68,M1_GBT_CAL_WEATHER,3.2183930216579792,5.250176087,3.343047598300002,True,2.9372114504499987,0.16442215135000002,0.2092060787,0.742826672,1.4403571689999999,4.061818270500001,7.915865781999998,9.473157220149993,16.230125571,0.315,63,0.4878048780487805,19,EVENING,False,True
2025-09-13T20:00:00+02:00,2025-09-10T23:00:00+02:00,72,69,M1_GBT_CAL_WEATHER,2.992195243196285,6.347220241,3.343047598300002,True,3.679492165690002,0.1888431573,0.2169050617,0.5369007365,2.1307216765,5.75107243325,9.290076342399999,10.539175984099993,19.823822607,0.4,80,0.3902439024390244,20,EVENING,True,False
2025-09-13T21:00:00+02:00,2025-09-10T23:00:00+02:00,72,70,M1_GBT_CAL_WEATHER,2.7303402750255756,4.395620946,3.343047598300002,True,3.608397159365,0.3774655673,0.4313527872,0.675672859,1.6315555245,6.05791969125,8.809035988,10.307613911999992,21.094270163,0.385,77,0.34146341463414637,21,EVENING,True,False
2025-09-13T22:00:00+02:00,2025-09-10T23:00:00+02:00,72,71,M1_GBT_CAL_WEATHER,2.323850941868909,0.600233128,3.343047598300002,False,2.3012002320950007,0.330600212,0.3789358512,0.50606153475,0.7661224595,1.8206621995,7.927582805999999,8.552095614799999,22.628830964000002,0.205,41,0.1951219512195122,22,EVENING,False,False
2025-09-13T23:00:00+02:00,2025-09-10T23:00:00+02:00,72,72,M1_GBT_CAL_WEATHER,1.1186656563381743,0.610021361,3.343047598300002,False,1.1280301673050004,0.29683489675,0.33012907490000004,0.42693278700000004,0.5775639585,0.89882551925,1.4945241307999964,4.700678047699975,12.706712469,0.06,12,0.0975609756097561,23,NIGHT,False,False
2025-09-14T00:00:00+02:00,2025-09-13T23:00:00+02:00,72,1,M1_GBT_CAL_WEATHER,1.0140171235364903,0.602862627,3.481469789,False,0.6996147175599994,0.29235438505,0.3198499807,0.40837723174999996,0.5192604224999999,0.62288185025,0.7007246761,1.0084683480499994,7.933005305,0.03,6,0,0,NIGHT,False,False
2025-09-14T01:00:00+02:00,2025-09-13T23:00:00+02:00,72,2,M1_GBT_CAL_WEATHER,1.0140171235364903,0.604223755,3.481469789,False,0.5233877187600001,0.2940978357,0.3189683386,0.3880942395,0.484883253,0.5950441475,0.6506715206,0.67552491385,7.934740584,0.005,1,0,1,NIGHT,False,False
2025-09-14T02:00:00+02:00,2025-09-13T23:00:00+02:00,72,3,M1_GBT_CAL_WEATHER,1.0140171235364903,0.605492126,3.481469789,False,0.48854046280999985,0.2957224741,0.3205867772,0.38964214825,0.48635788999999996,0.5967517145,0.6519626259,0.6700408691499999,0.708000194,0.0,0,0,2,NIGHT,False,False
2025-09-14T03:00:00+02:00,2025-09-13T23:00:00+02:00,72,4,M1_GBT_CAL_WEATHER,1.0140171235364903,0.6065813,3.481469789,False,0.48918044978999975,0.29711758190000004,0.3219765609,0.39097136774999997,0.48762418949999997,0.59549682475,0.6526111793,0.6712997623999999,0.709375174,0.0,0,0,3,NIGHT,False,False
2025-09-14T04:00:00+02:00,2025-09-13T23:00:00+02:00,72,5,M1_GBT_CAL_WEATHER,1.0140171235364903,0.607417053,3.481469789,False,0.49017047682000014,0.2981880863,0.3230429804,0.391991314,0.488595855,0.59645940725,0.6535160707,0.6722657439499998,0.710430233,0.0,0,0,4,NIGHT,False,False
2025-09-14T05:00:00+02:00,2025-09-13T23:00:00+02:00,72,6,M1_GBT_CAL_WEATHER,1.0140171235364903,0.607942429,3.481469789,False,0.4907928337550005,0.29886103355,0.3236559542,0.39263247875,0.48920667,0.59706451225,0.6540849085,0.6728729857499999,0.711093471,0.0,0,0,5,NIGHT,False,False
2025-09-14T06:00:00+02:00,2025-09-13T23:00:00+02:00,72,7,M1_GBT_CAL_WEATHER,1.0140171235364903,0.608121625,3.481469789,False,0.7136121496849996,0.30815624435,0.346908222,0.43961490175,0.572325663,0.75605208175,1.2447682553999997,1.4089757622,3.972020692,0.01,2,0,6,NIGHT,False,False
2025-09-14T07:00:00+02:00,2025-09-13T23:00:00+02:00,72,8,M1_GBT_CAL_WEATHER,1.0140171235364903,1.477840408,3.481469789,False,1.11727564714,0.33782599355000004,0.386548656,0.51199192,0.971742216,1.37732773175,1.8445386276999998,2.600047116499998,7.8306167250000005,0.02,4,0.022727272727272728,7,MORNING,False,False
2025-09-14T08:00:00+02:00,2025-09-13T23:00:00+02:00,72,9,M1_GBT_CAL_WEATHER,1.0140171235364903,1.081719437,3.481469789,False,1.1589627832499998,0.16928681555,0.1846508059,0.45844129499999997,0.947214733,1.2758877565,2.6428744976999994,3.776063977149999,6.138184361,0.06,12,0,8,MORNING,False,False
2025-09-14T09:00:00+02:00,2025-09-13T23:00:00+02:00,72,10,M1_GBT_CAL_WEATHER,1.0140171235364903,1.080883684,3.481469789,False,1.0980729343700002,0.1742207029,0.21679620589999998,0.886316953,1.050060959,1.2403016342499997,1.3712698038,1.7776451661999944,4.784628636,0.035,7,0,9,DAYTIME,False,False
2025-09-14T10:00:00+02:00,2025-09-13T23:00:00+02:00,72,11,M1_GBT_CAL_WEATHER,1.0140171235364903,1.07979451,3.481469789,False,1.0785661578399997,0.1969803818,0.3089711506,0.8516574072499999,1.0484917865,1.2695834725,1.4315366106,1.6837300164999995,4.783115332,0.025,5,0,10,DAYTIME,False,False
2025-09-14T11:00:00+02:00,2025-09-13T23:00:00+02:00,72,12,M1_GBT_CAL_WEATHER,1.0140171235364903,1.493311109,3.481469789,False,1.0336547800949993,0.18196823095,0.2103204301,0.6140599392499999,0.975629989,1.266356714,1.573845596,2.359732808799999,5.597091774,0.025,5,0,11,DAYTIME,False,False
2025-09-14T12:00:00+02:00,2025-09-13T23:00:00+02:00,72,13,M1_GBT_CAL_WEATHER,1.0140171235364903,0.672089412,3.481469789,False,0.8806549782599997,0.15425336795,0.16700941519999998,0.22428697875,0.8943365464999999,1.1963216845,1.4058364079,2.00400170185,5.089208621,0.015,3,0.022727272727272728,12,DAYTIME,False,False
2025-09-14T13:00:00+02:00,2025-09-13T23:00:00+02:00,72,14,M1_GBT_CAL_WEATHER,1.0712297436277154,1.784680415,3.481469789,False,0.685908767875,0.13930887865000002,0.1525775564,0.19244847625,0.4102313445,1.039621086,1.3380535359,1.8336054141999987,4.744879694,0.015,3,0.022727272727272728,13,DAYTIME,False,False
2025-09-14T14:00:00+02:00,2025-09-13T23:00:00+02:00,72,15,M1_GBT_CAL_WEATHER,1.1081224723382834,0.946414152,3.481469789,False,0.57805191787,0.13671256780000002,0.1418914818,0.17034974475,0.215669683,0.9288496005,1.2416563197,1.385058453199999,5.674358988,0.02,4,0.022727272727272728,14,DAYTIME,False,False
2025-09-14T15:00:00+02:00,2025-09-13T23:00:00+02:00,72,16,M1_GBT_CAL_WEATHER,1.3938919517969648,0.799621055,3.481469789,False,0.7218046308450005,0.1369917541,0.14924699600000002,0.1868280135,0.31767695549999997,0.977157131,1.3338497259000002,2.0356508780999967,6.055721143,0.03,6,0.022727272727272728,15,DAYTIME,False,False
2025-09-14T16:00:00+02:00,2025-09-13T23:00:00+02:00,72,17,M1_GBT_CAL_WEATHER,2.090213847131619,2.473006676,3.481469789,False,1.5189846532750002,0.1485179775,0.1783647726,0.2742055535,0.8930139595,1.37575364575,3.8961091317,6.630553742749996,9.562919207,0.12,24,0.09090909090909091,16,RETURN_RAMP,False,False
2025-09-14T17:00:00+02:00,2025-09-13T23:00:00+02:00,72,18,M1_GBT_CAL_WEATHER,3.6867086868616505,2.404408167,3.481469789,False,2.3346443270150012,0.1659599682,0.2701442477000001,0.828933288,1.1892959975,2.94709039525,6.8362868258999985,8.16019489725,12.631133454999999,0.185,37,0.25,17,RETURN_RAMP,False,False
2025-09-14T18:00:00+02:00,2025-09-13T23:00:00+02:00,72,19,M1_GBT_CAL_WEATHER,4.838917585019432,0.207376873,3.481469789,False,2.798876159780001,0.1775738673,0.22539937630000004,0.8927383165,1.4812643035,3.62651925125,7.5664141548,8.636079875950001,11.938608446,0.265,53,0.4318181818181818,18,RETURN_RAMP,False,True
2025-09-14T19:00:00+02:00,2025-09-13T23:00:00+02:00,72,20,M1_GBT_CAL_WEATHER,4.838917585019432,1.781424764,3.481469789,False,3.0120099387299994,0.15727680605,0.1837633001,0.8784300252499999,2.0366043965,4.208542841,7.948000832999999,8.833180606499997,18.254664212,0.285,57,0.5227272727272727,19,EVENING,False,True
2025-09-14T20:00:00+02:00,2025-09-13T23:00:00+02:00,72,21,M1_GBT_CAL_WEATHER,4.292313491207371,0.192080307,3.481469789,False,3.1508121004549987,0.1674950095,0.2057862234,0.65587744525,1.7152690365,4.5607592885,8.3250456559,9.595610386599999,17.468993175999998,0.32,64,0.4090909090909091,20,EVENING,False,True
2025-09-14T21:00:00+02:00,2025-09-13T23:00:00+02:00,72,22,M1_GBT_CAL_WEATHER,2.64193103015789,0.610820933,3.481469789,False,3.264930522180001,0.3105941185,0.44883680880000004,0.6879662520000001,1.4546928875000003,5.61698740175,7.9915496607000005,9.249054044849972,19.87153087,0.32,64,0.3409090909090909,21,EVENING,False,False
2025-09-14T22:00:00+02:00,2025-09-13T23:00:00+02:00,72,23,M1_GBT_CAL_WEATHER,1.8602302539758209,0.600233128,3.481469789,False,2.1347034431900003,0.29992325445,0.3591411613,0.50634947825,0.695754914,2.0497969452500002,7.973364567,8.161868968450001,12.37148524,0.215,43,0.1590909090909091,22,EVENING,False,False
2025-09-14T23:00:00+02:00,2025-09-13T23:00:00+02:00,72,24,M1_GBT_CAL_WEATHER,1.0509098522470584,0.617912201,3.481469789,False,1.0289005726100005,0.2927791983,0.3283185653,0.41103348375000004,0.5390662079999999,0.68381640925,1.4815007122999995,4.458033803049997,8.63368732,0.065,13,0.09090909090909091,23,NIGHT,False,False
2025-09-15T00:00:00+02:00,2025-09-13T23:00:00+02:00,72,25,M1_GBT_CAL_WEATHER,1.0140171235364903,0.602862627,3.481469789,False,0.6531666051349997,0.29143467894999997,0.31577124560000003,0.39371607675,0.4848942,0.5969351605,0.6762738988,0.9398610009499988,8.008671758,0.02,4,0,0,NIGHT,False,False
2025-09-15T01:00:00+02:00,2025-09-13T23:00:00+02:00,72,26,M1_GBT_CAL_WEATHER,1.0140171235364903,0.604223755,3.481469789,False,0.5300741390050002,0.2940978357,0.31755151540000004,0.386896286,0.483425793,0.5905697409999999,0.6480599723999999,0.6648189129,7.788346188,0.005,1,0,1,NIGHT,False,False
2025-09-15T02:00:00+02:00,2025-09-13T23:00:00+02:00,72,27,M1_GBT_CAL_WEATHER,1.0140171235364903,0.605492126,3.481469789,False,0.4948625674399999,0.2957224741,0.3192104621,0.38848047274999997,0.485076469,0.5919575125000001,0.6448927773,0.66567840465,2.962120347,0.0,0,0,2,NIGHT,False,False
2025-09-15T03:00:00+02:00,2025-09-13T23:00:00+02:00,72,28,M1_GBT_CAL_WEATHER,1.0140171235364903,0.6065813,3.481469789,False,0.4832914636149998,0.29711758190000004,0.3206350326,0.3898408445,0.48553978600000003,0.5916980912500001,0.6448115300999999,0.6666433344,0.709375174,0.0,0,0,3,NIGHT,False,False
2025-09-15T04:00:00+02:00,2025-09-13T23:00:00+02:00,72,29,M1_GBT_CAL_WEATHER,1.0140171235364903,0.607417053,3.481469789,False,0.5073727251300001,0.3002608934,0.32320441499999997,0.391991314,0.487581599,0.5940636477500001,0.647547289,0.6682446352,4.859387753999999,0.005,1,0,4,NIGHT,False,False
2025-09-15T05:00:00+02:00,2025-09-13T23:00:00+02:00,72,30,M1_GBT_CAL_WEATHER,1.0140171235364903,0.607942429,3.481469789,False,0.5228243238650002,0.30077799725000004,0.3238176027,0.39263247875,0.4882653315,0.59463848125,0.6482717929999999,0.66885446235,7.825935912,0.005,1,0,5,NIGHT,False,False
2025-09-15T06:00:00+02:00,2025-09-13T23:00:00+02:00,72,31,M1_GBT_CAL_WEATHER,1.0140171235364903,0.608121625,3.481469789,False,0.6736293165699999,0.30353317599999996,0.3384645725,0.43340420425,0.576659274,0.77875763675,1.2686969585,1.3748449992999996,2.591828972,0.0,0,0,6,NIGHT,False,False
2025-09-15T07:00:00+02:00,2025-09-13T23:00:00+02:00,72,32,M1_GBT_CAL_WEATHER,1.0140171235364903,1.201781639,3.481469789,False,1.2028405835699998,0.31965724635000003,0.3924372493,0.5382602802500001,0.956807288,1.5251478829999998,2.1150149713,2.9136892837499992,9.281172075,0.035,7,0.022727272727272728,7,MORNING,False,False
2025-09-15T08:00:00+02:00,2025-09-13T23:00:00+02:00,72,33,M1_GBT_CAL_WEATHER,1.0140171235364903,1.081719437,3.481469789,False,0.9824734336300004,0.16131726895,0.1760504805,0.31596885225,0.894346913,1.1527172882499999,1.3828977321999998,2.5232769812999996,9.212932256,0.025,5,0,8,MORNING,False,False
2025-09-15T09:00:00+02:00,2025-09-13T23:00:00+02:00,72,34,M1_GBT_CAL_WEATHER,1.0140171235364903,1.080883684,3.481469789,False,1.05823887022,0.1731188311,0.1932171729,0.8203676,1.0141595245000001,1.22500676625,1.3356937040999999,1.3803065292499996,12.412356482,0.02,4,0,9,DAYTIME,False,False
2025-09-15T10:00:00+02:00,2025-09-13T23:00:00+02:00,72,35,M1_GBT_CAL_WEATHER,1.0140171235364903,1.07979451,3.481469789,False,1.075636867705,0.19181325885,0.4407411780000001,0.812861813,1.01143079,1.1926183985,1.3485966673,1.708116427899998,12.411275735,0.015,3,0,10,DAYTIME,False,False
2025-09-15T11:00:00+02:00,2025-09-13T23:00:00+02:00,72,36,M1_GBT_CAL_WEATHER,0.9612041402269337,1.078526139,3.481469789,False,1.0473202800199997,0.1838110788,0.22441863120000002,0.7741407375,1.001838611,1.22265189875,1.3486599471999998,1.544201069149995,11.069742421,0.02,4,0,11,DAYTIME,False,False
2025-09-15T12:00:00+02:00,2025-09-13T23:00:00+02:00,72,37,M1_GBT_CAL_WEATHER,1.0712297436277154,0.536459126,3.481469789,False,0.8540023841249998,0.15381945284999998,0.1672684273,0.211205634,0.867622118,1.1708314637500001,1.3253464629999998,1.708422803899995,4.700716023,0.025,5,0.022727272727272728,12,DAYTIME,False,False
2025-09-15T13:00:00+02:00,2025-09-13T23:00:00+02:00,72,38,M1_GBT_CAL_WEATHER,1.5858731495283336,0.195273604,3.481469789,False,0.73714253229,0.1427783098,0.1584187808,0.19035747325,0.5030905715,1.101274356,1.3004721486,1.686255763699996,4.8873431919999994,0.02,4,0.022727272727272728,13,DAYTIME,False,False
2025-09-15T14:00:00+02:00,2025-09-13T23:00:00+02:00,72,39,M1_GBT_CAL_WEATHER,1.6227658782389016,0.194005234,3.481469789,False,0.6715137647899997,0.13678562225000002,0.1466724807,0.16960969025,0.21228452650000001,1.0528821490000002,1.3014858972999999,1.9268932433499932,6.258259185999999,0.025,5,0.022727272727272728,14,DAYTIME,False,False
2025-09-15T15:00:00+02:00,2025-09-13T23:00:00+02:00,72,40,M1_GBT_CAL_WEATHER,2.0056483795392492,0.192916059,3.481469789,False,0.8870175078000002,0.1405624125,0.1588991367,0.20004000800000002,0.7514369274999999,1.2192712085,2.2083955866,2.717781414999999,4.884625066,0.01,2,0.022727272727272728,15,DAYTIME,False,False
2025-09-15T16:00:00+02:00,2025-09-13T23:00:00+02:00,72,41,M1_GBT_CAL_WEATHER,2.6579671623224153,1.592476397,3.481469789,False,1.926989533269999,0.15396249435,0.18927429520000003,0.8553619324999999,1.364597377,2.6823950857499996,3.502601639,5.654162214899996,8.686838033,0.115,23,0.09090909090909091,16,RETURN_RAMP,False,False
2025-09-15T17:00:00+02:00,2025-09-13T23:00:00+02:00,72,42,M1_GBT_CAL_WEATHER,4.290007673328863,4.45800654,3.481469789,True,4.411982397880002,0.5208325921500002,0.9483885681,2.1457649815,2.8609738835,6.823923679,9.9069368853,11.104749133699997,17.745948907,0.365,73,0.25,17,RETURN_RAMP,True,False
2025-09-15T18:00:00+02:00,2025-09-13T23:00:00+02:00,72,43,M1_GBT_CAL_WEATHER,4.838917585019432,10.916794607,3.481469789,True,6.197987407239997,0.25074480855000003,1.2039669064000003,2.4551212825,5.2884717855000005,9.79078077925,11.932412438599998,14.0259589197,18.299455594,0.595,119,0.4318181818181818,18,RETURN_RAMP,True,True
2025-09-15T19:00:00+02:00,2025-09-13T23:00:00+02:00,72,44,M1_GBT_CAL_WEATHER,4.838917585019432,15.211512589,3.481469789,True,6.5529348790250035,0.2032824702,0.5621165718000001,2.3583753237500003,5.748817839999999,9.69154488625,14.2036722715,16.158438552249997,21.347971038,0.635,127,0.5227272727272727,19,EVENING,True,True
2025-09-15T20:00:00+02:00,2025-09-13T23:00:00+02:00,72,45,M1_GBT_CAL_WEATHER,4.292313491207371,5.336789548,3.481469789,True,4.761149085034998,0.1955860103,0.2365086011,1.110987015,3.1125789665,7.922445974,10.3570822548,12.611746372249993,23.286968012,0.49,98,0.4090909090909091,20,EVENING,True,True
2025-09-15T21:00:00+02:00,2025-09-13T23:00:00+02:00,72,46,M1_GBT_CAL_WEATHER,2.64193103015789,0.831484647,3.481469789,False,2.79113859589,0.2618565532,0.3831337075,0.6416152145,1.316470615,3.6953931300000002,8.036381325099999,8.64921595285,17.437422378,0.265,53,0.3409090909090909,21,EVENING,False,False
2025-09-15T22:00:00+02:00,2025-09-13T23:00:00+02:00,72,47,M1_GBT_CAL_WEATHER,1.8602302539758209,0.800853178,3.481469789,False,1.277422875065,0.2876648079,0.3406447622,0.48376853475,0.64954661,0.95665099,2.2023938398999996,7.009905698549992,15.590716518,0.08,16,0.1590909090909091,22,EVENING,False,False
2025-09-15T23:00:00+02:00,2025-09-13T23:00:00+02:00,72,48,M1_GBT_CAL_WEATHER,1.0509098522470584,1.544286031,3.481469789,False,0.9455319038150003,0.27103452515000004,0.315653768,0.41832405500000003,0.5521272079999999,0.6839518995,1.8947577835,2.8273414517999993,9.088711224,0.035,7,0.09090909090909091,23,NIGHT,False,False
2025-09-16T00:00:00+02:00,2025-09-13T23:00:00+02:00,72,49,M1_GBT_CAL_WEATHER,1.0140171235364903,0.602862627,3.481469789,False,0.9171344890949992,0.26544336365,0.31577124560000003,0.40886741125,0.5529756745,0.77529447025,2.3825690429,2.7327215528999997,6.816054451,0.015,3,0,0,NIGHT,False,False
2025-09-16T01:00:00+02:00,2025-09-13T23:00:00+02:00,72,50,M1_GBT_CAL_WEATHER,1.0140171235364903,0.604223755,3.481469789,False,0.5304836334950002,0.2667562271,0.3105810075,0.38380207375,0.4847016555,0.59606724225,0.655920353,0.6790323337999999,3.0778847590000002,0.0,0,0,1,NIGHT,False,False
2025-09-16T02:00:00+02:00,2025-09-13T23:00:00+02:00,72,51,M1_GBT_CAL_WEATHER,1.0140171235364903,0.605492126,3.481469789,False,0.5208006090699998,0.26797962185,0.3148955392,0.38658581325,0.485076469,0.5967517145,0.654205776,0.67997710175,2.88434391,0.0,0,0,2,NIGHT,False,False
2025-09-16T03:00:00+02:00,2025-09-13T23:00:00+02:00,72,52,M1_GBT_CAL_WEATHER,1.0140171235364903,0.6065813,3.481469789,False,0.5098851768699998,0.2690301741,0.31619243280000003,0.38649830725,0.4874491315,0.59898145775,0.6554142019,0.6783444074,2.790134666,0.0,0,0,3,NIGHT,False,False
2025-09-16T04:00:00+02:00,2025-09-13T23:00:00+02:00,72,53,M1_GBT_CAL_WEATHER,1.0140171235364903,0.607417053,3.481469789,False,0.5288220545450002,0.26983629125,0.3171875749,0.38745412675,0.4865115085,0.5961262792500001,0.6532243266000001,0.66843691455,9.543040283000002,0.005,1,0,4,NIGHT,False,False
2025-09-16T05:00:00+02:00,2025-09-13T23:00:00+02:00,72,54,M1_GBT_CAL_WEATHER,1.0140171235364903,0.607942429,3.481469789,False,0.5240063470400002,0.27034303855,0.3178131466,0.38923969325,0.4882653315,0.59865692875,0.6540849085,0.6728729857499999,8.097156821,0.005,1,0,5,NIGHT,False,False
2025-09-16T06:00:00+02:00,2025-09-13T23:00:00+02:00,72,55,M1_GBT_CAL_WEATHER,1.0140171235364903,0.608121625,3.481469789,False,0.6495777576700001,0.29609981575,0.3242373707,0.4163192775,0.544970347,0.6687358715,1.0530522233,1.2564421673499988,8.097370122000001,0.005,1,0,6,NIGHT,False,False
2025-09-16T07:00:00+02:00,2025-09-13T23:00:00+02:00,72,56,M1_GBT_CAL_WEATHER,1.0140171235364903,0.607942429,3.481469789,False,1.162529043195,0.31762038455,0.3714412141,0.55952214175,0.9360436114999999,1.5353304355000001,2.1977593020999997,2.6960697135,8.90902869,0.02,4,0.022727272727272728,7,MORNING,False,False
2025-09-16T08:00:00+02:00,2025-09-13T23:00:00+02:00,72,57,M1_GBT_CAL_WEATHER,1.0140171235364903,0.201189159,3.481469789,False,0.9645801443650001,0.16595010329999998,0.1845994248,0.443536736,0.950870756,1.2466355765,1.7192703884999998,2.411972352999998,3.338583135,0.0,0,0,8,MORNING,False,False
2025-09-16T09:00:00+02:00,2025-09-13T23:00:00+02:00,72,58,M1_GBT_CAL_WEATHER,1.0140171235364903,0.200353406,3.481469789,False,1.0501765360199995,0.1770742499,0.22527083,0.835384304,1.0270389085,1.21485762625,1.3411128458,1.4028808437999998,8.176125572,0.015,3,0,9,DAYTIME,False,False
2025-09-16T10:00:00+02:00,2025-09-13T23:00:00+02:00,72,59,M1_GBT_CAL_WEATHER,1.0140171235364903,0.876201237,3.481469789,False,1.1158767391400004,0.19722621305000002,0.26479978300000007,0.85389411,1.039873164,1.22033468425,1.3544056464,1.4621184126999967,15.743208381999999,0.02,4,0,10,DAYTIME,False,False
2025-09-16T11:00:00+02:00,2025-09-13T23:00:00+02:00,72,60,M1_GBT_CAL_WEATHER,1.0140171235364903,5.033088369,3.481469789,True,1.0123884083399992,0.1928346588,0.2626363316000001,0.75508486325,0.966190001,1.1478147745,1.3268201574999998,1.3962087388999997,13.178451268000002,0.015,3,0,11,DAYTIME,False,False
2025-09-16T12:00:00+02:00,2025-09-13T23:00:00+02:00,72,61,M1_GBT_CAL_WEATHER,0.9612041402269337,5.490401892,3.481469789,True,0.8211014663800005,0.14734648244999998,0.16830030280000002,0.2169498525,0.8058822125,1.12447227475,1.3116335773999999,1.3761807033,5.110685208,0.025,5,0.022727272727272728,12,DAYTIME,False,False
2025-09-16T13:00:00+02:00,2025-09-13T23:00:00+02:00,72,62,M1_GBT_CAL_WEATHER,0.9612041402269337,5.679837035,3.481469789,True,0.7765187286350003,0.13454107955,0.1488473505,0.175653323,0.3152072225,1.10296483575,1.3496498843,2.566081480799993,7.727515897,0.035,7,0.022727272727272728,13,DAYTIME,False,False
2025-09-16T14:00:00+02:00,2025-09-13T23:00:00+02:00,72,63,M1_GBT_CAL_WEATHER,0.9980968689375018,5.678568665,3.481469789,True,0.6648604462150002,0.13038688185000002,0.1422167912,0.16517174550000002,0.2065828985,0.9918169235000001,1.2924019106999998,2.1811404255999993,7.7257536170000005,0.03,6,0.022727272727272728,14,DAYTIME,False,False
2025-09-16T15:00:00+02:00,2025-09-13T23:00:00+02:00,72,64,M1_GBT_CAL_WEATHER,1.3928173137870739,6.708357972,3.481469789,True,0.7169630420350004,0.1394033193,0.1516392561,0.178492308,0.31155292,0.969528312,1.2731610779,1.8858275878499857,6.910402567,0.025,5,0.022727272727272728,15,DAYTIME,False,False
2025-09-16T16:00:00+02:00,2025-09-13T23:00:00+02:00,72,65,M1_GBT_CAL_WEATHER,2.089139209121728,1.049022497,3.481469789,False,1.1577064305300004,0.14423953035,0.1631110586,0.21083102275,0.9031155085,1.2628819470000001,2.655875362199998,3.995859256299998,7.281212538,0.07,14,0.09090909090909091,16,RETURN_RAMP,False,False
2025-09-16T17:00:00+02:00,2025-09-13T23:00:00+02:00,72,66,M1_GBT_CAL_WEATHER,3.800259339759529,7.591554931,3.481469789,True,3.173063983664999,0.1993357825,0.4311883068000001,0.8870926025000001,1.336731924,5.10721125725,8.3392139314,9.250687431749999,13.822923023,0.345,69,0.25,17,RETURN_RAMP,True,False
2025-09-16T18:00:00+02:00,2025-09-13T23:00:00+02:00,72,67,M1_GBT_CAL_WEATHER,5.562286241300066,10.667323623,3.481469789,True,4.959220784699999,0.19788201560000002,0.8136849237,1.21518241225,3.5636609345,8.270796327749999,11.1426829525,13.31586868615,16.138250421,0.51,102,0.4318181818181818,18,RETURN_RAMP,True,True
2025-09-16T19:00:00+02:00,2025-09-13T23:00:00+02:00,72,68,M1_GBT_CAL_WEATHER,5.562286241300066,16.628074464,3.481469789,True,5.084297296059998,0.17295707089999998,0.215415871,0.9498984645,3.6542073065,8.48844206175,11.712091634499998,13.589776568899989,18.322814227000002,0.51,102,0.5227272727272727,19,EVENING,True,True
2025-09-16T20:00:00+02:00,2025-09-13T23:00:00+02:00,72,69,M1_GBT_CAL_WEATHER,4.353051160795693,2.349053867,3.481469789,False,4.109220721914999,0.17127779085,0.19834266450000002,0.52481982125,2.4136201185,7.532284065500001,10.6359725233,13.444689719249999,18.520238327,0.425,85,0.4090909090909091,20,EVENING,True,False
2025-09-16T21:00:00+02:00,2025-09-13T23:00:00+02:00,72,70,M1_GBT_CAL_WEATHER,2.64193103015789,0.824288263,3.481469789,False,2.6953261937299997,0.2615534348,0.38666725890000003,0.58592356275,1.145189052,3.76612900725,7.9300044992,8.644532828699997,15.687563826,0.26,52,0.3409090909090909,21,EVENING,False,False
2025-09-16T22:00:00+02:00,2025-09-13T23:00:00+02:00,72,71,M1_GBT_CAL_WEATHER,1.8602302539758209,0.804356285,3.481469789,False,1.4538983863400006,0.26304389355,0.33045139920000005,0.45931931574999996,0.6586128795,1.1804992897500002,3.523236752399994,7.274210401999991,11.304528034,0.1,20,0.1590909090909091,22,EVENING,False,False
2025-09-16T23:00:00+02:00,2025-09-13T23:00:00+02:00,72,72,M1_GBT_CAL_WEATHER,1.0509098522470584,1.438780086,3.481469789,False,0.7563462454149998,0.2572936673,0.3028071074,0.39982209825000004,0.525870567,0.6700490554999999,1.1811504951,1.4970039515999924,7.974128684,0.02,4,0.09090909090909091,23,NIGHT,False,False
2025-09-17T00:00:00+02:00,2025-09-16T23:00:00+02:00,72,1,M1_GBT_CAL_WEATHER,1.2287202971749507,0.602862627,3.7708782645000003,False,0.519768479125,0.255354937,0.3002463641,0.3707578285,0.4785287335,0.59291678275,0.667362205,0.70734331575,7.509901015,0.005,1,0,0,NIGHT,False,False
2025-09-17T01:00:00+02:00,2025-09-16T23:00:00+02:00,72,2,M1_GBT_CAL_WEATHER,1.2287202971749507,0.604223755,3.7708782645000003,False,0.47120697518,0.2570459774,0.3016357501,0.37039552175,0.4731760515,0.5811431675000001,0.6480599723999999,0.6641660538999999,0.701635715,0.0,0,0,1,NIGHT,False,False
2025-09-17T02:00:00+02:00,2025-09-16T23:00:00+02:00,72,3,M1_GBT_CAL_WEATHER,1.2287202971749507,0.605492126,3.7708782645000003,False,0.4727094778299998,0.25862177625000005,0.3031467785,0.3717041575,0.4746977885,0.582809807,0.6497147819,0.6658584062499999,0.702894272,0.0,0,0,2,NIGHT,False,False
2025-09-17T03:00:00+02:00,2025-09-16T23:00:00+02:00,72,4,M1_GBT_CAL_WEATHER,1.2287202971749507,0.6065813,3.7708782645000003,False,0.47399970620999987,0.25997494535000004,0.3044044475,0.37280928875,0.4760045335,0.5842409827499999,0.6511357989000001,0.6673116620499999,0.703975019,0.0,0,0,3,NIGHT,False,False
2025-09-17T04:00:00+02:00,2025-09-16T23:00:00+02:00,72,5,M1_GBT_CAL_WEATHER,1.2287202971749507,0.607417053,3.7708782645000003,False,0.47574034373500007,0.2648958577,0.3054837537,0.3751226855,0.4770072345,0.58533916225,0.652226184,0.6684267837499999,0.704804305,0.0,0,0,4,NIGHT,False,False
2025-09-17T05:00:00+02:00,2025-09-16T23:00:00+02:00,72,6,M1_GBT_CAL_WEATHER,1.2287202971749507,0.607942429,3.7708782645000003,False,0.4763627006700004,0.26557102870000004,0.3060978325,0.37575330375,0.477637559,0.58602950675,0.6529116287,0.6691277791999999,0.705325616,0.0,0,0,5,NIGHT,False,False
2025-09-17T06:00:00+02:00,2025-09-16T23:00:00+02:00,72,7,M1_GBT_CAL_WEATHER,1.2287202971749507,0.608121625,3.7708782645000003,False,0.7016667488449997,0.3009543725,0.3242373707,0.417777309,0.5351145575,0.6988056017500001,1.2305030316999996,1.4962178494499991,7.030719551,0.005,1,0,6,NIGHT,False,False
2025-09-17T07:00:00+02:00,2025-09-16T23:00:00+02:00,72,8,M1_GBT_CAL_WEATHER,1.2287202971749507,0.789388184,3.7708782645000003,False,1.1604679348150002,0.30610288674999997,0.35676117500000004,0.48474458425,0.8217091835,1.4663164334999998,1.9894692013,2.5386066548499993,9.129738441,0.02,4,0,7,MORNING,False,False
2025-09-17T08:00:00+02:00,2025-09-16T23:00:00+02:00,72,9,M1_GBT_CAL_WEATHER,1.2287202971749507,4.76862863,3.7708782645000003,True,1.0306050654849999,0.1700115787,0.185614574,0.3153089895,0.882425546,1.2296179702499999,2.0711398142,2.7165392727999995,9.252922294000001,0.025,5,0,8,MORNING,False,False
2025-09-17T09:00:00+02:00,2025-09-16T23:00:00+02:00,72,10,M1_GBT_CAL_WEATHER,1.2287202971749507,5.460748571,3.7708782645000003,True,0.9431903194,0.18280409579999998,0.2109442889,0.76549391625,1.0001129385,1.1751134380000001,1.3204706955,1.36741869265,5.023465184,0.01,2,0,9,DAYTIME,False,False
2025-09-17T10:00:00+02:00,2025-09-16T23:00:00+02:00,72,11,M1_GBT_CAL_WEATHER,1.2287202971749507,5.459659397,3.7708782645000003,True,1.0016736808200002,0.18517806915,0.22853111210000002,0.79189264275,1.0073169100000001,1.1861658267500002,1.3217818288999998,1.3663223091999999,7.613818402000001,0.015,3,0,10,DAYTIME,False,False
2025-09-17T11:00:00+02:00,2025-09-16T23:00:00+02:00,72,12,M1_GBT_CAL_WEATHER,1.3584061502238087,4.362513255,3.7708782645000003,True,0.9368254963700008,0.1713799705,0.21150808540000002,0.761081201,0.9804348585,1.18212904125,1.3204223962,1.3744102535999996,4.004971847,0.005,1,0.02127659574468085,11,DAYTIME,False,False
2025-09-17T12:00:00+02:00,2025-09-16T23:00:00+02:00,72,13,M1_GBT_CAL_WEATHER,1.3819898706204747,0.550390506,3.7708782645000003,False,0.8015131727100001,0.1446096515,0.16936686990000002,0.23151483174999998,0.8614872434999999,1.12255423025,1.3026229732,1.3664853075999999,3.667950425,0.0,0,0.0425531914893617,12,DAYTIME,False,False
2025-09-17T13:00:00+02:00,2025-09-16T23:00:00+02:00,72,14,M1_GBT_CAL_WEATHER,1.702943719833296,0.195273604,3.7708782645000003,False,0.7251460597100001,0.1345303479,0.1454624645,0.17812371075,0.528952402,1.0556661395,1.2896582343999998,1.3902846118999999,5.6987532430000005,0.02,4,0.0425531914893617,13,DAYTIME,False,False
2025-09-17T14:00:00+02:00,2025-09-16T23:00:00+02:00,72,15,M1_GBT_CAL_WEATHER,1.7548197274415573,1.594401324,3.7708782645000003,False,0.7435441543799998,0.13329880465,0.1416187692,0.16636669124999998,0.22814686350000002,1.1020448324999998,1.3324207541,2.0158564169499993,7.587534033000001,0.025,5,0.0425531914893617,14,DAYTIME,False,False
2025-09-17T15:00:00+02:00,2025-09-16T23:00:00+02:00,72,16,M1_GBT_CAL_WEATHER,2.0392679615265212,1.877425009,3.7708782645000003,False,0.90354642729,0.1360386468,0.14766893180000001,0.188169455,0.739254607,1.18004702175,2.0484172928999995,2.7734324050499994,7.586066602000001,0.02,4,0.0425531914893617,15,DAYTIME,False,False
2025-09-17T16:00:00+02:00,2025-09-16T23:00:00+02:00,72,17,M1_GBT_CAL_WEATHER,2.4401039738865276,2.473006676,3.7708782645000003,False,1.7998996542650003,0.16384919265,0.179591276,0.636791448,1.2388311505,2.48813488,3.5867630428999973,5.9179606655,10.105629587000001,0.1,20,0.0851063829787234,16,RETURN_RAMP,False,False
2025-09-17T17:00:00+02:00,2025-09-16T23:00:00+02:00,72,18,M1_GBT_CAL_WEATHER,4.271220175463494,1.072085209,3.7708782645000003,False,4.131218236250001,0.2035433375,0.7436397506,1.2448837137500002,2.595061638,6.9470233115,9.392096498699999,10.824096548399993,18.025079357,0.385,77,0.2553191489361702,17,RETURN_RAMP,False,False
2025-09-17T18:00:00+02:00,2025-09-16T23:00:00+02:00,72,19,M1_GBT_CAL_WEATHER,6.184656890174077,2.497916245,3.7708782645000003,False,5.98741630823,0.19945290755000003,0.8638165265000001,2.30664749075,4.983872568,9.779427937000001,11.7988413689,13.655110636299987,16.514140297,0.54,108,0.425531914893617,18,RETURN_RAMP,True,True
2025-09-17T19:00:00+02:00,2025-09-16T23:00:00+02:00,72,20,M1_GBT_CAL_WEATHER,5.6049573658902725,2.452045187,3.7708782645000003,False,6.200186347010006,0.17361730815,0.2204676962,2.28584785375,4.8215286619999995,9.7955355735,12.549495381899998,16.0385840111,19.175907426000002,0.555,111,0.5319148936170213,19,EVENING,True,True
2025-09-17T20:00:00+02:00,2025-09-16T23:00:00+02:00,72,21,M1_GBT_CAL_WEATHER,4.594762858609266,1.469854801,3.7708782645000003,False,4.342339771874999,0.17425649880000002,0.2074823687,1.068777514,2.8853360235,7.709377244000001,10.086099797400001,12.118453665149998,21.913263971,0.415,83,0.3829787234042553,20,EVENING,True,True
2025-09-17T21:00:00+02:00,2025-09-16T23:00:00+02:00,72,22,M1_GBT_CAL_WEATHER,2.6137891597048712,1.799430156,3.7708782645000003,False,2.6011152443000003,0.2517393054,0.31382498980000006,0.6216627189999999,1.2053874075,3.9187169057499998,7.9225961797,8.554096099950002,11.270025839,0.255,51,0.2978723404255319,21,EVENING,False,False
2025-09-17T22:00:00+02:00,2025-09-16T23:00:00+02:00,72,23,M1_GBT_CAL_WEATHER,2.011407750228332,1.319827851,3.7708782645000003,False,1.1980461691399993,0.25305823325,0.3189170657,0.46949881250000003,0.6517830600000001,1.0352181759999999,1.9956125771999982,5.835460441199986,8.848697564999998,0.075,15,0.14893617021276595,22,EVENING,False,False
2025-09-17T23:00:00+02:00,2025-09-16T23:00:00+02:00,72,24,M1_GBT_CAL_WEATHER,1.280596304783212,0.601501498,3.7708782645000003,False,0.7230862296949998,0.25375288144999997,0.2983917636,0.410905968,0.534578415,0.6802960725,1.0600407913999996,1.2752924397999996,8.099380754,0.02,4,0.0851063829787234,23,NIGHT,False,False
2025-09-18T00:00:00+02:00,2025-09-16T23:00:00+02:00,72,25,M1_GBT_CAL_WEATHER,1.2287202971749507,0.602862627,3.7708782645000003,False,0.5457610704049999,0.25624240845,0.30001375680000003,0.38519624425,0.4816543985,0.59723004925,0.6700748113,0.8008213923499998,5.05765129,0.005,1,0,0,NIGHT,False,False
2025-09-18T01:00:00+02:00,2025-09-16T23:00:00+02:00,72,26,M1_GBT_CAL_WEATHER,1.2287202971749507,0.604223755,3.7708782645000003,False,0.5084559342500001,0.25789065825,0.2984189554,0.3721573255,0.47056852,0.5905697409999999,0.6498618703,0.67552491385,7.967117517,0.005,1,0,1,NIGHT,False,False
2025-09-18T02:00:00+02:00,2025-09-16T23:00:00+02:00,72,27,M1_GBT_CAL_WEATHER,1.2287202971749507,0.605492126,3.7708782645000003,False,0.4953591167599999,0.25942658275,0.3000946867,0.37353585850000004,0.472072676,0.5919575125000001,0.6511974301,0.6770379761499999,5.048890367,0.005,1,0,2,NIGHT,False,False
2025-09-18T03:00:00+02:00,2025-09-16T23:00:00+02:00,72,28,M1_GBT_CAL_WEATHER,1.2287202971749507,0.6065813,3.7708782645000003,False,0.47424866527999976,0.2607455106,0.3015336702,0.37472583925,0.47347604200000004,0.5916980912500001,0.6511357989000001,0.6712997623999999,0.709375174,0.0,0,0,3,NIGHT,False,False
2025-09-18T04:00:00+02:00,2025-09-16T23:00:00+02:00,72,29,M1_GBT_CAL_WEATHER,1.2287202971749507,0.607417053,3.7708782645000003,False,0.47523869231000015,0.26175756025,0.3026378409,0.37563894275,0.474566098,0.5927941535,0.652226184,0.6722657439499998,0.710430233,0.0,0,0,4,NIGHT,False,False
2025-09-18T05:00:00+02:00,2025-09-16T23:00:00+02:00,72,30,M1_GBT_CAL_WEATHER,1.2287202971749507,0.607942429,3.7708782645000003,False,0.4795509692250004,0.26676467389999997,0.3059761424,0.386482707,0.480253194,0.59463848125,0.6529116287,0.6728729857499999,0.711093471,0.0,0,0,5,NIGHT,False,False
2025-09-18T06:00:00+02:00,2025-09-16T23:00:00+02:00,72,31,M1_GBT_CAL_WEATHER,1.2287202971749507,0.608121625,3.7708782645000003,False,0.7256001364199999,0.2990905632,0.3356751087,0.424811511,0.549701199,0.680411753,1.1497940760999998,1.497095351049999,9.686309640000001,0.01,2,0,6,NIGHT,False,False
2025-09-18T07:00:00+02:00,2025-09-16T23:00:00+02:00,72,32,M1_GBT_CAL_WEATHER,1.2287202971749507,1.164558971,3.7708782645000003,False,1.2132614523399996,0.3201610645,0.40596261310000004,0.53775647625,0.902101369,1.4257686215,2.1062106568999996,2.443048163149995,15.171590634000001,0.025,5,0,7,MORNING,False,False
2025-09-18T08:00:00+02:00,2025-09-16T23:00:00+02:00,72,33,M1_GBT_CAL_WEATHER,1.2287202971749507,2.138801261,3.7708782645000003,False,1.0666286412450001,0.16583055989999998,0.197003263,0.46308433325,0.9215223775,1.21433051075,1.849753401499999,2.639718204299997,9.182307631999999,0.02,4,0,8,MORNING,False,False
2025-09-18T09:00:00+02:00,2025-09-16T23:00:00+02:00,72,34,M1_GBT_CAL_WEATHER,1.2287202971749507,1.080883684,3.7708782645000003,False,1.1247251428600002,0.16659712575,0.19587854200000002,0.8076901317499999,1.037800789,1.22970408675,1.3393021263,1.37550729155,15.976449643999999,0.025,5,0,9,DAYTIME,False,False
2025-09-18T10:00:00+02:00,2025-09-16T23:00:00+02:00,72,35,M1_GBT_CAL_WEATHER,1.3584061502238087,1.07979451,3.7708782645000003,False,1.1007301517449999,0.17044225030000001,0.1920026796,0.74092410525,0.9888434614999999,1.22493607425,1.3485966673,1.3951623696,12.818703576,0.03,6,0,10,DAYTIME,False,False
2025-09-18T11:00:00+02:00,2025-09-16T23:00:00+02:00,72,36,M1_GBT_CAL_WEATHER,1.3819898706204747,0.836692303,3.7708782645000003,False,0.9326039441699997,0.16407138805,0.1792415032,0.482300603,0.910525645,1.18452988475,1.3391075983,1.3929854423,5.609865653,0.02,4,0.02127659574468085,11,DAYTIME,False,False
2025-09-18T12:00:00+02:00,2025-09-16T23:00:00+02:00,72,37,M1_GBT_CAL_WEATHER,1.702943719833296,0.196634733,3.7708782645000003,False,0.9013333222150003,0.1458045626,0.16226355509999998,0.209904125,0.8675791879999999,1.143300757,1.3257922411999998,2.1360872578999968,5.660897781,0.03,6,0.0425531914893617,12,DAYTIME,False,False
2025-09-18T13:00:00+02:00,2025-09-16T23:00:00+02:00,72,38,M1_GBT_CAL_WEATHER,1.702943719833296,0.195273604,3.7708782645000003,False,0.8970838113700005,0.14043395295000002,0.15552184370000002,0.1821210865,0.5194876685,1.14714067125,1.9749198058,2.721731947099999,7.288427636,0.035,7,0.0425531914893617,13,DAYTIME,False,False
2025-09-18T14:00:00+02:00,2025-09-16T23:00:00+02:00,72,39,M1_GBT_CAL_WEATHER,1.7548197274415573,0.194005234,3.7708782645000003,False,0.97805289908,0.13329880465,0.1416187692,0.17592561099999998,0.24240834049999999,1.274875379,2.4259657022999996,3.260230090249999,7.130516822000001,0.035,7,0.0425531914893617,14,DAYTIME,False,False
2025-09-18T15:00:00+02:00,2025-09-16T23:00:00+02:00,72,40,M1_GBT_CAL_WEATHER,2.0392679615265212,0.192916059,3.7708782645000003,False,1.3357061017249992,0.14956269425000002,0.163172103,0.20564942225,1.0295339515,2.13401738,2.6837718579,3.110679547199998,14.092593367000001,0.02,4,0.0425531914893617,15,DAYTIME,False,False
2025-09-18T16:00:00+02:00,2025-09-16T23:00:00+02:00,72,41,M1_GBT_CAL_WEATHER,2.3678698272684193,2.35511967,3.7708782645000003,False,1.8990384486349998,0.16233433415,0.19003597319999999,0.81761895275,1.5035799975,2.72604973275,3.5137696778,3.9636065778999825,11.629967017,0.06,12,0.0851063829787234,16,RETURN_RAMP,False,False
2025-09-18T17:00:00+02:00,2025-09-16T23:00:00+02:00,72,42,M1_GBT_CAL_WEATHER,4.198986028845384,6.486014294,3.7708782645000003,True,3.5795727005000004,0.4350826942,0.688461601,1.08093242775,2.6264382805000004,4.823827656500001,8.751223346499998,9.952787266099998,17.520506712000003,0.275,55,0.2553191489361702,17,RETURN_RAMP,False,False
2025-09-18T18:00:00+02:00,2025-09-16T23:00:00+02:00,72,43,M1_GBT_CAL_WEATHER,6.09390461840724,13.171239836,3.7708782645000003,True,5.766053689684998,0.2186452684,0.7460309801999999,2.1469013770000003,3.9841638925,8.891528692250002,12.3457755678,15.399028179799984,18.026735498,0.53,106,0.425531914893617,18,RETURN_RAMP,True,True
2025-09-18T19:00:00+02:00,2025-09-16T23:00:00+02:00,72,44,M1_GBT_CAL_WEATHER,6.09390461840724,9.038335352,3.7708782645000003,True,6.027756129924996,0.1788560931,0.2208270278,1.7732196732499999,5.315156039,9.7618093695,11.8745183775,15.361101951249998,23.556078559,0.56,112,0.5319148936170213,19,EVENING,True,True
2025-09-18T20:00:00+02:00,2025-09-16T23:00:00+02:00,72,45,M1_GBT_CAL_WEATHER,4.522528711991158,6.469265554,3.7708782645000003,True,4.157864533495001,0.17310210210000002,0.20436034860000002,0.6920809965000001,2.7466136015,7.286782527,9.744728565900001,11.786118529099996,20.846131288000002,0.39,78,0.3829787234042553,20,EVENING,False,True
2025-09-18T21:00:00+02:00,2025-09-16T23:00:00+02:00,72,46,M1_GBT_CAL_WEATHER,2.541555013086763,1.023884329,3.7708782645000003,False,2.6334222688249986,0.2579326656,0.3096942958,0.6255401282499999,1.1782902,3.3469268495,8.024132142500001,8.7182367961,19.909600203,0.23,46,0.2978723404255319,21,EVENING,False,False
2025-09-18T22:00:00+02:00,2025-09-16T23:00:00+02:00,72,47,M1_GBT_CAL_WEATHER,2.011407750228332,0.611301691,3.7708782645000003,False,1.6274556495049994,0.2590466916,0.2972468964,0.44665598575,0.642395504,1.15848109825,4.888664235399995,7.924948458049998,17.382317037,0.105,21,0.14893617021276595,22,EVENING,False,False
2025-09-18T23:00:00+02:00,2025-09-16T23:00:00+02:00,72,48,M1_GBT_CAL_WEATHER,1.280596304783212,0.601501498,3.7708782645000003,False,0.8598155423049996,0.25729861085,0.29870467440000004,0.412124833,0.533870335,0.6653496845,1.1470161066999995,2.246284030699992,15.356197952999999,0.04,8,0.0851063829787234,23,NIGHT,False,False
2025-09-19T00:00:00+02:00,2025-09-16T23:00:00+02:00,72,49,M1_GBT_CAL_WEATHER,1.2287202971749507,0.602862627,3.7708782645000003,False,0.6226343279649997,0.25904287924999997,0.298581289,0.38113899700000003,0.48727874299999996,0.60527277275,0.6970490276,2.22636752785,5.681140961,0.005,1,0,0,NIGHT,False,False
2025-09-19T01:00:00+02:00,2025-09-16T23:00:00+02:00,72,50,M1_GBT_CAL_WEATHER,1.2287202971749507,0.604223755,3.7708782645000003,False,0.47779647019500016,0.2607687006,0.2971025131,0.3640643,0.47056852,0.5811431675000001,0.6431436704,0.6685748573499999,2.353863477,0.0,0,0,1,NIGHT,False,False
2025-09-19T02:00:00+02:00,2025-09-16T23:00:00+02:00,72,51,M1_GBT_CAL_WEATHER,1.2287202971749507,0.605492126,3.7708782645000003,False,0.499895220675,0.2623855043,0.29837675610000003,0.36577825225000005,0.472072676,0.582809807,0.6448927773,0.6700408691499999,6.474702044,0.005,1,0,2,NIGHT,False,False
2025-09-19T03:00:00+02:00,2025-09-16T23:00:00+02:00,72,52,M1_GBT_CAL_WEATHER,1.2287202971749507,0.6065813,3.7708782645000003,False,0.5024023948449998,0.2637738861,0.2994709728,0.36725005675,0.47347604200000004,0.5842409827499999,0.6463947701999999,0.6712997623999999,6.719455708,0.005,1,0,3,NIGHT,False,False
2025-09-19T04:00:00+02:00,2025-09-16T23:00:00+02:00,72,53,M1_GBT_CAL_WEATHER,1.2287202971749507,0.607417053,3.7708782645000003,False,0.474436634945,0.26613653845,0.3026378409,0.37062703199999997,0.4770072345,0.58533916225,0.6459277293,0.6684267837499999,0.710430233,0.0,0,0,4,NIGHT,False,False
2025-09-19T05:00:00+02:00,2025-09-16T23:00:00+02:00,72,54,M1_GBT_CAL_WEATHER,1.2287202971749507,0.607942429,3.7708782645000003,False,0.47505899188000045,0.26666754005,0.30333195220000003,0.37121708425,0.477637559,0.58602950675,0.646629401,0.6691277791999999,0.711093471,0.0,0,0,5,NIGHT,False,False
2025-09-19T06:00:00+02:00,2025-09-16T23:00:00+02:00,72,55,M1_GBT_CAL_WEATHER,1.2287202971749507,0.608121625,3.7708782645000003,False,0.6782161209099997,0.3008673957,0.3259986812,0.41140191125000003,0.5583739255,0.6988056017500001,1.2367160016,1.4261098511499988,5.647824154,0.005,1,0,6,NIGHT,False,False
2025-09-19T07:00:00+02:00,2025-09-16T23:00:00+02:00,72,56,M1_GBT_CAL_WEATHER,1.2287202971749507,1.147940829,3.7708782645000003,False,1.1150172213499998,0.3059914992,0.3501444011,0.48507108200000004,0.8553083855,1.4746155915,2.036034333,2.454649357799996,11.497890852,0.01,2,0,7,MORNING,False,False
2025-09-19T08:00:00+02:00,2025-09-16T23:00:00+02:00,72,57,M1_GBT_CAL_WEATHER,1.2287202971749507,1.081719437,3.7708782645000003,False,1.008453336675,0.17023835610000002,0.19165022870000004,0.46901415625,0.9287445505,1.2102835459999999,1.9359284669999999,2.7978773906499974,4.767333727,0.005,1,0,8,MORNING,False,False
2025-09-19T09:00:00+02:00,2025-09-16T23:00:00+02:00,72,58,M1_GBT_CAL_WEATHER,1.2287202971749507,1.080883684,3.7708782645000003,False,1.0108000000750004,0.17042621695000001,0.1965854173,0.80069426,1.004077648,1.1702316465,1.3066559318,1.3557781848499997,14.58958891,0.015,3,0,9,DAYTIME,False,False
2025-09-19T10:00:00+02:00,2025-09-16T23:00:00+02:00,72,59,M1_GBT_CAL_WEATHER,1.2287202971749507,1.07979451,3.7708782645000003,False,1.05584856289,0.19514199055,0.25565408040000004,0.79189264275,1.0128896535,1.2009310165,1.3392814132,1.474122114149999,5.434822166,0.025,5,0,10,DAYTIME,False,False
2025-09-19T11:00:00+02:00,2025-09-16T23:00:00+02:00,72,60,M1_GBT_CAL_WEATHER,1.3584061502238087,1.078526139,3.7708782645000003,False,1.0649324535200007,0.20581851915,0.2876965395,0.76778907975,0.9903695955,1.21665215475,1.3527353048,1.5014560102999999,5.404185423,0.045,9,0.02127659574468085,11,DAYTIME,False,False
2025-09-19T12:00:00+02:00,2025-09-16T23:00:00+02:00,72,61,M1_GBT_CAL_WEATHER,1.3819898706204747,1.077165011,3.7708782645000003,False,0.952346242445,0.1539134746,0.1674022986,0.22182717075,0.8530608155000001,1.1444635737500002,1.3454642972,1.589562255699995,15.198125113,0.035,7,0.0425531914893617,12,DAYTIME,False,False
2025-09-19T13:00:00+02:00,2025-09-16T23:00:00+02:00,72,62,M1_GBT_CAL_WEATHER,1.3819898706204747,1.165208319,3.7708782645000003,False,0.7313637878450003,0.1412262671,0.1489501577,0.17809769474999998,0.2796480555,1.06614600475,1.3361560404,1.5086649940499997,16.024126316,0.015,3,0.0425531914893617,13,DAYTIME,False,False
2025-09-19T14:00:00+02:00,2025-09-16T23:00:00+02:00,72,63,M1_GBT_CAL_WEATHER,1.7548197274415573,0.29999261,3.7708782645000003,False,0.6939912832299997,0.13314329014999998,0.1414765639,0.16475560775,0.20832668999999998,1.08592966325,1.3450979943999999,2.037171386249999,16.022599564,0.01,2,0.0425531914893617,14,DAYTIME,False,False
2025-09-19T15:00:00+02:00,2025-09-16T23:00:00+02:00,72,64,M1_GBT_CAL_WEATHER,2.0392679615265212,1.593312149,3.7708782645000003,False,0.9091633856749997,0.14017849559999998,0.1536951511,0.19474324625,0.6503256065,1.2214286045,2.0737143454,2.6763031649999998,9.470494621,0.01,2,0.0425531914893617,15,DAYTIME,False,False
2025-09-19T16:00:00+02:00,2025-09-16T23:00:00+02:00,72,65,M1_GBT_CAL_WEATHER,2.3678698272684193,1.739939129,3.7708782645000003,False,1.7501064740850003,0.17711797750000002,0.20070672960000002,0.7560934242499999,1.264580337,2.47916649275,3.3542259870999986,4.429654118099998,11.506208049000001,0.085,17,0.0851063829787234,16,RETURN_RAMP,False,False
2025-09-19T17:00:00+02:00,2025-09-16T23:00:00+02:00,72,66,M1_GBT_CAL_WEATHER,3.905191747699476,1.072085209,3.7708782645000003,False,3.9095217579699963,0.26171004040000007,0.7614850958000001,1.17049646075,2.7375048545,5.73853792275,9.303452643299998,10.50020621605,15.554624930000001,0.345,69,0.2553191489361702,17,RETURN_RAMP,False,False
2025-09-19T18:00:00+02:00,2025-09-16T23:00:00+02:00,72,67,M1_GBT_CAL_WEATHER,5.424898312704568,1.108232441,3.7708782645000003,False,6.072889298270005,0.2199093038,0.7412592676000002,2.346202254,5.0848700220000005,9.4217144255,12.1451763452,15.01462346659999,20.042661262,0.565,113,0.425531914893617,18,RETURN_RAMP,True,True
2025-09-19T19:00:00+02:00,2025-09-16T23:00:00+02:00,72,68,M1_GBT_CAL_WEATHER,5.424898312704568,9.8724813,3.7708782645000003,True,6.329334674390002,0.17763523365,0.9514680603000003,2.40343501125,5.761302086500001,9.271628164500001,12.680066607099999,15.97458700325,20.719365089,0.595,119,0.5319148936170213,19,EVENING,True,True
2025-09-19T20:00:00+02:00,2025-09-16T23:00:00+02:00,72,69,M1_GBT_CAL_WEATHER,4.336513136487586,1.728010255,3.7708782645000003,False,4.507080895095002,0.17375517575000002,0.25925778880000006,0.76704535125,2.5921992005,7.5596909427500005,10.6201090027,14.496212116949986,26.522968666,0.405,81,0.3829787234042553,20,EVENING,True,False
2025-09-19T21:00:00+02:00,2025-09-16T23:00:00+02:00,72,70,M1_GBT_CAL_WEATHER,2.541555013086763,1.365096768,3.7708782645000003,False,2.907916619019998,0.308195502,0.4449947989,0.62144376925,1.0512658215,4.027550727,7.9950907024,9.408882947999984,19.099260441,0.28,56,0.2978723404255319,21,EVENING,False,False
2025-09-19T22:00:00+02:00,2025-09-16T23:00:00+02:00,72,71,M1_GBT_CAL_WEATHER,2.011407750228332,0.692476492,3.7708782645000003,False,1.460591884849999,0.29156047605,0.38294485740000006,0.49849598275,0.6787229265,1.01765138875,2.2234503722999963,7.991205979049998,15.427820659,0.09,18,0.14893617021276595,22,EVENING,False,False
2025-09-19T23:00:00+02:00,2025-09-16T23:00:00+02:00,72,72,M1_GBT_CAL_WEATHER,1.280596304783212,0.601501498,3.7708782645000003,False,0.781335998565,0.28686171755,0.3225525785,0.41803649625,0.5887948245,0.74405898725,1.1190369928,1.311753809299999,7.877789624,0.025,5,0.0851063829787234,23,NIGHT,False,False
2025-09-20T00:00:00+02:00,2025-09-19T23:00:00+02:00,72,1,M1_GBT_CAL_WEATHER,1.0435689046245569,0.602862627,3.7975427456000026,False,0.5338832800899999,0.27293713430000005,0.31372299000000003,0.3864331285,0.5186666575000001,0.622778117,0.6778701686999999,0.83600946665,3.563406022,0.0,0,0,0,NIGHT,False,False
2025-09-20T01:00:00+02:00,2025-09-19T23:00:00+02:00,72,2,M1_GBT_CAL_WEATHER,1.0435689046245569,0.604223755,3.7975427456000026,False,0.48144257588500017,0.2747319637,0.31500222330000005,0.386896286,0.482710967,0.5927226855000001,0.6498618703,0.6685748573499999,0.706398996,0.0,0,0,1,NIGHT,False,False
2025-09-20T02:00:00+02:00,2025-09-19T23:00:00+02:00,72,3,M1_GBT_CAL_WEATHER,1.0435689046245569,0.605492126,3.7975427456000026,False,0.49874108918,0.28057237335,0.3177119435,0.38964214825,0.485076469,0.5959441480000001,0.6514319019,0.6770379761499999,3.353317756,0.0,0,0,2,NIGHT,False,False
2025-09-20T03:00:00+02:00,2025-09-19T23:00:00+02:00,72,4,M1_GBT_CAL_WEATHER,1.0435689046245569,0.6065813,3.7975427456000026,False,0.5147790064549995,0.29711758190000004,0.3224739626,0.39431675099999997,0.486731881,0.59818848,0.653071324,0.67969919955,4.4469964310000005,0.005,1,0,3,NIGHT,False,False
2025-09-20T04:00:00+02:00,2025-09-19T23:00:00+02:00,72,5,M1_GBT_CAL_WEATHER,1.0435689046245569,0.607417053,3.7975427456000026,False,0.5201701573800002,0.2981880863,0.3233875349,0.39540464,0.4878395175,0.5980752739999999,0.6535160707,0.6793282268999999,6.81114565,0.005,1,0,4,NIGHT,False,False
2025-09-20T05:00:00+02:00,2025-09-19T23:00:00+02:00,72,6,M1_GBT_CAL_WEATHER,1.0435689046245569,0.607942429,3.7975427456000026,False,0.4900780065750004,0.29886103355,0.3240128586,0.396088515,0.488535807,0.59865692875,0.6540849085,0.6728729857499999,0.711093471,0.0,0,0,5,NIGHT,False,False
2025-09-20T06:00:00+02:00,2025-09-19T23:00:00+02:00,72,7,M1_GBT_CAL_WEATHER,1.0435689046245569,0.608121625,3.7975427456000026,False,0.6520381705800001,0.30375024224999997,0.33963197840000003,0.43044145275,0.562490487,0.673299419,1.1195128114,1.45818934385,2.492198104,0.0,0,0,6,NIGHT,False,False
2025-09-20T07:00:00+02:00,2025-09-19T23:00:00+02:00,72,8,M1_GBT_CAL_WEATHER,1.0435689046245569,0.607942429,3.7975427456000026,False,1.0330065498549994,0.31290556595,0.3710383815,0.480981267,0.7057759855000001,1.481208414,1.8407886775,2.483347257449999,5.107869119,0.01,2,0,7,MORNING,False,False
2025-09-20T08:00:00+02:00,2025-09-19T23:00:00+02:00,72,9,M1_GBT_CAL_WEATHER,1.0435689046245569,0.201189159,3.7975427456000026,False,0.9210510665550001,0.1653524039,0.1836889686,0.28309048150000005,0.8436291140000001,1.1489923174999999,1.6561408058999991,2.6186764729999994,5.3103668200000005,0.02,4,0.02,8,MORNING,False,False
2025-09-20T09:00:00+02:00,2025-09-19T23:00:00+02:00,72,10,M1_GBT_CAL_WEATHER,1.0435689046245569,0.200353406,3.7975427456000026,False,1.0420487527449998,0.1836378574,0.2157062987,0.78100982475,1.0009210065,1.18757064225,1.3252679776,1.3810835022999994,5.79297517,0.03,6,0.02,9,DAYTIME,False,False
2025-09-20T10:00:00+02:00,2025-09-19T23:00:00+02:00,72,11,M1_GBT_CAL_WEATHER,1.0777236675511046,0.891457281,3.7975427456000026,False,1.1235604397649999,0.1795098477,0.25132406590000006,0.83649332625,1.0704176925,1.25796220825,1.3867550967,2.4312909221999965,5.726307439,0.03,6,0.02,10,DAYTIME,False,False
2025-09-20T11:00:00+02:00,2025-09-19T23:00:00+02:00,72,12,M1_GBT_CAL_WEATHER,1.2060428993063799,1.078526139,3.7975427456000026,False,1.1248928908299993,0.1958583398,0.33788326160000004,0.77780404625,1.049427284,1.2369289695,1.4342120057999999,2.6344273137999945,5.582074664,0.04,8,0.04,11,DAYTIME,False,False
2025-09-20T12:00:00+02:00,2025-09-19T23:00:00+02:00,72,13,M1_GBT_CAL_WEATHER,1.2060428993063799,1.077165011,3.7975427456000026,False,0.9906090081449997,0.1648291415,0.179721073,0.47619112474999997,0.954704399,1.2204271417499999,1.3969560292,2.619961156499999,5.357316574,0.025,5,0.04,12,DAYTIME,False,False
2025-09-20T13:00:00+02:00,2025-09-19T23:00:00+02:00,72,14,M1_GBT_CAL_WEATHER,1.2060428993063799,1.075803882,3.7975427456000026,False,0.8776683933850002,0.14301090035,0.1642671992,0.212871905,0.7887637535,1.19015187225,1.7916293024999999,2.639759332799997,4.7475915959999995,0.01,2,0.04,13,DAYTIME,False,False
2025-09-20T14:00:00+02:00,2025-09-19T23:00:00+02:00,72,15,M1_GBT_CAL_WEATHER,1.2589263075296664,2.474931603,3.7975427456000026,False,0.8926649091949994,0.1394495059,0.1543513231,0.19095706175,0.5759986875,1.29816601575,2.190744534099999,2.7071973332499986,5.545812165,0.01,2,0.04,14,DAYTIME,False,False
2025-09-20T15:00:00+02:00,2025-09-19T23:00:00+02:00,72,16,M1_GBT_CAL_WEATHER,1.7033643928774862,2.473842428,3.7975427456000026,False,1.1183823866049998,0.1397025558,0.15710894120000002,0.205074592,0.818161677,1.493337822,2.5708936996999996,2.879463973749989,7.094438697,0.04,8,0.04,15,DAYTIME,False,False
2025-09-20T16:00:00+02:00,2025-09-19T23:00:00+02:00,72,17,M1_GBT_CAL_WEATHER,1.991388651130955,3.477985299,3.7975427456000026,False,2.0758108089000005,0.160058993,0.2035958254,0.7185526735,1.0999708435,2.46487166775,5.707524820199997,8.353815876699997,11.551424629,0.145,29,0.08,16,RETURN_RAMP,False,False
2025-09-20T17:00:00+02:00,2025-09-19T23:00:00+02:00,72,18,M1_GBT_CAL_WEATHER,3.1307373615344423,14.80883985,3.7975427456000026,True,2.6545562616099994,0.18685361080000001,0.2762252428,0.84397375475,1.2983032115,2.9072558327499998,8.383297732099999,9.517522498899996,14.928939668,0.19,38,0.26,17,RETURN_RAMP,False,False
2025-09-20T18:00:00+02:00,2025-09-19T23:00:00+02:00,72,19,M1_GBT_CAL_WEATHER,5.262256642643934,15.731906587,3.7975427456000026,True,2.926005376975,0.16671509725,0.1963519936,0.864127314,1.573788933,3.9119227482500003,8.250165331299998,9.3384740595,15.500323060000001,0.26,52,0.42,18,RETURN_RAMP,False,True
2025-09-20T19:00:00+02:00,2025-09-19T23:00:00+02:00,72,20,M1_GBT_CAL_WEATHER,5.262256642643934,16.391951021,3.7975427456000026,True,3.289405079759998,0.16596953425000002,0.18841286110000002,0.84874344475,2.0937948155,4.35633123825,8.6487827672,10.187291467249999,17.604242902,0.275,55,0.52,19,EVENING,False,True
2025-09-20T20:00:00+02:00,2025-09-19T23:00:00+02:00,72,21,M1_GBT_CAL_WEATHER,3.530355879810193,17.316185669,3.7975427456000026,True,3.570903745184999,0.1837888484,0.20127068960000002,0.54667244825,1.9844072465,6.21385296925,9.009263983099997,10.574838524799995,18.161001671,0.335,67,0.38,20,EVENING,True,True
2025-09-20T21:00:00+02:00,2025-09-19T23:00:00+02:00,72,22,M1_GBT_CAL_WEATHER,2.391007169406706,10.58461513,3.7975427456000026,True,3.1263101637750026,0.3067768524000001,0.414194652,0.67468697425,1.3688332019999998,5.59951322525,8.0252381757,8.6322753263,15.880972619000001,0.3,60,0.28,21,EVENING,False,False
2025-09-20T22:00:00+02:00,2025-09-19T23:00:00+02:00,72,23,M1_GBT_CAL_WEATHER,1.8224223005549525,0.666228011,3.7975427456000026,False,2.119788964715,0.33871959605000007,0.3976103063,0.56198096325,0.784170402,1.39137259025,7.8036692156,8.3778001437,15.111442676000001,0.19,38,0.14,22,EVENING,False,False
2025-09-20T23:00:00+02:00,2025-09-19T23:00:00+02:00,72,24,M1_GBT_CAL_WEATHER,1.1306070757743911,0.616934904,3.7975427456000026,False,1.3308763300400002,0.27855670115000003,0.3433146252,0.47043327775,0.601755056,1.03099717575,3.8499928611999987,6.2982328127499745,15.116040301,0.105,21,0.06,23,NIGHT,False,False
2025-09-21T00:00:00+02:00,2025-09-19T23:00:00+02:00,72,25,M1_GBT_CAL_WEATHER,1.0777236675511046,0.602862627,3.7975427456000026,False,0.9299052234399993,0.26753489935,0.32594914340000003,0.4136075945,0.5313860939999999,0.6486667815,2.160322035499999,2.8187084467499983,15.098790952,0.035,7,0,0,NIGHT,False,False
2025-09-21T01:00:00+02:00,2025-09-19T23:00:00+02:00,72,26,M1_GBT_CAL_WEATHER,1.0777236675511046,0.604223755,3.7975427456000026,False,0.6235104985000003,0.26931777435000004,0.31989689990000003,0.393740678,0.505556558,0.6055942335000001,0.664021828,0.6985159463499999,7.802577157,0.015,3,0,1,NIGHT,False,False
2025-09-21T02:00:00+02:00,2025-09-19T23:00:00+02:00,72,27,M1_GBT_CAL_WEATHER,1.0777236675511046,0.605492126,3.7975427456000026,False,0.5208095477550001,0.2709791492,0.3205867772,0.392898987,0.488908193,0.59783793925,0.6575734618,0.67997710175,2.9489658309999998,0.0,0,0,2,NIGHT,False,False
2025-09-21T03:00:00+02:00,2025-09-19T23:00:00+02:00,72,28,M1_GBT_CAL_WEATHER,1.0777236675511046,0.6065813,3.7975427456000026,False,0.5032428773649997,0.27240580365000006,0.3191306553,0.39097136774999997,0.49030452599999996,0.59898145775,0.6569951098,0.6798997658,1.6493918610000002,0.0,0,0,3,NIGHT,False,False
2025-09-21T04:00:00+02:00,2025-09-19T23:00:00+02:00,72,29,M1_GBT_CAL_WEATHER,1.0777236675511046,0.607417053,3.7975427456000026,False,0.4883022808150001,0.27350051475,0.3202192715,0.391991314,0.4893637675,0.5980752739999999,0.6535160707,0.6722657439499998,0.710430233,0.0,0,0,4,NIGHT,False,False
2025-09-21T05:00:00+02:00,2025-09-19T23:00:00+02:00,72,30,M1_GBT_CAL_WEATHER,1.0435689046245569,0.607942429,3.7975427456000026,False,0.48892463775000033,0.27418867865,0.3209036038,0.39263247875,0.489889449,0.59865692875,0.6540849085,0.6728729857499999,0.711093471,0.0,0,0,5,NIGHT,False,False
2025-09-21T06:00:00+02:00,2025-09-19T23:00:00+02:00,72,31,M1_GBT_CAL_WEATHER,1.0435689046245569,0.608121625,3.7975427456000026,False,0.64087773377,0.28371746405,0.3380876982,0.42050345825,0.5410294375,0.6559619007499999,1.0873242934999996,1.5193285337999998,2.248413631,0.0,0,0,6,NIGHT,False,False
2025-09-21T07:00:00+02:00,2025-09-19T23:00:00+02:00,72,32,M1_GBT_CAL_WEATHER,1.0435689046245569,0.607942429,3.7975427456000026,False,1.0449584571649997,0.3055949844,0.3560264925,0.480981267,0.6821717105,1.30258980225,1.9755133860999985,2.9746166684499995,4.10231355,0.01,2,0,7,MORNING,False,False
2025-09-21T08:00:00+02:00,2025-09-19T23:00:00+02:00,72,33,M1_GBT_CAL_WEATHER,1.0435689046245569,0.787502844,3.7975427456000026,False,1.0433379540649996,0.16583055989999998,0.1760380527,0.43357357399999996,0.915287054,1.22063879225,2.0489017012999997,2.4339471510999986,12.569826575,0.01,2,0.02,8,MORNING,False,False
2025-09-21T09:00:00+02:00,2025-09-19T23:00:00+02:00,72,34,M1_GBT_CAL_WEATHER,1.0435689046245569,0.200353406,3.7975427456000026,False,1.1301665077050003,0.17047525830000002,0.21271400680000002,0.8087517714999999,1.0252454575,1.2193276960000001,1.3558400016,1.7764451016999998,13.580094811,0.03,6,0.02,9,DAYTIME,False,False
2025-09-21T10:00:00+02:00,2025-09-19T23:00:00+02:00,72,35,M1_GBT_CAL_WEATHER,1.0777236675511046,0.199264232,3.7975427456000026,False,1.133875551215,0.21305167865000002,0.3943430866,0.86236090675,1.0526361080000002,1.2397344885000001,1.3650575328999999,2.0222693294999994,8.703857185,0.025,5,0.02,10,DAYTIME,False,False
2025-09-21T11:00:00+02:00,2025-09-19T23:00:00+02:00,72,36,M1_GBT_CAL_WEATHER,1.0777236675511046,4.651833613,3.7975427456000026,True,1.0914691006650004,0.1913582353,0.28515719800000006,0.8429403385,1.020979752,1.22265189875,1.3739872326999998,1.6192900264499936,8.702123434,0.02,4,0.04,11,DAYTIME,False,False
2025-09-21T12:00:00+02:00,2025-09-19T23:00:00+02:00,72,37,M1_GBT_CAL_WEATHER,1.0777236675511046,5.457029898,3.7975427456000026,True,0.9642716219700003,0.1583667099,0.1790296392,0.33914649625,0.8931903999999999,1.1461350650000002,1.385576167,1.8010031489,7.387338526000001,0.03,6,0.04,12,DAYTIME,False,False
2025-09-21T13:00:00+02:00,2025-09-19T23:00:00+02:00,72,38,M1_GBT_CAL_WEATHER,1.2060428993063799,5.247518457,3.7975427456000026,True,0.8028291631149997,0.14283696955,0.1572749068,0.187993743,0.5575702705000001,1.109123896,1.3570145839999999,1.8058492956999925,5.889031876000001,0.025,5,0.04,13,DAYTIME,False,False
2025-09-21T14:00:00+02:00,2025-09-19T23:00:00+02:00,72,39,M1_GBT_CAL_WEATHER,1.2589263075296664,1.298703778,3.7975427456000026,False,0.7030177371800004,0.13602513965,0.1469431613,0.17283869824999998,0.23772974149999998,1.05520306025,1.3621388506999998,2.2366400224999987,5.188136733,0.02,4,0.04,14,DAYTIME,False,False
2025-09-21T15:00:00+02:00,2025-09-19T23:00:00+02:00,72,40,M1_GBT_CAL_WEATHER,1.7033643928774862,1.097802064,3.7975427456000026,False,1.0908362743049995,0.1394033193,0.15317252950000002,0.185877191,0.6454381634999999,1.33021212725,2.5448034293,3.5985111338499998,12.857480880999999,0.04,8,0.04,15,DAYTIME,False,False
2025-09-21T16:00:00+02:00,2025-09-19T23:00:00+02:00,72,41,M1_GBT_CAL_WEATHER,2.069736805305395,1.072610585,3.7975427456000026,False,1.7064621402149986,0.14826357225,0.1621331662,0.31696824725,0.9457568675,1.670960591,3.9662116583,7.448000710449999,15.738703292,0.105,21,0.08,16,RETURN_RAMP,False,False
2025-09-21T17:00:00+02:00,2025-09-19T23:00:00+02:00,72,42,M1_GBT_CAL_WEATHER,3.2090855157088822,1.072085209,3.7975427456000026,False,2.0835585971350015,0.16322626135,0.21774643140000002,0.80950222925,1.084724121,2.00041072575,6.808697265199996,8.373317445649999,13.520995639,0.145,29,0.26,17,RETURN_RAMP,False,False
2025-09-21T18:00:00+02:00,2025-09-19T23:00:00+02:00,72,43,M1_GBT_CAL_WEATHER,4.6225596673223555,0.52541343,3.7975427456000026,False,2.6938207406399988,0.17934590625,0.3369782113,0.8693841514999999,1.2354520065,3.5911985697500004,7.769581768299999,8.482401944500001,15.665787838,0.22,44,0.42,18,RETURN_RAMP,False,True
2025-09-21T19:00:00+02:00,2025-09-19T23:00:00+02:00,72,44,M1_GBT_CAL_WEATHER,4.6225596673223555,1.533311308,3.7975427456000026,False,3.2246638973699993,0.17919014195000002,0.2039420436,0.573392111,1.6694172484999998,4.71597924925,8.352884369699998,10.167256080249999,16.557397549,0.31,62,0.52,19,EVENING,True,True
2025-09-21T20:00:00+02:00,2025-09-19T23:00:00+02:00,72,45,M1_GBT_CAL_WEATHER,3.530355879810193,0.77862687,3.7975427456000026,False,3.5449365184049997,0.17450840385,0.2049333103,0.500017453,2.4276511124999995,6.073698932999999,8.4876935471,10.035519149049996,15.862683958,0.38,76,0.38,20,EVENING,True,True
2025-09-21T21:00:00+02:00,2025-09-19T23:00:00+02:00,72,46,M1_GBT_CAL_WEATHER,2.299202212560777,1.484399504,3.7975427456000026,False,3.719134353175,0.2999753303,0.4680122968,0.6803816460000001,1.6415905725,6.639318025,8.813184185999997,10.719250234749973,16.741245111,0.37,74,0.28,21,EVENING,True,False
2025-09-21T22:00:00+02:00,2025-09-19T23:00:00+02:00,72,47,M1_GBT_CAL_WEATHER,1.7882675376284047,0.638742697,3.7975427456000026,False,2.330154040680001,0.30538896565,0.4246823951,0.58627225725,0.8532730805,2.1887801035,8.0347490691,9.174349805749998,16.767332825,0.215,43,0.14,22,EVENING,False,False
2025-09-21T23:00:00+02:00,2025-09-19T23:00:00+02:00,72,48,M1_GBT_CAL_WEATHER,1.0964523128478434,0.628689272,3.7975427456000026,False,1.0748823016900004,0.2897297875,0.3320144481,0.42303708025,0.5887948245,0.80891414875,1.8064546033,3.805396496699985,11.80587839,0.05,10,0.06,23,NIGHT,False,False
2025-09-22T00:00:00+02:00,2025-09-19T23:00:00+02:00,72,49,M1_GBT_CAL_WEATHER,1.0435689046245569,0.602862627,3.7975427456000026,False,0.7392210294199993,0.2774975189,0.3133513911,0.39132132025,0.49700548299999997,0.61200887075,0.6970216114,1.0527300822999912,7.867744958,0.035,7,0,0,NIGHT,False,False
2025-09-22T01:00:00+02:00,2025-09-19T23:00:00+02:00,72,50,M1_GBT_CAL_WEATHER,1.0435689046245569,0.604223755,3.7975427456000026,False,0.563285924595,0.2928133542,0.3151141978,0.3912479665,0.4861686185,0.59606724225,0.6541346772,0.6784895468,6.523249963,0.01,2,0,1,NIGHT,False,False
2025-09-22T02:00:00+02:00,2025-09-19T23:00:00+02:00,72,51,M1_GBT_CAL_WEATHER,1.0435689046245569,0.605492126,3.7975427456000026,False,0.5995092804749999,0.29836627355,0.3205867772,0.392898987,0.48635788999999996,0.5976669065,0.6630140215,0.6853430948499999,7.742105254,0.015,3,0,2,NIGHT,False,False
2025-09-22T03:00:00+02:00,2025-09-19T23:00:00+02:00,72,52,M1_GBT_CAL_WEATHER,1.0777236675511046,0.6065813,3.7975427456000026,False,0.7996783664849998,0.30164348259999996,0.324218574,0.4054491725,0.5087779575,0.61571621775,0.8396448605999923,3.2913153016999996,7.743610716,0.03,6,0,3,NIGHT,False,False
2025-09-22T04:00:00+02:00,2025-09-19T23:00:00+02:00,72,53,M1_GBT_CAL_WEATHER,1.0777236675511046,0.607417053,3.7975427456000026,False,0.8045114193549999,0.30276405694999997,0.3251790256,0.40638519424999997,0.5006871795,0.619511898,2.3142884440000002,3.2002177335499997,7.744765898000001,0.025,5,0,4,NIGHT,False,False
2025-09-22T05:00:00+02:00,2025-09-19T23:00:00+02:00,72,54,M1_GBT_CAL_WEATHER,1.0777236675511046,0.607942429,3.7975427456000026,False,0.9944701478749998,0.3034684801,0.3314791661,0.40699742475,0.5276137525,0.653132279,3.304254908099999,3.9422639478999977,7.7454920750000005,0.07,14,0,5,NIGHT,False,False
2025-09-22T06:00:00+02:00,2025-09-19T23:00:00+02:00,72,55,M1_GBT_CAL_WEATHER,1.0777236675511046,2.059448877,3.7975427456000026,False,1.2854176931849997,0.30835725135,0.34115243359999997,0.44844147275,0.608395909,1.24832098725,3.5955364968,4.0057024316,8.111319689,0.08,16,0,6,NIGHT,False,False
2025-09-22T07:00:00+02:00,2025-09-19T23:00:00+02:00,72,56,M1_GBT_CAL_WEATHER,1.0777236675511046,4.514822013,3.7975427456000026,True,2.316457221985,0.37576568735,0.4459694362,0.7572262885,2.311717986,3.42905113075,4.2204290696,4.850394262449994,8.111093471,0.185,37,0,7,MORNING,False,False
2025-09-22T08:00:00+02:00,2025-09-19T23:00:00+02:00,72,57,M1_GBT_CAL_WEATHER,1.0777236675511046,2.809047691,3.7975427456000026,False,2.565131853065,0.20087463740000003,0.2658038401,0.9036604195,2.6715916105,3.886977741,4.5601096312,5.4665823371499975,9.870300804,0.275,55,0.02,8,MORNING,False,False
2025-09-22T09:00:00+02:00,2025-09-19T23:00:00+02:00,72,58,M1_GBT_CAL_WEATHER,1.0777236675511046,1.572192058,3.7975427456000026,False,1.7073255225850001,0.17329664865000002,0.2239487387,0.8516391587500001,1.140497775,2.002486278,4.2640097304,4.6539100688999975,6.807344551,0.17,34,0.02,9,DAYTIME,False,False
2025-09-22T10:00:00+02:00,2025-09-19T23:00:00+02:00,72,59,M1_GBT_CAL_WEATHER,1.0777236675511046,5.459659397,3.7975427456000026,True,1.6043797955149994,0.20756207145000002,0.2876829177000001,0.87427113925,1.0937678604999999,1.332638893,4.000176755199999,4.503889999749998,8.771466107,0.135,27,0.02,10,DAYTIME,False,False
2025-09-22T11:00:00+02:00,2025-09-19T23:00:00+02:00,72,60,M1_GBT_CAL_WEATHER,1.0777236675511046,5.289704777,3.7975427456000026,True,1.6519842339899993,0.17159476175,0.4183416268000001,0.842177839,1.1247646869999999,1.9964040457499999,3.8548960977999984,4.697199568299997,8.619936165,0.11,22,0.04,11,DAYTIME,False,False
2025-09-22T12:00:00+02:00,2025-09-19T23:00:00+02:00,72,61,M1_GBT_CAL_WEATHER,1.0483527069396041,3.639269497,3.7975427456000026,False,1.5232760665150002,0.1489702503,0.16845043,0.60406028925,1.073325272,1.4235038067499999,3.7391576088,4.946133107549996,9.05399141,0.095,19,0.04,12,DAYTIME,False,False
2025-09-22T13:00:00+02:00,2025-09-19T23:00:00+02:00,72,62,M1_GBT_CAL_WEATHER,1.0483527069396041,0.195273604,3.7975427456000026,False,1.2045710655900004,0.139385473,0.1490689564,0.19824386649999998,0.8514547045,1.329942431,3.406022323799999,4.255805781649993,6.119599601,0.085,17,0.04,13,DAYTIME,False,False
2025-09-22T14:00:00+02:00,2025-09-19T23:00:00+02:00,72,63,M1_GBT_CAL_WEATHER,1.0613763442837822,0.194005234,3.7975427456000026,False,1.0533688907299996,0.13705230015,0.143912972,0.17664180725,0.35158578800000007,1.143145917,3.4899371192,4.042533115599999,6.117878089,0.075,15,0.04,14,DAYTIME,False,False
2025-09-22T15:00:00+02:00,2025-09-19T23:00:00+02:00,72,64,M1_GBT_CAL_WEATHER,1.4600228870435974,0.192916059,3.7975427456000026,False,0.8749310065750001,0.13556650334999998,0.1420159776,0.17678117599999998,0.37443504799999994,1.092539174,2.0975626173999995,3.736444089649997,5.519729205,0.05,10,0.04,15,DAYTIME,False,False
2025-09-22T16:00:00+02:00,2025-09-19T23:00:00+02:00,72,65,M1_GBT_CAL_WEATHER,1.9620176905194546,2.810940038,3.7975427456000026,False,1.3890205966550002,0.1397536313,0.1696417025,0.2207306785,0.8501089075,1.36358585925,4.0553171921999995,4.845918554299998,9.711615306,0.115,23,0.08,16,RETURN_RAMP,False,False
2025-09-22T17:00:00+02:00,2025-09-19T23:00:00+02:00,72,66,M1_GBT_CAL_WEATHER,3.456997394384258,8.258722839,3.7975427456000026,True,3.026702631810001,0.19835949795000002,0.39188953560000006,0.81238951225,1.139926043,4.9442620655,8.2130032013,9.12282817145,16.69588669,0.315,63,0.26,17,RETURN_RAMP,True,False
2025-09-22T18:00:00+02:00,2025-09-19T23:00:00+02:00,72,67,M1_GBT_CAL_WEATHER,5.588516675493751,8.471906013,3.7975427456000026,True,4.675350872014998,0.1613814564,0.21097591550000003,1.044447061,2.9188487705,8.249132448249998,10.1840900822,13.881681765749994,15.919459944,0.43,86,0.42,18,RETURN_RAMP,True,True
2025-09-22T19:00:00+02:00,2025-09-19T23:00:00+02:00,72,68,M1_GBT_CAL_WEATHER,5.588516675493751,11.406464743,3.7975427456000026,True,5.439947882194996,0.1675616711,0.2065860284,1.013694555,3.8367146615000003,8.767766234,11.925872432399999,15.054528905199998,19.881910776999998,0.505,101,0.52,19,EVENING,True,True
2025-09-22T20:00:00+02:00,2025-09-19T23:00:00+02:00,72,69,M1_GBT_CAL_WEATHER,3.8566159126600086,10.958412249,3.7975427456000026,True,3.757873127854999,0.1576723009,0.1908445886,0.416628826,2.073307543,6.908588641750001,9.7563349673,11.062780211649999,16.429818316,0.355,71,0.38,20,EVENING,True,False
2025-09-22T21:00:00+02:00,2025-09-19T23:00:00+02:00,72,70,M1_GBT_CAL_WEATHER,2.3616362087952054,8.585027883,3.7975427456000026,True,2.526573679630002,0.25511220149999997,0.29626963479999996,0.60836883725,1.1322506314999998,3.5955145652500002,7.350626220599998,8.5722262553,13.204216639,0.23,46,0.28,21,EVENING,False,False
2025-09-22T22:00:00+02:00,2025-09-19T23:00:00+02:00,72,71,M1_GBT_CAL_WEATHER,1.793051339943452,8.164148019,3.7975427456000026,True,1.8016970118450002,0.25861838800000003,0.2975687496,0.48867711799999997,0.708165398,1.36822044975,4.3938537729,8.0470289794,18.39146727,0.155,31,0.14,22,EVENING,False,False
2025-09-22T23:00:00+02:00,2025-09-19T23:00:00+02:00,72,72,M1_GBT_CAL_WEATHER,1.1306070757743911,8.575785317,3.7975427456000026,True,1.4599138422800002,0.2580529555,0.2967098219,0.42936301075,0.610138631,2.35735973175,3.7224829111999997,4.322751416949999,8.678443305,0.095,19,0.06,23,NIGHT,False,False
2025-09-23T00:00:00+02:00,2025-09-22T23:00:00+02:00,72,1,M1_GBT_CAL_WEATHER,1.748918927584841,5.843167412,4.509140465700005,True,1.4814684794200002,0.25512785085,0.2923441621,0.40336469175,0.590276917,2.92770815075,3.680115548,4.12251776905,5.551624298999999,0.01,2,0,0,NIGHT,False,False
2025-09-23T01:00:00+02:00,2025-09-22T23:00:00+02:00,72,2,M1_GBT_CAL_WEATHER,1.748918927584841,2.331552008,4.509140465700005,False,1.6235221535200008,0.2637699845,0.30043253940000003,0.41389859250000005,0.607033322,3.123558404,3.8841896451999998,4.152460857,4.523011833,0.005,1,0,1,NIGHT,False,False
2025-09-23T02:00:00+02:00,2025-09-22T23:00:00+02:00,72,3,M1_GBT_CAL_WEATHER,1.748918927584841,2.332820379,4.509140465700005,False,1.6689317557450007,0.27008950800000003,0.30376903489999996,0.4170949805,0.641391991,3.001570321,3.7884500906,4.16854333345,8.462135948,0.015,3,0,2,NIGHT,False,False
2025-09-23T03:00:00+02:00,2025-09-22T23:00:00+02:00,72,4,M1_GBT_CAL_WEATHER,1.748918927584841,2.333909553,4.509140465700005,False,2.1422324572999996,0.271354227,0.30611217409999997,0.48287414325,2.4172061905,3.46837929325,3.9310911252,4.1487175413,7.248783673,0.015,3,0,3,NIGHT,False,False
2025-09-23T04:00:00+02:00,2025-09-22T23:00:00+02:00,72,5,M1_GBT_CAL_WEATHER,1.6130836596656797,0.607417053,4.509140465700005,False,2.5302897733300007,0.27232467885,0.31642009000000004,0.5919046025000001,2.898812013,3.66035304775,4.112689222099999,4.2723501629,7.711274057,0.015,3,0,4,NIGHT,False,False
2025-09-23T05:00:00+02:00,2025-09-22T23:00:00+02:00,72,6,M1_GBT_CAL_WEATHER,1.6130836596656797,2.335270682,4.509140465700005,False,2.5701871672050003,0.3055694215,0.3855622381,0.683268414,2.8140039985,3.64913991625,4.082762067499999,4.234130886249999,10.383248171,0.015,3,0,5,NIGHT,False,False
2025-09-23T06:00:00+02:00,2025-09-22T23:00:00+02:00,72,7,M1_GBT_CAL_WEATHER,1.6130836596656797,2.335449878,4.509140465700005,False,3.191397235639998,0.42917714050000005,1.3394099438,2.6230942725,3.358314257,3.91233724075,4.4423593481,4.671629790199999,10.383481891999999,0.075,15,0,6,NIGHT,False,False
2025-09-23T07:00:00+02:00,2025-09-22T23:00:00+02:00,72,8,M1_GBT_CAL_WEATHER,1.6130836596656797,3.192777361,4.509140465700005,False,3.448348806234999,0.47033276735000007,1.1578827188999998,2.70644932675,3.6484346555,4.2789926185,5.147696239899999,5.656459278,7.2758352330000005,0.205,41,0.018867924528301886,7,MORNING,False,False
2025-09-23T08:00:00+02:00,2025-09-22T23:00:00+02:00,72,9,M1_GBT_CAL_WEATHER,1.6130836596656797,1.928517412,4.509140465700005,False,3.2798523334799983,0.6327043051000001,0.9595625238,2.59694754025,3.4618208575000002,4.30436329875,5.028867652299999,5.640539657099999,6.709913035,0.195,39,0.018867924528301886,8,MORNING,False,False
2025-09-23T09:00:00+02:00,2025-09-22T23:00:00+02:00,72,10,M1_GBT_CAL_WEATHER,1.748918927584841,1.927681659,4.509140465700005,False,2.13773924944,0.1773847095,0.24713764500000002,0.9823725427499999,1.2554799460000001,3.5131584250000003,4.508704949499999,4.935269911199999,11.694771730000001,0.1,20,0.018867924528301886,9,DAYTIME,False,False
2025-09-23T10:00:00+02:00,2025-09-22T23:00:00+02:00,72,11,M1_GBT_CAL_WEATHER,1.748918927584841,2.66489275,4.509140465700005,False,2.0603290396050005,0.19406517395,0.40462675220000016,0.87988718525,1.129373111,3.3187755,4.7090015943,5.7480244140000005,10.467995927999999,0.11,22,0.03773584905660377,10,DAYTIME,False,False
2025-09-23T11:00:00+02:00,2025-09-22T23:00:00+02:00,72,12,M1_GBT_CAL_WEATHER,1.748918927584841,1.078526139,4.509140465700005,False,2.50035083811,0.2083952865,0.32525410440000013,0.849934135,1.3052987950000001,3.9861292505000003,5.0768905338999994,6.252691634999985,11.446176537000001,0.18,36,0.05660377358490566,11,DAYTIME,False,False
2025-09-23T12:00:00+02:00,2025-09-22T23:00:00+02:00,72,13,M1_GBT_CAL_WEATHER,1.748918927584841,3.0238558,4.509140465700005,False,2.3378535541149996,0.16794084439999998,0.1833497889,0.756573857,1.382508704,3.76870492725,4.8807403184,6.093346108799992,10.935757437000001,0.13,26,0.05660377358490566,12,DAYTIME,False,False
2025-09-23T13:00:00+02:00,2025-09-22T23:00:00+02:00,72,14,M1_GBT_CAL_WEATHER,1.7832579306724834,1.299972148,4.509140465700005,False,1.3014486638850005,0.14285196044999998,0.1546229381,0.1930019885,0.8235225879999999,1.3172867895000002,3.5977530863999996,4.603310475449998,10.511820552,0.055,11,0.05660377358490566,13,DAYTIME,False,False
2025-09-23T14:00:00+02:00,2025-09-22T23:00:00+02:00,72,15,M1_GBT_CAL_WEATHER,1.8140850985013026,1.195888122,4.509140465700005,False,0.94425860134,0.13687379895,0.14224709259999999,0.17084590975000002,0.2192023585,1.09672320175,2.9180126757999996,4.272566931099997,7.564423430000001,0.04,8,0.03773584905660377,14,DAYTIME,False,False
2025-09-23T15:00:00+02:00,2025-09-22T23:00:00+02:00,72,16,M1_GBT_CAL_WEATHER,2.2632182536862486,1.073446337,4.509140465700005,False,0.8661925849399996,0.13622583319999998,0.14959204280000002,0.183302829,0.4458233215,0.9963986,2.4126781915,3.3237008613499985,10.590217682,0.015,3,0.03773584905660377,15,DAYTIME,False,False
2025-09-23T16:00:00+02:00,2025-09-22T23:00:00+02:00,72,17,M1_GBT_CAL_WEATHER,3.109047488307193,1.072610585,4.509140465700005,False,1.6866348068699994,0.1559481516,0.1733421292,0.39153613125,0.962046282,2.70692838875,4.081659029199999,4.779102637099998,13.410733849,0.07,14,0.07547169811320754,16,RETURN_RAMP,False,False
2025-09-23T17:00:00+02:00,2025-09-22T23:00:00+02:00,72,18,M1_GBT_CAL_WEATHER,4.683442339071477,2.799413463,4.509140465700005,False,3.8679349591999994,0.2836793762,0.4771266301,0.9799885595,2.129608984,6.2069223495,9.293407200499999,11.8593615449,16.039344805,0.32,64,0.24528301886792453,17,RETURN_RAMP,False,False
2025-09-23T18:00:00+02:00,2025-09-22T23:00:00+02:00,72,19,M1_GBT_CAL_WEATHER,6.692607443062861,2.613240156,4.509140465700005,False,5.871534541744996,0.26210671290000004,0.7944306980000001,2.3093605565,4.4865322435,9.24517165725,12.3869431009,13.80209793439997,19.072975056,0.5,100,0.4339622641509434,18,RETURN_RAMP,True,True
2025-09-23T19:00:00+02:00,2025-09-22T23:00:00+02:00,72,20,M1_GBT_CAL_WEATHER,5.4572085459906114,0.274314173,4.509140465700005,False,6.670982254059996,0.18875219940000001,0.38784443720000006,3.14404070275,5.731880317,10.434104932,13.068834491199999,16.706832505149993,21.055326892,0.6,120,0.49056603773584906,19,EVENING,True,True
2025-09-23T20:00:00+02:00,2025-09-22T23:00:00+02:00,72,21,M1_GBT_CAL_WEATHER,5.254197662413478,4.349432991,4.509140465700005,False,5.678246811725002,0.20100038560000003,0.30694144410000007,2.2977916815,4.522175385000001,8.99115459575,11.3789028894,13.529274330949997,19.651755396000002,0.5,100,0.3584905660377358,20,EVENING,True,True
2025-09-23T21:00:00+02:00,2025-09-22T23:00:00+02:00,72,22,M1_GBT_CAL_WEATHER,2.8529747478191987,9.06390163,4.509140465700005,True,4.69447764998,0.29628194739999997,0.5142097014,2.49337747625,3.867176432,5.8525756939999996,10.564663691,11.974352590699993,19.118828264999998,0.35,70,0.24528301886792453,21,EVENING,False,False
2025-09-23T22:00:00+02:00,2025-09-22T23:00:00+02:00,72,23,M1_GBT_CAL_WEATHER,2.3250662151170793,5.508587503,4.509140465700005,True,3.4420248717449984,0.2973988255,0.4211773265,1.1858270075,3.143792842,4.06598560975,7.456560547699999,10.692099574999999,17.121893028000002,0.165,33,0.1509433962264151,22,EVENING,False,False
2025-09-23T23:00:00+02:00,2025-09-22T23:00:00+02:00,72,24,M1_GBT_CAL_WEATHER,1.8140850985013026,0.601501498,4.509140465700005,False,2.5836811466249996,0.29907350585000003,0.4117374095,0.58816682325,2.7383191594999996,3.72082941175,4.390217375999999,5.239765261049996,13.127350558000002,0.085,17,0.07547169811320754,23,NIGHT,False,False
2025-09-24T00:00:00+02:00,2025-09-22T23:00:00+02:00,72,25,M1_GBT_CAL_WEATHER,1.748918927584841,0.602862627,4.509140465700005,False,2.2698343416799993,0.30018380495,0.3383312409,0.51781606225,2.374429193,3.5867455489999998,4.0886712755,4.40754375395,18.378463006,0.04,8,0,0,NIGHT,False,False
2025-09-24T01:00:00+02:00,2025-09-22T23:00:00+02:00,72,26,M1_GBT_CAL_WEATHER,1.748918927584841,2.331552008,4.509140465700005,False,2.7443243388349994,0.33336527245,0.4324573036,2.03877719575,2.9522256215000002,3.65806035425,4.0903096206,4.283546124199999,18.975868606,0.02,4,0,1,NIGHT,False,False
2025-09-24T02:00:00+02:00,2025-09-22T23:00:00+02:00,72,27,M1_GBT_CAL_WEATHER,1.748918927584841,2.332820379,4.509140465700005,False,3.0447741146550014,0.4490083678500001,0.6359478271,2.3995463037499998,3.1761114125,3.72593170475,4.1381422607,4.3368497148,16.253455933999998,0.025,5,0,2,NIGHT,False,False
2025-09-24T03:00:00+02:00,2025-09-22T23:00:00+02:00,72,28,M1_GBT_CAL_WEATHER,1.748918927584841,2.333909553,4.509140465700005,False,2.803559680879998,0.33797337005,0.4538926495,2.27335759175,3.004305595,3.72717896675,4.1698461379000005,4.3785995838,9.915368415000001,0.03,6,0,3,NIGHT,False,False
2025-09-24T04:00:00+02:00,2025-09-22T23:00:00+02:00,72,29,M1_GBT_CAL_WEATHER,1.748918927584841,2.334745306,4.509140465700005,False,2.76477053898,0.31953208000000005,0.4183099196,2.21045557125,3.0671740925,3.7004205055,4.1567411841,4.33936328265,13.844814184,0.025,5,0,4,NIGHT,False,False
2025-09-24T05:00:00+02:00,2025-09-22T23:00:00+02:00,72,30,M1_GBT_CAL_WEATHER,1.748918927584841,2.335270682,4.509140465700005,False,3.0116898813349993,0.46186318005,1.9784929629,2.40756997275,3.1937978725,3.8199951095,4.1691344236,4.340049317849999,5.024214352,0.025,5,0,5,NIGHT,False,False
2025-09-24T06:00:00+02:00,2025-09-22T23:00:00+02:00,72,31,M1_GBT_CAL_WEATHER,1.748918927584841,2.335449878,4.509140465700005,False,3.361672987609999,1.9816540962500002,2.2762499178000004,2.7815574185,3.3783489585,3.966672753,4.3848454184,4.816489354749998,9.631806909,0.085,17,0,6,NIGHT,False,False
2025-09-24T07:00:00+02:00,2025-09-22T23:00:00+02:00,72,32,M1_GBT_CAL_WEATHER,1.748918927584841,2.335270682,4.509140465700005,False,3.8268462811999995,2.1854216870500003,2.3758761134,3.1449194892500003,3.8218615950000006,4.3836294442499995,5.0201411168,5.355686389449991,19.051980117,0.225,45,0.018867924528301886,7,MORNING,False,False
2025-09-24T08:00:00+02:00,2025-09-22T23:00:00+02:00,72,33,M1_GBT_CAL_WEATHER,1.748918927584841,1.928517412,4.509140465700005,False,3.8037496779799973,2.05175647845,2.4170967221,3.08053784,3.7386185325000003,4.418437501,5.3323770189,5.921250092199998,11.242892007,0.215,43,0.018867924528301886,8,MORNING,False,False
2025-09-24T09:00:00+02:00,2025-09-22T23:00:00+02:00,72,34,M1_GBT_CAL_WEATHER,1.748918927584841,0.595627285,4.509140465700005,False,1.9364883843950014,0.16894153075,0.2143331685,0.8897884429999999,1.1996077365,3.2139776692499997,4.3438503426,4.897852332449999,8.402496402,0.08,16,0.018867924528301886,9,DAYTIME,False,False
2025-09-24T10:00:00+02:00,2025-09-22T23:00:00+02:00,72,35,M1_GBT_CAL_WEATHER,1.748918927584841,2.807122764,4.509140465700005,False,2.793980887749999,0.19607084389999999,0.8080375646,1.07305882375,2.9661341625,4.2258202115,4.9571513616,5.528650682949992,8.401397509,0.17,34,0.03773584905660377,10,DAYTIME,False,False
2025-09-24T11:00:00+02:00,2025-09-22T23:00:00+02:00,72,36,M1_GBT_CAL_WEATHER,1.748918927584841,2.805854393,4.509140465700005,False,3.610754616450001,0.6963097860500002,1.2154492984,2.7799421974999996,3.5850222885000003,4.4858202480000005,5.1618788968,6.378090135999998,8.314993073,0.245,49,0.05660377358490566,11,DAYTIME,False,False
2025-09-24T12:00:00+02:00,2025-09-22T23:00:00+02:00,72,37,M1_GBT_CAL_WEATHER,1.748918927584841,1.077165011,4.509140465700005,False,2.624299743315001,0.16029640820000002,0.20274834590000002,0.943254381,2.6842758985,3.97944873725,4.831329698899999,6.018731604549998,8.201401792,0.155,31,0.05660377358490566,12,DAYTIME,False,False
2025-09-24T13:00:00+02:00,2025-09-22T23:00:00+02:00,72,38,M1_GBT_CAL_WEATHER,1.7832579306724834,1.075803882,4.509140465700005,False,1.2240016338249993,0.1412301831,0.15213953970000002,0.19288339625,0.874281907,1.2896811129999999,3.5720480193,4.2534427375499995,8.157561600000001,0.025,5,0.05660377358490566,13,DAYTIME,False,False
2025-09-24T14:00:00+02:00,2025-09-22T23:00:00+02:00,72,39,M1_GBT_CAL_WEATHER,1.8140850985013026,1.074535512,4.509140465700005,False,1.2523854234850003,0.13470907955,0.1414765639,0.17655144275,0.507707006,1.2666526329999999,3.6406765455,4.231687321999998,19.419226340999998,0.04,8,0.03773584905660377,14,DAYTIME,False,False
2025-09-24T15:00:00+02:00,2025-09-22T23:00:00+02:00,72,40,M1_GBT_CAL_WEATHER,2.2632182536862486,1.073446337,4.509140465700005,False,0.9728833842450006,0.13345348480000002,0.1401669118,0.167315193,0.3753352195,1.084317376,2.333739950899999,3.6784075847499995,16.384291158,0.025,5,0.03773584905660377,15,DAYTIME,False,False
2025-09-24T16:00:00+02:00,2025-09-22T23:00:00+02:00,72,41,M1_GBT_CAL_WEATHER,3.109047488307193,1.005679527,4.509140465700005,False,1.3488208898600005,0.1384577303,0.15430170999999998,0.20348081725,0.857936767,1.3182273162500002,3.3924418520999997,4.814180784199997,8.444822607,0.06,12,0.07547169811320754,16,RETURN_RAMP,False,False
2025-09-24T17:00:00+02:00,2025-09-22T23:00:00+02:00,72,42,M1_GBT_CAL_WEATHER,5.184411216412185,10.73815316,4.509140465700005,True,3.1956646395050012,0.2220330312,0.3936559155,0.88534621975,1.3430944040000001,4.88124071525,7.9430877054,9.583831535899998,14.021868694,0.275,55,0.24528301886792453,17,RETURN_RAMP,False,False
2025-09-24T18:00:00+02:00,2025-09-22T23:00:00+02:00,72,43,M1_GBT_CAL_WEATHER,6.692607443062861,11.606227355,4.509140465700005,True,5.68476697672,0.2035643544,0.6867673301000001,1.32959454575,4.352574645000001,8.48639783575,11.9225478694,14.625933745649995,18.365096776999998,0.495,99,0.4339622641509434,18,RETURN_RAMP,True,True
2025-09-24T19:00:00+02:00,2025-09-22T23:00:00+02:00,72,44,M1_GBT_CAL_WEATHER,6.692607443062861,0.765503668,4.509140465700005,False,6.140924838475002,0.203713263,0.4107281888000001,1.902214765,6.187371917,9.025710652,12.421667991499994,15.01779750219999,19.248929448,0.565,113,0.49056603773584906,19,EVENING,True,True
2025-09-24T20:00:00+02:00,2025-09-22T23:00:00+02:00,72,45,M1_GBT_CAL_WEATHER,5.254197662413478,0.61398082,4.509140465700005,False,4.856511057694999,0.1926135039,0.2558011637,1.2438168485,3.6400310605,7.753972748250001,10.3471480832,11.83254061484998,22.655276997999998,0.41,82,0.3584905660377358,20,EVENING,False,True
2025-09-24T21:00:00+02:00,2025-09-22T23:00:00+02:00,72,46,M1_GBT_CAL_WEATHER,3.2406818957393178,1.148476954,4.509140465700005,False,3.9149361975850008,0.29628194739999997,0.5380228314,0.89436644175,3.252746319,5.46651399775,9.573484301999997,10.992521505649997,18.495570831,0.31,62,0.24528301886792453,21,EVENING,False,False
2025-09-24T22:00:00+02:00,2025-09-22T23:00:00+02:00,72,47,M1_GBT_CAL_WEATHER,2.3250662151170793,2.350731492,4.509140465700005,False,3.3880397090899987,0.2975716343,0.4268160095,0.8246089065,3.113872896,4.17182034075,8.0076099392,10.193295142499998,13.167288376,0.175,35,0.1509433962264151,22,EVENING,False,False
2025-09-24T23:00:00+02:00,2025-09-22T23:00:00+02:00,72,48,M1_GBT_CAL_WEATHER,1.8140850985013026,2.328829751,4.509140465700005,False,2.715886040255,0.29411588904999997,0.353623207,0.9450432900000001,2.9450579484999997,3.85654493,4.2980295619,4.791036468699997,10.921081813999999,0.08,16,0.07547169811320754,23,NIGHT,False,False
2025-09-25T00:00:00+02:00,2025-09-22T23:00:00+02:00,72,49,M1_GBT_CAL_WEATHER,1.748918927584841,0.602862627,4.509140465700005,False,1.881899680040001,0.2957781746,0.3332252652,0.48152259775,2.041970172,3.198472611,3.9029480774999996,4.167703194399999,6.456144495,0.025,5,0,0,NIGHT,False,False
2025-09-25T01:00:00+02:00,2025-09-22T23:00:00+02:00,72,50,M1_GBT_CAL_WEATHER,1.748918927584841,0.604223755,4.509140465700005,False,1.7740169851250007,0.30415284075,0.34590259289999997,0.46615068049999997,0.6624944735,3.18998625675,3.8970688836,4.1371648734,4.628863189,0.005,1,0,1,NIGHT,False,False
2025-09-25T02:00:00+02:00,2025-09-22T23:00:00+02:00,72,51,M1_GBT_CAL_WEATHER,1.748918927584841,2.332820379,4.509140465700005,False,2.409119808395,0.31057261430000005,0.3949810899,0.6158921265,2.7150721675000002,3.610681046,4.053949064299999,4.213080048899999,7.041188251,0.02,4,0,2,NIGHT,False,False
2025-09-25T03:00:00+02:00,2025-09-22T23:00:00+02:00,72,52,M1_GBT_CAL_WEATHER,1.748918927584841,2.333909553,4.509140465700005,False,2.3821287603949997,0.30164348259999996,0.3450097147,0.62669992275,2.690299521,3.58455787375,3.9948056140999997,4.17021926445,4.617634937,0.015,3,0,3,NIGHT,False,False
2025-09-25T04:00:00+02:00,2025-09-22T23:00:00+02:00,72,53,M1_GBT_CAL_WEATHER,1.748918927584841,2.334745306,4.509140465700005,False,2.0460935071299993,0.30488043845,0.3551858009,0.4905084735,2.3213731109999998,3.35640478825,4.0340610731,4.2325755025,4.618778696,0.005,1,0,4,NIGHT,False,False
2025-09-25T05:00:00+02:00,2025-09-22T23:00:00+02:00,72,54,M1_GBT_CAL_WEATHER,1.748918927584841,0.607942429,4.509140465700005,False,1.9772010953899994,0.3203093937,0.3714412141,0.4876189245,2.184664918,3.35434923975,3.9892141128,4.216322881499999,4.633674485,0.015,3,0,5,NIGHT,False,False
2025-09-25T06:00:00+02:00,2025-09-22T23:00:00+02:00,72,55,M1_GBT_CAL_WEATHER,1.6130836596656797,2.335449878,4.509140465700005,False,2.8447047480999994,0.38876699470000003,0.5526936378,2.23246796125,3.158845568,3.841924272,4.2342972719,4.4486885496,9.292971549999999,0.04,8,0,6,NIGHT,False,False
2025-09-25T07:00:00+02:00,2025-09-22T23:00:00+02:00,72,56,M1_GBT_CAL_WEATHER,1.6130836596656797,2.335270682,4.509140465700005,False,3.6810367815399974,1.0949457713500002,2.290777044,2.93892211125,3.679648928,4.2862428032499995,5.0601742889,5.62991610765,16.059150922,0.185,37,0.018867924528301886,7,MORNING,False,False
2025-09-25T08:00:00+02:00,2025-09-22T23:00:00+02:00,72,57,M1_GBT_CAL_WEATHER,1.6130836596656797,2.773187734,4.509140465700005,False,3.52056388948,0.85939888345,2.0536885089999997,2.72913183775,3.5377145939999997,4.2058057057500005,4.8849886176,5.466700516249992,13.113664207000001,0.14,28,0.018867924528301886,8,MORNING,False,False
2025-09-25T09:00:00+02:00,2025-09-22T23:00:00+02:00,72,58,M1_GBT_CAL_WEATHER,1.748918927584841,1.080883684,4.509140465700005,False,1.8314823516800007,0.18373596420000002,0.2143552686,0.8596519575000001,1.166820747,2.57566667725,4.390804684399999,4.91750304505,11.456222069,0.085,17,0.018867924528301886,9,DAYTIME,False,False
2025-09-25T10:00:00+02:00,2025-09-22T23:00:00+02:00,72,59,M1_GBT_CAL_WEATHER,1.748918927584841,1.07979451,4.509140465700005,False,2.016313911765001,0.1829835991,0.24655215790000004,0.8572047887500001,1.1830810475,3.0914414934999996,4.4811698951,5.897877582599998,11.591746756000001,0.095,19,0.03773584905660377,10,DAYTIME,False,False
2025-09-25T11:00:00+02:00,2025-09-22T23:00:00+02:00,72,60,M1_GBT_CAL_WEATHER,1.748918927584841,0.850637521,4.509140465700005,False,2.281689889125,0.18349031349999997,0.40316649710000013,0.8942238835,1.249597643,3.75250833425,4.7829241812,5.683643179199998,12.044705344999999,0.125,25,0.05660377358490566,11,DAYTIME,False,False
2025-09-25T12:00:00+02:00,2025-09-22T23:00:00+02:00,72,61,M1_GBT_CAL_WEATHER,1.748918927584841,0.196634733,4.509140465700005,False,2.048294147515,0.1605071813,0.1957908721,0.80900406225,1.2318924459999998,3.4338084254999997,4.5363262815,5.065100541649999,12.283092829000001,0.11,22,0.05660377358490566,12,DAYTIME,False,False
2025-09-25T13:00:00+02:00,2025-09-22T23:00:00+02:00,72,62,M1_GBT_CAL_WEATHER,1.7832579306724834,0.195273604,4.509140465700005,False,1.5470277434899997,0.13857882370000002,0.1585414368,0.207194671,1.050673776,2.07823060075,3.7400903627,4.4544238180999995,10.794155946,0.045,9,0.05660377358490566,13,DAYTIME,False,False
2025-09-25T14:00:00+02:00,2025-09-22T23:00:00+02:00,72,63,M1_GBT_CAL_WEATHER,1.8140850985013026,1.921333487,4.509140465700005,False,1.398248387369999,0.1328422494,0.1459606575,0.17648541975,0.7916743129999999,1.73697343125,4.111029847,4.782742463649997,14.776546478,0.065,13,0.03773584905660377,14,DAYTIME,False,False
2025-09-25T15:00:00+02:00,2025-09-22T23:00:00+02:00,72,64,M1_GBT_CAL_WEATHER,2.2632182536862486,0.192916059,4.509140465700005,False,1.2042427533399995,0.13579491385,0.1514944454,0.19244382324999998,0.8064554885,1.2886340942499999,3.737348139399999,4.533272740199999,7.868721304,0.06,12,0.03773584905660377,15,DAYTIME,False,False
2025-09-25T16:00:00+02:00,2025-09-22T23:00:00+02:00,72,65,M1_GBT_CAL_WEATHER,2.783188301817905,0.604433977,4.509140465700005,False,2.0159821514649994,0.14879939125,0.1708440712,0.7431207315,1.1590962635,3.36001600275,4.4648707439,5.703968071299995,9.164563819000001,0.09,18,0.07547169811320754,16,RETURN_RAMP,False,False
2025-09-25T17:00:00+02:00,2025-09-22T23:00:00+02:00,72,66,M1_GBT_CAL_WEATHER,5.184411216412185,1.072085209,4.509140465700005,False,4.221761494205001,0.3521876585500001,0.6181512364,1.1011638744999999,3.4325313619999998,5.925113939,10.457170034299999,11.994493353849993,18.876006147000002,0.315,63,0.24528301886792453,17,RETURN_RAMP,False,False
2025-09-25T18:00:00+02:00,2025-09-22T23:00:00+02:00,72,67,M1_GBT_CAL_WEATHER,6.692607443062861,5.404877807,4.509140465700005,True,5.794005813179996,0.2007956645,0.7436560921,2.64965337625,4.6251520495000005,8.559570105,11.4538468274,14.364845950699992,19.107797994000002,0.51,102,0.4339622641509434,18,RETURN_RAMP,True,True
2025-09-25T19:00:00+02:00,2025-09-22T23:00:00+02:00,72,68,M1_GBT_CAL_WEATHER,6.692607443062861,11.255165035,4.509140465700005,True,6.114840057295001,0.2059433831,0.41640333540000013,2.7289085157499997,5.0702605625,8.8784529755,12.3315017765,13.833059851949997,21.680823134,0.575,115,0.49056603773584906,19,EVENING,True,True
2025-09-25T20:00:00+02:00,2025-09-22T23:00:00+02:00,72,69,M1_GBT_CAL_WEATHER,5.254197662413478,7.643062954,4.509140465700005,True,4.867488451610002,0.17223005375,0.2226760346,0.8935150989999999,3.7438156499999997,7.9371744585,11.063832673499999,12.8148529697,17.455192999,0.44,88,0.3584905660377358,20,EVENING,True,False
2025-09-25T21:00:00+02:00,2025-09-22T23:00:00+02:00,72,70,M1_GBT_CAL_WEATHER,2.7854246689868303,8.015377815,4.509140465700005,True,3.685923021410001,0.30858442505,0.47044828240000003,0.77085117275,2.5809046095,5.0802021555,9.6967012658,11.321236315199995,14.614603409999999,0.3,60,0.24528301886792453,21,EVENING,False,False
2025-09-25T22:00:00+02:00,2025-09-22T23:00:00+02:00,72,71,M1_GBT_CAL_WEATHER,2.3250662151170793,5.119602718,4.509140465700005,True,2.651340707550001,0.27879128945000003,0.3861854858,0.58687903825,1.5885141214999998,3.83876108525,6.557274218699998,8.427305437199998,11.951598883,0.14,28,0.1509433962264151,22,EVENING,False,False
2025-09-25T23:00:00+02:00,2025-09-22T23:00:00+02:00,72,72,M1_GBT_CAL_WEATHER,1.8140850985013026,0.601501498,4.509140465700005,False,1.972822088730002,0.31476493680000006,0.3797871026,0.51294653,0.9952209245,3.26060267525,4.1636581096,4.653898399549998,11.970346137,0.075,15,0.07547169811320754,23,NIGHT,False,False
2025-09-26T00:00:00+02:00,2025-09-25T23:00:00+02:00,72,1,M1_GBT_CAL_WEATHER,1.6709560151934642,2.33019088,4.728316851300005,False,2.0116884342100008,0.28227784365,0.3319768455,0.51507658375,2.1932124170000002,3.58094123225,4.0803003987,4.21847399455,5.741655488,0.005,1,0.017857142857142856,0,NIGHT,False,False
2025-09-26T01:00:00+02:00,2025-09-25T23:00:00+02:00,72,2,M1_GBT_CAL_WEATHER,1.6709560151934642,2.331552008,4.728316851300005,False,1.9769167853449998,0.29821303514999997,0.335023861,0.48378591325,2.2689557574999997,3.38825927425,3.9855119859999997,4.21140143605,4.628863189,0.0,0,0,1,NIGHT,False,False
2025-09-26T02:00:00+02:00,2025-09-25T23:00:00+02:00,72,3,M1_GBT_CAL_WEATHER,1.6709560151934642,2.332820379,4.728316851300005,False,2.1148488598600004,0.3000808035,0.3451818995,0.49064666925,2.3431848935,3.443849149,4.0138645736,4.213080048899999,10.865285945999998,0.005,1,0,2,NIGHT,False,False
2025-09-26T03:00:00+02:00,2025-09-25T23:00:00+02:00,72,4,M1_GBT_CAL_WEATHER,1.6709560151934642,0.6065813,4.728316851300005,False,2.067002579099999,0.3037388173,0.37420622610000004,0.5312314119999999,2.294644718,3.5088830655,4.0811631767,4.195249039499999,6.018311679,0.005,1,0,3,NIGHT,False,False
2025-09-26T04:00:00+02:00,2025-09-25T23:00:00+02:00,72,5,M1_GBT_CAL_WEATHER,1.6709560151934642,0.607417053,4.728316851300005,False,2.2699936526249997,0.33831944295000005,0.3969274438,0.57347196325,2.455410464,3.492737519,3.9753533236,4.1729909023,16.298584175000002,0.01,2,0,4,NIGHT,False,False
2025-09-26T05:00:00+02:00,2025-09-25T23:00:00+02:00,72,6,M1_GBT_CAL_WEATHER,1.6709560151934642,2.335270682,4.728316851300005,False,2.3404100429499994,0.3238057036,0.3696936024,0.53226707075,2.6578341744999996,3.59215809225,4.0568182537,4.340049317849999,9.777956781,0.01,2,0,5,NIGHT,False,False
2025-09-26T06:00:00+02:00,2025-09-25T23:00:00+02:00,72,7,M1_GBT_CAL_WEATHER,1.6709560151934642,2.960049955,4.728316851300005,False,2.7477228439549997,0.3757161482,0.483489614,1.2163136842500002,3.0537357475,3.9759257759999995,4.3945420596,4.635639634999999,10.028362439,0.035,7,0,6,NIGHT,False,False
2025-09-26T07:00:00+02:00,2025-09-25T23:00:00+02:00,72,8,M1_GBT_CAL_WEATHER,1.6709560151934642,4.097654154,4.728316851300005,False,3.4223650055749992,0.54170469905,0.9930196025,2.608502129,3.566564766,4.340220084749999,5.2529286795,5.4717119684,10.429095984,0.125,25,0,7,MORNING,False,False
2025-09-26T08:00:00+02:00,2025-09-25T23:00:00+02:00,72,9,M1_GBT_CAL_WEATHER,1.6709560151934642,2.949635872,4.728316851300005,False,2.9532403307400004,0.18818910795,0.2780456310000001,1.22394741425,3.1765816664999997,4.0687899945,4.825483557499999,5.6486807838999935,11.658262362999999,0.115,23,0.017857142857142856,8,MORNING,False,False
2025-09-26T09:00:00+02:00,2025-09-25T23:00:00+02:00,72,10,M1_GBT_CAL_WEATHER,1.6709560151934642,2.808211938,4.728316851300005,False,1.56726121434,0.16828688895,0.1897904531,0.80171335525,1.102240327,1.3753903985,4.2580572137,4.887561906349999,7.761098121,0.06,12,0.017857142857142856,9,DAYTIME,False,False
2025-09-26T10:00:00+02:00,2025-09-25T23:00:00+02:00,72,11,M1_GBT_CAL_WEATHER,1.6709560151934642,0.673031298,4.728316851300005,False,1.7040108254550004,0.19439849215,0.2758000102,0.8386319907500001,1.106533513,1.8497809845000002,4.3528724595,4.9576991461499995,7.107551615,0.065,13,0.03571428571428571,10,DAYTIME,False,False
2025-09-26T11:00:00+02:00,2025-09-25T23:00:00+02:00,72,12,M1_GBT_CAL_WEATHER,1.3721625809608509,0.197995861,4.728316851300005,False,1.7090720977600002,0.1989275054,0.2267085415,0.8078446957500001,1.1049933264999998,2.53541116375,4.2735358303,4.6105332280499995,8.701427833,0.04,8,0.03571428571428571,11,DAYTIME,False,False
2025-09-26T12:00:00+02:00,2025-09-25T23:00:00+02:00,72,13,M1_GBT_CAL_WEATHER,1.3721625809608509,0.196634733,4.728316851300005,False,1.2419148813149998,0.14888868705,0.17121728690000002,0.2339210165,0.9533316995000001,1.28813486725,3.520321231099999,4.545222542999999,6.060450428,0.035,7,0.05357142857142857,12,DAYTIME,False,False
2025-09-26T13:00:00+02:00,2025-09-25T23:00:00+02:00,72,14,M1_GBT_CAL_WEATHER,1.3721625809608509,0.195273604,4.728316851300005,False,1.0221621890150003,0.1387668324,0.15419339140000002,0.19370667675,0.797574518,1.19860559125,2.905538514099999,3.801206619549999,6.059035483,0.02,4,0.05357142857142857,13,DAYTIME,False,False
2025-09-26T14:00:00+02:00,2025-09-25T23:00:00+02:00,72,15,M1_GBT_CAL_WEATHER,1.403778836164789,0.194005234,4.728316851300005,False,0.9246725279749998,0.13315941304999998,0.1421739645,0.17266491,0.21803117,1.09362539825,2.855899828899999,3.9563957718499987,10.69890499,0.02,4,0.03571428571428571,14,DAYTIME,False,False
2025-09-26T15:00:00+02:00,2025-09-25T23:00:00+02:00,72,16,M1_GBT_CAL_WEATHER,1.8764244470960891,0.29356567,4.728316851300005,False,0.8638499542049998,0.13345348480000002,0.1455336367,0.1868280135,0.7131562124999999,1.0748177305,1.3538765504999999,2.4051959363499935,17.385531584,0.01,2,0.03571428571428571,15,DAYTIME,False,False
2025-09-26T16:00:00+02:00,2025-09-25T23:00:00+02:00,72,17,M1_GBT_CAL_WEATHER,2.4613244373566596,1.204898405,4.728316851300005,False,1.257699312585,0.15173484545000002,0.1640153491,0.36218758125,0.9925840180000001,1.24744348575,3.0688703279999996,4.73074614785,7.236187744,0.055,11,0.07142857142857142,16,RETURN_RAMP,False,False
2025-09-26T17:00:00+02:00,2025-09-25T23:00:00+02:00,72,18,M1_GBT_CAL_WEATHER,4.230424609570301,4.07438978,4.728316851300005,False,3.232563022375,0.20124856565,0.273111951,0.7717048125,1.245520457,5.9688250175,8.134889485799999,8.619728405550001,14.778362363,0.3,60,0.25,17,RETURN_RAMP,True,False
2025-09-26T18:00:00+02:00,2025-09-25T23:00:00+02:00,72,19,M1_GBT_CAL_WEATHER,5.854815183004974,6.473537784,4.728316851300005,True,4.720646071159997,0.1828961834,0.20691753540000002,0.9460323312500001,2.9106322679999996,7.98994334925,11.221584848599997,13.541547519999986,19.413477816,0.43,86,0.44642857142857145,18,RETURN_RAMP,True,True
2025-09-26T19:00:00+02:00,2025-09-25T23:00:00+02:00,72,20,M1_GBT_CAL_WEATHER,5.854815183004974,1.082327575,4.728316851300005,False,5.024675135919996,0.18325518075,0.20713085450000002,0.9706754827499999,3.596965181,7.94289745575,11.2840281577,13.849985575099993,21.385044435,0.46,92,0.48214285714285715,19,EVENING,True,True
2025-09-26T20:00:00+02:00,2025-09-25T23:00:00+02:00,72,21,M1_GBT_CAL_WEATHER,4.614035102992004,1.329668887,4.728316851300005,False,3.7410771124000024,0.1779633018,0.2043565592,0.47549932775,2.0681043785,6.75520275575,9.115947081,11.492684185299998,15.756150187,0.335,67,0.3392857142857143,20,EVENING,True,True
2025-09-26T21:00:00+02:00,2025-09-25T23:00:00+02:00,72,22,M1_GBT_CAL_WEATHER,2.844934930778363,2.205448436,4.728316851300005,False,2.787771326770001,0.27011614065000006,0.36611363599999996,0.61109670175,1.1857504535,3.4743161112500003,8.0781822931,9.548041310899997,16.194103684,0.205,41,0.26785714285714285,21,EVENING,False,False
2025-09-26T22:00:00+02:00,2025-09-25T23:00:00+02:00,72,23,M1_GBT_CAL_WEATHER,2.3480988100403444,2.592530595,4.728316851300005,False,2.1708670281150004,0.27152256874999997,0.3408834981,0.5334721524999999,1.122444188,3.31197194825,4.501836457399998,6.861055610299993,13.96602515,0.1,20,0.17857142857142858,22,EVENING,False,False
2025-09-26T23:00:00+02:00,2025-09-25T23:00:00+02:00,72,24,M1_GBT_CAL_WEATHER,1.6139723512241007,2.941973674,4.728316851300005,False,2.2299386040550004,0.27356241195000003,0.3244673788,0.5305086827500001,2.277511633,3.6458292039999995,4.232968690799999,4.468836076049999,10.753751813,0.03,6,0.07142857142857142,23,NIGHT,False,False
2025-09-27T00:00:00+02:00,2025-09-25T23:00:00+02:00,72,25,M1_GBT_CAL_WEATHER,1.5823560960201626,0.723471412,4.728316851300005,False,1.8935476286200006,0.26434854235,0.31994505349999997,0.486103484,2.162656512,3.2150012202500005,3.9009290109999997,4.193245123899999,4.975283516,0.005,1,0.017857142857142856,0,NIGHT,False,False
2025-09-27T01:00:00+02:00,2025-09-25T23:00:00+02:00,72,26,M1_GBT_CAL_WEATHER,1.5823560960201626,2.331552008,4.728316851300005,False,2.1229463380299993,0.27667558585,0.3333982646,0.4820820675,2.413221809,3.3801126439999996,3.9714779526,4.19181683535,4.628863189,0.0,0,0,1,NIGHT,False,False
2025-09-27T02:00:00+02:00,2025-09-25T23:00:00+02:00,72,27,M1_GBT_CAL_WEATHER,1.6709560151934642,2.332820379,4.728316851300005,False,2.4964708176599997,0.28068371795,0.3361078252,0.64510893,2.8109117445,3.6597528165,4.056874500999999,4.253249380049999,4.630504233,0.0,0,0,2,NIGHT,False,False
2025-09-27T03:00:00+02:00,2025-09-25T23:00:00+02:00,72,28,M1_GBT_CAL_WEATHER,1.6709560151934642,2.333909553,4.728316851300005,False,2.361938573079999,0.29642671665000003,0.36700703250000005,0.56931596475,2.7163256345000004,3.641204361,4.0811631767,4.2317130441,4.631913428,0.0,0,0,3,NIGHT,False,False
2025-09-27T04:00:00+02:00,2025-09-25T23:00:00+02:00,72,29,M1_GBT_CAL_WEATHER,1.6709560151934642,0.607417053,4.728316851300005,False,2.477874898050001,0.30551991915,0.4186295798,0.614467123,2.710550412,3.63423699475,4.082144918699999,4.2723501629,16.599785103000002,0.01,2,0,4,NIGHT,False,False
2025-09-27T05:00:00+02:00,2025-09-25T23:00:00+02:00,72,30,M1_GBT_CAL_WEATHER,1.6709560151934642,2.335270682,4.728316851300005,False,2.2698466928499994,0.3059914992,0.3851362085,0.5977478654999999,2.5877642145,3.489394513,3.9759737266999995,4.174741040049999,6.647848451,0.005,1,0,5,NIGHT,False,False
2025-09-27T06:00:00+02:00,2025-09-25T23:00:00+02:00,72,31,M1_GBT_CAL_WEATHER,1.6709560151934642,2.408735934,4.728316851300005,False,2.2676263735750006,0.30569865775,0.34552815929999997,0.5316731530000001,2.6355708995,3.7165303765,4.2342972719,4.5097732398499994,5.440562749,0.02,4,0,6,NIGHT,False,False
2025-09-27T07:00:00+02:00,2025-09-25T23:00:00+02:00,72,32,M1_GBT_CAL_WEATHER,1.6709560151934642,3.215800961,4.728316851300005,False,3.024346561625001,0.38607743005,0.5686730862,1.57176666325,3.4026862154999997,4.20001231575,4.8428281235999995,5.26699009425,8.023328337,0.13,26,0,7,MORNING,False,False
2025-09-27T08:00:00+02:00,2025-09-25T23:00:00+02:00,72,33,M1_GBT_CAL_WEATHER,1.6709560151934642,1.081719437,4.728316851300005,False,2.754127962555001,0.1740882614,0.2898835903000001,1.03630288075,2.957209133,3.9097134995,4.8903204737,5.759168877849996,10.370301544999998,0.11,22,0.017857142857142856,8,MORNING,False,False
2025-09-27T09:00:00+02:00,2025-09-25T23:00:00+02:00,72,34,M1_GBT_CAL_WEATHER,1.6709560151934642,2.808211938,4.728316851300005,False,3.4188007146350032,0.5949667172500004,0.8877949193,1.2344593364999998,3.4299619865,4.5061222215,6.2849116329,8.186177033249997,16.043012180999998,0.2,40,0.017857142857142856,9,DAYTIME,False,False
2025-09-27T10:00:00+02:00,2025-09-25T23:00:00+02:00,72,35,M1_GBT_CAL_WEATHER,1.6709560151934642,2.807122764,4.728316851300005,False,3.014994299795001,0.40863967405,0.7913892736,1.09272812125,2.7030574219999997,4.1953311995,5.834792714800001,7.9261547197999995,18.962093551000002,0.19,38,0.03571428571428571,10,DAYTIME,False,False
2025-09-27T11:00:00+02:00,2025-09-25T23:00:00+02:00,72,36,M1_GBT_CAL_WEATHER,1.3721625809608509,2.930626569,4.728316851300005,False,2.2661216103450013,0.2138875148,0.3893883849,0.89091782075,1.2985957705,3.4475025185,5.039816543899999,5.8472021876,10.097470066,0.125,25,0.03571428571428571,11,DAYTIME,False,False
2025-09-27T12:00:00+02:00,2025-09-25T23:00:00+02:00,72,37,M1_GBT_CAL_WEATHER,1.3721625809608509,4.900277824,4.728316851300005,True,1.8097712300599988,0.1647366669,0.19903232080000002,0.5182801244999999,1.1141647975,2.7890826085000002,4.533381504499999,5.321432953799999,8.20988643,0.085,17,0.05357142857142857,12,DAYTIME,False,False
2025-09-27T13:00:00+02:00,2025-09-25T23:00:00+02:00,72,38,M1_GBT_CAL_WEATHER,1.3721625809608509,4.575138491,4.728316851300005,False,1.4754411866050001,0.1464871008,0.1634772142,0.2083812555,0.914506291,2.27533777975,4.025250792799998,4.8283548491,6.292560935,0.055,11,0.05357142857142857,13,DAYTIME,False,False
2025-09-27T14:00:00+02:00,2025-09-25T23:00:00+02:00,72,39,M1_GBT_CAL_WEATHER,1.403778836164789,1.166214855,4.728316851300005,False,1.22741116456,0.1375540127,0.1468428071,0.17935286099999997,0.399465292,1.346718151,3.8436527279999995,4.855631266099999,7.621466869000001,0.055,11,0.03571428571428571,14,DAYTIME,False,False
2025-09-27T15:00:00+02:00,2025-09-25T23:00:00+02:00,72,40,M1_GBT_CAL_WEATHER,2.0493053758077306,0.892921714,4.728316851300005,False,1.1856906210199996,0.13608061695,0.1569425286,0.19613826475,0.7808713245,1.254054442,3.3087199582999993,4.501138696499997,9.228033852,0.045,9,0.03571428571428571,15,DAYTIME,False,False
2025-09-27T16:00:00+02:00,2025-09-25T23:00:00+02:00,72,41,M1_GBT_CAL_WEATHER,2.6905098193014743,1.072610585,4.728316851300005,False,1.53442421773,0.14117834425,0.1638157386,0.38162254775,0.9797109234999999,1.3252567229999999,3.9435282107999994,6.269741215549998,10.4086298,0.07,14,0.07142857142857142,16,RETURN_RAMP,False,False
2025-09-27T17:00:00+02:00,2025-09-25T23:00:00+02:00,72,42,M1_GBT_CAL_WEATHER,4.459609991515114,1.072085209,4.728316851300005,False,2.10656353937,0.251763313,0.4009820195000001,0.82752346275,1.066468507,1.91351891175,6.270962421599999,8.257479386199996,10.926962285,0.145,29,0.25,17,RETURN_RAMP,False,False
2025-09-27T18:00:00+02:00,2025-09-25T23:00:00+02:00,72,43,M1_GBT_CAL_WEATHER,5.854815183004974,4.041729453,4.728316851300005,False,2.55667101401,0.16115493400000003,0.24754428660000005,0.8941018375,1.2466661074999998,2.89671620225,8.014943860699999,8.470329655549998,16.396076644,0.19,38,0.44642857142857145,18,RETURN_RAMP,False,True
2025-09-27T19:00:00+02:00,2025-09-25T23:00:00+02:00,72,44,M1_GBT_CAL_WEATHER,5.854815183004974,11.129941916,4.728316851300005,True,3.1530208475899997,0.1629447803,0.2070223435,0.8860944115,1.8932080105,4.670884022,8.042814513299998,9.321664467999996,17.840476188,0.24,48,0.48214285714285715,19,EVENING,True,True
2025-09-27T20:00:00+02:00,2025-09-25T23:00:00+02:00,72,45,M1_GBT_CAL_WEATHER,4.102441018098121,7.625329806,4.728316851300005,True,3.53055336907,0.1654819592,0.21741026490000004,0.5628123535,2.330439845,5.02604285,8.590712842599997,11.160532691199997,23.185867692,0.27,54,0.3392857142857143,20,EVENING,True,True
2025-09-27T21:00:00+02:00,2025-09-25T23:00:00+02:00,72,46,M1_GBT_CAL_WEATHER,2.6854116338016993,8.223312219,4.728316851300005,True,3.3032627969550004,0.32594283205,0.4210206114,0.6485717292500001,1.3278302095,5.111181542000001,8.467280748799999,10.316216874899995,16.491124602,0.28,56,0.26785714285714285,21,EVENING,True,False
2025-09-27T22:00:00+02:00,2025-09-25T23:00:00+02:00,72,47,M1_GBT_CAL_WEATHER,2.0493053758077306,8.209827031,4.728316851300005,True,2.1488080033000005,0.29592868899999997,0.3759709597,0.546684203,0.761225592,1.1838875457500002,7.7283612363,8.3189875923,16.726417024,0.175,35,0.17857142857142858,22,EVENING,False,False
2025-09-27T23:00:00+02:00,2025-09-25T23:00:00+02:00,72,48,M1_GBT_CAL_WEATHER,1.403778836164789,2.417273432,4.728316851300005,False,1.1942165956600008,0.28531310505,0.3325400558,0.44452818325,0.5927538219999999,0.8144372995,1.8600961920999997,7.160034881349989,10.182137477,0.075,15,0.07142857142857142,23,NIGHT,False,False
2025-09-28T00:00:00+02:00,2025-09-25T23:00:00+02:00,72,49,M1_GBT_CAL_WEATHER,1.3721625809608509,0.602862627,4.728316851300005,False,0.7628836967149994,0.28360582205,0.3136771826,0.39223731875,0.514508327,0.6330475952500001,0.8395650387999998,2.8313710995999943,7.831028564,0.01,2,0.017857142857142856,0,NIGHT,False,False
2025-09-28T01:00:00+02:00,2025-09-25T23:00:00+02:00,72,50,M1_GBT_CAL_WEATHER,1.2835626617875497,0.604223755,4.728316851300005,False,0.6400162812150001,0.27905530144999996,0.3105810075,0.3880942395,0.484883253,0.59690031,0.6689376507,2.0491639629999976,9.252874402000002,0.005,1,0,1,NIGHT,False,False
2025-09-28T02:00:00+02:00,2025-09-25T23:00:00+02:00,72,51,M1_GBT_CAL_WEATHER,1.2835626617875497,0.605492126,4.728316851300005,False,0.608471430345,0.28057237335,0.3122679786,0.38332549875,0.48529507650000003,0.6004835842499999,0.6704057333,0.7913346972499716,4.166172994,0.0,0,0,2,NIGHT,False,False
2025-09-28T03:00:00+02:00,2025-09-25T23:00:00+02:00,72,52,M1_GBT_CAL_WEATHER,1.3721625809608509,0.6065813,4.728316851300005,False,0.6361971757099998,0.2818751129,0.31371661380000004,0.3850867575,0.48553978600000003,0.600310429,0.6716664048000001,0.8052910064999673,4.525369523,0.0,0,0,3,NIGHT,False,False
2025-09-28T04:00:00+02:00,2025-09-25T23:00:00+02:00,72,53,M1_GBT_CAL_WEATHER,1.3721625809608509,0.607417053,4.728316851300005,False,0.5329258875700001,0.289671095,0.3171875749,0.386015662,0.4865115085,0.59645940725,0.6563414593,0.68084417825,3.744372887,0.0,0,0,4,NIGHT,False,False
2025-09-28T05:00:00+02:00,2025-09-25T23:00:00+02:00,72,54,M1_GBT_CAL_WEATHER,1.3721625809608509,0.607942429,4.728316851300005,False,0.9007537819649998,0.2903707546,0.3236559542,0.39784793350000003,0.5251773655,0.6438389945,2.650398335999998,3.730294516199999,4.424636802,0.0,0,0,5,NIGHT,False,False
2025-09-28T06:00:00+02:00,2025-09-25T23:00:00+02:00,72,55,M1_GBT_CAL_WEATHER,1.3721625809608509,0.608121625,4.728316851300005,False,0.9279242416299995,0.3009543725,0.3384645725,0.42670705875000003,0.5948932995,1.0092911930000001,2.2271196221999996,3.18281668265,5.829588961,0.005,1,0,6,NIGHT,False,False
2025-09-28T07:00:00+02:00,2025-09-25T23:00:00+02:00,72,56,M1_GBT_CAL_WEATHER,1.3721625809608509,1.471047218,4.728316851300005,False,1.367737813035,0.3156515199,0.3850433592,0.5315482094999999,1.1384209575,1.56946041925,3.2178730483999995,4.151447537849995,7.343602659,0.025,5,0,7,MORNING,False,False
2025-09-28T08:00:00+02:00,2025-09-25T23:00:00+02:00,72,57,M1_GBT_CAL_WEATHER,1.3721625809608509,1.748722485,4.728316851300005,False,1.5258613445100004,0.38605418919999995,0.43906027729999997,0.68741477175,1.2789231785,1.69672663225,3.1656201642,4.175688510699999,6.600123635,0.035,7,0.017857142857142856,8,MORNING,False,False
2025-09-28T09:00:00+02:00,2025-09-25T23:00:00+02:00,72,58,M1_GBT_CAL_WEATHER,1.2835626617875497,2.808211938,4.728316851300005,False,1.3286412034499995,0.182796238,0.19583343150000002,0.81940171875,1.066468271,1.31759447625,3.096293067599999,4.03572055205,7.644397687,0.03,6,0.017857142857142856,9,DAYTIME,False,False
2025-09-28T10:00:00+02:00,2025-09-25T23:00:00+02:00,72,59,M1_GBT_CAL_WEATHER,1.3721625809608509,1.07979451,4.728316851300005,False,1.262667971195,0.17162448165,0.2281754404,0.788685718,1.0554574270000001,1.30391281,2.9319118548,3.7613250382499985,4.775438632,0.005,1,0.03571428571428571,10,DAYTIME,False,False
2025-09-28T11:00:00+02:00,2025-09-25T23:00:00+02:00,72,60,M1_GBT_CAL_WEATHER,1.3721625809608509,1.078526139,4.728316851300005,False,1.1825899753350004,0.16912600870000002,0.21655408150000002,0.6406331412499999,0.9894303109999999,1.2544487805000002,1.9194803959999975,4.20870041205,5.9269452000000005,0.03,6,0.03571428571428571,11,DAYTIME,False,False
2025-09-28T12:00:00+02:00,2025-09-25T23:00:00+02:00,72,61,M1_GBT_CAL_WEATHER,1.3721625809608509,1.077165011,4.728316851300005,False,0.8817035293099998,0.15085289859999998,0.1694613056,0.25035272799999997,0.837649994,1.15900150625,1.3766300980000001,1.8489428431999932,5.844953489,0.02,4,0.05357142857142857,12,DAYTIME,False,False
2025-09-28T13:00:00+02:00,2025-09-25T23:00:00+02:00,72,62,M1_GBT_CAL_WEATHER,1.3721625809608509,0.595704424,4.728316851300005,False,0.8605792289050003,0.1437020356,0.1525775564,0.18854926525,0.5679833320000001,1.1309065545,1.3926602227999998,2.0876386318499995,15.001191208,0.01,2,0.05357142857142857,13,DAYTIME,False,False
2025-09-28T14:00:00+02:00,2025-09-25T23:00:00+02:00,72,63,M1_GBT_CAL_WEATHER,1.403778836164789,0.4181735,4.728316851300005,False,0.7519848249750002,0.13602513965,0.1459956344,0.17194873224999999,0.230774916,1.04029248325,1.3220345793,1.4028497559499997,11.862553578,0.015,3,0.03571428571428571,14,DAYTIME,False,False
2025-09-28T15:00:00+02:00,2025-09-25T23:00:00+02:00,72,64,M1_GBT_CAL_WEATHER,2.0493053758077306,1.066384148,4.728316851300005,False,0.8325145778949996,0.13622583319999998,0.14980114130000002,0.174972603,0.4164594895,1.08676558875,1.3574106404,2.7010325486999975,8.800852613,0.02,4,0.03571428571428571,15,DAYTIME,False,False
2025-09-28T16:00:00+02:00,2025-09-25T23:00:00+02:00,72,65,M1_GBT_CAL_WEATHER,2.5309865223248105,1.072610585,4.728316851300005,False,1.52878701157,0.14865922825000003,0.165471494,0.2553914435,0.933166504,1.272908728,4.223539848599999,6.7531120360499814,11.197646484,0.085,17,0.07142857142857142,16,RETURN_RAMP,False,False
2025-09-28T17:00:00+02:00,2025-09-25T23:00:00+02:00,72,66,M1_GBT_CAL_WEATHER,3.948015906621234,0.750267741,4.728316851300005,False,2.117483982565001,0.1798435962,0.2831875268000001,0.6789665645,1.0638270745,1.3592372209999999,7.7612347491,8.38314340365,15.214309298,0.15,30,0.25,17,RETURN_RAMP,False,False
2025-09-28T18:00:00+02:00,2025-09-25T23:00:00+02:00,72,67,M1_GBT_CAL_WEATHER,4.346312344834403,0.191375735,4.728316851300005,False,2.287515016005,0.15884978665,0.1839386312,0.7636838245,1.1409832180000001,2.79849050275,7.432015132799999,8.439152324799998,10.427049670999999,0.18,36,0.44642857142857145,18,RETURN_RAMP,False,True
2025-09-28T19:00:00+02:00,2025-09-25T23:00:00+02:00,72,68,M1_GBT_CAL_WEATHER,4.346312344834403,1.500790774,4.728316851300005,False,2.945222645285001,0.1548180777,0.18015520640000002,0.51314257675,1.21878639,4.36962577525,8.4007639213,10.013051633049997,18.119754474,0.225,45,0.48214285714285715,19,EVENING,False,True
2025-09-28T20:00:00+02:00,2025-09-25T23:00:00+02:00,72,69,M1_GBT_CAL_WEATHER,4.102441018098121,1.896701359,4.728316851300005,False,3.2402559807699975,0.16049039535,0.1848773471,0.36145924775,1.5707712004999999,4.71657361425,8.5713371219,10.590017704049998,18.733070414,0.25,50,0.3392857142857143,20,EVENING,True,False
2025-09-28T21:00:00+02:00,2025-09-25T23:00:00+02:00,72,70,M1_GBT_CAL_WEATHER,2.6854116338016993,13.803698005,4.728316851300005,True,2.999165481354999,0.2249965617,0.3318808105,0.6406035852499999,1.2850219594999999,4.19461650875,8.4736915062,9.466899077399994,15.292488046999999,0.23,46,0.26785714285714285,21,EVENING,False,False
2025-09-28T22:00:00+02:00,2025-09-25T23:00:00+02:00,72,71,M1_GBT_CAL_WEATHER,2.0493053758077306,13.803691127,4.728316851300005,True,1.9117150893549992,0.22605504945000002,0.3261138959,0.478403659,0.6825758835,1.25345854225,7.941140119899999,8.5694265509,13.724125343,0.14,28,0.17857142857142858,22,EVENING,False,False
2025-09-28T23:00:00+02:00,2025-09-25T23:00:00+02:00,72,72,M1_GBT_CAL_WEATHER,1.403778836164789,0.823190236,4.728316851300005,False,1.2350197908200005,0.2272876853,0.31677695350000007,0.4236223175,0.5739579454999999,0.8836158052499999,3.3589259867999988,5.718791632599995,11.532205314,0.06,12,0.07142857142857142,23,NIGHT,False,False
2025-09-02T00:00:00+02:00,2025-09-01T23:00:00+02:00,168,1,M1_GBT_CAL_WEATHER,1.0744038503386522,0.602862627,3.7097626867000058,False,0.510540340805,0.2957781746,0.3163110485,0.3864331285,0.495394303,0.6063553485,0.6778701686999999,0.7568934529499998,1.532550893,0.0,0,0,0,NIGHT,False,False
2025-09-02T01:00:00+02:00,2025-09-01T23:00:00+02:00,168,2,M1_GBT_CAL_WEATHER,1.021441849907485,0.604223755,3.7097626867000058,False,0.4850194399150003,0.29711787325000005,0.3189683386,0.3880942395,0.482710967,0.5945399100000001,0.6500586041,0.6685748573499999,0.706398996,0.0,0,0,1,NIGHT,False,False
2025-09-02T02:00:00+02:00,2025-09-01T23:00:00+02:00,168,3,M1_GBT_CAL_WEATHER,1.021441849907485,0.605492126,3.7097626867000058,False,0.48652194256499987,0.29836627355,0.3205867772,0.38964214825,0.484266718,0.5959441480000001,0.6514319019,0.6700408691499999,0.708000194,0.0,0,0,2,NIGHT,False,False
2025-09-02T03:00:00+02:00,2025-09-01T23:00:00+02:00,168,4,M1_GBT_CAL_WEATHER,1.0028167331034223,0.6065813,3.7097626867000058,False,0.4878121709449998,0.29943829855000004,0.3219765609,0.39097136774999997,0.48553978600000003,0.597149995,0.6526111793,0.6712997623999999,0.709375174,0.0,0,0,3,NIGHT,False,False
2025-09-02T04:00:00+02:00,2025-09-01T23:00:00+02:00,168,5,M1_GBT_CAL_WEATHER,1.0028167331034223,0.607417053,3.7097626867000058,False,0.488802197975,0.3002608934,0.3230429804,0.391991314,0.4865115085,0.5980752739999999,0.6535160707,0.6722657439499998,0.710430233,0.0,0,0,4,NIGHT,False,False
2025-09-02T05:00:00+02:00,2025-09-01T23:00:00+02:00,168,6,M1_GBT_CAL_WEATHER,1.0028167331034223,0.607942429,3.7097626867000058,False,0.5717337114750005,0.30247256850000004,0.3240128586,0.39784793350000003,0.488535807,0.6018917532500001,0.666352117,0.6884969743999998,4.0816343889999995,0.01,2,0,5,NIGHT,False,False
2025-09-02T06:00:00+02:00,2025-09-01T23:00:00+02:00,168,7,M1_GBT_CAL_WEATHER,1.0028167331034223,0.608121625,3.7097626867000058,False,1.0954359990499996,0.32392811569999996,0.35716798750000006,0.45889058125,0.6023907645,1.1622934637500002,3.1507100058999997,3.7490993278999944,5.572474753,0.055,11,0,6,NIGHT,False,False
2025-09-02T07:00:00+02:00,2025-09-01T23:00:00+02:00,168,8,M1_GBT_CAL_WEATHER,1.0028167331034223,0.607942429,3.7097626867000058,False,1.3482389408700002,0.34046473424999996,0.4108561858,0.563858821,1.14697038,1.62220127125,3.0558230924999994,3.663280217699999,5.478559013,0.05,10,0,7,MORNING,False,False
2025-09-02T08:00:00+02:00,2025-09-01T23:00:00+02:00,168,9,M1_GBT_CAL_WEATHER,1.0028167331034223,0.677823259,3.7097626867000058,False,1.2697939233050002,0.16392605500000001,0.19198716610000002,0.6026319565,1.0252475245000001,1.32623831925,3.0670697766,3.7453414067999997,5.087248815,0.065,13,0,8,MORNING,False,False
2025-09-02T09:00:00+02:00,2025-09-01T23:00:00+02:00,168,10,M1_GBT_CAL_WEATHER,1.0028167331034223,1.080883684,3.7097626867000058,False,1.1017210248699996,0.1715617472,0.2157252178,0.80069426,1.0172422774999998,1.22480916175,1.3558501148999997,3.0134189490999974,5.057579897,0.03,6,0,9,DAYTIME,False,False
2025-09-02T10:00:00+02:00,2025-09-01T23:00:00+02:00,168,11,M1_GBT_CAL_WEATHER,1.0028167331034223,1.07979451,3.7097626867000058,False,1.0443241682799995,0.17215593445,0.2192054571,0.80641851575,1.0194897875,1.1861658267500002,1.3379771532,1.4171729347999924,5.22095423,0.02,4,0,10,DAYTIME,False,False
2025-09-02T11:00:00+02:00,2025-09-01T23:00:00+02:00,168,12,M1_GBT_CAL_WEATHER,1.0028167331034223,0.731609155,3.7097626867000058,False,1.0115754645100004,0.1704470505,0.2097359872,0.607866743,0.9725987185,1.174679134,1.3534984560999999,2.1505773517999978,5.746266403,0.035,7,0,11,DAYTIME,False,False
2025-09-02T12:00:00+02:00,2025-09-01T23:00:00+02:00,168,13,M1_GBT_CAL_WEATHER,1.0557787335345894,0.196634733,3.7097626867000058,False,0.9438435873349996,0.1434088423,0.1569828326,0.211452452,0.8229434695,1.15743553975,1.3754260201,2.9281727270499953,7.627715393000001,0.04,8,0.03125,12,DAYTIME,False,False
2025-09-02T13:00:00+02:00,2025-09-01T23:00:00+02:00,168,14,M1_GBT_CAL_WEATHER,1.0750089951612425,0.195273604,3.7097626867000058,False,0.7409714223649999,0.13730813225000002,0.14289011499999998,0.17710987475,0.32529649299999996,1.05352007725,1.3661374749999997,2.654209731499999,4.9568368750000005,0.03,6,0.03125,13,DAYTIME,False,False
2025-09-02T14:00:00+02:00,2025-09-01T23:00:00+02:00,168,15,M1_GBT_CAL_WEATHER,1.357002373693958,0.194005234,3.7097626867000058,False,0.577289480645,0.13314329014999998,0.14061694919999998,0.16475710125,0.20764053500000001,0.9561362167499999,1.2523719484999998,1.4890591912499977,4.881098204,0.01,2,0.03125,14,DAYTIME,False,False
2025-09-02T15:00:00+02:00,2025-09-01T23:00:00+02:00,168,16,M1_GBT_CAL_WEATHER,1.7702138420747249,0.192916059,3.7097626867000058,False,0.6135108387550002,0.13621865119999998,0.149292809,0.17068140625,0.254816807,0.8748349022499999,1.1744672915999999,1.3105864391499997,10.9097997,0.01,2,0.03125,15,DAYTIME,False,False
2025-09-02T16:00:00+02:00,2025-09-01T23:00:00+02:00,168,17,M1_GBT_CAL_WEATHER,2.677100401731555,0.625405954,3.7097626867000058,False,1.064330364845,0.14884147375,0.1618050416,0.23242655299999998,0.885429249,1.19543263525,1.6680577524999987,3.3570483820499986,14.964016461,0.04,8,0.125,16,RETURN_RAMP,False,False
2025-09-02T17:00:00+02:00,2025-09-01T23:00:00+02:00,168,18,M1_GBT_CAL_WEATHER,3.531345072793462,1.072085209,3.7097626867000058,False,3.143849921965001,0.2894211555000001,0.5077334184000002,0.89335646375,1.3710166030000002,5.132642108500001,7.735272951,8.49668685745,17.430776618,0.31,62,0.25,17,RETURN_RAMP,False,False
2025-09-02T18:00:00+02:00,2025-09-01T23:00:00+02:00,168,19,M1_GBT_CAL_WEATHER,3.5599427972066082,0.48361637,3.7097626867000058,False,5.4045116118050025,0.1992998722,0.8789267194999999,1.91212388275,4.556510444000001,8.3552129705,10.381678298199997,13.452688365499998,18.321190897999998,0.555,111,0.40625,18,RETURN_RAMP,True,True
2025-09-02T19:00:00+02:00,2025-09-01T23:00:00+02:00,168,20,M1_GBT_CAL_WEATHER,3.5599427972066082,0.191554931,3.7097626867000058,False,6.02843549479,0.18835728435000001,0.5690057301,1.94488867525,5.165118248500001,9.69279894375,12.4268962856,14.396320408699994,18.699638969,0.56,112,0.53125,19,EVENING,True,True
2025-09-02T20:00:00+02:00,2025-09-01T23:00:00+02:00,168,21,M1_GBT_CAL_WEATHER,2.75754784639635,0.192080307,3.7097626867000058,False,4.364827556179999,0.1767875652,0.21000552730000002,0.50024178175,2.6746914985,8.19816718625,10.2636724528,11.150151181699998,16.538624136,0.435,87,0.34375,20,EVENING,True,True
2025-09-02T21:00:00+02:00,2025-09-01T23:00:00+02:00,168,22,M1_GBT_CAL_WEATHER,1.9628108428570634,0.192916059,3.7097626867000058,False,2.7392889505100015,0.1504154023,0.1855647452,0.3019582595,0.8858263040000001,4.78831784375,7.812059582999999,9.06476266695,13.320080248,0.29,58,0.28125,21,EVENING,False,False
2025-09-02T22:00:00+02:00,2025-09-01T23:00:00+02:00,168,23,M1_GBT_CAL_WEATHER,1.8995023115633134,0.275250813,3.7097626867000058,False,1.4736388295000007,0.29297217325,0.3345549517,0.488801277,0.6774355425,1.21030151675,3.769268991199992,7.794733235149999,8.710885835000001,0.1,20,0.21875,22,EVENING,False,False
2025-09-02T23:00:00+02:00,2025-09-01T23:00:00+02:00,168,24,M1_GBT_CAL_WEATHER,1.215392004789789,0.276519183,3.7097626867000058,False,0.8348343422250004,0.27356241195000003,0.31014384759999997,0.398837007,0.5372070090000001,0.72630000825,1.1642214942,1.7370861122499759,8.088588973,0.03,6,0.125,23,NIGHT,False,False
2025-09-03T00:00:00+02:00,2025-09-01T23:00:00+02:00,168,25,M1_GBT_CAL_WEATHER,1.0744038503386522,0.277880312,3.7097626867000058,False,0.6067702534499996,0.27533550425000003,0.3074989576,0.38113899700000003,0.4848942,0.6098149415,0.6762132443,0.9109018984499997,5.891045252,0.015,3,0,0,NIGHT,False,False
2025-09-03T01:00:00+02:00,2025-09-01T23:00:00+02:00,168,26,M1_GBT_CAL_WEATHER,1.021441849907485,0.27924144,3.7097626867000058,False,0.4735223673600001,0.27710859660000003,0.3028147485,0.3721573255,0.4731760515,0.5774200885,0.6421871044999999,0.6648189129,0.706398996,0.0,0,0,1,NIGHT,False,False
2025-09-03T02:00:00+02:00,2025-09-01T23:00:00+02:00,168,27,M1_GBT_CAL_WEATHER,1.021441849907485,0.280509811,3.7097626867000058,False,0.4750248700099998,0.2787608554,0.3045551717,0.37353585850000004,0.4746977885,0.5787723665,0.6438746208,0.6662559746,0.708000194,0.0,0,0,2,NIGHT,False,False
2025-09-03T03:00:00+02:00,2025-09-01T23:00:00+02:00,168,28,M1_GBT_CAL_WEATHER,1.0220469947300754,0.281598985,3.7097626867000058,False,0.47631509838999997,0.28017968305,0.3060497076,0.37472583925,0.4760045335,0.57993359425,0.6453237243,0.6674900074499999,0.709375174,0.0,0,0,3,NIGHT,False,False
2025-09-03T04:00:00+02:00,2025-09-01T23:00:00+02:00,168,29,M1_GBT_CAL_WEATHER,1.0220469947300754,0.282434738,3.7097626867000058,False,0.47730512542,0.28126838735,0.3071965051,0.37563894275,0.4770072345,0.580824635,0.6464356602999999,0.66843691455,0.710430233,0.0,0,0,4,NIGHT,False,False
2025-09-03T05:00:00+02:00,2025-09-01T23:00:00+02:00,168,30,M1_GBT_CAL_WEATHER,1.0220469947300754,0.282960114,3.7097626867000058,False,0.4808726719950005,0.28503542255000003,0.3155269568,0.386482707,0.48208872049999996,0.5840263465,0.647134652,0.6690321645499999,0.711093471,0.0,0,0,5,NIGHT,False,False
2025-09-03T06:00:00+02:00,2025-09-01T23:00:00+02:00,168,31,M1_GBT_CAL_WEATHER,1.0220469947300754,0.28313931,3.7097626867000058,False,0.7350185427549992,0.303708745,0.3410469994,0.43395270775,0.558354751,0.74347891625,1.2113744433,1.4277826861999996,8.001751993000001,0.01,2,0,6,NIGHT,False,False
2025-09-03T07:00:00+02:00,2025-09-01T23:00:00+02:00,168,32,M1_GBT_CAL_WEATHER,1.0220469947300754,0.282960114,3.7097626867000058,False,1.4997441060649999,0.33842103505000004,0.3978072325,0.5387279057500001,1.1015142355,1.7639513189999998,3.6798544201999994,4.422514972899998,8.102893197,0.09,18,0,7,MORNING,False,False
2025-09-03T08:00:00+02:00,2025-09-01T23:00:00+02:00,168,33,M1_GBT_CAL_WEATHER,1.0220469947300754,0.217074458,3.7097626867000058,False,1.722009846580001,0.15666786570000002,0.21543802869999998,0.7316967225000001,1.1019626535,3.01013504575,3.9425052902999993,4.282986175999998,7.606333645,0.15,30,0,8,MORNING,False,False
2025-09-03T09:00:00+02:00,2025-09-01T23:00:00+02:00,168,34,M1_GBT_CAL_WEATHER,1.0220469947300754,1.080883684,3.7097626867000058,False,1.148123643335,0.16407304695,0.19535180330000002,0.804859325,1.045105851,1.23132248175,1.3562420823999999,3.2750196384999892,6.50509535,0.05,10,0,9,DAYTIME,False,False
2025-09-03T10:00:00+02:00,2025-09-01T23:00:00+02:00,168,35,M1_GBT_CAL_WEATHER,1.0220469947300754,1.07979451,3.7097626867000058,False,1.0762488430750003,0.17644399035,0.29015693670000003,0.82317223425,1.005406277,1.19776533175,1.3281934218999998,1.39463600315,8.209767571,0.025,5,0,10,DAYTIME,False,False
2025-09-03T11:00:00+02:00,2025-09-01T23:00:00+02:00,168,36,M1_GBT_CAL_WEATHER,1.1822824804383072,1.078526139,3.7097626867000058,False,1.0240659570450006,0.17002146375000002,0.21242269240000003,0.7148455145,0.943461163,1.1899966482500002,1.3494993799999997,1.6934192737499998,7.615805014999999,0.025,5,0,11,DAYTIME,False,False
2025-09-03T12:00:00+02:00,2025-09-01T23:00:00+02:00,168,37,M1_GBT_CAL_WEATHER,1.2352444808694742,1.077165011,3.7097626867000058,False,0.8665983060899995,0.1540099333,0.16397331399999998,0.21076286225,0.8853155005,1.1544256095,1.3318168763,1.6888745762999928,7.582810094,0.015,3,0.03125,12,DAYTIME,False,False
2025-09-03T13:00:00+02:00,2025-09-01T23:00:00+02:00,168,38,M1_GBT_CAL_WEATHER,1.7091846232095675,0.576271486,3.7097626867000058,False,0.7451857968350004,0.14072766625,0.1525775564,0.17710987475,0.37532942449999995,1.0306213847499999,1.3105609073999998,1.9374810437499963,7.581169955,0.02,4,0.03125,13,DAYTIME,False,False
2025-09-03T14:00:00+02:00,2025-09-01T23:00:00+02:00,168,39,M1_GBT_CAL_WEATHER,1.8501727776607049,0.194005234,3.7097626867000058,False,0.742914771115,0.13470907955,0.14224709259999999,0.1664970615,0.213336894,0.9649609137499999,1.2909093778999998,2.2631222436499896,14.47828025,0.025,5,0.03125,14,DAYTIME,False,False
2025-09-03T15:00:00+02:00,2025-09-01T23:00:00+02:00,168,40,M1_GBT_CAL_WEATHER,2.5706334258590333,0.192916059,3.7097626867000058,False,0.9520823076950002,0.13622583319999998,0.14900708320000003,0.178330082,0.6277591625000001,1.20834395225,2.356908797799999,3.0862779738499997,7.888788798999999,0.02,4,0.03125,15,DAYTIME,False,False
2025-09-03T16:00:00+02:00,2025-09-01T23:00:00+02:00,168,41,M1_GBT_CAL_WEATHER,3.023197941572027,0.192080307,3.7097626867000058,False,1.766028034779999,0.15243997115,0.1777151341,0.78634597725,1.2508344135,2.54349880425,3.6480300287,5.004855842049998,8.066965778,0.09,18,0.125,16,RETURN_RAMP,False,False
2025-09-03T17:00:00+02:00,2025-09-01T23:00:00+02:00,168,42,M1_GBT_CAL_WEATHER,3.9314008499301663,0.675406261,3.7097626867000058,False,4.025906902715002,0.7704584252500001,0.8828553621,1.8684994305,2.817046659,5.63534853775,9.1364605172,10.189694000299994,16.576524985000002,0.33,66,0.25,17,RETURN_RAMP,False,False
2025-09-03T18:00:00+02:00,2025-09-01T23:00:00+02:00,168,43,M1_GBT_CAL_WEATHER,4.042091165055789,2.478954315,3.7097626867000058,False,5.550208490550002,0.33789339070000013,1.029494159,2.1536073345,3.770990385,9.283556047000001,10.9776183919,14.712664812899998,19.023514388,0.5,100,0.40625,18,RETURN_RAMP,True,True
2025-09-03T19:00:00+02:00,2025-09-01T23:00:00+02:00,168,44,M1_GBT_CAL_WEATHER,3.9792288359699657,2.551667542,3.7097626867000058,False,6.163635624435,0.21796300345,0.38175424140000014,1.71019730175,5.3274025604999995,9.251901673999999,14.2638356575,16.86310783725,18.829272873999997,0.565,113,0.53125,19,EVENING,True,True
2025-09-03T20:00:00+02:00,2025-09-01T23:00:00+02:00,168,45,M1_GBT_CAL_WEATHER,3.1150653119354046,4.627173302,3.7097626867000058,True,4.803011756200004,0.20342659805000002,0.25760060580000005,0.9067626805,3.4875490229999997,7.952904932,10.5502072762,11.61436906004998,24.691452874,0.48,96,0.34375,20,EVENING,True,True
2025-09-03T21:00:00+02:00,2025-09-01T23:00:00+02:00,168,46,M1_GBT_CAL_WEATHER,2.3203283083961184,3.314721336,3.7097626867000058,False,3.0227891458,0.16032308234999998,0.17590537720000002,0.3269551475,1.149629836,5.58044411775,8.271267562999999,9.65645031245,18.970611293,0.295,59,0.28125,21,EVENING,False,False
2025-09-03T22:00:00+02:00,2025-09-01T23:00:00+02:00,168,47,M1_GBT_CAL_WEATHER,2.1614057157650404,0.769620749,3.7097626867000058,False,1.5295993422650003,0.30015197629999996,0.3413505711,0.48062303100000003,0.7203259645,1.18367303825,4.9304301066999985,7.6990543521499974,9.388392641000001,0.12,24,0.21875,22,EVENING,False,False
2025-09-03T23:00:00+02:00,2025-09-01T23:00:00+02:00,168,48,M1_GBT_CAL_WEATHER,1.2346222664164421,1.114442491,3.7097626867000058,False,0.8647226704800005,0.29391424415,0.32764426710000005,0.40736876925,0.525233485,0.6552046905,1.1348292387999999,1.7783416551999505,8.257789495,0.05,10,0.125,23,NIGHT,False,False
2025-09-04T00:00:00+02:00,2025-09-01T23:00:00+02:00,168,49,M1_GBT_CAL_WEATHER,1.0835672281541087,0.970048565,3.7097626867000058,False,0.5620527527700001,0.2914592145,0.31723154060000003,0.38519624425,0.4848942,0.61469467875,0.6778701686999999,0.7577742217999999,5.100781581000001,0.01,2,0,0,NIGHT,False,False
2025-09-04T01:00:00+02:00,2025-09-01T23:00:00+02:00,168,50,M1_GBT_CAL_WEATHER,1.0113749660962885,0.604223755,3.7097626867000058,False,0.4788334720400001,0.27997072980000004,0.3105810075,0.38257270849999997,0.48016590800000003,0.5905697409999999,0.6498618703,0.6685748573499999,0.706398996,0.0,0,0,1,NIGHT,False,False
2025-09-04T02:00:00+02:00,2025-09-01T23:00:00+02:00,168,51,M1_GBT_CAL_WEATHER,1.0113749660962885,0.605492126,3.7097626867000058,False,0.4919712787700001,0.2941464511,0.3148955392,0.3852526605,0.483016271,0.5929564869999999,0.6514319019,0.6770379761499999,2.5988895149999998,0.0,0,0,2,NIGHT,False,False
2025-09-04T03:00:00+02:00,2025-09-01T23:00:00+02:00,168,52,M1_GBT_CAL_WEATHER,0.9927498492922258,0.6065813,3.7097626867000058,False,0.5205953469749998,0.29525954155,0.31619243280000003,0.38649830725,0.48426090899999996,0.59414688725,0.6526111793,0.67833727285,8.067121059,0.005,1,0,3,NIGHT,False,False
2025-09-04T04:00:00+02:00,2025-09-01T23:00:00+02:00,168,53,M1_GBT_CAL_WEATHER,0.9927498492922258,0.607417053,3.7097626867000058,False,0.484837718775,0.2961136461,0.3171875749,0.38745412675,0.485215953,0.5950603125,0.6535160707,0.6793282268999999,0.7187130559999999,0.0,0,0,4,NIGHT,False,False
2025-09-04T05:00:00+02:00,2025-09-01T23:00:00+02:00,168,54,M1_GBT_CAL_WEATHER,0.9927498492922258,0.607942429,3.7097626867000058,False,0.5123424851750004,0.29886103355,0.32066836719999997,0.38923969325,0.48712235800000003,0.5966862545,0.6544568504,0.67994668225,5.667558943,0.005,1,0,5,NIGHT,False,False
2025-09-04T06:00:00+02:00,2025-09-01T23:00:00+02:00,168,55,M1_GBT_CAL_WEATHER,0.9927498492922258,0.696314507,3.7097626867000058,False,0.7840976418149999,0.30379484295,0.3384645725,0.42670412074999997,0.5752055599999999,0.75258446475,1.239946617,1.6520532571999977,15.802456072,0.005,1,0,6,NIGHT,False,False
2025-09-04T07:00:00+02:00,2025-09-01T23:00:00+02:00,168,56,M1_GBT_CAL_WEATHER,0.9927498492922258,2.118015268,3.7097626867000058,False,1.1774397501950005,0.33536276025,0.4060354816,0.53140534575,0.827227657,1.51929752875,1.9204214731999998,2.58600779365,14.578359986,0.025,5,0,7,MORNING,False,False
2025-09-04T08:00:00+02:00,2025-09-01T23:00:00+02:00,168,57,M1_GBT_CAL_WEATHER,0.9927498492922258,0.416981444,3.7097626867000058,False,1.0338121200550008,0.16056107725,0.19071747220000002,0.45849914950000004,0.887230686,1.1874207250000002,1.6888179512999997,2.6101675577499974,11.819116609,0.025,5,0,8,MORNING,False,False
2025-09-04T09:00:00+02:00,2025-09-01T23:00:00+02:00,168,58,M1_GBT_CAL_WEATHER,0.9927498492922258,1.080883684,3.7097626867000058,False,0.9859139397500003,0.16823332475,0.19750579750000002,0.8076901317499999,1.0181244465,1.20551799925,1.3288765063999999,1.3803065292499996,8.527663482,0.01,2,0,9,DAYTIME,False,False
2025-09-04T10:00:00+02:00,2025-09-01T23:00:00+02:00,168,59,M1_GBT_CAL_WEATHER,0.9927498492922258,1.07979451,3.7097626867000058,False,0.9962006036700006,0.15846492215,0.22209801080000002,0.84075897525,1.0399599435,1.21773350475,1.3485966673,1.4188770544999993,3.401476707,0.0,0,0,10,DAYTIME,False,False
2025-09-04T11:00:00+02:00,2025-09-01T23:00:00+02:00,168,60,M1_GBT_CAL_WEATHER,1.1529853350004575,1.078526139,3.7097626867000058,False,1.0068446700299998,0.17877158055000003,0.2141475024,0.68801376375,1.0012744075,1.19072999175,1.3364341899,1.4187458470999967,14.87890176,0.01,2,0,11,DAYTIME,False,False
2025-09-04T12:00:00+02:00,2025-09-01T23:00:00+02:00,168,61,M1_GBT_CAL_WEATHER,1.2059473354316246,1.077165011,3.7097626867000058,False,0.7913763789200001,0.14734377485,0.1631709771,0.210613882,0.8385466685,1.10563455875,1.2850981425,1.3625716916000001,10.640050648999999,0.005,1,0.03125,12,DAYTIME,False,False
2025-09-04T13:00:00+02:00,2025-09-01T23:00:00+02:00,168,62,M1_GBT_CAL_WEATHER,1.2326414827488745,1.075803882,3.7097626867000058,False,0.6482366766600001,0.1345166331,0.1473747001,0.17662719600000001,0.2187050285,1.0134391167499999,1.3241520758999998,1.7564305935499978,7.490832008,0.01,2,0.03125,13,DAYTIME,False,False
2025-09-04T14:00:00+02:00,2025-09-01T23:00:00+02:00,168,63,M1_GBT_CAL_WEATHER,1.3736296372000114,0.317499664,3.7097626867000058,False,0.7318190592749997,0.13470907955,0.143135813,0.169576304,0.21085101150000002,1.06807608225,1.5953301740999999,2.565622248899999,5.391122694,0.03,6,0.03125,14,DAYTIME,False,False
2025-09-04T15:00:00+02:00,2025-09-01T23:00:00+02:00,168,64,M1_GBT_CAL_WEATHER,2.4842743863434635,0.192916059,3.7097626867000058,False,0.9386749597700002,0.1359923999,0.1531838379,0.19557364075,0.582620177,1.202690962,2.3908668904999995,2.8955663976499957,7.571133012000001,0.035,7,0.03125,15,DAYTIME,False,False
2025-09-04T16:00:00+02:00,2025-09-01T23:00:00+02:00,168,65,M1_GBT_CAL_WEATHER,2.854738890479159,1.765499808,3.7097626867000058,False,1.8152246337950004,0.154077321,0.1743633646,0.672863084,1.2277533369999998,2.4543248872500003,3.7878002745999995,5.7879107556,9.875179696,0.105,21,0.125,16,RETURN_RAMP,False,False
2025-09-04T17:00:00+02:00,2025-09-01T23:00:00+02:00,168,66,M1_GBT_CAL_WEATHER,2.795482676221923,2.4724813,3.7097626867000058,False,3.9995219230950005,0.24738649310000002,0.7702608378000001,1.3578629665,2.7022614785,6.4087751939999995,9.582705899199999,10.432524782099996,16.22043207,0.335,67,0.25,17,RETURN_RAMP,False,False
2025-09-04T18:00:00+02:00,2025-09-01T23:00:00+02:00,168,67,M1_GBT_CAL_WEATHER,3.4810478927914756,2.840651367,3.7097626867000058,False,5.628343937195004,0.221330315,0.7823421361000001,2.31930948875,4.200605081000001,8.888545737000001,11.0539952947,14.730083251599988,17.991566331,0.515,103,0.40625,18,RETURN_RAMP,True,True
2025-09-04T19:00:00+02:00,2025-09-01T23:00:00+02:00,168,68,M1_GBT_CAL_WEATHER,3.4810478927914756,9.904593075,3.7097626867000058,True,5.69196785797,0.20317950915,0.5481156093000001,2.18245575325,4.296611732500001,9.061039366,11.3221558327,14.834957147049995,19.741775117,0.555,111,0.53125,19,EVENING,True,True
2025-09-04T20:00:00+02:00,2025-09-01T23:00:00+02:00,168,69,M1_GBT_CAL_WEATHER,2.7071149006958657,2.441305985,3.7097626867000058,False,4.342852374360001,0.18904530500000002,0.2161050371,0.9319021820000001,3.0028471999999997,7.494087147749999,9.941115745600001,11.641079104349997,22.58740871,0.43,86,0.34375,20,EVENING,True,True
2025-09-04T21:00:00+02:00,2025-09-01T23:00:00+02:00,168,70,M1_GBT_CAL_WEATHER,2.20893115138097,0.688910065,3.7097626867000058,False,2.5718281260600007,0.16507799555,0.19948722860000004,0.33534397299999996,0.9764012395,3.9555047654999997,7.7644170381,8.399751727999998,15.899867245000001,0.27,54,0.28125,21,EVENING,False,False
2025-09-04T22:00:00+02:00,2025-09-01T23:00:00+02:00,168,71,M1_GBT_CAL_WEATHER,2.1513388319538436,0.970518006,3.7097626867000058,False,1.60287424185,0.2882370519,0.3506921248,0.46530526175,0.649044372,1.2364695965,5.7669941636,7.794437126199999,11.100600736999999,0.12,24,0.21875,22,EVENING,False,False
2025-09-04T23:00:00+02:00,2025-09-01T23:00:00+02:00,168,72,M1_GBT_CAL_WEATHER,1.2053251209785925,2.001897588,3.7097626867000058,False,0.9757322016350003,0.2720648823,0.3113480599,0.415806588,0.554807186,0.893070852,2.0322299062,2.77139094465,8.334526043,0.035,7,0.125,23,NIGHT,False,False
2025-09-05T00:00:00+02:00,2025-09-01T23:00:00+02:00,168,73,M1_GBT_CAL_WEATHER,1.0643369665274556,0.602862627,3.7097626867000058,False,0.7000098249049995,0.27811692345,0.3171833881,0.40132986825,0.5227890909999999,0.646667908,1.6956170681999991,2.1376757896000003,2.94519668,0.0,0,0,0,NIGHT,False,False
2025-09-05T01:00:00+02:00,2025-09-01T23:00:00+02:00,168,74,M1_GBT_CAL_WEATHER,1.0113749660962885,0.604223755,3.7097626867000058,False,0.5641080210850002,0.27997072980000004,0.3105810075,0.38180499875,0.4815668595,0.5945399100000001,0.652798535,0.676651861,12.209721272,0.01,2,0,1,NIGHT,False,False
2025-09-05T02:00:00+02:00,2025-09-01T23:00:00+02:00,168,75,M1_GBT_CAL_WEATHER,1.0113749660962885,0.605492126,3.7097626867000058,False,0.57396285795,0.2941464511,0.3148955392,0.38390871449999997,0.484266718,0.5967517145,0.6556736035999999,0.6788138865000001,9.307850423,0.01,2,0,2,NIGHT,False,False
2025-09-05T03:00:00+02:00,2025-09-01T23:00:00+02:00,168,76,M1_GBT_CAL_WEATHER,0.9927498492922258,0.6065813,3.7097626867000058,False,0.6017210248499997,0.29525954155,0.31619243280000003,0.3850867575,0.48553978600000003,0.59818848,0.6569951098,0.6798997658,13.565581934999999,0.015,3,0,3,NIGHT,False,False
2025-09-05T04:00:00+02:00,2025-09-01T23:00:00+02:00,168,77,M1_GBT_CAL_WEATHER,0.9927498492922258,0.607417053,3.7097626867000058,False,0.5231572843000002,0.2981880863,0.3194864844,0.38745412675,0.487581599,0.5980752739999999,0.6563414593,0.6806709250999999,5.627026616,0.005,1,0,4,NIGHT,False,False
2025-09-05T05:00:00+02:00,2025-09-01T23:00:00+02:00,168,78,M1_GBT_CAL_WEATHER,0.9927498492922258,0.607942429,3.7097626867000058,False,0.4860832889650004,0.29886103355,0.3201566164,0.388054979,0.48712235800000003,0.59563451625,0.6540849085,0.6728729857499999,0.711093471,0.0,0,0,5,NIGHT,False,False
2025-09-05T06:00:00+02:00,2025-09-01T23:00:00+02:00,168,79,M1_GBT_CAL_WEATHER,0.9927498492922258,1.210309874,3.7097626867000058,False,0.6307232487300002,0.30379484295,0.3394556894,0.42050345825,0.5410294375,0.6586387647499999,1.1601822761,1.2724559443999996,2.576928616,0.0,0,0,6,NIGHT,False,False
2025-09-05T07:00:00+02:00,2025-09-01T23:00:00+02:00,168,80,M1_GBT_CAL_WEATHER,0.9927498492922258,2.518623563,3.7097626867000058,False,1.1130790854150003,0.34213256715,0.41018163080000003,0.55159699025,0.9111261740000001,1.4794704865,2.2794883190999995,2.7815286473499996,4.052184206,0.005,1,0,7,MORNING,False,False
2025-09-05T08:00:00+02:00,2025-09-01T23:00:00+02:00,168,81,M1_GBT_CAL_WEATHER,0.9927498492922258,1.081719437,3.7097626867000058,False,0.9999669022799991,0.1565179335,0.1862991464,0.38040324025,0.9648142685000001,1.2584201415,1.9452776844000002,2.361664604,4.291866361,0.015,3,0,8,MORNING,False,False
2025-09-05T09:00:00+02:00,2025-09-01T23:00:00+02:00,168,82,M1_GBT_CAL_WEATHER,0.9927498492922258,1.080883684,3.7097626867000058,False,1.0346109984899998,0.15971729115,0.1858678607,0.82153547375,1.0165008800000002,1.2261751595,1.3404257921,1.6748358614499996,5.407361712,0.025,5,0,9,DAYTIME,False,False
2025-09-05T10:00:00+02:00,2025-09-01T23:00:00+02:00,168,83,M1_GBT_CAL_WEATHER,0.9927498492922258,0.450610994,3.7097626867000058,False,1.1330342425549997,0.1717884256,0.2477549581000001,0.7985073149999999,1.020977594,1.25526168825,1.3951127386000002,3.0828777685999955,5.461168141,0.045,9,0,10,DAYTIME,False,False
2025-09-05T11:00:00+02:00,2025-09-01T23:00:00+02:00,168,84,M1_GBT_CAL_WEATHER,0.9927498492922258,0.197995861,3.7097626867000058,False,1.1585347548250007,0.17095931455,0.2149729401,0.692401747,0.970396085,1.2490202620000002,1.5894826584,3.578081951149993,12.242489337,0.05,10,0,11,DAYTIME,False,False
2025-09-05T12:00:00+02:00,2025-09-01T23:00:00+02:00,168,85,M1_GBT_CAL_WEATHER,1.0457118497233928,0.196634733,3.7097626867000058,False,1.0064364432300001,0.14580911629999999,0.1671966603,0.25254165700000003,0.86544925,1.1822044035000001,1.3773639094,2.5420153867999975,15.698708585,0.04,8,0.03125,12,DAYTIME,False,False
2025-09-05T13:00:00+02:00,2025-09-01T23:00:00+02:00,168,86,M1_GBT_CAL_WEATHER,1.2059473354316246,0.195273604,3.7097626867000058,False,0.8038238598950003,0.13721323100000002,0.144385109,0.17809769474999998,0.32874911250000005,1.0950849120000001,1.3331750624,1.8259317758499929,17.855831702,0.035,7,0.03125,13,DAYTIME,False,False
2025-09-05T14:00:00+02:00,2025-09-01T23:00:00+02:00,168,87,M1_GBT_CAL_WEATHER,1.3469354898827615,0.194005234,3.7097626867000058,False,0.6737892583150001,0.13243056175,0.1415906191,0.16489714425,0.212145989,0.9646504147499999,1.3099617096,2.2175003409499983,10.568790457,0.025,5,0.03125,14,DAYTIME,False,False
2025-09-05T15:00:00+02:00,2025-09-01T23:00:00+02:00,168,88,M1_GBT_CAL_WEATHER,1.7601469582635283,0.192916059,3.7097626867000058,False,0.7164761820200001,0.13582876095,0.1497524878,0.1869035425,0.395593158,1.042056351,1.3735853678,1.996870611749998,4.361883283,0.01,2,0.03125,15,DAYTIME,False,False
2025-09-05T16:00:00+02:00,2025-09-01T23:00:00+02:00,168,89,M1_GBT_CAL_WEATHER,1.976942962852941,1.592476397,3.7097626867000058,False,1.28428760246,0.15974898270000001,0.1774341285,0.37578404175,0.9985549874999999,1.34326756575,2.8802815878999994,4.4056844351499995,10.157770198,0.065,13,0.125,16,RETURN_RAMP,False,False
2025-09-05T17:00:00+02:00,2025-09-01T23:00:00+02:00,168,90,M1_GBT_CAL_WEATHER,2.1436942946111914,1.761547214,3.7097626867000058,False,3.524626959859999,0.2212611734,0.6731941403,0.98524177325,2.0700642645,5.85327353925,8.413203828899999,10.03460471055,16.113221275,0.33,66,0.25,17,RETURN_RAMP,False,False
2025-09-05T18:00:00+02:00,2025-09-01T23:00:00+02:00,168,91,M1_GBT_CAL_WEATHER,2.718940476268313,1.071906013,3.7097626867000058,False,5.574256837360001,0.24312752295000004,0.7878723061999999,1.3773091797500001,4.3384612605,8.64376009475,12.091160449199998,13.3424543781,19.702988713000003,0.545,109,0.40625,18,RETURN_RAMP,True,True
2025-09-05T19:00:00+02:00,2025-09-01T23:00:00+02:00,168,92,M1_GBT_CAL_WEATHER,2.56584761524354,1.424618413,3.7097626867000058,False,6.051757744415003,0.16918993225,0.24690821950000005,1.7936571445,5.2281511665,9.794456872500001,12.627489378799996,15.059434272649995,23.061829818,0.58,116,0.53125,19,EVENING,True,True
2025-09-05T20:00:00+02:00,2025-09-01T23:00:00+02:00,168,93,M1_GBT_CAL_WEATHER,2.4583605783908555,1.739207289,3.7097626867000058,False,4.623163145845001,0.19836855925000002,0.2544264474,0.69279679725,2.9952823825,7.690826308,10.818183061299997,13.875915310549997,22.273869446,0.455,91,0.34375,20,EVENING,True,False
2025-09-05T21:00:00+02:00,2025-09-01T23:00:00+02:00,168,94,M1_GBT_CAL_WEATHER,2.2281614130076233,0.207526273,3.7097626867000058,False,2.8548771018799983,0.1709021192,0.2048405942,0.33148517175000003,0.9582186975,4.515398523,7.9540463505,9.23213248865,15.436674361000001,0.285,57,0.28125,21,EVENING,False,False
2025-09-05T22:00:00+02:00,2025-09-01T23:00:00+02:00,168,95,M1_GBT_CAL_WEATHER,2.1513388319538436,0.600233128,3.7097626867000058,False,1.8088828348450006,0.293372353,0.3481445337,0.5048719635000001,0.7999484880000001,1.32678336925,6.1264549364999965,8.29068669185,15.687759833000001,0.145,29,0.21875,22,EVENING,False,False
2025-09-05T23:00:00+02:00,2025-09-01T23:00:00+02:00,168,96,M1_GBT_CAL_WEATHER,1.2245553826052455,0.618212331,3.7097626867000058,False,0.9385931506150001,0.2801508971,0.31704108459999997,0.4171896555,0.5548219595,0.695677695,1.276407944,3.6755687013499903,8.244956859,0.05,10,0.125,23,NIGHT,False,False
2025-09-06T00:00:00+02:00,2025-09-01T23:00:00+02:00,168,97,M1_GBT_CAL_WEATHER,1.0835672281541087,0.602862627,3.7097626867000058,False,0.5465614809499999,0.2726392803,0.3087706644,0.38373784925,0.48330077250000003,0.59466891925,0.6651464978,0.7098765022499982,7.790392201,0.005,1,0,0,NIGHT,False,False
2025-09-06T01:00:00+02:00,2025-09-01T23:00:00+02:00,168,98,M1_GBT_CAL_WEATHER,1.0306052277229416,0.604223755,3.7097626867000058,False,0.4839743779500003,0.27442462355,0.3090537995,0.38257270849999997,0.482710967,0.5945399100000001,0.6500586041,0.67552491385,1.310413368,0.0,0,0,1,NIGHT,False,False
2025-09-06T02:00:00+02:00,2025-09-01T23:00:00+02:00,168,99,M1_GBT_CAL_WEATHER,1.0306052277229416,0.605492126,3.7097626867000058,False,0.48088588988999975,0.2760882977,0.31031986240000003,0.38390871449999997,0.483016271,0.594074585,0.6511974301,0.6700408691499999,0.708000194,0.0,0,0,2,NIGHT,False,False
2025-09-06T03:00:00+02:00,2025-09-01T23:00:00+02:00,168,100,M1_GBT_CAL_WEATHER,1.0119801109188789,0.6065813,3.7097626867000058,False,0.48217611826999973,0.2775169278,0.31140705560000004,0.3850867575,0.48426090899999996,0.59523548775,0.6523443012,0.6712997623999999,0.709375174,0.0,0,0,3,NIGHT,False,False
2025-09-06T04:00:00+02:00,2025-09-01T23:00:00+02:00,168,101,M1_GBT_CAL_WEATHER,1.0119801109188789,0.607417053,3.7097626867000058,False,0.512243358625,0.287667336,0.3171875749,0.38867066775000003,0.487581599,0.5992890415000001,0.6539220567999999,0.6806709250999999,3.679060595,0.0,0,0,4,NIGHT,False,False
2025-09-06T05:00:00+02:00,2025-09-01T23:00:00+02:00,168,102,M1_GBT_CAL_WEATHER,1.0119801109188789,0.607942429,3.7097626867000058,False,0.6961688164800005,0.28350313165,0.3178131466,0.39784793350000003,0.490787488,0.6115275515,0.6825160194,2.6474808871999937,6.625663213999999,0.025,5,0,5,NIGHT,False,False
2025-09-06T06:00:00+02:00,2025-09-01T23:00:00+02:00,168,103,M1_GBT_CAL_WEATHER,1.0119801109188789,1.611920524,3.7097626867000058,False,1.0254677517599995,0.2991520837,0.3380876982,0.43729470975,0.588188897,1.056377752,2.8834796551999995,3.3406017595499993,4.592052926,0.025,5,0,6,NIGHT,False,False
2025-09-06T07:00:00+02:00,2025-09-01T23:00:00+02:00,168,104,M1_GBT_CAL_WEATHER,1.0119801109188789,3.759902613,3.7097626867000058,True,1.8131192746750011,0.31290556595,0.3594788264,0.52534217425,1.1398379745,2.914845605,4.2170198467999995,4.78062876425,6.106779157,0.18,36,0,7,MORNING,False,False
2025-09-06T08:00:00+02:00,2025-09-01T23:00:00+02:00,168,105,M1_GBT_CAL_WEATHER,1.0119801109188789,1.081719437,3.7097626867000058,False,1.47664206321,0.1683242118,0.2004022493,0.52625154175,1.0191390055,2.1324079554999997,3.7674898020999996,4.26277560635,5.443457603,0.115,23,0,8,MORNING,False,False
2025-09-06T09:00:00+02:00,2025-09-01T23:00:00+02:00,168,106,M1_GBT_CAL_WEATHER,1.0119801109188789,1.080883684,3.7097626867000058,False,1.3975658965400006,0.17391879075000002,0.2131743321,0.8210116635,1.106217271,1.3347486435,3.631274619099999,4.2829372846,7.131600764000001,0.1,20,0,9,DAYTIME,False,False
2025-09-06T10:00:00+02:00,2025-09-01T23:00:00+02:00,168,107,M1_GBT_CAL_WEATHER,0.9927498492922258,1.07979451,3.7097626867000058,False,1.129435469135,0.1809809651,0.219215807,0.77535215525,0.993098917,1.1976884785,1.3500512457,1.3979108649499998,15.273027788,0.025,5,0,10,DAYTIME,False,False
2025-09-06T11:00:00+02:00,2025-09-01T23:00:00+02:00,168,108,M1_GBT_CAL_WEATHER,0.9927498492922258,1.078526139,3.7097626867000058,False,1.1756226700500003,0.1718643226,0.2270565937,0.772521596,1.011410857,1.23981384875,1.3929904476000001,2.0770083091999996,15.351023956,0.03,6,0,11,DAYTIME,False,False
2025-09-06T12:00:00+02:00,2025-09-01T23:00:00+02:00,168,109,M1_GBT_CAL_WEATHER,1.2059473354316246,0.682517631,3.7097626867000058,False,1.0444718613799997,0.14883806365,0.1696389456,0.30702003275,0.9688014805,1.24558764825,1.4622678651999999,3.0384565167499997,13.507522363,0.035,7,0.03125,12,DAYTIME,False,False
2025-09-06T13:00:00+02:00,2025-09-01T23:00:00+02:00,168,110,M1_GBT_CAL_WEATHER,1.2059473354316246,0.195273604,3.7097626867000058,False,0.846508092805,0.1427783098,0.16031107060000002,0.19370667675,0.4970974025,1.12637563,1.3748840731999994,3.4461943133499986,5.633221967000001,0.045,9,0.03125,13,DAYTIME,False,False
2025-09-06T14:00:00+02:00,2025-09-01T23:00:00+02:00,168,111,M1_GBT_CAL_WEATHER,1.3661657515094145,0.194005234,3.7097626867000058,False,0.8270848095149995,0.13762373185,0.1526502143,0.17509946175,0.2251879855,1.0732731475,1.3378054846999998,3.7604157360999997,9.230426249,0.055,11,0.03125,14,DAYTIME,False,False
2025-09-06T15:00:00+02:00,2025-09-01T23:00:00+02:00,168,112,M1_GBT_CAL_WEATHER,1.8411457931144841,1.593312149,3.7097626867000058,False,1.1006704690850002,0.1395231426,0.1552358041,0.19874539775,0.7861625315,1.29926300725,2.481101112499999,3.3485205320999984,14.460468291,0.045,9,0.03125,15,DAYTIME,False,False
2025-09-06T16:00:00+02:00,2025-09-01T23:00:00+02:00,168,113,M1_GBT_CAL_WEATHER,1.996173224479594,0.504845392,3.7097626867000058,False,1.8005958332750003,0.1397125856,0.16313467350000002,0.65007682525,1.116273747,2.2505640025,3.6448999327999996,6.3846249182499974,17.1006328,0.095,19,0.125,16,RETURN_RAMP,False,False
2025-09-06T17:00:00+02:00,2025-09-01T23:00:00+02:00,168,114,M1_GBT_CAL_WEATHER,2.1436942946111914,1.072085209,3.7097626867000058,False,2.5260166857900006,0.2477522592,0.5178821444,0.9035498805,1.3583068109999998,2.86252720325,6.912220416799999,9.55954422735,13.019262757,0.15,30,0.25,17,RETURN_RAMP,False,False
2025-09-06T18:00:00+02:00,2025-09-01T23:00:00+02:00,168,115,M1_GBT_CAL_WEATHER,2.69971021464166,2.472302104,3.7097626867000058,False,2.7972278033300007,0.15792127435,0.2061771236,0.9205813134999999,1.5493597289999999,3.7118065387500003,7.7553823582999994,9.528534400599996,11.642400922999999,0.25,50,0.40625,18,RETURN_RAMP,False,True
2025-09-06T19:00:00+02:00,2025-09-01T23:00:00+02:00,168,116,M1_GBT_CAL_WEATHER,2.69971021464166,1.825919218,3.7097626867000058,False,3.4872182067700033,0.16913211955,0.2114551977,1.01775757875,2.3224039195,4.73696262325,8.984220388,10.159866519549995,18.758228662,0.35,70,0.53125,19,EVENING,True,True
2025-09-06T20:00:00+02:00,2025-09-01T23:00:00+02:00,168,117,M1_GBT_CAL_WEATHER,2.4391303167642024,1.404131116,3.7097626867000058,False,3.251509894255,0.1851544138,0.2265599908,0.48985377925,1.973263515,4.74184121875,8.7227399152,9.571373545649998,15.643533653999999,0.31,62,0.34375,20,EVENING,False,False
2025-09-06T21:00:00+02:00,2025-09-01T23:00:00+02:00,168,118,M1_GBT_CAL_WEATHER,2.20893115138097,6.960798541,3.7097626867000058,True,3.0086703727049984,0.16490830520000002,0.1925250601,0.35147121775,0.961313705,6.0305863245,8.0106887564,8.99401106449999,18.17928671,0.335,67,0.28125,21,EVENING,False,False
2025-09-06T22:00:00+02:00,2025-09-01T23:00:00+02:00,168,119,M1_GBT_CAL_WEATHER,1.8894354277521168,2.869330675,3.7097626867000058,False,1.8198603004350007,0.32761273395,0.39739572190000005,0.5145021999999999,0.7638655560000001,1.3056978457500001,6.7026642994,7.981583067999998,20.095697765,0.145,29,0.21875,22,EVENING,False,False
2025-09-06T23:00:00+02:00,2025-09-01T23:00:00+02:00,168,120,M1_GBT_CAL_WEATHER,1.2053251209785925,1.200519318,3.7097626867000058,False,0.8540623564550006,0.27567391925,0.33012907490000004,0.42564812525,0.5676399560000001,0.88265462225,1.2892939786,2.077768566899998,7.964807936000001,0.03,6,0.125,23,NIGHT,False,False
2025-09-07T00:00:00+02:00,2025-09-01T23:00:00+02:00,168,121,M1_GBT_CAL_WEATHER,1.0643369665274556,0.83244928,3.7097626867000058,False,0.7244404779949992,0.27742728265,0.3184090312,0.40423866325,0.5262306545,0.6429858024999999,1.0101845727999996,2.2342943143499987,7.918612354,0.015,3,0,0,NIGHT,False,False
2025-09-07T01:00:00+02:00,2025-09-01T23:00:00+02:00,168,122,M1_GBT_CAL_WEATHER,1.0113749660962885,0.604223755,3.7097626867000058,False,0.5495705352200001,0.27905530144999996,0.3154133415,0.3876521315,0.484883253,0.59606724225,0.652798535,0.676651861,7.787338394000001,0.01,2,0,1,NIGHT,False,False
2025-09-07T02:00:00+02:00,2025-09-01T23:00:00+02:00,168,123,M1_GBT_CAL_WEATHER,1.0113749660962885,0.605492126,3.7097626867000058,False,0.53081136558,0.28057237335,0.3170311842,0.389115746,0.487715857,0.5976669065,0.6556736035999999,0.6788138865000001,6.215889477,0.005,1,0,2,NIGHT,False,False
2025-09-07T03:00:00+02:00,2025-09-01T23:00:00+02:00,168,124,M1_GBT_CAL_WEATHER,0.9927498492922258,0.6065813,3.7097626867000058,False,0.48627367267999977,0.2818751129,0.3184204575,0.3898408445,0.486731881,0.597149995,0.6526111793,0.6712997623999999,0.709375174,0.0,0,0,3,NIGHT,False,False
2025-09-07T04:00:00+02:00,2025-09-01T23:00:00+02:00,168,125,M1_GBT_CAL_WEATHER,0.9927498492922258,0.607417053,3.7097626867000058,False,0.48726369970999994,0.28287474045,0.3194864844,0.39088469449999996,0.4878395175,0.5980752739999999,0.6535160707,0.6722657439499998,0.710430233,0.0,0,0,4,NIGHT,False,False
2025-09-07T05:00:00+02:00,2025-09-01T23:00:00+02:00,168,126,M1_GBT_CAL_WEATHER,0.9927498492922258,0.607942429,3.7097626867000058,False,0.4878860566450004,0.28350313165,0.3201566164,0.39154088649999996,0.488535807,0.59865692875,0.6540849085,0.6728729857499999,0.711093471,0.0,0,0,5,NIGHT,False,False
2025-09-07T06:00:00+02:00,2025-09-01T23:00:00+02:00,168,127,M1_GBT_CAL_WEATHER,0.9927498492922258,0.608121625,3.7097626867000058,False,0.6749675583450001,0.2990905632,0.3259986812,0.417777309,0.567367939,0.703709887,1.1513750633,1.5132240310999996,3.232979957,0.0,0,0,6,NIGHT,False,False
2025-09-07T07:00:00+02:00,2025-09-01T23:00:00+02:00,168,128,M1_GBT_CAL_WEATHER,1.0119801109188789,0.607942429,3.7097626867000058,False,1.03694351073,0.3034684801,0.34504222290000003,0.48097059324999997,0.7012412185,1.4009598505,2.0576317649999996,2.4308296311499964,3.944315877,0.015,3,0,7,MORNING,False,False
2025-09-07T08:00:00+02:00,2025-09-01T23:00:00+02:00,168,129,M1_GBT_CAL_WEATHER,1.0119801109188789,0.371184649,3.7097626867000058,False,0.9443310157600002,0.15128083535,0.1739328386,0.363202761,0.8978409940000001,1.2358855,1.7791679349999985,2.3898347718,3.5377982469999996,0.0,0,0,8,MORNING,False,False
2025-09-07T09:00:00+02:00,2025-09-01T23:00:00+02:00,168,130,M1_GBT_CAL_WEATHER,0.9927498492922258,1.080883684,3.7097626867000058,False,0.9554650339700005,0.1664376335,0.19654628680000003,0.75740765,1.0002919755,1.2072655305,1.3229492004999999,1.4086383720000002,5.323866957,0.005,1,0,9,DAYTIME,False,False
2025-09-07T10:00:00+02:00,2025-09-01T23:00:00+02:00,168,131,M1_GBT_CAL_WEATHER,0.9927498492922258,1.07979451,3.7097626867000058,False,1.0254702879149997,0.16984167485,0.1971859342,0.76055433125,1.020977594,1.235498835,1.3663623682,1.5558301134999966,5.139456803,0.015,3,0,10,DAYTIME,False,False
2025-09-07T11:00:00+02:00,2025-09-01T23:00:00+02:00,168,132,M1_GBT_CAL_WEATHER,1.1529853350004575,1.078526139,3.7097626867000058,False,1.1032093029049996,0.18442698135,0.2200050718,0.75508486325,1.048497247,1.2765122410000003,1.4506445801,2.7638143842499963,5.230267678,0.025,5,0,11,DAYTIME,False,False
2025-09-07T12:00:00+02:00,2025-09-01T23:00:00+02:00,168,133,M1_GBT_CAL_WEATHER,1.2059473354316246,1.077165011,3.7097626867000058,False,1.0912103196750003,0.1585024024,0.1887385215,0.42808431775,0.9220015395,1.2193469272500002,1.8247362408999994,3.5515392939999986,8.427796512999999,0.045,9,0.03125,12,DAYTIME,False,False
2025-09-07T13:00:00+02:00,2025-09-01T23:00:00+02:00,168,134,M1_GBT_CAL_WEATHER,1.622825583693998,2.485275256,3.7097626867000058,False,1.0796998084100005,0.1555012811,0.1662261017,0.207194671,0.8376328055,1.27987815925,2.5487115568,3.02144198105,9.954052876,0.04,8,0.03125,13,DAYTIME,False,False
2025-09-07T14:00:00+02:00,2025-09-01T23:00:00+02:00,168,135,M1_GBT_CAL_WEATHER,1.763813738145135,2.53229992,3.7097626867000058,False,1.3192004881599992,0.1488017828,0.16147526680000002,0.20644989125,1.0518319965,2.1993642795,2.9907625547,3.3194331031499993,6.140397066,0.035,7,0.03125,14,DAYTIME,False,False
2025-09-07T15:00:00+02:00,2025-09-01T23:00:00+02:00,168,136,M1_GBT_CAL_WEATHER,2.2416012437683888,1.357921885,3.7097626867000058,False,1.7839459025750009,0.15297950055,0.1752529595,0.4934334995,1.5720538755,2.5641201955,3.1367153183999994,4.597878363399997,12.047309173,0.06,12,0.03125,15,DAYTIME,False,False
2025-09-07T16:00:00+02:00,2025-09-01T23:00:00+02:00,168,137,M1_GBT_CAL_WEATHER,2.516451686566757,1.592476397,3.7097626867000058,False,2.755404343715002,0.1980279996,0.4387703169000003,1.063412871,2.1697779835000004,2.8870698045000003,7.1000069414999984,9.354412985199993,15.793138737,0.15,30,0.125,16,RETURN_RAMP,False,False
2025-09-07T17:00:00+02:00,2025-09-01T23:00:00+02:00,168,138,M1_GBT_CAL_WEATHER,2.860116756768843,1.948126318,3.7097626867000058,False,2.93380542024,0.46161171310000004,0.7524969297000002,1.1745444375,2.345646309,3.192708685,6.576935494299998,9.23180400825,14.900647637999999,0.185,37,0.25,17,RETURN_RAMP,False,False
2025-09-07T18:00:00+02:00,2025-09-01T23:00:00+02:00,168,139,M1_GBT_CAL_WEATHER,3.3122881685144936,1.071906013,3.7097626867000058,False,3.4274118620699996,0.2137318929,0.7616106636000001,1.2620267635000002,2.571350563,4.4712150765,7.897465822799998,9.821890391749996,14.767882531,0.305,61,0.40625,18,RETURN_RAMP,False,True
2025-09-07T19:00:00+02:00,2025-09-01T23:00:00+02:00,168,140,M1_GBT_CAL_WEATHER,2.3614230107292586,3.170087669,3.7097626867000058,False,3.692854975490003,0.18492351875000002,0.20395658349999998,1.0421627355,2.5327578625,5.6958674794999995,9.072508732500001,10.714229602749999,15.477788494,0.34,68,0.53125,19,EVENING,False,True
2025-09-07T20:00:00+02:00,2025-09-01T23:00:00+02:00,168,141,M1_GBT_CAL_WEATHER,2.2539359738765743,1.089252297,3.7097626867000058,False,3.4970548538400026,0.18564034299999999,0.20982507720000002,0.62730820875,2.1062782899999997,6.1125522750000005,8.471140026499999,9.922524651749997,19.445905731,0.355,71,0.34375,20,EVENING,True,False
2025-09-07T21:00:00+02:00,2025-09-01T23:00:00+02:00,168,142,M1_GBT_CAL_WEATHER,1.8706439474685694,0.399721167,3.7097626867000058,False,3.305975282770002,0.17820226755,0.19899871160000002,0.42746394425,1.9825604120000002,5.3200209775,8.8016230558,10.140782860649994,18.654517579,0.305,61,0.28125,21,EVENING,False,False
2025-09-07T22:00:00+02:00,2025-09-01T23:00:00+02:00,168,143,M1_GBT_CAL_WEATHER,1.8894354277521168,2.717308852,3.7097626867000058,False,2.155163986995001,0.27453564475,0.3248241364,0.49480840275,0.7936501555,2.4645204100000004,7.6813328481,8.4126355699,14.738208432,0.18,36,0.21875,22,EVENING,False,False
2025-09-07T23:00:00+02:00,2025-09-01T23:00:00+02:00,168,144,M1_GBT_CAL_WEATHER,1.2053251209785925,0.972273632,3.7097626867000058,False,0.9276378732099999,0.27117194345,0.3167540783,0.4110390205,0.5684196484999999,0.79523473775,1.8316273345999996,3.6554240196499967,6.763365862,0.05,10,0.125,23,NIGHT,False,False
2025-09-08T00:00:00+02:00,2025-09-01T23:00:00+02:00,168,145,M1_GBT_CAL_WEATHER,1.0643369665274556,0.602862627,3.7097626867000058,False,0.6818881765900001,0.27295378655,0.3046981474,0.3894762025,0.5205563945,0.646639677,1.5062194807999996,2.257750967399998,2.992242086,0.0,0,0,0,NIGHT,False,False
2025-09-08T01:00:00+02:00,2025-09-01T23:00:00+02:00,168,146,M1_GBT_CAL_WEATHER,1.0113749660962885,0.604223755,3.7097626867000058,False,0.5890387298949998,0.27997072980000004,0.3092762134,0.3721573255,0.48068291350000003,0.5963093245,0.6612860959,0.6985159463499999,8.94877736,0.005,1,0,1,NIGHT,False,False
2025-09-08T02:00:00+02:00,2025-09-01T23:00:00+02:00,168,147,M1_GBT_CAL_WEATHER,1.0113749660962885,0.605492126,3.7097626867000058,False,0.6256336172649997,0.29500353785,0.3148955392,0.38387618625,0.484266718,0.59904505425,0.6652415521999999,0.700050428,9.18807232,0.01,2,0,2,NIGHT,False,False
2025-09-08T03:00:00+02:00,2025-09-01T23:00:00+02:00,168,148,M1_GBT_CAL_WEATHER,0.9927498492922258,0.6065813,3.7097626867000058,False,0.6631169777199992,0.29987334285,0.3206350326,0.3898408445,0.4890222955,0.6059275042500001,0.6671398322,0.7086000233999985,11.960278262,0.015,3,0,3,NIGHT,False,False
2025-09-08T04:00:00+02:00,2025-09-01T23:00:00+02:00,168,149,M1_GBT_CAL_WEATHER,0.9927498492922258,0.607417053,3.7097626867000058,False,0.7811489268349996,0.3027941873,0.3233875349,0.39963491025,0.495691231,0.60929800525,0.6793985778,1.8423486047999973,15.656133919,0.025,5,0,4,NIGHT,False,False
2025-09-08T05:00:00+02:00,2025-09-01T23:00:00+02:00,168,150,M1_GBT_CAL_WEATHER,0.9927498492922258,0.607942429,3.7097626867000058,False,0.7432001080499994,0.3055949844,0.3257827905,0.39784793350000003,0.5012977395,0.6115275515,0.6732418505,1.8235544149999972,10.248997602,0.025,5,0,5,NIGHT,False,False
2025-09-08T06:00:00+02:00,2025-09-01T23:00:00+02:00,168,151,M1_GBT_CAL_WEATHER,0.9927498492922258,0.608121625,3.7097626867000058,False,1.0045358497499997,0.32039242735,0.3433815754,0.4348191335,0.5981926925,1.11023341925,1.8446507779999999,2.777223973649998,13.116407779000001,0.025,5,0,6,NIGHT,False,False
2025-09-08T07:00:00+02:00,2025-09-01T23:00:00+02:00,168,152,M1_GBT_CAL_WEATHER,0.9927498492922258,0.607942429,3.7097626867000058,False,1.3388333285249996,0.33178435155,0.3927129479,0.532675147,0.9624880925,1.6832773005,2.6295574439999996,3.3531553771999976,12.057533193,0.04,8,0,7,MORNING,False,False
2025-09-08T08:00:00+02:00,2025-09-01T23:00:00+02:00,168,153,M1_GBT_CAL_WEATHER,0.9927498492922258,0.201189159,3.7097626867000058,False,1.0661253395899992,0.1729177378,0.21220524429999998,0.52852378175,0.9489825445000001,1.24968610325,2.090266580099999,2.6985610963999993,6.713359292000001,0.01,2,0,8,MORNING,False,False
2025-09-08T09:00:00+02:00,2025-09-01T23:00:00+02:00,168,154,M1_GBT_CAL_WEATHER,0.9927498492922258,0.200353406,3.7097626867000058,False,0.9856109537950003,0.18827644335,0.232032388,0.8282196767500001,1.0318678170000002,1.2261751595,1.3392092774,1.3763358797999996,3.715086527,0.005,1,0,9,DAYTIME,False,False
2025-09-08T10:00:00+02:00,2025-09-01T23:00:00+02:00,168,155,M1_GBT_CAL_WEATHER,0.9927498492922258,0.199264232,3.7097626867000058,False,1.07808027127,0.2307835997,0.5159737059,0.8436659697500001,1.0367001625,1.2247831369999997,1.3344747889,1.39550539395,8.189526659,0.015,3,0,10,DAYTIME,False,False
2025-09-08T11:00:00+02:00,2025-09-01T23:00:00+02:00,168,156,M1_GBT_CAL_WEATHER,1.1529853350004575,0.913093732,3.7097626867000058,False,1.0980748764,0.1719497594,0.2102457588,0.7672707672500001,1.005408687,1.2484476655,1.3730375977000002,2.8270509331499984,7.584450234,0.025,5,0,11,DAYTIME,False,False
2025-09-08T12:00:00+02:00,2025-09-01T23:00:00+02:00,168,157,M1_GBT_CAL_WEATHER,1.2059473354316246,1.077165011,3.7097626867000058,False,0.9439290555400005,0.1403591787,0.1604255331,0.21503780525,0.8556916635,1.17820829925,1.5569747951,2.627788707049999,7.406234533999999,0.02,4,0.03125,12,DAYTIME,False,False
2025-09-08T13:00:00+02:00,2025-09-01T23:00:00+02:00,168,158,M1_GBT_CAL_WEATHER,1.2059473354316246,1.075803882,3.7097626867000058,False,0.9734290095350001,0.1393536815,0.15419339140000002,0.18682782175,0.5073712035,1.2249599822500001,2.5479769244999995,2.932047629749996,12.391399732,0.02,4,0.03125,13,DAYTIME,False,False
2025-09-08T14:00:00+02:00,2025-09-01T23:00:00+02:00,168,159,M1_GBT_CAL_WEATHER,1.3469354898827615,2.474931603,3.7097626867000058,False,0.9567481087449999,0.1368510436,0.143135813,0.1693064495,0.291184629,1.359419486,2.338759493499999,2.7954931173,9.935794505,0.015,3,0.03125,14,DAYTIME,False,False
2025-09-08T15:00:00+02:00,2025-09-01T23:00:00+02:00,168,160,M1_GBT_CAL_WEATHER,1.821915531487831,1.073446337,3.7097626867000058,False,0.8362390689200001,0.1404555087,0.1553924776,0.17848078425,0.532878568,1.15414763775,2.1066138872,2.5324219593499997,7.830448915,0.005,1,0.03125,15,DAYTIME,False,False
2025-09-08T16:00:00+02:00,2025-09-01T23:00:00+02:00,168,161,M1_GBT_CAL_WEATHER,1.6386557589405397,2.473006676,3.7097626867000058,False,1.4333932551000002,0.15074129995,0.1645017966,0.43288433275,1.024185379,2.011990169,3.037824162099999,4.022942935799998,7.788837311,0.065,13,0.125,16,RETURN_RAMP,False,False
2025-09-08T17:00:00+02:00,2025-09-01T23:00:00+02:00,168,162,M1_GBT_CAL_WEATHER,1.7375018309549357,3.611822578,3.7097626867000058,False,3.3553445769499994,0.20970009215,0.32948645930000003,0.8591993015,1.756235782,5.001803113499999,8.794397994599995,10.616891451599999,15.444590493,0.29,58,0.25,17,RETURN_RAMP,False,False
2025-09-08T18:00:00+02:00,2025-09-01T23:00:00+02:00,168,163,M1_GBT_CAL_WEATHER,2.2083301497044854,7.591375735,3.7097626867000058,True,5.008014424245001,0.2061585968,0.7996172119000001,1.2641582147500001,4.069816342999999,8.180832484249999,10.225883055799999,12.122861976199996,15.789834016,0.515,103,0.40625,18,RETURN_RAMP,True,True
2025-09-08T19:00:00+02:00,2025-09-01T23:00:00+02:00,168,164,M1_GBT_CAL_WEATHER,2.2083301497044854,7.591554931,3.7097626867000058,True,5.351732125265003,0.17230859845,0.2200599866,1.2004769415,4.137427969,8.849550477,11.2984297853,14.275912220499993,19.645297595,0.54,108,0.53125,19,EVENING,True,True
2025-09-08T20:00:00+02:00,2025-09-01T23:00:00+02:00,168,165,M1_GBT_CAL_WEATHER,2.100843112851801,10.166290178,3.7097626867000058,True,3.6858324438400016,0.15707145700000003,0.20070530410000004,0.378786912,2.2717128625000003,7.330680665999999,8.909013151699995,10.772187643599997,18.775328854,0.355,71,0.34375,20,EVENING,True,False
2025-09-08T21:00:00+02:00,2025-09-01T23:00:00+02:00,168,166,M1_GBT_CAL_WEATHER,1.8706439474685694,8.329325808,3.7097626867000058,True,2.4946147267099996,0.2400620605,0.38327810390000006,0.6152914985,1.094814467,3.2213951565000003,7.9410785931,8.633502108849996,14.915662490999999,0.23,46,0.28125,21,EVENING,False,False
2025-09-08T22:00:00+02:00,2025-09-01T23:00:00+02:00,168,167,M1_GBT_CAL_WEATHER,1.8894354277521168,3.181338907,3.7097626867000058,False,1.3477123188599998,0.25092923229999997,0.3293708524,0.46429905225,0.7165034939999999,1.1107380517499998,3.325143604999999,6.844521147999995,8.627569124999999,0.095,19,0.21875,22,EVENING,False,False
2025-09-08T23:00:00+02:00,2025-09-01T23:00:00+02:00,168,168,M1_GBT_CAL_WEATHER,1.2053251209785925,0.601501498,3.7097626867000058,False,0.7366003172450002,0.25225127555,0.31013227509999997,0.40779064875,0.5553664195,0.6997546575,1.0878600548,1.2653437977999997,7.927666197000001,0.025,5,0.125,23,NIGHT,False,False
2025-09-05T00:00:00+02:00,2025-09-04T23:00:00+02:00,168,1,M1_GBT_CAL_WEATHER,0.9129772161494627,0.602862627,3.3187679449000007,False,0.7000098249049995,0.27811692345,0.3171833881,0.40132986825,0.5227890909999999,0.646667908,1.6956170681999991,2.1376757896000003,2.94519668,0.0,0,0,0,NIGHT,False,False
2025-09-05T01:00:00+02:00,2025-09-04T23:00:00+02:00,168,2,M1_GBT_CAL_WEATHER,0.9129772161494627,0.604223755,3.3187679449000007,False,0.5641080210850002,0.27997072980000004,0.3105810075,0.38180499875,0.4815668595,0.5945399100000001,0.652798535,0.676651861,12.209721272,0.01,2,0,1,NIGHT,False,False
2025-09-05T02:00:00+02:00,2025-09-04T23:00:00+02:00,168,3,M1_GBT_CAL_WEATHER,0.9129772161494627,0.605492126,3.3187679449000007,False,0.57396285795,0.2941464511,0.3148955392,0.38390871449999997,0.484266718,0.5967517145,0.6556736035999999,0.6788138865000001,9.307850423,0.01,2,0,2,NIGHT,False,False
2025-09-05T03:00:00+02:00,2025-09-04T23:00:00+02:00,168,4,M1_GBT_CAL_WEATHER,0.9129772161494627,0.6065813,3.3187679449000007,False,0.6017210248499997,0.29525954155,0.31619243280000003,0.3850867575,0.48553978600000003,0.59818848,0.6569951098,0.6798997658,13.565581934999999,0.015,3,0,3,NIGHT,False,False
2025-09-05T04:00:00+02:00,2025-09-04T23:00:00+02:00,168,5,M1_GBT_CAL_WEATHER,0.9129772161494627,0.607417053,3.3187679449000007,False,0.5231572843000002,0.2981880863,0.3194864844,0.38745412675,0.487581599,0.5980752739999999,0.6563414593,0.6806709250999999,5.627026616,0.005,1,0,4,NIGHT,False,False
2025-09-05T05:00:00+02:00,2025-09-04T23:00:00+02:00,168,6,M1_GBT_CAL_WEATHER,0.9129772161494627,0.607942429,3.3187679449000007,False,0.4860832889650004,0.29886103355,0.3201566164,0.388054979,0.48712235800000003,0.59563451625,0.6540849085,0.6728729857499999,0.711093471,0.0,0,0,5,NIGHT,False,False
2025-09-05T06:00:00+02:00,2025-09-04T23:00:00+02:00,168,7,M1_GBT_CAL_WEATHER,0.9129772161494627,1.210309874,3.3187679449000007,False,0.6307232487300002,0.30379484295,0.3394556894,0.42050345825,0.5410294375,0.6586387647499999,1.1601822761,1.2724559443999996,2.576928616,0.0,0,0,6,NIGHT,False,False
2025-09-05T07:00:00+02:00,2025-09-04T23:00:00+02:00,168,8,M1_GBT_CAL_WEATHER,0.9129772161494627,2.518623563,3.3187679449000007,False,1.1130790854150003,0.34213256715,0.41018163080000003,0.55159699025,0.9111261740000001,1.4794704865,2.2794883190999995,2.7815286473499996,4.052184206,0.015,3,0.02857142857142857,7,MORNING,False,False
2025-09-05T08:00:00+02:00,2025-09-04T23:00:00+02:00,168,9,M1_GBT_CAL_WEATHER,0.9129772161494627,1.081719437,3.3187679449000007,False,0.9999669022799991,0.1565179335,0.1862991464,0.38040324025,0.9648142685000001,1.2584201415,1.9452776844000002,2.361664604,4.291866361,0.02,4,0,8,MORNING,False,False
2025-09-05T09:00:00+02:00,2025-09-04T23:00:00+02:00,168,10,M1_GBT_CAL_WEATHER,0.9129772161494627,1.080883684,3.3187679449000007,False,1.0346109984899998,0.15971729115,0.1858678607,0.82153547375,1.0165008800000002,1.2261751595,1.3404257921,1.6748358614499996,5.407361712,0.03,6,0,9,DAYTIME,False,False
2025-09-05T10:00:00+02:00,2025-09-04T23:00:00+02:00,168,11,M1_GBT_CAL_WEATHER,0.9129772161494627,0.450610994,3.3187679449000007,False,1.1330342425549997,0.1717884256,0.2477549581000001,0.7985073149999999,1.020977594,1.25526168825,1.3951127386000002,3.0828777685999955,5.461168141,0.05,10,0,10,DAYTIME,False,False
2025-09-05T11:00:00+02:00,2025-09-04T23:00:00+02:00,168,12,M1_GBT_CAL_WEATHER,0.9293898432812443,0.197995861,3.3187679449000007,False,1.1585347548250007,0.17095931455,0.2149729401,0.692401747,0.970396085,1.2490202620000002,1.5894826584,3.578081951149993,12.242489337,0.055,11,0,11,DAYTIME,False,False
2025-09-05T12:00:00+02:00,2025-09-04T23:00:00+02:00,168,13,M1_GBT_CAL_WEATHER,0.8614853974415669,0.196634733,3.3187679449000007,False,1.0064364432300001,0.14580911629999999,0.1671966603,0.25254165700000003,0.86544925,1.1822044035000001,1.3773639094,2.5420153867999975,15.698708585,0.04,8,0.02857142857142857,12,DAYTIME,False,False
2025-09-05T13:00:00+02:00,2025-09-04T23:00:00+02:00,168,14,M1_GBT_CAL_WEATHER,1.01087999905102,0.195273604,3.3187679449000007,False,0.8038238598950003,0.13721323100000002,0.144385109,0.17809769474999998,0.32874911250000005,1.0950849120000001,1.3331750624,1.8259317758499929,17.855831702,0.035,7,0.02857142857142857,13,DAYTIME,False,False
2025-09-05T14:00:00+02:00,2025-09-04T23:00:00+02:00,168,15,M1_GBT_CAL_WEATHER,1.0766404624649106,0.194005234,3.3187679449000007,False,0.6737892583150001,0.13243056175,0.1415906191,0.16489714425,0.212145989,0.9646504147499999,1.3099617096,2.2175003409499983,10.568790457,0.025,5,0.02857142857142857,14,DAYTIME,False,False
2025-09-05T15:00:00+02:00,2025-09-04T23:00:00+02:00,168,16,M1_GBT_CAL_WEATHER,1.4085881853845632,0.192916059,3.3187679449000007,False,0.7164761820200001,0.13582876095,0.1497524878,0.1869035425,0.395593158,1.042056351,1.3735853678,1.996870611749998,4.361883283,0.01,2,0.02857142857142857,15,DAYTIME,False,False
2025-09-05T16:00:00+02:00,2025-09-04T23:00:00+02:00,168,17,M1_GBT_CAL_WEATHER,1.7614910868195268,1.592476397,3.3187679449000007,False,1.28428760246,0.15974898270000001,0.1774341285,0.37578404175,0.9985549874999999,1.34326756575,2.8802815878999994,4.4056844351499995,10.157770198,0.08,16,0.11428571428571428,16,RETURN_RAMP,False,False
2025-09-05T17:00:00+02:00,2025-09-04T23:00:00+02:00,168,18,M1_GBT_CAL_WEATHER,1.8648765837761783,1.761547214,3.3187679449000007,False,3.524626959859999,0.2212611734,0.6731941403,0.98524177325,2.0700642645,5.85327353925,8.413203828899999,10.03460471055,16.113221275,0.34,68,0.22857142857142856,17,RETURN_RAMP,False,False
2025-09-05T18:00:00+02:00,2025-09-04T23:00:00+02:00,168,19,M1_GBT_CAL_WEATHER,2.493913642056836,1.071906013,3.3187679449000007,False,5.574256837360001,0.24312752295000004,0.7878723061999999,1.3773091797500001,4.3384612605,8.64376009475,12.091160449199998,13.3424543781,19.702988713000003,0.56,112,0.4,18,RETURN_RAMP,True,True
2025-09-05T19:00:00+02:00,2025-09-04T23:00:00+02:00,168,20,M1_GBT_CAL_WEATHER,2.424832627516161,1.424618413,3.3187679449000007,False,6.051757744415003,0.16918993225,0.24690821950000005,1.7936571445,5.2281511665,9.794456872500001,12.627489378799996,15.059434272649995,23.061829818,0.6,120,0.5142857142857142,19,EVENING,True,True
2025-09-05T20:00:00+02:00,2025-09-04T23:00:00+02:00,168,21,M1_GBT_CAL_WEATHER,2.20883956270174,1.739207289,3.3187679449000007,False,4.623163145845001,0.19836855925000002,0.2544264474,0.69279679725,2.9952823825,7.690826308,10.818183061299997,13.875915310549997,22.273869446,0.47,94,0.37142857142857144,20,EVENING,True,True
2025-09-05T21:00:00+02:00,2025-09-04T23:00:00+02:00,168,22,M1_GBT_CAL_WEATHER,2.0804782523665035,0.207526273,3.3187679449000007,False,2.8548771018799983,0.1709021192,0.2048405942,0.33148517175000003,0.9582186975,4.515398523,7.9540463505,9.23213248865,15.436674361000001,0.33,66,0.2857142857142857,21,EVENING,False,False
2025-09-05T22:00:00+02:00,2025-09-04T23:00:00+02:00,168,23,M1_GBT_CAL_WEATHER,1.8769825058542176,0.600233128,3.3187679449000007,False,1.8088828348450006,0.293372353,0.3481445337,0.5048719635000001,0.7999484880000001,1.32678336925,6.1264549364999965,8.29068669185,15.687759833000001,0.145,29,0.22857142857142856,22,EVENING,False,False
2025-09-05T23:00:00+02:00,2025-09-04T23:00:00+02:00,168,24,M1_GBT_CAL_WEATHER,1.0550339300286622,0.618212331,3.3187679449000007,False,0.9385931506150001,0.2801508971,0.31704108459999997,0.4171896555,0.5548219595,0.695677695,1.276407944,3.6755687013499903,8.244956859,0.055,11,0.11428571428571428,23,NIGHT,False,False
2025-09-06T00:00:00+02:00,2025-09-04T23:00:00+02:00,168,25,M1_GBT_CAL_WEATHER,0.9313885665226805,0.602862627,3.3187679449000007,False,0.5465614809499999,0.2726392803,0.3087706644,0.38373784925,0.48330077250000003,0.59466891925,0.6651464978,0.7098765022499982,7.790392201,0.005,1,0,0,NIGHT,False,False
2025-09-06T01:00:00+02:00,2025-09-04T23:00:00+02:00,168,26,M1_GBT_CAL_WEATHER,0.9313885665226805,0.604223755,3.3187679449000007,False,0.4839743779500003,0.27442462355,0.3090537995,0.38257270849999997,0.482710967,0.5945399100000001,0.6500586041,0.67552491385,1.310413368,0.0,0,0,1,NIGHT,False,False
2025-09-06T02:00:00+02:00,2025-09-04T23:00:00+02:00,168,27,M1_GBT_CAL_WEATHER,0.9313885665226805,0.605492126,3.3187679449000007,False,0.48088588988999975,0.2760882977,0.31031986240000003,0.38390871449999997,0.483016271,0.594074585,0.6511974301,0.6700408691499999,0.708000194,0.0,0,0,2,NIGHT,False,False
2025-09-06T03:00:00+02:00,2025-09-04T23:00:00+02:00,168,28,M1_GBT_CAL_WEATHER,0.9313885665226805,0.6065813,3.3187679449000007,False,0.48217611826999973,0.2775169278,0.31140705560000004,0.3850867575,0.48426090899999996,0.59523548775,0.6523443012,0.6712997623999999,0.709375174,0.0,0,0,3,NIGHT,False,False
2025-09-06T04:00:00+02:00,2025-09-04T23:00:00+02:00,168,29,M1_GBT_CAL_WEATHER,0.9313885665226805,0.607417053,3.3187679449000007,False,0.512243358625,0.287667336,0.3171875749,0.38867066775000003,0.487581599,0.5992890415000001,0.6539220567999999,0.6806709250999999,3.679060595,0.005,1,0,4,NIGHT,False,False
2025-09-06T05:00:00+02:00,2025-09-04T23:00:00+02:00,168,30,M1_GBT_CAL_WEATHER,0.9313885665226805,0.607942429,3.3187679449000007,False,0.6961688164800005,0.28350313165,0.3178131466,0.39784793350000003,0.490787488,0.6115275515,0.6825160194,2.6474808871999937,6.625663213999999,0.04,8,0,5,NIGHT,False,False
2025-09-06T06:00:00+02:00,2025-09-04T23:00:00+02:00,168,31,M1_GBT_CAL_WEATHER,0.9313885665226805,1.611920524,3.3187679449000007,False,1.0254677517599995,0.2991520837,0.3380876982,0.43729470975,0.588188897,1.056377752,2.8834796551999995,3.3406017595499993,4.592052926,0.055,11,0,6,NIGHT,False,False
2025-09-06T07:00:00+02:00,2025-09-04T23:00:00+02:00,168,32,M1_GBT_CAL_WEATHER,0.9313885665226805,3.759902613,3.3187679449000007,True,1.8131192746750011,0.31290556595,0.3594788264,0.52534217425,1.1398379745,2.914845605,4.2170198467999995,4.78062876425,6.106779157,0.215,43,0.02857142857142857,7,MORNING,False,False
2025-09-06T08:00:00+02:00,2025-09-04T23:00:00+02:00,168,33,M1_GBT_CAL_WEATHER,0.9313885665226805,1.081719437,3.3187679449000007,False,1.47664206321,0.1683242118,0.2004022493,0.52625154175,1.0191390055,2.1324079554999997,3.7674898020999996,4.26277560635,5.443457603,0.135,27,0,8,MORNING,False,False
2025-09-06T09:00:00+02:00,2025-09-04T23:00:00+02:00,168,34,M1_GBT_CAL_WEATHER,0.9313885665226805,1.080883684,3.3187679449000007,False,1.3975658965400006,0.17391879075000002,0.2131743321,0.8210116635,1.106217271,1.3347486435,3.631274619099999,4.2829372846,7.131600764000001,0.115,23,0,9,DAYTIME,False,False
2025-09-06T10:00:00+02:00,2025-09-04T23:00:00+02:00,168,35,M1_GBT_CAL_WEATHER,0.9129772161494627,1.07979451,3.3187679449000007,False,1.129435469135,0.1809809651,0.219215807,0.77535215525,0.993098917,1.1976884785,1.3500512457,1.3979108649499998,15.273027788,0.025,5,0,10,DAYTIME,False,False
2025-09-06T11:00:00+02:00,2025-09-04T23:00:00+02:00,168,36,M1_GBT_CAL_WEATHER,0.8614853974415669,1.078526139,3.3187679449000007,False,1.1756226700500003,0.1718643226,0.2270565937,0.772521596,1.011410857,1.23981384875,1.3929904476000001,2.0770083091999996,15.351023956,0.035,7,0,11,DAYTIME,False,False
2025-09-06T12:00:00+02:00,2025-09-04T23:00:00+02:00,168,37,M1_GBT_CAL_WEATHER,1.01087999905102,0.682517631,3.3187679449000007,False,1.0444718613799997,0.14883806365,0.1696389456,0.30702003275,0.9688014805,1.24558764825,1.4622678651999999,3.0384565167499997,13.507522363,0.04,8,0.02857142857142857,12,DAYTIME,False,False
2025-09-06T13:00:00+02:00,2025-09-04T23:00:00+02:00,168,38,M1_GBT_CAL_WEATHER,1.01087999905102,0.195273604,3.3187679449000007,False,0.846508092805,0.1427783098,0.16031107060000002,0.19370667675,0.4970974025,1.12637563,1.3748840731999994,3.4461943133499986,5.633221967000001,0.055,11,0.02857142857142857,13,DAYTIME,False,False
2025-09-06T14:00:00+02:00,2025-09-04T23:00:00+02:00,168,39,M1_GBT_CAL_WEATHER,1.0950518128381286,0.194005234,3.3187679449000007,False,0.8270848095149995,0.13762373185,0.1526502143,0.17509946175,0.2251879855,1.0732731475,1.3378054846999998,3.7604157360999997,9.230426249,0.06,12,0.02857142857142857,14,DAYTIME,False,False
2025-09-06T15:00:00+02:00,2025-09-04T23:00:00+02:00,168,40,M1_GBT_CAL_WEATHER,1.552126147404352,1.593312149,3.3187679449000007,False,1.1006704690850002,0.1395231426,0.1552358041,0.19874539775,0.7861625315,1.29926300725,2.481101112499999,3.3485205320999984,14.460468291,0.06,12,0.02857142857142857,15,DAYTIME,False,False
2025-09-06T16:00:00+02:00,2025-09-04T23:00:00+02:00,168,41,M1_GBT_CAL_WEATHER,1.7799024371927448,0.504845392,3.3187679449000007,False,1.8005958332750003,0.1397125856,0.16313467350000002,0.65007682525,1.116273747,2.2505640025,3.6448999327999996,6.3846249182499974,17.1006328,0.135,27,0.11428571428571428,16,RETURN_RAMP,False,False
2025-09-06T17:00:00+02:00,2025-09-04T23:00:00+02:00,168,42,M1_GBT_CAL_WEATHER,1.8648765837761783,1.072085209,3.3187679449000007,False,2.5260166857900006,0.2477522592,0.5178821444,0.9035498805,1.3583068109999998,2.86252720325,6.912220416799999,9.55954422735,13.019262757,0.2,40,0.22857142857142856,17,RETURN_RAMP,False,False
2025-09-06T18:00:00+02:00,2025-09-04T23:00:00+02:00,168,43,M1_GBT_CAL_WEATHER,2.543406737523296,2.472302104,3.3187679449000007,False,2.7972278033300007,0.15792127435,0.2061771236,0.9205813134999999,1.5493597289999999,3.7118065387500003,7.7553823582999994,9.528534400599996,11.642400922999999,0.28,56,0.4,18,RETURN_RAMP,False,True
2025-09-06T19:00:00+02:00,2025-09-04T23:00:00+02:00,168,44,M1_GBT_CAL_WEATHER,2.543406737523296,1.825919218,3.3187679449000007,False,3.4872182067700033,0.16913211955,0.2114551977,1.01775757875,2.3224039195,4.73696262325,8.984220388,10.159866519549995,18.758228662,0.375,75,0.5142857142857142,19,EVENING,True,True
2025-09-06T20:00:00+02:00,2025-09-04T23:00:00+02:00,168,45,M1_GBT_CAL_WEATHER,2.2583326581681997,1.404131116,3.3187679449000007,False,3.251509894255,0.1851544138,0.2265599908,0.48985377925,1.973263515,4.74184121875,8.7227399152,9.571373545649998,15.643533653999999,0.335,67,0.37142857142857144,20,EVENING,False,True
2025-09-06T21:00:00+02:00,2025-09-04T23:00:00+02:00,168,46,M1_GBT_CAL_WEATHER,2.0620669019932856,6.960798541,3.3187679449000007,True,3.0086703727049984,0.16490830520000002,0.1925250601,0.35147121775,0.961313705,6.0305863245,8.0106887564,8.99401106449999,18.17928671,0.34,68,0.2857142857142857,21,EVENING,False,False
2025-09-06T22:00:00+02:00,2025-09-04T23:00:00+02:00,168,47,M1_GBT_CAL_WEATHER,1.6131975212028413,2.869330675,3.3187679449000007,False,1.8198603004350007,0.32761273395,0.39739572190000005,0.5145021999999999,0.7638655560000001,1.3056978457500001,6.7026642994,7.981583067999998,20.095697765,0.155,31,0.22857142857142856,22,EVENING,False,False
2025-09-06T23:00:00+02:00,2025-09-04T23:00:00+02:00,168,48,M1_GBT_CAL_WEATHER,1.0366225796554442,1.200519318,3.3187679449000007,False,0.8540623564550006,0.27567391925,0.33012907490000004,0.42564812525,0.5676399560000001,0.88265462225,1.2892939786,2.077768566899998,7.964807936000001,0.035,7,0.11428571428571428,23,NIGHT,False,False
2025-09-07T00:00:00+02:00,2025-09-04T23:00:00+02:00,168,49,M1_GBT_CAL_WEATHER,0.9129772161494627,0.83244928,3.3187679449000007,False,0.7244404779949992,0.27742728265,0.3184090312,0.40423866325,0.5262306545,0.6429858024999999,1.0101845727999996,2.2342943143499987,7.918612354,0.015,3,0,0,NIGHT,False,False
2025-09-07T01:00:00+02:00,2025-09-04T23:00:00+02:00,168,50,M1_GBT_CAL_WEATHER,0.9129772161494627,0.604223755,3.3187679449000007,False,0.5495705352200001,0.27905530144999996,0.3154133415,0.3876521315,0.484883253,0.59606724225,0.652798535,0.676651861,7.787338394000001,0.01,2,0,1,NIGHT,False,False
2025-09-07T02:00:00+02:00,2025-09-04T23:00:00+02:00,168,51,M1_GBT_CAL_WEATHER,0.9129772161494627,0.605492126,3.3187679449000007,False,0.53081136558,0.28057237335,0.3170311842,0.389115746,0.487715857,0.5976669065,0.6556736035999999,0.6788138865000001,6.215889477,0.005,1,0,2,NIGHT,False,False
2025-09-07T03:00:00+02:00,2025-09-04T23:00:00+02:00,168,52,M1_GBT_CAL_WEATHER,0.9129772161494627,0.6065813,3.3187679449000007,False,0.48627367267999977,0.2818751129,0.3184204575,0.3898408445,0.486731881,0.597149995,0.6526111793,0.6712997623999999,0.709375174,0.0,0,0,3,NIGHT,False,False
2025-09-07T04:00:00+02:00,2025-09-04T23:00:00+02:00,168,53,M1_GBT_CAL_WEATHER,0.9129772161494627,0.607417053,3.3187679449000007,False,0.48726369970999994,0.28287474045,0.3194864844,0.39088469449999996,0.4878395175,0.5980752739999999,0.6535160707,0.6722657439499998,0.710430233,0.0,0,0,4,NIGHT,False,False
2025-09-07T05:00:00+02:00,2025-09-04T23:00:00+02:00,168,54,M1_GBT_CAL_WEATHER,0.9129772161494627,0.607942429,3.3187679449000007,False,0.4878860566450004,0.28350313165,0.3201566164,0.39154088649999996,0.488535807,0.59865692875,0.6540849085,0.6728729857499999,0.711093471,0.0,0,0,5,NIGHT,False,False
2025-09-07T06:00:00+02:00,2025-09-04T23:00:00+02:00,168,55,M1_GBT_CAL_WEATHER,0.9129772161494627,0.608121625,3.3187679449000007,False,0.6749675583450001,0.2990905632,0.3259986812,0.417777309,0.567367939,0.703709887,1.1513750633,1.5132240310999996,3.232979957,0.0,0,0,6,NIGHT,False,False
2025-09-07T07:00:00+02:00,2025-09-04T23:00:00+02:00,168,56,M1_GBT_CAL_WEATHER,0.9313885665226805,0.607942429,3.3187679449000007,False,1.03694351073,0.3034684801,0.34504222290000003,0.48097059324999997,0.7012412185,1.4009598505,2.0576317649999996,2.4308296311499964,3.944315877,0.02,4,0.02857142857142857,7,MORNING,False,False
2025-09-07T08:00:00+02:00,2025-09-04T23:00:00+02:00,168,57,M1_GBT_CAL_WEATHER,0.9313885665226805,0.371184649,3.3187679449000007,False,0.9443310157600002,0.15128083535,0.1739328386,0.363202761,0.8978409940000001,1.2358855,1.7791679349999985,2.3898347718,3.5377982469999996,0.015,3,0,8,MORNING,False,False
2025-09-07T09:00:00+02:00,2025-09-04T23:00:00+02:00,168,58,M1_GBT_CAL_WEATHER,0.9129772161494627,1.080883684,3.3187679449000007,False,0.9554650339700005,0.1664376335,0.19654628680000003,0.75740765,1.0002919755,1.2072655305,1.3229492004999999,1.4086383720000002,5.323866957,0.015,3,0,9,DAYTIME,False,False
2025-09-07T10:00:00+02:00,2025-09-04T23:00:00+02:00,168,59,M1_GBT_CAL_WEATHER,0.9293898432812443,1.07979451,3.3187679449000007,False,1.0254702879149997,0.16984167485,0.1971859342,0.76055433125,1.020977594,1.235498835,1.3663623682,1.5558301134999966,5.139456803,0.025,5,0,10,DAYTIME,False,False
2025-09-07T11:00:00+02:00,2025-09-04T23:00:00+02:00,168,60,M1_GBT_CAL_WEATHER,1.0787844448906976,1.078526139,3.3187679449000007,False,1.1032093029049996,0.18442698135,0.2200050718,0.75508486325,1.048497247,1.2765122410000003,1.4506445801,2.7638143842499963,5.230267678,0.035,7,0,11,DAYTIME,False,False
2025-09-07T12:00:00+02:00,2025-09-04T23:00:00+02:00,168,61,M1_GBT_CAL_WEATHER,1.0787844448906976,1.077165011,3.3187679449000007,False,1.0912103196750003,0.1585024024,0.1887385215,0.42808431775,0.9220015395,1.2193469272500002,1.8247362408999994,3.5515392939999986,8.427796512999999,0.055,11,0.02857142857142857,12,DAYTIME,False,False
2025-09-07T13:00:00+02:00,2025-09-04T23:00:00+02:00,168,62,M1_GBT_CAL_WEATHER,1.4414988403139666,2.485275256,3.3187679449000007,False,1.0796998084100005,0.1555012811,0.1662261017,0.207194671,0.8376328055,1.27987815925,2.5487115568,3.02144198105,9.954052876,0.045,9,0.02857142857142857,13,DAYTIME,False,False
2025-09-07T14:00:00+02:00,2025-09-04T23:00:00+02:00,168,63,M1_GBT_CAL_WEATHER,1.5651442038199483,2.53229992,3.3187679449000007,False,1.3192004881599992,0.1488017828,0.16147526680000002,0.20644989125,1.0518319965,2.1993642795,2.9907625547,3.3194331031499993,6.140397066,0.05,10,0.02857142857142857,14,DAYTIME,False,False
2025-09-07T15:00:00+02:00,2025-09-04T23:00:00+02:00,168,64,M1_GBT_CAL_WEATHER,1.8318851932098772,1.357921885,3.3187679449000007,False,1.7839459025750009,0.15297950055,0.1752529595,0.4934334995,1.5720538755,2.5641201955,3.1367153183999994,4.597878363399997,12.047309173,0.075,15,0.02857142857142857,15,DAYTIME,False,False
2025-09-07T16:00:00+02:00,2025-09-04T23:00:00+02:00,168,65,M1_GBT_CAL_WEATHER,2.1499221632117154,1.592476397,3.3187679449000007,False,2.755404343715002,0.1980279996,0.4387703169000003,1.063412871,2.1697779835000004,2.8870698045000003,7.1000069414999984,9.354412985199993,15.793138737,0.18,36,0.11428571428571428,16,RETURN_RAMP,False,False
2025-09-07T17:00:00+02:00,2025-09-04T23:00:00+02:00,168,66,M1_GBT_CAL_WEATHER,2.5947589062924625,1.948126318,3.3187679449000007,False,2.93380542024,0.46161171310000004,0.7524969297000002,1.1745444375,2.345646309,3.192708685,6.576935494299998,9.23180400825,14.900647637999999,0.225,45,0.22857142857142856,17,RETURN_RAMP,False,False
2025-09-07T18:00:00+02:00,2025-09-04T23:00:00+02:00,168,67,M1_GBT_CAL_WEATHER,3.1463390046281403,1.071906013,3.3187679449000007,False,3.4274118620699996,0.2137318929,0.7616106636000001,1.2620267635000002,2.571350563,4.4712150765,7.897465822799998,9.821890391749996,14.767882531,0.335,67,0.4,18,RETURN_RAMP,False,True
2025-09-07T19:00:00+02:00,2025-09-04T23:00:00+02:00,168,68,M1_GBT_CAL_WEATHER,2.1928934198640873,3.170087669,3.3187679449000007,False,3.692854975490003,0.18492351875000002,0.20395658349999998,1.0421627355,2.5327578625,5.6958674794999995,9.072508732500001,10.714229602749999,15.477788494,0.395,79,0.5142857142857142,19,EVENING,True,True
2025-09-07T20:00:00+02:00,2025-09-04T23:00:00+02:00,168,69,M1_GBT_CAL_WEATHER,1.9769003550496662,1.089252297,3.3187679449000007,False,3.4970548538400026,0.18564034299999999,0.20982507720000002,0.62730820875,2.1062782899999997,6.1125522750000005,8.471140026499999,9.922524651749997,19.445905731,0.36,72,0.37142857142857144,20,EVENING,False,True
2025-09-07T21:00:00+02:00,2025-09-04T23:00:00+02:00,168,70,M1_GBT_CAL_WEATHER,1.7115535843340783,0.399721167,3.3187679449000007,False,3.305975282770002,0.17820226755,0.19899871160000002,0.42746394425,1.9825604120000002,5.3200209775,8.8016230558,10.140782860649994,18.654517579,0.32,64,0.2857142857142857,21,EVENING,False,False
2025-09-07T22:00:00+02:00,2025-09-04T23:00:00+02:00,168,71,M1_GBT_CAL_WEATHER,1.6131975212028413,2.717308852,3.3187679449000007,False,2.155163986995001,0.27453564475,0.3248241364,0.49480840275,0.7936501555,2.4645204100000004,7.6813328481,8.4126355699,14.738208432,0.185,37,0.22857142857142856,22,EVENING,False,False
2025-09-07T23:00:00+02:00,2025-09-04T23:00:00+02:00,168,72,M1_GBT_CAL_WEATHER,1.0366225796554442,0.972273632,3.3187679449000007,False,0.9276378732099999,0.27117194345,0.3167540783,0.4110390205,0.5684196484999999,0.79523473775,1.8316273345999996,3.6554240196499967,6.763365862,0.055,11,0.11428571428571428,23,NIGHT,False,False
2025-09-08T00:00:00+02:00,2025-09-04T23:00:00+02:00,168,73,M1_GBT_CAL_WEATHER,0.9129772161494627,0.602862627,3.3187679449000007,False,0.6818881765900001,0.27295378655,0.3046981474,0.3894762025,0.5205563945,0.646639677,1.5062194807999996,2.257750967399998,2.992242086,0.0,0,0,0,NIGHT,False,False
2025-09-08T01:00:00+02:00,2025-09-04T23:00:00+02:00,168,74,M1_GBT_CAL_WEATHER,0.9129772161494627,0.604223755,3.3187679449000007,False,0.5890387298949998,0.27997072980000004,0.3092762134,0.3721573255,0.48068291350000003,0.5963093245,0.6612860959,0.6985159463499999,8.94877736,0.005,1,0,1,NIGHT,False,False
2025-09-08T02:00:00+02:00,2025-09-04T23:00:00+02:00,168,75,M1_GBT_CAL_WEATHER,0.9129772161494627,0.605492126,3.3187679449000007,False,0.6256336172649997,0.29500353785,0.3148955392,0.38387618625,0.484266718,0.59904505425,0.6652415521999999,0.700050428,9.18807232,0.01,2,0,2,NIGHT,False,False
2025-09-08T03:00:00+02:00,2025-09-04T23:00:00+02:00,168,76,M1_GBT_CAL_WEATHER,0.9129772161494627,0.6065813,3.3187679449000007,False,0.6631169777199992,0.29987334285,0.3206350326,0.3898408445,0.4890222955,0.6059275042500001,0.6671398322,0.7086000233999985,11.960278262,0.015,3,0,3,NIGHT,False,False
2025-09-08T04:00:00+02:00,2025-09-04T23:00:00+02:00,168,77,M1_GBT_CAL_WEATHER,0.9129772161494627,0.607417053,3.3187679449000007,False,0.7811489268349996,0.3027941873,0.3233875349,0.39963491025,0.495691231,0.60929800525,0.6793985778,1.8423486047999973,15.656133919,0.025,5,0,4,NIGHT,False,False
2025-09-08T05:00:00+02:00,2025-09-04T23:00:00+02:00,168,78,M1_GBT_CAL_WEATHER,0.9129772161494627,0.607942429,3.3187679449000007,False,0.7432001080499994,0.3055949844,0.3257827905,0.39784793350000003,0.5012977395,0.6115275515,0.6732418505,1.8235544149999972,10.248997602,0.025,5,0,5,NIGHT,False,False
2025-09-08T06:00:00+02:00,2025-09-04T23:00:00+02:00,168,79,M1_GBT_CAL_WEATHER,0.9129772161494627,0.608121625,3.3187679449000007,False,1.0045358497499997,0.32039242735,0.3433815754,0.4348191335,0.5981926925,1.11023341925,1.8446507779999999,2.777223973649998,13.116407779000001,0.03,6,0,6,NIGHT,False,False
2025-09-08T07:00:00+02:00,2025-09-04T23:00:00+02:00,168,80,M1_GBT_CAL_WEATHER,0.9129772161494627,0.607942429,3.3187679449000007,False,1.3388333285249996,0.33178435155,0.3927129479,0.532675147,0.9624880925,1.6832773005,2.6295574439999996,3.3531553771999976,12.057533193,0.055,11,0.02857142857142857,7,MORNING,False,False
2025-09-08T08:00:00+02:00,2025-09-04T23:00:00+02:00,168,81,M1_GBT_CAL_WEATHER,0.9129772161494627,0.201189159,3.3187679449000007,False,1.0661253395899992,0.1729177378,0.21220524429999998,0.52852378175,0.9489825445000001,1.24968610325,2.090266580099999,2.6985610963999993,6.713359292000001,0.02,4,0,8,MORNING,False,False
2025-09-08T09:00:00+02:00,2025-09-04T23:00:00+02:00,168,82,M1_GBT_CAL_WEATHER,0.9293898432812443,0.200353406,3.3187679449000007,False,0.9856109537950003,0.18827644335,0.232032388,0.8282196767500001,1.0318678170000002,1.2261751595,1.3392092774,1.3763358797999996,3.715086527,0.005,1,0,9,DAYTIME,False,False
2025-09-08T10:00:00+02:00,2025-09-04T23:00:00+02:00,168,83,M1_GBT_CAL_WEATHER,0.9293898432812443,0.199264232,3.3187679449000007,False,1.07808027127,0.2307835997,0.5159737059,0.8436659697500001,1.0367001625,1.2247831369999997,1.3344747889,1.39550539395,8.189526659,0.02,4,0,10,DAYTIME,False,False
2025-09-08T11:00:00+02:00,2025-09-04T23:00:00+02:00,168,84,M1_GBT_CAL_WEATHER,1.0787844448906976,0.913093732,3.3187679449000007,False,1.0980748764,0.1719497594,0.2102457588,0.7672707672500001,1.005408687,1.2484476655,1.3730375977000002,2.8270509331499984,7.584450234,0.045,9,0,11,DAYTIME,False,False
2025-09-08T12:00:00+02:00,2025-09-04T23:00:00+02:00,168,85,M1_GBT_CAL_WEATHER,1.0787844448906976,1.077165011,3.3187679449000007,False,0.9439290555400005,0.1403591787,0.1604255331,0.21503780525,0.8556916635,1.17820829925,1.5569747951,2.627788707049999,7.406234533999999,0.025,5,0.02857142857142857,12,DAYTIME,False,False
2025-09-08T13:00:00+02:00,2025-09-04T23:00:00+02:00,168,86,M1_GBT_CAL_WEATHER,1.0787844448906976,1.075803882,3.3187679449000007,False,0.9734290095350001,0.1393536815,0.15419339140000002,0.18682782175,0.5073712035,1.2249599822500001,2.5479769244999995,2.932047629749996,12.391399732,0.03,6,0.02857142857142857,13,DAYTIME,False,False
2025-09-08T14:00:00+02:00,2025-09-04T23:00:00+02:00,168,87,M1_GBT_CAL_WEATHER,1.2024298083966793,2.474931603,3.3187679449000007,False,0.9567481087449999,0.1368510436,0.143135813,0.1693064495,0.291184629,1.359419486,2.338759493499999,2.7954931173,9.935794505,0.025,5,0.02857142857142857,14,DAYTIME,False,False
2025-09-08T15:00:00+02:00,2025-09-04T23:00:00+02:00,168,88,M1_GBT_CAL_WEATHER,1.6016192428708116,1.073446337,3.3187679449000007,False,0.8362390689200001,0.1404555087,0.1553924776,0.17848078425,0.532878568,1.15414763775,2.1066138872,2.5324219593499997,7.830448915,0.005,1,0.02857142857142857,15,DAYTIME,False,False
2025-09-08T16:00:00+02:00,2025-09-04T23:00:00+02:00,168,89,M1_GBT_CAL_WEATHER,1.4788822149999974,2.473006676,3.3187679449000007,False,1.4333932551000002,0.15074129995,0.1645017966,0.43288433275,1.024185379,2.011990169,3.037824162099999,4.022942935799998,7.788837311,0.09,18,0.11428571428571428,16,RETURN_RAMP,False,False
2025-09-08T17:00:00+02:00,2025-09-04T23:00:00+02:00,168,90,M1_GBT_CAL_WEATHER,1.5561699065354817,3.611822578,3.3187679449000007,True,3.3553445769499994,0.20970009215,0.32948645930000003,0.8591993015,1.756235782,5.001803113499999,8.794397994599995,10.616891451599999,15.444590493,0.305,61,0.22857142857142856,17,RETURN_RAMP,False,False
2025-09-08T18:00:00+02:00,2025-09-04T23:00:00+02:00,168,91,M1_GBT_CAL_WEATHER,2.123812405323412,7.591375735,3.3187679449000007,True,5.008014424245001,0.2061585968,0.7996172119000001,1.2641582147500001,4.069816342999999,8.180832484249999,10.225883055799999,12.122861976199996,15.789834016,0.53,106,0.4,18,RETURN_RAMP,True,True
2025-09-08T19:00:00+02:00,2025-09-04T23:00:00+02:00,168,92,M1_GBT_CAL_WEATHER,2.123812405323412,7.591554931,3.3187679449000007,True,5.351732125265003,0.17230859845,0.2200599866,1.2004769415,4.137427969,8.849550477,11.2984297853,14.275912220499993,19.645297595,0.565,113,0.5142857142857142,19,EVENING,True,True
2025-09-08T20:00:00+02:00,2025-09-04T23:00:00+02:00,168,93,M1_GBT_CAL_WEATHER,1.9078193405089914,10.166290178,3.3187679449000007,True,3.6858324438400016,0.15707145700000003,0.20070530410000004,0.378786912,2.2717128625000003,7.330680665999999,8.909013151699995,10.772187643599997,18.775328854,0.405,81,0.37142857142857144,20,EVENING,True,False
2025-09-08T21:00:00+02:00,2025-09-04T23:00:00+02:00,168,94,M1_GBT_CAL_WEATHER,1.7115535843340783,8.329325808,3.3187679449000007,True,2.4946147267099996,0.2400620605,0.38327810390000006,0.6152914985,1.094814467,3.2213951565000003,7.9410785931,8.633502108849996,14.915662490999999,0.25,50,0.2857142857142857,21,EVENING,False,False
2025-09-08T22:00:00+02:00,2025-09-04T23:00:00+02:00,168,95,M1_GBT_CAL_WEATHER,1.6131975212028413,3.181338907,3.3187679449000007,False,1.3477123188599998,0.25092923229999997,0.3293708524,0.46429905225,0.7165034939999999,1.1107380517499998,3.325143604999999,6.844521147999995,8.627569124999999,0.1,20,0.22857142857142856,22,EVENING,False,False
2025-09-08T23:00:00+02:00,2025-09-04T23:00:00+02:00,168,96,M1_GBT_CAL_WEATHER,1.0366225796554442,0.601501498,3.3187679449000007,False,0.7366003172450002,0.25225127555,0.31013227509999997,0.40779064875,0.5553664195,0.6997546575,1.0878600548,1.2653437977999997,7.927666197000001,0.025,5,0.11428571428571428,23,NIGHT,False,False
2025-09-09T00:00:00+02:00,2025-09-04T23:00:00+02:00,168,97,M1_GBT_CAL_WEATHER,0.9129772161494627,0.602862627,3.3187679449000007,False,0.5965904169699994,0.26470036625000004,0.3001104969,0.38113899700000003,0.48330077250000003,0.60634789875,0.6762132443,0.7910923132499994,12.431111293999999,0.01,2,0,0,NIGHT,False,False
2025-09-09T01:00:00+02:00,2025-09-04T23:00:00+02:00,168,98,M1_GBT_CAL_WEATHER,0.9129772161494627,0.604223755,3.3187679449000007,False,0.5323588871249999,0.26630471065,0.30412075099999997,0.38180499875,0.48016590800000003,0.59606724225,0.652798535,0.67754202675,9.370804862,0.005,1,0,1,NIGHT,False,False
2025-09-09T02:00:00+02:00,2025-09-04T23:00:00+02:00,168,99,M1_GBT_CAL_WEATHER,0.9129772161494627,0.605492126,3.3187679449000007,False,0.550938254725,0.28057237335,0.31031986240000003,0.38390871449999997,0.481691512,0.5976669065,0.6519626259,0.67829134335,12.960725722,0.005,1,0,2,NIGHT,False,False
2025-09-09T03:00:00+02:00,2025-09-04T23:00:00+02:00,168,100,M1_GBT_CAL_WEATHER,0.9129772161494627,0.6065813,3.3187679449000007,False,0.6242110758549995,0.2818751129,0.31140705560000004,0.3850867575,0.4830015775,0.59818848,0.653071324,0.67969919955,15.327618765,0.01,2,0,3,NIGHT,False,False
2025-09-09T04:00:00+02:00,2025-09-04T23:00:00+02:00,168,101,M1_GBT_CAL_WEATHER,0.9129772161494627,0.607417053,3.3187679449000007,False,0.5928653838000001,0.28287474045,0.31224128770000004,0.386015662,0.484006826,0.5992890415000001,0.6539220567999999,0.6806709250999999,15.328769084000001,0.01,2,0,4,NIGHT,False,False
2025-09-09T05:00:00+02:00,2025-09-04T23:00:00+02:00,168,102,M1_GBT_CAL_WEATHER,0.9129772161494627,0.607942429,3.3187679449000007,False,0.5307909699050004,0.28350313165,0.3127657086,0.3865995955,0.484638752,0.5999808835,0.6544568504,0.68120104835,9.001746697,0.005,1,0,5,NIGHT,False,False
2025-09-09T06:00:00+02:00,2025-09-04T23:00:00+02:00,168,103,M1_GBT_CAL_WEATHER,0.9129772161494627,0.608121625,3.3187679449000007,False,0.6848857894999998,0.30816955685,0.3396311318,0.42897066300000003,0.5521869365000001,0.67819747025,1.1396012302999996,1.4671032258999992,6.076458335,0.005,1,0,6,NIGHT,False,False
2025-09-09T07:00:00+02:00,2025-09-04T23:00:00+02:00,168,104,M1_GBT_CAL_WEATHER,0.9129772161494627,1.508722875,3.3187679449000007,False,1.2112528194749996,0.3179263168,0.3866009902,0.510619409,0.7221275145,1.49780859675,2.3006861203,3.1002311090499965,15.661215228000001,0.045,9,0.02857142857142857,7,MORNING,False,False
2025-09-09T08:00:00+02:00,2025-09-04T23:00:00+02:00,168,105,M1_GBT_CAL_WEATHER,0.9129772161494627,0.239472444,3.3187679449000007,False,1.0347483657149992,0.15993179675,0.1711841854,0.26440560350000003,0.870020252,1.2047432635,1.8839161483999998,2.7984419990999974,15.768830251999999,0.025,5,0,8,MORNING,False,False
2025-09-09T09:00:00+02:00,2025-09-04T23:00:00+02:00,168,106,M1_GBT_CAL_WEATHER,0.9129772161494627,0.200353406,3.3187679449000007,False,0.9778602497499997,0.1605400149,0.1732986297,0.7512173019999999,0.9707057845,1.16709728975,1.3204706955,1.3678064446999998,15.859754409,0.01,2,0,9,DAYTIME,False,False
2025-09-09T10:00:00+02:00,2025-09-04T23:00:00+02:00,168,107,M1_GBT_CAL_WEATHER,0.9129772161494627,0.883309282,3.3187679449000007,False,1.048698372115,0.16803904015,0.20548884180000002,0.7563345337499999,0.996820303,1.19137686125,1.3279986166999997,1.3742606428,13.183334616,0.02,4,0,10,DAYTIME,False,False
2025-09-09T11:00:00+02:00,2025-09-04T23:00:00+02:00,168,108,M1_GBT_CAL_WEATHER,0.9129772161494627,1.078526139,3.3187679449000007,False,1.0454509723300003,0.190078702,0.216003025,0.67301118925,0.971691888,1.1706856675000001,1.3379487554,1.3937904948999997,8.457085944,0.025,5,0,11,DAYTIME,False,False
2025-09-09T12:00:00+02:00,2025-09-04T23:00:00+02:00,168,109,M1_GBT_CAL_WEATHER,0.9129772161494627,1.077165011,3.3187679449000007,False,0.8855332308550007,0.15552959805,0.1788950965,0.21945013200000002,0.8912506330000001,1.1543126002500002,1.3365186376999998,1.4198880580499984,8.240087471999999,0.02,4,0.02857142857142857,12,DAYTIME,False,False
2025-09-09T13:00:00+02:00,2025-09-04T23:00:00+02:00,168,110,M1_GBT_CAL_WEATHER,0.9129772161494627,1.075803882,3.3187679449000007,False,0.718044635435,0.14191909745,0.1591311752,0.195102748,0.7037457094999999,1.0695489817500001,1.2787553737999997,1.3806730595999999,4.786845081,0.02,4,0.02857142857142857,13,DAYTIME,False,False
2025-09-09T14:00:00+02:00,2025-09-04T23:00:00+02:00,168,111,M1_GBT_CAL_WEATHER,1.0366225796554442,1.074535512,3.3187679449000007,False,0.5916842516650002,0.13669032745,0.14409813970000002,0.1667261135,0.219333174,1.00629550175,1.2759423831,1.3444853163999997,5.27378005,0.015,3,0.02857142857142857,14,DAYTIME,False,False
2025-09-09T15:00:00+02:00,2025-09-04T23:00:00+02:00,168,112,M1_GBT_CAL_WEATHER,1.237267543953224,1.073446337,3.3187679449000007,False,0.5951506755700005,0.13620582315,0.1432071419,0.176226491,0.262545234,0.995900294,1.2413231401999998,1.3330253986999996,5.272528959,0.005,1,0.02857142857142857,15,DAYTIME,False,False
2025-09-09T16:00:00+02:00,2025-09-04T23:00:00+02:00,168,113,M1_GBT_CAL_WEATHER,1.3599041503605678,1.072610585,3.3187679449000007,False,0.9712823564700004,0.14123306970000002,0.1574676913,0.2040526875,0.830236236,1.16423814025,1.3970623760999998,3.325757705549995,6.682139915,0.05,10,0.11428571428571428,16,RETURN_RAMP,False,False
2025-09-09T17:00:00+02:00,2025-09-04T23:00:00+02:00,168,114,M1_GBT_CAL_WEATHER,1.6325771069075417,6.162329131,3.3187679449000007,True,2.611132702145001,0.18439090475,0.24339466900000006,0.7107958305,1.0991513519999998,3.67211531375,7.789251963299999,8.481033124199998,16.067788669,0.26,52,0.22857142857142856,17,RETURN_RAMP,False,False
2025-09-09T18:00:00+02:00,2025-09-04T23:00:00+02:00,168,115,M1_GBT_CAL_WEATHER,2.7596618590093813,7.591375735,3.3187679449000007,True,4.721124942899999,0.17837440095,0.21352305910000002,1.04225324825,3.801108043,7.92239707625,9.3562456939,12.655598601649983,16.036911929,0.52,104,0.4,18,RETURN_RAMP,True,True
2025-09-09T19:00:00+02:00,2025-09-04T23:00:00+02:00,168,116,M1_GBT_CAL_WEATHER,2.7596618590093813,1.468529927,3.3187679449000007,False,5.068036942864998,0.18483544765,0.21577024330000003,1.173394959,3.685356477,8.297188405,10.452274249299998,13.167975641599986,20.275422149,0.52,104,0.5142857142857142,19,EVENING,True,True
2025-09-09T20:00:00+02:00,2025-09-04T23:00:00+02:00,168,117,M1_GBT_CAL_WEATHER,1.9842265408810513,7.709768969,3.3187679449000007,True,3.9199130912649993,0.17330320125,0.2062026193,0.61734895475,2.0744832805,6.60777425525,9.2074760214,11.564176815649997,22.644593127,0.4,80,0.37142857142857144,20,EVENING,True,False
2025-09-09T21:00:00+02:00,2025-09-04T23:00:00+02:00,168,118,M1_GBT_CAL_WEATHER,1.7115535843340783,5.445574179,3.3187679449000007,True,2.6897340799049987,0.25862785155,0.41536989220000003,0.63388273675,1.0632526725,3.4575647920000003,7.9673267354,8.881324704099999,19.800441379000002,0.255,51,0.2857142857142857,21,EVENING,False,False
2025-09-09T22:00:00+02:00,2025-09-04T23:00:00+02:00,168,119,M1_GBT_CAL_WEATHER,1.6131975212028413,0.760897025,3.3187679449000007,False,1.4062365699349997,0.25970298465,0.38664522900000003,0.50376981675,0.715839914,1.01059005475,2.2270203261999972,7.8013014538,16.024021042999998,0.09,18,0.22857142857142856,22,EVENING,False,False
2025-09-09T23:00:00+02:00,2025-09-04T23:00:00+02:00,168,120,M1_GBT_CAL_WEATHER,1.0366225796554442,0.601501498,3.3187679449000007,False,0.7814924306700002,0.26104480950000003,0.3175334388,0.42598770175,0.545893279,0.6766847767499999,1.1559243119999998,1.3158486075499993,10.393503968000001,0.025,5,0.11428571428571428,23,NIGHT,False,False
2025-09-10T00:00:00+02:00,2025-09-04T23:00:00+02:00,168,121,M1_GBT_CAL_WEATHER,0.9129772161494627,0.602862627,3.3187679449000007,False,0.560810731215,0.2623807798,0.3087706644,0.39223731875,0.4997892975,0.6098149415,0.6670935688,0.7050771923999999,7.849275493,0.01,2,0,0,NIGHT,False,False
2025-09-10T01:00:00+02:00,2025-09-04T23:00:00+02:00,168,122,M1_GBT_CAL_WEATHER,0.9129772161494627,0.604223755,3.3187679449000007,False,0.5188246267100002,0.26371674915000004,0.3105810075,0.3852120635,0.4836951145,0.5950441475,0.6506715206,0.67552491385,7.8509005720000005,0.005,1,0,1,NIGHT,False,False
2025-09-10T02:00:00+02:00,2025-09-04T23:00:00+02:00,168,123,M1_GBT_CAL_WEATHER,0.9129772161494627,0.605492126,3.3187679449000007,False,0.48436292189499985,0.2649616744,0.3122679786,0.38658581325,0.48529507650000003,0.5967517145,0.6519626259,0.6700408691499999,0.708000194,0.0,0,0,2,NIGHT,False,False
2025-09-10T03:00:00+02:00,2025-09-04T23:00:00+02:00,168,124,M1_GBT_CAL_WEATHER,0.9129772161494627,0.6065813,3.3187679449000007,False,0.6240101346399994,0.26603071655000005,0.31371661380000004,0.3898408445,0.49030452599999996,0.60832865075,0.6684045086999999,2.080724189749993,4.138484959,0.02,4,0,3,NIGHT,False,False
2025-09-10T04:00:00+02:00,2025-09-04T23:00:00+02:00,168,125,M1_GBT_CAL_WEATHER,0.9129772161494627,0.607417053,3.3187679449000007,False,0.7127525730499998,0.2785827283,0.3194864844,0.39540464,0.4980911655,0.61654942475,0.6882792013,3.1650047514499984,3.8545098269999998,0.04,8,0,4,NIGHT,False,False
2025-09-10T05:00:00+02:00,2025-09-04T23:00:00+02:00,168,126,M1_GBT_CAL_WEATHER,0.9129772161494627,0.607942429,3.3187679449000007,False,0.8534679166399998,0.27926590315,0.3209036038,0.40031767775,0.5036695335,0.637550093,2.6315525239,3.6556661988999997,4.387533737,0.07,14,0,5,NIGHT,False,False
2025-09-10T06:00:00+02:00,2025-09-04T23:00:00+02:00,168,127,M1_GBT_CAL_WEATHER,0.9129772161494627,0.608121625,3.3187679449000007,False,1.2916553396149997,0.30781794960000003,0.34805410290000005,0.48217391725,0.6534953459999999,1.46804901075,3.3603269253,3.90024947725,9.767298281999999,0.11,22,0,6,NIGHT,False,False
2025-09-10T07:00:00+02:00,2025-09-04T23:00:00+02:00,168,128,M1_GBT_CAL_WEATHER,0.9129772161494627,2.335270682,3.3187679449000007,False,1.65824218304,0.33904040275,0.40898158710000004,0.6115934885,1.196393896,2.14649387125,3.7529834236999995,4.622632093299998,11.846742586,0.155,31,0.02857142857142857,7,MORNING,False,False
2025-09-10T08:00:00+02:00,2025-09-04T23:00:00+02:00,168,129,M1_GBT_CAL_WEATHER,0.9129772161494627,1.706464695,3.3187679449000007,False,1.8125869805950012,0.16964907085,0.19731883090000002,0.8040853965,1.251347946,2.94791912775,4.078974952,4.571337027199999,6.501096582000001,0.205,41,0,8,MORNING,False,False
2025-09-10T09:00:00+02:00,2025-09-04T23:00:00+02:00,168,130,M1_GBT_CAL_WEATHER,0.9313885665226805,0.883428202,3.3187679449000007,False,1.106616714815,0.1655881799,0.1832171913,0.826799828,1.038202271,1.2548056810000001,1.3757162730999999,3.0020773035999992,5.170844923,0.04,8,0,9,DAYTIME,False,False
2025-09-10T10:00:00+02:00,2025-09-04T23:00:00+02:00,168,131,M1_GBT_CAL_WEATHER,0.9129772161494627,1.07979451,3.3187679449000007,False,1.1236232025700006,0.16730781675,0.2267545064,0.77722694675,1.025851382,1.2429590527499998,1.3786022118,2.638208636699998,12.248618941,0.03,6,0,10,DAYTIME,False,False
2025-09-10T11:00:00+02:00,2025-09-04T23:00:00+02:00,168,132,M1_GBT_CAL_WEATHER,0.9129772161494627,1.078526139,3.3187679449000007,False,1.0671666373399997,0.1696009114,0.22042292430000002,0.6246483295,0.9203672875,1.17239877475,1.3051254438,1.6665116070499895,15.050495532,0.03,6,0,11,DAYTIME,False,False
2025-09-10T12:00:00+02:00,2025-09-04T23:00:00+02:00,168,133,M1_GBT_CAL_WEATHER,0.8614853974415669,1.077165011,3.3187679449000007,False,0.9897332122549993,0.1554160906,0.1699729507,0.21632793225,0.850437466,1.1544256095,1.3317873419,2.0537609430499946,17.881008894,0.03,6,0.02857142857142857,12,DAYTIME,False,False
2025-09-10T13:00:00+02:00,2025-09-04T23:00:00+02:00,168,134,M1_GBT_CAL_WEATHER,0.8614853974415669,1.075803882,3.3187679449000007,False,0.8137882099549995,0.13802558555,0.1474606458,0.18708298525,0.427552396,1.0489285127499999,1.2646109743,1.47957570145,14.182340966,0.03,6,0.02857142857142857,13,DAYTIME,False,False
2025-09-10T14:00:00+02:00,2025-09-04T23:00:00+02:00,168,135,M1_GBT_CAL_WEATHER,1.0766404624649106,1.074535512,3.3187679449000007,False,0.6488223156050001,0.1315133491,0.1412040842,0.165212454,0.20832668999999998,0.955237557,1.2525645122,1.3431879708999996,14.041617561,0.015,3,0.02857142857142857,14,DAYTIME,False,False
2025-09-10T15:00:00+02:00,2025-09-04T23:00:00+02:00,168,136,M1_GBT_CAL_WEATHER,1.570885982047467,1.073446337,3.3187679449000007,False,0.646179804945,0.1394033193,0.1515131086,0.178304364,0.2994565475,0.90427734125,1.1846517096,1.2742158579499991,14.932265126,0.01,2,0.02857142857142857,15,DAYTIME,False,False
2025-09-10T16:00:00+02:00,2025-09-04T23:00:00+02:00,168,137,M1_GBT_CAL_WEATHER,2.5391087829768186,0.381705213,3.3187679449000007,False,1.10725482864,0.13900160655,0.1631012786,0.20606014875,0.8531280815,1.156445795,2.0263048411999995,4.0258640420499905,15.203729458,0.07,14,0.11428571428571428,16,RETURN_RAMP,False,False
2025-09-10T17:00:00+02:00,2025-09-04T23:00:00+02:00,168,138,M1_GBT_CAL_WEATHER,2.896552812677161,0.482099752,3.3187679449000007,False,3.1178776533099994,0.20329708975,0.3872429324000001,0.865456557,1.3363023804999998,4.4015731119999995,8.1366998949,10.297809192099992,15.954217999,0.305,61,0.22857142857142856,17,RETURN_RAMP,False,False
2025-09-10T18:00:00+02:00,2025-09-04T23:00:00+02:00,168,139,M1_GBT_CAL_WEATHER,2.9862251337230172,10.634458504,3.3187679449000007,True,5.486037879619999,0.20299905405000002,0.7820753889,1.560179071,3.780856868,8.64772363875,13.261630237399999,15.57885990235,18.00180943,0.535,107,0.4,18,RETURN_RAMP,True,True
2025-09-10T19:00:00+02:00,2025-09-04T23:00:00+02:00,168,140,M1_GBT_CAL_WEATHER,2.9862251337230172,10.82476136,3.3187679449000007,True,6.347741250225002,0.31474199020000015,0.8360167799000002,2.588743769,5.081672036,9.57302420825,12.5088724247,15.998890892899995,19.249464823,0.65,130,0.5142857142857142,19,EVENING,True,True
2025-09-10T20:00:00+02:00,2025-09-04T23:00:00+02:00,168,141,M1_GBT_CAL_WEATHER,2.141708801054012,9.280969433,3.3187679449000007,True,4.611417470850001,0.185094318,0.3073583609000001,1.37787639,3.2665891179999997,7.602114902,9.865814906,11.202866230899993,21.423637292000002,0.495,99,0.37142857142857144,20,EVENING,True,False
2025-09-10T21:00:00+02:00,2025-09-04T23:00:00+02:00,168,142,M1_GBT_CAL_WEATHER,1.9941624561536082,8.536351001,3.3187679449000007,True,2.8876364875399996,0.30902012945,0.4080915094,0.63185119875,1.3333837915000002,3.9751518965,8.0561382919,8.8541755735,15.595553278,0.28,56,0.2857142857142857,21,EVENING,False,False
2025-09-10T22:00:00+02:00,2025-09-04T23:00:00+02:00,168,143,M1_GBT_CAL_WEATHER,1.8585711554809996,3.178221878,3.3187679449000007,False,1.5169857327550003,0.2999606444,0.3590914324,0.49112968475,0.6817145065,1.097726394,3.856998142199997,8.0229426161,15.851980165,0.12,24,0.22857142857142856,22,EVENING,False,False
2025-09-10T23:00:00+02:00,2025-09-04T23:00:00+02:00,168,144,M1_GBT_CAL_WEATHER,1.0366225796554442,0.601501498,3.3187679449000007,False,0.7503459155700003,0.2757992639,0.3153168184,0.4190588665,0.533419709,0.6818698525,1.1957499415000001,1.465701668849999,7.378981879,0.015,3,0.11428571428571428,23,NIGHT,False,False
2025-09-11T00:00:00+02:00,2025-09-04T23:00:00+02:00,168,145,M1_GBT_CAL_WEATHER,0.8634841206830032,0.602862627,3.3187679449000007,False,0.49915254023000005,0.27742728265,0.3078817022,0.39132132025,0.4845618355,0.6063553485,0.6635283847,0.7017373864999983,1.066546955,0.0,0,0,0,NIGHT,False,False
2025-09-11T01:00:00+02:00,2025-09-04T23:00:00+02:00,168,146,M1_GBT_CAL_WEATHER,0.9313885665226805,0.604223755,3.3187679449000007,False,0.47713471450000017,0.27905530144999996,0.3092762134,0.38257270849999997,0.4787980125,0.58860625025,0.6480599723999999,0.663987467,0.698351748,0.0,0,0,1,NIGHT,False,False
2025-09-11T02:00:00+02:00,2025-09-04T23:00:00+02:00,168,147,M1_GBT_CAL_WEATHER,0.9313885665226805,0.605492126,3.3187679449000007,False,0.4806241500349998,0.28057237335,0.3122679786,0.3852526605,0.481691512,0.5919575125000001,0.6511974301,0.6662559746,0.702894272,0.0,0,0,2,NIGHT,False,False
2025-09-11T03:00:00+02:00,2025-09-04T23:00:00+02:00,168,148,M1_GBT_CAL_WEATHER,0.9313885665226805,0.6065813,3.3187679449000007,False,0.48191437841499973,0.2818751129,0.31371661380000004,0.38649830725,0.4830015775,0.5931492190000001,0.6523443012,0.6674900074499999,0.703975019,0.0,0,0,3,NIGHT,False,False
2025-09-11T04:00:00+02:00,2025-09-04T23:00:00+02:00,168,149,M1_GBT_CAL_WEATHER,0.9313885665226805,0.607417053,3.3187679449000007,False,0.5513366931800003,0.2981880863,0.3202192715,0.391991314,0.4878395175,0.599986334,0.6580091371,0.68084417825,5.26759821,0.01,2,0,4,NIGHT,False,False
2025-09-11T05:00:00+02:00,2025-09-04T23:00:00+02:00,168,150,M1_GBT_CAL_WEATHER,0.9313885665226805,0.607942429,3.3187679449000007,False,0.7686326857649997,0.30077799725000004,0.3240128586,0.40699742475,0.49310686449999996,0.6200675885,0.683387599,2.883225457249998,15.325735301,0.025,5,0,5,NIGHT,False,False
2025-09-11T06:00:00+02:00,2025-09-04T23:00:00+02:00,168,151,M1_GBT_CAL_WEATHER,0.9129772161494627,2.335449878,3.3187679449000007,False,1.38934273642,0.32374141865,0.3662153731,0.45585216949999996,0.6155055105,1.66380912225,3.6421392486,4.12782070005,12.960067179000001,0.145,29,0,6,NIGHT,False,False
2025-09-11T07:00:00+02:00,2025-09-04T23:00:00+02:00,168,152,M1_GBT_CAL_WEATHER,0.9129772161494627,2.335270682,3.3187679449000007,False,1.8221189473600001,0.34519048360000004,0.40815379360000004,0.5546292525000001,1.302567793,2.6812551934999997,3.9404379419999995,4.626773942049998,12.492697911999999,0.18,36,0.02857142857142857,7,MORNING,False,False
2025-09-11T08:00:00+02:00,2025-09-04T23:00:00+02:00,168,153,M1_GBT_CAL_WEATHER,0.9129772161494627,0.377008996,3.3187679449000007,False,1.3690400142799992,0.14684751675,0.1734445956,0.3725350975,1.0091360090000001,1.613484037,3.4219067579999995,4.073970397799992,7.61139711,0.115,23,0,8,MORNING,False,False
2025-09-11T09:00:00+02:00,2025-09-04T23:00:00+02:00,168,154,M1_GBT_CAL_WEATHER,0.9129772161494627,1.080883684,3.3187679449000007,False,1.1012462165000003,0.1628818543,0.1853398389,0.75457247175,1.012640489,1.24815955825,1.3826890635999998,3.065546004699997,8.086283449,0.04,8,0,9,DAYTIME,False,False
2025-09-11T10:00:00+02:00,2025-09-04T23:00:00+02:00,168,155,M1_GBT_CAL_WEATHER,0.9129772161494627,1.07979451,3.3187679449000007,False,1.0439176632850005,0.16802960690000002,0.20898487770000002,0.7764698355,0.9827450984999999,1.22633158125,1.3500512457,1.8350091055999835,5.045486893,0.03,6,0,10,DAYTIME,False,False
2025-09-11T11:00:00+02:00,2025-09-04T23:00:00+02:00,168,156,M1_GBT_CAL_WEATHER,0.9129772161494627,1.078526139,3.3187679449000007,False,1.0240547719600002,0.17328682565,0.2208060404,0.6784815935,0.984123965,1.19782440475,1.3486599471999998,1.8615984938499925,5.721638789,0.035,7,0,11,DAYTIME,False,False
2025-09-11T12:00:00+02:00,2025-09-04T23:00:00+02:00,168,157,M1_GBT_CAL_WEATHER,0.9129772161494627,1.077165011,3.3187679449000007,False,0.9136333743649999,0.15273110655,0.1700798664,0.25851363774999997,0.8989721785,1.1500248852500001,1.3336438360999998,1.8988192767999956,5.019569465,0.03,6,0.02857142857142857,12,DAYTIME,False,False
2025-09-11T13:00:00+02:00,2025-09-04T23:00:00+02:00,168,158,M1_GBT_CAL_WEATHER,0.9293898432812443,0.899551169,3.3187679449000007,False,0.7855375968300001,0.1423996954,0.15453245510000002,0.1827434565,0.7546657139999999,1.087947926,1.3236680409,1.7342015545499985,5.663048121,0.03,6,0.02857142857142857,13,DAYTIME,False,False
2025-09-11T14:00:00+02:00,2025-09-04T23:00:00+02:00,168,159,M1_GBT_CAL_WEATHER,1.0366225796554442,0.194005234,3.3187679449000007,False,0.6430670960199998,0.13671256780000002,0.14908610390000002,0.1685502215,0.2180904085,0.9816855419999999,1.2230545779,1.38779234015,5.9064745180000005,0.02,4,0.02857142857142857,14,DAYTIME,False,False
2025-09-11T15:00:00+02:00,2025-09-04T23:00:00+02:00,168,160,M1_GBT_CAL_WEATHER,1.482641178231382,0.192916059,3.3187679449000007,False,0.6194046244400001,0.13976726365,0.14978785760000002,0.1888553815,0.407925419,0.93596512025,1.1264847567,1.2724595251499997,5.0070429370000005,0.015,3,0.02857142857142857,15,DAYTIME,False,False
2025-09-11T16:00:00+02:00,2025-09-04T23:00:00+02:00,168,161,M1_GBT_CAL_WEATHER,1.3599041503605678,0.356400788,3.3187679449000007,False,1.1331550313400003,0.13879028524999998,0.1600701471,0.27646833525,0.893347041,1.19367416175,2.411822097699999,4.265408220949996,6.361576857,0.08,16,0.11428571428571428,16,RETURN_RAMP,False,False
2025-09-11T17:00:00+02:00,2025-09-04T23:00:00+02:00,168,162,M1_GBT_CAL_WEATHER,1.6325771069075417,1.072085209,3.3187679449000007,False,2.9292419355999995,0.1633701802,0.21125099420000001,0.75226862475,1.1421452545,5.18535251825,8.2784175343,8.604765906999999,14.90852364,0.31,62,0.22857142857142856,17,RETURN_RAMP,False,False
2025-09-11T18:00:00+02:00,2025-09-04T23:00:00+02:00,168,163,M1_GBT_CAL_WEATHER,2.7596618590093813,5.554714091,3.3187679449000007,True,4.412241233525,0.15927864255000002,0.20515918640000003,1.0020912895,3.3701037305000003,6.97331108075,9.605177836,12.618969835699998,16.166424604,0.5,100,0.4,18,RETURN_RAMP,True,True
2025-09-11T19:00:00+02:00,2025-09-04T23:00:00+02:00,168,164,M1_GBT_CAL_WEATHER,3.11017517666859,14.736769083,3.3187679449000007,True,5.140503449954997,0.15959347675000002,0.20608903160000003,0.82212987675,3.3960960125,8.45814651325,11.414658471799994,15.0950479762,22.187817981000002,0.505,101,0.5142857142857142,19,EVENING,True,True
2025-09-11T20:00:00+02:00,2025-09-04T23:00:00+02:00,168,165,M1_GBT_CAL_WEATHER,2.3347398585402597,6.470507673,3.3187679449000007,True,3.9457815168600003,0.1738485088,0.21482173870000001,0.58699789775,2.3613781795,6.7338086235,9.573388205999999,11.016827255299999,20.475694798,0.405,81,0.37142857142857144,20,EVENING,True,False
2025-09-11T21:00:00+02:00,2025-09-04T23:00:00+02:00,168,166,M1_GBT_CAL_WEATHER,2.0620669019932856,0.599143953,3.3187679449000007,False,2.48817985956,0.25247660829999996,0.41659286440000004,0.5951360622499999,1.1898637074999998,2.92083716575,7.262131110099999,8.168442293899998,18.212758999,0.245,49,0.2857142857142857,21,EVENING,False,False
2025-09-11T22:00:00+02:00,2025-09-04T23:00:00+02:00,168,167,M1_GBT_CAL_WEATHER,1.8585711554809996,0.609696313,3.3187679449000007,False,1.1984525621399995,0.2565632176,0.3669224128,0.47665649025,0.6540649265,1.0325746439999999,1.9923152636999992,6.000802876299997,9.496395513,0.075,15,0.22857142857142856,22,EVENING,False,False
2025-09-11T23:00:00+02:00,2025-09-04T23:00:00+02:00,168,168,M1_GBT_CAL_WEATHER,1.0366225796554442,0.607866082,3.3187679449000007,False,0.6515788224049999,0.25503262635,0.32756456120000005,0.4196008665,0.5476555715,0.6799792215,1.0517136901999997,1.22409215105,6.529932563999999,0.01,2,0.11428571428571428,23,NIGHT,False,False
2025-09-08T00:00:00+02:00,2025-09-07T23:00:00+02:00,168,1,M1_GBT_CAL_WEATHER,0.9776307403530641,0.602862627,3.112946172899999,False,0.6818881765900001,0.27295378655,0.3046981474,0.3894762025,0.5205563945,0.646639677,1.5062194807999996,2.257750967399998,2.992242086,0.0,0,0,0,NIGHT,False,False
2025-09-08T01:00:00+02:00,2025-09-07T23:00:00+02:00,168,2,M1_GBT_CAL_WEATHER,0.9776307403530641,0.604223755,3.112946172899999,False,0.5890387298949998,0.27997072980000004,0.3092762134,0.3721573255,0.48068291350000003,0.5963093245,0.6612860959,0.6985159463499999,8.94877736,0.005,1,0,1,NIGHT,False,False
2025-09-08T02:00:00+02:00,2025-09-07T23:00:00+02:00,168,3,M1_GBT_CAL_WEATHER,0.9776307403530641,0.605492126,3.112946172899999,False,0.6256336172649997,0.29500353785,0.3148955392,0.38387618625,0.484266718,0.59904505425,0.6652415521999999,0.700050428,9.18807232,0.01,2,0,2,NIGHT,False,False
2025-09-08T03:00:00+02:00,2025-09-07T23:00:00+02:00,168,4,M1_GBT_CAL_WEATHER,0.9616624698281938,0.6065813,3.112946172899999,False,0.6631169777199992,0.29987334285,0.3206350326,0.3898408445,0.4890222955,0.6059275042500001,0.6671398322,0.7086000233999985,11.960278262,0.015,3,0,3,NIGHT,False,False
2025-09-08T04:00:00+02:00,2025-09-07T23:00:00+02:00,168,5,M1_GBT_CAL_WEATHER,0.9616624698281938,0.607417053,3.112946172899999,False,0.7811489268349996,0.3027941873,0.3233875349,0.39963491025,0.495691231,0.60929800525,0.6793985778,1.8423486047999973,15.656133919,0.025,5,0,4,NIGHT,False,False
2025-09-08T05:00:00+02:00,2025-09-07T23:00:00+02:00,168,6,M1_GBT_CAL_WEATHER,0.9616624698281938,0.607942429,3.112946172899999,False,0.7432001080499994,0.3055949844,0.3257827905,0.39784793350000003,0.5012977395,0.6115275515,0.6732418505,1.8235544149999972,10.248997602,0.025,5,0,5,NIGHT,False,False
2025-09-08T06:00:00+02:00,2025-09-07T23:00:00+02:00,168,7,M1_GBT_CAL_WEATHER,0.9616624698281938,0.608121625,3.112946172899999,False,1.0045358497499997,0.32039242735,0.3433815754,0.4348191335,0.5981926925,1.11023341925,1.8446507779999999,2.777223973649998,13.116407779000001,0.03,6,0,6,NIGHT,False,False
2025-09-08T07:00:00+02:00,2025-09-07T23:00:00+02:00,168,8,M1_GBT_CAL_WEATHER,0.9616624698281938,0.607942429,3.112946172899999,False,1.3388333285249996,0.33178435155,0.3927129479,0.532675147,0.9624880925,1.6832773005,2.6295574439999996,3.3531553771999976,12.057533193,0.065,13,0.05263157894736842,7,MORNING,False,False
2025-09-08T08:00:00+02:00,2025-09-07T23:00:00+02:00,168,9,M1_GBT_CAL_WEATHER,0.9616624698281938,0.201189159,3.112946172899999,False,1.0661253395899992,0.1729177378,0.21220524429999998,0.52852378175,0.9489825445000001,1.24968610325,2.090266580099999,2.6985610963999993,6.713359292000001,0.035,7,0,8,MORNING,False,False
2025-09-08T09:00:00+02:00,2025-09-07T23:00:00+02:00,168,10,M1_GBT_CAL_WEATHER,0.9616624698281938,0.200353406,3.112946172899999,False,0.9856109537950003,0.18827644335,0.232032388,0.8282196767500001,1.0318678170000002,1.2261751595,1.3392092774,1.3763358797999996,3.715086527,0.005,1,0,9,DAYTIME,False,False
2025-09-08T10:00:00+02:00,2025-09-07T23:00:00+02:00,168,11,M1_GBT_CAL_WEATHER,0.9774997005491325,0.199264232,3.112946172899999,False,1.07808027127,0.2307835997,0.5159737059,0.8436659697500001,1.0367001625,1.2247831369999997,1.3344747889,1.39550539395,8.189526659,0.02,4,0,10,DAYTIME,False,False
2025-09-08T11:00:00+02:00,2025-09-07T23:00:00+02:00,168,12,M1_GBT_CAL_WEATHER,1.08627158653887,0.913093732,3.112946172899999,False,1.0980748764,0.1719497594,0.2102457588,0.7672707672500001,1.005408687,1.2484476655,1.3730375977000002,2.8270509331499984,7.584450234,0.045,9,0,11,DAYTIME,False,False
2025-09-08T12:00:00+02:00,2025-09-07T23:00:00+02:00,168,13,M1_GBT_CAL_WEATHER,1.08627158653887,1.077165011,3.112946172899999,False,0.9439290555400005,0.1403591787,0.1604255331,0.21503780525,0.8556916635,1.17820829925,1.5569747951,2.627788707049999,7.406234533999999,0.035,7,0.02631578947368421,12,DAYTIME,False,False
2025-09-08T13:00:00+02:00,2025-09-07T23:00:00+02:00,168,14,M1_GBT_CAL_WEATHER,1.08627158653887,1.075803882,3.112946172899999,False,0.9734290095350001,0.1393536815,0.15419339140000002,0.18682782175,0.5073712035,1.2249599822500001,2.5479769244999995,2.932047629749996,12.391399732,0.05,10,0.02631578947368421,13,DAYTIME,False,False
2025-09-08T14:00:00+02:00,2025-09-07T23:00:00+02:00,168,15,M1_GBT_CAL_WEATHER,1.1903535381499093,2.474931603,3.112946172899999,False,0.9567481087449999,0.1368510436,0.143135813,0.1693064495,0.291184629,1.359419486,2.338759493499999,2.7954931173,9.935794505,0.04,8,0.02631578947368421,14,DAYTIME,False,False
2025-09-08T15:00:00+02:00,2025-09-07T23:00:00+02:00,168,16,M1_GBT_CAL_WEATHER,1.5278518432303805,1.073446337,3.112946172899999,False,0.8362390689200001,0.1404555087,0.1553924776,0.17848078425,0.532878568,1.15414763775,2.1066138872,2.5324219593499997,7.830448915,0.005,1,0.02631578947368421,15,DAYTIME,False,False
2025-09-08T16:00:00+02:00,2025-09-07T23:00:00+02:00,168,17,M1_GBT_CAL_WEATHER,1.4568722525151965,2.473006676,3.112946172899999,False,1.4333932551000002,0.15074129995,0.1645017966,0.43288433275,1.024185379,2.011990169,3.037824162099999,4.022942935799998,7.788837311,0.1,20,0.10526315789473684,16,RETURN_RAMP,False,False
2025-09-08T17:00:00+02:00,2025-09-07T23:00:00+02:00,168,18,M1_GBT_CAL_WEATHER,1.5537419536257255,3.611822578,3.112946172899999,True,3.3553445769499994,0.20970009215,0.32948645930000003,0.8591993015,1.756235782,5.001803113499999,8.794397994599995,10.616891451599999,15.444590493,0.32,64,0.23684210526315788,17,RETURN_RAMP,False,False
2025-09-08T18:00:00+02:00,2025-09-07T23:00:00+02:00,168,19,M1_GBT_CAL_WEATHER,2.0174510105275165,7.591375735,3.112946172899999,True,5.008014424245001,0.2061585968,0.7996172119000001,1.2641582147500001,4.069816342999999,8.180832484249999,10.225883055799999,12.122861976199996,15.789834016,0.545,109,0.3684210526315789,18,RETURN_RAMP,True,True
2025-09-08T19:00:00+02:00,2025-09-07T23:00:00+02:00,168,20,M1_GBT_CAL_WEATHER,2.0174510105275165,7.591554931,3.112946172899999,True,5.351732125265003,0.17230859845,0.2200599866,1.2004769415,4.137427969,8.849550477,11.2984297853,14.275912220499993,19.645297595,0.57,114,0.5263157894736842,19,EVENING,True,True
2025-09-08T20:00:00+02:00,2025-09-07T23:00:00+02:00,168,21,M1_GBT_CAL_WEATHER,1.8081031275235955,10.166290178,3.112946172899999,True,3.6858324438400016,0.15707145700000003,0.20070530410000004,0.378786912,2.2717128625000003,7.330680665999999,8.909013151699995,10.772187643599997,18.775328854,0.41,82,0.39473684210526316,20,EVENING,True,True
2025-09-08T21:00:00+02:00,2025-09-07T23:00:00+02:00,168,22,M1_GBT_CAL_WEATHER,1.6930422925334367,8.329325808,3.112946172899999,True,2.4946147267099996,0.2400620605,0.38327810390000006,0.6152914985,1.094814467,3.2213951565000003,7.9410785931,8.633502108849996,14.915662490999999,0.255,51,0.3157894736842105,21,EVENING,False,False
2025-09-08T22:00:00+02:00,2025-09-07T23:00:00+02:00,168,23,M1_GBT_CAL_WEATHER,1.6335367672233423,3.181338907,3.112946172899999,True,1.3477123188599998,0.25092923229999997,0.3293708524,0.46429905225,0.7165034939999999,1.1107380517499998,3.325143604999999,6.844521147999995,8.627569124999999,0.12,24,0.21052631578947367,22,EVENING,False,False
2025-09-08T23:00:00+02:00,2025-09-07T23:00:00+02:00,168,24,M1_GBT_CAL_WEATHER,1.0817126919641034,0.601501498,3.112946172899999,False,0.7366003172450002,0.25225127555,0.31013227509999997,0.40779064875,0.5553664195,0.6997546575,1.0878600548,1.2653437977999997,7.927666197000001,0.025,5,0.10526315789473684,23,NIGHT,False,False
2025-09-09T00:00:00+02:00,2025-09-07T23:00:00+02:00,168,25,M1_GBT_CAL_WEATHER,0.9776307403530641,0.602862627,3.112946172899999,False,0.5965904169699994,0.26470036625000004,0.3001104969,0.38113899700000003,0.48330077250000003,0.60634789875,0.6762132443,0.7910923132499994,12.431111293999999,0.01,2,0,0,NIGHT,False,False
2025-09-09T01:00:00+02:00,2025-09-07T23:00:00+02:00,168,26,M1_GBT_CAL_WEATHER,0.9776307403530641,0.604223755,3.112946172899999,False,0.5323588871249999,0.26630471065,0.30412075099999997,0.38180499875,0.48016590800000003,0.59606724225,0.652798535,0.67754202675,9.370804862,0.005,1,0,1,NIGHT,False,False
2025-09-09T02:00:00+02:00,2025-09-07T23:00:00+02:00,168,27,M1_GBT_CAL_WEATHER,0.9776307403530641,0.605492126,3.112946172899999,False,0.550938254725,0.28057237335,0.31031986240000003,0.38390871449999997,0.481691512,0.5976669065,0.6519626259,0.67829134335,12.960725722,0.005,1,0,2,NIGHT,False,False
2025-09-09T03:00:00+02:00,2025-09-07T23:00:00+02:00,168,28,M1_GBT_CAL_WEATHER,0.9616624698281938,0.6065813,3.112946172899999,False,0.6242110758549995,0.2818751129,0.31140705560000004,0.3850867575,0.4830015775,0.59818848,0.653071324,0.67969919955,15.327618765,0.01,2,0,3,NIGHT,False,False
2025-09-09T04:00:00+02:00,2025-09-07T23:00:00+02:00,168,29,M1_GBT_CAL_WEATHER,0.9616624698281938,0.607417053,3.112946172899999,False,0.5928653838000001,0.28287474045,0.31224128770000004,0.386015662,0.484006826,0.5992890415000001,0.6539220567999999,0.6806709250999999,15.328769084000001,0.01,2,0,4,NIGHT,False,False
2025-09-09T05:00:00+02:00,2025-09-07T23:00:00+02:00,168,30,M1_GBT_CAL_WEATHER,0.9616624698281938,0.607942429,3.112946172899999,False,0.5307909699050004,0.28350313165,0.3127657086,0.3865995955,0.484638752,0.5999808835,0.6544568504,0.68120104835,9.001746697,0.005,1,0,5,NIGHT,False,False
2025-09-09T06:00:00+02:00,2025-09-07T23:00:00+02:00,168,31,M1_GBT_CAL_WEATHER,0.9616624698281938,0.608121625,3.112946172899999,False,0.6848857894999998,0.30816955685,0.3396311318,0.42897066300000003,0.5521869365000001,0.67819747025,1.1396012302999996,1.4671032258999992,6.076458335,0.005,1,0,6,NIGHT,False,False
2025-09-09T07:00:00+02:00,2025-09-07T23:00:00+02:00,168,32,M1_GBT_CAL_WEATHER,0.9616624698281938,1.508722875,3.112946172899999,False,1.2112528194749996,0.3179263168,0.3866009902,0.510619409,0.7221275145,1.49780859675,2.3006861203,3.1002311090499965,15.661215228000001,0.05,10,0.05263157894736842,7,MORNING,False,False
2025-09-09T08:00:00+02:00,2025-09-07T23:00:00+02:00,168,33,M1_GBT_CAL_WEATHER,0.9616624698281938,0.239472444,3.112946172899999,False,1.0347483657149992,0.15993179675,0.1711841854,0.26440560350000003,0.870020252,1.2047432635,1.8839161483999998,2.7984419990999974,15.768830251999999,0.045,9,0,8,MORNING,False,False
2025-09-09T09:00:00+02:00,2025-09-07T23:00:00+02:00,168,34,M1_GBT_CAL_WEATHER,0.9616624698281938,0.200353406,3.112946172899999,False,0.9778602497499997,0.1605400149,0.1732986297,0.7512173019999999,0.9707057845,1.16709728975,1.3204706955,1.3678064446999998,15.859754409,0.01,2,0,9,DAYTIME,False,False
2025-09-09T10:00:00+02:00,2025-09-07T23:00:00+02:00,168,35,M1_GBT_CAL_WEATHER,0.9616624698281938,0.883309282,3.112946172899999,False,1.048698372115,0.16803904015,0.20548884180000002,0.7563345337499999,0.996820303,1.19137686125,1.3279986166999997,1.3742606428,13.183334616,0.02,4,0,10,DAYTIME,False,False
2025-09-09T11:00:00+02:00,2025-09-07T23:00:00+02:00,168,36,M1_GBT_CAL_WEATHER,0.9616624698281938,1.078526139,3.112946172899999,False,1.0454509723300003,0.190078702,0.216003025,0.67301118925,0.971691888,1.1706856675000001,1.3379487554,1.3937904948999997,8.457085944,0.03,6,0,11,DAYTIME,False,False
2025-09-09T12:00:00+02:00,2025-09-07T23:00:00+02:00,168,37,M1_GBT_CAL_WEATHER,0.9616624698281938,1.077165011,3.112946172899999,False,0.8855332308550007,0.15552959805,0.1788950965,0.21945013200000002,0.8912506330000001,1.1543126002500002,1.3365186376999998,1.4198880580499984,8.240087471999999,0.025,5,0.02631578947368421,12,DAYTIME,False,False
2025-09-09T13:00:00+02:00,2025-09-07T23:00:00+02:00,168,38,M1_GBT_CAL_WEATHER,0.9616624698281938,1.075803882,3.112946172899999,False,0.718044635435,0.14191909745,0.1591311752,0.195102748,0.7037457094999999,1.0695489817500001,1.2787553737999997,1.3806730595999999,4.786845081,0.02,4,0.02631578947368421,13,DAYTIME,False,False
2025-09-09T14:00:00+02:00,2025-09-07T23:00:00+02:00,168,39,M1_GBT_CAL_WEATHER,1.065744421439233,1.074535512,3.112946172899999,False,0.5916842516650002,0.13669032745,0.14409813970000002,0.1667261135,0.219333174,1.00629550175,1.2759423831,1.3444853163999997,5.27378005,0.015,3,0.02631578947368421,14,DAYTIME,False,False
2025-09-09T15:00:00+02:00,2025-09-07T23:00:00+02:00,168,40,M1_GBT_CAL_WEATHER,1.3473700920796627,1.073446337,3.112946172899999,False,0.5951506755700005,0.13620582315,0.1432071419,0.176226491,0.262545234,0.995900294,1.2413231401999998,1.3330253986999996,5.272528959,0.005,1,0.02631578947368421,15,DAYTIME,False,False
2025-09-09T16:00:00+02:00,2025-09-07T23:00:00+02:00,168,41,M1_GBT_CAL_WEATHER,1.4228438879146275,1.072610585,3.112946172899999,False,0.9712823564700004,0.14123306970000002,0.1574676913,0.2040526875,0.830236236,1.16423814025,1.3970623760999998,3.325757705549995,6.682139915,0.065,13,0.10526315789473684,16,RETURN_RAMP,False,False
2025-09-09T17:00:00+02:00,2025-09-07T23:00:00+02:00,168,42,M1_GBT_CAL_WEATHER,1.6162257761456233,6.162329131,3.112946172899999,True,2.611132702145001,0.18439090475,0.24339466900000006,0.7107958305,1.0991513519999998,3.67211531375,7.789251963299999,8.481033124199998,16.067788669,0.275,55,0.23684210526315788,17,RETURN_RAMP,False,False
2025-09-09T18:00:00+02:00,2025-09-07T23:00:00+02:00,168,43,M1_GBT_CAL_WEATHER,2.782246628397715,7.591375735,3.112946172899999,True,4.721124942899999,0.17837440095,0.21352305910000002,1.04225324825,3.801108043,7.92239707625,9.3562456939,12.655598601649983,16.036911929,0.535,107,0.3684210526315789,18,RETURN_RAMP,True,True
2025-09-09T19:00:00+02:00,2025-09-07T23:00:00+02:00,168,44,M1_GBT_CAL_WEATHER,2.782246628397715,1.468529927,3.112946172899999,False,5.068036942864998,0.18483544765,0.21577024330000003,1.173394959,3.685356477,8.297188405,10.452274249299998,13.167975641599986,20.275422149,0.54,108,0.5263157894736842,19,EVENING,True,True
2025-09-09T20:00:00+02:00,2025-09-07T23:00:00+02:00,168,45,M1_GBT_CAL_WEATHER,1.8864241807644322,7.709768969,3.112946172899999,True,3.9199130912649993,0.17330320125,0.2062026193,0.61734895475,2.0744832805,6.60777425525,9.2074760214,11.564176815649997,22.644593127,0.405,81,0.39473684210526316,20,EVENING,True,True
2025-09-09T21:00:00+02:00,2025-09-07T23:00:00+02:00,168,46,M1_GBT_CAL_WEATHER,1.6930422925334367,5.445574179,3.112946172899999,True,2.6897340799049987,0.25862785155,0.41536989220000003,0.63388273675,1.0632526725,3.4575647920000003,7.9673267354,8.881324704099999,19.800441379000002,0.265,53,0.3157894736842105,21,EVENING,False,False
2025-09-09T22:00:00+02:00,2025-09-07T23:00:00+02:00,168,47,M1_GBT_CAL_WEATHER,1.6335367672233423,0.760897025,3.112946172899999,False,1.4062365699349997,0.25970298465,0.38664522900000003,0.50376981675,0.715839914,1.01059005475,2.2270203261999972,7.8013014538,16.024021042999998,0.09,18,0.21052631578947367,22,EVENING,False,False
2025-09-09T23:00:00+02:00,2025-09-07T23:00:00+02:00,168,48,M1_GBT_CAL_WEATHER,1.0817126919641034,0.601501498,3.112946172899999,False,0.7814924306700002,0.26104480950000003,0.3175334388,0.42598770175,0.545893279,0.6766847767499999,1.1559243119999998,1.3158486075499993,10.393503968000001,0.025,5,0.10526315789473684,23,NIGHT,False,False
2025-09-10T00:00:00+02:00,2025-09-07T23:00:00+02:00,168,49,M1_GBT_CAL_WEATHER,0.9776307403530641,0.602862627,3.112946172899999,False,0.560810731215,0.2623807798,0.3087706644,0.39223731875,0.4997892975,0.6098149415,0.6670935688,0.7050771923999999,7.849275493,0.01,2,0,0,NIGHT,False,False
2025-09-10T01:00:00+02:00,2025-09-07T23:00:00+02:00,168,50,M1_GBT_CAL_WEATHER,0.9776307403530641,0.604223755,3.112946172899999,False,0.5188246267100002,0.26371674915000004,0.3105810075,0.3852120635,0.4836951145,0.5950441475,0.6506715206,0.67552491385,7.8509005720000005,0.005,1,0,1,NIGHT,False,False
2025-09-10T02:00:00+02:00,2025-09-07T23:00:00+02:00,168,51,M1_GBT_CAL_WEATHER,0.9776307403530641,0.605492126,3.112946172899999,False,0.48436292189499985,0.2649616744,0.3122679786,0.38658581325,0.48529507650000003,0.5967517145,0.6519626259,0.6700408691499999,0.708000194,0.0,0,0,2,NIGHT,False,False
2025-09-10T03:00:00+02:00,2025-09-07T23:00:00+02:00,168,52,M1_GBT_CAL_WEATHER,0.9616624698281938,0.6065813,3.112946172899999,False,0.6240101346399994,0.26603071655000005,0.31371661380000004,0.3898408445,0.49030452599999996,0.60832865075,0.6684045086999999,2.080724189749993,4.138484959,0.035,7,0,3,NIGHT,False,False
2025-09-10T04:00:00+02:00,2025-09-07T23:00:00+02:00,168,53,M1_GBT_CAL_WEATHER,0.9616624698281938,0.607417053,3.112946172899999,False,0.7127525730499998,0.2785827283,0.3194864844,0.39540464,0.4980911655,0.61654942475,0.6882792013,3.1650047514499984,3.8545098269999998,0.055,11,0,4,NIGHT,False,False
2025-09-10T05:00:00+02:00,2025-09-07T23:00:00+02:00,168,54,M1_GBT_CAL_WEATHER,0.9616624698281938,0.607942429,3.112946172899999,False,0.8534679166399998,0.27926590315,0.3209036038,0.40031767775,0.5036695335,0.637550093,2.6315525239,3.6556661988999997,4.387533737,0.085,17,0,5,NIGHT,False,False
2025-09-10T06:00:00+02:00,2025-09-07T23:00:00+02:00,168,55,M1_GBT_CAL_WEATHER,0.9616624698281938,0.608121625,3.112946172899999,False,1.2916553396149997,0.30781794960000003,0.34805410290000005,0.48217391725,0.6534953459999999,1.46804901075,3.3603269253,3.90024947725,9.767298281999999,0.145,29,0,6,NIGHT,False,False
2025-09-10T07:00:00+02:00,2025-09-07T23:00:00+02:00,168,56,M1_GBT_CAL_WEATHER,0.9616624698281938,2.335270682,3.112946172899999,False,1.65824218304,0.33904040275,0.40898158710000004,0.6115934885,1.196393896,2.14649387125,3.7529834236999995,4.622632093299998,11.846742586,0.185,37,0.05263157894736842,7,MORNING,False,False
2025-09-10T08:00:00+02:00,2025-09-07T23:00:00+02:00,168,57,M1_GBT_CAL_WEATHER,0.9616624698281938,1.706464695,3.112946172899999,False,1.8125869805950012,0.16964907085,0.19731883090000002,0.8040853965,1.251347946,2.94791912775,4.078974952,4.571337027199999,6.501096582000001,0.225,45,0,8,MORNING,False,False
2025-09-10T09:00:00+02:00,2025-09-07T23:00:00+02:00,168,58,M1_GBT_CAL_WEATHER,0.9616624698281938,0.883428202,3.112946172899999,False,1.106616714815,0.1655881799,0.1832171913,0.826799828,1.038202271,1.2548056810000001,1.3757162730999999,3.0020773035999992,5.170844923,0.045,9,0,9,DAYTIME,False,False
2025-09-10T10:00:00+02:00,2025-09-07T23:00:00+02:00,168,59,M1_GBT_CAL_WEATHER,0.9616624698281938,1.07979451,3.112946172899999,False,1.1236232025700006,0.16730781675,0.2267545064,0.77722694675,1.025851382,1.2429590527499998,1.3786022118,2.638208636699998,12.248618941,0.035,7,0,10,DAYTIME,False,False
2025-09-10T11:00:00+02:00,2025-09-07T23:00:00+02:00,168,60,M1_GBT_CAL_WEATHER,0.9616624698281938,1.078526139,3.112946172899999,False,1.0671666373399997,0.1696009114,0.22042292430000002,0.6246483295,0.9203672875,1.17239877475,1.3051254438,1.6665116070499895,15.050495532,0.03,6,0,11,DAYTIME,False,False
2025-09-10T12:00:00+02:00,2025-09-07T23:00:00+02:00,168,61,M1_GBT_CAL_WEATHER,0.8708312107034363,1.077165011,3.112946172899999,False,0.9897332122549993,0.1554160906,0.1699729507,0.21632793225,0.850437466,1.1544256095,1.3317873419,2.0537609430499946,17.881008894,0.03,6,0.02631578947368421,12,DAYTIME,False,False
2025-09-10T13:00:00+02:00,2025-09-07T23:00:00+02:00,168,62,M1_GBT_CAL_WEATHER,0.8708312107034363,1.075803882,3.112946172899999,False,0.8137882099549995,0.13802558555,0.1474606458,0.18708298525,0.427552396,1.0489285127499999,1.2646109743,1.47957570145,14.182340966,0.03,6,0.02631578947368421,13,DAYTIME,False,False
2025-09-10T14:00:00+02:00,2025-09-07T23:00:00+02:00,168,63,M1_GBT_CAL_WEATHER,1.0995222790251518,1.074535512,3.112946172899999,False,0.6488223156050001,0.1315133491,0.1412040842,0.165212454,0.20832668999999998,0.955237557,1.2525645122,1.3431879708999996,14.041617561,0.015,3,0.02631578947368421,14,DAYTIME,False,False
2025-09-10T15:00:00+02:00,2025-09-07T23:00:00+02:00,168,64,M1_GBT_CAL_WEATHER,1.4081340115088234,1.073446337,3.112946172899999,False,0.646179804945,0.1394033193,0.1515131086,0.178304364,0.2994565475,0.90427734125,1.1846517096,1.2742158579499991,14.932265126,0.01,2,0.02631578947368421,15,DAYTIME,False,False
2025-09-10T16:00:00+02:00,2025-09-07T23:00:00+02:00,168,65,M1_GBT_CAL_WEATHER,2.4656522051344316,0.381705213,3.112946172899999,False,1.10725482864,0.13900160655,0.1631012786,0.20606014875,0.8531280815,1.156445795,2.0263048411999995,4.0258640420499905,15.203729458,0.07,14,0.10526315789473684,16,RETURN_RAMP,False,False
2025-09-10T17:00:00+02:00,2025-09-07T23:00:00+02:00,168,66,M1_GBT_CAL_WEATHER,2.756238480360103,0.482099752,3.112946172899999,False,3.1178776533099994,0.20329708975,0.3872429324000001,0.865456557,1.3363023804999998,4.4015731119999995,8.1366998949,10.297809192099992,15.954217999,0.325,65,0.23684210526315788,17,RETURN_RAMP,False,False
2025-09-10T18:00:00+02:00,2025-09-07T23:00:00+02:00,168,67,M1_GBT_CAL_WEATHER,2.9007793727763116,10.634458504,3.112946172899999,True,5.486037879619999,0.20299905405000002,0.7820753889,1.560179071,3.780856868,8.64772363875,13.261630237399999,15.57885990235,18.00180943,0.555,111,0.3684210526315789,18,RETURN_RAMP,True,True
2025-09-10T19:00:00+02:00,2025-09-07T23:00:00+02:00,168,68,M1_GBT_CAL_WEATHER,2.9007793727763116,10.82476136,3.112946172899999,True,6.347741250225002,0.31474199020000015,0.8360167799000002,2.588743769,5.081672036,9.57302420825,12.5088724247,15.998890892899995,19.249464823,0.68,136,0.5263157894736842,19,EVENING,True,True
2025-09-10T20:00:00+02:00,2025-09-07T23:00:00+02:00,168,69,M1_GBT_CAL_WEATHER,2.0207941558639675,9.280969433,3.112946172899999,True,4.611417470850001,0.185094318,0.3073583609000001,1.37787639,3.2665891179999997,7.602114902,9.865814906,11.202866230899993,21.423637292000002,0.53,106,0.39473684210526316,20,EVENING,True,True
2025-09-10T21:00:00+02:00,2025-09-07T23:00:00+02:00,168,70,M1_GBT_CAL_WEATHER,1.935773438192777,8.536351001,3.112946172899999,True,2.8876364875399996,0.30902012945,0.4080915094,0.63185119875,1.3333837915000002,3.9751518965,8.0561382919,8.8541755735,15.595553278,0.29,58,0.3157894736842105,21,EVENING,False,False
2025-09-10T22:00:00+02:00,2025-09-07T23:00:00+02:00,168,71,M1_GBT_CAL_WEATHER,1.779990153773491,3.178221878,3.112946172899999,True,1.5169857327550003,0.2999606444,0.3590914324,0.49112968475,0.6817145065,1.097726394,3.856998142199997,8.0229426161,15.851980165,0.125,25,0.21052631578947367,22,EVENING,False,False
2025-09-10T23:00:00+02:00,2025-09-07T23:00:00+02:00,168,72,M1_GBT_CAL_WEATHER,1.0817126919641034,0.601501498,3.112946172899999,False,0.7503459155700003,0.2757992639,0.3153168184,0.4190588665,0.533419709,0.6818698525,1.1957499415000001,1.465701668849999,7.378981879,0.025,5,0.10526315789473684,23,NIGHT,False,False
2025-09-11T00:00:00+02:00,2025-09-07T23:00:00+02:00,168,73,M1_GBT_CAL_WEATHER,0.8867994812283068,0.602862627,3.112946172899999,False,0.49915254023000005,0.27742728265,0.3078817022,0.39132132025,0.4845618355,0.6063553485,0.6635283847,0.7017373864999983,1.066546955,0.0,0,0,0,NIGHT,False,False
2025-09-11T01:00:00+02:00,2025-09-07T23:00:00+02:00,168,74,M1_GBT_CAL_WEATHER,0.9776307403530641,0.604223755,3.112946172899999,False,0.47713471450000017,0.27905530144999996,0.3092762134,0.38257270849999997,0.4787980125,0.58860625025,0.6480599723999999,0.663987467,0.698351748,0.0,0,0,1,NIGHT,False,False
2025-09-11T02:00:00+02:00,2025-09-07T23:00:00+02:00,168,75,M1_GBT_CAL_WEATHER,0.9776307403530641,0.605492126,3.112946172899999,False,0.4806241500349998,0.28057237335,0.3122679786,0.3852526605,0.481691512,0.5919575125000001,0.6511974301,0.6662559746,0.702894272,0.0,0,0,2,NIGHT,False,False
2025-09-11T03:00:00+02:00,2025-09-07T23:00:00+02:00,168,76,M1_GBT_CAL_WEATHER,0.9616624698281938,0.6065813,3.112946172899999,False,0.48191437841499973,0.2818751129,0.31371661380000004,0.38649830725,0.4830015775,0.5931492190000001,0.6523443012,0.6674900074499999,0.703975019,0.0,0,0,3,NIGHT,False,False
2025-09-11T04:00:00+02:00,2025-09-07T23:00:00+02:00,168,77,M1_GBT_CAL_WEATHER,0.9616624698281938,0.607417053,3.112946172899999,False,0.5513366931800003,0.2981880863,0.3202192715,0.391991314,0.4878395175,0.599986334,0.6580091371,0.68084417825,5.26759821,0.01,2,0,4,NIGHT,False,False
2025-09-11T05:00:00+02:00,2025-09-07T23:00:00+02:00,168,78,M1_GBT_CAL_WEATHER,0.9616624698281938,0.607942429,3.112946172899999,False,0.7686326857649997,0.30077799725000004,0.3240128586,0.40699742475,0.49310686449999996,0.6200675885,0.683387599,2.883225457249998,15.325735301,0.04,8,0,5,NIGHT,False,False
2025-09-11T06:00:00+02:00,2025-09-07T23:00:00+02:00,168,79,M1_GBT_CAL_WEATHER,0.9616624698281938,2.335449878,3.112946172899999,False,1.38934273642,0.32374141865,0.3662153731,0.45585216949999996,0.6155055105,1.66380912225,3.6421392486,4.12782070005,12.960067179000001,0.17,34,0,6,NIGHT,False,False
2025-09-11T07:00:00+02:00,2025-09-07T23:00:00+02:00,168,80,M1_GBT_CAL_WEATHER,0.9616624698281938,2.335270682,3.112946172899999,False,1.8221189473600001,0.34519048360000004,0.40815379360000004,0.5546292525000001,1.302567793,2.6812551934999997,3.9404379419999995,4.626773942049998,12.492697911999999,0.19,38,0.05263157894736842,7,MORNING,False,False
2025-09-11T08:00:00+02:00,2025-09-07T23:00:00+02:00,168,81,M1_GBT_CAL_WEATHER,0.9616624698281938,0.377008996,3.112946172899999,False,1.3690400142799992,0.14684751675,0.1734445956,0.3725350975,1.0091360090000001,1.613484037,3.4219067579999995,4.073970397799992,7.61139711,0.125,25,0,8,MORNING,False,False
2025-09-11T09:00:00+02:00,2025-09-07T23:00:00+02:00,168,82,M1_GBT_CAL_WEATHER,0.9616624698281938,1.080883684,3.112946172899999,False,1.1012462165000003,0.1628818543,0.1853398389,0.75457247175,1.012640489,1.24815955825,1.3826890635999998,3.065546004699997,8.086283449,0.05,10,0,9,DAYTIME,False,False
2025-09-11T10:00:00+02:00,2025-09-07T23:00:00+02:00,168,83,M1_GBT_CAL_WEATHER,0.9616624698281938,1.07979451,3.112946172899999,False,1.0439176632850005,0.16802960690000002,0.20898487770000002,0.7764698355,0.9827450984999999,1.22633158125,1.3500512457,1.8350091055999835,5.045486893,0.035,7,0,10,DAYTIME,False,False
2025-09-11T11:00:00+02:00,2025-09-07T23:00:00+02:00,168,84,M1_GBT_CAL_WEATHER,0.9616624698281938,1.078526139,3.112946172899999,False,1.0240547719600002,0.17328682565,0.2208060404,0.6784815935,0.984123965,1.19782440475,1.3486599471999998,1.8615984938499925,5.721638789,0.035,7,0,11,DAYTIME,False,False
2025-09-11T12:00:00+02:00,2025-09-07T23:00:00+02:00,168,85,M1_GBT_CAL_WEATHER,0.9616624698281938,1.077165011,3.112946172899999,False,0.9136333743649999,0.15273110655,0.1700798664,0.25851363774999997,0.8989721785,1.1500248852500001,1.3336438360999998,1.8988192767999956,5.019569465,0.03,6,0.02631578947368421,12,DAYTIME,False,False
2025-09-11T13:00:00+02:00,2025-09-07T23:00:00+02:00,168,86,M1_GBT_CAL_WEATHER,0.9616624698281938,0.899551169,3.112946172899999,False,0.7855375968300001,0.1423996954,0.15453245510000002,0.1827434565,0.7546657139999999,1.087947926,1.3236680409,1.7342015545499985,5.663048121,0.03,6,0.02631578947368421,13,DAYTIME,False,False
2025-09-11T14:00:00+02:00,2025-09-07T23:00:00+02:00,168,87,M1_GBT_CAL_WEATHER,1.065744421439233,0.194005234,3.112946172899999,False,0.6430670960199998,0.13671256780000002,0.14908610390000002,0.1685502215,0.2180904085,0.9816855419999999,1.2230545779,1.38779234015,5.9064745180000005,0.03,6,0.02631578947368421,14,DAYTIME,False,False
2025-09-11T15:00:00+02:00,2025-09-07T23:00:00+02:00,168,88,M1_GBT_CAL_WEATHER,1.4938234786298115,0.192916059,3.112946172899999,False,0.6194046244400001,0.13976726365,0.14978785760000002,0.1888553815,0.407925419,0.93596512025,1.1264847567,1.2724595251499997,5.0070429370000005,0.02,4,0.02631578947368421,15,DAYTIME,False,False
2025-09-11T16:00:00+02:00,2025-09-07T23:00:00+02:00,168,89,M1_GBT_CAL_WEATHER,1.4228438879146275,0.356400788,3.112946172899999,False,1.1331550313400003,0.13879028524999998,0.1600701471,0.27646833525,0.893347041,1.19367416175,2.411822097699999,4.265408220949996,6.361576857,0.08,16,0.10526315789473684,16,RETURN_RAMP,False,False
2025-09-11T17:00:00+02:00,2025-09-07T23:00:00+02:00,168,90,M1_GBT_CAL_WEATHER,1.6162257761456233,1.072085209,3.112946172899999,False,2.9292419355999995,0.1633701802,0.21125099420000001,0.75226862475,1.1421452545,5.18535251825,8.2784175343,8.604765906999999,14.90852364,0.315,63,0.23684210526315788,17,RETURN_RAMP,False,False
2025-09-11T18:00:00+02:00,2025-09-07T23:00:00+02:00,168,91,M1_GBT_CAL_WEATHER,2.782246628397715,5.554714091,3.112946172899999,True,4.412241233525,0.15927864255000002,0.20515918640000003,1.0020912895,3.3701037305000003,6.97331108075,9.605177836,12.618969835699998,16.166424604,0.515,103,0.3684210526315789,18,RETURN_RAMP,True,False
2025-09-11T19:00:00+02:00,2025-09-07T23:00:00+02:00,168,92,M1_GBT_CAL_WEATHER,3.115809033181813,14.736769083,3.112946172899999,True,5.140503449954997,0.15959347675000002,0.20608903160000003,0.82212987675,3.3960960125,8.45814651325,11.414658471799994,15.0950479762,22.187817981000002,0.52,104,0.5263157894736842,19,EVENING,True,True
2025-09-11T20:00:00+02:00,2025-09-07T23:00:00+02:00,168,93,M1_GBT_CAL_WEATHER,2.2199865855485297,6.470507673,3.112946172899999,True,3.9457815168600003,0.1738485088,0.21482173870000001,0.58699789775,2.3613781795,6.7338086235,9.573388205999999,11.016827255299999,20.475694798,0.435,87,0.39473684210526316,20,EVENING,True,True
2025-09-11T21:00:00+02:00,2025-09-07T23:00:00+02:00,168,94,M1_GBT_CAL_WEATHER,2.026604697317534,0.599143953,3.112946172899999,False,2.48817985956,0.25247660829999996,0.41659286440000004,0.5951360622499999,1.1898637074999998,2.92083716575,7.262131110099999,8.168442293899998,18.212758999,0.245,49,0.3157894736842105,21,EVENING,False,False
2025-09-11T22:00:00+02:00,2025-09-07T23:00:00+02:00,168,95,M1_GBT_CAL_WEATHER,1.779990153773491,0.609696313,3.112946172899999,False,1.1984525621399995,0.2565632176,0.3669224128,0.47665649025,0.6540649265,1.0325746439999999,1.9923152636999992,6.000802876299997,9.496395513,0.075,15,0.21052631578947367,22,EVENING,False,False
2025-09-11T23:00:00+02:00,2025-09-07T23:00:00+02:00,168,96,M1_GBT_CAL_WEATHER,1.0817126919641034,0.607866082,3.112946172899999,False,0.6515788224049999,0.25503262635,0.32756456120000005,0.4196008665,0.5476555715,0.6799792215,1.0517136901999997,1.22409215105,6.529932563999999,0.01,2,0.10526315789473684,23,NIGHT,False,False
2025-09-12T00:00:00+02:00,2025-09-07T23:00:00+02:00,168,97,M1_GBT_CAL_WEATHER,0.9776307403530641,0.602862627,3.112946172899999,False,0.49683452012,0.25512785085,0.3076951456,0.39223731875,0.4848942,0.604015517,0.6717006496,0.7056008629499997,1.158898373,0.0,0,0,0,NIGHT,False,False
2025-09-12T01:00:00+02:00,2025-09-07T23:00:00+02:00,168,98,M1_GBT_CAL_WEATHER,0.9776307403530641,0.604223755,3.112946172899999,False,0.47879911485000015,0.2565489058,0.3040051909,0.386896286,0.4815668595,0.5915702375,0.6500586041,0.6685748573499999,0.706398996,0.0,0,0,1,NIGHT,False,False
2025-09-12T02:00:00+02:00,2025-09-07T23:00:00+02:00,168,99,M1_GBT_CAL_WEATHER,0.9776307403530641,0.605492126,3.112946172899999,False,0.48030161749999983,0.25787311739999996,0.3053180501,0.38848047274999997,0.483016271,0.5929564869999999,0.6514319019,0.6700408691499999,0.708000194,0.0,0,0,2,NIGHT,False,False
2025-09-12T03:00:00+02:00,2025-09-07T23:00:00+02:00,168,100,M1_GBT_CAL_WEATHER,0.9616624698281938,0.6065813,3.112946172899999,False,0.5269644454949997,0.25901024440000003,0.3064454279,0.3898408445,0.48553978600000003,0.597149995,0.6569951098,0.6798997658,3.853640355,0.015,3,0,3,NIGHT,False,False
2025-09-12T04:00:00+02:00,2025-09-07T23:00:00+02:00,168,101,M1_GBT_CAL_WEATHER,0.9616624698281938,0.607417053,3.112946172899999,False,0.7135120531100001,0.25988279255,0.3073104951,0.39726765799999997,0.4913759705,0.61498439875,0.6882792013,3.1491901332499976,4.231588381,0.06,12,0,4,NIGHT,False,False
2025-09-12T05:00:00+02:00,2025-09-07T23:00:00+02:00,168,102,M1_GBT_CAL_WEATHER,0.9616624698281938,0.607942429,3.112946172899999,False,0.5231866276500005,0.26043129935000003,0.3078542993,0.39263247875,0.4882653315,0.59865692875,0.6586465810000001,0.68152307505,3.6969455570000003,0.01,2,0,5,NIGHT,False,False
2025-09-12T06:00:00+02:00,2025-09-07T23:00:00+02:00,168,103,M1_GBT_CAL_WEATHER,0.9616624698281938,0.704832392,3.112946172899999,False,0.7579689024799997,0.28150058645000003,0.33937652679999997,0.44281365925,0.573779377,0.7150522105000001,1.3578057909999999,2.2053505495999985,4.126252128,0.015,3,0,6,NIGHT,False,False
2025-09-12T07:00:00+02:00,2025-09-07T23:00:00+02:00,168,104,M1_GBT_CAL_WEATHER,0.9616624698281938,1.488472707,3.112946172899999,False,1.1815167835649998,0.3179263168,0.3966992531,0.5155940907500001,0.8317006769999999,1.5312314845000001,2.3113159242,3.4718610327499966,4.994338635,0.06,12,0.05263157894736842,7,MORNING,False,False
2025-09-12T08:00:00+02:00,2025-09-07T23:00:00+02:00,168,105,M1_GBT_CAL_WEATHER,0.9616624698281938,2.809047691,3.112946172899999,False,1.0887257886750004,0.15012491195000002,0.1731600592,0.32353570425,0.91394596,1.23718718275,2.129889565799999,3.457367858999995,7.680496536,0.07,14,0,8,MORNING,False,False
2025-09-12T09:00:00+02:00,2025-09-07T23:00:00+02:00,168,106,M1_GBT_CAL_WEATHER,0.9616624698281938,1.080883684,3.112946172899999,False,1.1089374522700002,0.1648867203,0.1978614712,0.7826332082499999,1.0169653859999999,1.2261751595,1.3490188146,1.5581836958999988,12.647968084,0.03,6,0,9,DAYTIME,False,False
2025-09-12T10:00:00+02:00,2025-09-07T23:00:00+02:00,168,107,M1_GBT_CAL_WEATHER,0.9616624698281938,1.07979451,3.112946172899999,False,1.1461486101450007,0.17240585275,0.33390361230000004,0.8250434612499999,1.026719524,1.22366542525,1.3592384867,1.8884241959499999,9.372793183999999,0.04,8,0,10,DAYTIME,False,False
2025-09-12T11:00:00+02:00,2025-09-07T23:00:00+02:00,168,108,M1_GBT_CAL_WEATHER,0.9616624698281938,1.078526139,3.112946172899999,False,1.11384772974,0.19596371865,0.2291000081,0.7547125564999999,1.020979752,1.2371942962499998,1.3756139143000001,2.4941819796999853,7.334284471,0.05,10,0,11,DAYTIME,False,False
2025-09-12T12:00:00+02:00,2025-09-07T23:00:00+02:00,168,109,M1_GBT_CAL_WEATHER,0.9616624698281938,0.384961807,3.112946172899999,False,0.9692204827950002,0.1567273462,0.1810845777,0.23533756975,0.877780096,1.1662691092500002,1.3763258930000002,2.594147027149999,8.691325184,0.04,8,0.02631578947368421,12,DAYTIME,False,False
2025-09-12T13:00:00+02:00,2025-09-07T23:00:00+02:00,168,110,M1_GBT_CAL_WEATHER,0.9616624698281938,0.195273604,3.112946172899999,False,0.707630832965,0.1438753007,0.1572749068,0.1899180385,0.3981039125,1.0659433147500001,1.3029772616,1.469105284499999,7.563507799,0.02,4,0.02631578947368421,13,DAYTIME,False,False
2025-09-12T14:00:00+02:00,2025-09-07T23:00:00+02:00,168,111,M1_GBT_CAL_WEATHER,1.065744421439233,0.194005234,3.112946172899999,False,0.5430412129949999,0.13705230015,0.1472103986,0.1685502215,0.20779766649999998,0.88172135025,1.2304708626999998,1.3564745118999992,7.56206224,0.01,2,0.02631578947368421,14,DAYTIME,False,False
2025-09-12T15:00:00+02:00,2025-09-07T23:00:00+02:00,168,112,M1_GBT_CAL_WEATHER,1.4938234786298115,0.192916059,3.112946172899999,False,0.60931705779,0.142456366,0.1570195952,0.1850060465,0.401716405,0.956225674,1.1993761118,1.3001130077999992,7.560820911,0.01,2,0.02631578947368421,15,DAYTIME,False,False
2025-09-12T16:00:00+02:00,2025-09-07T23:00:00+02:00,168,113,M1_GBT_CAL_WEATHER,1.7564062926987254,2.754926407,3.112946172899999,False,1.2916624590850003,0.1559481516,0.16728209170000002,0.280828682,0.9027944735,1.2598723295,3.3133430624,4.716872810949999,8.235268115,0.115,23,0.10526315789473684,16,RETURN_RAMP,False,False
2025-09-12T17:00:00+02:00,2025-09-07T23:00:00+02:00,168,114,M1_GBT_CAL_WEATHER,1.8714671276888848,8.472085209,3.112946172899999,True,3.201220759645001,0.19753563005000002,0.2971470497,0.82602254325,1.1871208850000001,6.088079544999999,8.4034450423,8.662589506499998,14.413592186999999,0.375,75,0.23684210526315788,17,RETURN_RAMP,False,False
2025-09-12T18:00:00+02:00,2025-09-07T23:00:00+02:00,168,115,M1_GBT_CAL_WEATHER,2.3510134153116145,8.490256196,3.112946172899999,True,4.245150002340001,0.16194527725,0.197173026,0.90447201825,2.627036295,7.559667824500001,8.984550685999999,11.533554544499987,18.314469565,0.485,97,0.3684210526315789,18,RETURN_RAMP,True,False
2025-09-12T19:00:00+02:00,2025-09-07T23:00:00+02:00,168,116,M1_GBT_CAL_WEATHER,2.3510134153116145,15.019444162,3.112946172899999,True,4.765088232264998,0.17548291845,0.20155527799999998,0.80166813,3.217523665,8.0552108565,10.439286252799997,14.058424850549999,17.489302143,0.505,101,0.5263157894736842,19,EVENING,True,True
2025-09-12T20:00:00+02:00,2025-09-07T23:00:00+02:00,168,117,M1_GBT_CAL_WEATHER,2.1416655323076927,8.229498209,3.112946172899999,True,3.6487256917250006,0.1772695672,0.2194112517,0.45762586774999997,1.9157132115,5.9761478415000004,9.4637071764,11.071135415999995,17.196483888,0.38,76,0.39473684210526316,20,EVENING,True,True
2025-09-12T21:00:00+02:00,2025-09-07T23:00:00+02:00,168,118,M1_GBT_CAL_WEATHER,2.026604697317534,0.785513466,3.112946172899999,False,2.5278366207200014,0.264220231,0.4543116696000001,0.647070477,1.161304215,3.0561178250000003,7.7822831126,8.375235791199998,14.750819758999999,0.25,50,0.3157894736842105,21,EVENING,False,False
2025-09-12T22:00:00+02:00,2025-09-07T23:00:00+02:00,168,119,M1_GBT_CAL_WEATHER,1.779990153773491,0.606895107,3.112946172899999,False,1.465815786345,0.2628728967,0.3439413747,0.4942843145,0.6584037654999999,1.1206355355,3.9183257123999975,8.054561320700001,9.976630499,0.115,23,0.21052631578947367,22,EVENING,False,False
2025-09-12T23:00:00+02:00,2025-09-07T23:00:00+02:00,168,120,M1_GBT_CAL_WEATHER,1.0817126919641034,0.618473344,3.112946172899999,False,0.8818852872550005,0.25936821355,0.32963792840000006,0.42812011250000004,0.5514247895,0.69593066525,1.2055462848999998,2.846713826149978,7.998957983,0.05,10,0.10526315789473684,23,NIGHT,False,False
2025-09-13T00:00:00+02:00,2025-09-07T23:00:00+02:00,168,121,M1_GBT_CAL_WEATHER,0.9776307403530641,0.602862627,3.112946172899999,False,0.5155564799,0.2664393394,0.3117645615,0.3894762025,0.501745898,0.6063553485,0.667362205,0.7360329633999998,2.4524438490000002,0.0,0,0,0,NIGHT,False,False
2025-09-13T01:00:00+02:00,2025-09-07T23:00:00+02:00,168,122,M1_GBT_CAL_WEATHER,0.9776307403530641,0.604223755,3.112946172899999,False,0.5172409024000001,0.26828546635,0.3090537995,0.38257270849999997,0.4836951145,0.5945399100000001,0.6506715206,0.67552491385,7.716110304000001,0.005,1,0,1,NIGHT,False,False
2025-09-13T02:00:00+02:00,2025-09-07T23:00:00+02:00,168,123,M1_GBT_CAL_WEATHER,0.9776307403530641,0.605492126,3.112946172899999,False,0.5136966208899998,0.27000578205000003,0.31031986240000003,0.38390871449999997,0.48529507650000003,0.5959441480000001,0.6519626259,0.6770379761499999,6.708407772,0.005,1,0,2,NIGHT,False,False
2025-09-13T03:00:00+02:00,2025-09-07T23:00:00+02:00,168,124,M1_GBT_CAL_WEATHER,0.9616624698281938,0.6065813,3.112946172899999,False,0.4830336334299998,0.27148305155,0.31140705560000004,0.38469275750000004,0.486493937,0.59523548775,0.6526111793,0.6712997623999999,0.709375174,0.0,0,0,3,NIGHT,False,False
2025-09-13T04:00:00+02:00,2025-09-07T23:00:00+02:00,168,125,M1_GBT_CAL_WEATHER,0.9616624698281938,0.607417053,3.112946172899999,False,0.48402366046000006,0.2726165996,0.31224128770000004,0.385791812,0.487581599,0.5961262792500001,0.6535160707,0.6722657439499998,0.710430233,0.0,0,0,4,NIGHT,False,False
2025-09-13T05:00:00+02:00,2025-09-07T23:00:00+02:00,168,126,M1_GBT_CAL_WEATHER,0.9616624698281938,0.607942429,3.112946172899999,False,0.4852721043550003,0.27446110139999996,0.3127657086,0.386482707,0.4882653315,0.5966862545,0.6540849085,0.6728729857499999,0.711093471,0.0,0,0,5,NIGHT,False,False
2025-09-13T06:00:00+02:00,2025-09-07T23:00:00+02:00,168,127,M1_GBT_CAL_WEATHER,0.9616624698281938,0.608121625,3.112946172899999,False,0.6980956483549996,0.3009543725,0.3238523981,0.43537598325000004,0.5823419224999999,0.8277866385,1.2084229556,1.4579571359999999,2.824211686,0.0,0,0,6,NIGHT,False,False
2025-09-13T07:00:00+02:00,2025-09-07T23:00:00+02:00,168,128,M1_GBT_CAL_WEATHER,0.9616624698281938,0.878573536,3.112946172899999,False,1.0777875243049997,0.30337202735,0.3481883577,0.4899557245,0.854209259,1.45307046025,2.0071104252,2.591357103649998,3.958419536,0.035,7,0.05263157894736842,7,MORNING,False,False
2025-09-13T08:00:00+02:00,2025-09-07T23:00:00+02:00,168,129,M1_GBT_CAL_WEATHER,0.9616624698281938,1.560207753,3.112946172899999,False,0.9538032087349998,0.1511235961,0.173776274,0.354444295,0.9011093619999999,1.1886485955000001,1.3766658666,2.295322506399999,7.409542075,0.025,5,0,8,MORNING,False,False
2025-09-13T09:00:00+02:00,2025-09-07T23:00:00+02:00,168,130,M1_GBT_CAL_WEATHER,0.9616624698281938,1.080883684,3.112946172899999,False,1.0421195881249998,0.166391148,0.2131733315,0.81062300225,1.020809174,1.2072655305,1.3291805740999998,1.3798891886999998,6.014337605,0.03,6,0,9,DAYTIME,False,False
2025-09-13T10:00:00+02:00,2025-09-07T23:00:00+02:00,168,131,M1_GBT_CAL_WEATHER,0.9616624698281938,1.223203054,3.112946172899999,False,1.14075503629,0.18978217225000002,0.3055847274000001,0.8522804879999999,1.0475066444999999,1.2419065037500001,1.3699382204,1.9532335615999967,5.894920388,0.04,8,0,10,DAYTIME,False,False
2025-09-13T11:00:00+02:00,2025-09-07T23:00:00+02:00,168,132,M1_GBT_CAL_WEATHER,0.9616624698281938,2.103932826,3.112946172899999,False,1.1933205330950003,0.18437588060000001,0.2115601423,0.82284493675,1.0601578795000002,1.2575987425,1.4399444805,2.741591699999986,8.414721474999999,0.05,10,0,11,DAYTIME,False,False
2025-09-13T12:00:00+02:00,2025-09-07T23:00:00+02:00,168,133,M1_GBT_CAL_WEATHER,0.9616624698281938,2.835993872,3.112946172899999,False,1.092351640035,0.16219922395,0.1815290369,0.32298798950000007,0.9536763684999999,1.2601384467499999,2.1663386685,2.781909041449999,8.413207301,0.045,9,0.02631578947368421,12,DAYTIME,False,False
2025-09-13T13:00:00+02:00,2025-09-07T23:00:00+02:00,168,134,M1_GBT_CAL_WEATHER,0.9616624698281938,0.195273604,3.112946172899999,False,0.968501107225,0.15184369025000002,0.16146837679999998,0.20339497725,0.7720416489999999,1.1562745225,1.798782795999999,3.466586555649996,8.411693126,0.06,12,0.02631578947368421,13,DAYTIME,False,False
2025-09-13T14:00:00+02:00,2025-09-07T23:00:00+02:00,168,135,M1_GBT_CAL_WEATHER,1.065744421439233,0.194005234,3.112946172899999,False,0.8389742580299995,0.13602513965,0.14667045680000002,0.17629030725,0.3073168565,1.08486317725,1.4393396614999991,3.6846786375,8.082856776,0.055,11,0.02631578947368421,14,DAYTIME,False,False
2025-09-13T15:00:00+02:00,2025-09-07T23:00:00+02:00,168,136,M1_GBT_CAL_WEATHER,1.3473700920796627,0.405614174,3.112946172899999,False,0.9512884934400002,0.14549399624999998,0.16147527209999998,0.19106530675,0.711395936,1.091264089,1.7999051858999995,3.703713393949993,7.586066602000001,0.07,14,0.02631578947368421,15,DAYTIME,False,False
2025-09-13T16:00:00+02:00,2025-09-07T23:00:00+02:00,168,137,M1_GBT_CAL_WEATHER,1.7564062926987254,1.072610585,3.112946172899999,False,1.7081923737849993,0.15189088455,0.1644594244,0.326129567,0.9530990079999999,1.340512157,5.2444553585,7.5302999258000005,13.516131381,0.16,32,0.10526315789473684,16,RETURN_RAMP,False,False
2025-09-13T17:00:00+02:00,2025-09-07T23:00:00+02:00,168,138,M1_GBT_CAL_WEATHER,1.8714671276888848,1.072085209,3.112946172899999,False,2.19803379124,0.17597533125,0.2974317141,0.744943316,1.0378222265,1.3626996187499998,7.624748279299999,8.23631576005,15.821120601,0.2,40,0.23684210526315788,17,RETURN_RAMP,False,False
2025-09-13T18:00:00+02:00,2025-09-07T23:00:00+02:00,168,139,M1_GBT_CAL_WEATHER,2.0174510105275165,1.071906013,3.112946172899999,False,2.35637040033,0.15114506505,0.1817585043,0.7205502825,1.0984208065,2.31236787075,7.8754232562999995,9.547032769599994,14.375182424,0.2,40,0.3684210526315789,18,RETURN_RAMP,False,False
2025-09-13T19:00:00+02:00,2025-09-07T23:00:00+02:00,168,140,M1_GBT_CAL_WEATHER,2.0174510105275165,5.250176087,3.112946172899999,True,2.9372114504499987,0.16442215135000002,0.2092060787,0.742826672,1.4403571689999999,4.061818270500001,7.915865781999998,9.473157220149993,16.230125571,0.335,67,0.5263157894736842,19,EVENING,False,True
2025-09-13T20:00:00+02:00,2025-09-07T23:00:00+02:00,168,141,M1_GBT_CAL_WEATHER,1.8081031275235955,6.347220241,3.112946172899999,True,3.679492165690002,0.1888431573,0.2169050617,0.5369007365,2.1307216765,5.75107243325,9.290076342399999,10.539175984099993,19.823822607,0.41,82,0.39473684210526316,20,EVENING,True,True
2025-09-13T21:00:00+02:00,2025-09-07T23:00:00+02:00,168,142,M1_GBT_CAL_WEATHER,1.6930422925334367,4.395620946,3.112946172899999,True,3.608397159365,0.3774655673,0.4313527872,0.675672859,1.6315555245,6.05791969125,8.809035988,10.307613911999992,21.094270163,0.4,80,0.3157894736842105,21,EVENING,True,False
2025-09-13T22:00:00+02:00,2025-09-07T23:00:00+02:00,168,143,M1_GBT_CAL_WEATHER,1.6335367672233423,0.600233128,3.112946172899999,False,2.3012002320950007,0.330600212,0.3789358512,0.50606153475,0.7661224595,1.8206621995,7.927582805999999,8.552095614799999,22.628830964000002,0.215,43,0.21052631578947367,22,EVENING,False,False
2025-09-13T23:00:00+02:00,2025-09-07T23:00:00+02:00,168,144,M1_GBT_CAL_WEATHER,1.0817126919641034,0.610021361,3.112946172899999,False,1.1280301673050004,0.29683489675,0.33012907490000004,0.42693278700000004,0.5775639585,0.89882551925,1.4945241307999964,4.700678047699975,12.706712469,0.065,13,0.10526315789473684,23,NIGHT,False,False
2025-09-14T00:00:00+02:00,2025-09-07T23:00:00+02:00,168,145,M1_GBT_CAL_WEATHER,0.9776307403530641,0.602862627,3.112946172899999,False,0.6996147175599994,0.29235438505,0.3198499807,0.40837723174999996,0.5192604224999999,0.62288185025,0.7007246761,1.0084683480499994,7.933005305,0.03,6,0,0,NIGHT,False,False
2025-09-14T01:00:00+02:00,2025-09-07T23:00:00+02:00,168,146,M1_GBT_CAL_WEATHER,0.9776307403530641,0.604223755,3.112946172899999,False,0.5233877187600001,0.2940978357,0.3189683386,0.3880942395,0.484883253,0.5950441475,0.6506715206,0.67552491385,7.934740584,0.005,1,0,1,NIGHT,False,False
2025-09-14T02:00:00+02:00,2025-09-07T23:00:00+02:00,168,147,M1_GBT_CAL_WEATHER,0.9776307403530641,0.605492126,3.112946172899999,False,0.48854046280999985,0.2957224741,0.3205867772,0.38964214825,0.48635788999999996,0.5967517145,0.6519626259,0.6700408691499999,0.708000194,0.0,0,0,2,NIGHT,False,False
2025-09-14T03:00:00+02:00,2025-09-07T23:00:00+02:00,168,148,M1_GBT_CAL_WEATHER,0.9616624698281938,0.6065813,3.112946172899999,False,0.48918044978999975,0.29711758190000004,0.3219765609,0.39097136774999997,0.48762418949999997,0.59549682475,0.6526111793,0.6712997623999999,0.709375174,0.0,0,0,3,NIGHT,False,False
2025-09-14T04:00:00+02:00,2025-09-07T23:00:00+02:00,168,149,M1_GBT_CAL_WEATHER,0.9616624698281938,0.607417053,3.112946172899999,False,0.49017047682000014,0.2981880863,0.3230429804,0.391991314,0.488595855,0.59645940725,0.6535160707,0.6722657439499998,0.710430233,0.0,0,0,4,NIGHT,False,False
2025-09-14T05:00:00+02:00,2025-09-07T23:00:00+02:00,168,150,M1_GBT_CAL_WEATHER,0.9616624698281938,0.607942429,3.112946172899999,False,0.4907928337550005,0.29886103355,0.3236559542,0.39263247875,0.48920667,0.59706451225,0.6540849085,0.6728729857499999,0.711093471,0.0,0,0,5,NIGHT,False,False
2025-09-14T06:00:00+02:00,2025-09-07T23:00:00+02:00,168,151,M1_GBT_CAL_WEATHER,0.9616624698281938,0.608121625,3.112946172899999,False,0.7136121496849996,0.30815624435,0.346908222,0.43961490175,0.572325663,0.75605208175,1.2447682553999997,1.4089757622,3.972020692,0.01,2,0,6,NIGHT,False,False
2025-09-14T07:00:00+02:00,2025-09-07T23:00:00+02:00,168,152,M1_GBT_CAL_WEATHER,0.9616624698281938,1.477840408,3.112946172899999,False,1.11727564714,0.33782599355000004,0.386548656,0.51199192,0.971742216,1.37732773175,1.8445386276999998,2.600047116499998,7.8306167250000005,0.03,6,0.05263157894736842,7,MORNING,False,False
2025-09-14T08:00:00+02:00,2025-09-07T23:00:00+02:00,168,153,M1_GBT_CAL_WEATHER,0.9616624698281938,1.081719437,3.112946172899999,False,1.1589627832499998,0.16928681555,0.1846508059,0.45844129499999997,0.947214733,1.2758877565,2.6428744976999994,3.776063977149999,6.138184361,0.085,17,0,8,MORNING,False,False
2025-09-14T09:00:00+02:00,2025-09-07T23:00:00+02:00,168,154,M1_GBT_CAL_WEATHER,0.9616624698281938,1.080883684,3.112946172899999,False,1.0980729343700002,0.1742207029,0.21679620589999998,0.886316953,1.050060959,1.2403016342499997,1.3712698038,1.7776451661999944,4.784628636,0.04,8,0,9,DAYTIME,False,False
2025-09-14T10:00:00+02:00,2025-09-07T23:00:00+02:00,168,155,M1_GBT_CAL_WEATHER,0.9616624698281938,1.07979451,3.112946172899999,False,1.0785661578399997,0.1969803818,0.3089711506,0.8516574072499999,1.0484917865,1.2695834725,1.4315366106,1.6837300164999995,4.783115332,0.025,5,0,10,DAYTIME,False,False
2025-09-14T11:00:00+02:00,2025-09-07T23:00:00+02:00,168,156,M1_GBT_CAL_WEATHER,0.9616624698281938,1.493311109,3.112946172899999,False,1.0336547800949993,0.18196823095,0.2103204301,0.6140599392499999,0.975629989,1.266356714,1.573845596,2.359732808799999,5.597091774,0.03,6,0,11,DAYTIME,False,False
2025-09-14T12:00:00+02:00,2025-09-07T23:00:00+02:00,168,157,M1_GBT_CAL_WEATHER,0.9616624698281938,0.672089412,3.112946172899999,False,0.8806549782599997,0.15425336795,0.16700941519999998,0.22428697875,0.8943365464999999,1.1963216845,1.4058364079,2.00400170185,5.089208621,0.02,4,0.02631578947368421,12,DAYTIME,False,False
2025-09-14T13:00:00+02:00,2025-09-07T23:00:00+02:00,168,158,M1_GBT_CAL_WEATHER,1.08627158653887,1.784680415,3.112946172899999,False,0.685908767875,0.13930887865000002,0.1525775564,0.19244847625,0.4102313445,1.039621086,1.3380535359,1.8336054141999987,4.744879694,0.02,4,0.02631578947368421,13,DAYTIME,False,False
2025-09-14T14:00:00+02:00,2025-09-07T23:00:00+02:00,168,159,M1_GBT_CAL_WEATHER,1.1903535381499093,0.946414152,3.112946172899999,False,0.57805191787,0.13671256780000002,0.1418914818,0.17034974475,0.215669683,0.9288496005,1.2416563197,1.385058453199999,5.674358988,0.02,4,0.02631578947368421,14,DAYTIME,False,False
2025-09-14T15:00:00+02:00,2025-09-07T23:00:00+02:00,168,160,M1_GBT_CAL_WEATHER,1.5278518432303805,0.799621055,3.112946172899999,False,0.7218046308450005,0.1369917541,0.14924699600000002,0.1868280135,0.31767695549999997,0.977157131,1.3338497259000002,2.0356508780999967,6.055721143,0.035,7,0.02631578947368421,15,DAYTIME,False,False
2025-09-14T16:00:00+02:00,2025-09-07T23:00:00+02:00,168,161,M1_GBT_CAL_WEATHER,1.7904346572992944,2.473006676,3.112946172899999,False,1.5189846532750002,0.1485179775,0.1783647726,0.2742055535,0.8930139595,1.37575364575,3.8961091317,6.630553742749996,9.562919207,0.135,27,0.10526315789473684,16,RETURN_RAMP,False,False
2025-09-14T17:00:00+02:00,2025-09-07T23:00:00+02:00,168,162,M1_GBT_CAL_WEATHER,1.9054954922894538,2.404408167,3.112946172899999,False,2.3346443270150012,0.1659599682,0.2701442477000001,0.828933288,1.1892959975,2.94709039525,6.8362868258999985,8.16019489725,12.631133454999999,0.23,46,0.23684210526315788,17,RETURN_RAMP,False,False
2025-09-14T18:00:00+02:00,2025-09-07T23:00:00+02:00,168,163,M1_GBT_CAL_WEATHER,2.3510134153116145,0.207376873,3.112946172899999,False,2.798876159780001,0.1775738673,0.22539937630000004,0.8927383165,1.4812643035,3.62651925125,7.5664141548,8.636079875950001,11.938608446,0.29,58,0.3684210526315789,18,RETURN_RAMP,False,False
2025-09-14T19:00:00+02:00,2025-09-07T23:00:00+02:00,168,164,M1_GBT_CAL_WEATHER,2.3510134153116145,1.781424764,3.112946172899999,False,3.0120099387299994,0.15727680605,0.1837633001,0.8784300252499999,2.0366043965,4.208542841,7.948000832999999,8.833180606499997,18.254664212,0.325,65,0.5263157894736842,19,EVENING,False,True
2025-09-14T20:00:00+02:00,2025-09-07T23:00:00+02:00,168,165,M1_GBT_CAL_WEATHER,2.1416655323076927,0.192080307,3.112946172899999,False,3.1508121004549987,0.1674950095,0.2057862234,0.65587744525,1.7152690365,4.5607592885,8.3250456559,9.595610386599999,17.468993175999998,0.36,72,0.39473684210526316,20,EVENING,False,True
2025-09-14T21:00:00+02:00,2025-09-07T23:00:00+02:00,168,166,M1_GBT_CAL_WEATHER,2.026604697317534,0.610820933,3.112946172899999,False,3.264930522180001,0.3105941185,0.44883680880000004,0.6879662520000001,1.4546928875000003,5.61698740175,7.9915496607000005,9.249054044849972,19.87153087,0.335,67,0.3157894736842105,21,EVENING,False,False
2025-09-14T22:00:00+02:00,2025-09-07T23:00:00+02:00,168,167,M1_GBT_CAL_WEATHER,1.779990153773491,0.600233128,3.112946172899999,False,2.1347034431900003,0.29992325445,0.3591411613,0.50634947825,0.695754914,2.0497969452500002,7.973364567,8.161868968450001,12.37148524,0.22,44,0.21052631578947367,22,EVENING,False,False
2025-09-14T23:00:00+02:00,2025-09-07T23:00:00+02:00,168,168,M1_GBT_CAL_WEATHER,1.0817126919641034,0.617912201,3.112946172899999,False,1.0289005726100005,0.2927791983,0.3283185653,0.41103348375000004,0.5390662079999999,0.68381640925,1.4815007122999995,4.458033803049997,8.63368732,0.075,15,0.10526315789473684,23,NIGHT,False,False
2025-09-11T00:00:00+02:00,2025-09-10T23:00:00+02:00,168,1,M1_GBT_CAL_WEATHER,1.0181221229734225,0.602862627,3.343047598300002,False,0.49915254023000005,0.27742728265,0.3078817022,0.39132132025,0.4845618355,0.6063553485,0.6635283847,0.7017373864999983,1.066546955,0.0,0,0,0,NIGHT,False,False
2025-09-11T01:00:00+02:00,2025-09-10T23:00:00+02:00,168,2,M1_GBT_CAL_WEATHER,1.0181221229734225,0.604223755,3.343047598300002,False,0.47713471450000017,0.27905530144999996,0.3092762134,0.38257270849999997,0.4787980125,0.58860625025,0.6480599723999999,0.663987467,0.698351748,0.0,0,0,1,NIGHT,False,False
2025-09-11T02:00:00+02:00,2025-09-10T23:00:00+02:00,168,3,M1_GBT_CAL_WEATHER,1.0181221229734225,0.605492126,3.343047598300002,False,0.4806241500349998,0.28057237335,0.3122679786,0.3852526605,0.481691512,0.5919575125000001,0.6511974301,0.6662559746,0.702894272,0.0,0,0,2,NIGHT,False,False
2025-09-11T03:00:00+02:00,2025-09-10T23:00:00+02:00,168,4,M1_GBT_CAL_WEATHER,1.0181221229734225,0.6065813,3.343047598300002,False,0.48191437841499973,0.2818751129,0.31371661380000004,0.38649830725,0.4830015775,0.5931492190000001,0.6523443012,0.6674900074499999,0.703975019,0.0,0,0,3,NIGHT,False,False
2025-09-11T04:00:00+02:00,2025-09-10T23:00:00+02:00,168,5,M1_GBT_CAL_WEATHER,1.0181221229734225,0.607417053,3.343047598300002,False,0.5513366931800003,0.2981880863,0.3202192715,0.391991314,0.4878395175,0.599986334,0.6580091371,0.68084417825,5.26759821,0.01,2,0,4,NIGHT,False,False
2025-09-11T05:00:00+02:00,2025-09-10T23:00:00+02:00,168,6,M1_GBT_CAL_WEATHER,1.0181221229734225,0.607942429,3.343047598300002,False,0.7686326857649997,0.30077799725000004,0.3240128586,0.40699742475,0.49310686449999996,0.6200675885,0.683387599,2.883225457249998,15.325735301,0.025,5,0,5,NIGHT,False,False
2025-09-11T06:00:00+02:00,2025-09-10T23:00:00+02:00,168,7,M1_GBT_CAL_WEATHER,1.0181221229734225,2.335449878,3.343047598300002,False,1.38934273642,0.32374141865,0.3662153731,0.45585216949999996,0.6155055105,1.66380912225,3.6421392486,4.12782070005,12.960067179000001,0.14,28,0,6,NIGHT,False,False
2025-09-11T07:00:00+02:00,2025-09-10T23:00:00+02:00,168,8,M1_GBT_CAL_WEATHER,1.0181221229734225,2.335270682,3.343047598300002,False,1.8221189473600001,0.34519048360000004,0.40815379360000004,0.5546292525000001,1.302567793,2.6812551934999997,3.9404379419999995,4.626773942049998,12.492697911999999,0.17,34,0.04878048780487805,7,MORNING,False,False
2025-09-11T08:00:00+02:00,2025-09-10T23:00:00+02:00,168,9,M1_GBT_CAL_WEATHER,1.0181221229734225,0.377008996,3.343047598300002,False,1.3690400142799992,0.14684751675,0.1734445956,0.3725350975,1.0091360090000001,1.613484037,3.4219067579999995,4.073970397799992,7.61139711,0.115,23,0,8,MORNING,False,False
2025-09-11T09:00:00+02:00,2025-09-10T23:00:00+02:00,168,10,M1_GBT_CAL_WEATHER,1.0181221229734225,1.080883684,3.343047598300002,False,1.1012462165000003,0.1628818543,0.1853398389,0.75457247175,1.012640489,1.24815955825,1.3826890635999998,3.065546004699997,8.086283449,0.035,7,0,9,DAYTIME,False,False
2025-09-11T10:00:00+02:00,2025-09-10T23:00:00+02:00,168,11,M1_GBT_CAL_WEATHER,1.0181221229734225,1.07979451,3.343047598300002,False,1.0439176632850005,0.16802960690000002,0.20898487770000002,0.7764698355,0.9827450984999999,1.22633158125,1.3500512457,1.8350091055999835,5.045486893,0.03,6,0,10,DAYTIME,False,False
2025-09-11T11:00:00+02:00,2025-09-10T23:00:00+02:00,168,12,M1_GBT_CAL_WEATHER,1.0181221229734225,1.078526139,3.343047598300002,False,1.0240547719600002,0.17328682565,0.2208060404,0.6784815935,0.984123965,1.19782440475,1.3486599471999998,1.8615984938499925,5.721638789,0.035,7,0,11,DAYTIME,False,False
2025-09-11T12:00:00+02:00,2025-09-10T23:00:00+02:00,168,13,M1_GBT_CAL_WEATHER,1.0181221229734225,1.077165011,3.343047598300002,False,0.9136333743649999,0.15273110655,0.1700798664,0.25851363774999997,0.8989721785,1.1500248852500001,1.3336438360999998,1.8988192767999956,5.019569465,0.03,6,0.024390243902439025,12,DAYTIME,False,False
2025-09-11T13:00:00+02:00,2025-09-10T23:00:00+02:00,168,14,M1_GBT_CAL_WEATHER,1.0181221229734225,0.899551169,3.343047598300002,False,0.7855375968300001,0.1423996954,0.15453245510000002,0.1827434565,0.7546657139999999,1.087947926,1.3236680409,1.7342015545499985,5.663048121,0.03,6,0.024390243902439025,13,DAYTIME,False,False
2025-09-11T14:00:00+02:00,2025-09-10T23:00:00+02:00,168,15,M1_GBT_CAL_WEATHER,1.1186656563381743,0.194005234,3.343047598300002,False,0.6430670960199998,0.13671256780000002,0.14908610390000002,0.1685502215,0.2180904085,0.9816855419999999,1.2230545779,1.38779234015,5.9064745180000005,0.02,4,0.024390243902439025,14,DAYTIME,False,False
2025-09-11T15:00:00+02:00,2025-09-10T23:00:00+02:00,168,16,M1_GBT_CAL_WEATHER,1.8154085298835834,0.192916059,3.343047598300002,False,0.6194046244400001,0.13976726365,0.14978785760000002,0.1888553815,0.407925419,0.93596512025,1.1264847567,1.2724595251499997,5.0070429370000005,0.015,3,0.024390243902439025,15,DAYTIME,False,False
2025-09-11T16:00:00+02:00,2025-09-10T23:00:00+02:00,168,17,M1_GBT_CAL_WEATHER,2.2218978630402506,0.356400788,3.343047598300002,False,1.1331550313400003,0.13879028524999998,0.1600701471,0.27646833525,0.893347041,1.19367416175,2.411822097699999,4.265408220949996,6.361576857,0.08,16,0.0975609756097561,16,RETURN_RAMP,False,False
2025-09-11T17:00:00+02:00,2025-09-10T23:00:00+02:00,168,18,M1_GBT_CAL_WEATHER,2.833892076597043,1.072085209,3.343047598300002,False,2.9292419355999995,0.1633701802,0.21125099420000001,0.75226862475,1.1421452545,5.18535251825,8.2784175343,8.604765906999999,14.90852364,0.31,62,0.24390243902439024,17,RETURN_RAMP,False,False
2025-09-11T18:00:00+02:00,2025-09-10T23:00:00+02:00,168,19,M1_GBT_CAL_WEATHER,3.963562179090845,5.554714091,3.343047598300002,True,4.412241233525,0.15927864255000002,0.20515918640000003,1.0020912895,3.3701037305000003,6.97331108075,9.605177836,12.618969835699998,16.166424604,0.5,100,0.4146341463414634,18,RETURN_RAMP,True,True
2025-09-11T19:00:00+02:00,2025-09-10T23:00:00+02:00,168,20,M1_GBT_CAL_WEATHER,3.963562179090845,14.736769083,3.343047598300002,True,5.140503449954997,0.15959347675000002,0.20608903160000003,0.82212987675,3.3960960125,8.45814651325,11.414658471799994,15.0950479762,22.187817981000002,0.505,101,0.4878048780487805,19,EVENING,True,True
2025-09-11T20:00:00+02:00,2025-09-10T23:00:00+02:00,168,21,M1_GBT_CAL_WEATHER,3.4333261002951825,6.470507673,3.343047598300002,True,3.9457815168600003,0.1738485088,0.21482173870000001,0.58699789775,2.3613781795,6.7338086235,9.573388205999999,11.016827255299999,20.475694798,0.4,80,0.3902439024390244,20,EVENING,True,True
2025-09-11T21:00:00+02:00,2025-09-10T23:00:00+02:00,168,22,M1_GBT_CAL_WEATHER,2.7303402750255756,0.599143953,3.343047598300002,False,2.48817985956,0.25247660829999996,0.41659286440000004,0.5951360622499999,1.1898637074999998,2.92083716575,7.262131110099999,8.168442293899998,18.212758999,0.245,49,0.34146341463414637,21,EVENING,False,False
2025-09-11T22:00:00+02:00,2025-09-10T23:00:00+02:00,168,23,M1_GBT_CAL_WEATHER,2.323850941868909,0.609696313,3.343047598300002,False,1.1984525621399995,0.2565632176,0.3669224128,0.47665649025,0.6540649265,1.0325746439999999,1.9923152636999992,6.000802876299997,9.496395513,0.075,15,0.1951219512195122,22,EVENING,False,False
2025-09-11T23:00:00+02:00,2025-09-10T23:00:00+02:00,168,24,M1_GBT_CAL_WEATHER,1.1186656563381743,0.607866082,3.343047598300002,False,0.6515788224049999,0.25503262635,0.32756456120000005,0.4196008665,0.5476555715,0.6799792215,1.0517136901999997,1.22409215105,6.529932563999999,0.01,2,0.0975609756097561,23,NIGHT,False,False
2025-09-12T00:00:00+02:00,2025-09-10T23:00:00+02:00,168,25,M1_GBT_CAL_WEATHER,1.0181221229734225,0.602862627,3.343047598300002,False,0.49683452012,0.25512785085,0.3076951456,0.39223731875,0.4848942,0.604015517,0.6717006496,0.7056008629499997,1.158898373,0.0,0,0,0,NIGHT,False,False
2025-09-12T01:00:00+02:00,2025-09-10T23:00:00+02:00,168,26,M1_GBT_CAL_WEATHER,1.0181221229734225,0.604223755,3.343047598300002,False,0.47879911485000015,0.2565489058,0.3040051909,0.386896286,0.4815668595,0.5915702375,0.6500586041,0.6685748573499999,0.706398996,0.0,0,0,1,NIGHT,False,False
2025-09-12T02:00:00+02:00,2025-09-10T23:00:00+02:00,168,27,M1_GBT_CAL_WEATHER,1.0181221229734225,0.605492126,3.343047598300002,False,0.48030161749999983,0.25787311739999996,0.3053180501,0.38848047274999997,0.483016271,0.5929564869999999,0.6514319019,0.6700408691499999,0.708000194,0.0,0,0,2,NIGHT,False,False
2025-09-12T03:00:00+02:00,2025-09-10T23:00:00+02:00,168,28,M1_GBT_CAL_WEATHER,1.0181221229734225,0.6065813,3.343047598300002,False,0.5269644454949997,0.25901024440000003,0.3064454279,0.3898408445,0.48553978600000003,0.597149995,0.6569951098,0.6798997658,3.853640355,0.01,2,0,3,NIGHT,False,False
2025-09-12T04:00:00+02:00,2025-09-10T23:00:00+02:00,168,29,M1_GBT_CAL_WEATHER,1.0181221229734225,0.607417053,3.343047598300002,False,0.7135120531100001,0.25988279255,0.3073104951,0.39726765799999997,0.4913759705,0.61498439875,0.6882792013,3.1491901332499976,4.231588381,0.04,8,0,4,NIGHT,False,False
2025-09-12T05:00:00+02:00,2025-09-10T23:00:00+02:00,168,30,M1_GBT_CAL_WEATHER,1.0181221229734225,0.607942429,3.343047598300002,False,0.5231866276500005,0.26043129935000003,0.3078542993,0.39263247875,0.4882653315,0.59865692875,0.6586465810000001,0.68152307505,3.6969455570000003,0.005,1,0,5,NIGHT,False,False
2025-09-12T06:00:00+02:00,2025-09-10T23:00:00+02:00,168,31,M1_GBT_CAL_WEATHER,1.0181221229734225,0.704832392,3.343047598300002,False,0.7579689024799997,0.28150058645000003,0.33937652679999997,0.44281365925,0.573779377,0.7150522105000001,1.3578057909999999,2.2053505495999985,4.126252128,0.015,3,0,6,NIGHT,False,False
2025-09-12T07:00:00+02:00,2025-09-10T23:00:00+02:00,168,32,M1_GBT_CAL_WEATHER,1.0181221229734225,1.488472707,3.343047598300002,False,1.1815167835649998,0.3179263168,0.3966992531,0.5155940907500001,0.8317006769999999,1.5312314845000001,2.3113159242,3.4718610327499966,4.994338635,0.055,11,0.04878048780487805,7,MORNING,False,False
2025-09-12T08:00:00+02:00,2025-09-10T23:00:00+02:00,168,33,M1_GBT_CAL_WEATHER,1.0181221229734225,2.809047691,3.343047598300002,False,1.0887257886750004,0.15012491195000002,0.1731600592,0.32353570425,0.91394596,1.23718718275,2.129889565799999,3.457367858999995,7.680496536,0.06,12,0,8,MORNING,False,False
2025-09-12T09:00:00+02:00,2025-09-10T23:00:00+02:00,168,34,M1_GBT_CAL_WEATHER,1.0181221229734225,1.080883684,3.343047598300002,False,1.1089374522700002,0.1648867203,0.1978614712,0.7826332082499999,1.0169653859999999,1.2261751595,1.3490188146,1.5581836958999988,12.647968084,0.03,6,0,9,DAYTIME,False,False
2025-09-12T10:00:00+02:00,2025-09-10T23:00:00+02:00,168,35,M1_GBT_CAL_WEATHER,1.0181221229734225,1.07979451,3.343047598300002,False,1.1461486101450007,0.17240585275,0.33390361230000004,0.8250434612499999,1.026719524,1.22366542525,1.3592384867,1.8884241959499999,9.372793183999999,0.04,8,0,10,DAYTIME,False,False
2025-09-12T11:00:00+02:00,2025-09-10T23:00:00+02:00,168,36,M1_GBT_CAL_WEATHER,1.0181221229734225,1.078526139,3.343047598300002,False,1.11384772974,0.19596371865,0.2291000081,0.7547125564999999,1.020979752,1.2371942962499998,1.3756139143000001,2.4941819796999853,7.334284471,0.035,7,0,11,DAYTIME,False,False
2025-09-12T12:00:00+02:00,2025-09-10T23:00:00+02:00,168,37,M1_GBT_CAL_WEATHER,1.0181221229734225,0.384961807,3.343047598300002,False,0.9692204827950002,0.1567273462,0.1810845777,0.23533756975,0.877780096,1.1662691092500002,1.3763258930000002,2.594147027149999,8.691325184,0.04,8,0.024390243902439025,12,DAYTIME,False,False
2025-09-12T13:00:00+02:00,2025-09-10T23:00:00+02:00,168,38,M1_GBT_CAL_WEATHER,1.0181221229734225,0.195273604,3.343047598300002,False,0.707630832965,0.1438753007,0.1572749068,0.1899180385,0.3981039125,1.0659433147500001,1.3029772616,1.469105284499999,7.563507799,0.02,4,0.024390243902439025,13,DAYTIME,False,False
2025-09-12T14:00:00+02:00,2025-09-10T23:00:00+02:00,168,39,M1_GBT_CAL_WEATHER,1.1186656563381743,0.194005234,3.343047598300002,False,0.5430412129949999,0.13705230015,0.1472103986,0.1685502215,0.20779766649999998,0.88172135025,1.2304708626999998,1.3564745118999992,7.56206224,0.005,1,0.024390243902439025,14,DAYTIME,False,False
2025-09-12T15:00:00+02:00,2025-09-10T23:00:00+02:00,168,40,M1_GBT_CAL_WEATHER,1.8154085298835834,0.192916059,3.343047598300002,False,0.60931705779,0.142456366,0.1570195952,0.1850060465,0.401716405,0.956225674,1.1993761118,1.3001130077999992,7.560820911,0.01,2,0.024390243902439025,15,DAYTIME,False,False
2025-09-12T16:00:00+02:00,2025-09-10T23:00:00+02:00,168,41,M1_GBT_CAL_WEATHER,2.2218978630402506,2.754926407,3.343047598300002,False,1.2916624590850003,0.1559481516,0.16728209170000002,0.280828682,0.9027944735,1.2598723295,3.3133430624,4.716872810949999,8.235268115,0.095,19,0.0975609756097561,16,RETURN_RAMP,False,False
2025-09-12T17:00:00+02:00,2025-09-10T23:00:00+02:00,168,42,M1_GBT_CAL_WEATHER,2.5747444429237754,8.472085209,3.343047598300002,True,3.201220759645001,0.19753563005000002,0.2971470497,0.82602254325,1.1871208850000001,6.088079544999999,8.4034450423,8.662589506499998,14.413592186999999,0.37,74,0.24390243902439024,17,RETURN_RAMP,False,False
2025-09-12T18:00:00+02:00,2025-09-10T23:00:00+02:00,168,43,M1_GBT_CAL_WEATHER,3.309384633370794,8.490256196,3.343047598300002,True,4.245150002340001,0.16194527725,0.197173026,0.90447201825,2.627036295,7.559667824500001,8.984550685999999,11.533554544499987,18.314469565,0.46,92,0.4146341463414634,18,RETURN_RAMP,True,True
2025-09-12T19:00:00+02:00,2025-09-10T23:00:00+02:00,168,44,M1_GBT_CAL_WEATHER,3.309384633370794,15.019444162,3.343047598300002,True,4.765088232264998,0.17548291845,0.20155527799999998,0.80166813,3.217523665,8.0552108565,10.439286252799997,14.058424850549999,17.489302143,0.495,99,0.4878048780487805,19,EVENING,True,True
2025-09-12T20:00:00+02:00,2025-09-10T23:00:00+02:00,168,45,M1_GBT_CAL_WEATHER,3.0831868549091,8.229498209,3.343047598300002,True,3.6487256917250006,0.1772695672,0.2194112517,0.45762586774999997,1.9157132115,5.9761478415000004,9.4637071764,11.071135415999995,17.196483888,0.365,73,0.3902439024390244,20,EVENING,False,True
2025-09-12T21:00:00+02:00,2025-09-10T23:00:00+02:00,168,46,M1_GBT_CAL_WEATHER,2.7303402750255756,0.785513466,3.343047598300002,False,2.5278366207200014,0.264220231,0.4543116696000001,0.647070477,1.161304215,3.0561178250000003,7.7822831126,8.375235791199998,14.750819758999999,0.24,48,0.34146341463414637,21,EVENING,False,False
2025-09-12T22:00:00+02:00,2025-09-10T23:00:00+02:00,168,47,M1_GBT_CAL_WEATHER,2.323850941868909,0.606895107,3.343047598300002,False,1.465815786345,0.2628728967,0.3439413747,0.4942843145,0.6584037654999999,1.1206355355,3.9183257123999975,8.054561320700001,9.976630499,0.11,22,0.1951219512195122,22,EVENING,False,False
2025-09-12T23:00:00+02:00,2025-09-10T23:00:00+02:00,168,48,M1_GBT_CAL_WEATHER,1.1186656563381743,0.618473344,3.343047598300002,False,0.8818852872550005,0.25936821355,0.32963792840000006,0.42812011250000004,0.5514247895,0.69593066525,1.2055462848999998,2.846713826149978,7.998957983,0.05,10,0.0975609756097561,23,NIGHT,False,False
2025-09-13T00:00:00+02:00,2025-09-10T23:00:00+02:00,168,49,M1_GBT_CAL_WEATHER,1.0181221229734225,0.602862627,3.343047598300002,False,0.5155564799,0.2664393394,0.3117645615,0.3894762025,0.501745898,0.6063553485,0.667362205,0.7360329633999998,2.4524438490000002,0.0,0,0,0,NIGHT,False,False
2025-09-13T01:00:00+02:00,2025-09-10T23:00:00+02:00,168,50,M1_GBT_CAL_WEATHER,1.0181221229734225,0.604223755,3.343047598300002,False,0.5172409024000001,0.26828546635,0.3090537995,0.38257270849999997,0.4836951145,0.5945399100000001,0.6506715206,0.67552491385,7.716110304000001,0.005,1,0,1,NIGHT,False,False
2025-09-13T02:00:00+02:00,2025-09-10T23:00:00+02:00,168,51,M1_GBT_CAL_WEATHER,1.0181221229734225,0.605492126,3.343047598300002,False,0.5136966208899998,0.27000578205000003,0.31031986240000003,0.38390871449999997,0.48529507650000003,0.5959441480000001,0.6519626259,0.6770379761499999,6.708407772,0.005,1,0,2,NIGHT,False,False
2025-09-13T03:00:00+02:00,2025-09-10T23:00:00+02:00,168,52,M1_GBT_CAL_WEATHER,1.0181221229734225,0.6065813,3.343047598300002,False,0.4830336334299998,0.27148305155,0.31140705560000004,0.38469275750000004,0.486493937,0.59523548775,0.6526111793,0.6712997623999999,0.709375174,0.0,0,0,3,NIGHT,False,False
2025-09-13T04:00:00+02:00,2025-09-10T23:00:00+02:00,168,53,M1_GBT_CAL_WEATHER,1.0181221229734225,0.607417053,3.343047598300002,False,0.48402366046000006,0.2726165996,0.31224128770000004,0.385791812,0.487581599,0.5961262792500001,0.6535160707,0.6722657439499998,0.710430233,0.0,0,0,4,NIGHT,False,False
2025-09-13T05:00:00+02:00,2025-09-10T23:00:00+02:00,168,54,M1_GBT_CAL_WEATHER,1.0181221229734225,0.607942429,3.343047598300002,False,0.4852721043550003,0.27446110139999996,0.3127657086,0.386482707,0.4882653315,0.5966862545,0.6540849085,0.6728729857499999,0.711093471,0.0,0,0,5,NIGHT,False,False
2025-09-13T06:00:00+02:00,2025-09-10T23:00:00+02:00,168,55,M1_GBT_CAL_WEATHER,1.0181221229734225,0.608121625,3.343047598300002,False,0.6980956483549996,0.3009543725,0.3238523981,0.43537598325000004,0.5823419224999999,0.8277866385,1.2084229556,1.4579571359999999,2.824211686,0.0,0,0,6,NIGHT,False,False
2025-09-13T07:00:00+02:00,2025-09-10T23:00:00+02:00,168,56,M1_GBT_CAL_WEATHER,1.0181221229734225,0.878573536,3.343047598300002,False,1.0777875243049997,0.30337202735,0.3481883577,0.4899557245,0.854209259,1.45307046025,2.0071104252,2.591357103649998,3.958419536,0.025,5,0.04878048780487805,7,MORNING,False,False
2025-09-13T08:00:00+02:00,2025-09-10T23:00:00+02:00,168,57,M1_GBT_CAL_WEATHER,1.0181221229734225,1.560207753,3.343047598300002,False,0.9538032087349998,0.1511235961,0.173776274,0.354444295,0.9011093619999999,1.1886485955000001,1.3766658666,2.295322506399999,7.409542075,0.02,4,0,8,MORNING,False,False
2025-09-13T09:00:00+02:00,2025-09-10T23:00:00+02:00,168,58,M1_GBT_CAL_WEATHER,1.0181221229734225,1.080883684,3.343047598300002,False,1.0421195881249998,0.166391148,0.2131733315,0.81062300225,1.020809174,1.2072655305,1.3291805740999998,1.3798891886999998,6.014337605,0.025,5,0,9,DAYTIME,False,False
2025-09-13T10:00:00+02:00,2025-09-10T23:00:00+02:00,168,59,M1_GBT_CAL_WEATHER,1.0181221229734225,1.223203054,3.343047598300002,False,1.14075503629,0.18978217225000002,0.3055847274000001,0.8522804879999999,1.0475066444999999,1.2419065037500001,1.3699382204,1.9532335615999967,5.894920388,0.04,8,0,10,DAYTIME,False,False
2025-09-13T11:00:00+02:00,2025-09-10T23:00:00+02:00,168,60,M1_GBT_CAL_WEATHER,1.0181221229734225,2.103932826,3.343047598300002,False,1.1933205330950003,0.18437588060000001,0.2115601423,0.82284493675,1.0601578795000002,1.2575987425,1.4399444805,2.741591699999986,8.414721474999999,0.05,10,0,11,DAYTIME,False,False
2025-09-13T12:00:00+02:00,2025-09-10T23:00:00+02:00,168,61,M1_GBT_CAL_WEATHER,1.0181221229734225,2.835993872,3.343047598300002,False,1.092351640035,0.16219922395,0.1815290369,0.32298798950000007,0.9536763684999999,1.2601384467499999,2.1663386685,2.781909041449999,8.413207301,0.035,7,0.024390243902439025,12,DAYTIME,False,False
2025-09-13T13:00:00+02:00,2025-09-10T23:00:00+02:00,168,62,M1_GBT_CAL_WEATHER,1.0181221229734225,0.195273604,3.343047598300002,False,0.968501107225,0.15184369025000002,0.16146837679999998,0.20339497725,0.7720416489999999,1.1562745225,1.798782795999999,3.466586555649996,8.411693126,0.06,12,0.024390243902439025,13,DAYTIME,False,False
2025-09-13T14:00:00+02:00,2025-09-10T23:00:00+02:00,168,63,M1_GBT_CAL_WEATHER,1.1186656563381743,0.194005234,3.343047598300002,False,0.8389742580299995,0.13602513965,0.14667045680000002,0.17629030725,0.3073168565,1.08486317725,1.4393396614999991,3.6846786375,8.082856776,0.055,11,0.024390243902439025,14,DAYTIME,False,False
2025-09-13T15:00:00+02:00,2025-09-10T23:00:00+02:00,168,64,M1_GBT_CAL_WEATHER,1.8154085298835834,0.405614174,3.343047598300002,False,0.9512884934400002,0.14549399624999998,0.16147527209999998,0.19106530675,0.711395936,1.091264089,1.7999051858999995,3.703713393949993,7.586066602000001,0.07,14,0.024390243902439025,15,DAYTIME,False,False
2025-09-13T16:00:00+02:00,2025-09-10T23:00:00+02:00,168,65,M1_GBT_CAL_WEATHER,2.2218978630402506,1.072610585,3.343047598300002,False,1.7081923737849993,0.15189088455,0.1644594244,0.326129567,0.9530990079999999,1.340512157,5.2444553585,7.5302999258000005,13.516131381,0.15,30,0.0975609756097561,16,RETURN_RAMP,False,False
2025-09-13T17:00:00+02:00,2025-09-10T23:00:00+02:00,168,66,M1_GBT_CAL_WEATHER,2.5747444429237754,1.072085209,3.343047598300002,False,2.19803379124,0.17597533125,0.2974317141,0.744943316,1.0378222265,1.3626996187499998,7.624748279299999,8.23631576005,15.821120601,0.2,40,0.24390243902439024,17,RETURN_RAMP,False,False
2025-09-13T18:00:00+02:00,2025-09-10T23:00:00+02:00,168,67,M1_GBT_CAL_WEATHER,3.2183930216579792,1.071906013,3.343047598300002,False,2.35637040033,0.15114506505,0.1817585043,0.7205502825,1.0984208065,2.31236787075,7.8754232562999995,9.547032769599994,14.375182424,0.19,38,0.4146341463414634,18,RETURN_RAMP,False,True
2025-09-13T19:00:00+02:00,2025-09-10T23:00:00+02:00,168,68,M1_GBT_CAL_WEATHER,3.2183930216579792,5.250176087,3.343047598300002,True,2.9372114504499987,0.16442215135000002,0.2092060787,0.742826672,1.4403571689999999,4.061818270500001,7.915865781999998,9.473157220149993,16.230125571,0.315,63,0.4878048780487805,19,EVENING,False,True
2025-09-13T20:00:00+02:00,2025-09-10T23:00:00+02:00,168,69,M1_GBT_CAL_WEATHER,2.992195243196285,6.347220241,3.343047598300002,True,3.679492165690002,0.1888431573,0.2169050617,0.5369007365,2.1307216765,5.75107243325,9.290076342399999,10.539175984099993,19.823822607,0.4,80,0.3902439024390244,20,EVENING,True,True
2025-09-13T21:00:00+02:00,2025-09-10T23:00:00+02:00,168,70,M1_GBT_CAL_WEATHER,2.7303402750255756,4.395620946,3.343047598300002,True,3.608397159365,0.3774655673,0.4313527872,0.675672859,1.6315555245,6.05791969125,8.809035988,10.307613911999992,21.094270163,0.385,77,0.34146341463414637,21,EVENING,True,False
2025-09-13T22:00:00+02:00,2025-09-10T23:00:00+02:00,168,71,M1_GBT_CAL_WEATHER,2.323850941868909,0.600233128,3.343047598300002,False,2.3012002320950007,0.330600212,0.3789358512,0.50606153475,0.7661224595,1.8206621995,7.927582805999999,8.552095614799999,22.628830964000002,0.205,41,0.1951219512195122,22,EVENING,False,False
2025-09-13T23:00:00+02:00,2025-09-10T23:00:00+02:00,168,72,M1_GBT_CAL_WEATHER,1.1186656563381743,0.610021361,3.343047598300002,False,1.1280301673050004,0.29683489675,0.33012907490000004,0.42693278700000004,0.5775639585,0.89882551925,1.4945241307999964,4.700678047699975,12.706712469,0.06,12,0.0975609756097561,23,NIGHT,False,False
2025-09-14T00:00:00+02:00,2025-09-10T23:00:00+02:00,168,73,M1_GBT_CAL_WEATHER,1.0181221229734225,0.602862627,3.343047598300002,False,0.6996147175599994,0.29235438505,0.3198499807,0.40837723174999996,0.5192604224999999,0.62288185025,0.7007246761,1.0084683480499994,7.933005305,0.03,6,0,0,NIGHT,False,False
2025-09-14T01:00:00+02:00,2025-09-10T23:00:00+02:00,168,74,M1_GBT_CAL_WEATHER,1.0181221229734225,0.604223755,3.343047598300002,False,0.5233877187600001,0.2940978357,0.3189683386,0.3880942395,0.484883253,0.5950441475,0.6506715206,0.67552491385,7.934740584,0.005,1,0,1,NIGHT,False,False
2025-09-14T02:00:00+02:00,2025-09-10T23:00:00+02:00,168,75,M1_GBT_CAL_WEATHER,1.0181221229734225,0.605492126,3.343047598300002,False,0.48854046280999985,0.2957224741,0.3205867772,0.38964214825,0.48635788999999996,0.5967517145,0.6519626259,0.6700408691499999,0.708000194,0.0,0,0,2,NIGHT,False,False
2025-09-14T03:00:00+02:00,2025-09-10T23:00:00+02:00,168,76,M1_GBT_CAL_WEATHER,1.0181221229734225,0.6065813,3.343047598300002,False,0.48918044978999975,0.29711758190000004,0.3219765609,0.39097136774999997,0.48762418949999997,0.59549682475,0.6526111793,0.6712997623999999,0.709375174,0.0,0,0,3,NIGHT,False,False
2025-09-14T04:00:00+02:00,2025-09-10T23:00:00+02:00,168,77,M1_GBT_CAL_WEATHER,1.0181221229734225,0.607417053,3.343047598300002,False,0.49017047682000014,0.2981880863,0.3230429804,0.391991314,0.488595855,0.59645940725,0.6535160707,0.6722657439499998,0.710430233,0.0,0,0,4,NIGHT,False,False
2025-09-14T05:00:00+02:00,2025-09-10T23:00:00+02:00,168,78,M1_GBT_CAL_WEATHER,1.0181221229734225,0.607942429,3.343047598300002,False,0.4907928337550005,0.29886103355,0.3236559542,0.39263247875,0.48920667,0.59706451225,0.6540849085,0.6728729857499999,0.711093471,0.0,0,0,5,NIGHT,False,False
2025-09-14T06:00:00+02:00,2025-09-10T23:00:00+02:00,168,79,M1_GBT_CAL_WEATHER,1.0181221229734225,0.608121625,3.343047598300002,False,0.7136121496849996,0.30815624435,0.346908222,0.43961490175,0.572325663,0.75605208175,1.2447682553999997,1.4089757622,3.972020692,0.01,2,0,6,NIGHT,False,False
2025-09-14T07:00:00+02:00,2025-09-10T23:00:00+02:00,168,80,M1_GBT_CAL_WEATHER,1.0181221229734225,1.477840408,3.343047598300002,False,1.11727564714,0.33782599355000004,0.386548656,0.51199192,0.971742216,1.37732773175,1.8445386276999998,2.600047116499998,7.8306167250000005,0.02,4,0.04878048780487805,7,MORNING,False,False
2025-09-14T08:00:00+02:00,2025-09-10T23:00:00+02:00,168,81,M1_GBT_CAL_WEATHER,1.0181221229734225,1.081719437,3.343047598300002,False,1.1589627832499998,0.16928681555,0.1846508059,0.45844129499999997,0.947214733,1.2758877565,2.6428744976999994,3.776063977149999,6.138184361,0.06,12,0,8,MORNING,False,False
2025-09-14T09:00:00+02:00,2025-09-10T23:00:00+02:00,168,82,M1_GBT_CAL_WEATHER,1.0181221229734225,1.080883684,3.343047598300002,False,1.0980729343700002,0.1742207029,0.21679620589999998,0.886316953,1.050060959,1.2403016342499997,1.3712698038,1.7776451661999944,4.784628636,0.035,7,0,9,DAYTIME,False,False
2025-09-14T10:00:00+02:00,2025-09-10T23:00:00+02:00,168,83,M1_GBT_CAL_WEATHER,1.0181221229734225,1.07979451,3.343047598300002,False,1.0785661578399997,0.1969803818,0.3089711506,0.8516574072499999,1.0484917865,1.2695834725,1.4315366106,1.6837300164999995,4.783115332,0.025,5,0,10,DAYTIME,False,False
2025-09-14T11:00:00+02:00,2025-09-10T23:00:00+02:00,168,84,M1_GBT_CAL_WEATHER,1.0181221229734225,1.493311109,3.343047598300002,False,1.0336547800949993,0.18196823095,0.2103204301,0.6140599392499999,0.975629989,1.266356714,1.573845596,2.359732808799999,5.597091774,0.025,5,0,11,DAYTIME,False,False
2025-09-14T12:00:00+02:00,2025-09-10T23:00:00+02:00,168,85,M1_GBT_CAL_WEATHER,1.0181221229734225,0.672089412,3.343047598300002,False,0.8806549782599997,0.15425336795,0.16700941519999998,0.22428697875,0.8943365464999999,1.1963216845,1.4058364079,2.00400170185,5.089208621,0.02,4,0.024390243902439025,12,DAYTIME,False,False
2025-09-14T13:00:00+02:00,2025-09-10T23:00:00+02:00,168,86,M1_GBT_CAL_WEATHER,1.1486028754141904,1.784680415,3.343047598300002,False,0.685908767875,0.13930887865000002,0.1525775564,0.19244847625,0.4102313445,1.039621086,1.3380535359,1.8336054141999987,4.744879694,0.015,3,0.024390243902439025,13,DAYTIME,False,False
2025-09-14T14:00:00+02:00,2025-09-10T23:00:00+02:00,168,87,M1_GBT_CAL_WEATHER,1.2491464087789421,0.946414152,3.343047598300002,False,0.57805191787,0.13671256780000002,0.1418914818,0.17034974475,0.215669683,0.9288496005,1.2416563197,1.385058453199999,5.674358988,0.02,4,0.024390243902439025,14,DAYTIME,False,False
2025-09-14T15:00:00+02:00,2025-09-10T23:00:00+02:00,168,88,M1_GBT_CAL_WEATHER,1.861828475669086,0.799621055,3.343047598300002,False,0.7218046308450005,0.1369917541,0.14924699600000002,0.1868280135,0.31767695549999997,0.977157131,1.3338497259000002,2.0356508780999967,6.055721143,0.03,6,0.024390243902439025,15,DAYTIME,False,False
2025-09-14T16:00:00+02:00,2025-09-10T23:00:00+02:00,168,89,M1_GBT_CAL_WEATHER,2.2683178088257536,2.473006676,3.343047598300002,False,1.5189846532750002,0.1485179775,0.1783647726,0.2742055535,0.8930139595,1.37575364575,3.8961091317,6.630553742749996,9.562919207,0.12,24,0.0975609756097561,16,RETURN_RAMP,False,False
2025-09-14T17:00:00+02:00,2025-09-10T23:00:00+02:00,168,90,M1_GBT_CAL_WEATHER,2.5747444429237754,2.404408167,3.343047598300002,False,2.3346443270150012,0.1659599682,0.2701442477000001,0.828933288,1.1892959975,2.94709039525,6.8362868258999985,8.16019489725,12.631133454999999,0.19,38,0.24390243902439024,17,RETURN_RAMP,False,False
2025-09-14T18:00:00+02:00,2025-09-10T23:00:00+02:00,168,91,M1_GBT_CAL_WEATHER,3.309384633370794,0.207376873,3.343047598300002,False,2.798876159780001,0.1775738673,0.22539937630000004,0.8927383165,1.4812643035,3.62651925125,7.5664141548,8.636079875950001,11.938608446,0.275,55,0.4146341463414634,18,RETURN_RAMP,False,True
2025-09-14T19:00:00+02:00,2025-09-10T23:00:00+02:00,168,92,M1_GBT_CAL_WEATHER,3.309384633370794,1.781424764,3.343047598300002,False,3.0120099387299994,0.15727680605,0.1837633001,0.8784300252499999,2.0366043965,4.208542841,7.948000832999999,8.833180606499997,18.254664212,0.305,61,0.4878048780487805,19,EVENING,False,True
2025-09-14T20:00:00+02:00,2025-09-10T23:00:00+02:00,168,93,M1_GBT_CAL_WEATHER,3.0831868549091,0.192080307,3.343047598300002,False,3.1508121004549987,0.1674950095,0.2057862234,0.65587744525,1.7152690365,4.5607592885,8.3250456559,9.595610386599999,17.468993175999998,0.335,67,0.3902439024390244,20,EVENING,False,False
2025-09-14T21:00:00+02:00,2025-09-10T23:00:00+02:00,168,94,M1_GBT_CAL_WEATHER,2.7303402750255756,0.610820933,3.343047598300002,False,3.264930522180001,0.3105941185,0.44883680880000004,0.6879662520000001,1.4546928875000003,5.61698740175,7.9915496607000005,9.249054044849972,19.87153087,0.325,65,0.34146341463414637,21,EVENING,False,False
2025-09-14T22:00:00+02:00,2025-09-10T23:00:00+02:00,168,95,M1_GBT_CAL_WEATHER,2.323850941868909,0.600233128,3.343047598300002,False,2.1347034431900003,0.29992325445,0.3591411613,0.50634947825,0.695754914,2.0497969452500002,7.973364567,8.161868968450001,12.37148524,0.22,44,0.1951219512195122,22,EVENING,False,False
2025-09-14T23:00:00+02:00,2025-09-10T23:00:00+02:00,168,96,M1_GBT_CAL_WEATHER,1.1186656563381743,0.617912201,3.343047598300002,False,1.0289005726100005,0.2927791983,0.3283185653,0.41103348375000004,0.5390662079999999,0.68381640925,1.4815007122999995,4.458033803049997,8.63368732,0.065,13,0.0975609756097561,23,NIGHT,False,False
2025-09-15T00:00:00+02:00,2025-09-10T23:00:00+02:00,168,97,M1_GBT_CAL_WEATHER,1.0181221229734225,0.602862627,3.343047598300002,False,0.6531666051349997,0.29143467894999997,0.31577124560000003,0.39371607675,0.4848942,0.5969351605,0.6762738988,0.9398610009499988,8.008671758,0.02,4,0,0,NIGHT,False,False
2025-09-15T01:00:00+02:00,2025-09-10T23:00:00+02:00,168,98,M1_GBT_CAL_WEATHER,1.0181221229734225,0.604223755,3.343047598300002,False,0.5300741390050002,0.2940978357,0.31755151540000004,0.386896286,0.483425793,0.5905697409999999,0.6480599723999999,0.6648189129,7.788346188,0.005,1,0,1,NIGHT,False,False
2025-09-15T02:00:00+02:00,2025-09-10T23:00:00+02:00,168,99,M1_GBT_CAL_WEATHER,1.0181221229734225,0.605492126,3.343047598300002,False,0.4948625674399999,0.2957224741,0.3192104621,0.38848047274999997,0.485076469,0.5919575125000001,0.6448927773,0.66567840465,2.962120347,0.0,0,0,2,NIGHT,False,False
2025-09-15T03:00:00+02:00,2025-09-10T23:00:00+02:00,168,100,M1_GBT_CAL_WEATHER,1.0181221229734225,0.6065813,3.343047598300002,False,0.4832914636149998,0.29711758190000004,0.3206350326,0.3898408445,0.48553978600000003,0.5916980912500001,0.6448115300999999,0.6666433344,0.709375174,0.0,0,0,3,NIGHT,False,False
2025-09-15T04:00:00+02:00,2025-09-10T23:00:00+02:00,168,101,M1_GBT_CAL_WEATHER,1.0181221229734225,0.607417053,3.343047598300002,False,0.5073727251300001,0.3002608934,0.32320441499999997,0.391991314,0.487581599,0.5940636477500001,0.647547289,0.6682446352,4.859387753999999,0.005,1,0,4,NIGHT,False,False
2025-09-15T05:00:00+02:00,2025-09-10T23:00:00+02:00,168,102,M1_GBT_CAL_WEATHER,1.0181221229734225,0.607942429,3.343047598300002,False,0.5228243238650002,0.30077799725000004,0.3238176027,0.39263247875,0.4882653315,0.59463848125,0.6482717929999999,0.66885446235,7.825935912,0.005,1,0,5,NIGHT,False,False
2025-09-15T06:00:00+02:00,2025-09-10T23:00:00+02:00,168,103,M1_GBT_CAL_WEATHER,1.0181221229734225,0.608121625,3.343047598300002,False,0.6736293165699999,0.30353317599999996,0.3384645725,0.43340420425,0.576659274,0.77875763675,1.2686969585,1.3748449992999996,2.591828972,0.0,0,0,6,NIGHT,False,False
2025-09-15T07:00:00+02:00,2025-09-10T23:00:00+02:00,168,104,M1_GBT_CAL_WEATHER,1.0181221229734225,1.201781639,3.343047598300002,False,1.2028405835699998,0.31965724635000003,0.3924372493,0.5382602802500001,0.956807288,1.5251478829999998,2.1150149713,2.9136892837499992,9.281172075,0.035,7,0.04878048780487805,7,MORNING,False,False
2025-09-15T08:00:00+02:00,2025-09-10T23:00:00+02:00,168,105,M1_GBT_CAL_WEATHER,1.0181221229734225,1.081719437,3.343047598300002,False,0.9824734336300004,0.16131726895,0.1760504805,0.31596885225,0.894346913,1.1527172882499999,1.3828977321999998,2.5232769812999996,9.212932256,0.025,5,0,8,MORNING,False,False
2025-09-15T09:00:00+02:00,2025-09-10T23:00:00+02:00,168,106,M1_GBT_CAL_WEATHER,1.0181221229734225,1.080883684,3.343047598300002,False,1.05823887022,0.1731188311,0.1932171729,0.8203676,1.0141595245000001,1.22500676625,1.3356937040999999,1.3803065292499996,12.412356482,0.02,4,0,9,DAYTIME,False,False
2025-09-15T10:00:00+02:00,2025-09-10T23:00:00+02:00,168,107,M1_GBT_CAL_WEATHER,1.0181221229734225,1.07979451,3.343047598300002,False,1.075636867705,0.19181325885,0.4407411780000001,0.812861813,1.01143079,1.1926183985,1.3485966673,1.708116427899998,12.411275735,0.02,4,0,10,DAYTIME,False,False
2025-09-15T11:00:00+02:00,2025-09-10T23:00:00+02:00,168,108,M1_GBT_CAL_WEATHER,1.0181221229734225,1.078526139,3.343047598300002,False,1.0473202800199997,0.1838110788,0.22441863120000002,0.7741407375,1.001838611,1.22265189875,1.3486599471999998,1.544201069149995,11.069742421,0.02,4,0,11,DAYTIME,False,False
2025-09-15T12:00:00+02:00,2025-09-10T23:00:00+02:00,168,109,M1_GBT_CAL_WEATHER,1.1486028754141904,0.536459126,3.343047598300002,False,0.8540023841249998,0.15381945284999998,0.1672684273,0.211205634,0.867622118,1.1708314637500001,1.3253464629999998,1.708422803899995,4.700716023,0.025,5,0.024390243902439025,12,DAYTIME,False,False
2025-09-15T13:00:00+02:00,2025-09-10T23:00:00+02:00,168,110,M1_GBT_CAL_WEATHER,1.609532001031956,0.195273604,3.343047598300002,False,0.73714253229,0.1427783098,0.1584187808,0.19035747325,0.5030905715,1.101274356,1.3004721486,1.686255763699996,4.8873431919999994,0.02,4,0.024390243902439025,13,DAYTIME,False,False
2025-09-15T14:00:00+02:00,2025-09-10T23:00:00+02:00,168,111,M1_GBT_CAL_WEATHER,1.7100755343967076,0.194005234,3.343047598300002,False,0.6715137647899997,0.13678562225000002,0.1466724807,0.16960969025,0.21228452650000001,1.0528821490000002,1.3014858972999999,1.9268932433499932,6.258259185999999,0.025,5,0.024390243902439025,14,DAYTIME,False,False
2025-09-15T15:00:00+02:00,2025-09-10T23:00:00+02:00,168,112,M1_GBT_CAL_WEATHER,2.3351129589232937,0.192916059,3.343047598300002,False,0.8870175078000002,0.1405624125,0.1588991367,0.20004000800000002,0.7514369274999999,1.2192712085,2.2083955866,2.717781414999999,4.884625066,0.01,2,0.024390243902439025,15,DAYTIME,False,False
2025-09-15T16:00:00+02:00,2025-09-10T23:00:00+02:00,168,113,M1_GBT_CAL_WEATHER,2.8637255988350376,1.592476397,3.343047598300002,False,1.926989533269999,0.15396249435,0.18927429520000003,0.8553619324999999,1.364597377,2.6823950857499996,3.502601639,5.654162214899996,8.686838033,0.12,24,0.0975609756097561,16,RETURN_RAMP,False,False
2025-09-15T17:00:00+02:00,2025-09-10T23:00:00+02:00,168,114,M1_GBT_CAL_WEATHER,3.2633444969871266,4.45800654,3.343047598300002,True,4.411982397880002,0.5208325921500002,0.9483885681,2.1457649815,2.8609738835,6.823923679,9.9069368853,11.104749133699997,17.745948907,0.385,77,0.24390243902439024,17,RETURN_RAMP,False,False
2025-09-15T18:00:00+02:00,2025-09-10T23:00:00+02:00,168,115,M1_GBT_CAL_WEATHER,3.2740893507997733,10.916794607,3.343047598300002,True,6.197987407239997,0.25074480855000003,1.2039669064000003,2.4551212825,5.2884717855000005,9.79078077925,11.932412438599998,14.0259589197,18.299455594,0.6,120,0.4146341463414634,18,RETURN_RAMP,True,True
2025-09-15T19:00:00+02:00,2025-09-10T23:00:00+02:00,168,116,M1_GBT_CAL_WEATHER,3.309384633370794,15.211512589,3.343047598300002,True,6.5529348790250035,0.2032824702,0.5621165718000001,2.3583753237500003,5.748817839999999,9.69154488625,14.2036722715,16.158438552249997,21.347971038,0.655,131,0.4878048780487805,19,EVENING,True,True
2025-09-15T20:00:00+02:00,2025-09-10T23:00:00+02:00,168,117,M1_GBT_CAL_WEATHER,3.0831868549091,5.336789548,3.343047598300002,True,4.761149085034998,0.1955860103,0.2365086011,1.110987015,3.1125789665,7.922445974,10.3570822548,12.611746372249993,23.286968012,0.49,98,0.3902439024390244,20,EVENING,True,False
2025-09-15T21:00:00+02:00,2025-09-10T23:00:00+02:00,168,118,M1_GBT_CAL_WEATHER,2.7303402750255756,0.831484647,3.343047598300002,False,2.79113859589,0.2618565532,0.3831337075,0.6416152145,1.316470615,3.6953931300000002,8.036381325099999,8.64921595285,17.437422378,0.265,53,0.34146341463414637,21,EVENING,False,False
2025-09-15T22:00:00+02:00,2025-09-10T23:00:00+02:00,168,119,M1_GBT_CAL_WEATHER,2.323850941868909,0.800853178,3.343047598300002,False,1.277422875065,0.2876648079,0.3406447622,0.48376853475,0.64954661,0.95665099,2.2023938398999996,7.009905698549992,15.590716518,0.085,17,0.1951219512195122,22,EVENING,False,False
2025-09-15T23:00:00+02:00,2025-09-10T23:00:00+02:00,168,120,M1_GBT_CAL_WEATHER,1.1186656563381743,1.544286031,3.343047598300002,False,0.9455319038150003,0.27103452515000004,0.315653768,0.41832405500000003,0.5521272079999999,0.6839518995,1.8947577835,2.8273414517999993,9.088711224,0.035,7,0.0975609756097561,23,NIGHT,False,False
2025-09-16T00:00:00+02:00,2025-09-10T23:00:00+02:00,168,121,M1_GBT_CAL_WEATHER,1.0181221229734225,0.602862627,3.343047598300002,False,0.9171344890949992,0.26544336365,0.31577124560000003,0.40886741125,0.5529756745,0.77529447025,2.3825690429,2.7327215528999997,6.816054451,0.015,3,0,0,NIGHT,False,False
2025-09-16T01:00:00+02:00,2025-09-10T23:00:00+02:00,168,122,M1_GBT_CAL_WEATHER,1.0181221229734225,0.604223755,3.343047598300002,False,0.5304836334950002,0.2667562271,0.3105810075,0.38380207375,0.4847016555,0.59606724225,0.655920353,0.6790323337999999,3.0778847590000002,0.0,0,0,1,NIGHT,False,False
2025-09-16T02:00:00+02:00,2025-09-10T23:00:00+02:00,168,123,M1_GBT_CAL_WEATHER,1.0181221229734225,0.605492126,3.343047598300002,False,0.5208006090699998,0.26797962185,0.3148955392,0.38658581325,0.485076469,0.5967517145,0.654205776,0.67997710175,2.88434391,0.0,0,0,2,NIGHT,False,False
2025-09-16T03:00:00+02:00,2025-09-10T23:00:00+02:00,168,124,M1_GBT_CAL_WEATHER,1.0181221229734225,0.6065813,3.343047598300002,False,0.5098851768699998,0.2690301741,0.31619243280000003,0.38649830725,0.4874491315,0.59898145775,0.6554142019,0.6783444074,2.790134666,0.0,0,0,3,NIGHT,False,False
2025-09-16T04:00:00+02:00,2025-09-10T23:00:00+02:00,168,125,M1_GBT_CAL_WEATHER,1.0181221229734225,0.607417053,3.343047598300002,False,0.5288220545450002,0.26983629125,0.3171875749,0.38745412675,0.4865115085,0.5961262792500001,0.6532243266000001,0.66843691455,9.543040283000002,0.005,1,0,4,NIGHT,False,False
2025-09-16T05:00:00+02:00,2025-09-10T23:00:00+02:00,168,126,M1_GBT_CAL_WEATHER,1.0181221229734225,0.607942429,3.343047598300002,False,0.5240063470400002,0.27034303855,0.3178131466,0.38923969325,0.4882653315,0.59865692875,0.6540849085,0.6728729857499999,8.097156821,0.005,1,0,5,NIGHT,False,False
2025-09-16T06:00:00+02:00,2025-09-10T23:00:00+02:00,168,127,M1_GBT_CAL_WEATHER,1.0181221229734225,0.608121625,3.343047598300002,False,0.6495777576700001,0.29609981575,0.3242373707,0.4163192775,0.544970347,0.6687358715,1.0530522233,1.2564421673499988,8.097370122000001,0.005,1,0,6,NIGHT,False,False
2025-09-16T07:00:00+02:00,2025-09-10T23:00:00+02:00,168,128,M1_GBT_CAL_WEATHER,1.0181221229734225,0.607942429,3.343047598300002,False,1.162529043195,0.31762038455,0.3714412141,0.55952214175,0.9360436114999999,1.5353304355000001,2.1977593020999997,2.6960697135,8.90902869,0.02,4,0.04878048780487805,7,MORNING,False,False
2025-09-16T08:00:00+02:00,2025-09-10T23:00:00+02:00,168,129,M1_GBT_CAL_WEATHER,1.0181221229734225,0.201189159,3.343047598300002,False,0.9645801443650001,0.16595010329999998,0.1845994248,0.443536736,0.950870756,1.2466355765,1.7192703884999998,2.411972352999998,3.338583135,0.0,0,0,8,MORNING,False,False
2025-09-16T09:00:00+02:00,2025-09-10T23:00:00+02:00,168,130,M1_GBT_CAL_WEATHER,1.0181221229734225,0.200353406,3.343047598300002,False,1.0501765360199995,0.1770742499,0.22527083,0.835384304,1.0270389085,1.21485762625,1.3411128458,1.4028808437999998,8.176125572,0.015,3,0,9,DAYTIME,False,False
2025-09-16T10:00:00+02:00,2025-09-10T23:00:00+02:00,168,131,M1_GBT_CAL_WEATHER,1.0181221229734225,0.876201237,3.343047598300002,False,1.1158767391400004,0.19722621305000002,0.26479978300000007,0.85389411,1.039873164,1.22033468425,1.3544056464,1.4621184126999967,15.743208381999999,0.02,4,0,10,DAYTIME,False,False
2025-09-16T11:00:00+02:00,2025-09-10T23:00:00+02:00,168,132,M1_GBT_CAL_WEATHER,1.0181221229734225,5.033088369,3.343047598300002,True,1.0123884083399992,0.1928346588,0.2626363316000001,0.75508486325,0.966190001,1.1478147745,1.3268201574999998,1.3962087388999997,13.178451268000002,0.015,3,0,11,DAYTIME,False,False
2025-09-16T12:00:00+02:00,2025-09-10T23:00:00+02:00,168,133,M1_GBT_CAL_WEATHER,1.0181221229734225,5.490401892,3.343047598300002,True,0.8211014663800005,0.14734648244999998,0.16830030280000002,0.2169498525,0.8058822125,1.12447227475,1.3116335773999999,1.3761807033,5.110685208,0.025,5,0.024390243902439025,12,DAYTIME,False,False
2025-09-16T13:00:00+02:00,2025-09-10T23:00:00+02:00,168,134,M1_GBT_CAL_WEATHER,1.0181221229734225,5.679837035,3.343047598300002,True,0.7765187286350003,0.13454107955,0.1488473505,0.175653323,0.3152072225,1.10296483575,1.3496498843,2.566081480799993,7.727515897,0.045,9,0.024390243902439025,13,DAYTIME,False,False
2025-09-16T14:00:00+02:00,2025-09-10T23:00:00+02:00,168,135,M1_GBT_CAL_WEATHER,1.1186656563381743,5.678568665,3.343047598300002,True,0.6648604462150002,0.13038688185000002,0.1422167912,0.16517174550000002,0.2065828985,0.9918169235000001,1.2924019106999998,2.1811404255999993,7.7257536170000005,0.035,7,0.024390243902439025,14,DAYTIME,False,False
2025-09-16T15:00:00+02:00,2025-09-10T23:00:00+02:00,168,136,M1_GBT_CAL_WEATHER,1.8154085298835834,6.708357972,3.343047598300002,True,0.7169630420350004,0.1394033193,0.1516392561,0.178492308,0.31155292,0.969528312,1.2731610779,1.8858275878499857,6.910402567,0.025,5,0.024390243902439025,15,DAYTIME,False,False
2025-09-16T16:00:00+02:00,2025-09-10T23:00:00+02:00,168,137,M1_GBT_CAL_WEATHER,2.3032042550842915,1.049022497,3.343047598300002,False,1.1577064305300004,0.14423953035,0.1631110586,0.21083102275,0.9031155085,1.2628819470000001,2.655875362199998,3.995859256299998,7.281212538,0.08,16,0.0975609756097561,16,RETURN_RAMP,False,False
2025-09-16T17:00:00+02:00,2025-09-10T23:00:00+02:00,168,138,M1_GBT_CAL_WEATHER,3.079935136885578,7.591554931,3.343047598300002,True,3.173063983664999,0.1993357825,0.4311883068000001,0.8870926025000001,1.336731924,5.10721125725,8.3392139314,9.250687431749999,13.822923023,0.355,71,0.24390243902439024,17,RETURN_RAMP,False,False
2025-09-16T18:00:00+02:00,2025-09-10T23:00:00+02:00,168,139,M1_GBT_CAL_WEATHER,4.533171800956807,10.667323623,3.343047598300002,True,4.959220784699999,0.19788201560000002,0.8136849237,1.21518241225,3.5636609345,8.270796327749999,11.1426829525,13.31586868615,16.138250421,0.515,103,0.4146341463414634,18,RETURN_RAMP,True,True
2025-09-16T19:00:00+02:00,2025-09-10T23:00:00+02:00,168,140,M1_GBT_CAL_WEATHER,4.533171800956807,16.628074464,3.343047598300002,True,5.084297296059998,0.17295707089999998,0.215415871,0.9498984645,3.6542073065,8.48844206175,11.712091634499998,13.589776568899989,18.322814227000002,0.51,102,0.4878048780487805,19,EVENING,True,True
2025-09-16T20:00:00+02:00,2025-09-10T23:00:00+02:00,168,141,M1_GBT_CAL_WEATHER,3.5883775488709024,2.349053867,3.343047598300002,False,4.109220721914999,0.17127779085,0.19834266450000002,0.52481982125,2.4136201185,7.532284065500001,10.6359725233,13.444689719249999,18.520238327,0.43,86,0.3902439024390244,20,EVENING,True,False
2025-09-16T21:00:00+02:00,2025-09-10T23:00:00+02:00,168,142,M1_GBT_CAL_WEATHER,2.811646667069616,0.824288263,3.343047598300002,False,2.6953261937299997,0.2615534348,0.38666725890000003,0.58592356275,1.145189052,3.76612900725,7.9300044992,8.644532828699997,15.687563826,0.275,55,0.34146341463414637,21,EVENING,False,False
2025-09-16T22:00:00+02:00,2025-09-10T23:00:00+02:00,168,143,M1_GBT_CAL_WEATHER,2.323850941868909,0.804356285,3.343047598300002,False,1.4538983863400006,0.26304389355,0.33045139920000005,0.45931931574999996,0.6586128795,1.1804992897500002,3.523236752399994,7.274210401999991,11.304528034,0.105,21,0.1951219512195122,22,EVENING,False,False
2025-09-16T23:00:00+02:00,2025-09-10T23:00:00+02:00,168,144,M1_GBT_CAL_WEATHER,1.1186656563381743,1.438780086,3.343047598300002,False,0.7563462454149998,0.2572936673,0.3028071074,0.39982209825000004,0.525870567,0.6700490554999999,1.1811504951,1.4970039515999924,7.974128684,0.02,4,0.0975609756097561,23,NIGHT,False,False
2025-09-17T00:00:00+02:00,2025-09-10T23:00:00+02:00,168,145,M1_GBT_CAL_WEATHER,1.0181221229734225,0.602862627,3.343047598300002,False,0.519768479125,0.255354937,0.3002463641,0.3707578285,0.4785287335,0.59291678275,0.667362205,0.70734331575,7.509901015,0.005,1,0,0,NIGHT,False,False
2025-09-17T01:00:00+02:00,2025-09-10T23:00:00+02:00,168,146,M1_GBT_CAL_WEATHER,1.0181221229734225,0.604223755,3.343047598300002,False,0.47120697518,0.2570459774,0.3016357501,0.37039552175,0.4731760515,0.5811431675000001,0.6480599723999999,0.6641660538999999,0.701635715,0.0,0,0,1,NIGHT,False,False
2025-09-17T02:00:00+02:00,2025-09-10T23:00:00+02:00,168,147,M1_GBT_CAL_WEATHER,1.0181221229734225,0.605492126,3.343047598300002,False,0.4727094778299998,0.25862177625000005,0.3031467785,0.3717041575,0.4746977885,0.582809807,0.6497147819,0.6658584062499999,0.702894272,0.0,0,0,2,NIGHT,False,False
2025-09-17T03:00:00+02:00,2025-09-10T23:00:00+02:00,168,148,M1_GBT_CAL_WEATHER,1.0181221229734225,0.6065813,3.343047598300002,False,0.47399970620999987,0.25997494535000004,0.3044044475,0.37280928875,0.4760045335,0.5842409827499999,0.6511357989000001,0.6673116620499999,0.703975019,0.0,0,0,3,NIGHT,False,False
2025-09-17T04:00:00+02:00,2025-09-10T23:00:00+02:00,168,149,M1_GBT_CAL_WEATHER,1.0181221229734225,0.607417053,3.343047598300002,False,0.47574034373500007,0.2648958577,0.3054837537,0.3751226855,0.4770072345,0.58533916225,0.652226184,0.6684267837499999,0.704804305,0.0,0,0,4,NIGHT,False,False
2025-09-17T05:00:00+02:00,2025-09-10T23:00:00+02:00,168,150,M1_GBT_CAL_WEATHER,1.0181221229734225,0.607942429,3.343047598300002,False,0.4763627006700004,0.26557102870000004,0.3060978325,0.37575330375,0.477637559,0.58602950675,0.6529116287,0.6691277791999999,0.705325616,0.0,0,0,5,NIGHT,False,False
2025-09-17T06:00:00+02:00,2025-09-10T23:00:00+02:00,168,151,M1_GBT_CAL_WEATHER,1.0181221229734225,0.608121625,3.343047598300002,False,0.7016667488449997,0.3009543725,0.3242373707,0.417777309,0.5351145575,0.6988056017500001,1.2305030316999996,1.4962178494499991,7.030719551,0.005,1,0,6,NIGHT,False,False
2025-09-17T07:00:00+02:00,2025-09-10T23:00:00+02:00,168,152,M1_GBT_CAL_WEATHER,1.0181221229734225,0.789388184,3.343047598300002,False,1.1604679348150002,0.30610288674999997,0.35676117500000004,0.48474458425,0.8217091835,1.4663164334999998,1.9894692013,2.5386066548499993,9.129738441,0.03,6,0.04878048780487805,7,MORNING,False,False
2025-09-17T08:00:00+02:00,2025-09-10T23:00:00+02:00,168,153,M1_GBT_CAL_WEATHER,1.0181221229734225,4.76862863,3.343047598300002,True,1.0306050654849999,0.1700115787,0.185614574,0.3153089895,0.882425546,1.2296179702499999,2.0711398142,2.7165392727999995,9.252922294000001,0.025,5,0,8,MORNING,False,False
2025-09-17T09:00:00+02:00,2025-09-10T23:00:00+02:00,168,154,M1_GBT_CAL_WEATHER,1.0181221229734225,5.460748571,3.343047598300002,True,0.9431903194,0.18280409579999998,0.2109442889,0.76549391625,1.0001129385,1.1751134380000001,1.3204706955,1.36741869265,5.023465184,0.01,2,0,9,DAYTIME,False,False
2025-09-17T10:00:00+02:00,2025-09-10T23:00:00+02:00,168,155,M1_GBT_CAL_WEATHER,1.0181221229734225,5.459659397,3.343047598300002,True,1.0016736808200002,0.18517806915,0.22853111210000002,0.79189264275,1.0073169100000001,1.1861658267500002,1.3217818288999998,1.3663223091999999,7.613818402000001,0.02,4,0,10,DAYTIME,False,False
2025-09-17T11:00:00+02:00,2025-09-10T23:00:00+02:00,168,156,M1_GBT_CAL_WEATHER,1.0181221229734225,4.362513255,3.343047598300002,True,0.9368254963700008,0.1713799705,0.21150808540000002,0.761081201,0.9804348585,1.18212904125,1.3204223962,1.3744102535999996,4.004971847,0.01,2,0,11,DAYTIME,False,False
2025-09-17T12:00:00+02:00,2025-09-10T23:00:00+02:00,168,157,M1_GBT_CAL_WEATHER,1.1486028754141904,0.550390506,3.343047598300002,False,0.8015131727100001,0.1446096515,0.16936686990000002,0.23151483174999998,0.8614872434999999,1.12255423025,1.3026229732,1.3664853075999999,3.667950425,0.01,2,0.024390243902439025,12,DAYTIME,False,False
2025-09-17T13:00:00+02:00,2025-09-10T23:00:00+02:00,168,158,M1_GBT_CAL_WEATHER,1.609532001031956,0.195273604,3.343047598300002,False,0.7251460597100001,0.1345303479,0.1454624645,0.17812371075,0.528952402,1.0556661395,1.2896582343999998,1.3902846118999999,5.6987532430000005,0.03,6,0.024390243902439025,13,DAYTIME,False,False
2025-09-17T14:00:00+02:00,2025-09-10T23:00:00+02:00,168,159,M1_GBT_CAL_WEATHER,1.7100755343967076,1.594401324,3.343047598300002,False,0.7435441543799998,0.13329880465,0.1416187692,0.16636669124999998,0.22814686350000002,1.1020448324999998,1.3324207541,2.0158564169499993,7.587534033000001,0.03,6,0.024390243902439025,14,DAYTIME,False,False
2025-09-17T15:00:00+02:00,2025-09-10T23:00:00+02:00,168,160,M1_GBT_CAL_WEATHER,2.322757601286852,1.877425009,3.343047598300002,False,0.90354642729,0.1360386468,0.14766893180000001,0.188169455,0.739254607,1.18004702175,2.0484172928999995,2.7734324050499994,7.586066602000001,0.035,7,0.024390243902439025,15,DAYTIME,False,False
2025-09-17T16:00:00+02:00,2025-09-10T23:00:00+02:00,168,161,M1_GBT_CAL_WEATHER,2.6299730298817003,2.473006676,3.343047598300002,False,1.7998996542650003,0.16384919265,0.179591276,0.636791448,1.2388311505,2.48813488,3.5867630428999973,5.9179606655,10.105629587000001,0.11,22,0.0975609756097561,16,RETURN_RAMP,False,False
2025-09-17T17:00:00+02:00,2025-09-10T23:00:00+02:00,168,162,M1_GBT_CAL_WEATHER,3.37808976246739,1.072085209,3.343047598300002,False,4.131218236250001,0.2035433375,0.7436397506,1.2448837137500002,2.595061638,6.9470233115,9.392096498699999,10.824096548399993,18.025079357,0.41,82,0.24390243902439024,17,RETURN_RAMP,True,False
2025-09-17T18:00:00+02:00,2025-09-10T23:00:00+02:00,168,163,M1_GBT_CAL_WEATHER,4.4978765183857865,2.497916245,3.343047598300002,False,5.98741630823,0.19945290755000003,0.8638165265000001,2.30664749075,4.983872568,9.779427937000001,11.7988413689,13.655110636299987,16.514140297,0.59,118,0.4146341463414634,18,RETURN_RAMP,True,True
2025-09-17T19:00:00+02:00,2025-09-10T23:00:00+02:00,168,164,M1_GBT_CAL_WEATHER,4.533171800956807,2.452045187,3.343047598300002,False,6.200186347010006,0.17361730815,0.2204676962,2.28584785375,4.8215286619999995,9.7955355735,12.549495381899998,16.0385840111,19.175907426000002,0.605,121,0.4878048780487805,19,EVENING,True,True
2025-09-17T20:00:00+02:00,2025-09-10T23:00:00+02:00,168,165,M1_GBT_CAL_WEATHER,3.6793691605837173,1.469854801,3.343047598300002,False,4.342339771874999,0.17425649880000002,0.2074823687,1.068777514,2.8853360235,7.709377244000001,10.086099797400001,12.118453665149998,21.913263971,0.465,93,0.3902439024390244,20,EVENING,True,False
2025-09-17T21:00:00+02:00,2025-09-10T23:00:00+02:00,168,166,M1_GBT_CAL_WEATHER,2.811646667069616,1.799430156,3.343047598300002,False,2.6011152443000003,0.2517393054,0.31382498980000006,0.6216627189999999,1.2053874075,3.9187169057499998,7.9225961797,8.554096099950002,11.270025839,0.275,55,0.34146341463414637,21,EVENING,False,False
2025-09-17T22:00:00+02:00,2025-09-10T23:00:00+02:00,168,167,M1_GBT_CAL_WEATHER,2.323850941868909,1.319827851,3.343047598300002,False,1.1980461691399993,0.25305823325,0.3189170657,0.46949881250000003,0.6517830600000001,1.0352181759999999,1.9956125771999982,5.835460441199986,8.848697564999998,0.075,15,0.1951219512195122,22,EVENING,False,False
2025-09-17T23:00:00+02:00,2025-09-10T23:00:00+02:00,168,168,M1_GBT_CAL_WEATHER,1.1186656563381743,0.601501498,3.343047598300002,False,0.7230862296949998,0.25375288144999997,0.2983917636,0.410905968,0.534578415,0.6802960725,1.0600407913999996,1.2752924397999996,8.099380754,0.025,5,0.0975609756097561,23,NIGHT,False,False
2025-09-14T00:00:00+02:00,2025-09-13T23:00:00+02:00,168,1,M1_GBT_CAL_WEATHER,1.0140171235364903,0.602862627,3.481469789,False,0.6996147175599994,0.29235438505,0.3198499807,0.40837723174999996,0.5192604224999999,0.62288185025,0.7007246761,1.0084683480499994,7.933005305,0.03,6,0,0,NIGHT,False,False
2025-09-14T01:00:00+02:00,2025-09-13T23:00:00+02:00,168,2,M1_GBT_CAL_WEATHER,1.0140171235364903,0.604223755,3.481469789,False,0.5233877187600001,0.2940978357,0.3189683386,0.3880942395,0.484883253,0.5950441475,0.6506715206,0.67552491385,7.934740584,0.005,1,0,1,NIGHT,False,False
2025-09-14T02:00:00+02:00,2025-09-13T23:00:00+02:00,168,3,M1_GBT_CAL_WEATHER,1.0140171235364903,0.605492126,3.481469789,False,0.48854046280999985,0.2957224741,0.3205867772,0.38964214825,0.48635788999999996,0.5967517145,0.6519626259,0.6700408691499999,0.708000194,0.0,0,0,2,NIGHT,False,False
2025-09-14T03:00:00+02:00,2025-09-13T23:00:00+02:00,168,4,M1_GBT_CAL_WEATHER,1.0140171235364903,0.6065813,3.481469789,False,0.48918044978999975,0.29711758190000004,0.3219765609,0.39097136774999997,0.48762418949999997,0.59549682475,0.6526111793,0.6712997623999999,0.709375174,0.0,0,0,3,NIGHT,False,False
2025-09-14T04:00:00+02:00,2025-09-13T23:00:00+02:00,168,5,M1_GBT_CAL_WEATHER,1.0140171235364903,0.607417053,3.481469789,False,0.49017047682000014,0.2981880863,0.3230429804,0.391991314,0.488595855,0.59645940725,0.6535160707,0.6722657439499998,0.710430233,0.0,0,0,4,NIGHT,False,False
2025-09-14T05:00:00+02:00,2025-09-13T23:00:00+02:00,168,6,M1_GBT_CAL_WEATHER,1.0140171235364903,0.607942429,3.481469789,False,0.4907928337550005,0.29886103355,0.3236559542,0.39263247875,0.48920667,0.59706451225,0.6540849085,0.6728729857499999,0.711093471,0.0,0,0,5,NIGHT,False,False
2025-09-14T06:00:00+02:00,2025-09-13T23:00:00+02:00,168,7,M1_GBT_CAL_WEATHER,1.0140171235364903,0.608121625,3.481469789,False,0.7136121496849996,0.30815624435,0.346908222,0.43961490175,0.572325663,0.75605208175,1.2447682553999997,1.4089757622,3.972020692,0.01,2,0,6,NIGHT,False,False
2025-09-14T07:00:00+02:00,2025-09-13T23:00:00+02:00,168,8,M1_GBT_CAL_WEATHER,1.0140171235364903,1.477840408,3.481469789,False,1.11727564714,0.33782599355000004,0.386548656,0.51199192,0.971742216,1.37732773175,1.8445386276999998,2.600047116499998,7.8306167250000005,0.02,4,0.022727272727272728,7,MORNING,False,False
2025-09-14T08:00:00+02:00,2025-09-13T23:00:00+02:00,168,9,M1_GBT_CAL_WEATHER,1.0140171235364903,1.081719437,3.481469789,False,1.1589627832499998,0.16928681555,0.1846508059,0.45844129499999997,0.947214733,1.2758877565,2.6428744976999994,3.776063977149999,6.138184361,0.06,12,0,8,MORNING,False,False
2025-09-14T09:00:00+02:00,2025-09-13T23:00:00+02:00,168,10,M1_GBT_CAL_WEATHER,1.0140171235364903,1.080883684,3.481469789,False,1.0980729343700002,0.1742207029,0.21679620589999998,0.886316953,1.050060959,1.2403016342499997,1.3712698038,1.7776451661999944,4.784628636,0.035,7,0,9,DAYTIME,False,False
2025-09-14T10:00:00+02:00,2025-09-13T23:00:00+02:00,168,11,M1_GBT_CAL_WEATHER,1.0140171235364903,1.07979451,3.481469789,False,1.0785661578399997,0.1969803818,0.3089711506,0.8516574072499999,1.0484917865,1.2695834725,1.4315366106,1.6837300164999995,4.783115332,0.025,5,0,10,DAYTIME,False,False
2025-09-14T11:00:00+02:00,2025-09-13T23:00:00+02:00,168,12,M1_GBT_CAL_WEATHER,1.0140171235364903,1.493311109,3.481469789,False,1.0336547800949993,0.18196823095,0.2103204301,0.6140599392499999,0.975629989,1.266356714,1.573845596,2.359732808799999,5.597091774,0.025,5,0,11,DAYTIME,False,False
2025-09-14T12:00:00+02:00,2025-09-13T23:00:00+02:00,168,13,M1_GBT_CAL_WEATHER,1.0140171235364903,0.672089412,3.481469789,False,0.8806549782599997,0.15425336795,0.16700941519999998,0.22428697875,0.8943365464999999,1.1963216845,1.4058364079,2.00400170185,5.089208621,0.015,3,0.022727272727272728,12,DAYTIME,False,False
2025-09-14T13:00:00+02:00,2025-09-13T23:00:00+02:00,168,14,M1_GBT_CAL_WEATHER,1.0712297436277154,1.784680415,3.481469789,False,0.685908767875,0.13930887865000002,0.1525775564,0.19244847625,0.4102313445,1.039621086,1.3380535359,1.8336054141999987,4.744879694,0.015,3,0.022727272727272728,13,DAYTIME,False,False
2025-09-14T14:00:00+02:00,2025-09-13T23:00:00+02:00,168,15,M1_GBT_CAL_WEATHER,1.1081224723382834,0.946414152,3.481469789,False,0.57805191787,0.13671256780000002,0.1418914818,0.17034974475,0.215669683,0.9288496005,1.2416563197,1.385058453199999,5.674358988,0.02,4,0.022727272727272728,14,DAYTIME,False,False
2025-09-14T15:00:00+02:00,2025-09-13T23:00:00+02:00,168,16,M1_GBT_CAL_WEATHER,1.3938919517969648,0.799621055,3.481469789,False,0.7218046308450005,0.1369917541,0.14924699600000002,0.1868280135,0.31767695549999997,0.977157131,1.3338497259000002,2.0356508780999967,6.055721143,0.03,6,0.022727272727272728,15,DAYTIME,False,False
2025-09-14T16:00:00+02:00,2025-09-13T23:00:00+02:00,168,17,M1_GBT_CAL_WEATHER,2.090213847131619,2.473006676,3.481469789,False,1.5189846532750002,0.1485179775,0.1783647726,0.2742055535,0.8930139595,1.37575364575,3.8961091317,6.630553742749996,9.562919207,0.12,24,0.09090909090909091,16,RETURN_RAMP,False,False
2025-09-14T17:00:00+02:00,2025-09-13T23:00:00+02:00,168,18,M1_GBT_CAL_WEATHER,3.6867086868616505,2.404408167,3.481469789,False,2.3346443270150012,0.1659599682,0.2701442477000001,0.828933288,1.1892959975,2.94709039525,6.8362868258999985,8.16019489725,12.631133454999999,0.185,37,0.25,17,RETURN_RAMP,False,False
2025-09-14T18:00:00+02:00,2025-09-13T23:00:00+02:00,168,19,M1_GBT_CAL_WEATHER,4.838917585019432,0.207376873,3.481469789,False,2.798876159780001,0.1775738673,0.22539937630000004,0.8927383165,1.4812643035,3.62651925125,7.5664141548,8.636079875950001,11.938608446,0.265,53,0.4318181818181818,18,RETURN_RAMP,False,True
2025-09-14T19:00:00+02:00,2025-09-13T23:00:00+02:00,168,20,M1_GBT_CAL_WEATHER,4.838917585019432,1.781424764,3.481469789,False,3.0120099387299994,0.15727680605,0.1837633001,0.8784300252499999,2.0366043965,4.208542841,7.948000832999999,8.833180606499997,18.254664212,0.285,57,0.5227272727272727,19,EVENING,False,True
2025-09-14T20:00:00+02:00,2025-09-13T23:00:00+02:00,168,21,M1_GBT_CAL_WEATHER,4.292313491207371,0.192080307,3.481469789,False,3.1508121004549987,0.1674950095,0.2057862234,0.65587744525,1.7152690365,4.5607592885,8.3250456559,9.595610386599999,17.468993175999998,0.32,64,0.4090909090909091,20,EVENING,False,True
2025-09-14T21:00:00+02:00,2025-09-13T23:00:00+02:00,168,22,M1_GBT_CAL_WEATHER,2.64193103015789,0.610820933,3.481469789,False,3.264930522180001,0.3105941185,0.44883680880000004,0.6879662520000001,1.4546928875000003,5.61698740175,7.9915496607000005,9.249054044849972,19.87153087,0.32,64,0.3409090909090909,21,EVENING,False,False
2025-09-14T22:00:00+02:00,2025-09-13T23:00:00+02:00,168,23,M1_GBT_CAL_WEATHER,1.8602302539758209,0.600233128,3.481469789,False,2.1347034431900003,0.29992325445,0.3591411613,0.50634947825,0.695754914,2.0497969452500002,7.973364567,8.161868968450001,12.37148524,0.215,43,0.1590909090909091,22,EVENING,False,False
2025-09-14T23:00:00+02:00,2025-09-13T23:00:00+02:00,168,24,M1_GBT_CAL_WEATHER,1.0509098522470584,0.617912201,3.481469789,False,1.0289005726100005,0.2927791983,0.3283185653,0.41103348375000004,0.5390662079999999,0.68381640925,1.4815007122999995,4.458033803049997,8.63368732,0.065,13,0.09090909090909091,23,NIGHT,False,False
2025-09-15T00:00:00+02:00,2025-09-13T23:00:00+02:00,168,25,M1_GBT_CAL_WEATHER,1.0140171235364903,0.602862627,3.481469789,False,0.6531666051349997,0.29143467894999997,0.31577124560000003,0.39371607675,0.4848942,0.5969351605,0.6762738988,0.9398610009499988,8.008671758,0.02,4,0,0,NIGHT,False,False
2025-09-15T01:00:00+02:00,2025-09-13T23:00:00+02:00,168,26,M1_GBT_CAL_WEATHER,1.0140171235364903,0.604223755,3.481469789,False,0.5300741390050002,0.2940978357,0.31755151540000004,0.386896286,0.483425793,0.5905697409999999,0.6480599723999999,0.6648189129,7.788346188,0.005,1,0,1,NIGHT,False,False
2025-09-15T02:00:00+02:00,2025-09-13T23:00:00+02:00,168,27,M1_GBT_CAL_WEATHER,1.0140171235364903,0.605492126,3.481469789,False,0.4948625674399999,0.2957224741,0.3192104621,0.38848047274999997,0.485076469,0.5919575125000001,0.6448927773,0.66567840465,2.962120347,0.0,0,0,2,NIGHT,False,False
2025-09-15T03:00:00+02:00,2025-09-13T23:00:00+02:00,168,28,M1_GBT_CAL_WEATHER,1.0140171235364903,0.6065813,3.481469789,False,0.4832914636149998,0.29711758190000004,0.3206350326,0.3898408445,0.48553978600000003,0.5916980912500001,0.6448115300999999,0.6666433344,0.709375174,0.0,0,0,3,NIGHT,False,False
2025-09-15T04:00:00+02:00,2025-09-13T23:00:00+02:00,168,29,M1_GBT_CAL_WEATHER,1.0140171235364903,0.607417053,3.481469789,False,0.5073727251300001,0.3002608934,0.32320441499999997,0.391991314,0.487581599,0.5940636477500001,0.647547289,0.6682446352,4.859387753999999,0.005,1,0,4,NIGHT,False,False
2025-09-15T05:00:00+02:00,2025-09-13T23:00:00+02:00,168,30,M1_GBT_CAL_WEATHER,1.0140171235364903,0.607942429,3.481469789,False,0.5228243238650002,0.30077799725000004,0.3238176027,0.39263247875,0.4882653315,0.59463848125,0.6482717929999999,0.66885446235,7.825935912,0.005,1,0,5,NIGHT,False,False
2025-09-15T06:00:00+02:00,2025-09-13T23:00:00+02:00,168,31,M1_GBT_CAL_WEATHER,1.0140171235364903,0.608121625,3.481469789,False,0.6736293165699999,0.30353317599999996,0.3384645725,0.43340420425,0.576659274,0.77875763675,1.2686969585,1.3748449992999996,2.591828972,0.0,0,0,6,NIGHT,False,False
2025-09-15T07:00:00+02:00,2025-09-13T23:00:00+02:00,168,32,M1_GBT_CAL_WEATHER,1.0140171235364903,1.201781639,3.481469789,False,1.2028405835699998,0.31965724635000003,0.3924372493,0.5382602802500001,0.956807288,1.5251478829999998,2.1150149713,2.9136892837499992,9.281172075,0.035,7,0.022727272727272728,7,MORNING,False,False
2025-09-15T08:00:00+02:00,2025-09-13T23:00:00+02:00,168,33,M1_GBT_CAL_WEATHER,1.0140171235364903,1.081719437,3.481469789,False,0.9824734336300004,0.16131726895,0.1760504805,0.31596885225,0.894346913,1.1527172882499999,1.3828977321999998,2.5232769812999996,9.212932256,0.025,5,0,8,MORNING,False,False
2025-09-15T09:00:00+02:00,2025-09-13T23:00:00+02:00,168,34,M1_GBT_CAL_WEATHER,1.0140171235364903,1.080883684,3.481469789,False,1.05823887022,0.1731188311,0.1932171729,0.8203676,1.0141595245000001,1.22500676625,1.3356937040999999,1.3803065292499996,12.412356482,0.02,4,0,9,DAYTIME,False,False
2025-09-15T10:00:00+02:00,2025-09-13T23:00:00+02:00,168,35,M1_GBT_CAL_WEATHER,1.0140171235364903,1.07979451,3.481469789,False,1.075636867705,0.19181325885,0.4407411780000001,0.812861813,1.01143079,1.1926183985,1.3485966673,1.708116427899998,12.411275735,0.015,3,0,10,DAYTIME,False,False
2025-09-15T11:00:00+02:00,2025-09-13T23:00:00+02:00,168,36,M1_GBT_CAL_WEATHER,0.9612041402269337,1.078526139,3.481469789,False,1.0473202800199997,0.1838110788,0.22441863120000002,0.7741407375,1.001838611,1.22265189875,1.3486599471999998,1.544201069149995,11.069742421,0.02,4,0,11,DAYTIME,False,False
2025-09-15T12:00:00+02:00,2025-09-13T23:00:00+02:00,168,37,M1_GBT_CAL_WEATHER,1.0712297436277154,0.536459126,3.481469789,False,0.8540023841249998,0.15381945284999998,0.1672684273,0.211205634,0.867622118,1.1708314637500001,1.3253464629999998,1.708422803899995,4.700716023,0.025,5,0.022727272727272728,12,DAYTIME,False,False
2025-09-15T13:00:00+02:00,2025-09-13T23:00:00+02:00,168,38,M1_GBT_CAL_WEATHER,1.5858731495283336,0.195273604,3.481469789,False,0.73714253229,0.1427783098,0.1584187808,0.19035747325,0.5030905715,1.101274356,1.3004721486,1.686255763699996,4.8873431919999994,0.02,4,0.022727272727272728,13,DAYTIME,False,False
2025-09-15T14:00:00+02:00,2025-09-13T23:00:00+02:00,168,39,M1_GBT_CAL_WEATHER,1.6227658782389016,0.194005234,3.481469789,False,0.6715137647899997,0.13678562225000002,0.1466724807,0.16960969025,0.21228452650000001,1.0528821490000002,1.3014858972999999,1.9268932433499932,6.258259185999999,0.025,5,0.022727272727272728,14,DAYTIME,False,False
2025-09-15T15:00:00+02:00,2025-09-13T23:00:00+02:00,168,40,M1_GBT_CAL_WEATHER,2.0056483795392492,0.192916059,3.481469789,False,0.8870175078000002,0.1405624125,0.1588991367,0.20004000800000002,0.7514369274999999,1.2192712085,2.2083955866,2.717781414999999,4.884625066,0.01,2,0.022727272727272728,15,DAYTIME,False,False
2025-09-15T16:00:00+02:00,2025-09-13T23:00:00+02:00,168,41,M1_GBT_CAL_WEATHER,2.6579671623224153,1.592476397,3.481469789,False,1.926989533269999,0.15396249435,0.18927429520000003,0.8553619324999999,1.364597377,2.6823950857499996,3.502601639,5.654162214899996,8.686838033,0.115,23,0.09090909090909091,16,RETURN_RAMP,False,False
2025-09-15T17:00:00+02:00,2025-09-13T23:00:00+02:00,168,42,M1_GBT_CAL_WEATHER,4.290007673328863,4.45800654,3.481469789,True,4.411982397880002,0.5208325921500002,0.9483885681,2.1457649815,2.8609738835,6.823923679,9.9069368853,11.104749133699997,17.745948907,0.365,73,0.25,17,RETURN_RAMP,False,False
2025-09-15T18:00:00+02:00,2025-09-13T23:00:00+02:00,168,43,M1_GBT_CAL_WEATHER,4.838917585019432,10.916794607,3.481469789,True,6.197987407239997,0.25074480855000003,1.2039669064000003,2.4551212825,5.2884717855000005,9.79078077925,11.932412438599998,14.0259589197,18.299455594,0.595,119,0.4318181818181818,18,RETURN_RAMP,True,True
2025-09-15T19:00:00+02:00,2025-09-13T23:00:00+02:00,168,44,M1_GBT_CAL_WEATHER,4.838917585019432,15.211512589,3.481469789,True,6.5529348790250035,0.2032824702,0.5621165718000001,2.3583753237500003,5.748817839999999,9.69154488625,14.2036722715,16.158438552249997,21.347971038,0.635,127,0.5227272727272727,19,EVENING,True,True
2025-09-15T20:00:00+02:00,2025-09-13T23:00:00+02:00,168,45,M1_GBT_CAL_WEATHER,4.292313491207371,5.336789548,3.481469789,True,4.761149085034998,0.1955860103,0.2365086011,1.110987015,3.1125789665,7.922445974,10.3570822548,12.611746372249993,23.286968012,0.49,98,0.4090909090909091,20,EVENING,True,True
2025-09-15T21:00:00+02:00,2025-09-13T23:00:00+02:00,168,46,M1_GBT_CAL_WEATHER,2.64193103015789,0.831484647,3.481469789,False,2.79113859589,0.2618565532,0.3831337075,0.6416152145,1.316470615,3.6953931300000002,8.036381325099999,8.64921595285,17.437422378,0.265,53,0.3409090909090909,21,EVENING,False,False
2025-09-15T22:00:00+02:00,2025-09-13T23:00:00+02:00,168,47,M1_GBT_CAL_WEATHER,1.8602302539758209,0.800853178,3.481469789,False,1.277422875065,0.2876648079,0.3406447622,0.48376853475,0.64954661,0.95665099,2.2023938398999996,7.009905698549992,15.590716518,0.08,16,0.1590909090909091,22,EVENING,False,False
2025-09-15T23:00:00+02:00,2025-09-13T23:00:00+02:00,168,48,M1_GBT_CAL_WEATHER,1.0509098522470584,1.544286031,3.481469789,False,0.9455319038150003,0.27103452515000004,0.315653768,0.41832405500000003,0.5521272079999999,0.6839518995,1.8947577835,2.8273414517999993,9.088711224,0.035,7,0.09090909090909091,23,NIGHT,False,False
2025-09-16T00:00:00+02:00,2025-09-13T23:00:00+02:00,168,49,M1_GBT_CAL_WEATHER,1.0140171235364903,0.602862627,3.481469789,False,0.9171344890949992,0.26544336365,0.31577124560000003,0.40886741125,0.5529756745,0.77529447025,2.3825690429,2.7327215528999997,6.816054451,0.015,3,0,0,NIGHT,False,False
2025-09-16T01:00:00+02:00,2025-09-13T23:00:00+02:00,168,50,M1_GBT_CAL_WEATHER,1.0140171235364903,0.604223755,3.481469789,False,0.5304836334950002,0.2667562271,0.3105810075,0.38380207375,0.4847016555,0.59606724225,0.655920353,0.6790323337999999,3.0778847590000002,0.0,0,0,1,NIGHT,False,False
2025-09-16T02:00:00+02:00,2025-09-13T23:00:00+02:00,168,51,M1_GBT_CAL_WEATHER,1.0140171235364903,0.605492126,3.481469789,False,0.5208006090699998,0.26797962185,0.3148955392,0.38658581325,0.485076469,0.5967517145,0.654205776,0.67997710175,2.88434391,0.0,0,0,2,NIGHT,False,False
2025-09-16T03:00:00+02:00,2025-09-13T23:00:00+02:00,168,52,M1_GBT_CAL_WEATHER,1.0140171235364903,0.6065813,3.481469789,False,0.5098851768699998,0.2690301741,0.31619243280000003,0.38649830725,0.4874491315,0.59898145775,0.6554142019,0.6783444074,2.790134666,0.0,0,0,3,NIGHT,False,False
2025-09-16T04:00:00+02:00,2025-09-13T23:00:00+02:00,168,53,M1_GBT_CAL_WEATHER,1.0140171235364903,0.607417053,3.481469789,False,0.5288220545450002,0.26983629125,0.3171875749,0.38745412675,0.4865115085,0.5961262792500001,0.6532243266000001,0.66843691455,9.543040283000002,0.005,1,0,4,NIGHT,False,False
2025-09-16T05:00:00+02:00,2025-09-13T23:00:00+02:00,168,54,M1_GBT_CAL_WEATHER,1.0140171235364903,0.607942429,3.481469789,False,0.5240063470400002,0.27034303855,0.3178131466,0.38923969325,0.4882653315,0.59865692875,0.6540849085,0.6728729857499999,8.097156821,0.005,1,0,5,NIGHT,False,False
2025-09-16T06:00:00+02:00,2025-09-13T23:00:00+02:00,168,55,M1_GBT_CAL_WEATHER,1.0140171235364903,0.608121625,3.481469789,False,0.6495777576700001,0.29609981575,0.3242373707,0.4163192775,0.544970347,0.6687358715,1.0530522233,1.2564421673499988,8.097370122000001,0.005,1,0,6,NIGHT,False,False
2025-09-16T07:00:00+02:00,2025-09-13T23:00:00+02:00,168,56,M1_GBT_CAL_WEATHER,1.0140171235364903,0.607942429,3.481469789,False,1.162529043195,0.31762038455,0.3714412141,0.55952214175,0.9360436114999999,1.5353304355000001,2.1977593020999997,2.6960697135,8.90902869,0.02,4,0.022727272727272728,7,MORNING,False,False
2025-09-16T08:00:00+02:00,2025-09-13T23:00:00+02:00,168,57,M1_GBT_CAL_WEATHER,1.0140171235364903,0.201189159,3.481469789,False,0.9645801443650001,0.16595010329999998,0.1845994248,0.443536736,0.950870756,1.2466355765,1.7192703884999998,2.411972352999998,3.338583135,0.0,0,0,8,MORNING,False,False
2025-09-16T09:00:00+02:00,2025-09-13T23:00:00+02:00,168,58,M1_GBT_CAL_WEATHER,1.0140171235364903,0.200353406,3.481469789,False,1.0501765360199995,0.1770742499,0.22527083,0.835384304,1.0270389085,1.21485762625,1.3411128458,1.4028808437999998,8.176125572,0.015,3,0,9,DAYTIME,False,False
2025-09-16T10:00:00+02:00,2025-09-13T23:00:00+02:00,168,59,M1_GBT_CAL_WEATHER,1.0140171235364903,0.876201237,3.481469789,False,1.1158767391400004,0.19722621305000002,0.26479978300000007,0.85389411,1.039873164,1.22033468425,1.3544056464,1.4621184126999967,15.743208381999999,0.02,4,0,10,DAYTIME,False,False
2025-09-16T11:00:00+02:00,2025-09-13T23:00:00+02:00,168,60,M1_GBT_CAL_WEATHER,1.0140171235364903,5.033088369,3.481469789,True,1.0123884083399992,0.1928346588,0.2626363316000001,0.75508486325,0.966190001,1.1478147745,1.3268201574999998,1.3962087388999997,13.178451268000002,0.015,3,0,11,DAYTIME,False,False
2025-09-16T12:00:00+02:00,2025-09-13T23:00:00+02:00,168,61,M1_GBT_CAL_WEATHER,0.9612041402269337,5.490401892,3.481469789,True,0.8211014663800005,0.14734648244999998,0.16830030280000002,0.2169498525,0.8058822125,1.12447227475,1.3116335773999999,1.3761807033,5.110685208,0.025,5,0.022727272727272728,12,DAYTIME,False,False
2025-09-16T13:00:00+02:00,2025-09-13T23:00:00+02:00,168,62,M1_GBT_CAL_WEATHER,0.9612041402269337,5.679837035,3.481469789,True,0.7765187286350003,0.13454107955,0.1488473505,0.175653323,0.3152072225,1.10296483575,1.3496498843,2.566081480799993,7.727515897,0.035,7,0.022727272727272728,13,DAYTIME,False,False
2025-09-16T14:00:00+02:00,2025-09-13T23:00:00+02:00,168,63,M1_GBT_CAL_WEATHER,0.9980968689375018,5.678568665,3.481469789,True,0.6648604462150002,0.13038688185000002,0.1422167912,0.16517174550000002,0.2065828985,0.9918169235000001,1.2924019106999998,2.1811404255999993,7.7257536170000005,0.03,6,0.022727272727272728,14,DAYTIME,False,False
2025-09-16T15:00:00+02:00,2025-09-13T23:00:00+02:00,168,64,M1_GBT_CAL_WEATHER,1.3928173137870739,6.708357972,3.481469789,True,0.7169630420350004,0.1394033193,0.1516392561,0.178492308,0.31155292,0.969528312,1.2731610779,1.8858275878499857,6.910402567,0.025,5,0.022727272727272728,15,DAYTIME,False,False
2025-09-16T16:00:00+02:00,2025-09-13T23:00:00+02:00,168,65,M1_GBT_CAL_WEATHER,2.089139209121728,1.049022497,3.481469789,False,1.1577064305300004,0.14423953035,0.1631110586,0.21083102275,0.9031155085,1.2628819470000001,2.655875362199998,3.995859256299998,7.281212538,0.07,14,0.09090909090909091,16,RETURN_RAMP,False,False
2025-09-16T17:00:00+02:00,2025-09-13T23:00:00+02:00,168,66,M1_GBT_CAL_WEATHER,3.800259339759529,7.591554931,3.481469789,True,3.173063983664999,0.1993357825,0.4311883068000001,0.8870926025000001,1.336731924,5.10721125725,8.3392139314,9.250687431749999,13.822923023,0.345,69,0.25,17,RETURN_RAMP,False,False
2025-09-16T18:00:00+02:00,2025-09-13T23:00:00+02:00,168,67,M1_GBT_CAL_WEATHER,5.562286241300066,10.667323623,3.481469789,True,4.959220784699999,0.19788201560000002,0.8136849237,1.21518241225,3.5636609345,8.270796327749999,11.1426829525,13.31586868615,16.138250421,0.51,102,0.4318181818181818,18,RETURN_RAMP,True,True
2025-09-16T19:00:00+02:00,2025-09-13T23:00:00+02:00,168,68,M1_GBT_CAL_WEATHER,5.562286241300066,16.628074464,3.481469789,True,5.084297296059998,0.17295707089999998,0.215415871,0.9498984645,3.6542073065,8.48844206175,11.712091634499998,13.589776568899989,18.322814227000002,0.51,102,0.5227272727272727,19,EVENING,True,True
2025-09-16T20:00:00+02:00,2025-09-13T23:00:00+02:00,168,69,M1_GBT_CAL_WEATHER,4.353051160795693,2.349053867,3.481469789,False,4.109220721914999,0.17127779085,0.19834266450000002,0.52481982125,2.4136201185,7.532284065500001,10.6359725233,13.444689719249999,18.520238327,0.425,85,0.4090909090909091,20,EVENING,True,True
2025-09-16T21:00:00+02:00,2025-09-13T23:00:00+02:00,168,70,M1_GBT_CAL_WEATHER,2.64193103015789,0.824288263,3.481469789,False,2.6953261937299997,0.2615534348,0.38666725890000003,0.58592356275,1.145189052,3.76612900725,7.9300044992,8.644532828699997,15.687563826,0.26,52,0.3409090909090909,21,EVENING,False,False
2025-09-16T22:00:00+02:00,2025-09-13T23:00:00+02:00,168,71,M1_GBT_CAL_WEATHER,1.8602302539758209,0.804356285,3.481469789,False,1.4538983863400006,0.26304389355,0.33045139920000005,0.45931931574999996,0.6586128795,1.1804992897500002,3.523236752399994,7.274210401999991,11.304528034,0.1,20,0.1590909090909091,22,EVENING,False,False
2025-09-16T23:00:00+02:00,2025-09-13T23:00:00+02:00,168,72,M1_GBT_CAL_WEATHER,1.0509098522470584,1.438780086,3.481469789,False,0.7563462454149998,0.2572936673,0.3028071074,0.39982209825000004,0.525870567,0.6700490554999999,1.1811504951,1.4970039515999924,7.974128684,0.02,4,0.09090909090909091,23,NIGHT,False,False
2025-09-17T00:00:00+02:00,2025-09-13T23:00:00+02:00,168,73,M1_GBT_CAL_WEATHER,1.0140171235364903,0.602862627,3.481469789,False,0.519768479125,0.255354937,0.3002463641,0.3707578285,0.4785287335,0.59291678275,0.667362205,0.70734331575,7.509901015,0.005,1,0,0,NIGHT,False,False
2025-09-17T01:00:00+02:00,2025-09-13T23:00:00+02:00,168,74,M1_GBT_CAL_WEATHER,1.0140171235364903,0.604223755,3.481469789,False,0.47120697518,0.2570459774,0.3016357501,0.37039552175,0.4731760515,0.5811431675000001,0.6480599723999999,0.6641660538999999,0.701635715,0.0,0,0,1,NIGHT,False,False
2025-09-17T02:00:00+02:00,2025-09-13T23:00:00+02:00,168,75,M1_GBT_CAL_WEATHER,1.0140171235364903,0.605492126,3.481469789,False,0.4727094778299998,0.25862177625000005,0.3031467785,0.3717041575,0.4746977885,0.582809807,0.6497147819,0.6658584062499999,0.702894272,0.0,0,0,2,NIGHT,False,False
2025-09-17T03:00:00+02:00,2025-09-13T23:00:00+02:00,168,76,M1_GBT_CAL_WEATHER,1.0140171235364903,0.6065813,3.481469789,False,0.47399970620999987,0.25997494535000004,0.3044044475,0.37280928875,0.4760045335,0.5842409827499999,0.6511357989000001,0.6673116620499999,0.703975019,0.0,0,0,3,NIGHT,False,False
2025-09-17T04:00:00+02:00,2025-09-13T23:00:00+02:00,168,77,M1_GBT_CAL_WEATHER,1.0140171235364903,0.607417053,3.481469789,False,0.47574034373500007,0.2648958577,0.3054837537,0.3751226855,0.4770072345,0.58533916225,0.652226184,0.6684267837499999,0.704804305,0.0,0,0,4,NIGHT,False,False
2025-09-17T05:00:00+02:00,2025-09-13T23:00:00+02:00,168,78,M1_GBT_CAL_WEATHER,1.0140171235364903,0.607942429,3.481469789,False,0.4763627006700004,0.26557102870000004,0.3060978325,0.37575330375,0.477637559,0.58602950675,0.6529116287,0.6691277791999999,0.705325616,0.0,0,0,5,NIGHT,False,False
2025-09-17T06:00:00+02:00,2025-09-13T23:00:00+02:00,168,79,M1_GBT_CAL_WEATHER,1.0140171235364903,0.608121625,3.481469789,False,0.7016667488449997,0.3009543725,0.3242373707,0.417777309,0.5351145575,0.6988056017500001,1.2305030316999996,1.4962178494499991,7.030719551,0.005,1,0,6,NIGHT,False,False
2025-09-17T07:00:00+02:00,2025-09-13T23:00:00+02:00,168,80,M1_GBT_CAL_WEATHER,1.0140171235364903,0.789388184,3.481469789,False,1.1604679348150002,0.30610288674999997,0.35676117500000004,0.48474458425,0.8217091835,1.4663164334999998,1.9894692013,2.5386066548499993,9.129738441,0.025,5,0.022727272727272728,7,MORNING,False,False
2025-09-17T08:00:00+02:00,2025-09-13T23:00:00+02:00,168,81,M1_GBT_CAL_WEATHER,1.0140171235364903,4.76862863,3.481469789,True,1.0306050654849999,0.1700115787,0.185614574,0.3153089895,0.882425546,1.2296179702499999,2.0711398142,2.7165392727999995,9.252922294000001,0.025,5,0,8,MORNING,False,False
2025-09-17T09:00:00+02:00,2025-09-13T23:00:00+02:00,168,82,M1_GBT_CAL_WEATHER,1.0140171235364903,5.460748571,3.481469789,True,0.9431903194,0.18280409579999998,0.2109442889,0.76549391625,1.0001129385,1.1751134380000001,1.3204706955,1.36741869265,5.023465184,0.01,2,0,9,DAYTIME,False,False
2025-09-17T10:00:00+02:00,2025-09-13T23:00:00+02:00,168,83,M1_GBT_CAL_WEATHER,1.0140171235364903,5.459659397,3.481469789,True,1.0016736808200002,0.18517806915,0.22853111210000002,0.79189264275,1.0073169100000001,1.1861658267500002,1.3217818288999998,1.3663223091999999,7.613818402000001,0.02,4,0,10,DAYTIME,False,False
2025-09-17T11:00:00+02:00,2025-09-13T23:00:00+02:00,168,84,M1_GBT_CAL_WEATHER,1.0140171235364903,4.362513255,3.481469789,True,0.9368254963700008,0.1713799705,0.21150808540000002,0.761081201,0.9804348585,1.18212904125,1.3204223962,1.3744102535999996,4.004971847,0.01,2,0,11,DAYTIME,False,False
2025-09-17T12:00:00+02:00,2025-09-13T23:00:00+02:00,168,85,M1_GBT_CAL_WEATHER,1.124042726937272,0.550390506,3.481469789,False,0.8015131727100001,0.1446096515,0.16936686990000002,0.23151483174999998,0.8614872434999999,1.12255423025,1.3026229732,1.3664853075999999,3.667950425,0.01,2,0.022727272727272728,12,DAYTIME,False,False
2025-09-17T13:00:00+02:00,2025-09-13T23:00:00+02:00,168,86,M1_GBT_CAL_WEATHER,1.5858731495283336,0.195273604,3.481469789,False,0.7251460597100001,0.1345303479,0.1454624645,0.17812371075,0.528952402,1.0556661395,1.2896582343999998,1.3902846118999999,5.6987532430000005,0.025,5,0.022727272727272728,13,DAYTIME,False,False
2025-09-17T14:00:00+02:00,2025-09-13T23:00:00+02:00,168,87,M1_GBT_CAL_WEATHER,1.6227658782389016,1.594401324,3.481469789,False,0.7435441543799998,0.13329880465,0.1416187692,0.16636669124999998,0.22814686350000002,1.1020448324999998,1.3324207541,2.0158564169499993,7.587534033000001,0.03,6,0.022727272727272728,14,DAYTIME,False,False
2025-09-17T15:00:00+02:00,2025-09-13T23:00:00+02:00,168,88,M1_GBT_CAL_WEATHER,1.9085353576975823,1.877425009,3.481469789,False,0.90354642729,0.1360386468,0.14766893180000001,0.188169455,0.739254607,1.18004702175,2.0484172928999995,2.7734324050499994,7.586066602000001,0.03,6,0.022727272727272728,15,DAYTIME,False,False
2025-09-17T16:00:00+02:00,2025-09-13T23:00:00+02:00,168,89,M1_GBT_CAL_WEATHER,2.414913774249509,2.473006676,3.481469789,False,1.7998996542650003,0.16384919265,0.179591276,0.636791448,1.2388311505,2.48813488,3.5867630428999973,5.9179606655,10.105629587000001,0.105,21,0.09090909090909091,16,RETURN_RAMP,False,False
2025-09-17T17:00:00+02:00,2025-09-13T23:00:00+02:00,168,90,M1_GBT_CAL_WEATHER,4.061314218793131,1.072085209,3.481469789,False,4.131218236250001,0.2035433375,0.7436397506,1.2448837137500002,2.595061638,6.9470233115,9.392096498699999,10.824096548399993,18.025079357,0.39,78,0.25,17,RETURN_RAMP,True,False
2025-09-17T18:00:00+02:00,2025-09-13T23:00:00+02:00,168,91,M1_GBT_CAL_WEATHER,5.562286241300066,2.497916245,3.481469789,False,5.98741630823,0.19945290755000003,0.8638165265000001,2.30664749075,4.983872568,9.779427937000001,11.7988413689,13.655110636299987,16.514140297,0.58,116,0.4318181818181818,18,RETURN_RAMP,True,True
2025-09-17T19:00:00+02:00,2025-09-13T23:00:00+02:00,168,92,M1_GBT_CAL_WEATHER,5.198505986215282,2.452045187,3.481469789,False,6.200186347010006,0.17361730815,0.2204676962,2.28584785375,4.8215286619999995,9.7955355735,12.549495381899998,16.0385840111,19.175907426000002,0.58,116,0.5227272727272727,19,EVENING,True,True
2025-09-17T20:00:00+02:00,2025-09-13T23:00:00+02:00,168,93,M1_GBT_CAL_WEATHER,4.463658603194153,1.469854801,3.481469789,False,4.342339771874999,0.17425649880000002,0.2074823687,1.068777514,2.8853360235,7.709377244000001,10.086099797400001,12.118453665149998,21.913263971,0.435,87,0.4090909090909091,20,EVENING,True,False
2025-09-17T21:00:00+02:00,2025-09-13T23:00:00+02:00,168,94,M1_GBT_CAL_WEATHER,2.64193103015789,1.799430156,3.481469789,False,2.6011152443000003,0.2517393054,0.31382498980000006,0.6216627189999999,1.2053874075,3.9187169057499998,7.9225961797,8.554096099950002,11.270025839,0.27,54,0.3409090909090909,21,EVENING,False,False
2025-09-17T22:00:00+02:00,2025-09-13T23:00:00+02:00,168,95,M1_GBT_CAL_WEATHER,1.8602302539758209,1.319827851,3.481469789,False,1.1980461691399993,0.25305823325,0.3189170657,0.46949881250000003,0.6517830600000001,1.0352181759999999,1.9956125771999982,5.835460441199986,8.848697564999998,0.075,15,0.1590909090909091,22,EVENING,False,False
2025-09-17T23:00:00+02:00,2025-09-13T23:00:00+02:00,168,96,M1_GBT_CAL_WEATHER,1.0509098522470584,0.601501498,3.481469789,False,0.7230862296949998,0.25375288144999997,0.2983917636,0.410905968,0.534578415,0.6802960725,1.0600407913999996,1.2752924397999996,8.099380754,0.025,5,0.09090909090909091,23,NIGHT,False,False
2025-09-18T00:00:00+02:00,2025-09-13T23:00:00+02:00,168,97,M1_GBT_CAL_WEATHER,1.0140171235364903,0.602862627,3.481469789,False,0.5457610704049999,0.25624240845,0.30001375680000003,0.38519624425,0.4816543985,0.59723004925,0.6700748113,0.8008213923499998,5.05765129,0.01,2,0,0,NIGHT,False,False
2025-09-18T01:00:00+02:00,2025-09-13T23:00:00+02:00,168,98,M1_GBT_CAL_WEATHER,1.0140171235364903,0.604223755,3.481469789,False,0.5084559342500001,0.25789065825,0.2984189554,0.3721573255,0.47056852,0.5905697409999999,0.6498618703,0.67552491385,7.967117517,0.005,1,0,1,NIGHT,False,False
2025-09-18T02:00:00+02:00,2025-09-13T23:00:00+02:00,168,99,M1_GBT_CAL_WEATHER,1.0140171235364903,0.605492126,3.481469789,False,0.4953591167599999,0.25942658275,0.3000946867,0.37353585850000004,0.472072676,0.5919575125000001,0.6511974301,0.6770379761499999,5.048890367,0.005,1,0,2,NIGHT,False,False
2025-09-18T03:00:00+02:00,2025-09-13T23:00:00+02:00,168,100,M1_GBT_CAL_WEATHER,1.0140171235364903,0.6065813,3.481469789,False,0.47424866527999976,0.2607455106,0.3015336702,0.37472583925,0.47347604200000004,0.5916980912500001,0.6511357989000001,0.6712997623999999,0.709375174,0.0,0,0,3,NIGHT,False,False
2025-09-18T04:00:00+02:00,2025-09-13T23:00:00+02:00,168,101,M1_GBT_CAL_WEATHER,1.0140171235364903,0.607417053,3.481469789,False,0.47523869231000015,0.26175756025,0.3026378409,0.37563894275,0.474566098,0.5927941535,0.652226184,0.6722657439499998,0.710430233,0.0,0,0,4,NIGHT,False,False
2025-09-18T05:00:00+02:00,2025-09-13T23:00:00+02:00,168,102,M1_GBT_CAL_WEATHER,1.0140171235364903,0.607942429,3.481469789,False,0.4795509692250004,0.26676467389999997,0.3059761424,0.386482707,0.480253194,0.59463848125,0.6529116287,0.6728729857499999,0.711093471,0.0,0,0,5,NIGHT,False,False
2025-09-18T06:00:00+02:00,2025-09-13T23:00:00+02:00,168,103,M1_GBT_CAL_WEATHER,1.0140171235364903,0.608121625,3.481469789,False,0.7256001364199999,0.2990905632,0.3356751087,0.424811511,0.549701199,0.680411753,1.1497940760999998,1.497095351049999,9.686309640000001,0.01,2,0,6,NIGHT,False,False
2025-09-18T07:00:00+02:00,2025-09-13T23:00:00+02:00,168,104,M1_GBT_CAL_WEATHER,1.0140171235364903,1.164558971,3.481469789,False,1.2132614523399996,0.3201610645,0.40596261310000004,0.53775647625,0.902101369,1.4257686215,2.1062106568999996,2.443048163149995,15.171590634000001,0.025,5,0.022727272727272728,7,MORNING,False,False
2025-09-18T08:00:00+02:00,2025-09-13T23:00:00+02:00,168,105,M1_GBT_CAL_WEATHER,1.0140171235364903,2.138801261,3.481469789,False,1.0666286412450001,0.16583055989999998,0.197003263,0.46308433325,0.9215223775,1.21433051075,1.849753401499999,2.639718204299997,9.182307631999999,0.02,4,0,8,MORNING,False,False
2025-09-18T09:00:00+02:00,2025-09-13T23:00:00+02:00,168,106,M1_GBT_CAL_WEATHER,1.0140171235364903,1.080883684,3.481469789,False,1.1247251428600002,0.16659712575,0.19587854200000002,0.8076901317499999,1.037800789,1.22970408675,1.3393021263,1.37550729155,15.976449643999999,0.025,5,0,9,DAYTIME,False,False
2025-09-18T10:00:00+02:00,2025-09-13T23:00:00+02:00,168,107,M1_GBT_CAL_WEATHER,1.0140171235364903,1.07979451,3.481469789,False,1.1007301517449999,0.17044225030000001,0.1920026796,0.74092410525,0.9888434614999999,1.22493607425,1.3485966673,1.3951623696,12.818703576,0.03,6,0,10,DAYTIME,False,False
2025-09-18T11:00:00+02:00,2025-09-13T23:00:00+02:00,168,108,M1_GBT_CAL_WEATHER,1.0712297436277154,0.836692303,3.481469789,False,0.9326039441699997,0.16407138805,0.1792415032,0.482300603,0.910525645,1.18452988475,1.3391075983,1.3929854423,5.609865653,0.02,4,0,11,DAYTIME,False,False
2025-09-18T12:00:00+02:00,2025-09-13T23:00:00+02:00,168,109,M1_GBT_CAL_WEATHER,1.5858731495283336,0.196634733,3.481469789,False,0.9013333222150003,0.1458045626,0.16226355509999998,0.209904125,0.8675791879999999,1.143300757,1.3257922411999998,2.1360872578999968,5.660897781,0.04,8,0.022727272727272728,12,DAYTIME,False,False
2025-09-18T13:00:00+02:00,2025-09-13T23:00:00+02:00,168,110,M1_GBT_CAL_WEATHER,1.5858731495283336,0.195273604,3.481469789,False,0.8970838113700005,0.14043395295000002,0.15552184370000002,0.1821210865,0.5194876685,1.14714067125,1.9749198058,2.721731947099999,7.288427636,0.04,8,0.022727272727272728,13,DAYTIME,False,False
2025-09-18T14:00:00+02:00,2025-09-13T23:00:00+02:00,168,111,M1_GBT_CAL_WEATHER,1.6227658782389016,0.194005234,3.481469789,False,0.97805289908,0.13329880465,0.1416187692,0.17592561099999998,0.24240834049999999,1.274875379,2.4259657022999996,3.260230090249999,7.130516822000001,0.04,8,0.022727272727272728,14,DAYTIME,False,False
2025-09-18T15:00:00+02:00,2025-09-13T23:00:00+02:00,168,112,M1_GBT_CAL_WEATHER,1.9085353576975823,0.192916059,3.481469789,False,1.3357061017249992,0.14956269425000002,0.163172103,0.20564942225,1.0295339515,2.13401738,2.6837718579,3.110679547199998,14.092593367000001,0.035,7,0.022727272727272728,15,DAYTIME,False,False
2025-09-18T16:00:00+02:00,2025-09-13T23:00:00+02:00,168,113,M1_GBT_CAL_WEATHER,2.414913774249509,2.35511967,3.481469789,False,1.8990384486349998,0.16233433415,0.19003597319999999,0.81761895275,1.5035799975,2.72604973275,3.5137696778,3.9636065778999825,11.629967017,0.105,21,0.09090909090909091,16,RETURN_RAMP,False,False
2025-09-18T17:00:00+02:00,2025-09-13T23:00:00+02:00,168,114,M1_GBT_CAL_WEATHER,4.061314218793131,6.486014294,3.481469789,True,3.5795727005000004,0.4350826942,0.688461601,1.08093242775,2.6264382805000004,4.823827656500001,8.751223346499998,9.952787266099998,17.520506712000003,0.3,60,0.25,17,RETURN_RAMP,False,False
2025-09-18T18:00:00+02:00,2025-09-13T23:00:00+02:00,168,115,M1_GBT_CAL_WEATHER,5.562286241300066,13.171239836,3.481469789,True,5.766053689684998,0.2186452684,0.7460309801999999,2.1469013770000003,3.9841638925,8.891528692250002,12.3457755678,15.399028179799984,18.026735498,0.565,113,0.4318181818181818,18,RETURN_RAMP,True,True
2025-09-18T19:00:00+02:00,2025-09-13T23:00:00+02:00,168,116,M1_GBT_CAL_WEATHER,5.562286241300066,9.038335352,3.481469789,True,6.027756129924996,0.1788560931,0.2208270278,1.7732196732499999,5.315156039,9.7618093695,11.8745183775,15.361101951249998,23.556078559,0.58,116,0.5227272727272727,19,EVENING,True,True
2025-09-18T20:00:00+02:00,2025-09-13T23:00:00+02:00,168,117,M1_GBT_CAL_WEATHER,4.463658603194153,6.469265554,3.481469789,True,4.157864533495001,0.17310210210000002,0.20436034860000002,0.6920809965000001,2.7466136015,7.286782527,9.744728565900001,11.786118529099996,20.846131288000002,0.42,84,0.4090909090909091,20,EVENING,True,False
2025-09-18T21:00:00+02:00,2025-09-13T23:00:00+02:00,168,118,M1_GBT_CAL_WEATHER,2.64193103015789,1.023884329,3.481469789,False,2.6334222688249986,0.2579326656,0.3096942958,0.6255401282499999,1.1782902,3.3469268495,8.024132142500001,8.7182367961,19.909600203,0.245,49,0.3409090909090909,21,EVENING,False,False
2025-09-18T22:00:00+02:00,2025-09-13T23:00:00+02:00,168,119,M1_GBT_CAL_WEATHER,1.8602302539758209,0.611301691,3.481469789,False,1.6274556495049994,0.2590466916,0.2972468964,0.44665598575,0.642395504,1.15848109825,4.888664235399995,7.924948458049998,17.382317037,0.12,24,0.1590909090909091,22,EVENING,False,False
2025-09-18T23:00:00+02:00,2025-09-13T23:00:00+02:00,168,120,M1_GBT_CAL_WEATHER,1.0509098522470584,0.601501498,3.481469789,False,0.8598155423049996,0.25729861085,0.29870467440000004,0.412124833,0.533870335,0.6653496845,1.1470161066999995,2.246284030699992,15.356197952999999,0.04,8,0.09090909090909091,23,NIGHT,False,False
2025-09-19T00:00:00+02:00,2025-09-13T23:00:00+02:00,168,121,M1_GBT_CAL_WEATHER,1.0140171235364903,0.602862627,3.481469789,False,0.6226343279649997,0.25904287924999997,0.298581289,0.38113899700000003,0.48727874299999996,0.60527277275,0.6970490276,2.22636752785,5.681140961,0.005,1,0,0,NIGHT,False,False
2025-09-19T01:00:00+02:00,2025-09-13T23:00:00+02:00,168,122,M1_GBT_CAL_WEATHER,1.0140171235364903,0.604223755,3.481469789,False,0.47779647019500016,0.2607687006,0.2971025131,0.3640643,0.47056852,0.5811431675000001,0.6431436704,0.6685748573499999,2.353863477,0.0,0,0,1,NIGHT,False,False
2025-09-19T02:00:00+02:00,2025-09-13T23:00:00+02:00,168,123,M1_GBT_CAL_WEATHER,1.0140171235364903,0.605492126,3.481469789,False,0.499895220675,0.2623855043,0.29837675610000003,0.36577825225000005,0.472072676,0.582809807,0.6448927773,0.6700408691499999,6.474702044,0.005,1,0,2,NIGHT,False,False
2025-09-19T03:00:00+02:00,2025-09-13T23:00:00+02:00,168,124,M1_GBT_CAL_WEATHER,1.0140171235364903,0.6065813,3.481469789,False,0.5024023948449998,0.2637738861,0.2994709728,0.36725005675,0.47347604200000004,0.5842409827499999,0.6463947701999999,0.6712997623999999,6.719455708,0.005,1,0,3,NIGHT,False,False
2025-09-19T04:00:00+02:00,2025-09-13T23:00:00+02:00,168,125,M1_GBT_CAL_WEATHER,1.0140171235364903,0.607417053,3.481469789,False,0.474436634945,0.26613653845,0.3026378409,0.37062703199999997,0.4770072345,0.58533916225,0.6459277293,0.6684267837499999,0.710430233,0.0,0,0,4,NIGHT,False,False
2025-09-19T05:00:00+02:00,2025-09-13T23:00:00+02:00,168,126,M1_GBT_CAL_WEATHER,1.0140171235364903,0.607942429,3.481469789,False,0.47505899188000045,0.26666754005,0.30333195220000003,0.37121708425,0.477637559,0.58602950675,0.646629401,0.6691277791999999,0.711093471,0.0,0,0,5,NIGHT,False,False
2025-09-19T06:00:00+02:00,2025-09-13T23:00:00+02:00,168,127,M1_GBT_CAL_WEATHER,1.0140171235364903,0.608121625,3.481469789,False,0.6782161209099997,0.3008673957,0.3259986812,0.41140191125000003,0.5583739255,0.6988056017500001,1.2367160016,1.4261098511499988,5.647824154,0.005,1,0,6,NIGHT,False,False
2025-09-19T07:00:00+02:00,2025-09-13T23:00:00+02:00,168,128,M1_GBT_CAL_WEATHER,1.0140171235364903,1.147940829,3.481469789,False,1.1150172213499998,0.3059914992,0.3501444011,0.48507108200000004,0.8553083855,1.4746155915,2.036034333,2.454649357799996,11.497890852,0.015,3,0.022727272727272728,7,MORNING,False,False
2025-09-19T08:00:00+02:00,2025-09-13T23:00:00+02:00,168,129,M1_GBT_CAL_WEATHER,1.0140171235364903,1.081719437,3.481469789,False,1.008453336675,0.17023835610000002,0.19165022870000004,0.46901415625,0.9287445505,1.2102835459999999,1.9359284669999999,2.7978773906499974,4.767333727,0.01,2,0,8,MORNING,False,False
2025-09-19T09:00:00+02:00,2025-09-13T23:00:00+02:00,168,130,M1_GBT_CAL_WEATHER,1.0140171235364903,1.080883684,3.481469789,False,1.0108000000750004,0.17042621695000001,0.1965854173,0.80069426,1.004077648,1.1702316465,1.3066559318,1.3557781848499997,14.58958891,0.015,3,0,9,DAYTIME,False,False
2025-09-19T10:00:00+02:00,2025-09-13T23:00:00+02:00,168,131,M1_GBT_CAL_WEATHER,1.0140171235364903,1.07979451,3.481469789,False,1.05584856289,0.19514199055,0.25565408040000004,0.79189264275,1.0128896535,1.2009310165,1.3392814132,1.474122114149999,5.434822166,0.025,5,0,10,DAYTIME,False,False
2025-09-19T11:00:00+02:00,2025-09-13T23:00:00+02:00,168,132,M1_GBT_CAL_WEATHER,1.0140171235364903,1.078526139,3.481469789,False,1.0649324535200007,0.20581851915,0.2876965395,0.76778907975,0.9903695955,1.21665215475,1.3527353048,1.5014560102999999,5.404185423,0.045,9,0,11,DAYTIME,False,False
2025-09-19T12:00:00+02:00,2025-09-13T23:00:00+02:00,168,133,M1_GBT_CAL_WEATHER,1.0712297436277154,1.077165011,3.481469789,False,0.952346242445,0.1539134746,0.1674022986,0.22182717075,0.8530608155000001,1.1444635737500002,1.3454642972,1.589562255699995,15.198125113,0.035,7,0.022727272727272728,12,DAYTIME,False,False
2025-09-19T13:00:00+02:00,2025-09-13T23:00:00+02:00,168,134,M1_GBT_CAL_WEATHER,1.0712297436277154,1.165208319,3.481469789,False,0.7313637878450003,0.1412262671,0.1489501577,0.17809769474999998,0.2796480555,1.06614600475,1.3361560404,1.5086649940499997,16.024126316,0.02,4,0.022727272727272728,13,DAYTIME,False,False
2025-09-19T14:00:00+02:00,2025-09-13T23:00:00+02:00,168,135,M1_GBT_CAL_WEATHER,1.6227658782389016,0.29999261,3.481469789,False,0.6939912832299997,0.13314329014999998,0.1414765639,0.16475560775,0.20832668999999998,1.08592966325,1.3450979943999999,2.037171386249999,16.022599564,0.01,2,0.022727272727272728,14,DAYTIME,False,False
2025-09-19T15:00:00+02:00,2025-09-13T23:00:00+02:00,168,136,M1_GBT_CAL_WEATHER,1.9085353576975823,1.593312149,3.481469789,False,0.9091633856749997,0.14017849559999998,0.1536951511,0.19474324625,0.6503256065,1.2214286045,2.0737143454,2.6763031649999998,9.470494621,0.03,6,0.022727272727272728,15,DAYTIME,False,False
2025-09-19T16:00:00+02:00,2025-09-13T23:00:00+02:00,168,137,M1_GBT_CAL_WEATHER,2.414913774249509,1.739939129,3.481469789,False,1.7501064740850003,0.17711797750000002,0.20070672960000002,0.7560934242499999,1.264580337,2.47916649275,3.3542259870999986,4.429654118099998,11.506208049000001,0.1,20,0.09090909090909091,16,RETURN_RAMP,False,False
2025-09-19T17:00:00+02:00,2025-09-13T23:00:00+02:00,168,138,M1_GBT_CAL_WEATHER,3.6867086868616505,1.072085209,3.481469789,False,3.9095217579699963,0.26171004040000007,0.7614850958000001,1.17049646075,2.7375048545,5.73853792275,9.303452643299998,10.50020621605,15.554624930000001,0.38,76,0.25,17,RETURN_RAMP,True,False
2025-09-19T18:00:00+02:00,2025-09-13T23:00:00+02:00,168,139,M1_GBT_CAL_WEATHER,4.838917585019432,1.108232441,3.481469789,False,6.072889298270005,0.2199093038,0.7412592676000002,2.346202254,5.0848700220000005,9.4217144255,12.1451763452,15.01462346659999,20.042661262,0.57,114,0.4318181818181818,18,RETURN_RAMP,True,True
2025-09-19T19:00:00+02:00,2025-09-13T23:00:00+02:00,168,140,M1_GBT_CAL_WEATHER,4.838917585019432,9.8724813,3.481469789,True,6.329334674390002,0.17763523365,0.9514680603000003,2.40343501125,5.761302086500001,9.271628164500001,12.680066607099999,15.97458700325,20.719365089,0.62,124,0.5227272727272727,19,EVENING,True,True
2025-09-19T20:00:00+02:00,2025-09-13T23:00:00+02:00,168,141,M1_GBT_CAL_WEATHER,4.292313491207371,1.728010255,3.481469789,False,4.507080895095002,0.17375517575000002,0.25925778880000006,0.76704535125,2.5921992005,7.5596909427500005,10.6201090027,14.496212116949986,26.522968666,0.42,84,0.4090909090909091,20,EVENING,True,False
2025-09-19T21:00:00+02:00,2025-09-13T23:00:00+02:00,168,142,M1_GBT_CAL_WEATHER,2.64193103015789,1.365096768,3.481469789,False,2.907916619019998,0.308195502,0.4449947989,0.62144376925,1.0512658215,4.027550727,7.9950907024,9.408882947999984,19.099260441,0.295,59,0.3409090909090909,21,EVENING,False,False
2025-09-19T22:00:00+02:00,2025-09-13T23:00:00+02:00,168,143,M1_GBT_CAL_WEATHER,1.8602302539758209,0.692476492,3.481469789,False,1.460591884849999,0.29156047605,0.38294485740000006,0.49849598275,0.6787229265,1.01765138875,2.2234503722999963,7.991205979049998,15.427820659,0.09,18,0.1590909090909091,22,EVENING,False,False
2025-09-19T23:00:00+02:00,2025-09-13T23:00:00+02:00,168,144,M1_GBT_CAL_WEATHER,1.0509098522470584,0.601501498,3.481469789,False,0.781335998565,0.28686171755,0.3225525785,0.41803649625,0.5887948245,0.74405898725,1.1190369928,1.311753809299999,7.877789624,0.025,5,0.09090909090909091,23,NIGHT,False,False
2025-09-20T00:00:00+02:00,2025-09-13T23:00:00+02:00,168,145,M1_GBT_CAL_WEATHER,1.0140171235364903,0.602862627,3.481469789,False,0.5338832800899999,0.27293713430000005,0.31372299000000003,0.3864331285,0.5186666575000001,0.622778117,0.6778701686999999,0.83600946665,3.563406022,0.005,1,0,0,NIGHT,False,False
2025-09-20T01:00:00+02:00,2025-09-13T23:00:00+02:00,168,146,M1_GBT_CAL_WEATHER,1.0140171235364903,0.604223755,3.481469789,False,0.48144257588500017,0.2747319637,0.31500222330000005,0.386896286,0.482710967,0.5927226855000001,0.6498618703,0.6685748573499999,0.706398996,0.0,0,0,1,NIGHT,False,False
2025-09-20T02:00:00+02:00,2025-09-13T23:00:00+02:00,168,147,M1_GBT_CAL_WEATHER,1.0140171235364903,0.605492126,3.481469789,False,0.49874108918,0.28057237335,0.3177119435,0.38964214825,0.485076469,0.5959441480000001,0.6514319019,0.6770379761499999,3.353317756,0.0,0,0,2,NIGHT,False,False
2025-09-20T03:00:00+02:00,2025-09-13T23:00:00+02:00,168,148,M1_GBT_CAL_WEATHER,1.0140171235364903,0.6065813,3.481469789,False,0.5147790064549995,0.29711758190000004,0.3224739626,0.39431675099999997,0.486731881,0.59818848,0.653071324,0.67969919955,4.4469964310000005,0.005,1,0,3,NIGHT,False,False
2025-09-20T04:00:00+02:00,2025-09-13T23:00:00+02:00,168,149,M1_GBT_CAL_WEATHER,1.0140171235364903,0.607417053,3.481469789,False,0.5201701573800002,0.2981880863,0.3233875349,0.39540464,0.4878395175,0.5980752739999999,0.6535160707,0.6793282268999999,6.81114565,0.005,1,0,4,NIGHT,False,False
2025-09-20T05:00:00+02:00,2025-09-13T23:00:00+02:00,168,150,M1_GBT_CAL_WEATHER,1.0140171235364903,0.607942429,3.481469789,False,0.4900780065750004,0.29886103355,0.3240128586,0.396088515,0.488535807,0.59865692875,0.6540849085,0.6728729857499999,0.711093471,0.0,0,0,5,NIGHT,False,False
2025-09-20T06:00:00+02:00,2025-09-13T23:00:00+02:00,168,151,M1_GBT_CAL_WEATHER,1.0140171235364903,0.608121625,3.481469789,False,0.6520381705800001,0.30375024224999997,0.33963197840000003,0.43044145275,0.562490487,0.673299419,1.1195128114,1.45818934385,2.492198104,0.0,0,0,6,NIGHT,False,False
2025-09-20T07:00:00+02:00,2025-09-13T23:00:00+02:00,168,152,M1_GBT_CAL_WEATHER,1.0140171235364903,0.607942429,3.481469789,False,1.0330065498549994,0.31290556595,0.3710383815,0.480981267,0.7057759855000001,1.481208414,1.8407886775,2.483347257449999,5.107869119,0.01,2,0.022727272727272728,7,MORNING,False,False
2025-09-20T08:00:00+02:00,2025-09-13T23:00:00+02:00,168,153,M1_GBT_CAL_WEATHER,1.0140171235364903,0.201189159,3.481469789,False,0.9210510665550001,0.1653524039,0.1836889686,0.28309048150000005,0.8436291140000001,1.1489923174999999,1.6561408058999991,2.6186764729999994,5.3103668200000005,0.02,4,0,8,MORNING,False,False
2025-09-20T09:00:00+02:00,2025-09-13T23:00:00+02:00,168,154,M1_GBT_CAL_WEATHER,1.0140171235364903,0.200353406,3.481469789,False,1.0420487527449998,0.1836378574,0.2157062987,0.78100982475,1.0009210065,1.18757064225,1.3252679776,1.3810835022999994,5.79297517,0.03,6,0,9,DAYTIME,False,False
2025-09-20T10:00:00+02:00,2025-09-13T23:00:00+02:00,168,155,M1_GBT_CAL_WEATHER,1.0140171235364903,0.891457281,3.481469789,False,1.1235604397649999,0.1795098477,0.25132406590000006,0.83649332625,1.0704176925,1.25796220825,1.3867550967,2.4312909221999965,5.726307439,0.035,7,0,10,DAYTIME,False,False
2025-09-20T11:00:00+02:00,2025-09-13T23:00:00+02:00,168,156,M1_GBT_CAL_WEATHER,1.0140171235364903,1.078526139,3.481469789,False,1.1248928908299993,0.1958583398,0.33788326160000004,0.77780404625,1.049427284,1.2369289695,1.4342120057999999,2.6344273137999945,5.582074664,0.04,8,0,11,DAYTIME,False,False
2025-09-20T12:00:00+02:00,2025-09-13T23:00:00+02:00,168,157,M1_GBT_CAL_WEATHER,1.124042726937272,1.077165011,3.481469789,False,0.9906090081449997,0.1648291415,0.179721073,0.47619112474999997,0.954704399,1.2204271417499999,1.3969560292,2.619961156499999,5.357316574,0.035,7,0.022727272727272728,12,DAYTIME,False,False
2025-09-20T13:00:00+02:00,2025-09-13T23:00:00+02:00,168,158,M1_GBT_CAL_WEATHER,1.0712297436277154,1.075803882,3.481469789,False,0.8776683933850002,0.14301090035,0.1642671992,0.212871905,0.7887637535,1.19015187225,1.7916293024999999,2.639759332799997,4.7475915959999995,0.015,3,0.022727272727272728,13,DAYTIME,False,False
2025-09-20T14:00:00+02:00,2025-09-13T23:00:00+02:00,168,159,M1_GBT_CAL_WEATHER,1.16093545564784,2.474931603,3.481469789,False,0.8926649091949994,0.1394495059,0.1543513231,0.19095706175,0.5759986875,1.29816601575,2.190744534099999,2.7071973332499986,5.545812165,0.01,2,0.022727272727272728,14,DAYTIME,False,False
2025-09-20T15:00:00+02:00,2025-09-13T23:00:00+02:00,168,160,M1_GBT_CAL_WEATHER,1.4467049351065213,2.473842428,3.481469789,False,1.1183823866049998,0.1397025558,0.15710894120000002,0.205074592,0.818161677,1.493337822,2.5708936996999996,2.879463973749989,7.094438697,0.05,10,0.022727272727272728,15,DAYTIME,False,False
2025-09-20T16:00:00+02:00,2025-09-13T23:00:00+02:00,168,161,M1_GBT_CAL_WEATHER,2.090213847131619,3.477985299,3.481469789,False,2.0758108089000005,0.160058993,0.2035958254,0.7185526735,1.0999708435,2.46487166775,5.707524820199997,8.353815876699997,11.551424629,0.165,33,0.09090909090909091,16,RETURN_RAMP,False,False
2025-09-20T17:00:00+02:00,2025-09-13T23:00:00+02:00,168,162,M1_GBT_CAL_WEATHER,3.6867086868616505,14.80883985,3.481469789,True,2.6545562616099994,0.18685361080000001,0.2762252428,0.84397375475,1.2983032115,2.9072558327499998,8.383297732099999,9.517522498899996,14.928939668,0.205,41,0.25,17,RETURN_RAMP,False,False
2025-09-20T18:00:00+02:00,2025-09-13T23:00:00+02:00,168,163,M1_GBT_CAL_WEATHER,4.838917585019432,15.731906587,3.481469789,True,2.926005376975,0.16671509725,0.1963519936,0.864127314,1.573788933,3.9119227482500003,8.250165331299998,9.3384740595,15.500323060000001,0.28,56,0.4318181818181818,18,RETURN_RAMP,False,True
2025-09-20T19:00:00+02:00,2025-09-13T23:00:00+02:00,168,164,M1_GBT_CAL_WEATHER,4.838917585019432,16.391951021,3.481469789,True,3.289405079759998,0.16596953425000002,0.18841286110000002,0.84874344475,2.0937948155,4.35633123825,8.6487827672,10.187291467249999,17.604242902,0.315,63,0.5227272727272727,19,EVENING,False,True
2025-09-20T20:00:00+02:00,2025-09-13T23:00:00+02:00,168,165,M1_GBT_CAL_WEATHER,4.292313491207371,17.316185669,3.481469789,True,3.570903745184999,0.1837888484,0.20127068960000002,0.54667244825,1.9844072465,6.21385296925,9.009263983099997,10.574838524799995,18.161001671,0.36,72,0.4090909090909091,20,EVENING,False,False
2025-09-20T21:00:00+02:00,2025-09-13T23:00:00+02:00,168,166,M1_GBT_CAL_WEATHER,2.64193103015789,10.58461513,3.481469789,True,3.1263101637750026,0.3067768524000001,0.414194652,0.67468697425,1.3688332019999998,5.59951322525,8.0252381757,8.6322753263,15.880972619000001,0.33,66,0.3409090909090909,21,EVENING,False,False
2025-09-20T22:00:00+02:00,2025-09-13T23:00:00+02:00,168,167,M1_GBT_CAL_WEATHER,1.8602302539758209,0.666228011,3.481469789,False,2.119788964715,0.33871959605000007,0.3976103063,0.56198096325,0.784170402,1.39137259025,7.8036692156,8.3778001437,15.111442676000001,0.19,38,0.1590909090909091,22,EVENING,False,False
2025-09-20T23:00:00+02:00,2025-09-13T23:00:00+02:00,168,168,M1_GBT_CAL_WEATHER,1.0509098522470584,0.616934904,3.481469789,False,1.3308763300400002,0.27855670115000003,0.3433146252,0.47043327775,0.601755056,1.03099717575,3.8499928611999987,6.2982328127499745,15.116040301,0.105,21,0.09090909090909091,23,NIGHT,False,False
2025-09-17T00:00:00+02:00,2025-09-16T23:00:00+02:00,168,1,M1_GBT_CAL_WEATHER,1.2287202971749507,0.602862627,3.7708782645000003,False,0.519768479125,0.255354937,0.3002463641,0.3707578285,0.4785287335,0.59291678275,0.667362205,0.70734331575,7.509901015,0.005,1,0,0,NIGHT,False,False
2025-09-17T01:00:00+02:00,2025-09-16T23:00:00+02:00,168,2,M1_GBT_CAL_WEATHER,1.2287202971749507,0.604223755,3.7708782645000003,False,0.47120697518,0.2570459774,0.3016357501,0.37039552175,0.4731760515,0.5811431675000001,0.6480599723999999,0.6641660538999999,0.701635715,0.0,0,0,1,NIGHT,False,False
2025-09-17T02:00:00+02:00,2025-09-16T23:00:00+02:00,168,3,M1_GBT_CAL_WEATHER,1.2287202971749507,0.605492126,3.7708782645000003,False,0.4727094778299998,0.25862177625000005,0.3031467785,0.3717041575,0.4746977885,0.582809807,0.6497147819,0.6658584062499999,0.702894272,0.0,0,0,2,NIGHT,False,False
2025-09-17T03:00:00+02:00,2025-09-16T23:00:00+02:00,168,4,M1_GBT_CAL_WEATHER,1.2287202971749507,0.6065813,3.7708782645000003,False,0.47399970620999987,0.25997494535000004,0.3044044475,0.37280928875,0.4760045335,0.5842409827499999,0.6511357989000001,0.6673116620499999,0.703975019,0.0,0,0,3,NIGHT,False,False
2025-09-17T04:00:00+02:00,2025-09-16T23:00:00+02:00,168,5,M1_GBT_CAL_WEATHER,1.2287202971749507,0.607417053,3.7708782645000003,False,0.47574034373500007,0.2648958577,0.3054837537,0.3751226855,0.4770072345,0.58533916225,0.652226184,0.6684267837499999,0.704804305,0.0,0,0,4,NIGHT,False,False
2025-09-17T05:00:00+02:00,2025-09-16T23:00:00+02:00,168,6,M1_GBT_CAL_WEATHER,1.2287202971749507,0.607942429,3.7708782645000003,False,0.4763627006700004,0.26557102870000004,0.3060978325,0.37575330375,0.477637559,0.58602950675,0.6529116287,0.6691277791999999,0.705325616,0.0,0,0,5,NIGHT,False,False
2025-09-17T06:00:00+02:00,2025-09-16T23:00:00+02:00,168,7,M1_GBT_CAL_WEATHER,1.2287202971749507,0.608121625,3.7708782645000003,False,0.7016667488449997,0.3009543725,0.3242373707,0.417777309,0.5351145575,0.6988056017500001,1.2305030316999996,1.4962178494499991,7.030719551,0.005,1,0,6,NIGHT,False,False
2025-09-17T07:00:00+02:00,2025-09-16T23:00:00+02:00,168,8,M1_GBT_CAL_WEATHER,1.2287202971749507,0.789388184,3.7708782645000003,False,1.1604679348150002,0.30610288674999997,0.35676117500000004,0.48474458425,0.8217091835,1.4663164334999998,1.9894692013,2.5386066548499993,9.129738441,0.02,4,0,7,MORNING,False,False
2025-09-17T08:00:00+02:00,2025-09-16T23:00:00+02:00,168,9,M1_GBT_CAL_WEATHER,1.2287202971749507,4.76862863,3.7708782645000003,True,1.0306050654849999,0.1700115787,0.185614574,0.3153089895,0.882425546,1.2296179702499999,2.0711398142,2.7165392727999995,9.252922294000001,0.025,5,0,8,MORNING,False,False
2025-09-17T09:00:00+02:00,2025-09-16T23:00:00+02:00,168,10,M1_GBT_CAL_WEATHER,1.2287202971749507,5.460748571,3.7708782645000003,True,0.9431903194,0.18280409579999998,0.2109442889,0.76549391625,1.0001129385,1.1751134380000001,1.3204706955,1.36741869265,5.023465184,0.01,2,0,9,DAYTIME,False,False
2025-09-17T10:00:00+02:00,2025-09-16T23:00:00+02:00,168,11,M1_GBT_CAL_WEATHER,1.2287202971749507,5.459659397,3.7708782645000003,True,1.0016736808200002,0.18517806915,0.22853111210000002,0.79189264275,1.0073169100000001,1.1861658267500002,1.3217818288999998,1.3663223091999999,7.613818402000001,0.015,3,0,10,DAYTIME,False,False
2025-09-17T11:00:00+02:00,2025-09-16T23:00:00+02:00,168,12,M1_GBT_CAL_WEATHER,1.3584061502238087,4.362513255,3.7708782645000003,True,0.9368254963700008,0.1713799705,0.21150808540000002,0.761081201,0.9804348585,1.18212904125,1.3204223962,1.3744102535999996,4.004971847,0.005,1,0.02127659574468085,11,DAYTIME,False,False
2025-09-17T12:00:00+02:00,2025-09-16T23:00:00+02:00,168,13,M1_GBT_CAL_WEATHER,1.3819898706204747,0.550390506,3.7708782645000003,False,0.8015131727100001,0.1446096515,0.16936686990000002,0.23151483174999998,0.8614872434999999,1.12255423025,1.3026229732,1.3664853075999999,3.667950425,0.0,0,0.0425531914893617,12,DAYTIME,False,False
2025-09-17T13:00:00+02:00,2025-09-16T23:00:00+02:00,168,14,M1_GBT_CAL_WEATHER,1.702943719833296,0.195273604,3.7708782645000003,False,0.7251460597100001,0.1345303479,0.1454624645,0.17812371075,0.528952402,1.0556661395,1.2896582343999998,1.3902846118999999,5.6987532430000005,0.02,4,0.0425531914893617,13,DAYTIME,False,False
2025-09-17T14:00:00+02:00,2025-09-16T23:00:00+02:00,168,15,M1_GBT_CAL_WEATHER,1.7548197274415573,1.594401324,3.7708782645000003,False,0.7435441543799998,0.13329880465,0.1416187692,0.16636669124999998,0.22814686350000002,1.1020448324999998,1.3324207541,2.0158564169499993,7.587534033000001,0.025,5,0.0425531914893617,14,DAYTIME,False,False
2025-09-17T15:00:00+02:00,2025-09-16T23:00:00+02:00,168,16,M1_GBT_CAL_WEATHER,2.0392679615265212,1.877425009,3.7708782645000003,False,0.90354642729,0.1360386468,0.14766893180000001,0.188169455,0.739254607,1.18004702175,2.0484172928999995,2.7734324050499994,7.586066602000001,0.02,4,0.0425531914893617,15,DAYTIME,False,False
2025-09-17T16:00:00+02:00,2025-09-16T23:00:00+02:00,168,17,M1_GBT_CAL_WEATHER,2.4401039738865276,2.473006676,3.7708782645000003,False,1.7998996542650003,0.16384919265,0.179591276,0.636791448,1.2388311505,2.48813488,3.5867630428999973,5.9179606655,10.105629587000001,0.1,20,0.0851063829787234,16,RETURN_RAMP,False,False
2025-09-17T17:00:00+02:00,2025-09-16T23:00:00+02:00,168,18,M1_GBT_CAL_WEATHER,4.271220175463494,1.072085209,3.7708782645000003,False,4.131218236250001,0.2035433375,0.7436397506,1.2448837137500002,2.595061638,6.9470233115,9.392096498699999,10.824096548399993,18.025079357,0.385,77,0.2553191489361702,17,RETURN_RAMP,True,False
2025-09-17T18:00:00+02:00,2025-09-16T23:00:00+02:00,168,19,M1_GBT_CAL_WEATHER,6.184656890174077,2.497916245,3.7708782645000003,False,5.98741630823,0.19945290755000003,0.8638165265000001,2.30664749075,4.983872568,9.779427937000001,11.7988413689,13.655110636299987,16.514140297,0.54,108,0.425531914893617,18,RETURN_RAMP,True,True
2025-09-17T19:00:00+02:00,2025-09-16T23:00:00+02:00,168,20,M1_GBT_CAL_WEATHER,5.6049573658902725,2.452045187,3.7708782645000003,False,6.200186347010006,0.17361730815,0.2204676962,2.28584785375,4.8215286619999995,9.7955355735,12.549495381899998,16.0385840111,19.175907426000002,0.555,111,0.5319148936170213,19,EVENING,True,True
2025-09-17T20:00:00+02:00,2025-09-16T23:00:00+02:00,168,21,M1_GBT_CAL_WEATHER,4.594762858609266,1.469854801,3.7708782645000003,False,4.342339771874999,0.17425649880000002,0.2074823687,1.068777514,2.8853360235,7.709377244000001,10.086099797400001,12.118453665149998,21.913263971,0.415,83,0.3829787234042553,20,EVENING,True,True
2025-09-17T21:00:00+02:00,2025-09-16T23:00:00+02:00,168,22,M1_GBT_CAL_WEATHER,2.6137891597048712,1.799430156,3.7708782645000003,False,2.6011152443000003,0.2517393054,0.31382498980000006,0.6216627189999999,1.2053874075,3.9187169057499998,7.9225961797,8.554096099950002,11.270025839,0.255,51,0.2978723404255319,21,EVENING,False,False
2025-09-17T22:00:00+02:00,2025-09-16T23:00:00+02:00,168,23,M1_GBT_CAL_WEATHER,2.011407750228332,1.319827851,3.7708782645000003,False,1.1980461691399993,0.25305823325,0.3189170657,0.46949881250000003,0.6517830600000001,1.0352181759999999,1.9956125771999982,5.835460441199986,8.848697564999998,0.075,15,0.14893617021276595,22,EVENING,False,False
2025-09-17T23:00:00+02:00,2025-09-16T23:00:00+02:00,168,24,M1_GBT_CAL_WEATHER,1.280596304783212,0.601501498,3.7708782645000003,False,0.7230862296949998,0.25375288144999997,0.2983917636,0.410905968,0.534578415,0.6802960725,1.0600407913999996,1.2752924397999996,8.099380754,0.02,4,0.0851063829787234,23,NIGHT,False,False
2025-09-18T00:00:00+02:00,2025-09-16T23:00:00+02:00,168,25,M1_GBT_CAL_WEATHER,1.2287202971749507,0.602862627,3.7708782645000003,False,0.5457610704049999,0.25624240845,0.30001375680000003,0.38519624425,0.4816543985,0.59723004925,0.6700748113,0.8008213923499998,5.05765129,0.005,1,0,0,NIGHT,False,False
2025-09-18T01:00:00+02:00,2025-09-16T23:00:00+02:00,168,26,M1_GBT_CAL_WEATHER,1.2287202971749507,0.604223755,3.7708782645000003,False,0.5084559342500001,0.25789065825,0.2984189554,0.3721573255,0.47056852,0.5905697409999999,0.6498618703,0.67552491385,7.967117517,0.005,1,0,1,NIGHT,False,False
2025-09-18T02:00:00+02:00,2025-09-16T23:00:00+02:00,168,27,M1_GBT_CAL_WEATHER,1.2287202971749507,0.605492126,3.7708782645000003,False,0.4953591167599999,0.25942658275,0.3000946867,0.37353585850000004,0.472072676,0.5919575125000001,0.6511974301,0.6770379761499999,5.048890367,0.005,1,0,2,NIGHT,False,False
2025-09-18T03:00:00+02:00,2025-09-16T23:00:00+02:00,168,28,M1_GBT_CAL_WEATHER,1.2287202971749507,0.6065813,3.7708782645000003,False,0.47424866527999976,0.2607455106,0.3015336702,0.37472583925,0.47347604200000004,0.5916980912500001,0.6511357989000001,0.6712997623999999,0.709375174,0.0,0,0,3,NIGHT,False,False
2025-09-18T04:00:00+02:00,2025-09-16T23:00:00+02:00,168,29,M1_GBT_CAL_WEATHER,1.2287202971749507,0.607417053,3.7708782645000003,False,0.47523869231000015,0.26175756025,0.3026378409,0.37563894275,0.474566098,0.5927941535,0.652226184,0.6722657439499998,0.710430233,0.0,0,0,4,NIGHT,False,False
2025-09-18T05:00:00+02:00,2025-09-16T23:00:00+02:00,168,30,M1_GBT_CAL_WEATHER,1.2287202971749507,0.607942429,3.7708782645000003,False,0.4795509692250004,0.26676467389999997,0.3059761424,0.386482707,0.480253194,0.59463848125,0.6529116287,0.6728729857499999,0.711093471,0.0,0,0,5,NIGHT,False,False
2025-09-18T06:00:00+02:00,2025-09-16T23:00:00+02:00,168,31,M1_GBT_CAL_WEATHER,1.2287202971749507,0.608121625,3.7708782645000003,False,0.7256001364199999,0.2990905632,0.3356751087,0.424811511,0.549701199,0.680411753,1.1497940760999998,1.497095351049999,9.686309640000001,0.01,2,0,6,NIGHT,False,False
2025-09-18T07:00:00+02:00,2025-09-16T23:00:00+02:00,168,32,M1_GBT_CAL_WEATHER,1.2287202971749507,1.164558971,3.7708782645000003,False,1.2132614523399996,0.3201610645,0.40596261310000004,0.53775647625,0.902101369,1.4257686215,2.1062106568999996,2.443048163149995,15.171590634000001,0.025,5,0,7,MORNING,False,False
2025-09-18T08:00:00+02:00,2025-09-16T23:00:00+02:00,168,33,M1_GBT_CAL_WEATHER,1.2287202971749507,2.138801261,3.7708782645000003,False,1.0666286412450001,0.16583055989999998,0.197003263,0.46308433325,0.9215223775,1.21433051075,1.849753401499999,2.639718204299997,9.182307631999999,0.02,4,0,8,MORNING,False,False
2025-09-18T09:00:00+02:00,2025-09-16T23:00:00+02:00,168,34,M1_GBT_CAL_WEATHER,1.2287202971749507,1.080883684,3.7708782645000003,False,1.1247251428600002,0.16659712575,0.19587854200000002,0.8076901317499999,1.037800789,1.22970408675,1.3393021263,1.37550729155,15.976449643999999,0.025,5,0,9,DAYTIME,False,False
2025-09-18T10:00:00+02:00,2025-09-16T23:00:00+02:00,168,35,M1_GBT_CAL_WEATHER,1.3584061502238087,1.07979451,3.7708782645000003,False,1.1007301517449999,0.17044225030000001,0.1920026796,0.74092410525,0.9888434614999999,1.22493607425,1.3485966673,1.3951623696,12.818703576,0.03,6,0,10,DAYTIME,False,False
2025-09-18T11:00:00+02:00,2025-09-16T23:00:00+02:00,168,36,M1_GBT_CAL_WEATHER,1.3819898706204747,0.836692303,3.7708782645000003,False,0.9326039441699997,0.16407138805,0.1792415032,0.482300603,0.910525645,1.18452988475,1.3391075983,1.3929854423,5.609865653,0.02,4,0.02127659574468085,11,DAYTIME,False,False
2025-09-18T12:00:00+02:00,2025-09-16T23:00:00+02:00,168,37,M1_GBT_CAL_WEATHER,1.702943719833296,0.196634733,3.7708782645000003,False,0.9013333222150003,0.1458045626,0.16226355509999998,0.209904125,0.8675791879999999,1.143300757,1.3257922411999998,2.1360872578999968,5.660897781,0.03,6,0.0425531914893617,12,DAYTIME,False,False
2025-09-18T13:00:00+02:00,2025-09-16T23:00:00+02:00,168,38,M1_GBT_CAL_WEATHER,1.702943719833296,0.195273604,3.7708782645000003,False,0.8970838113700005,0.14043395295000002,0.15552184370000002,0.1821210865,0.5194876685,1.14714067125,1.9749198058,2.721731947099999,7.288427636,0.035,7,0.0425531914893617,13,DAYTIME,False,False
2025-09-18T14:00:00+02:00,2025-09-16T23:00:00+02:00,168,39,M1_GBT_CAL_WEATHER,1.7548197274415573,0.194005234,3.7708782645000003,False,0.97805289908,0.13329880465,0.1416187692,0.17592561099999998,0.24240834049999999,1.274875379,2.4259657022999996,3.260230090249999,7.130516822000001,0.035,7,0.0425531914893617,14,DAYTIME,False,False
2025-09-18T15:00:00+02:00,2025-09-16T23:00:00+02:00,168,40,M1_GBT_CAL_WEATHER,2.0392679615265212,0.192916059,3.7708782645000003,False,1.3357061017249992,0.14956269425000002,0.163172103,0.20564942225,1.0295339515,2.13401738,2.6837718579,3.110679547199998,14.092593367000001,0.02,4,0.0425531914893617,15,DAYTIME,False,False
2025-09-18T16:00:00+02:00,2025-09-16T23:00:00+02:00,168,41,M1_GBT_CAL_WEATHER,2.3678698272684193,2.35511967,3.7708782645000003,False,1.8990384486349998,0.16233433415,0.19003597319999999,0.81761895275,1.5035799975,2.72604973275,3.5137696778,3.9636065778999825,11.629967017,0.06,12,0.0851063829787234,16,RETURN_RAMP,False,False
2025-09-18T17:00:00+02:00,2025-09-16T23:00:00+02:00,168,42,M1_GBT_CAL_WEATHER,4.198986028845384,6.486014294,3.7708782645000003,True,3.5795727005000004,0.4350826942,0.688461601,1.08093242775,2.6264382805000004,4.823827656500001,8.751223346499998,9.952787266099998,17.520506712000003,0.275,55,0.2553191489361702,17,RETURN_RAMP,False,False
2025-09-18T18:00:00+02:00,2025-09-16T23:00:00+02:00,168,43,M1_GBT_CAL_WEATHER,6.09390461840724,13.171239836,3.7708782645000003,True,5.766053689684998,0.2186452684,0.7460309801999999,2.1469013770000003,3.9841638925,8.891528692250002,12.3457755678,15.399028179799984,18.026735498,0.53,106,0.425531914893617,18,RETURN_RAMP,True,True
2025-09-18T19:00:00+02:00,2025-09-16T23:00:00+02:00,168,44,M1_GBT_CAL_WEATHER,6.09390461840724,9.038335352,3.7708782645000003,True,6.027756129924996,0.1788560931,0.2208270278,1.7732196732499999,5.315156039,9.7618093695,11.8745183775,15.361101951249998,23.556078559,0.56,112,0.5319148936170213,19,EVENING,True,True
2025-09-18T20:00:00+02:00,2025-09-16T23:00:00+02:00,168,45,M1_GBT_CAL_WEATHER,4.522528711991158,6.469265554,3.7708782645000003,True,4.157864533495001,0.17310210210000002,0.20436034860000002,0.6920809965000001,2.7466136015,7.286782527,9.744728565900001,11.786118529099996,20.846131288000002,0.39,78,0.3829787234042553,20,EVENING,True,True
2025-09-18T21:00:00+02:00,2025-09-16T23:00:00+02:00,168,46,M1_GBT_CAL_WEATHER,2.541555013086763,1.023884329,3.7708782645000003,False,2.6334222688249986,0.2579326656,0.3096942958,0.6255401282499999,1.1782902,3.3469268495,8.024132142500001,8.7182367961,19.909600203,0.23,46,0.2978723404255319,21,EVENING,False,False
2025-09-18T22:00:00+02:00,2025-09-16T23:00:00+02:00,168,47,M1_GBT_CAL_WEATHER,2.011407750228332,0.611301691,3.7708782645000003,False,1.6274556495049994,0.2590466916,0.2972468964,0.44665598575,0.642395504,1.15848109825,4.888664235399995,7.924948458049998,17.382317037,0.105,21,0.14893617021276595,22,EVENING,False,False
2025-09-18T23:00:00+02:00,2025-09-16T23:00:00+02:00,168,48,M1_GBT_CAL_WEATHER,1.280596304783212,0.601501498,3.7708782645000003,False,0.8598155423049996,0.25729861085,0.29870467440000004,0.412124833,0.533870335,0.6653496845,1.1470161066999995,2.246284030699992,15.356197952999999,0.04,8,0.0851063829787234,23,NIGHT,False,False
2025-09-19T00:00:00+02:00,2025-09-16T23:00:00+02:00,168,49,M1_GBT_CAL_WEATHER,1.2287202971749507,0.602862627,3.7708782645000003,False,0.6226343279649997,0.25904287924999997,0.298581289,0.38113899700000003,0.48727874299999996,0.60527277275,0.6970490276,2.22636752785,5.681140961,0.005,1,0,0,NIGHT,False,False
2025-09-19T01:00:00+02:00,2025-09-16T23:00:00+02:00,168,50,M1_GBT_CAL_WEATHER,1.2287202971749507,0.604223755,3.7708782645000003,False,0.47779647019500016,0.2607687006,0.2971025131,0.3640643,0.47056852,0.5811431675000001,0.6431436704,0.6685748573499999,2.353863477,0.0,0,0,1,NIGHT,False,False
2025-09-19T02:00:00+02:00,2025-09-16T23:00:00+02:00,168,51,M1_GBT_CAL_WEATHER,1.2287202971749507,0.605492126,3.7708782645000003,False,0.499895220675,0.2623855043,0.29837675610000003,0.36577825225000005,0.472072676,0.582809807,0.6448927773,0.6700408691499999,6.474702044,0.005,1,0,2,NIGHT,False,False
2025-09-19T03:00:00+02:00,2025-09-16T23:00:00+02:00,168,52,M1_GBT_CAL_WEATHER,1.2287202971749507,0.6065813,3.7708782645000003,False,0.5024023948449998,0.2637738861,0.2994709728,0.36725005675,0.47347604200000004,0.5842409827499999,0.6463947701999999,0.6712997623999999,6.719455708,0.005,1,0,3,NIGHT,False,False
2025-09-19T04:00:00+02:00,2025-09-16T23:00:00+02:00,168,53,M1_GBT_CAL_WEATHER,1.2287202971749507,0.607417053,3.7708782645000003,False,0.474436634945,0.26613653845,0.3026378409,0.37062703199999997,0.4770072345,0.58533916225,0.6459277293,0.6684267837499999,0.710430233,0.0,0,0,4,NIGHT,False,False
2025-09-19T05:00:00+02:00,2025-09-16T23:00:00+02:00,168,54,M1_GBT_CAL_WEATHER,1.2287202971749507,0.607942429,3.7708782645000003,False,0.47505899188000045,0.26666754005,0.30333195220000003,0.37121708425,0.477637559,0.58602950675,0.646629401,0.6691277791999999,0.711093471,0.0,0,0,5,NIGHT,False,False
2025-09-19T06:00:00+02:00,2025-09-16T23:00:00+02:00,168,55,M1_GBT_CAL_WEATHER,1.2287202971749507,0.608121625,3.7708782645000003,False,0.6782161209099997,0.3008673957,0.3259986812,0.41140191125000003,0.5583739255,0.6988056017500001,1.2367160016,1.4261098511499988,5.647824154,0.005,1,0,6,NIGHT,False,False
2025-09-19T07:00:00+02:00,2025-09-16T23:00:00+02:00,168,56,M1_GBT_CAL_WEATHER,1.2287202971749507,1.147940829,3.7708782645000003,False,1.1150172213499998,0.3059914992,0.3501444011,0.48507108200000004,0.8553083855,1.4746155915,2.036034333,2.454649357799996,11.497890852,0.01,2,0,7,MORNING,False,False
2025-09-19T08:00:00+02:00,2025-09-16T23:00:00+02:00,168,57,M1_GBT_CAL_WEATHER,1.2287202971749507,1.081719437,3.7708782645000003,False,1.008453336675,0.17023835610000002,0.19165022870000004,0.46901415625,0.9287445505,1.2102835459999999,1.9359284669999999,2.7978773906499974,4.767333727,0.005,1,0,8,MORNING,False,False
2025-09-19T09:00:00+02:00,2025-09-16T23:00:00+02:00,168,58,M1_GBT_CAL_WEATHER,1.2287202971749507,1.080883684,3.7708782645000003,False,1.0108000000750004,0.17042621695000001,0.1965854173,0.80069426,1.004077648,1.1702316465,1.3066559318,1.3557781848499997,14.58958891,0.015,3,0,9,DAYTIME,False,False
2025-09-19T10:00:00+02:00,2025-09-16T23:00:00+02:00,168,59,M1_GBT_CAL_WEATHER,1.2287202971749507,1.07979451,3.7708782645000003,False,1.05584856289,0.19514199055,0.25565408040000004,0.79189264275,1.0128896535,1.2009310165,1.3392814132,1.474122114149999,5.434822166,0.025,5,0,10,DAYTIME,False,False
2025-09-19T11:00:00+02:00,2025-09-16T23:00:00+02:00,168,60,M1_GBT_CAL_WEATHER,1.3584061502238087,1.078526139,3.7708782645000003,False,1.0649324535200007,0.20581851915,0.2876965395,0.76778907975,0.9903695955,1.21665215475,1.3527353048,1.5014560102999999,5.404185423,0.045,9,0.02127659574468085,11,DAYTIME,False,False
2025-09-19T12:00:00+02:00,2025-09-16T23:00:00+02:00,168,61,M1_GBT_CAL_WEATHER,1.3819898706204747,1.077165011,3.7708782645000003,False,0.952346242445,0.1539134746,0.1674022986,0.22182717075,0.8530608155000001,1.1444635737500002,1.3454642972,1.589562255699995,15.198125113,0.035,7,0.0425531914893617,12,DAYTIME,False,False
2025-09-19T13:00:00+02:00,2025-09-16T23:00:00+02:00,168,62,M1_GBT_CAL_WEATHER,1.3819898706204747,1.165208319,3.7708782645000003,False,0.7313637878450003,0.1412262671,0.1489501577,0.17809769474999998,0.2796480555,1.06614600475,1.3361560404,1.5086649940499997,16.024126316,0.015,3,0.0425531914893617,13,DAYTIME,False,False
2025-09-19T14:00:00+02:00,2025-09-16T23:00:00+02:00,168,63,M1_GBT_CAL_WEATHER,1.7548197274415573,0.29999261,3.7708782645000003,False,0.6939912832299997,0.13314329014999998,0.1414765639,0.16475560775,0.20832668999999998,1.08592966325,1.3450979943999999,2.037171386249999,16.022599564,0.01,2,0.0425531914893617,14,DAYTIME,False,False
2025-09-19T15:00:00+02:00,2025-09-16T23:00:00+02:00,168,64,M1_GBT_CAL_WEATHER,2.0392679615265212,1.593312149,3.7708782645000003,False,0.9091633856749997,0.14017849559999998,0.1536951511,0.19474324625,0.6503256065,1.2214286045,2.0737143454,2.6763031649999998,9.470494621,0.01,2,0.0425531914893617,15,DAYTIME,False,False
2025-09-19T16:00:00+02:00,2025-09-16T23:00:00+02:00,168,65,M1_GBT_CAL_WEATHER,2.3678698272684193,1.739939129,3.7708782645000003,False,1.7501064740850003,0.17711797750000002,0.20070672960000002,0.7560934242499999,1.264580337,2.47916649275,3.3542259870999986,4.429654118099998,11.506208049000001,0.085,17,0.0851063829787234,16,RETURN_RAMP,False,False
2025-09-19T17:00:00+02:00,2025-09-16T23:00:00+02:00,168,66,M1_GBT_CAL_WEATHER,3.905191747699476,1.072085209,3.7708782645000003,False,3.9095217579699963,0.26171004040000007,0.7614850958000001,1.17049646075,2.7375048545,5.73853792275,9.303452643299998,10.50020621605,15.554624930000001,0.345,69,0.2553191489361702,17,RETURN_RAMP,False,False
2025-09-19T18:00:00+02:00,2025-09-16T23:00:00+02:00,168,67,M1_GBT_CAL_WEATHER,5.424898312704568,1.108232441,3.7708782645000003,False,6.072889298270005,0.2199093038,0.7412592676000002,2.346202254,5.0848700220000005,9.4217144255,12.1451763452,15.01462346659999,20.042661262,0.565,113,0.425531914893617,18,RETURN_RAMP,True,True
2025-09-19T19:00:00+02:00,2025-09-16T23:00:00+02:00,168,68,M1_GBT_CAL_WEATHER,5.424898312704568,9.8724813,3.7708782645000003,True,6.329334674390002,0.17763523365,0.9514680603000003,2.40343501125,5.761302086500001,9.271628164500001,12.680066607099999,15.97458700325,20.719365089,0.595,119,0.5319148936170213,19,EVENING,True,True
2025-09-19T20:00:00+02:00,2025-09-16T23:00:00+02:00,168,69,M1_GBT_CAL_WEATHER,4.336513136487586,1.728010255,3.7708782645000003,False,4.507080895095002,0.17375517575000002,0.25925778880000006,0.76704535125,2.5921992005,7.5596909427500005,10.6201090027,14.496212116949986,26.522968666,0.405,81,0.3829787234042553,20,EVENING,True,True
2025-09-19T21:00:00+02:00,2025-09-16T23:00:00+02:00,168,70,M1_GBT_CAL_WEATHER,2.541555013086763,1.365096768,3.7708782645000003,False,2.907916619019998,0.308195502,0.4449947989,0.62144376925,1.0512658215,4.027550727,7.9950907024,9.408882947999984,19.099260441,0.28,56,0.2978723404255319,21,EVENING,False,False
2025-09-19T22:00:00+02:00,2025-09-16T23:00:00+02:00,168,71,M1_GBT_CAL_WEATHER,2.011407750228332,0.692476492,3.7708782645000003,False,1.460591884849999,0.29156047605,0.38294485740000006,0.49849598275,0.6787229265,1.01765138875,2.2234503722999963,7.991205979049998,15.427820659,0.09,18,0.14893617021276595,22,EVENING,False,False
2025-09-19T23:00:00+02:00,2025-09-16T23:00:00+02:00,168,72,M1_GBT_CAL_WEATHER,1.280596304783212,0.601501498,3.7708782645000003,False,0.781335998565,0.28686171755,0.3225525785,0.41803649625,0.5887948245,0.74405898725,1.1190369928,1.311753809299999,7.877789624,0.025,5,0.0851063829787234,23,NIGHT,False,False
2025-09-20T00:00:00+02:00,2025-09-16T23:00:00+02:00,168,73,M1_GBT_CAL_WEATHER,1.2287202971749507,0.602862627,3.7708782645000003,False,0.5338832800899999,0.27293713430000005,0.31372299000000003,0.3864331285,0.5186666575000001,0.622778117,0.6778701686999999,0.83600946665,3.563406022,0.0,0,0,0,NIGHT,False,False
2025-09-20T01:00:00+02:00,2025-09-16T23:00:00+02:00,168,74,M1_GBT_CAL_WEATHER,1.2287202971749507,0.604223755,3.7708782645000003,False,0.48144257588500017,0.2747319637,0.31500222330000005,0.386896286,0.482710967,0.5927226855000001,0.6498618703,0.6685748573499999,0.706398996,0.0,0,0,1,NIGHT,False,False
2025-09-20T02:00:00+02:00,2025-09-16T23:00:00+02:00,168,75,M1_GBT_CAL_WEATHER,1.2287202971749507,0.605492126,3.7708782645000003,False,0.49874108918,0.28057237335,0.3177119435,0.38964214825,0.485076469,0.5959441480000001,0.6514319019,0.6770379761499999,3.353317756,0.0,0,0,2,NIGHT,False,False
2025-09-20T03:00:00+02:00,2025-09-16T23:00:00+02:00,168,76,M1_GBT_CAL_WEATHER,1.2287202971749507,0.6065813,3.7708782645000003,False,0.5147790064549995,0.29711758190000004,0.3224739626,0.39431675099999997,0.486731881,0.59818848,0.653071324,0.67969919955,4.4469964310000005,0.005,1,0,3,NIGHT,False,False
2025-09-20T04:00:00+02:00,2025-09-16T23:00:00+02:00,168,77,M1_GBT_CAL_WEATHER,1.2287202971749507,0.607417053,3.7708782645000003,False,0.5201701573800002,0.2981880863,0.3233875349,0.39540464,0.4878395175,0.5980752739999999,0.6535160707,0.6793282268999999,6.81114565,0.005,1,0,4,NIGHT,False,False
2025-09-20T05:00:00+02:00,2025-09-16T23:00:00+02:00,168,78,M1_GBT_CAL_WEATHER,1.2287202971749507,0.607942429,3.7708782645000003,False,0.4900780065750004,0.29886103355,0.3240128586,0.396088515,0.488535807,0.59865692875,0.6540849085,0.6728729857499999,0.711093471,0.0,0,0,5,NIGHT,False,False
2025-09-20T06:00:00+02:00,2025-09-16T23:00:00+02:00,168,79,M1_GBT_CAL_WEATHER,1.2287202971749507,0.608121625,3.7708782645000003,False,0.6520381705800001,0.30375024224999997,0.33963197840000003,0.43044145275,0.562490487,0.673299419,1.1195128114,1.45818934385,2.492198104,0.0,0,0,6,NIGHT,False,False
2025-09-20T07:00:00+02:00,2025-09-16T23:00:00+02:00,168,80,M1_GBT_CAL_WEATHER,1.2287202971749507,0.607942429,3.7708782645000003,False,1.0330065498549994,0.31290556595,0.3710383815,0.480981267,0.7057759855000001,1.481208414,1.8407886775,2.483347257449999,5.107869119,0.01,2,0,7,MORNING,False,False
2025-09-20T08:00:00+02:00,2025-09-16T23:00:00+02:00,168,81,M1_GBT_CAL_WEATHER,1.2287202971749507,0.201189159,3.7708782645000003,False,0.9210510665550001,0.1653524039,0.1836889686,0.28309048150000005,0.8436291140000001,1.1489923174999999,1.6561408058999991,2.6186764729999994,5.3103668200000005,0.02,4,0,8,MORNING,False,False
2025-09-20T09:00:00+02:00,2025-09-16T23:00:00+02:00,168,82,M1_GBT_CAL_WEATHER,1.2287202971749507,0.200353406,3.7708782645000003,False,1.0420487527449998,0.1836378574,0.2157062987,0.78100982475,1.0009210065,1.18757064225,1.3252679776,1.3810835022999994,5.79297517,0.03,6,0,9,DAYTIME,False,False
2025-09-20T10:00:00+02:00,2025-09-16T23:00:00+02:00,168,83,M1_GBT_CAL_WEATHER,1.2287202971749507,0.891457281,3.7708782645000003,False,1.1235604397649999,0.1795098477,0.25132406590000006,0.83649332625,1.0704176925,1.25796220825,1.3867550967,2.4312909221999965,5.726307439,0.03,6,0,10,DAYTIME,False,False
2025-09-20T11:00:00+02:00,2025-09-16T23:00:00+02:00,168,84,M1_GBT_CAL_WEATHER,1.3584061502238087,1.078526139,3.7708782645000003,False,1.1248928908299993,0.1958583398,0.33788326160000004,0.77780404625,1.049427284,1.2369289695,1.4342120057999999,2.6344273137999945,5.582074664,0.04,8,0.02127659574468085,11,DAYTIME,False,False
2025-09-20T12:00:00+02:00,2025-09-16T23:00:00+02:00,168,85,M1_GBT_CAL_WEATHER,1.3819898706204747,1.077165011,3.7708782645000003,False,0.9906090081449997,0.1648291415,0.179721073,0.47619112474999997,0.954704399,1.2204271417499999,1.3969560292,2.619961156499999,5.357316574,0.025,5,0.0425531914893617,12,DAYTIME,False,False
2025-09-20T13:00:00+02:00,2025-09-16T23:00:00+02:00,168,86,M1_GBT_CAL_WEATHER,1.3819898706204747,1.075803882,3.7708782645000003,False,0.8776683933850002,0.14301090035,0.1642671992,0.212871905,0.7887637535,1.19015187225,1.7916293024999999,2.639759332799997,4.7475915959999995,0.01,2,0.0425531914893617,13,DAYTIME,False,False
2025-09-20T14:00:00+02:00,2025-09-16T23:00:00+02:00,168,87,M1_GBT_CAL_WEATHER,1.4338658782287361,2.474931603,3.7708782645000003,False,0.8926649091949994,0.1394495059,0.1543513231,0.19095706175,0.5759986875,1.29816601575,2.190744534099999,2.7071973332499986,5.545812165,0.01,2,0.0425531914893617,14,DAYTIME,False,False
2025-09-20T15:00:00+02:00,2025-09-16T23:00:00+02:00,168,88,M1_GBT_CAL_WEATHER,1.8204259696711278,2.473842428,3.7708782645000003,False,1.1183823866049998,0.1397025558,0.15710894120000002,0.205074592,0.818161677,1.493337822,2.5708936996999996,2.879463973749989,7.094438697,0.04,8,0.0425531914893617,15,DAYTIME,False,False
2025-09-20T16:00:00+02:00,2025-09-16T23:00:00+02:00,168,89,M1_GBT_CAL_WEATHER,2.1338173446953195,3.477985299,3.7708782645000003,False,2.0758108089000005,0.160058993,0.2035958254,0.7185526735,1.0999708435,2.46487166775,5.707524820199997,8.353815876699997,11.551424629,0.15,30,0.0851063829787234,16,RETURN_RAMP,False,False
2025-09-20T17:00:00+02:00,2025-09-16T23:00:00+02:00,168,90,M1_GBT_CAL_WEATHER,3.905191747699476,14.80883985,3.7708782645000003,True,2.6545562616099994,0.18685361080000001,0.2762252428,0.84397375475,1.2983032115,2.9072558327499998,8.383297732099999,9.517522498899996,14.928939668,0.19,38,0.2553191489361702,17,RETURN_RAMP,False,False
2025-09-20T18:00:00+02:00,2025-09-16T23:00:00+02:00,168,91,M1_GBT_CAL_WEATHER,5.424898312704568,15.731906587,3.7708782645000003,True,2.926005376975,0.16671509725,0.1963519936,0.864127314,1.573788933,3.9119227482500003,8.250165331299998,9.3384740595,15.500323060000001,0.26,52,0.425531914893617,18,RETURN_RAMP,False,True
2025-09-20T19:00:00+02:00,2025-09-16T23:00:00+02:00,168,92,M1_GBT_CAL_WEATHER,5.424898312704568,16.391951021,3.7708782645000003,True,3.289405079759998,0.16596953425000002,0.18841286110000002,0.84874344475,2.0937948155,4.35633123825,8.6487827672,10.187291467249999,17.604242902,0.28,56,0.5319148936170213,19,EVENING,False,True
2025-09-20T20:00:00+02:00,2025-09-16T23:00:00+02:00,168,93,M1_GBT_CAL_WEATHER,4.336513136487586,17.316185669,3.7708782645000003,True,3.570903745184999,0.1837888484,0.20127068960000002,0.54667244825,1.9844072465,6.21385296925,9.009263983099997,10.574838524799995,18.161001671,0.335,67,0.3829787234042553,20,EVENING,False,False
2025-09-20T21:00:00+02:00,2025-09-16T23:00:00+02:00,168,94,M1_GBT_CAL_WEATHER,2.541555013086763,10.58461513,3.7708782645000003,True,3.1263101637750026,0.3067768524000001,0.414194652,0.67468697425,1.3688332019999998,5.59951322525,8.0252381757,8.6322753263,15.880972619000001,0.3,60,0.2978723404255319,21,EVENING,False,False
2025-09-20T22:00:00+02:00,2025-09-16T23:00:00+02:00,168,95,M1_GBT_CAL_WEATHER,2.011407750228332,0.666228011,3.7708782645000003,False,2.119788964715,0.33871959605000007,0.3976103063,0.56198096325,0.784170402,1.39137259025,7.8036692156,8.3778001437,15.111442676000001,0.19,38,0.14893617021276595,22,EVENING,False,False
2025-09-20T23:00:00+02:00,2025-09-16T23:00:00+02:00,168,96,M1_GBT_CAL_WEATHER,1.280596304783212,0.616934904,3.7708782645000003,False,1.3308763300400002,0.27855670115000003,0.3433146252,0.47043327775,0.601755056,1.03099717575,3.8499928611999987,6.2982328127499745,15.116040301,0.105,21,0.0851063829787234,23,NIGHT,False,False
2025-09-21T00:00:00+02:00,2025-09-16T23:00:00+02:00,168,97,M1_GBT_CAL_WEATHER,1.2287202971749507,0.602862627,3.7708782645000003,False,0.9299052234399993,0.26753489935,0.32594914340000003,0.4136075945,0.5313860939999999,0.6486667815,2.160322035499999,2.8187084467499983,15.098790952,0.035,7,0,0,NIGHT,False,False
2025-09-21T01:00:00+02:00,2025-09-16T23:00:00+02:00,168,98,M1_GBT_CAL_WEATHER,1.2287202971749507,0.604223755,3.7708782645000003,False,0.6235104985000003,0.26931777435000004,0.31989689990000003,0.393740678,0.505556558,0.6055942335000001,0.664021828,0.6985159463499999,7.802577157,0.015,3,0,1,NIGHT,False,False
2025-09-21T02:00:00+02:00,2025-09-16T23:00:00+02:00,168,99,M1_GBT_CAL_WEATHER,1.2287202971749507,0.605492126,3.7708782645000003,False,0.5208095477550001,0.2709791492,0.3205867772,0.392898987,0.488908193,0.59783793925,0.6575734618,0.67997710175,2.9489658309999998,0.0,0,0,2,NIGHT,False,False
2025-09-21T03:00:00+02:00,2025-09-16T23:00:00+02:00,168,100,M1_GBT_CAL_WEATHER,1.2287202971749507,0.6065813,3.7708782645000003,False,0.5032428773649997,0.27240580365000006,0.3191306553,0.39097136774999997,0.49030452599999996,0.59898145775,0.6569951098,0.6798997658,1.6493918610000002,0.0,0,0,3,NIGHT,False,False
2025-09-21T04:00:00+02:00,2025-09-16T23:00:00+02:00,168,101,M1_GBT_CAL_WEATHER,1.2287202971749507,0.607417053,3.7708782645000003,False,0.4883022808150001,0.27350051475,0.3202192715,0.391991314,0.4893637675,0.5980752739999999,0.6535160707,0.6722657439499998,0.710430233,0.0,0,0,4,NIGHT,False,False
2025-09-21T05:00:00+02:00,2025-09-16T23:00:00+02:00,168,102,M1_GBT_CAL_WEATHER,1.2287202971749507,0.607942429,3.7708782645000003,False,0.48892463775000033,0.27418867865,0.3209036038,0.39263247875,0.489889449,0.59865692875,0.6540849085,0.6728729857499999,0.711093471,0.0,0,0,5,NIGHT,False,False
2025-09-21T06:00:00+02:00,2025-09-16T23:00:00+02:00,168,103,M1_GBT_CAL_WEATHER,1.2287202971749507,0.608121625,3.7708782645000003,False,0.64087773377,0.28371746405,0.3380876982,0.42050345825,0.5410294375,0.6559619007499999,1.0873242934999996,1.5193285337999998,2.248413631,0.0,0,0,6,NIGHT,False,False
2025-09-21T07:00:00+02:00,2025-09-16T23:00:00+02:00,168,104,M1_GBT_CAL_WEATHER,1.2287202971749507,0.607942429,3.7708782645000003,False,1.0449584571649997,0.3055949844,0.3560264925,0.480981267,0.6821717105,1.30258980225,1.9755133860999985,2.9746166684499995,4.10231355,0.01,2,0,7,MORNING,False,False
2025-09-21T08:00:00+02:00,2025-09-16T23:00:00+02:00,168,105,M1_GBT_CAL_WEATHER,1.2287202971749507,0.787502844,3.7708782645000003,False,1.0433379540649996,0.16583055989999998,0.1760380527,0.43357357399999996,0.915287054,1.22063879225,2.0489017012999997,2.4339471510999986,12.569826575,0.01,2,0,8,MORNING,False,False
2025-09-21T09:00:00+02:00,2025-09-16T23:00:00+02:00,168,106,M1_GBT_CAL_WEATHER,1.2287202971749507,0.200353406,3.7708782645000003,False,1.1301665077050003,0.17047525830000002,0.21271400680000002,0.8087517714999999,1.0252454575,1.2193276960000001,1.3558400016,1.7764451016999998,13.580094811,0.03,6,0,9,DAYTIME,False,False
2025-09-21T10:00:00+02:00,2025-09-16T23:00:00+02:00,168,107,M1_GBT_CAL_WEATHER,1.2287202971749507,0.199264232,3.7708782645000003,False,1.133875551215,0.21305167865000002,0.3943430866,0.86236090675,1.0526361080000002,1.2397344885000001,1.3650575328999999,2.0222693294999994,8.703857185,0.025,5,0,10,DAYTIME,False,False
2025-09-21T11:00:00+02:00,2025-09-16T23:00:00+02:00,168,108,M1_GBT_CAL_WEATHER,1.2287202971749507,4.651833613,3.7708782645000003,True,1.0914691006650004,0.1913582353,0.28515719800000006,0.8429403385,1.020979752,1.22265189875,1.3739872326999998,1.6192900264499936,8.702123434,0.02,4,0.02127659574468085,11,DAYTIME,False,False
2025-09-21T12:00:00+02:00,2025-09-16T23:00:00+02:00,168,109,M1_GBT_CAL_WEATHER,1.2287202971749507,5.457029898,3.7708782645000003,True,0.9642716219700003,0.1583667099,0.1790296392,0.33914649625,0.8931903999999999,1.1461350650000002,1.385576167,1.8010031489,7.387338526000001,0.03,6,0.0425531914893617,12,DAYTIME,False,False
2025-09-21T13:00:00+02:00,2025-09-16T23:00:00+02:00,168,110,M1_GBT_CAL_WEATHER,1.3584061502238087,5.247518457,3.7708782645000003,True,0.8028291631149997,0.14283696955,0.1572749068,0.187993743,0.5575702705000001,1.109123896,1.3570145839999999,1.8058492956999925,5.889031876000001,0.025,5,0.0425531914893617,13,DAYTIME,False,False
2025-09-21T14:00:00+02:00,2025-09-16T23:00:00+02:00,168,111,M1_GBT_CAL_WEATHER,1.4338658782287361,1.298703778,3.7708782645000003,False,0.7030177371800004,0.13602513965,0.1469431613,0.17283869824999998,0.23772974149999998,1.05520306025,1.3621388506999998,2.2366400224999987,5.188136733,0.02,4,0.0425531914893617,14,DAYTIME,False,False
2025-09-21T15:00:00+02:00,2025-09-16T23:00:00+02:00,168,112,M1_GBT_CAL_WEATHER,1.7968422492744618,1.097802064,3.7708782645000003,False,1.0908362743049995,0.1394033193,0.15317252950000002,0.185877191,0.6454381634999999,1.33021212725,2.5448034293,3.5985111338499998,12.857480880999999,0.045,9,0.0425531914893617,15,DAYTIME,False,False
2025-09-21T16:00:00+02:00,2025-09-16T23:00:00+02:00,168,113,M1_GBT_CAL_WEATHER,2.2123454816560812,1.072610585,3.7708782645000003,False,1.7064621402149986,0.14826357225,0.1621331662,0.31696824725,0.9457568675,1.670960591,3.9662116583,7.448000710449999,15.738703292,0.105,21,0.0851063829787234,16,RETURN_RAMP,False,False
2025-09-21T17:00:00+02:00,2025-09-16T23:00:00+02:00,168,114,M1_GBT_CAL_WEATHER,4.007303605056904,1.072085209,3.7708782645000003,False,2.0835585971350015,0.16322626135,0.21774643140000002,0.80950222925,1.084724121,2.00041072575,6.808697265199996,8.373317445649999,13.520995639,0.145,29,0.2553191489361702,17,RETURN_RAMP,False,False
2025-09-21T18:00:00+02:00,2025-09-16T23:00:00+02:00,168,115,M1_GBT_CAL_WEATHER,4.863716913569491,0.52541343,3.7708782645000003,False,2.6938207406399988,0.17934590625,0.3369782113,0.8693841514999999,1.2354520065,3.5911985697500004,7.769581768299999,8.482401944500001,15.665787838,0.225,45,0.425531914893617,18,RETURN_RAMP,False,True
2025-09-21T19:00:00+02:00,2025-09-16T23:00:00+02:00,168,116,M1_GBT_CAL_WEATHER,4.863716913569491,1.533311308,3.7708782645000003,False,3.2246638973699993,0.17919014195000002,0.2039420436,0.573392111,1.6694172484999998,4.71597924925,8.352884369699998,10.167256080249999,16.557397549,0.31,62,0.5319148936170213,19,EVENING,False,True
2025-09-21T20:00:00+02:00,2025-09-16T23:00:00+02:00,168,117,M1_GBT_CAL_WEATHER,4.336513136487586,0.77862687,3.7708782645000003,False,3.5449365184049997,0.17450840385,0.2049333103,0.500017453,2.4276511124999995,6.073698932999999,8.4876935471,10.035519149049996,15.862683958,0.38,76,0.3829787234042553,20,EVENING,False,False
2025-09-21T21:00:00+02:00,2025-09-16T23:00:00+02:00,168,118,M1_GBT_CAL_WEATHER,2.541555013086763,1.484399504,3.7708782645000003,False,3.719134353175,0.2999753303,0.4680122968,0.6803816460000001,1.6415905725,6.639318025,8.813184185999997,10.719250234749973,16.741245111,0.375,75,0.2978723404255319,21,EVENING,False,False
2025-09-21T22:00:00+02:00,2025-09-16T23:00:00+02:00,168,119,M1_GBT_CAL_WEATHER,2.011407750228332,0.638742697,3.7708782645000003,False,2.330154040680001,0.30538896565,0.4246823951,0.58627225725,0.8532730805,2.1887801035,8.0347490691,9.174349805749998,16.767332825,0.22,44,0.14893617021276595,22,EVENING,False,False
2025-09-21T23:00:00+02:00,2025-09-16T23:00:00+02:00,168,120,M1_GBT_CAL_WEATHER,1.280596304783212,0.628689272,3.7708782645000003,False,1.0748823016900004,0.2897297875,0.3320144481,0.42303708025,0.5887948245,0.80891414875,1.8064546033,3.805396496699985,11.80587839,0.05,10,0.0851063829787234,23,NIGHT,False,False
2025-09-22T00:00:00+02:00,2025-09-16T23:00:00+02:00,168,121,M1_GBT_CAL_WEATHER,1.2287202971749507,0.602862627,3.7708782645000003,False,0.7392210294199993,0.2774975189,0.3133513911,0.39132132025,0.49700548299999997,0.61200887075,0.6970216114,1.0527300822999912,7.867744958,0.035,7,0,0,NIGHT,False,False
2025-09-22T01:00:00+02:00,2025-09-16T23:00:00+02:00,168,122,M1_GBT_CAL_WEATHER,1.2287202971749507,0.604223755,3.7708782645000003,False,0.563285924595,0.2928133542,0.3151141978,0.3912479665,0.4861686185,0.59606724225,0.6541346772,0.6784895468,6.523249963,0.01,2,0,1,NIGHT,False,False
2025-09-22T02:00:00+02:00,2025-09-16T23:00:00+02:00,168,123,M1_GBT_CAL_WEATHER,1.2287202971749507,0.605492126,3.7708782645000003,False,0.5995092804749999,0.29836627355,0.3205867772,0.392898987,0.48635788999999996,0.5976669065,0.6630140215,0.6853430948499999,7.742105254,0.015,3,0,2,NIGHT,False,False
2025-09-22T03:00:00+02:00,2025-09-16T23:00:00+02:00,168,124,M1_GBT_CAL_WEATHER,1.2287202971749507,0.6065813,3.7708782645000003,False,0.7996783664849998,0.30164348259999996,0.324218574,0.4054491725,0.5087779575,0.61571621775,0.8396448605999923,3.2913153016999996,7.743610716,0.03,6,0,3,NIGHT,False,False
2025-09-22T04:00:00+02:00,2025-09-16T23:00:00+02:00,168,125,M1_GBT_CAL_WEATHER,1.2287202971749507,0.607417053,3.7708782645000003,False,0.8045114193549999,0.30276405694999997,0.3251790256,0.40638519424999997,0.5006871795,0.619511898,2.3142884440000002,3.2002177335499997,7.744765898000001,0.025,5,0,4,NIGHT,False,False
2025-09-22T05:00:00+02:00,2025-09-16T23:00:00+02:00,168,126,M1_GBT_CAL_WEATHER,1.2287202971749507,0.607942429,3.7708782645000003,False,0.9944701478749998,0.3034684801,0.3314791661,0.40699742475,0.5276137525,0.653132279,3.304254908099999,3.9422639478999977,7.7454920750000005,0.075,15,0,5,NIGHT,False,False
2025-09-22T06:00:00+02:00,2025-09-16T23:00:00+02:00,168,127,M1_GBT_CAL_WEATHER,1.2287202971749507,2.059448877,3.7708782645000003,False,1.2854176931849997,0.30835725135,0.34115243359999997,0.44844147275,0.608395909,1.24832098725,3.5955364968,4.0057024316,8.111319689,0.08,16,0,6,NIGHT,False,False
2025-09-22T07:00:00+02:00,2025-09-16T23:00:00+02:00,168,128,M1_GBT_CAL_WEATHER,1.2287202971749507,4.514822013,3.7708782645000003,True,2.316457221985,0.37576568735,0.4459694362,0.7572262885,2.311717986,3.42905113075,4.2204290696,4.850394262449994,8.111093471,0.185,37,0,7,MORNING,False,False
2025-09-22T08:00:00+02:00,2025-09-16T23:00:00+02:00,168,129,M1_GBT_CAL_WEATHER,1.2287202971749507,2.809047691,3.7708782645000003,False,2.565131853065,0.20087463740000003,0.2658038401,0.9036604195,2.6715916105,3.886977741,4.5601096312,5.4665823371499975,9.870300804,0.275,55,0,8,MORNING,False,False
2025-09-22T09:00:00+02:00,2025-09-16T23:00:00+02:00,168,130,M1_GBT_CAL_WEATHER,1.2287202971749507,1.572192058,3.7708782645000003,False,1.7073255225850001,0.17329664865000002,0.2239487387,0.8516391587500001,1.140497775,2.002486278,4.2640097304,4.6539100688999975,6.807344551,0.17,34,0,9,DAYTIME,False,False
2025-09-22T10:00:00+02:00,2025-09-16T23:00:00+02:00,168,131,M1_GBT_CAL_WEATHER,1.2287202971749507,5.459659397,3.7708782645000003,True,1.6043797955149994,0.20756207145000002,0.2876829177000001,0.87427113925,1.0937678604999999,1.332638893,4.000176755199999,4.503889999749998,8.771466107,0.135,27,0,10,DAYTIME,False,False
2025-09-22T11:00:00+02:00,2025-09-16T23:00:00+02:00,168,132,M1_GBT_CAL_WEATHER,1.2287202971749507,5.289704777,3.7708782645000003,True,1.6519842339899993,0.17159476175,0.4183416268000001,0.842177839,1.1247646869999999,1.9964040457499999,3.8548960977999984,4.697199568299997,8.619936165,0.11,22,0.02127659574468085,11,DAYTIME,False,False
2025-09-22T12:00:00+02:00,2025-09-16T23:00:00+02:00,168,133,M1_GBT_CAL_WEATHER,1.2287202971749507,3.639269497,3.7708782645000003,False,1.5232760665150002,0.1489702503,0.16845043,0.60406028925,1.073325272,1.4235038067499999,3.7391576088,4.946133107549996,9.05399141,0.095,19,0.0425531914893617,12,DAYTIME,False,False
2025-09-22T13:00:00+02:00,2025-09-16T23:00:00+02:00,168,134,M1_GBT_CAL_WEATHER,1.2287202971749507,0.195273604,3.7708782645000003,False,1.2045710655900004,0.139385473,0.1490689564,0.19824386649999998,0.8514547045,1.329942431,3.406022323799999,4.255805781649993,6.119599601,0.085,17,0.0425531914893617,13,DAYTIME,False,False
2025-09-22T14:00:00+02:00,2025-09-16T23:00:00+02:00,168,135,M1_GBT_CAL_WEATHER,1.280596304783212,0.194005234,3.7708782645000003,False,1.0533688907299996,0.13705230015,0.143912972,0.17664180725,0.35158578800000007,1.143145917,3.4899371192,4.042533115599999,6.117878089,0.08,16,0.0425531914893617,14,DAYTIME,False,False
2025-09-22T15:00:00+02:00,2025-09-16T23:00:00+02:00,168,136,M1_GBT_CAL_WEATHER,1.6533275294174863,0.192916059,3.7708782645000003,False,0.8749310065750001,0.13556650334999998,0.1420159776,0.17678117599999998,0.37443504799999994,1.092539174,2.0975626173999995,3.736444089649997,5.519729205,0.05,10,0.0425531914893617,15,DAYTIME,False,False
2025-09-22T16:00:00+02:00,2025-09-16T23:00:00+02:00,168,137,M1_GBT_CAL_WEATHER,2.110233624298654,2.810940038,3.7708782645000003,False,1.3890205966550002,0.1397536313,0.1696417025,0.2207306785,0.8501089075,1.36358585925,4.0553171921999995,4.845918554299998,9.711615306,0.115,23,0.0851063829787234,16,RETURN_RAMP,False,False
2025-09-22T17:00:00+02:00,2025-09-16T23:00:00+02:00,168,138,M1_GBT_CAL_WEATHER,4.091207323203047,8.258722839,3.7708782645000003,True,3.026702631810001,0.19835949795000002,0.39188953560000006,0.81238951225,1.139926043,4.9442620655,8.2130032013,9.12282817145,16.69588669,0.315,63,0.2553191489361702,17,RETURN_RAMP,False,False
2025-09-22T18:00:00+02:00,2025-09-16T23:00:00+02:00,168,139,M1_GBT_CAL_WEATHER,5.61091388820814,8.471906013,3.7708782645000003,True,4.675350872014998,0.1613814564,0.21097591550000003,1.044447061,2.9188487705,8.249132448249998,10.1840900822,13.881681765749994,15.919459944,0.43,86,0.425531914893617,18,RETURN_RAMP,True,True
2025-09-22T19:00:00+02:00,2025-09-16T23:00:00+02:00,168,140,M1_GBT_CAL_WEATHER,5.61091388820814,11.406464743,3.7708782645000003,True,5.439947882194996,0.1675616711,0.2065860284,1.013694555,3.8367146615000003,8.767766234,11.925872432399999,15.054528905199998,19.881910776999998,0.505,101,0.5319148936170213,19,EVENING,True,True
2025-09-22T20:00:00+02:00,2025-09-16T23:00:00+02:00,168,141,M1_GBT_CAL_WEATHER,4.522528711991158,10.958412249,3.7708782645000003,True,3.757873127854999,0.1576723009,0.1908445886,0.416628826,2.073307543,6.908588641750001,9.7563349673,11.062780211649999,16.429818316,0.36,72,0.3829787234042553,20,EVENING,False,False
2025-09-22T21:00:00+02:00,2025-09-16T23:00:00+02:00,168,142,M1_GBT_CAL_WEATHER,2.541555013086763,8.585027883,3.7708782645000003,True,2.526573679630002,0.25511220149999997,0.29626963479999996,0.60836883725,1.1322506314999998,3.5955145652500002,7.350626220599998,8.5722262553,13.204216639,0.235,47,0.2978723404255319,21,EVENING,False,False
2025-09-22T22:00:00+02:00,2025-09-16T23:00:00+02:00,168,143,M1_GBT_CAL_WEATHER,2.011407750228332,8.164148019,3.7708782645000003,True,1.8016970118450002,0.25861838800000003,0.2975687496,0.48867711799999997,0.708165398,1.36822044975,4.3938537729,8.0470289794,18.39146727,0.155,31,0.14893617021276595,22,EVENING,False,False
2025-09-22T23:00:00+02:00,2025-09-16T23:00:00+02:00,168,144,M1_GBT_CAL_WEATHER,1.280596304783212,8.575785317,3.7708782645000003,True,1.4599138422800002,0.2580529555,0.2967098219,0.42936301075,0.610138631,2.35735973175,3.7224829111999997,4.322751416949999,8.678443305,0.095,19,0.0851063829787234,23,NIGHT,False,False
2025-09-23T00:00:00+02:00,2025-09-16T23:00:00+02:00,168,145,M1_GBT_CAL_WEATHER,1.2287202971749507,5.843167412,3.7708782645000003,True,1.4814684794200002,0.25512785085,0.2923441621,0.40336469175,0.590276917,2.92770815075,3.680115548,4.12251776905,5.551624298999999,0.09,18,0,0,NIGHT,False,False
2025-09-23T01:00:00+02:00,2025-09-16T23:00:00+02:00,168,146,M1_GBT_CAL_WEATHER,1.2287202971749507,2.331552008,3.7708782645000003,False,1.6235221535200008,0.2637699845,0.30043253940000003,0.41389859250000005,0.607033322,3.123558404,3.8841896451999998,4.152460857,4.523011833,0.11,22,0,1,NIGHT,False,False
2025-09-23T02:00:00+02:00,2025-09-16T23:00:00+02:00,168,147,M1_GBT_CAL_WEATHER,1.2287202971749507,2.332820379,3.7708782645000003,False,1.6689317557450007,0.27008950800000003,0.30376903489999996,0.4170949805,0.641391991,3.001570321,3.7884500906,4.16854333345,8.462135948,0.105,21,0,2,NIGHT,False,False
2025-09-23T03:00:00+02:00,2025-09-16T23:00:00+02:00,168,148,M1_GBT_CAL_WEATHER,1.2287202971749507,2.333909553,3.7708782645000003,False,2.1422324572999996,0.271354227,0.30611217409999997,0.48287414325,2.4172061905,3.46837929325,3.9310911252,4.1487175413,7.248783673,0.145,29,0,3,NIGHT,False,False
2025-09-23T04:00:00+02:00,2025-09-16T23:00:00+02:00,168,149,M1_GBT_CAL_WEATHER,1.2287202971749507,0.607417053,3.7708782645000003,False,2.5302897733300007,0.27232467885,0.31642009000000004,0.5919046025000001,2.898812013,3.66035304775,4.112689222099999,4.2723501629,7.711274057,0.215,43,0,4,NIGHT,False,False
2025-09-23T05:00:00+02:00,2025-09-16T23:00:00+02:00,168,150,M1_GBT_CAL_WEATHER,1.2287202971749507,2.335270682,3.7708782645000003,False,2.5701871672050003,0.3055694215,0.3855622381,0.683268414,2.8140039985,3.64913991625,4.082762067499999,4.234130886249999,10.383248171,0.2,40,0,5,NIGHT,False,False
2025-09-23T06:00:00+02:00,2025-09-16T23:00:00+02:00,168,151,M1_GBT_CAL_WEATHER,1.2287202971749507,2.335449878,3.7708782645000003,False,3.191397235639998,0.42917714050000005,1.3394099438,2.6230942725,3.358314257,3.91233724075,4.4423593481,4.671629790199999,10.383481891999999,0.3,60,0,6,NIGHT,False,False
2025-09-23T07:00:00+02:00,2025-09-16T23:00:00+02:00,168,152,M1_GBT_CAL_WEATHER,1.2287202971749507,3.192777361,3.7708782645000003,False,3.448348806234999,0.47033276735000007,1.1578827188999998,2.70644932675,3.6484346555,4.2789926185,5.147696239899999,5.656459278,7.2758352330000005,0.44,88,0,7,MORNING,True,False
2025-09-23T08:00:00+02:00,2025-09-16T23:00:00+02:00,168,153,M1_GBT_CAL_WEATHER,1.2287202971749507,1.928517412,3.7708782645000003,False,3.2798523334799983,0.6327043051000001,0.9595625238,2.59694754025,3.4618208575000002,4.30436329875,5.028867652299999,5.640539657099999,6.709913035,0.375,75,0,8,MORNING,False,False
2025-09-23T09:00:00+02:00,2025-09-16T23:00:00+02:00,168,154,M1_GBT_CAL_WEATHER,1.2287202971749507,1.927681659,3.7708782645000003,False,2.13773924944,0.1773847095,0.24713764500000002,0.9823725427499999,1.2554799460000001,3.5131584250000003,4.508704949499999,4.935269911199999,11.694771730000001,0.2,40,0,9,DAYTIME,False,False
2025-09-23T10:00:00+02:00,2025-09-16T23:00:00+02:00,168,155,M1_GBT_CAL_WEATHER,1.2287202971749507,2.66489275,3.7708782645000003,False,2.0603290396050005,0.19406517395,0.40462675220000016,0.87988718525,1.129373111,3.3187755,4.7090015943,5.7480244140000005,10.467995927999999,0.2,40,0,10,DAYTIME,False,False
2025-09-23T11:00:00+02:00,2025-09-16T23:00:00+02:00,168,156,M1_GBT_CAL_WEATHER,1.2287202971749507,1.078526139,3.7708782645000003,False,2.50035083811,0.2083952865,0.32525410440000013,0.849934135,1.3052987950000001,3.9861292505000003,5.0768905338999994,6.252691634999985,11.446176537000001,0.275,55,0.02127659574468085,11,DAYTIME,False,False
2025-09-23T12:00:00+02:00,2025-09-16T23:00:00+02:00,168,157,M1_GBT_CAL_WEATHER,1.2287202971749507,3.0238558,3.7708782645000003,False,2.3378535541149996,0.16794084439999998,0.1833497889,0.756573857,1.382508704,3.76870492725,4.8807403184,6.093346108799992,10.935757437000001,0.25,50,0.0425531914893617,12,DAYTIME,False,False
2025-09-23T13:00:00+02:00,2025-09-16T23:00:00+02:00,168,158,M1_GBT_CAL_WEATHER,1.2287202971749507,1.299972148,3.7708782645000003,False,1.3014486638850005,0.14285196044999998,0.1546229381,0.1930019885,0.8235225879999999,1.3172867895000002,3.5977530863999996,4.603310475449998,10.511820552,0.09,18,0.0425531914893617,13,DAYTIME,False,False
2025-09-23T14:00:00+02:00,2025-09-16T23:00:00+02:00,168,159,M1_GBT_CAL_WEATHER,1.280596304783212,1.195888122,3.7708782645000003,False,0.94425860134,0.13687379895,0.14224709259999999,0.17084590975000002,0.2192023585,1.09672320175,2.9180126757999996,4.272566931099997,7.564423430000001,0.07,14,0.0425531914893617,14,DAYTIME,False,False
2025-09-23T15:00:00+02:00,2025-09-16T23:00:00+02:00,168,160,M1_GBT_CAL_WEATHER,1.6533275294174863,1.073446337,3.7708782645000003,False,0.8661925849399996,0.13622583319999998,0.14959204280000002,0.183302829,0.4458233215,0.9963986,2.4126781915,3.3237008613499985,10.590217682,0.04,8,0.0425531914893617,15,DAYTIME,False,False
2025-09-23T16:00:00+02:00,2025-09-16T23:00:00+02:00,168,161,M1_GBT_CAL_WEATHER,2.1824677709167615,1.072610585,3.7708782645000003,False,1.6866348068699994,0.1559481516,0.1733421292,0.39153613125,0.962046282,2.70692838875,4.081659029199999,4.779102637099998,13.410733849,0.13,26,0.0851063829787234,16,RETURN_RAMP,False,False
2025-09-23T17:00:00+02:00,2025-09-16T23:00:00+02:00,168,162,M1_GBT_CAL_WEATHER,4.265553327178584,2.799413463,3.7708782645000003,False,3.8679349591999994,0.2836793762,0.4771266301,0.9799885595,2.129608984,6.2069223495,9.293407200499999,11.8593615449,16.039344805,0.37,74,0.2553191489361702,17,RETURN_RAMP,False,False
2025-09-23T18:00:00+02:00,2025-09-16T23:00:00+02:00,168,163,M1_GBT_CAL_WEATHER,6.166138765025349,2.613240156,3.7708782645000003,False,5.871534541744996,0.26210671290000004,0.7944306980000001,2.3093605565,4.4865322435,9.24517165725,12.3869431009,13.80209793439997,19.072975056,0.6,120,0.425531914893617,18,RETURN_RAMP,True,True
2025-09-23T19:00:00+02:00,2025-09-16T23:00:00+02:00,168,164,M1_GBT_CAL_WEATHER,5.6049573658902725,0.274314173,3.7708782645000003,False,6.670982254059996,0.18875219940000001,0.38784443720000006,3.14404070275,5.731880317,10.434104932,13.068834491199999,16.706832505149993,21.055326892,0.655,131,0.5319148936170213,19,EVENING,True,True
2025-09-23T20:00:00+02:00,2025-09-16T23:00:00+02:00,168,165,M1_GBT_CAL_WEATHER,4.594762858609266,4.349432991,3.7708782645000003,True,5.678246811725002,0.20100038560000003,0.30694144410000007,2.2977916815,4.522175385000001,8.99115459575,11.3789028894,13.529274330949997,19.651755396000002,0.58,116,0.3829787234042553,20,EVENING,True,False
2025-09-23T21:00:00+02:00,2025-09-16T23:00:00+02:00,168,166,M1_GBT_CAL_WEATHER,2.6137891597048712,9.06390163,3.7708782645000003,True,4.69447764998,0.29628194739999997,0.5142097014,2.49337747625,3.867176432,5.8525756939999996,10.564663691,11.974352590699993,19.118828264999998,0.53,106,0.2978723404255319,21,EVENING,True,False
2025-09-23T22:00:00+02:00,2025-09-16T23:00:00+02:00,168,167,M1_GBT_CAL_WEATHER,2.011407750228332,5.508587503,3.7708782645000003,True,3.4420248717449984,0.2973988255,0.4211773265,1.1858270075,3.143792842,4.06598560975,7.456560547699999,10.692099574999999,17.121893028000002,0.33,66,0.14893617021276595,22,EVENING,False,False
2025-09-23T23:00:00+02:00,2025-09-16T23:00:00+02:00,168,168,M1_GBT_CAL_WEATHER,1.280596304783212,0.601501498,3.7708782645000003,False,2.5836811466249996,0.29907350585000003,0.4117374095,0.58816682325,2.7383191594999996,3.72082941175,4.390217375999999,5.239765261049996,13.127350558000002,0.24,48,0.0851063829787234,23,NIGHT,False,False
2025-09-20T00:00:00+02:00,2025-09-19T23:00:00+02:00,168,1,M1_GBT_CAL_WEATHER,1.0435689046245569,0.602862627,3.7975427456000026,False,0.5338832800899999,0.27293713430000005,0.31372299000000003,0.3864331285,0.5186666575000001,0.622778117,0.6778701686999999,0.83600946665,3.563406022,0.0,0,0,0,NIGHT,False,False
2025-09-20T01:00:00+02:00,2025-09-19T23:00:00+02:00,168,2,M1_GBT_CAL_WEATHER,1.0435689046245569,0.604223755,3.7975427456000026,False,0.48144257588500017,0.2747319637,0.31500222330000005,0.386896286,0.482710967,0.5927226855000001,0.6498618703,0.6685748573499999,0.706398996,0.0,0,0,1,NIGHT,False,False
2025-09-20T02:00:00+02:00,2025-09-19T23:00:00+02:00,168,3,M1_GBT_CAL_WEATHER,1.0435689046245569,0.605492126,3.7975427456000026,False,0.49874108918,0.28057237335,0.3177119435,0.38964214825,0.485076469,0.5959441480000001,0.6514319019,0.6770379761499999,3.353317756,0.0,0,0,2,NIGHT,False,False
2025-09-20T03:00:00+02:00,2025-09-19T23:00:00+02:00,168,4,M1_GBT_CAL_WEATHER,1.0435689046245569,0.6065813,3.7975427456000026,False,0.5147790064549995,0.29711758190000004,0.3224739626,0.39431675099999997,0.486731881,0.59818848,0.653071324,0.67969919955,4.4469964310000005,0.005,1,0,3,NIGHT,False,False
2025-09-20T04:00:00+02:00,2025-09-19T23:00:00+02:00,168,5,M1_GBT_CAL_WEATHER,1.0435689046245569,0.607417053,3.7975427456000026,False,0.5201701573800002,0.2981880863,0.3233875349,0.39540464,0.4878395175,0.5980752739999999,0.6535160707,0.6793282268999999,6.81114565,0.005,1,0,4,NIGHT,False,False
2025-09-20T05:00:00+02:00,2025-09-19T23:00:00+02:00,168,6,M1_GBT_CAL_WEATHER,1.0435689046245569,0.607942429,3.7975427456000026,False,0.4900780065750004,0.29886103355,0.3240128586,0.396088515,0.488535807,0.59865692875,0.6540849085,0.6728729857499999,0.711093471,0.0,0,0,5,NIGHT,False,False
2025-09-20T06:00:00+02:00,2025-09-19T23:00:00+02:00,168,7,M1_GBT_CAL_WEATHER,1.0435689046245569,0.608121625,3.7975427456000026,False,0.6520381705800001,0.30375024224999997,0.33963197840000003,0.43044145275,0.562490487,0.673299419,1.1195128114,1.45818934385,2.492198104,0.0,0,0,6,NIGHT,False,False
2025-09-20T07:00:00+02:00,2025-09-19T23:00:00+02:00,168,8,M1_GBT_CAL_WEATHER,1.0435689046245569,0.607942429,3.7975427456000026,False,1.0330065498549994,0.31290556595,0.3710383815,0.480981267,0.7057759855000001,1.481208414,1.8407886775,2.483347257449999,5.107869119,0.01,2,0,7,MORNING,False,False
2025-09-20T08:00:00+02:00,2025-09-19T23:00:00+02:00,168,9,M1_GBT_CAL_WEATHER,1.0435689046245569,0.201189159,3.7975427456000026,False,0.9210510665550001,0.1653524039,0.1836889686,0.28309048150000005,0.8436291140000001,1.1489923174999999,1.6561408058999991,2.6186764729999994,5.3103668200000005,0.02,4,0.02,8,MORNING,False,False
2025-09-20T09:00:00+02:00,2025-09-19T23:00:00+02:00,168,10,M1_GBT_CAL_WEATHER,1.0435689046245569,0.200353406,3.7975427456000026,False,1.0420487527449998,0.1836378574,0.2157062987,0.78100982475,1.0009210065,1.18757064225,1.3252679776,1.3810835022999994,5.79297517,0.03,6,0.02,9,DAYTIME,False,False
2025-09-20T10:00:00+02:00,2025-09-19T23:00:00+02:00,168,11,M1_GBT_CAL_WEATHER,1.0777236675511046,0.891457281,3.7975427456000026,False,1.1235604397649999,0.1795098477,0.25132406590000006,0.83649332625,1.0704176925,1.25796220825,1.3867550967,2.4312909221999965,5.726307439,0.03,6,0.02,10,DAYTIME,False,False
2025-09-20T11:00:00+02:00,2025-09-19T23:00:00+02:00,168,12,M1_GBT_CAL_WEATHER,1.2060428993063799,1.078526139,3.7975427456000026,False,1.1248928908299993,0.1958583398,0.33788326160000004,0.77780404625,1.049427284,1.2369289695,1.4342120057999999,2.6344273137999945,5.582074664,0.04,8,0.04,11,DAYTIME,False,False
2025-09-20T12:00:00+02:00,2025-09-19T23:00:00+02:00,168,13,M1_GBT_CAL_WEATHER,1.2060428993063799,1.077165011,3.7975427456000026,False,0.9906090081449997,0.1648291415,0.179721073,0.47619112474999997,0.954704399,1.2204271417499999,1.3969560292,2.619961156499999,5.357316574,0.025,5,0.04,12,DAYTIME,False,False
2025-09-20T13:00:00+02:00,2025-09-19T23:00:00+02:00,168,14,M1_GBT_CAL_WEATHER,1.2060428993063799,1.075803882,3.7975427456000026,False,0.8776683933850002,0.14301090035,0.1642671992,0.212871905,0.7887637535,1.19015187225,1.7916293024999999,2.639759332799997,4.7475915959999995,0.01,2,0.04,13,DAYTIME,False,False
2025-09-20T14:00:00+02:00,2025-09-19T23:00:00+02:00,168,15,M1_GBT_CAL_WEATHER,1.2589263075296664,2.474931603,3.7975427456000026,False,0.8926649091949994,0.1394495059,0.1543513231,0.19095706175,0.5759986875,1.29816601575,2.190744534099999,2.7071973332499986,5.545812165,0.01,2,0.04,14,DAYTIME,False,False
2025-09-20T15:00:00+02:00,2025-09-19T23:00:00+02:00,168,16,M1_GBT_CAL_WEATHER,1.7033643928774862,2.473842428,3.7975427456000026,False,1.1183823866049998,0.1397025558,0.15710894120000002,0.205074592,0.818161677,1.493337822,2.5708936996999996,2.879463973749989,7.094438697,0.04,8,0.04,15,DAYTIME,False,False
2025-09-20T16:00:00+02:00,2025-09-19T23:00:00+02:00,168,17,M1_GBT_CAL_WEATHER,1.991388651130955,3.477985299,3.7975427456000026,False,2.0758108089000005,0.160058993,0.2035958254,0.7185526735,1.0999708435,2.46487166775,5.707524820199997,8.353815876699997,11.551424629,0.145,29,0.08,16,RETURN_RAMP,False,False
2025-09-20T17:00:00+02:00,2025-09-19T23:00:00+02:00,168,18,M1_GBT_CAL_WEATHER,3.1307373615344423,14.80883985,3.7975427456000026,True,2.6545562616099994,0.18685361080000001,0.2762252428,0.84397375475,1.2983032115,2.9072558327499998,8.383297732099999,9.517522498899996,14.928939668,0.19,38,0.26,17,RETURN_RAMP,False,False
2025-09-20T18:00:00+02:00,2025-09-19T23:00:00+02:00,168,19,M1_GBT_CAL_WEATHER,5.262256642643934,15.731906587,3.7975427456000026,True,2.926005376975,0.16671509725,0.1963519936,0.864127314,1.573788933,3.9119227482500003,8.250165331299998,9.3384740595,15.500323060000001,0.26,52,0.42,18,RETURN_RAMP,False,True
2025-09-20T19:00:00+02:00,2025-09-19T23:00:00+02:00,168,20,M1_GBT_CAL_WEATHER,5.262256642643934,16.391951021,3.7975427456000026,True,3.289405079759998,0.16596953425000002,0.18841286110000002,0.84874344475,2.0937948155,4.35633123825,8.6487827672,10.187291467249999,17.604242902,0.275,55,0.52,19,EVENING,False,True
2025-09-20T20:00:00+02:00,2025-09-19T23:00:00+02:00,168,21,M1_GBT_CAL_WEATHER,3.530355879810193,17.316185669,3.7975427456000026,True,3.570903745184999,0.1837888484,0.20127068960000002,0.54667244825,1.9844072465,6.21385296925,9.009263983099997,10.574838524799995,18.161001671,0.335,67,0.38,20,EVENING,False,True
2025-09-20T21:00:00+02:00,2025-09-19T23:00:00+02:00,168,22,M1_GBT_CAL_WEATHER,2.391007169406706,10.58461513,3.7975427456000026,True,3.1263101637750026,0.3067768524000001,0.414194652,0.67468697425,1.3688332019999998,5.59951322525,8.0252381757,8.6322753263,15.880972619000001,0.3,60,0.28,21,EVENING,False,False
2025-09-20T22:00:00+02:00,2025-09-19T23:00:00+02:00,168,23,M1_GBT_CAL_WEATHER,1.8224223005549525,0.666228011,3.7975427456000026,False,2.119788964715,0.33871959605000007,0.3976103063,0.56198096325,0.784170402,1.39137259025,7.8036692156,8.3778001437,15.111442676000001,0.19,38,0.14,22,EVENING,False,False
2025-09-20T23:00:00+02:00,2025-09-19T23:00:00+02:00,168,24,M1_GBT_CAL_WEATHER,1.1306070757743911,0.616934904,3.7975427456000026,False,1.3308763300400002,0.27855670115000003,0.3433146252,0.47043327775,0.601755056,1.03099717575,3.8499928611999987,6.2982328127499745,15.116040301,0.105,21,0.06,23,NIGHT,False,False
2025-09-21T00:00:00+02:00,2025-09-19T23:00:00+02:00,168,25,M1_GBT_CAL_WEATHER,1.0777236675511046,0.602862627,3.7975427456000026,False,0.9299052234399993,0.26753489935,0.32594914340000003,0.4136075945,0.5313860939999999,0.6486667815,2.160322035499999,2.8187084467499983,15.098790952,0.035,7,0,0,NIGHT,False,False
2025-09-21T01:00:00+02:00,2025-09-19T23:00:00+02:00,168,26,M1_GBT_CAL_WEATHER,1.0777236675511046,0.604223755,3.7975427456000026,False,0.6235104985000003,0.26931777435000004,0.31989689990000003,0.393740678,0.505556558,0.6055942335000001,0.664021828,0.6985159463499999,7.802577157,0.015,3,0,1,NIGHT,False,False
2025-09-21T02:00:00+02:00,2025-09-19T23:00:00+02:00,168,27,M1_GBT_CAL_WEATHER,1.0777236675511046,0.605492126,3.7975427456000026,False,0.5208095477550001,0.2709791492,0.3205867772,0.392898987,0.488908193,0.59783793925,0.6575734618,0.67997710175,2.9489658309999998,0.0,0,0,2,NIGHT,False,False
2025-09-21T03:00:00+02:00,2025-09-19T23:00:00+02:00,168,28,M1_GBT_CAL_WEATHER,1.0777236675511046,0.6065813,3.7975427456000026,False,0.5032428773649997,0.27240580365000006,0.3191306553,0.39097136774999997,0.49030452599999996,0.59898145775,0.6569951098,0.6798997658,1.6493918610000002,0.0,0,0,3,NIGHT,False,False
2025-09-21T04:00:00+02:00,2025-09-19T23:00:00+02:00,168,29,M1_GBT_CAL_WEATHER,1.0777236675511046,0.607417053,3.7975427456000026,False,0.4883022808150001,0.27350051475,0.3202192715,0.391991314,0.4893637675,0.5980752739999999,0.6535160707,0.6722657439499998,0.710430233,0.0,0,0,4,NIGHT,False,False
2025-09-21T05:00:00+02:00,2025-09-19T23:00:00+02:00,168,30,M1_GBT_CAL_WEATHER,1.0435689046245569,0.607942429,3.7975427456000026,False,0.48892463775000033,0.27418867865,0.3209036038,0.39263247875,0.489889449,0.59865692875,0.6540849085,0.6728729857499999,0.711093471,0.0,0,0,5,NIGHT,False,False
2025-09-21T06:00:00+02:00,2025-09-19T23:00:00+02:00,168,31,M1_GBT_CAL_WEATHER,1.0435689046245569,0.608121625,3.7975427456000026,False,0.64087773377,0.28371746405,0.3380876982,0.42050345825,0.5410294375,0.6559619007499999,1.0873242934999996,1.5193285337999998,2.248413631,0.0,0,0,6,NIGHT,False,False
2025-09-21T07:00:00+02:00,2025-09-19T23:00:00+02:00,168,32,M1_GBT_CAL_WEATHER,1.0435689046245569,0.607942429,3.7975427456000026,False,1.0449584571649997,0.3055949844,0.3560264925,0.480981267,0.6821717105,1.30258980225,1.9755133860999985,2.9746166684499995,4.10231355,0.01,2,0,7,MORNING,False,False
2025-09-21T08:00:00+02:00,2025-09-19T23:00:00+02:00,168,33,M1_GBT_CAL_WEATHER,1.0435689046245569,0.787502844,3.7975427456000026,False,1.0433379540649996,0.16583055989999998,0.1760380527,0.43357357399999996,0.915287054,1.22063879225,2.0489017012999997,2.4339471510999986,12.569826575,0.01,2,0.02,8,MORNING,False,False
2025-09-21T09:00:00+02:00,2025-09-19T23:00:00+02:00,168,34,M1_GBT_CAL_WEATHER,1.0435689046245569,0.200353406,3.7975427456000026,False,1.1301665077050003,0.17047525830000002,0.21271400680000002,0.8087517714999999,1.0252454575,1.2193276960000001,1.3558400016,1.7764451016999998,13.580094811,0.03,6,0.02,9,DAYTIME,False,False
2025-09-21T10:00:00+02:00,2025-09-19T23:00:00+02:00,168,35,M1_GBT_CAL_WEATHER,1.0777236675511046,0.199264232,3.7975427456000026,False,1.133875551215,0.21305167865000002,0.3943430866,0.86236090675,1.0526361080000002,1.2397344885000001,1.3650575328999999,2.0222693294999994,8.703857185,0.025,5,0.02,10,DAYTIME,False,False
2025-09-21T11:00:00+02:00,2025-09-19T23:00:00+02:00,168,36,M1_GBT_CAL_WEATHER,1.0777236675511046,4.651833613,3.7975427456000026,True,1.0914691006650004,0.1913582353,0.28515719800000006,0.8429403385,1.020979752,1.22265189875,1.3739872326999998,1.6192900264499936,8.702123434,0.02,4,0.04,11,DAYTIME,False,False
2025-09-21T12:00:00+02:00,2025-09-19T23:00:00+02:00,168,37,M1_GBT_CAL_WEATHER,1.0777236675511046,5.457029898,3.7975427456000026,True,0.9642716219700003,0.1583667099,0.1790296392,0.33914649625,0.8931903999999999,1.1461350650000002,1.385576167,1.8010031489,7.387338526000001,0.03,6,0.04,12,DAYTIME,False,False
2025-09-21T13:00:00+02:00,2025-09-19T23:00:00+02:00,168,38,M1_GBT_CAL_WEATHER,1.2060428993063799,5.247518457,3.7975427456000026,True,0.8028291631149997,0.14283696955,0.1572749068,0.187993743,0.5575702705000001,1.109123896,1.3570145839999999,1.8058492956999925,5.889031876000001,0.025,5,0.04,13,DAYTIME,False,False
2025-09-21T14:00:00+02:00,2025-09-19T23:00:00+02:00,168,39,M1_GBT_CAL_WEATHER,1.2589263075296664,1.298703778,3.7975427456000026,False,0.7030177371800004,0.13602513965,0.1469431613,0.17283869824999998,0.23772974149999998,1.05520306025,1.3621388506999998,2.2366400224999987,5.188136733,0.02,4,0.04,14,DAYTIME,False,False
2025-09-21T15:00:00+02:00,2025-09-19T23:00:00+02:00,168,40,M1_GBT_CAL_WEATHER,1.7033643928774862,1.097802064,3.7975427456000026,False,1.0908362743049995,0.1394033193,0.15317252950000002,0.185877191,0.6454381634999999,1.33021212725,2.5448034293,3.5985111338499998,12.857480880999999,0.04,8,0.04,15,DAYTIME,False,False
2025-09-21T16:00:00+02:00,2025-09-19T23:00:00+02:00,168,41,M1_GBT_CAL_WEATHER,2.069736805305395,1.072610585,3.7975427456000026,False,1.7064621402149986,0.14826357225,0.1621331662,0.31696824725,0.9457568675,1.670960591,3.9662116583,7.448000710449999,15.738703292,0.105,21,0.08,16,RETURN_RAMP,False,False
2025-09-21T17:00:00+02:00,2025-09-19T23:00:00+02:00,168,42,M1_GBT_CAL_WEATHER,3.2090855157088822,1.072085209,3.7975427456000026,False,2.0835585971350015,0.16322626135,0.21774643140000002,0.80950222925,1.084724121,2.00041072575,6.808697265199996,8.373317445649999,13.520995639,0.145,29,0.26,17,RETURN_RAMP,False,False
2025-09-21T18:00:00+02:00,2025-09-19T23:00:00+02:00,168,43,M1_GBT_CAL_WEATHER,4.6225596673223555,0.52541343,3.7975427456000026,False,2.6938207406399988,0.17934590625,0.3369782113,0.8693841514999999,1.2354520065,3.5911985697500004,7.769581768299999,8.482401944500001,15.665787838,0.22,44,0.42,18,RETURN_RAMP,False,True
2025-09-21T19:00:00+02:00,2025-09-19T23:00:00+02:00,168,44,M1_GBT_CAL_WEATHER,4.6225596673223555,1.533311308,3.7975427456000026,False,3.2246638973699993,0.17919014195000002,0.2039420436,0.573392111,1.6694172484999998,4.71597924925,8.352884369699998,10.167256080249999,16.557397549,0.31,62,0.52,19,EVENING,False,True
2025-09-21T20:00:00+02:00,2025-09-19T23:00:00+02:00,168,45,M1_GBT_CAL_WEATHER,3.530355879810193,0.77862687,3.7975427456000026,False,3.5449365184049997,0.17450840385,0.2049333103,0.500017453,2.4276511124999995,6.073698932999999,8.4876935471,10.035519149049996,15.862683958,0.38,76,0.38,20,EVENING,False,True
2025-09-21T21:00:00+02:00,2025-09-19T23:00:00+02:00,168,46,M1_GBT_CAL_WEATHER,2.299202212560777,1.484399504,3.7975427456000026,False,3.719134353175,0.2999753303,0.4680122968,0.6803816460000001,1.6415905725,6.639318025,8.813184185999997,10.719250234749973,16.741245111,0.37,74,0.28,21,EVENING,False,False
2025-09-21T22:00:00+02:00,2025-09-19T23:00:00+02:00,168,47,M1_GBT_CAL_WEATHER,1.7882675376284047,0.638742697,3.7975427456000026,False,2.330154040680001,0.30538896565,0.4246823951,0.58627225725,0.8532730805,2.1887801035,8.0347490691,9.174349805749998,16.767332825,0.215,43,0.14,22,EVENING,False,False
2025-09-21T23:00:00+02:00,2025-09-19T23:00:00+02:00,168,48,M1_GBT_CAL_WEATHER,1.0964523128478434,0.628689272,3.7975427456000026,False,1.0748823016900004,0.2897297875,0.3320144481,0.42303708025,0.5887948245,0.80891414875,1.8064546033,3.805396496699985,11.80587839,0.05,10,0.06,23,NIGHT,False,False
2025-09-22T00:00:00+02:00,2025-09-19T23:00:00+02:00,168,49,M1_GBT_CAL_WEATHER,1.0435689046245569,0.602862627,3.7975427456000026,False,0.7392210294199993,0.2774975189,0.3133513911,0.39132132025,0.49700548299999997,0.61200887075,0.6970216114,1.0527300822999912,7.867744958,0.035,7,0,0,NIGHT,False,False
2025-09-22T01:00:00+02:00,2025-09-19T23:00:00+02:00,168,50,M1_GBT_CAL_WEATHER,1.0435689046245569,0.604223755,3.7975427456000026,False,0.563285924595,0.2928133542,0.3151141978,0.3912479665,0.4861686185,0.59606724225,0.6541346772,0.6784895468,6.523249963,0.01,2,0,1,NIGHT,False,False
2025-09-22T02:00:00+02:00,2025-09-19T23:00:00+02:00,168,51,M1_GBT_CAL_WEATHER,1.0435689046245569,0.605492126,3.7975427456000026,False,0.5995092804749999,0.29836627355,0.3205867772,0.392898987,0.48635788999999996,0.5976669065,0.6630140215,0.6853430948499999,7.742105254,0.015,3,0,2,NIGHT,False,False
2025-09-22T03:00:00+02:00,2025-09-19T23:00:00+02:00,168,52,M1_GBT_CAL_WEATHER,1.0777236675511046,0.6065813,3.7975427456000026,False,0.7996783664849998,0.30164348259999996,0.324218574,0.4054491725,0.5087779575,0.61571621775,0.8396448605999923,3.2913153016999996,7.743610716,0.03,6,0,3,NIGHT,False,False
2025-09-22T04:00:00+02:00,2025-09-19T23:00:00+02:00,168,53,M1_GBT_CAL_WEATHER,1.0777236675511046,0.607417053,3.7975427456000026,False,0.8045114193549999,0.30276405694999997,0.3251790256,0.40638519424999997,0.5006871795,0.619511898,2.3142884440000002,3.2002177335499997,7.744765898000001,0.025,5,0,4,NIGHT,False,False
2025-09-22T05:00:00+02:00,2025-09-19T23:00:00+02:00,168,54,M1_GBT_CAL_WEATHER,1.0777236675511046,0.607942429,3.7975427456000026,False,0.9944701478749998,0.3034684801,0.3314791661,0.40699742475,0.5276137525,0.653132279,3.304254908099999,3.9422639478999977,7.7454920750000005,0.07,14,0,5,NIGHT,False,False
2025-09-22T06:00:00+02:00,2025-09-19T23:00:00+02:00,168,55,M1_GBT_CAL_WEATHER,1.0777236675511046,2.059448877,3.7975427456000026,False,1.2854176931849997,0.30835725135,0.34115243359999997,0.44844147275,0.608395909,1.24832098725,3.5955364968,4.0057024316,8.111319689,0.08,16,0,6,NIGHT,False,False
2025-09-22T07:00:00+02:00,2025-09-19T23:00:00+02:00,168,56,M1_GBT_CAL_WEATHER,1.0777236675511046,4.514822013,3.7975427456000026,True,2.316457221985,0.37576568735,0.4459694362,0.7572262885,2.311717986,3.42905113075,4.2204290696,4.850394262449994,8.111093471,0.185,37,0,7,MORNING,False,False
2025-09-22T08:00:00+02:00,2025-09-19T23:00:00+02:00,168,57,M1_GBT_CAL_WEATHER,1.0777236675511046,2.809047691,3.7975427456000026,False,2.565131853065,0.20087463740000003,0.2658038401,0.9036604195,2.6715916105,3.886977741,4.5601096312,5.4665823371499975,9.870300804,0.275,55,0.02,8,MORNING,False,False
2025-09-22T09:00:00+02:00,2025-09-19T23:00:00+02:00,168,58,M1_GBT_CAL_WEATHER,1.0777236675511046,1.572192058,3.7975427456000026,False,1.7073255225850001,0.17329664865000002,0.2239487387,0.8516391587500001,1.140497775,2.002486278,4.2640097304,4.6539100688999975,6.807344551,0.17,34,0.02,9,DAYTIME,False,False
2025-09-22T10:00:00+02:00,2025-09-19T23:00:00+02:00,168,59,M1_GBT_CAL_WEATHER,1.0777236675511046,5.459659397,3.7975427456000026,True,1.6043797955149994,0.20756207145000002,0.2876829177000001,0.87427113925,1.0937678604999999,1.332638893,4.000176755199999,4.503889999749998,8.771466107,0.135,27,0.02,10,DAYTIME,False,False
2025-09-22T11:00:00+02:00,2025-09-19T23:00:00+02:00,168,60,M1_GBT_CAL_WEATHER,1.0777236675511046,5.289704777,3.7975427456000026,True,1.6519842339899993,0.17159476175,0.4183416268000001,0.842177839,1.1247646869999999,1.9964040457499999,3.8548960977999984,4.697199568299997,8.619936165,0.11,22,0.04,11,DAYTIME,False,False
2025-09-22T12:00:00+02:00,2025-09-19T23:00:00+02:00,168,61,M1_GBT_CAL_WEATHER,1.0483527069396041,3.639269497,3.7975427456000026,False,1.5232760665150002,0.1489702503,0.16845043,0.60406028925,1.073325272,1.4235038067499999,3.7391576088,4.946133107549996,9.05399141,0.095,19,0.04,12,DAYTIME,False,False
2025-09-22T13:00:00+02:00,2025-09-19T23:00:00+02:00,168,62,M1_GBT_CAL_WEATHER,1.0483527069396041,0.195273604,3.7975427456000026,False,1.2045710655900004,0.139385473,0.1490689564,0.19824386649999998,0.8514547045,1.329942431,3.406022323799999,4.255805781649993,6.119599601,0.085,17,0.04,13,DAYTIME,False,False
2025-09-22T14:00:00+02:00,2025-09-19T23:00:00+02:00,168,63,M1_GBT_CAL_WEATHER,1.0613763442837822,0.194005234,3.7975427456000026,False,1.0533688907299996,0.13705230015,0.143912972,0.17664180725,0.35158578800000007,1.143145917,3.4899371192,4.042533115599999,6.117878089,0.075,15,0.04,14,DAYTIME,False,False
2025-09-22T15:00:00+02:00,2025-09-19T23:00:00+02:00,168,64,M1_GBT_CAL_WEATHER,1.4600228870435974,0.192916059,3.7975427456000026,False,0.8749310065750001,0.13556650334999998,0.1420159776,0.17678117599999998,0.37443504799999994,1.092539174,2.0975626173999995,3.736444089649997,5.519729205,0.05,10,0.04,15,DAYTIME,False,False
2025-09-22T16:00:00+02:00,2025-09-19T23:00:00+02:00,168,65,M1_GBT_CAL_WEATHER,1.9620176905194546,2.810940038,3.7975427456000026,False,1.3890205966550002,0.1397536313,0.1696417025,0.2207306785,0.8501089075,1.36358585925,4.0553171921999995,4.845918554299998,9.711615306,0.115,23,0.08,16,RETURN_RAMP,False,False
2025-09-22T17:00:00+02:00,2025-09-19T23:00:00+02:00,168,66,M1_GBT_CAL_WEATHER,3.456997394384258,8.258722839,3.7975427456000026,True,3.026702631810001,0.19835949795000002,0.39188953560000006,0.81238951225,1.139926043,4.9442620655,8.2130032013,9.12282817145,16.69588669,0.315,63,0.26,17,RETURN_RAMP,False,False
2025-09-22T18:00:00+02:00,2025-09-19T23:00:00+02:00,168,67,M1_GBT_CAL_WEATHER,5.588516675493751,8.471906013,3.7975427456000026,True,4.675350872014998,0.1613814564,0.21097591550000003,1.044447061,2.9188487705,8.249132448249998,10.1840900822,13.881681765749994,15.919459944,0.43,86,0.42,18,RETURN_RAMP,False,True
2025-09-22T19:00:00+02:00,2025-09-19T23:00:00+02:00,168,68,M1_GBT_CAL_WEATHER,5.588516675493751,11.406464743,3.7975427456000026,True,5.439947882194996,0.1675616711,0.2065860284,1.013694555,3.8367146615000003,8.767766234,11.925872432399999,15.054528905199998,19.881910776999998,0.505,101,0.52,19,EVENING,True,True
2025-09-22T20:00:00+02:00,2025-09-19T23:00:00+02:00,168,69,M1_GBT_CAL_WEATHER,3.8566159126600086,10.958412249,3.7975427456000026,True,3.757873127854999,0.1576723009,0.1908445886,0.416628826,2.073307543,6.908588641750001,9.7563349673,11.062780211649999,16.429818316,0.355,71,0.38,20,EVENING,False,True
2025-09-22T21:00:00+02:00,2025-09-19T23:00:00+02:00,168,70,M1_GBT_CAL_WEATHER,2.3616362087952054,8.585027883,3.7975427456000026,True,2.526573679630002,0.25511220149999997,0.29626963479999996,0.60836883725,1.1322506314999998,3.5955145652500002,7.350626220599998,8.5722262553,13.204216639,0.23,46,0.28,21,EVENING,False,False
2025-09-22T22:00:00+02:00,2025-09-19T23:00:00+02:00,168,71,M1_GBT_CAL_WEATHER,1.793051339943452,8.164148019,3.7975427456000026,True,1.8016970118450002,0.25861838800000003,0.2975687496,0.48867711799999997,0.708165398,1.36822044975,4.3938537729,8.0470289794,18.39146727,0.155,31,0.14,22,EVENING,False,False
2025-09-22T23:00:00+02:00,2025-09-19T23:00:00+02:00,168,72,M1_GBT_CAL_WEATHER,1.1306070757743911,8.575785317,3.7975427456000026,True,1.4599138422800002,0.2580529555,0.2967098219,0.42936301075,0.610138631,2.35735973175,3.7224829111999997,4.322751416949999,8.678443305,0.095,19,0.06,23,NIGHT,False,False
2025-09-23T00:00:00+02:00,2025-09-19T23:00:00+02:00,168,73,M1_GBT_CAL_WEATHER,1.0777236675511046,5.843167412,3.7975427456000026,True,1.4814684794200002,0.25512785085,0.2923441621,0.40336469175,0.590276917,2.92770815075,3.680115548,4.12251776905,5.551624298999999,0.085,17,0,0,NIGHT,False,False
2025-09-23T01:00:00+02:00,2025-09-19T23:00:00+02:00,168,74,M1_GBT_CAL_WEATHER,1.0777236675511046,2.331552008,3.7975427456000026,False,1.6235221535200008,0.2637699845,0.30043253940000003,0.41389859250000005,0.607033322,3.123558404,3.8841896451999998,4.152460857,4.523011833,0.105,21,0,1,NIGHT,False,False
2025-09-23T02:00:00+02:00,2025-09-19T23:00:00+02:00,168,75,M1_GBT_CAL_WEATHER,1.0777236675511046,2.332820379,3.7975427456000026,False,1.6689317557450007,0.27008950800000003,0.30376903489999996,0.4170949805,0.641391991,3.001570321,3.7884500906,4.16854333345,8.462135948,0.1,20,0,2,NIGHT,False,False
2025-09-23T03:00:00+02:00,2025-09-19T23:00:00+02:00,168,76,M1_GBT_CAL_WEATHER,1.0777236675511046,2.333909553,3.7975427456000026,False,2.1422324572999996,0.271354227,0.30611217409999997,0.48287414325,2.4172061905,3.46837929325,3.9310911252,4.1487175413,7.248783673,0.145,29,0,3,NIGHT,False,False
2025-09-23T04:00:00+02:00,2025-09-19T23:00:00+02:00,168,77,M1_GBT_CAL_WEATHER,1.0435689046245569,0.607417053,3.7975427456000026,False,2.5302897733300007,0.27232467885,0.31642009000000004,0.5919046025000001,2.898812013,3.66035304775,4.112689222099999,4.2723501629,7.711274057,0.21,42,0,4,NIGHT,False,False
2025-09-23T05:00:00+02:00,2025-09-19T23:00:00+02:00,168,78,M1_GBT_CAL_WEATHER,1.0435689046245569,2.335270682,3.7975427456000026,False,2.5701871672050003,0.3055694215,0.3855622381,0.683268414,2.8140039985,3.64913991625,4.082762067499999,4.234130886249999,10.383248171,0.195,39,0,5,NIGHT,False,False
2025-09-23T06:00:00+02:00,2025-09-19T23:00:00+02:00,168,79,M1_GBT_CAL_WEATHER,1.0435689046245569,2.335449878,3.7975427456000026,False,3.191397235639998,0.42917714050000005,1.3394099438,2.6230942725,3.358314257,3.91233724075,4.4423593481,4.671629790199999,10.383481891999999,0.295,59,0,6,NIGHT,False,False
2025-09-23T07:00:00+02:00,2025-09-19T23:00:00+02:00,168,80,M1_GBT_CAL_WEATHER,1.0435689046245569,3.192777361,3.7975427456000026,False,3.448348806234999,0.47033276735000007,1.1578827188999998,2.70644932675,3.6484346555,4.2789926185,5.147696239899999,5.656459278,7.2758352330000005,0.435,87,0,7,MORNING,False,False
2025-09-23T08:00:00+02:00,2025-09-19T23:00:00+02:00,168,81,M1_GBT_CAL_WEATHER,1.0435689046245569,1.928517412,3.7975427456000026,False,3.2798523334799983,0.6327043051000001,0.9595625238,2.59694754025,3.4618208575000002,4.30436329875,5.028867652299999,5.640539657099999,6.709913035,0.365,73,0.02,8,MORNING,False,False
2025-09-23T09:00:00+02:00,2025-09-19T23:00:00+02:00,168,82,M1_GBT_CAL_WEATHER,1.0777236675511046,1.927681659,3.7975427456000026,False,2.13773924944,0.1773847095,0.24713764500000002,0.9823725427499999,1.2554799460000001,3.5131584250000003,4.508704949499999,4.935269911199999,11.694771730000001,0.195,39,0.02,9,DAYTIME,False,False
2025-09-23T10:00:00+02:00,2025-09-19T23:00:00+02:00,168,83,M1_GBT_CAL_WEATHER,1.0777236675511046,2.66489275,3.7975427456000026,False,2.0603290396050005,0.19406517395,0.40462675220000016,0.87988718525,1.129373111,3.3187755,4.7090015943,5.7480244140000005,10.467995927999999,0.2,40,0.02,10,DAYTIME,False,False
2025-09-23T11:00:00+02:00,2025-09-19T23:00:00+02:00,168,84,M1_GBT_CAL_WEATHER,1.0777236675511046,1.078526139,3.7975427456000026,False,2.50035083811,0.2083952865,0.32525410440000013,0.849934135,1.3052987950000001,3.9861292505000003,5.0768905338999994,6.252691634999985,11.446176537000001,0.275,55,0.04,11,DAYTIME,False,False
2025-09-23T12:00:00+02:00,2025-09-19T23:00:00+02:00,168,85,M1_GBT_CAL_WEATHER,1.0777236675511046,3.0238558,3.7975427456000026,False,2.3378535541149996,0.16794084439999998,0.1833497889,0.756573857,1.382508704,3.76870492725,4.8807403184,6.093346108799992,10.935757437000001,0.245,49,0.04,12,DAYTIME,False,False
2025-09-23T13:00:00+02:00,2025-09-19T23:00:00+02:00,168,86,M1_GBT_CAL_WEATHER,1.0777236675511046,1.299972148,3.7975427456000026,False,1.3014486638850005,0.14285196044999998,0.1546229381,0.1930019885,0.8235225879999999,1.3172867895000002,3.5977530863999996,4.603310475449998,10.511820552,0.09,18,0.04,13,DAYTIME,False,False
2025-09-23T14:00:00+02:00,2025-09-19T23:00:00+02:00,168,87,M1_GBT_CAL_WEATHER,1.1306070757743911,1.195888122,3.7975427456000026,False,0.94425860134,0.13687379895,0.14224709259999999,0.17084590975000002,0.2192023585,1.09672320175,2.9180126757999996,4.272566931099997,7.564423430000001,0.07,14,0.04,14,DAYTIME,False,False
2025-09-23T15:00:00+02:00,2025-09-19T23:00:00+02:00,168,88,M1_GBT_CAL_WEATHER,1.4893938476550979,1.073446337,3.7975427456000026,False,0.8661925849399996,0.13622583319999998,0.14959204280000002,0.183302829,0.4458233215,0.9963986,2.4126781915,3.3237008613499985,10.590217682,0.035,7,0.04,15,DAYTIME,False,False
2025-09-23T16:00:00+02:00,2025-09-19T23:00:00+02:00,168,89,M1_GBT_CAL_WEATHER,1.991388651130955,1.072610585,3.7975427456000026,False,1.6866348068699994,0.1559481516,0.1733421292,0.39153613125,0.962046282,2.70692838875,4.081659029199999,4.779102637099998,13.410733849,0.125,25,0.08,16,RETURN_RAMP,False,False
2025-09-23T17:00:00+02:00,2025-09-19T23:00:00+02:00,168,90,M1_GBT_CAL_WEATHER,3.7146227666876603,2.799413463,3.7975427456000026,False,3.8679349591999994,0.2836793762,0.4771266301,0.9799885595,2.129608984,6.2069223495,9.293407200499999,11.8593615449,16.039344805,0.37,74,0.26,17,RETURN_RAMP,False,False
2025-09-23T18:00:00+02:00,2025-09-19T23:00:00+02:00,168,91,M1_GBT_CAL_WEATHER,5.925079650789239,2.613240156,3.7975427456000026,False,5.871534541744996,0.26210671290000004,0.7944306980000001,2.3093605565,4.4865322435,9.24517165725,12.3869431009,13.80209793439997,19.072975056,0.6,120,0.42,18,RETURN_RAMP,True,True
2025-09-23T19:00:00+02:00,2025-09-19T23:00:00+02:00,168,92,M1_GBT_CAL_WEATHER,5.357451517713209,0.274314173,3.7975427456000026,False,6.670982254059996,0.18875219940000001,0.38784443720000006,3.14404070275,5.731880317,10.434104932,13.068834491199999,16.706832505149993,21.055326892,0.655,131,0.52,19,EVENING,True,True
2025-09-23T20:00:00+02:00,2025-09-19T23:00:00+02:00,168,93,M1_GBT_CAL_WEATHER,3.963824288543422,4.349432991,3.7975427456000026,True,5.678246811725002,0.20100038560000003,0.30694144410000007,2.2977916815,4.522175385000001,8.99115459575,11.3789028894,13.529274330949997,19.651755396000002,0.575,115,0.38,20,EVENING,True,False
2025-09-23T21:00:00+02:00,2025-09-19T23:00:00+02:00,168,94,M1_GBT_CAL_WEATHER,2.391007169406706,9.06390163,3.7975427456000026,True,4.69447764998,0.29628194739999997,0.5142097014,2.49337747625,3.867176432,5.8525756939999996,10.564663691,11.974352590699993,19.118828264999998,0.52,104,0.28,21,EVENING,True,False
2025-09-23T22:00:00+02:00,2025-09-19T23:00:00+02:00,168,95,M1_GBT_CAL_WEATHER,1.8224223005549525,5.508587503,3.7975427456000026,True,3.4420248717449984,0.2973988255,0.4211773265,1.1858270075,3.143792842,4.06598560975,7.456560547699999,10.692099574999999,17.121893028000002,0.33,66,0.14,22,EVENING,False,False
2025-09-23T23:00:00+02:00,2025-09-19T23:00:00+02:00,168,96,M1_GBT_CAL_WEATHER,1.1306070757743911,0.601501498,3.7975427456000026,False,2.5836811466249996,0.29907350585000003,0.4117374095,0.58816682325,2.7383191594999996,3.72082941175,4.390217375999999,5.239765261049996,13.127350558000002,0.235,47,0.06,23,NIGHT,False,False
2025-09-24T00:00:00+02:00,2025-09-19T23:00:00+02:00,168,97,M1_GBT_CAL_WEATHER,1.0777236675511046,0.602862627,3.7975427456000026,False,2.2698343416799993,0.30018380495,0.3383312409,0.51781606225,2.374429193,3.5867455489999998,4.0886712755,4.40754375395,18.378463006,0.175,35,0,0,NIGHT,False,False
2025-09-24T01:00:00+02:00,2025-09-19T23:00:00+02:00,168,98,M1_GBT_CAL_WEATHER,1.0777236675511046,2.331552008,3.7975427456000026,False,2.7443243388349994,0.33336527245,0.4324573036,2.03877719575,2.9522256215000002,3.65806035425,4.0903096206,4.283546124199999,18.975868606,0.215,43,0,1,NIGHT,False,False
2025-09-24T02:00:00+02:00,2025-09-19T23:00:00+02:00,168,99,M1_GBT_CAL_WEATHER,1.0777236675511046,2.332820379,3.7975427456000026,False,3.0447741146550014,0.4490083678500001,0.6359478271,2.3995463037499998,3.1761114125,3.72593170475,4.1381422607,4.3368497148,16.253455933999998,0.235,47,0,2,NIGHT,False,False
2025-09-24T03:00:00+02:00,2025-09-19T23:00:00+02:00,168,100,M1_GBT_CAL_WEATHER,1.0777236675511046,2.333909553,3.7975427456000026,False,2.803559680879998,0.33797337005,0.4538926495,2.27335759175,3.004305595,3.72717896675,4.1698461379000005,4.3785995838,9.915368415000001,0.235,47,0,3,NIGHT,False,False
2025-09-24T04:00:00+02:00,2025-09-19T23:00:00+02:00,168,101,M1_GBT_CAL_WEATHER,1.0777236675511046,2.334745306,3.7975427456000026,False,2.76477053898,0.31953208000000005,0.4183099196,2.21045557125,3.0671740925,3.7004205055,4.1567411841,4.33936328265,13.844814184,0.225,45,0,4,NIGHT,False,False
2025-09-24T05:00:00+02:00,2025-09-19T23:00:00+02:00,168,102,M1_GBT_CAL_WEATHER,1.0777236675511046,2.335270682,3.7975427456000026,False,3.0116898813349993,0.46186318005,1.9784929629,2.40756997275,3.1937978725,3.8199951095,4.1691344236,4.340049317849999,5.024214352,0.255,51,0,5,NIGHT,False,False
2025-09-24T06:00:00+02:00,2025-09-19T23:00:00+02:00,168,103,M1_GBT_CAL_WEATHER,1.0777236675511046,2.335449878,3.7975427456000026,False,3.361672987609999,1.9816540962500002,2.2762499178000004,2.7815574185,3.3783489585,3.966672753,4.3848454184,4.816489354749998,9.631806909,0.335,67,0,6,NIGHT,False,False
2025-09-24T07:00:00+02:00,2025-09-19T23:00:00+02:00,168,104,M1_GBT_CAL_WEATHER,1.0777236675511046,2.335270682,3.7975427456000026,False,3.8268462811999995,2.1854216870500003,2.3758761134,3.1449194892500003,3.8218615950000006,4.3836294442499995,5.0201411168,5.355686389449991,19.051980117,0.51,102,0,7,MORNING,True,False
2025-09-24T08:00:00+02:00,2025-09-19T23:00:00+02:00,168,105,M1_GBT_CAL_WEATHER,1.0777236675511046,1.928517412,3.7975427456000026,False,3.8037496779799973,2.05175647845,2.4170967221,3.08053784,3.7386185325000003,4.418437501,5.3323770189,5.921250092199998,11.242892007,0.475,95,0.02,8,MORNING,True,False
2025-09-24T09:00:00+02:00,2025-09-19T23:00:00+02:00,168,106,M1_GBT_CAL_WEATHER,1.0777236675511046,0.595627285,3.7975427456000026,False,1.9364883843950014,0.16894153075,0.2143331685,0.8897884429999999,1.1996077365,3.2139776692499997,4.3438503426,4.897852332449999,8.402496402,0.165,33,0.02,9,DAYTIME,False,False
2025-09-24T10:00:00+02:00,2025-09-19T23:00:00+02:00,168,107,M1_GBT_CAL_WEATHER,1.0777236675511046,2.807122764,3.7975427456000026,False,2.793980887749999,0.19607084389999999,0.8080375646,1.07305882375,2.9661341625,4.2258202115,4.9571513616,5.528650682949992,8.401397509,0.325,65,0.02,10,DAYTIME,False,False
2025-09-24T11:00:00+02:00,2025-09-19T23:00:00+02:00,168,108,M1_GBT_CAL_WEATHER,1.0777236675511046,2.805854393,3.7975427456000026,False,3.610754616450001,0.6963097860500002,1.2154492984,2.7799421974999996,3.5850222885000003,4.4858202480000005,5.1618788968,6.378090135999998,8.314993073,0.46,92,0.04,11,DAYTIME,True,False
2025-09-24T12:00:00+02:00,2025-09-19T23:00:00+02:00,168,109,M1_GBT_CAL_WEATHER,1.0777236675511046,1.077165011,3.7975427456000026,False,2.624299743315001,0.16029640820000002,0.20274834590000002,0.943254381,2.6842758985,3.97944873725,4.831329698899999,6.018731604549998,8.201401792,0.28,56,0.04,12,DAYTIME,False,False
2025-09-24T13:00:00+02:00,2025-09-19T23:00:00+02:00,168,110,M1_GBT_CAL_WEATHER,1.0483527069396041,1.075803882,3.7975427456000026,False,1.2240016338249993,0.1412301831,0.15213953970000002,0.19288339625,0.874281907,1.2896811129999999,3.5720480193,4.2534427375499995,8.157561600000001,0.08,16,0.04,13,DAYTIME,False,False
2025-09-24T14:00:00+02:00,2025-09-19T23:00:00+02:00,168,111,M1_GBT_CAL_WEATHER,1.0613763442837822,1.074535512,3.7975427456000026,False,1.2523854234850003,0.13470907955,0.1414765639,0.17655144275,0.507707006,1.2666526329999999,3.6406765455,4.231687321999998,19.419226340999998,0.09,18,0.04,14,DAYTIME,False,False
2025-09-24T15:00:00+02:00,2025-09-19T23:00:00+02:00,168,112,M1_GBT_CAL_WEATHER,1.420163116164489,1.073446337,3.7975427456000026,False,0.9728833842450006,0.13345348480000002,0.1401669118,0.167315193,0.3753352195,1.084317376,2.333739950899999,3.6784075847499995,16.384291158,0.045,9,0.04,15,DAYTIME,False,False
2025-09-24T16:00:00+02:00,2025-09-19T23:00:00+02:00,168,113,M1_GBT_CAL_WEATHER,1.9620176905194546,1.005679527,3.7975427456000026,False,1.3488208898600005,0.1384577303,0.15430170999999998,0.20348081725,0.857936767,1.3182273162500002,3.3924418520999997,4.814180784199997,8.444822607,0.095,19,0.08,16,RETURN_RAMP,False,False
2025-09-24T17:00:00+02:00,2025-09-19T23:00:00+02:00,168,114,M1_GBT_CAL_WEATHER,3.6852518060761597,10.73815316,3.7975427456000026,True,3.1956646395050012,0.2220330312,0.3936559155,0.88534621975,1.3430944040000001,4.88124071525,7.9430877054,9.583831535899998,14.021868694,0.31,62,0.26,17,RETURN_RAMP,False,False
2025-09-24T18:00:00+02:00,2025-09-19T23:00:00+02:00,168,115,M1_GBT_CAL_WEATHER,5.895708690177738,11.606227355,3.7975427456000026,True,5.68476697672,0.2035643544,0.6867673301000001,1.32959454575,4.352574645000001,8.48639783575,11.9225478694,14.625933745649995,18.365096776999998,0.565,113,0.42,18,RETURN_RAMP,True,True
2025-09-24T19:00:00+02:00,2025-09-19T23:00:00+02:00,168,116,M1_GBT_CAL_WEATHER,5.925079650789239,0.765503668,3.7975427456000026,False,6.140924838475002,0.203713263,0.4107281888000001,1.902214765,6.187371917,9.025710652,12.421667991499994,15.01779750219999,19.248929448,0.635,127,0.52,19,EVENING,True,True
2025-09-24T20:00:00+02:00,2025-09-19T23:00:00+02:00,168,117,M1_GBT_CAL_WEATHER,3.963824288543422,0.61398082,3.7975427456000026,False,4.856511057694999,0.1926135039,0.2558011637,1.2438168485,3.6400310605,7.753972748250001,10.3471480832,11.83254061484998,22.655276997999998,0.49,98,0.38,20,EVENING,True,False
2025-09-24T21:00:00+02:00,2025-09-19T23:00:00+02:00,168,118,M1_GBT_CAL_WEATHER,2.391007169406706,1.148476954,3.7975427456000026,False,3.9149361975850008,0.29628194739999997,0.5380228314,0.89436644175,3.252746319,5.46651399775,9.573484301999997,10.992521505649997,18.495570831,0.415,83,0.28,21,EVENING,False,False
2025-09-24T22:00:00+02:00,2025-09-19T23:00:00+02:00,168,119,M1_GBT_CAL_WEATHER,1.8224223005549525,2.350731492,3.7975427456000026,False,3.3880397090899987,0.2975716343,0.4268160095,0.8246089065,3.113872896,4.17182034075,8.0076099392,10.193295142499998,13.167288376,0.345,69,0.14,22,EVENING,False,False
2025-09-24T23:00:00+02:00,2025-09-19T23:00:00+02:00,168,120,M1_GBT_CAL_WEATHER,1.1306070757743911,2.328829751,3.7975427456000026,False,2.715886040255,0.29411588904999997,0.353623207,0.9450432900000001,2.9450579484999997,3.85654493,4.2980295619,4.791036468699997,10.921081813999999,0.28,56,0.06,23,NIGHT,False,False
2025-09-25T00:00:00+02:00,2025-09-19T23:00:00+02:00,168,121,M1_GBT_CAL_WEATHER,1.0777236675511046,0.602862627,3.7975427456000026,False,1.881899680040001,0.2957781746,0.3332252652,0.48152259775,2.041970172,3.198472611,3.9029480774999996,4.167703194399999,6.456144495,0.135,27,0,0,NIGHT,False,False
2025-09-25T01:00:00+02:00,2025-09-19T23:00:00+02:00,168,122,M1_GBT_CAL_WEATHER,1.0777236675511046,0.604223755,3.7975427456000026,False,1.7740169851250007,0.30415284075,0.34590259289999997,0.46615068049999997,0.6624944735,3.18998625675,3.8970688836,4.1371648734,4.628863189,0.125,25,0,1,NIGHT,False,False
2025-09-25T02:00:00+02:00,2025-09-19T23:00:00+02:00,168,123,M1_GBT_CAL_WEATHER,1.0777236675511046,2.332820379,3.7975427456000026,False,2.409119808395,0.31057261430000005,0.3949810899,0.6158921265,2.7150721675000002,3.610681046,4.053949064299999,4.213080048899999,7.041188251,0.195,39,0,2,NIGHT,False,False
2025-09-25T03:00:00+02:00,2025-09-19T23:00:00+02:00,168,124,M1_GBT_CAL_WEATHER,1.0777236675511046,2.333909553,3.7975427456000026,False,2.3821287603949997,0.30164348259999996,0.3450097147,0.62669992275,2.690299521,3.58455787375,3.9948056140999997,4.17021926445,4.617634937,0.17,34,0,3,NIGHT,False,False
2025-09-25T04:00:00+02:00,2025-09-19T23:00:00+02:00,168,125,M1_GBT_CAL_WEATHER,1.0777236675511046,2.334745306,3.7975427456000026,False,2.0460935071299993,0.30488043845,0.3551858009,0.4905084735,2.3213731109999998,3.35640478825,4.0340610731,4.2325755025,4.618778696,0.155,31,0,4,NIGHT,False,False
2025-09-25T05:00:00+02:00,2025-09-19T23:00:00+02:00,168,126,M1_GBT_CAL_WEATHER,1.0777236675511046,0.607942429,3.7975427456000026,False,1.9772010953899994,0.3203093937,0.3714412141,0.4876189245,2.184664918,3.35434923975,3.9892141128,4.216322881499999,4.633674485,0.155,31,0,5,NIGHT,False,False
2025-09-25T06:00:00+02:00,2025-09-19T23:00:00+02:00,168,127,M1_GBT_CAL_WEATHER,1.0435689046245569,2.335449878,3.7975427456000026,False,2.8447047480999994,0.38876699470000003,0.5526936378,2.23246796125,3.158845568,3.841924272,4.2342972719,4.4486885496,9.292971549999999,0.27,54,0,6,NIGHT,False,False
2025-09-25T07:00:00+02:00,2025-09-19T23:00:00+02:00,168,128,M1_GBT_CAL_WEATHER,1.0435689046245569,2.335270682,3.7975427456000026,False,3.6810367815399974,1.0949457713500002,2.290777044,2.93892211125,3.679648928,4.2862428032499995,5.0601742889,5.62991610765,16.059150922,0.46,92,0,7,MORNING,True,False
2025-09-25T08:00:00+02:00,2025-09-19T23:00:00+02:00,168,129,M1_GBT_CAL_WEATHER,1.0435689046245569,2.773187734,3.7975427456000026,False,3.52056388948,0.85939888345,2.0536885089999997,2.72913183775,3.5377145939999997,4.2058057057500005,4.8849886176,5.466700516249992,13.113664207000001,0.405,81,0.02,8,MORNING,False,False
2025-09-25T09:00:00+02:00,2025-09-19T23:00:00+02:00,168,130,M1_GBT_CAL_WEATHER,1.0777236675511046,1.080883684,3.7975427456000026,False,1.8314823516800007,0.18373596420000002,0.2143552686,0.8596519575000001,1.166820747,2.57566667725,4.390804684399999,4.91750304505,11.456222069,0.155,31,0.02,9,DAYTIME,False,False
2025-09-25T10:00:00+02:00,2025-09-19T23:00:00+02:00,168,131,M1_GBT_CAL_WEATHER,1.0777236675511046,1.07979451,3.7975427456000026,False,2.016313911765001,0.1829835991,0.24655215790000004,0.8572047887500001,1.1830810475,3.0914414934999996,4.4811698951,5.897877582599998,11.591746756000001,0.17,34,0.02,10,DAYTIME,False,False
2025-09-25T11:00:00+02:00,2025-09-19T23:00:00+02:00,168,132,M1_GBT_CAL_WEATHER,1.0777236675511046,0.850637521,3.7975427456000026,False,2.281689889125,0.18349031349999997,0.40316649710000013,0.8942238835,1.249597643,3.75250833425,4.7829241812,5.683643179199998,12.044705344999999,0.25,50,0.04,11,DAYTIME,False,False
2025-09-25T12:00:00+02:00,2025-09-19T23:00:00+02:00,168,133,M1_GBT_CAL_WEATHER,1.0777236675511046,0.196634733,3.7975427456000026,False,2.048294147515,0.1605071813,0.1957908721,0.80900406225,1.2318924459999998,3.4338084254999997,4.5363262815,5.065100541649999,12.283092829000001,0.185,37,0.04,12,DAYTIME,False,False
2025-09-25T13:00:00+02:00,2025-09-19T23:00:00+02:00,168,134,M1_GBT_CAL_WEATHER,1.0777236675511046,0.195273604,3.7975427456000026,False,1.5470277434899997,0.13857882370000002,0.1585414368,0.207194671,1.050673776,2.07823060075,3.7400903627,4.4544238180999995,10.794155946,0.09,18,0.04,13,DAYTIME,False,False
2025-09-25T14:00:00+02:00,2025-09-19T23:00:00+02:00,168,135,M1_GBT_CAL_WEATHER,1.1306070757743911,1.921333487,3.7975427456000026,False,1.398248387369999,0.1328422494,0.1459606575,0.17648541975,0.7916743129999999,1.73697343125,4.111029847,4.782742463649997,14.776546478,0.115,23,0.04,14,DAYTIME,False,False
2025-09-25T15:00:00+02:00,2025-09-19T23:00:00+02:00,168,136,M1_GBT_CAL_WEATHER,1.4893938476550979,0.192916059,3.7975427456000026,False,1.2042427533399995,0.13579491385,0.1514944454,0.19244382324999998,0.8064554885,1.2886340942499999,3.737348139399999,4.533272740199999,7.868721304,0.1,20,0.04,15,DAYTIME,False,False
2025-09-25T16:00:00+02:00,2025-09-19T23:00:00+02:00,168,137,M1_GBT_CAL_WEATHER,1.991388651130955,0.604433977,3.7975427456000026,False,2.0159821514649994,0.14879939125,0.1708440712,0.7431207315,1.1590962635,3.36001600275,4.4648707439,5.703968071299995,9.164563819000001,0.2,40,0.08,16,RETURN_RAMP,False,False
2025-09-25T17:00:00+02:00,2025-09-19T23:00:00+02:00,168,138,M1_GBT_CAL_WEATHER,3.7146227666876603,1.072085209,3.7975427456000026,False,4.221761494205001,0.3521876585500001,0.6181512364,1.1011638744999999,3.4325313619999998,5.925113939,10.457170034299999,11.994493353849993,18.876006147000002,0.43,86,0.26,17,RETURN_RAMP,False,False
2025-09-25T18:00:00+02:00,2025-09-19T23:00:00+02:00,168,139,M1_GBT_CAL_WEATHER,5.925079650789239,5.404877807,3.7975427456000026,True,5.794005813179996,0.2007956645,0.7436560921,2.64965337625,4.6251520495000005,8.559570105,11.4538468274,14.364845950699992,19.107797994000002,0.6,120,0.42,18,RETURN_RAMP,True,True
2025-09-25T19:00:00+02:00,2025-09-19T23:00:00+02:00,168,140,M1_GBT_CAL_WEATHER,5.925079650789239,11.255165035,3.7975427456000026,True,6.114840057295001,0.2059433831,0.41640333540000013,2.7289085157499997,5.0702605625,8.8784529755,12.3315017765,13.833059851949997,21.680823134,0.645,129,0.52,19,EVENING,True,True
2025-09-25T20:00:00+02:00,2025-09-19T23:00:00+02:00,168,141,M1_GBT_CAL_WEATHER,3.963824288543422,7.643062954,3.7975427456000026,True,4.867488451610002,0.17223005375,0.2226760346,0.8935150989999999,3.7438156499999997,7.9371744585,11.063832673499999,12.8148529697,17.455192999,0.495,99,0.38,20,EVENING,True,False
2025-09-25T21:00:00+02:00,2025-09-19T23:00:00+02:00,168,142,M1_GBT_CAL_WEATHER,2.371271054806327,8.015377815,3.7975427456000026,True,3.685923021410001,0.30858442505,0.47044828240000003,0.77085117275,2.5809046095,5.0802021555,9.6967012658,11.321236315199995,14.614603409999999,0.385,77,0.28,21,EVENING,False,False
2025-09-25T22:00:00+02:00,2025-09-19T23:00:00+02:00,168,143,M1_GBT_CAL_WEATHER,1.8224223005549525,5.119602718,3.7975427456000026,True,2.651340707550001,0.27879128945000003,0.3861854858,0.58687903825,1.5885141214999998,3.83876108525,6.557274218699998,8.427305437199998,11.951598883,0.26,52,0.14,22,EVENING,False,False
2025-09-25T23:00:00+02:00,2025-09-19T23:00:00+02:00,168,144,M1_GBT_CAL_WEATHER,1.1306070757743911,0.601501498,3.7975427456000026,False,1.972822088730002,0.31476493680000006,0.3797871026,0.51294653,0.9952209245,3.26060267525,4.1636581096,4.653898399549998,11.970346137,0.155,31,0.06,23,NIGHT,False,False
2025-09-26T00:00:00+02:00,2025-09-19T23:00:00+02:00,168,145,M1_GBT_CAL_WEATHER,1.0777236675511046,2.33019088,3.7975427456000026,False,2.0116884342100008,0.28227784365,0.3319768455,0.51507658375,2.1932124170000002,3.58094123225,4.0803003987,4.21847399455,5.741655488,0.18,36,0,0,NIGHT,False,False
2025-09-26T01:00:00+02:00,2025-09-19T23:00:00+02:00,168,146,M1_GBT_CAL_WEATHER,1.0777236675511046,2.331552008,3.7975427456000026,False,1.9769167853449998,0.29821303514999997,0.335023861,0.48378591325,2.2689557574999997,3.38825927425,3.9855119859999997,4.21140143605,4.628863189,0.135,27,0,1,NIGHT,False,False
2025-09-26T02:00:00+02:00,2025-09-19T23:00:00+02:00,168,147,M1_GBT_CAL_WEATHER,1.0777236675511046,2.332820379,3.7975427456000026,False,2.1148488598600004,0.3000808035,0.3451818995,0.49064666925,2.3431848935,3.443849149,4.0138645736,4.213080048899999,10.865285945999998,0.16,32,0,2,NIGHT,False,False
2025-09-26T03:00:00+02:00,2025-09-19T23:00:00+02:00,168,148,M1_GBT_CAL_WEATHER,1.0777236675511046,0.6065813,3.7975427456000026,False,2.067002579099999,0.3037388173,0.37420622610000004,0.5312314119999999,2.294644718,3.5088830655,4.0811631767,4.195249039499999,6.018311679,0.185,37,0,3,NIGHT,False,False
2025-09-26T04:00:00+02:00,2025-09-19T23:00:00+02:00,168,149,M1_GBT_CAL_WEATHER,1.0777236675511046,0.607417053,3.7975427456000026,False,2.2699936526249997,0.33831944295000005,0.3969274438,0.57347196325,2.455410464,3.492737519,3.9753533236,4.1729909023,16.298584175000002,0.145,29,0,4,NIGHT,False,False
2025-09-26T05:00:00+02:00,2025-09-19T23:00:00+02:00,168,150,M1_GBT_CAL_WEATHER,1.0777236675511046,2.335270682,3.7975427456000026,False,2.3404100429499994,0.3238057036,0.3696936024,0.53226707075,2.6578341744999996,3.59215809225,4.0568182537,4.340049317849999,9.777956781,0.17,34,0,5,NIGHT,False,False
2025-09-26T06:00:00+02:00,2025-09-19T23:00:00+02:00,168,151,M1_GBT_CAL_WEATHER,1.0777236675511046,2.960049955,3.7975427456000026,False,2.7477228439549997,0.3757161482,0.483489614,1.2163136842500002,3.0537357475,3.9759257759999995,4.3945420596,4.635639634999999,10.028362439,0.295,59,0,6,NIGHT,False,False
2025-09-26T07:00:00+02:00,2025-09-19T23:00:00+02:00,168,152,M1_GBT_CAL_WEATHER,1.0777236675511046,4.097654154,3.7975427456000026,True,3.4223650055749992,0.54170469905,0.9930196025,2.608502129,3.566564766,4.340220084749999,5.2529286795,5.4717119684,10.429095984,0.45,90,0,7,MORNING,False,False
2025-09-26T08:00:00+02:00,2025-09-19T23:00:00+02:00,168,153,M1_GBT_CAL_WEATHER,1.0777236675511046,2.949635872,3.7975427456000026,False,2.9532403307400004,0.18818910795,0.2780456310000001,1.22394741425,3.1765816664999997,4.0687899945,4.825483557499999,5.6486807838999935,11.658262362999999,0.325,65,0.02,8,MORNING,False,False
2025-09-26T09:00:00+02:00,2025-09-19T23:00:00+02:00,168,154,M1_GBT_CAL_WEATHER,1.0777236675511046,2.808211938,3.7975427456000026,False,1.56726121434,0.16828688895,0.1897904531,0.80171335525,1.102240327,1.3753903985,4.2580572137,4.887561906349999,7.761098121,0.12,24,0.02,9,DAYTIME,False,False
2025-09-26T10:00:00+02:00,2025-09-19T23:00:00+02:00,168,155,M1_GBT_CAL_WEATHER,1.0777236675511046,0.673031298,3.7975427456000026,False,1.7040108254550004,0.19439849215,0.2758000102,0.8386319907500001,1.106533513,1.8497809845000002,4.3528724595,4.9576991461499995,7.107551615,0.16,32,0.02,10,DAYTIME,False,False
2025-09-26T11:00:00+02:00,2025-09-19T23:00:00+02:00,168,156,M1_GBT_CAL_WEATHER,1.0777236675511046,0.197995861,3.7975427456000026,False,1.7090720977600002,0.1989275054,0.2267085415,0.8078446957500001,1.1049933264999998,2.53541116375,4.2735358303,4.6105332280499995,8.701427833,0.135,27,0.04,11,DAYTIME,False,False
2025-09-26T12:00:00+02:00,2025-09-19T23:00:00+02:00,168,157,M1_GBT_CAL_WEATHER,1.0483527069396041,0.196634733,3.7975427456000026,False,1.2419148813149998,0.14888868705,0.17121728690000002,0.2339210165,0.9533316995000001,1.28813486725,3.520321231099999,4.545222542999999,6.060450428,0.075,15,0.04,12,DAYTIME,False,False
2025-09-26T13:00:00+02:00,2025-09-19T23:00:00+02:00,168,158,M1_GBT_CAL_WEATHER,1.0483527069396041,0.195273604,3.7975427456000026,False,1.0221621890150003,0.1387668324,0.15419339140000002,0.19370667675,0.797574518,1.19860559125,2.905538514099999,3.801206619549999,6.059035483,0.05,10,0.04,13,DAYTIME,False,False
2025-09-26T14:00:00+02:00,2025-09-19T23:00:00+02:00,168,159,M1_GBT_CAL_WEATHER,1.1012361151628907,0.194005234,3.7975427456000026,False,0.9246725279749998,0.13315941304999998,0.1421739645,0.17266491,0.21803117,1.09362539825,2.855899828899999,3.9563957718499987,10.69890499,0.065,13,0.04,14,DAYTIME,False,False
2025-09-26T15:00:00+02:00,2025-09-19T23:00:00+02:00,168,160,M1_GBT_CAL_WEATHER,1.4600228870435974,0.29356567,3.7975427456000026,False,0.8638499542049998,0.13345348480000002,0.1455336367,0.1868280135,0.7131562124999999,1.0748177305,1.3538765504999999,2.4051959363499935,17.385531584,0.03,6,0.04,15,DAYTIME,False,False
2025-09-26T16:00:00+02:00,2025-09-19T23:00:00+02:00,168,161,M1_GBT_CAL_WEATHER,1.9620176905194546,1.204898405,3.7975427456000026,False,1.257699312585,0.15173484545000002,0.1640153491,0.36218758125,0.9925840180000001,1.24744348575,3.0688703279999996,4.73074614785,7.236187744,0.075,15,0.08,16,RETURN_RAMP,False,False
2025-09-26T17:00:00+02:00,2025-09-19T23:00:00+02:00,168,162,M1_GBT_CAL_WEATHER,3.1013664009229416,4.07438978,3.7975427456000026,True,3.232563022375,0.20124856565,0.273111951,0.7717048125,1.245520457,5.9688250175,8.134889485799999,8.619728405550001,14.778362363,0.345,69,0.26,17,RETURN_RAMP,False,False
2025-09-26T18:00:00+02:00,2025-09-19T23:00:00+02:00,168,163,M1_GBT_CAL_WEATHER,5.232885682032434,6.473537784,3.7975427456000026,True,4.720646071159997,0.1828961834,0.20691753540000002,0.9460323312500001,2.9106322679999996,7.98994334925,11.221584848599997,13.541547519999986,19.413477816,0.465,93,0.42,18,RETURN_RAMP,True,True
2025-09-26T19:00:00+02:00,2025-09-19T23:00:00+02:00,168,164,M1_GBT_CAL_WEATHER,5.232885682032434,1.082327575,3.7975427456000026,False,5.024675135919996,0.18325518075,0.20713085450000002,0.9706754827499999,3.596965181,7.94289745575,11.2840281577,13.849985575099993,21.385044435,0.49,98,0.52,19,EVENING,True,True
2025-09-26T20:00:00+02:00,2025-09-19T23:00:00+02:00,168,165,M1_GBT_CAL_WEATHER,3.530355879810193,1.329668887,3.7975427456000026,False,3.7410771124000024,0.1779633018,0.2043565592,0.47549932775,2.0681043785,6.75520275575,9.115947081,11.492684185299998,15.756150187,0.36,72,0.38,20,EVENING,False,False
2025-09-26T21:00:00+02:00,2025-09-19T23:00:00+02:00,168,166,M1_GBT_CAL_WEATHER,2.391007169406706,2.205448436,3.7975427456000026,False,2.787771326770001,0.27011614065000006,0.36611363599999996,0.61109670175,1.1857504535,3.4743161112500003,8.0781822931,9.548041310899997,16.194103684,0.23,46,0.28,21,EVENING,False,False
2025-09-26T22:00:00+02:00,2025-09-19T23:00:00+02:00,168,167,M1_GBT_CAL_WEATHER,1.8224223005549525,2.592530595,3.7975427456000026,False,2.1708670281150004,0.27152256874999997,0.3408834981,0.5334721524999999,1.122444188,3.31197194825,4.501836457399998,6.861055610299993,13.96602515,0.205,41,0.14,22,EVENING,False,False
2025-09-26T23:00:00+02:00,2025-09-19T23:00:00+02:00,168,168,M1_GBT_CAL_WEATHER,1.0964523128478434,2.941973674,3.7975427456000026,False,2.2299386040550004,0.27356241195000003,0.3244673788,0.5305086827500001,2.277511633,3.6458292039999995,4.232968690799999,4.468836076049999,10.753751813,0.2,40,0.06,23,NIGHT,False,False
2025-09-23T00:00:00+02:00,2025-09-22T23:00:00+02:00,168,1,M1_GBT_CAL_WEATHER,1.748918927584841,5.843167412,4.509140465700005,True,1.4814684794200002,0.25512785085,0.2923441621,0.40336469175,0.590276917,2.92770815075,3.680115548,4.12251776905,5.551624298999999,0.01,2,0,0,NIGHT,False,False
2025-09-23T01:00:00+02:00,2025-09-22T23:00:00+02:00,168,2,M1_GBT_CAL_WEATHER,1.748918927584841,2.331552008,4.509140465700005,False,1.6235221535200008,0.2637699845,0.30043253940000003,0.41389859250000005,0.607033322,3.123558404,3.8841896451999998,4.152460857,4.523011833,0.005,1,0,1,NIGHT,False,False
2025-09-23T02:00:00+02:00,2025-09-22T23:00:00+02:00,168,3,M1_GBT_CAL_WEATHER,1.748918927584841,2.332820379,4.509140465700005,False,1.6689317557450007,0.27008950800000003,0.30376903489999996,0.4170949805,0.641391991,3.001570321,3.7884500906,4.16854333345,8.462135948,0.015,3,0,2,NIGHT,False,False
2025-09-23T03:00:00+02:00,2025-09-22T23:00:00+02:00,168,4,M1_GBT_CAL_WEATHER,1.748918927584841,2.333909553,4.509140465700005,False,2.1422324572999996,0.271354227,0.30611217409999997,0.48287414325,2.4172061905,3.46837929325,3.9310911252,4.1487175413,7.248783673,0.015,3,0,3,NIGHT,False,False
2025-09-23T04:00:00+02:00,2025-09-22T23:00:00+02:00,168,5,M1_GBT_CAL_WEATHER,1.6130836596656797,0.607417053,4.509140465700005,False,2.5302897733300007,0.27232467885,0.31642009000000004,0.5919046025000001,2.898812013,3.66035304775,4.112689222099999,4.2723501629,7.711274057,0.015,3,0,4,NIGHT,False,False
2025-09-23T05:00:00+02:00,2025-09-22T23:00:00+02:00,168,6,M1_GBT_CAL_WEATHER,1.6130836596656797,2.335270682,4.509140465700005,False,2.5701871672050003,0.3055694215,0.3855622381,0.683268414,2.8140039985,3.64913991625,4.082762067499999,4.234130886249999,10.383248171,0.015,3,0,5,NIGHT,False,False
2025-09-23T06:00:00+02:00,2025-09-22T23:00:00+02:00,168,7,M1_GBT_CAL_WEATHER,1.6130836596656797,2.335449878,4.509140465700005,False,3.191397235639998,0.42917714050000005,1.3394099438,2.6230942725,3.358314257,3.91233724075,4.4423593481,4.671629790199999,10.383481891999999,0.075,15,0,6,NIGHT,False,False
2025-09-23T07:00:00+02:00,2025-09-22T23:00:00+02:00,168,8,M1_GBT_CAL_WEATHER,1.6130836596656797,3.192777361,4.509140465700005,False,3.448348806234999,0.47033276735000007,1.1578827188999998,2.70644932675,3.6484346555,4.2789926185,5.147696239899999,5.656459278,7.2758352330000005,0.205,41,0.018867924528301886,7,MORNING,False,False
2025-09-23T08:00:00+02:00,2025-09-22T23:00:00+02:00,168,9,M1_GBT_CAL_WEATHER,1.6130836596656797,1.928517412,4.509140465700005,False,3.2798523334799983,0.6327043051000001,0.9595625238,2.59694754025,3.4618208575000002,4.30436329875,5.028867652299999,5.640539657099999,6.709913035,0.195,39,0.018867924528301886,8,MORNING,False,False
2025-09-23T09:00:00+02:00,2025-09-22T23:00:00+02:00,168,10,M1_GBT_CAL_WEATHER,1.748918927584841,1.927681659,4.509140465700005,False,2.13773924944,0.1773847095,0.24713764500000002,0.9823725427499999,1.2554799460000001,3.5131584250000003,4.508704949499999,4.935269911199999,11.694771730000001,0.1,20,0.018867924528301886,9,DAYTIME,False,False
2025-09-23T10:00:00+02:00,2025-09-22T23:00:00+02:00,168,11,M1_GBT_CAL_WEATHER,1.748918927584841,2.66489275,4.509140465700005,False,2.0603290396050005,0.19406517395,0.40462675220000016,0.87988718525,1.129373111,3.3187755,4.7090015943,5.7480244140000005,10.467995927999999,0.11,22,0.03773584905660377,10,DAYTIME,False,False
2025-09-23T11:00:00+02:00,2025-09-22T23:00:00+02:00,168,12,M1_GBT_CAL_WEATHER,1.748918927584841,1.078526139,4.509140465700005,False,2.50035083811,0.2083952865,0.32525410440000013,0.849934135,1.3052987950000001,3.9861292505000003,5.0768905338999994,6.252691634999985,11.446176537000001,0.18,36,0.05660377358490566,11,DAYTIME,False,False
2025-09-23T12:00:00+02:00,2025-09-22T23:00:00+02:00,168,13,M1_GBT_CAL_WEATHER,1.748918927584841,3.0238558,4.509140465700005,False,2.3378535541149996,0.16794084439999998,0.1833497889,0.756573857,1.382508704,3.76870492725,4.8807403184,6.093346108799992,10.935757437000001,0.13,26,0.05660377358490566,12,DAYTIME,False,False
2025-09-23T13:00:00+02:00,2025-09-22T23:00:00+02:00,168,14,M1_GBT_CAL_WEATHER,1.7832579306724834,1.299972148,4.509140465700005,False,1.3014486638850005,0.14285196044999998,0.1546229381,0.1930019885,0.8235225879999999,1.3172867895000002,3.5977530863999996,4.603310475449998,10.511820552,0.055,11,0.05660377358490566,13,DAYTIME,False,False
2025-09-23T14:00:00+02:00,2025-09-22T23:00:00+02:00,168,15,M1_GBT_CAL_WEATHER,1.8140850985013026,1.195888122,4.509140465700005,False,0.94425860134,0.13687379895,0.14224709259999999,0.17084590975000002,0.2192023585,1.09672320175,2.9180126757999996,4.272566931099997,7.564423430000001,0.04,8,0.03773584905660377,14,DAYTIME,False,False
2025-09-23T15:00:00+02:00,2025-09-22T23:00:00+02:00,168,16,M1_GBT_CAL_WEATHER,2.2632182536862486,1.073446337,4.509140465700005,False,0.8661925849399996,0.13622583319999998,0.14959204280000002,0.183302829,0.4458233215,0.9963986,2.4126781915,3.3237008613499985,10.590217682,0.015,3,0.03773584905660377,15,DAYTIME,False,False
2025-09-23T16:00:00+02:00,2025-09-22T23:00:00+02:00,168,17,M1_GBT_CAL_WEATHER,3.109047488307193,1.072610585,4.509140465700005,False,1.6866348068699994,0.1559481516,0.1733421292,0.39153613125,0.962046282,2.70692838875,4.081659029199999,4.779102637099998,13.410733849,0.07,14,0.07547169811320754,16,RETURN_RAMP,False,False
2025-09-23T17:00:00+02:00,2025-09-22T23:00:00+02:00,168,18,M1_GBT_CAL_WEATHER,4.683442339071477,2.799413463,4.509140465700005,False,3.8679349591999994,0.2836793762,0.4771266301,0.9799885595,2.129608984,6.2069223495,9.293407200499999,11.8593615449,16.039344805,0.32,64,0.24528301886792453,17,RETURN_RAMP,True,False
2025-09-23T18:00:00+02:00,2025-09-22T23:00:00+02:00,168,19,M1_GBT_CAL_WEATHER,6.692607443062861,2.613240156,4.509140465700005,False,5.871534541744996,0.26210671290000004,0.7944306980000001,2.3093605565,4.4865322435,9.24517165725,12.3869431009,13.80209793439997,19.072975056,0.5,100,0.4339622641509434,18,RETURN_RAMP,True,True
2025-09-23T19:00:00+02:00,2025-09-22T23:00:00+02:00,168,20,M1_GBT_CAL_WEATHER,5.4572085459906114,0.274314173,4.509140465700005,False,6.670982254059996,0.18875219940000001,0.38784443720000006,3.14404070275,5.731880317,10.434104932,13.068834491199999,16.706832505149993,21.055326892,0.6,120,0.49056603773584906,19,EVENING,True,True
2025-09-23T20:00:00+02:00,2025-09-22T23:00:00+02:00,168,21,M1_GBT_CAL_WEATHER,5.254197662413478,4.349432991,4.509140465700005,False,5.678246811725002,0.20100038560000003,0.30694144410000007,2.2977916815,4.522175385000001,8.99115459575,11.3789028894,13.529274330949997,19.651755396000002,0.5,100,0.3584905660377358,20,EVENING,True,True
2025-09-23T21:00:00+02:00,2025-09-22T23:00:00+02:00,168,22,M1_GBT_CAL_WEATHER,2.8529747478191987,9.06390163,4.509140465700005,True,4.69447764998,0.29628194739999997,0.5142097014,2.49337747625,3.867176432,5.8525756939999996,10.564663691,11.974352590699993,19.118828264999998,0.35,70,0.24528301886792453,21,EVENING,True,False
2025-09-23T22:00:00+02:00,2025-09-22T23:00:00+02:00,168,23,M1_GBT_CAL_WEATHER,2.3250662151170793,5.508587503,4.509140465700005,True,3.4420248717449984,0.2973988255,0.4211773265,1.1858270075,3.143792842,4.06598560975,7.456560547699999,10.692099574999999,17.121893028000002,0.165,33,0.1509433962264151,22,EVENING,False,False
2025-09-23T23:00:00+02:00,2025-09-22T23:00:00+02:00,168,24,M1_GBT_CAL_WEATHER,1.8140850985013026,0.601501498,4.509140465700005,False,2.5836811466249996,0.29907350585000003,0.4117374095,0.58816682325,2.7383191594999996,3.72082941175,4.390217375999999,5.239765261049996,13.127350558000002,0.085,17,0.07547169811320754,23,NIGHT,False,False
2025-09-24T00:00:00+02:00,2025-09-22T23:00:00+02:00,168,25,M1_GBT_CAL_WEATHER,1.748918927584841,0.602862627,4.509140465700005,False,2.2698343416799993,0.30018380495,0.3383312409,0.51781606225,2.374429193,3.5867455489999998,4.0886712755,4.40754375395,18.378463006,0.04,8,0,0,NIGHT,False,False
2025-09-24T01:00:00+02:00,2025-09-22T23:00:00+02:00,168,26,M1_GBT_CAL_WEATHER,1.748918927584841,2.331552008,4.509140465700005,False,2.7443243388349994,0.33336527245,0.4324573036,2.03877719575,2.9522256215000002,3.65806035425,4.0903096206,4.283546124199999,18.975868606,0.02,4,0,1,NIGHT,False,False
2025-09-24T02:00:00+02:00,2025-09-22T23:00:00+02:00,168,27,M1_GBT_CAL_WEATHER,1.748918927584841,2.332820379,4.509140465700005,False,3.0447741146550014,0.4490083678500001,0.6359478271,2.3995463037499998,3.1761114125,3.72593170475,4.1381422607,4.3368497148,16.253455933999998,0.025,5,0,2,NIGHT,False,False
2025-09-24T03:00:00+02:00,2025-09-22T23:00:00+02:00,168,28,M1_GBT_CAL_WEATHER,1.748918927584841,2.333909553,4.509140465700005,False,2.803559680879998,0.33797337005,0.4538926495,2.27335759175,3.004305595,3.72717896675,4.1698461379000005,4.3785995838,9.915368415000001,0.03,6,0,3,NIGHT,False,False
2025-09-24T04:00:00+02:00,2025-09-22T23:00:00+02:00,168,29,M1_GBT_CAL_WEATHER,1.748918927584841,2.334745306,4.509140465700005,False,2.76477053898,0.31953208000000005,0.4183099196,2.21045557125,3.0671740925,3.7004205055,4.1567411841,4.33936328265,13.844814184,0.025,5,0,4,NIGHT,False,False
2025-09-24T05:00:00+02:00,2025-09-22T23:00:00+02:00,168,30,M1_GBT_CAL_WEATHER,1.748918927584841,2.335270682,4.509140465700005,False,3.0116898813349993,0.46186318005,1.9784929629,2.40756997275,3.1937978725,3.8199951095,4.1691344236,4.340049317849999,5.024214352,0.025,5,0,5,NIGHT,False,False
2025-09-24T06:00:00+02:00,2025-09-22T23:00:00+02:00,168,31,M1_GBT_CAL_WEATHER,1.748918927584841,2.335449878,4.509140465700005,False,3.361672987609999,1.9816540962500002,2.2762499178000004,2.7815574185,3.3783489585,3.966672753,4.3848454184,4.816489354749998,9.631806909,0.085,17,0,6,NIGHT,False,False
2025-09-24T07:00:00+02:00,2025-09-22T23:00:00+02:00,168,32,M1_GBT_CAL_WEATHER,1.748918927584841,2.335270682,4.509140465700005,False,3.8268462811999995,2.1854216870500003,2.3758761134,3.1449194892500003,3.8218615950000006,4.3836294442499995,5.0201411168,5.355686389449991,19.051980117,0.225,45,0.018867924528301886,7,MORNING,False,False
2025-09-24T08:00:00+02:00,2025-09-22T23:00:00+02:00,168,33,M1_GBT_CAL_WEATHER,1.748918927584841,1.928517412,4.509140465700005,False,3.8037496779799973,2.05175647845,2.4170967221,3.08053784,3.7386185325000003,4.418437501,5.3323770189,5.921250092199998,11.242892007,0.215,43,0.018867924528301886,8,MORNING,False,False
2025-09-24T09:00:00+02:00,2025-09-22T23:00:00+02:00,168,34,M1_GBT_CAL_WEATHER,1.748918927584841,0.595627285,4.509140465700005,False,1.9364883843950014,0.16894153075,0.2143331685,0.8897884429999999,1.1996077365,3.2139776692499997,4.3438503426,4.897852332449999,8.402496402,0.08,16,0.018867924528301886,9,DAYTIME,False,False
2025-09-24T10:00:00+02:00,2025-09-22T23:00:00+02:00,168,35,M1_GBT_CAL_WEATHER,1.748918927584841,2.807122764,4.509140465700005,False,2.793980887749999,0.19607084389999999,0.8080375646,1.07305882375,2.9661341625,4.2258202115,4.9571513616,5.528650682949992,8.401397509,0.17,34,0.03773584905660377,10,DAYTIME,False,False
2025-09-24T11:00:00+02:00,2025-09-22T23:00:00+02:00,168,36,M1_GBT_CAL_WEATHER,1.748918927584841,2.805854393,4.509140465700005,False,3.610754616450001,0.6963097860500002,1.2154492984,2.7799421974999996,3.5850222885000003,4.4858202480000005,5.1618788968,6.378090135999998,8.314993073,0.245,49,0.05660377358490566,11,DAYTIME,False,False
2025-09-24T12:00:00+02:00,2025-09-22T23:00:00+02:00,168,37,M1_GBT_CAL_WEATHER,1.748918927584841,1.077165011,4.509140465700005,False,2.624299743315001,0.16029640820000002,0.20274834590000002,0.943254381,2.6842758985,3.97944873725,4.831329698899999,6.018731604549998,8.201401792,0.155,31,0.05660377358490566,12,DAYTIME,False,False
2025-09-24T13:00:00+02:00,2025-09-22T23:00:00+02:00,168,38,M1_GBT_CAL_WEATHER,1.7832579306724834,1.075803882,4.509140465700005,False,1.2240016338249993,0.1412301831,0.15213953970000002,0.19288339625,0.874281907,1.2896811129999999,3.5720480193,4.2534427375499995,8.157561600000001,0.025,5,0.05660377358490566,13,DAYTIME,False,False
2025-09-24T14:00:00+02:00,2025-09-22T23:00:00+02:00,168,39,M1_GBT_CAL_WEATHER,1.8140850985013026,1.074535512,4.509140465700005,False,1.2523854234850003,0.13470907955,0.1414765639,0.17655144275,0.507707006,1.2666526329999999,3.6406765455,4.231687321999998,19.419226340999998,0.04,8,0.03773584905660377,14,DAYTIME,False,False
2025-09-24T15:00:00+02:00,2025-09-22T23:00:00+02:00,168,40,M1_GBT_CAL_WEATHER,2.2632182536862486,1.073446337,4.509140465700005,False,0.9728833842450006,0.13345348480000002,0.1401669118,0.167315193,0.3753352195,1.084317376,2.333739950899999,3.6784075847499995,16.384291158,0.025,5,0.03773584905660377,15,DAYTIME,False,False
2025-09-24T16:00:00+02:00,2025-09-22T23:00:00+02:00,168,41,M1_GBT_CAL_WEATHER,3.109047488307193,1.005679527,4.509140465700005,False,1.3488208898600005,0.1384577303,0.15430170999999998,0.20348081725,0.857936767,1.3182273162500002,3.3924418520999997,4.814180784199997,8.444822607,0.06,12,0.07547169811320754,16,RETURN_RAMP,False,False
2025-09-24T17:00:00+02:00,2025-09-22T23:00:00+02:00,168,42,M1_GBT_CAL_WEATHER,5.184411216412185,10.73815316,4.509140465700005,True,3.1956646395050012,0.2220330312,0.3936559155,0.88534621975,1.3430944040000001,4.88124071525,7.9430877054,9.583831535899998,14.021868694,0.275,55,0.24528301886792453,17,RETURN_RAMP,False,False
2025-09-24T18:00:00+02:00,2025-09-22T23:00:00+02:00,168,43,M1_GBT_CAL_WEATHER,6.692607443062861,11.606227355,4.509140465700005,True,5.68476697672,0.2035643544,0.6867673301000001,1.32959454575,4.352574645000001,8.48639783575,11.9225478694,14.625933745649995,18.365096776999998,0.495,99,0.4339622641509434,18,RETURN_RAMP,True,True
2025-09-24T19:00:00+02:00,2025-09-22T23:00:00+02:00,168,44,M1_GBT_CAL_WEATHER,6.692607443062861,0.765503668,4.509140465700005,False,6.140924838475002,0.203713263,0.4107281888000001,1.902214765,6.187371917,9.025710652,12.421667991499994,15.01779750219999,19.248929448,0.565,113,0.49056603773584906,19,EVENING,True,True
2025-09-24T20:00:00+02:00,2025-09-22T23:00:00+02:00,168,45,M1_GBT_CAL_WEATHER,5.254197662413478,0.61398082,4.509140465700005,False,4.856511057694999,0.1926135039,0.2558011637,1.2438168485,3.6400310605,7.753972748250001,10.3471480832,11.83254061484998,22.655276997999998,0.41,82,0.3584905660377358,20,EVENING,True,True
2025-09-24T21:00:00+02:00,2025-09-22T23:00:00+02:00,168,46,M1_GBT_CAL_WEATHER,3.2406818957393178,1.148476954,4.509140465700005,False,3.9149361975850008,0.29628194739999997,0.5380228314,0.89436644175,3.252746319,5.46651399775,9.573484301999997,10.992521505649997,18.495570831,0.31,62,0.24528301886792453,21,EVENING,False,False
2025-09-24T22:00:00+02:00,2025-09-22T23:00:00+02:00,168,47,M1_GBT_CAL_WEATHER,2.3250662151170793,2.350731492,4.509140465700005,False,3.3880397090899987,0.2975716343,0.4268160095,0.8246089065,3.113872896,4.17182034075,8.0076099392,10.193295142499998,13.167288376,0.175,35,0.1509433962264151,22,EVENING,False,False
2025-09-24T23:00:00+02:00,2025-09-22T23:00:00+02:00,168,48,M1_GBT_CAL_WEATHER,1.8140850985013026,2.328829751,4.509140465700005,False,2.715886040255,0.29411588904999997,0.353623207,0.9450432900000001,2.9450579484999997,3.85654493,4.2980295619,4.791036468699997,10.921081813999999,0.08,16,0.07547169811320754,23,NIGHT,False,False
2025-09-25T00:00:00+02:00,2025-09-22T23:00:00+02:00,168,49,M1_GBT_CAL_WEATHER,1.748918927584841,0.602862627,4.509140465700005,False,1.881899680040001,0.2957781746,0.3332252652,0.48152259775,2.041970172,3.198472611,3.9029480774999996,4.167703194399999,6.456144495,0.025,5,0,0,NIGHT,False,False
2025-09-25T01:00:00+02:00,2025-09-22T23:00:00+02:00,168,50,M1_GBT_CAL_WEATHER,1.748918927584841,0.604223755,4.509140465700005,False,1.7740169851250007,0.30415284075,0.34590259289999997,0.46615068049999997,0.6624944735,3.18998625675,3.8970688836,4.1371648734,4.628863189,0.005,1,0,1,NIGHT,False,False
2025-09-25T02:00:00+02:00,2025-09-22T23:00:00+02:00,168,51,M1_GBT_CAL_WEATHER,1.748918927584841,2.332820379,4.509140465700005,False,2.409119808395,0.31057261430000005,0.3949810899,0.6158921265,2.7150721675000002,3.610681046,4.053949064299999,4.213080048899999,7.041188251,0.02,4,0,2,NIGHT,False,False
2025-09-25T03:00:00+02:00,2025-09-22T23:00:00+02:00,168,52,M1_GBT_CAL_WEATHER,1.748918927584841,2.333909553,4.509140465700005,False,2.3821287603949997,0.30164348259999996,0.3450097147,0.62669992275,2.690299521,3.58455787375,3.9948056140999997,4.17021926445,4.617634937,0.015,3,0,3,NIGHT,False,False
2025-09-25T04:00:00+02:00,2025-09-22T23:00:00+02:00,168,53,M1_GBT_CAL_WEATHER,1.748918927584841,2.334745306,4.509140465700005,False,2.0460935071299993,0.30488043845,0.3551858009,0.4905084735,2.3213731109999998,3.35640478825,4.0340610731,4.2325755025,4.618778696,0.005,1,0,4,NIGHT,False,False
2025-09-25T05:00:00+02:00,2025-09-22T23:00:00+02:00,168,54,M1_GBT_CAL_WEATHER,1.748918927584841,0.607942429,4.509140465700005,False,1.9772010953899994,0.3203093937,0.3714412141,0.4876189245,2.184664918,3.35434923975,3.9892141128,4.216322881499999,4.633674485,0.015,3,0,5,NIGHT,False,False
2025-09-25T06:00:00+02:00,2025-09-22T23:00:00+02:00,168,55,M1_GBT_CAL_WEATHER,1.6130836596656797,2.335449878,4.509140465700005,False,2.8447047480999994,0.38876699470000003,0.5526936378,2.23246796125,3.158845568,3.841924272,4.2342972719,4.4486885496,9.292971549999999,0.04,8,0,6,NIGHT,False,False
2025-09-25T07:00:00+02:00,2025-09-22T23:00:00+02:00,168,56,M1_GBT_CAL_WEATHER,1.6130836596656797,2.335270682,4.509140465700005,False,3.6810367815399974,1.0949457713500002,2.290777044,2.93892211125,3.679648928,4.2862428032499995,5.0601742889,5.62991610765,16.059150922,0.185,37,0.018867924528301886,7,MORNING,False,False
2025-09-25T08:00:00+02:00,2025-09-22T23:00:00+02:00,168,57,M1_GBT_CAL_WEATHER,1.6130836596656797,2.773187734,4.509140465700005,False,3.52056388948,0.85939888345,2.0536885089999997,2.72913183775,3.5377145939999997,4.2058057057500005,4.8849886176,5.466700516249992,13.113664207000001,0.14,28,0.018867924528301886,8,MORNING,False,False
2025-09-25T09:00:00+02:00,2025-09-22T23:00:00+02:00,168,58,M1_GBT_CAL_WEATHER,1.748918927584841,1.080883684,4.509140465700005,False,1.8314823516800007,0.18373596420000002,0.2143552686,0.8596519575000001,1.166820747,2.57566667725,4.390804684399999,4.91750304505,11.456222069,0.085,17,0.018867924528301886,9,DAYTIME,False,False
2025-09-25T10:00:00+02:00,2025-09-22T23:00:00+02:00,168,59,M1_GBT_CAL_WEATHER,1.748918927584841,1.07979451,4.509140465700005,False,2.016313911765001,0.1829835991,0.24655215790000004,0.8572047887500001,1.1830810475,3.0914414934999996,4.4811698951,5.897877582599998,11.591746756000001,0.095,19,0.03773584905660377,10,DAYTIME,False,False
2025-09-25T11:00:00+02:00,2025-09-22T23:00:00+02:00,168,60,M1_GBT_CAL_WEATHER,1.748918927584841,0.850637521,4.509140465700005,False,2.281689889125,0.18349031349999997,0.40316649710000013,0.8942238835,1.249597643,3.75250833425,4.7829241812,5.683643179199998,12.044705344999999,0.125,25,0.05660377358490566,11,DAYTIME,False,False
2025-09-25T12:00:00+02:00,2025-09-22T23:00:00+02:00,168,61,M1_GBT_CAL_WEATHER,1.748918927584841,0.196634733,4.509140465700005,False,2.048294147515,0.1605071813,0.1957908721,0.80900406225,1.2318924459999998,3.4338084254999997,4.5363262815,5.065100541649999,12.283092829000001,0.11,22,0.05660377358490566,12,DAYTIME,False,False
2025-09-25T13:00:00+02:00,2025-09-22T23:00:00+02:00,168,62,M1_GBT_CAL_WEATHER,1.7832579306724834,0.195273604,4.509140465700005,False,1.5470277434899997,0.13857882370000002,0.1585414368,0.207194671,1.050673776,2.07823060075,3.7400903627,4.4544238180999995,10.794155946,0.045,9,0.05660377358490566,13,DAYTIME,False,False
2025-09-25T14:00:00+02:00,2025-09-22T23:00:00+02:00,168,63,M1_GBT_CAL_WEATHER,1.8140850985013026,1.921333487,4.509140465700005,False,1.398248387369999,0.1328422494,0.1459606575,0.17648541975,0.7916743129999999,1.73697343125,4.111029847,4.782742463649997,14.776546478,0.065,13,0.03773584905660377,14,DAYTIME,False,False
2025-09-25T15:00:00+02:00,2025-09-22T23:00:00+02:00,168,64,M1_GBT_CAL_WEATHER,2.2632182536862486,0.192916059,4.509140465700005,False,1.2042427533399995,0.13579491385,0.1514944454,0.19244382324999998,0.8064554885,1.2886340942499999,3.737348139399999,4.533272740199999,7.868721304,0.06,12,0.03773584905660377,15,DAYTIME,False,False
2025-09-25T16:00:00+02:00,2025-09-22T23:00:00+02:00,168,65,M1_GBT_CAL_WEATHER,2.783188301817905,0.604433977,4.509140465700005,False,2.0159821514649994,0.14879939125,0.1708440712,0.7431207315,1.1590962635,3.36001600275,4.4648707439,5.703968071299995,9.164563819000001,0.09,18,0.07547169811320754,16,RETURN_RAMP,False,False
2025-09-25T17:00:00+02:00,2025-09-22T23:00:00+02:00,168,66,M1_GBT_CAL_WEATHER,5.184411216412185,1.072085209,4.509140465700005,False,4.221761494205001,0.3521876585500001,0.6181512364,1.1011638744999999,3.4325313619999998,5.925113939,10.457170034299999,11.994493353849993,18.876006147000002,0.315,63,0.24528301886792453,17,RETURN_RAMP,False,False
2025-09-25T18:00:00+02:00,2025-09-22T23:00:00+02:00,168,67,M1_GBT_CAL_WEATHER,6.692607443062861,5.404877807,4.509140465700005,True,5.794005813179996,0.2007956645,0.7436560921,2.64965337625,4.6251520495000005,8.559570105,11.4538468274,14.364845950699992,19.107797994000002,0.51,102,0.4339622641509434,18,RETURN_RAMP,True,True
2025-09-25T19:00:00+02:00,2025-09-22T23:00:00+02:00,168,68,M1_GBT_CAL_WEATHER,6.692607443062861,11.255165035,4.509140465700005,True,6.114840057295001,0.2059433831,0.41640333540000013,2.7289085157499997,5.0702605625,8.8784529755,12.3315017765,13.833059851949997,21.680823134,0.575,115,0.49056603773584906,19,EVENING,True,True
2025-09-25T20:00:00+02:00,2025-09-22T23:00:00+02:00,168,69,M1_GBT_CAL_WEATHER,5.254197662413478,7.643062954,4.509140465700005,True,4.867488451610002,0.17223005375,0.2226760346,0.8935150989999999,3.7438156499999997,7.9371744585,11.063832673499999,12.8148529697,17.455192999,0.44,88,0.3584905660377358,20,EVENING,True,True
2025-09-25T21:00:00+02:00,2025-09-22T23:00:00+02:00,168,70,M1_GBT_CAL_WEATHER,2.7854246689868303,8.015377815,4.509140465700005,True,3.685923021410001,0.30858442505,0.47044828240000003,0.77085117275,2.5809046095,5.0802021555,9.6967012658,11.321236315199995,14.614603409999999,0.3,60,0.24528301886792453,21,EVENING,False,False
2025-09-25T22:00:00+02:00,2025-09-22T23:00:00+02:00,168,71,M1_GBT_CAL_WEATHER,2.3250662151170793,5.119602718,4.509140465700005,True,2.651340707550001,0.27879128945000003,0.3861854858,0.58687903825,1.5885141214999998,3.83876108525,6.557274218699998,8.427305437199998,11.951598883,0.14,28,0.1509433962264151,22,EVENING,False,False
2025-09-25T23:00:00+02:00,2025-09-22T23:00:00+02:00,168,72,M1_GBT_CAL_WEATHER,1.8140850985013026,0.601501498,4.509140465700005,False,1.972822088730002,0.31476493680000006,0.3797871026,0.51294653,0.9952209245,3.26060267525,4.1636581096,4.653898399549998,11.970346137,0.075,15,0.07547169811320754,23,NIGHT,False,False
2025-09-26T00:00:00+02:00,2025-09-22T23:00:00+02:00,168,73,M1_GBT_CAL_WEATHER,1.748918927584841,2.33019088,4.509140465700005,False,2.0116884342100008,0.28227784365,0.3319768455,0.51507658375,2.1932124170000002,3.58094123225,4.0803003987,4.21847399455,5.741655488,0.02,4,0,0,NIGHT,False,False
2025-09-26T01:00:00+02:00,2025-09-22T23:00:00+02:00,168,74,M1_GBT_CAL_WEATHER,1.748918927584841,2.331552008,4.509140465700005,False,1.9769167853449998,0.29821303514999997,0.335023861,0.48378591325,2.2689557574999997,3.38825927425,3.9855119859999997,4.21140143605,4.628863189,0.005,1,0,1,NIGHT,False,False
2025-09-26T02:00:00+02:00,2025-09-22T23:00:00+02:00,168,75,M1_GBT_CAL_WEATHER,1.748918927584841,2.332820379,4.509140465700005,False,2.1148488598600004,0.3000808035,0.3451818995,0.49064666925,2.3431848935,3.443849149,4.0138645736,4.213080048899999,10.865285945999998,0.015,3,0,2,NIGHT,False,False
2025-09-26T03:00:00+02:00,2025-09-22T23:00:00+02:00,168,76,M1_GBT_CAL_WEATHER,1.748918927584841,0.6065813,4.509140465700005,False,2.067002579099999,0.3037388173,0.37420622610000004,0.5312314119999999,2.294644718,3.5088830655,4.0811631767,4.195249039499999,6.018311679,0.02,4,0,3,NIGHT,False,False
2025-09-26T04:00:00+02:00,2025-09-22T23:00:00+02:00,168,77,M1_GBT_CAL_WEATHER,1.748918927584841,0.607417053,4.509140465700005,False,2.2699936526249997,0.33831944295000005,0.3969274438,0.57347196325,2.455410464,3.492737519,3.9753533236,4.1729909023,16.298584175000002,0.015,3,0,4,NIGHT,False,False
2025-09-26T05:00:00+02:00,2025-09-22T23:00:00+02:00,168,78,M1_GBT_CAL_WEATHER,1.748918927584841,2.335270682,4.509140465700005,False,2.3404100429499994,0.3238057036,0.3696936024,0.53226707075,2.6578341744999996,3.59215809225,4.0568182537,4.340049317849999,9.777956781,0.02,4,0,5,NIGHT,False,False
2025-09-26T06:00:00+02:00,2025-09-22T23:00:00+02:00,168,79,M1_GBT_CAL_WEATHER,1.748918927584841,2.960049955,4.509140465700005,False,2.7477228439549997,0.3757161482,0.483489614,1.2163136842500002,3.0537357475,3.9759257759999995,4.3945420596,4.635639634999999,10.028362439,0.08,16,0,6,NIGHT,False,False
2025-09-26T07:00:00+02:00,2025-09-22T23:00:00+02:00,168,80,M1_GBT_CAL_WEATHER,1.748918927584841,4.097654154,4.509140465700005,False,3.4223650055749992,0.54170469905,0.9930196025,2.608502129,3.566564766,4.340220084749999,5.2529286795,5.4717119684,10.429095984,0.185,37,0.018867924528301886,7,MORNING,False,False
2025-09-26T08:00:00+02:00,2025-09-22T23:00:00+02:00,168,81,M1_GBT_CAL_WEATHER,1.748918927584841,2.949635872,4.509140465700005,False,2.9532403307400004,0.18818910795,0.2780456310000001,1.22394741425,3.1765816664999997,4.0687899945,4.825483557499999,5.6486807838999935,11.658262362999999,0.13,26,0.018867924528301886,8,MORNING,False,False
2025-09-26T09:00:00+02:00,2025-09-22T23:00:00+02:00,168,82,M1_GBT_CAL_WEATHER,1.748918927584841,2.808211938,4.509140465700005,False,1.56726121434,0.16828688895,0.1897904531,0.80171335525,1.102240327,1.3753903985,4.2580572137,4.887561906349999,7.761098121,0.07,14,0.018867924528301886,9,DAYTIME,False,False
2025-09-26T10:00:00+02:00,2025-09-22T23:00:00+02:00,168,83,M1_GBT_CAL_WEATHER,1.748918927584841,0.673031298,4.509140465700005,False,1.7040108254550004,0.19439849215,0.2758000102,0.8386319907500001,1.106533513,1.8497809845000002,4.3528724595,4.9576991461499995,7.107551615,0.09,18,0.03773584905660377,10,DAYTIME,False,False
2025-09-26T11:00:00+02:00,2025-09-22T23:00:00+02:00,168,84,M1_GBT_CAL_WEATHER,1.748918927584841,0.197995861,4.509140465700005,False,1.7090720977600002,0.1989275054,0.2267085415,0.8078446957500001,1.1049933264999998,2.53541116375,4.2735358303,4.6105332280499995,8.701427833,0.06,12,0.05660377358490566,11,DAYTIME,False,False
2025-09-26T12:00:00+02:00,2025-09-22T23:00:00+02:00,168,85,M1_GBT_CAL_WEATHER,1.748918927584841,0.196634733,4.509140465700005,False,1.2419148813149998,0.14888868705,0.17121728690000002,0.2339210165,0.9533316995000001,1.28813486725,3.520321231099999,4.545222542999999,6.060450428,0.055,11,0.05660377358490566,12,DAYTIME,False,False
2025-09-26T13:00:00+02:00,2025-09-22T23:00:00+02:00,168,86,M1_GBT_CAL_WEATHER,1.7832579306724834,0.195273604,4.509140465700005,False,1.0221621890150003,0.1387668324,0.15419339140000002,0.19370667675,0.797574518,1.19860559125,2.905538514099999,3.801206619549999,6.059035483,0.025,5,0.05660377358490566,13,DAYTIME,False,False
2025-09-26T14:00:00+02:00,2025-09-22T23:00:00+02:00,168,87,M1_GBT_CAL_WEATHER,1.8140850985013026,0.194005234,4.509140465700005,False,0.9246725279749998,0.13315941304999998,0.1421739645,0.17266491,0.21803117,1.09362539825,2.855899828899999,3.9563957718499987,10.69890499,0.035,7,0.03773584905660377,14,DAYTIME,False,False
2025-09-26T15:00:00+02:00,2025-09-22T23:00:00+02:00,168,88,M1_GBT_CAL_WEATHER,2.2632182536862486,0.29356567,4.509140465700005,False,0.8638499542049998,0.13345348480000002,0.1455336367,0.1868280135,0.7131562124999999,1.0748177305,1.3538765504999999,2.4051959363499935,17.385531584,0.01,2,0.03773584905660377,15,DAYTIME,False,False
2025-09-26T16:00:00+02:00,2025-09-22T23:00:00+02:00,168,89,M1_GBT_CAL_WEATHER,3.051233202943055,1.204898405,4.509140465700005,False,1.257699312585,0.15173484545000002,0.1640153491,0.36218758125,0.9925840180000001,1.24744348575,3.0688703279999996,4.73074614785,7.236187744,0.06,12,0.07547169811320754,16,RETURN_RAMP,False,False
2025-09-26T17:00:00+02:00,2025-09-22T23:00:00+02:00,168,90,M1_GBT_CAL_WEATHER,5.064748969617216,4.07438978,4.509140465700005,False,3.232563022375,0.20124856565,0.273111951,0.7717048125,1.245520457,5.9688250175,8.134889485799999,8.619728405550001,14.778362363,0.305,61,0.24528301886792453,17,RETURN_RAMP,False,False
2025-09-26T18:00:00+02:00,2025-09-22T23:00:00+02:00,168,91,M1_GBT_CAL_WEATHER,6.307457286789734,6.473537784,4.509140465700005,True,4.720646071159997,0.1828961834,0.20691753540000002,0.9460323312500001,2.9106322679999996,7.98994334925,11.221584848599997,13.541547519999986,19.413477816,0.44,88,0.4339622641509434,18,RETURN_RAMP,True,True
2025-09-26T19:00:00+02:00,2025-09-22T23:00:00+02:00,168,92,M1_GBT_CAL_WEATHER,6.307457286789734,1.082327575,4.509140465700005,False,5.024675135919996,0.18325518075,0.20713085450000002,0.9706754827499999,3.596965181,7.94289745575,11.2840281577,13.849985575099993,21.385044435,0.47,94,0.49056603773584906,19,EVENING,True,True
2025-09-26T20:00:00+02:00,2025-09-22T23:00:00+02:00,168,93,M1_GBT_CAL_WEATHER,5.19638337704934,1.329668887,4.509140465700005,False,3.7410771124000024,0.1779633018,0.2043565592,0.47549932775,2.0681043785,6.75520275575,9.115947081,11.492684185299998,15.756150187,0.345,69,0.3584905660377358,20,EVENING,True,False
2025-09-26T21:00:00+02:00,2025-09-22T23:00:00+02:00,168,94,M1_GBT_CAL_WEATHER,3.18286761037518,2.205448436,4.509140465700005,False,2.787771326770001,0.27011614065000006,0.36611363599999996,0.61109670175,1.1857504535,3.4743161112500003,8.0781822931,9.548041310899997,16.194103684,0.205,41,0.24528301886792453,21,EVENING,False,False
2025-09-26T22:00:00+02:00,2025-09-22T23:00:00+02:00,168,95,M1_GBT_CAL_WEATHER,2.3250662151170793,2.592530595,4.509140465700005,False,2.1708670281150004,0.27152256874999997,0.3408834981,0.5334721524999999,1.122444188,3.31197194825,4.501836457399998,6.861055610299993,13.96602515,0.1,20,0.1509433962264151,22,EVENING,False,False
2025-09-26T23:00:00+02:00,2025-09-22T23:00:00+02:00,168,96,M1_GBT_CAL_WEATHER,1.6782498305821414,2.941973674,4.509140465700005,False,2.2299386040550004,0.27356241195000003,0.3244673788,0.5305086827500001,2.277511633,3.6458292039999995,4.232968690799999,4.468836076049999,10.753751813,0.05,10,0.07547169811320754,23,NIGHT,False,False
2025-09-27T00:00:00+02:00,2025-09-22T23:00:00+02:00,168,97,M1_GBT_CAL_WEATHER,1.6130836596656797,0.723471412,4.509140465700005,False,1.8935476286200006,0.26434854235,0.31994505349999997,0.486103484,2.162656512,3.2150012202500005,3.9009290109999997,4.193245123899999,4.975283516,0.025,5,0,0,NIGHT,False,False
2025-09-27T01:00:00+02:00,2025-09-22T23:00:00+02:00,168,98,M1_GBT_CAL_WEATHER,1.6130836596656797,2.331552008,4.509140465700005,False,2.1229463380299993,0.27667558585,0.3333982646,0.4820820675,2.413221809,3.3801126439999996,3.9714779526,4.19181683535,4.628863189,0.02,4,0,1,NIGHT,False,False
2025-09-27T02:00:00+02:00,2025-09-22T23:00:00+02:00,168,99,M1_GBT_CAL_WEATHER,1.748918927584841,2.332820379,4.509140465700005,False,2.4964708176599997,0.28068371795,0.3361078252,0.64510893,2.8109117445,3.6597528165,4.056874500999999,4.253249380049999,4.630504233,0.01,2,0,2,NIGHT,False,False
2025-09-27T03:00:00+02:00,2025-09-22T23:00:00+02:00,168,100,M1_GBT_CAL_WEATHER,1.748918927584841,2.333909553,4.509140465700005,False,2.361938573079999,0.29642671665000003,0.36700703250000005,0.56931596475,2.7163256345000004,3.641204361,4.0811631767,4.2317130441,4.631913428,0.01,2,0,3,NIGHT,False,False
2025-09-27T04:00:00+02:00,2025-09-22T23:00:00+02:00,168,101,M1_GBT_CAL_WEATHER,1.748918927584841,0.607417053,4.509140465700005,False,2.477874898050001,0.30551991915,0.4186295798,0.614467123,2.710550412,3.63423699475,4.082144918699999,4.2723501629,16.599785103000002,0.025,5,0,4,NIGHT,False,False
2025-09-27T05:00:00+02:00,2025-09-22T23:00:00+02:00,168,102,M1_GBT_CAL_WEATHER,1.748918927584841,2.335270682,4.509140465700005,False,2.2698466928499994,0.3059914992,0.3851362085,0.5977478654999999,2.5877642145,3.489394513,3.9759737266999995,4.174741040049999,6.647848451,0.025,5,0,5,NIGHT,False,False
2025-09-27T06:00:00+02:00,2025-09-22T23:00:00+02:00,168,103,M1_GBT_CAL_WEATHER,1.748918927584841,2.408735934,4.509140465700005,False,2.2676263735750006,0.30569865775,0.34552815929999997,0.5316731530000001,2.6355708995,3.7165303765,4.2342972719,4.5097732398499994,5.440562749,0.05,10,0,6,NIGHT,False,False
2025-09-27T07:00:00+02:00,2025-09-22T23:00:00+02:00,168,104,M1_GBT_CAL_WEATHER,1.748918927584841,3.215800961,4.509140465700005,False,3.024346561625001,0.38607743005,0.5686730862,1.57176666325,3.4026862154999997,4.20001231575,4.8428281235999995,5.26699009425,8.023328337,0.19,38,0.018867924528301886,7,MORNING,False,False
2025-09-27T08:00:00+02:00,2025-09-22T23:00:00+02:00,168,105,M1_GBT_CAL_WEATHER,1.748918927584841,1.081719437,4.509140465700005,False,2.754127962555001,0.1740882614,0.2898835903000001,1.03630288075,2.957209133,3.9097134995,4.8903204737,5.759168877849996,10.370301544999998,0.14,28,0.018867924528301886,8,MORNING,False,False
2025-09-27T09:00:00+02:00,2025-09-22T23:00:00+02:00,168,106,M1_GBT_CAL_WEATHER,1.748918927584841,2.808211938,4.509140465700005,False,3.4188007146350032,0.5949667172500004,0.8877949193,1.2344593364999998,3.4299619865,4.5061222215,6.2849116329,8.186177033249997,16.043012180999998,0.25,50,0.018867924528301886,9,DAYTIME,False,False
2025-09-27T10:00:00+02:00,2025-09-22T23:00:00+02:00,168,107,M1_GBT_CAL_WEATHER,1.748918927584841,2.807122764,4.509140465700005,False,3.014994299795001,0.40863967405,0.7913892736,1.09272812125,2.7030574219999997,4.1953311995,5.834792714800001,7.9261547197999995,18.962093551000002,0.21,42,0.03773584905660377,10,DAYTIME,False,False
2025-09-27T11:00:00+02:00,2025-09-22T23:00:00+02:00,168,108,M1_GBT_CAL_WEATHER,1.748918927584841,2.930626569,4.509140465700005,False,2.2661216103450013,0.2138875148,0.3893883849,0.89091782075,1.2985957705,3.4475025185,5.039816543899999,5.8472021876,10.097470066,0.145,29,0.05660377358490566,11,DAYTIME,False,False
2025-09-27T12:00:00+02:00,2025-09-22T23:00:00+02:00,168,109,M1_GBT_CAL_WEATHER,1.748918927584841,4.900277824,4.509140465700005,True,1.8097712300599988,0.1647366669,0.19903232080000002,0.5182801244999999,1.1141647975,2.7890826085000002,4.533381504499999,5.321432953799999,8.20988643,0.115,23,0.05660377358490566,12,DAYTIME,False,False
2025-09-27T13:00:00+02:00,2025-09-22T23:00:00+02:00,168,110,M1_GBT_CAL_WEATHER,1.7832579306724834,4.575138491,4.509140465700005,True,1.4754411866050001,0.1464871008,0.1634772142,0.2083812555,0.914506291,2.27533777975,4.025250792799998,4.8283548491,6.292560935,0.07,14,0.05660377358490566,13,DAYTIME,False,False
2025-09-27T14:00:00+02:00,2025-09-22T23:00:00+02:00,168,111,M1_GBT_CAL_WEATHER,1.8140850985013026,1.166214855,4.509140465700005,False,1.22741116456,0.1375540127,0.1468428071,0.17935286099999997,0.399465292,1.346718151,3.8436527279999995,4.855631266099999,7.621466869000001,0.065,13,0.03773584905660377,14,DAYTIME,False,False
2025-09-27T15:00:00+02:00,2025-09-22T23:00:00+02:00,168,112,M1_GBT_CAL_WEATHER,2.3250662151170793,0.892921714,4.509140465700005,False,1.1856906210199996,0.13608061695,0.1569425286,0.19613826475,0.7808713245,1.254054442,3.3087199582999993,4.501138696499997,9.228033852,0.05,10,0.03773584905660377,15,DAYTIME,False,False
2025-09-27T16:00:00+02:00,2025-09-22T23:00:00+02:00,168,113,M1_GBT_CAL_WEATHER,3.113081164373886,1.072610585,4.509140465700005,False,1.53442421773,0.14117834425,0.1638157386,0.38162254775,0.9797109234999999,1.3252567229999999,3.9435282107999994,6.269741215549998,10.4086298,0.08,16,0.07547169811320754,16,RETURN_RAMP,False,False
2025-09-27T17:00:00+02:00,2025-09-22T23:00:00+02:00,168,114,M1_GBT_CAL_WEATHER,5.126596931048047,1.072085209,4.509140465700005,False,2.10656353937,0.251763313,0.4009820195000001,0.82752346275,1.066468507,1.91351891175,6.270962421599999,8.257479386199996,10.926962285,0.15,30,0.24528301886792453,17,RETURN_RAMP,False,False
2025-09-27T18:00:00+02:00,2025-09-22T23:00:00+02:00,168,115,M1_GBT_CAL_WEATHER,6.307457286789734,4.041729453,4.509140465700005,False,2.55667101401,0.16115493400000003,0.24754428660000005,0.8941018375,1.2466661074999998,2.89671620225,8.014943860699999,8.470329655549998,16.396076644,0.195,39,0.4339622641509434,18,RETURN_RAMP,False,True
2025-09-27T19:00:00+02:00,2025-09-22T23:00:00+02:00,168,116,M1_GBT_CAL_WEATHER,6.307457286789734,11.129941916,4.509140465700005,True,3.1530208475899997,0.1629447803,0.2070223435,0.8860944115,1.8932080105,4.670884022,8.042814513299998,9.321664467999996,17.840476188,0.26,52,0.49056603773584906,19,EVENING,False,True
2025-09-27T20:00:00+02:00,2025-09-22T23:00:00+02:00,168,117,M1_GBT_CAL_WEATHER,4.561627019080189,7.625329806,4.509140465700005,True,3.53055336907,0.1654819592,0.21741026490000004,0.5628123535,2.330439845,5.02604285,8.590712842599997,11.160532691199997,23.185867692,0.28,56,0.3584905660377358,20,EVENING,False,False
2025-09-27T21:00:00+02:00,2025-09-22T23:00:00+02:00,168,118,M1_GBT_CAL_WEATHER,2.795160462455061,8.223312219,4.509140465700005,True,3.3032627969550004,0.32594283205,0.4210206114,0.6485717292500001,1.3278302095,5.111181542000001,8.467280748799999,10.316216874899995,16.491124602,0.285,57,0.24528301886792453,21,EVENING,False,False
2025-09-27T22:00:00+02:00,2025-09-22T23:00:00+02:00,168,119,M1_GBT_CAL_WEATHER,2.3250662151170793,8.209827031,4.509140465700005,True,2.1488080033000005,0.29592868899999997,0.3759709597,0.546684203,0.761225592,1.1838875457500002,7.7283612363,8.3189875923,16.726417024,0.175,35,0.1509433962264151,22,EVENING,False,False
2025-09-27T23:00:00+02:00,2025-09-22T23:00:00+02:00,168,120,M1_GBT_CAL_WEATHER,1.8140850985013026,2.417273432,4.509140465700005,False,1.1942165956600008,0.28531310505,0.3325400558,0.44452818325,0.5927538219999999,0.8144372995,1.8600961920999997,7.160034881349989,10.182137477,0.075,15,0.07547169811320754,23,NIGHT,False,False
2025-09-28T00:00:00+02:00,2025-09-22T23:00:00+02:00,168,121,M1_GBT_CAL_WEATHER,1.748918927584841,0.602862627,4.509140465700005,False,0.7628836967149994,0.28360582205,0.3136771826,0.39223731875,0.514508327,0.6330475952500001,0.8395650387999998,2.8313710995999943,7.831028564,0.01,2,0,0,NIGHT,False,False
2025-09-28T01:00:00+02:00,2025-09-22T23:00:00+02:00,168,122,M1_GBT_CAL_WEATHER,1.6130836596656797,0.604223755,4.509140465700005,False,0.6400162812150001,0.27905530144999996,0.3105810075,0.3880942395,0.484883253,0.59690031,0.6689376507,2.0491639629999976,9.252874402000002,0.005,1,0,1,NIGHT,False,False
2025-09-28T02:00:00+02:00,2025-09-22T23:00:00+02:00,168,123,M1_GBT_CAL_WEATHER,1.6130836596656797,0.605492126,4.509140465700005,False,0.608471430345,0.28057237335,0.3122679786,0.38332549875,0.48529507650000003,0.6004835842499999,0.6704057333,0.7913346972499716,4.166172994,0.0,0,0,2,NIGHT,False,False
2025-09-28T03:00:00+02:00,2025-09-22T23:00:00+02:00,168,124,M1_GBT_CAL_WEATHER,1.748918927584841,0.6065813,4.509140465700005,False,0.6361971757099998,0.2818751129,0.31371661380000004,0.3850867575,0.48553978600000003,0.600310429,0.6716664048000001,0.8052910064999673,4.525369523,0.005,1,0,3,NIGHT,False,False
2025-09-28T04:00:00+02:00,2025-09-22T23:00:00+02:00,168,125,M1_GBT_CAL_WEATHER,1.748918927584841,0.607417053,4.509140465700005,False,0.5329258875700001,0.289671095,0.3171875749,0.386015662,0.4865115085,0.59645940725,0.6563414593,0.68084417825,3.744372887,0.0,0,0,4,NIGHT,False,False
2025-09-28T05:00:00+02:00,2025-09-22T23:00:00+02:00,168,126,M1_GBT_CAL_WEATHER,1.748918927584841,0.607942429,4.509140465700005,False,0.9007537819649998,0.2903707546,0.3236559542,0.39784793350000003,0.5251773655,0.6438389945,2.650398335999998,3.730294516199999,4.424636802,0.0,0,0,5,NIGHT,False,False
2025-09-28T06:00:00+02:00,2025-09-22T23:00:00+02:00,168,127,M1_GBT_CAL_WEATHER,1.748918927584841,0.608121625,4.509140465700005,False,0.9279242416299995,0.3009543725,0.3384645725,0.42670705875000003,0.5948932995,1.0092911930000001,2.2271196221999996,3.18281668265,5.829588961,0.005,1,0,6,NIGHT,False,False
2025-09-28T07:00:00+02:00,2025-09-22T23:00:00+02:00,168,128,M1_GBT_CAL_WEATHER,1.748918927584841,1.471047218,4.509140465700005,False,1.367737813035,0.3156515199,0.3850433592,0.5315482094999999,1.1384209575,1.56946041925,3.2178730483999995,4.151447537849995,7.343602659,0.035,7,0.018867924528301886,7,MORNING,False,False
2025-09-28T08:00:00+02:00,2025-09-22T23:00:00+02:00,168,129,M1_GBT_CAL_WEATHER,1.748918927584841,1.748722485,4.509140465700005,False,1.5258613445100004,0.38605418919999995,0.43906027729999997,0.68741477175,1.2789231785,1.69672663225,3.1656201642,4.175688510699999,6.600123635,0.035,7,0.018867924528301886,8,MORNING,False,False
2025-09-28T09:00:00+02:00,2025-09-22T23:00:00+02:00,168,130,M1_GBT_CAL_WEATHER,1.6130836596656797,2.808211938,4.509140465700005,False,1.3286412034499995,0.182796238,0.19583343150000002,0.81940171875,1.066468271,1.31759447625,3.096293067599999,4.03572055205,7.644397687,0.03,6,0.018867924528301886,9,DAYTIME,False,False
2025-09-28T10:00:00+02:00,2025-09-22T23:00:00+02:00,168,131,M1_GBT_CAL_WEATHER,1.748918927584841,1.07979451,4.509140465700005,False,1.262667971195,0.17162448165,0.2281754404,0.788685718,1.0554574270000001,1.30391281,2.9319118548,3.7613250382499985,4.775438632,0.02,4,0.03773584905660377,10,DAYTIME,False,False
2025-09-28T11:00:00+02:00,2025-09-22T23:00:00+02:00,168,132,M1_GBT_CAL_WEATHER,1.748918927584841,1.078526139,4.509140465700005,False,1.1825899753350004,0.16912600870000002,0.21655408150000002,0.6406331412499999,0.9894303109999999,1.2544487805000002,1.9194803959999975,4.20870041205,5.9269452000000005,0.035,7,0.05660377358490566,11,DAYTIME,False,False
2025-09-28T12:00:00+02:00,2025-09-22T23:00:00+02:00,168,133,M1_GBT_CAL_WEATHER,1.748918927584841,1.077165011,4.509140465700005,False,0.8817035293099998,0.15085289859999998,0.1694613056,0.25035272799999997,0.837649994,1.15900150625,1.3766300980000001,1.8489428431999932,5.844953489,0.02,4,0.05660377358490566,12,DAYTIME,False,False
2025-09-28T13:00:00+02:00,2025-09-22T23:00:00+02:00,168,134,M1_GBT_CAL_WEATHER,1.7832579306724834,0.595704424,4.509140465700005,False,0.8605792289050003,0.1437020356,0.1525775564,0.18854926525,0.5679833320000001,1.1309065545,1.3926602227999998,2.0876386318499995,15.001191208,0.01,2,0.05660377358490566,13,DAYTIME,False,False
2025-09-28T14:00:00+02:00,2025-09-22T23:00:00+02:00,168,135,M1_GBT_CAL_WEATHER,1.8140850985013026,0.4181735,4.509140465700005,False,0.7519848249750002,0.13602513965,0.1459956344,0.17194873224999999,0.230774916,1.04029248325,1.3220345793,1.4028497559499997,11.862553578,0.015,3,0.03773584905660377,14,DAYTIME,False,False
2025-09-28T15:00:00+02:00,2025-09-22T23:00:00+02:00,168,136,M1_GBT_CAL_WEATHER,2.3250662151170793,1.066384148,4.509140465700005,False,0.8325145778949996,0.13622583319999998,0.14980114130000002,0.174972603,0.4164594895,1.08676558875,1.3574106404,2.7010325486999975,8.800852613,0.025,5,0.03773584905660377,15,DAYTIME,False,False
2025-09-28T16:00:00+02:00,2025-09-22T23:00:00+02:00,168,137,M1_GBT_CAL_WEATHER,2.725374016453767,1.072610585,4.509140465700005,False,1.52878701157,0.14865922825000003,0.165471494,0.2553914435,0.933166504,1.272908728,4.223539848599999,6.7531120360499814,11.197646484,0.095,19,0.07547169811320754,16,RETURN_RAMP,False,False
2025-09-28T17:00:00+02:00,2025-09-22T23:00:00+02:00,168,138,M1_GBT_CAL_WEATHER,4.491840573078895,0.750267741,4.509140465700005,False,2.117483982565001,0.1798435962,0.2831875268000001,0.6789665645,1.0638270745,1.3592372209999999,7.7612347491,8.38314340365,15.214309298,0.155,31,0.24528301886792453,17,RETURN_RAMP,False,False
2025-09-28T18:00:00+02:00,2025-09-22T23:00:00+02:00,168,139,M1_GBT_CAL_WEATHER,4.938270909089039,0.191375735,4.509140465700005,False,2.287515016005,0.15884978665,0.1839386312,0.7636838245,1.1409832180000001,2.79849050275,7.432015132799999,8.439152324799998,10.427049670999999,0.185,37,0.4339622641509434,18,RETURN_RAMP,False,True
2025-09-28T19:00:00+02:00,2025-09-22T23:00:00+02:00,168,140,M1_GBT_CAL_WEATHER,4.938270909089039,1.500790774,4.509140465700005,False,2.945222645285001,0.1548180777,0.18015520640000002,0.51314257675,1.21878639,4.36962577525,8.4007639213,10.013051633049997,18.119754474,0.235,47,0.49056603773584906,19,EVENING,False,True
2025-09-28T20:00:00+02:00,2025-09-22T23:00:00+02:00,168,141,M1_GBT_CAL_WEATHER,4.561627019080189,1.896701359,4.509140465700005,False,3.2402559807699975,0.16049039535,0.1848773471,0.36145924775,1.5707712004999999,4.71657361425,8.5713371219,10.590017704049998,18.733070414,0.265,53,0.3584905660377358,20,EVENING,False,False
2025-09-28T21:00:00+02:00,2025-09-22T23:00:00+02:00,168,142,M1_GBT_CAL_WEATHER,2.795160462455061,13.803698005,4.509140465700005,True,2.999165481354999,0.2249965617,0.3318808105,0.6406035852499999,1.2850219594999999,4.19461650875,8.4736915062,9.466899077399994,15.292488046999999,0.235,47,0.24528301886792453,21,EVENING,False,False
2025-09-28T22:00:00+02:00,2025-09-22T23:00:00+02:00,168,143,M1_GBT_CAL_WEATHER,2.3250662151170793,13.803691127,4.509140465700005,True,1.9117150893549992,0.22605504945000002,0.3261138959,0.478403659,0.6825758835,1.25345854225,7.941140119899999,8.5694265509,13.724125343,0.14,28,0.1509433962264151,22,EVENING,False,False
2025-09-28T23:00:00+02:00,2025-09-22T23:00:00+02:00,168,144,M1_GBT_CAL_WEATHER,1.8140850985013026,0.823190236,4.509140465700005,False,1.2350197908200005,0.2272876853,0.31677695350000007,0.4236223175,0.5739579454999999,0.8836158052499999,3.3589259867999988,5.718791632599995,11.532205314,0.06,12,0.07547169811320754,23,NIGHT,False,False
2025-09-29T00:00:00+02:00,2025-09-22T23:00:00+02:00,168,145,M1_GBT_CAL_WEATHER,1.748918927584841,2.33019088,4.509140465700005,False,0.9844124930299997,0.2286104657,0.30259631940000004,0.39921485925,0.529705848,0.65271878575,3.2875361855,3.6610032797999987,8.048417345,0.015,3,0,0,NIGHT,False,False
2025-09-29T01:00:00+02:00,2025-09-22T23:00:00+02:00,168,146,M1_GBT_CAL_WEATHER,1.748918927584841,0.604223755,4.509140465700005,False,0.8867445677550008,0.229933247,0.2984189554,0.386896286,0.5209250195,0.6348638154999999,2.885107822399999,3.6739640248499956,10.871307089,0.005,1,0,1,NIGHT,False,False
2025-09-29T02:00:00+02:00,2025-09-22T23:00:00+02:00,168,147,M1_GBT_CAL_WEATHER,1.748918927584841,0.605492126,4.509140465700005,False,0.8193466230649993,0.23120872105,0.2981324843,0.38619901875,0.5225267795,0.636556263,2.6002317312000005,3.5533734905999994,4.552071613,0.005,1,0,2,NIGHT,False,False
2025-09-29T03:00:00+02:00,2025-09-22T23:00:00+02:00,168,148,M1_GBT_CAL_WEATHER,1.748918927584841,2.333909553,4.509140465700005,False,0.9686383687549999,0.2324123014,0.3064454279,0.4081063055,0.5357100800000001,0.66485121875,2.9880417878999994,3.6459424405999994,4.230734893,0.0,0,0,3,NIGHT,False,False
2025-09-29T04:00:00+02:00,2025-09-22T23:00:00+02:00,168,149,M1_GBT_CAL_WEATHER,1.748918927584841,0.607417053,4.509140465700005,False,1.3090376096449998,0.2333358412,0.3194864844,0.41392010125,0.5695163035,2.4560133825,3.8578732449999995,4.1707604979,7.881881216,0.015,3,0,4,NIGHT,False,False
2025-09-29T05:00:00+02:00,2025-09-22T23:00:00+02:00,168,150,M1_GBT_CAL_WEATHER,1.748918927584841,2.335270682,4.509140465700005,False,1.5536682510349997,0.233916403,0.3204420268,0.43025687025,0.6015664425,3.01656878825,3.9005240323,4.14065716355,7.882468101000001,0.01,2,0,5,NIGHT,False,False
2025-09-29T06:00:00+02:00,2025-09-22T23:00:00+02:00,168,151,M1_GBT_CAL_WEATHER,1.748918927584841,2.335449878,4.509140465700005,False,2.272655273705,0.29559976930000004,0.43908819190000004,0.5924115167499999,2.2787550995,3.59068157625,4.096734649099999,4.380177335,11.534011656,0.045,9,0,6,NIGHT,False,False
2025-09-29T07:00:00+02:00,2025-09-22T23:00:00+02:00,168,152,M1_GBT_CAL_WEATHER,1.6130836596656797,1.193773413,4.509140465700005,False,2.635920268549999,0.33782918275,0.4721193892,0.9009767742500001,2.5029273885,3.9694485805,4.679044047400001,5.180826657899997,15.135491078,0.135,27,0.018867924528301886,7,MORNING,False,False
2025-09-29T08:00:00+02:00,2025-09-22T23:00:00+02:00,168,153,M1_GBT_CAL_WEATHER,1.6130836596656797,1.081719437,4.509140465700005,False,2.134568381705,0.18763597675,0.2169246958,0.82484207625,1.2503496625000001,3.5969073375,4.449638058,5.006584848399999,10.595620649999999,0.08,16,0.018867924528301886,8,MORNING,False,False
2025-09-29T09:00:00+02:00,2025-09-22T23:00:00+02:00,168,154,M1_GBT_CAL_WEATHER,1.748918927584841,2.808211938,4.509140465700005,False,1.3155089914199993,0.16665617075,0.19999214830000003,0.8448768862499999,1.0599238005,1.2578103335,3.2457464237999996,4.064259196849997,8.623155131999999,0.035,7,0.018867924528301886,9,DAYTIME,False,False
2025-09-29T10:00:00+02:00,2025-09-22T23:00:00+02:00,168,155,M1_GBT_CAL_WEATHER,1.748918927584841,2.807122764,4.509140465700005,False,1.5533830931549995,0.21587311025,0.5037564355,0.8626234622500001,1.08364211,1.28885825825,3.9167223220999996,4.424746523399994,15.961274504,0.05,10,0.03773584905660377,10,DAYTIME,False,False
2025-09-29T11:00:00+02:00,2025-09-22T23:00:00+02:00,168,156,M1_GBT_CAL_WEATHER,1.748918927584841,1.078526139,4.509140465700005,False,1.3573195941649998,0.185095971,0.3354928488,0.7755714435,1.0521127620000001,1.2635804664999999,2.6474100763999995,4.018277973249997,13.943847346999998,0.04,8,0.05660377358490566,11,DAYTIME,False,False
2025-09-29T12:00:00+02:00,2025-09-22T23:00:00+02:00,168,157,M1_GBT_CAL_WEATHER,1.748918927584841,0.682303078,4.509140465700005,False,0.927148461625,0.14397941620000002,0.16461199950000002,0.27533624624999997,0.908016261,1.17820829925,1.3624527650000002,1.9941744945999986,8.293157108,0.01,2,0.05660377358490566,12,DAYTIME,False,False
2025-09-29T13:00:00+02:00,2025-09-22T23:00:00+02:00,168,158,M1_GBT_CAL_WEATHER,1.7832579306724834,0.195273604,4.509140465700005,False,0.7000255314700005,0.13454458860000001,0.1433444643,0.17377664475000001,0.27684733650000004,1.08317095425,1.3104337704,1.4191785228499998,8.291323277,0.015,3,0.05660377358490566,13,DAYTIME,False,False
2025-09-29T14:00:00+02:00,2025-09-22T23:00:00+02:00,168,159,M1_GBT_CAL_WEATHER,1.8140850985013026,0.194005234,4.509140465700005,False,0.6548319177949996,0.13152900525,0.14061694919999998,0.16524972075,0.2067236555,1.00654953775,1.3301803228999998,1.9746679296999994,8.289614418000001,0.015,3,0.03773584905660377,14,DAYTIME,False,False
2025-09-29T15:00:00+02:00,2025-09-22T23:00:00+02:00,168,160,M1_GBT_CAL_WEATHER,2.2632182536862486,0.192916059,4.509140465700005,False,0.7008338151100003,0.13223029065,0.1459442284,0.18519915674999998,0.504870455,0.95608970675,1.2742282441,1.3728586168499999,5.941655654000001,0.015,3,0.03773584905660377,15,DAYTIME,False,False
2025-09-29T16:00:00+02:00,2025-09-22T23:00:00+02:00,168,161,M1_GBT_CAL_WEATHER,2.721340340387074,5.943935144,4.509140465700005,True,1.1425576124950003,0.15028276495,0.1649623282,0.3117560155,0.8936084234999999,1.2360947045,2.384501103699999,4.055726515949996,8.51687227,0.035,7,0.07547169811320754,16,RETURN_RAMP,False,False
2025-09-29T17:00:00+02:00,2025-09-22T23:00:00+02:00,168,162,M1_GBT_CAL_WEATHER,4.4878068970122005,5.020878515,4.509140465700005,True,2.9561703319449992,0.18059898055,0.23200085390000003,0.8785520387499999,1.2384866875,5.26395270975,8.259510847399998,8.586985336649999,12.765152594,0.275,55,0.24528301886792453,17,RETURN_RAMP,False,False
2025-09-29T18:00:00+02:00,2025-09-22T23:00:00+02:00,168,163,M1_GBT_CAL_WEATHER,5.4572085459906114,1.071906013,4.509140465700005,False,4.812445387265,0.16472928095,0.3483195042000002,0.9803708789999999,2.9981524275,8.23667652425,10.483253937399999,12.473151347749994,19.609644523,0.45,90,0.4339622641509434,18,RETURN_RAMP,True,True
2025-09-29T19:00:00+02:00,2025-09-22T23:00:00+02:00,168,164,M1_GBT_CAL_WEATHER,6.692607443062861,1.083811572,4.509140465700005,False,5.060606542784998,0.1760000178,0.2174733589,1.0210839775,3.4350038224999997,8.338591759749999,11.483814429499999,13.622725897899993,18.531116976,0.465,93,0.49056603773584906,19,EVENING,True,True
2025-09-29T20:00:00+02:00,2025-09-22T23:00:00+02:00,168,165,M1_GBT_CAL_WEATHER,5.254197662413478,1.084039625,4.509140465700005,False,4.335227868639999,0.1654298175,0.2079663957,0.42537740925,2.4534101434999998,7.62398098525,10.1391047281,13.440043233999992,18.192100714000002,0.405,81,0.3584905660377358,20,EVENING,True,False
2025-09-29T21:00:00+02:00,2025-09-22T23:00:00+02:00,168,166,M1_GBT_CAL_WEATHER,3.2406818957393178,2.124156417,4.509140465700005,False,2.7885083344850004,0.25711229535,0.3924148511,0.6313770347500001,1.1073223775,3.2586221057499998,8.3560926452,9.490078585049993,17.543489513,0.21,42,0.24528301886792453,21,EVENING,False,False
2025-09-29T22:00:00+02:00,2025-09-22T23:00:00+02:00,168,167,M1_GBT_CAL_WEATHER,2.3250662151170793,0.94007378,4.509140465700005,False,1.3422141096650002,0.2536307684,0.34439371990000006,0.491053164,0.6679489485,1.07825743075,2.5848268574,6.445491502199993,16.113947631000002,0.065,13,0.1509433962264151,22,EVENING,False,False
2025-09-29T23:00:00+02:00,2025-09-22T23:00:00+02:00,168,168,M1_GBT_CAL_WEATHER,1.8140850985013026,0.601501498,4.509140465700005,False,1.0905483485199996,0.2581321249,0.3149661685,0.4194693015,0.5772457285,0.81889506025,2.5958545274000002,3.9258799028499993,15.132586977,0.035,7,0.07547169811320754,23,NIGHT,False,False
