timestamp,daily_stage3b_classification,occupancy_state,away,outdoor_temperature_c,indoor_temperature_c,effective_heating_target_c,effective_cooling_target_c,hvac_mode,heating_kwh,cooling_kwh,hvac_kwh,ev1_home,ev2_home,ev1_home_fraction,ev2_home_fraction,ev1_charging_kwh,ev2_charging_kwh,ev_total_kwh,pool_circulation_kwh,pool_heating_kwh,sauna_kwh,stage3b_total_kwh
2025-08-01T00:00:00+02:00,WD_HOME,FULL,False,24.3,22.3188748,21.253539692,23.384209909,off,0.0,0.0,0.0,True,True,1.0,1.0,0.0,0.0,0.0,0.0,0.0,0.0,0.0
2025-08-01T01:00:00+02:00,WD_HOME,FULL,False,23.9,22.649062333,21.253539692,23.384209909,off,0.0,0.0,0.0,True,True,1.0,1.0,0.0,0.0,0.0,0.0,0.0,0.0,0.0
2025-08-01T02:00:00+02:00,WD_HOME,FULL,False,23.5,22.857551945,21.253539692,23.384209909,off,0.0,0.0,0.0,True,True,1.0,1.0,0.0,0.0,0.0,0.0,0.0,0.0,0.0
2025-08-01T03:00:00+02:00,WD_HOME,FULL,False,23.2,22.96462662,21.253539692,23.384209909,off,0.0,0.0,0.0,True,True,1.0,1.0,0.0,0.0,0.0,0.0,0.0,0.0,0.0
2025-08-01T04:00:00+02:00,WD_HOME,FULL,False,22.9,23.003855517,21.253539692,23.384209909,off,0.0,0.0,0.0,True,True,1.0,1.0,0.0,0.0,0.0,0.0,0.0,0.0,0.0
2025-08-01T05:00:00+02:00,WD_HOME,FULL,False,22.8,22.986546264,21.253539692,23.384209909,off,0.0,0.0,0.0,True,True,1.0,1.0,0.0,0.0,0.0,0.0,0.0,0.0,0.0
2025-08-01T06:00:00+02:00,WD_HOME,FULL,False,22.1,22.95545522,21.253539692,23.384209909,off,0.0,0.0,0.0,True,True,1.0,1.0,0.0,0.0,0.0,0.0,0.0,0.0,0.0
2025-08-01T07:00:00+02:00,WD_HOME,FULL,False,21.7,22.81287935,21.253539692,23.384209909,off,0.0,0.0,0.0,True,True,1.0,1.0,0.0,0.0,0.0,0.0,0.0,0.0,0.0
2025-08-01T08:00:00+02:00,WD_HOME,FULL,False,22.6,22.627399458,21.253539692,23.384209909,off,0.0,0.0,0.0,True,True,1.0,0.804066552,0.0,0.0,0.0,0.346935892,0.0,0.0,0.346935892
2025-08-01T09:00:00+02:00,WD_HOME,EMPTY,False,24.2,22.622832882,20.253539692,24.384209909,off,0.0,0.0,0.0,True,False,1.0,0.0,0.0,0.0,0.0,0.880530278,0.0,0.0,0.880530278
2025-08-01T10:00:00+02:00,WD_HOME,EMPTY,False,25.2,22.885694068,20.253539692,24.384209909,off,0.0,0.0,0.0,True,False,1.0,0.0,0.0,0.0,0.0,0.880530278,0.0,0.0,0.880530278
2025-08-01T11:00:00+02:00,WD_HOME,EMPTY,False,26.1,23.271411724,20.253539692,24.384209909,off,0.0,0.0,0.0,True,False,1.0,0.0,0.0,0.0,0.0,0.880530278,0.0,0.0,0.880530278
2025-08-01T12:00:00+02:00,WD_HOME,EMPTY,False,26.9,23.742843103,20.253539692,24.384209909,off,0.0,0.0,0.0,True,False,1.0,0.0,0.0,0.0,0.0,0.880530278,0.0,0.0,0.880530278
2025-08-01T13:00:00+02:00,WD_HOME,EMPTY,False,27.2,24.269035919,20.253539692,24.384209909,off,0.0,0.0,0.0,True,False,1.0,0.0,0.0,0.0,0.0,0.383743758,0.0,0.0,0.383743758
2025-08-01T14:00:00+02:00,WD_HOME,EMPTY,False,27.2,24.757529933,20.253539692,24.384209909,off,0.0,0.0,0.0,True,False,1.0,0.0,0.0,0.0,0.0,0.0,0.0,0.0,0.0
2025-08-01T15:00:00+02:00,WD_HOME,EMPTY,False,26.8,25.164608277,20.253539692,24.384209909,cool,0.0,1.40039609,1.40039609,True,False,1.0,0.0,0.0,0.0,0.0,0.0,0.0,0.0,1.40039609
2025-08-01T16:00:00+02:00,WD_HOME,EMPTY,False,26.8,24.437173564,20.253539692,24.384209909,cool,0.0,1.40039609,1.40039609,True,True,1.0,0.118028858,0.0,0.0,0.0,0.522267461,0.0,0.0,1.922663552
2025-08-01T17:00:00+02:00,WD_HOME,FULL,False,26.9,23.83097797,21.253539692,23.384209909,cool,0.0,1.40039609,1.40039609,True,True,1.0,1.0,0.0,2.288614083,2.288614083,0.880530278,0.0,0.0,4.569540451
2025-08-01T18:00:00+02:00,WD_HOME,FULL,False,26.8,23.342481642,21.253539692,23.384209909,off,0.0,0.0,0.0,True,True,1.0,1.0,0.0,7.4,7.4,0.880530278,0.0,0.0,8.280530278
2025-08-01T19:00:00+02:00,WD_HOME,FULL,False,26.0,23.918734702,21.253539692,23.384209909,cool,0.0,1.40039609,1.40039609,True,True,1.0,1.0,0.0,2.229424936,2.229424936,0.550999454,0.0,0.0,4.18082048
2025-08-01T20:00:00+02:00,WD_HOME,FULL,False,25.3,23.265612251,21.253539692,23.384209909,off,0.0,0.0,0.0,True,True,1.0,1.0,0.0,0.0,0.0,0.0,0.0,0.0,0.0
2025-08-01T21:00:00+02:00,WD_HOME,FULL,False,24.8,23.604676876,21.253539692,23.384209909,off,0.0,0.0,0.0,True,True,1.0,1.0,0.0,0.0,0.0,0.0,0.0,0.0,0.0
2025-08-01T22:00:00+02:00,WD_HOME,FULL,False,24.4,23.803897397,21.253539692,23.384209909,off,0.0,0.0,0.0,True,True,1.0,1.0,0.0,0.0,0.0,0.0,0.0,0.0,0.0
2025-08-01T23:00:00+02:00,WD_HOME,FULL,False,24.4,23.903247831,21.253539692,23.384209909,cool,0.0,1.40039609,1.40039609,True,True,1.0,1.0,0.0,0.0,0.0,0.0,0.0,0.0,1.40039609
2025-08-02T00:00:00+02:00,WE_HOME,FULL,False,23.4,22.986039859,20.893786814,23.024457031,off,0.0,0.0,0.0,True,True,1.0,1.0,0.0,0.0,0.0,0.0,0.0,0.0,0.0
2025-08-02T01:00:00+02:00,WE_HOME,FULL,False,24.1,23.055033216,20.893786814,23.024457031,off,0.0,0.0,0.0,True,True,1.0,1.0,0.0,0.0,0.0,0.0,0.0,0.0,0.0
2025-08-02T02:00:00+02:00,WE_HOME,FULL,False,23.8,23.229194346,20.893786814,23.024457031,off,0.0,0.0,0.0,True,True,1.0,1.0,0.0,0.0,0.0,0.0,0.0,0.0,0.0
2025-08-02T03:00:00+02:00,WE_HOME,FULL,False,23.4,23.324328622,20.893786814,23.024457031,off,0.0,0.0,0.0,True,True,1.0,1.0,0.0,0.0,0.0,0.0,0.0,0.0,0.0
2025-08-02T04:00:00+02:00,WE_HOME,FULL,False,23.2,23.336940518,20.893786814,23.024457031,off,0.0,0.0,0.0,True,True,1.0,1.0,0.0,0.0,0.0,0.0,0.0,0.0,0.0
2025-08-02T05:00:00+02:00,WE_HOME,FULL,False,22.4,23.314117099,20.893786814,23.024457031,off,0.0,0.0,0.0,True,True,1.0,1.0,0.0,0.0,0.0,0.0,0.0,0.0,0.0
2025-08-02T06:00:00+02:00,WE_HOME,FULL,False,22.3,23.161764249,20.893786814,23.024457031,off,0.0,0.0,0.0,True,True,1.0,1.0,0.0,0.0,0.0,0.0,0.0,0.0,0.0
2025-08-02T07:00:00+02:00,WE_HOME,FULL,False,22.3,23.018136874,20.893786814,23.024457031,off,0.0,0.0,0.0,True,True,1.0,1.0,0.0,0.0,0.0,0.0,0.0,0.0,0.0
2025-08-02T08:00:00+02:00,WE_HOME,FULL,False,22.9,22.898447395,20.893786814,23.024457031,off,0.0,0.0,0.0,True,True,1.0,1.0,0.0,0.0,0.0,0.659310043,0.0,0.0,0.659310043
2025-08-02T09:00:00+02:00,WE_HOME,FULL,False,23.9,22.898706163,20.893786814,23.024457031,off,0.0,0.0,0.0,True,True,0.325195611,1.0,0.0,0.0,0.0,0.880530278,0.0,0.0,0.880530278
2025-08-02T10:00:00+02:00,WE_HOME,FULL,False,24.5,23.065588469,20.893786814,23.024457031,off,0.0,0.0,0.0,False,True,0.0,1.0,0.0,0.0,0.0,0.880530278,0.0,0.0,0.880530278
2025-08-02T11:00:00+02:00,WE_HOME,FULL,False,24.6,23.304657057,20.893786814,23.024457031,off,0.0,0.0,0.0,False,True,0.0,1.0,0.0,0.0,0.0,0.880530278,0.0,0.0,0.880530278
2025-08-02T12:00:00+02:00,WE_HOME,FULL,False,25.1,23.520547548,20.893786814,23.024457031,off,0.0,0.0,0.0,False,True,0.0,1.0,0.0,0.0,0.0,0.880530278,0.0,0.0,0.880530278
2025-08-02T13:00:00+02:00,WE_HOME,FULL,False,25.4,23.783789623,20.893786814,23.024457031,cool,0.0,1.40039609,1.40039609,False,True,0.0,1.0,0.0,0.0,0.0,0.880530278,0.0,0.0,2.280926369
2025-08-02T14:00:00+02:00,WE_HOME,FULL,False,25.5,23.053158019,20.893786814,23.024457031,cool,0.0,1.40039609,1.40039609,False,True,0.0,1.0,0.0,0.0,0.0,0.880530278,0.0,0.0,2.280926369
2025-08-02T15:00:00+02:00,WE_HOME,FULL,False,25.4,22.460965016,20.893786814,23.024457031,off,0.0,0.0,0.0,False,True,0.0,1.0,0.0,0.0,0.0,0.880530278,0.0,0.0,0.880530278
2025-08-02T16:00:00+02:00,WE_HOME,FULL,False,25.4,22.95080418,20.893786814,23.024457031,off,0.0,0.0,0.0,False,True,0.0,1.0,0.0,0.0,0.0,0.337945303,0.0,0.0,0.337945303
2025-08-02T17:00:00+02:00,WE_HOME,FULL,False,25.4,23.359003483,20.893786814,23.024457031,off,0.0,0.0,0.0,True,True,0.013816969,1.0,0.0,0.0,0.0,0.0,0.0,0.0,0.0
2025-08-02T18:00:00+02:00,WE_HOME,FULL,False,25.5,23.699169569,20.893786814,23.024457031,cool,0.0,1.40039609,1.40039609,True,True,1.0,1.0,6.094548195,0.0,6.094548195,0.0,0.0,0.0,7.494944285
2025-08-02T19:00:00+02:00,WE_HOME,FULL,False,25.6,22.999307975,20.893786814,23.024457031,off,0.0,0.0,0.0,True,True,1.0,1.0,2.571949379,0.0,2.571949379,0.0,0.0,0.0,2.571949379
2025-08-02T20:00:00+02:00,WE_HOME,FULL,False,25.1,23.432756645,20.893786814,23.024457031,off,0.0,0.0,0.0,True,True,1.0,1.0,0.0,0.0,0.0,0.0,0.0,0.0,0.0
2025-08-02T21:00:00+02:00,WE_HOME,FULL,False,24.5,23.710630538,20.893786814,23.024457031,cool,0.0,1.40039609,1.40039609,True,True,1.0,1.0,0.0,0.0,0.0,0.0,0.0,0.0,1.40039609
2025-08-02T22:00:00+02:00,WE_HOME,FULL,False,24.3,22.842192115,20.893786814,23.024457031,off,0.0,0.0,0.0,True,True,1.0,1.0,0.0,0.0,0.0,0.0,0.0,0.0,0.0
2025-08-02T23:00:00+02:00,WE_HOME,FULL,False,24.0,23.085160096,20.893786814,23.024457031,off,0.0,0.0,0.0,True,True,1.0,1.0,0.0,0.0,0.0,0.0,0.0,0.0,0.0
2025-08-03T00:00:00+02:00,WE_HOME,FULL,False,23.4,23.237633413,21.460865027,23.591535243,off,0.0,0.0,0.0,True,True,1.0,1.0,0.0,0.0,0.0,0.0,0.0,0.0,0.0
2025-08-03T01:00:00+02:00,WE_HOME,FULL,False,23.0,23.264694511,21.460865027,23.591535243,off,0.0,0.0,0.0,True,True,1.0,1.0,0.0,0.0,0.0,0.0,0.0,0.0,0.0
2025-08-03T02:00:00+02:00,WE_HOME,FULL,False,22.6,23.220578759,21.460865027,23.591535243,off,0.0,0.0,0.0,True,True,1.0,1.0,0.0,0.0,0.0,0.0,0.0,0.0,0.0
2025-08-03T03:00:00+02:00,WE_HOME,FULL,False,22.2,23.117148966,21.460865027,23.591535243,off,0.0,0.0,0.0,True,True,1.0,1.0,0.0,0.0,0.0,0.0,0.0,0.0,0.0
2025-08-03T04:00:00+02:00,WE_HOME,FULL,False,22.0,22.964290805,21.460865027,23.591535243,off,0.0,0.0,0.0,True,True,1.0,1.0,0.0,0.0,0.0,0.0,0.0,0.0,0.0
2025-08-03T05:00:00+02:00,WE_HOME,FULL,False,21.5,22.803575671,21.460865027,23.591535243,off,0.0,0.0,0.0,True,True,1.0,1.0,0.0,0.0,0.0,0.0,0.0,0.0,0.0
2025-08-03T06:00:00+02:00,WE_HOME,FULL,False,21.6,22.586313059,21.460865027,23.591535243,off,0.0,0.0,0.0,True,True,1.0,1.0,0.0,0.0,0.0,0.290626899,0.0,0.0,0.290626899
2025-08-03T07:00:00+02:00,WE_HOME,FULL,False,21.6,22.421927549,21.460865027,23.591535243,off,0.0,0.0,0.0,True,True,1.0,1.0,0.0,0.0,0.0,0.880530278,0.0,0.0,0.880530278
2025-08-03T08:00:00+02:00,WE_HOME,FULL,False,22.3,22.284939624,21.460865027,23.591535243,off,0.0,0.0,0.0,True,True,1.0,1.0,0.0,0.0,0.0,0.880530278,0.0,0.0,0.880530278
2025-08-03T09:00:00+02:00,WE_HOME,FULL,False,23.6,22.287449687,21.460865027,23.591535243,off,0.0,0.0,0.0,True,True,1.0,1.0,0.0,0.0,0.0,0.880530278,0.0,0.0,0.880530278
2025-08-03T10:00:00+02:00,WE_HOME,FULL,False,24.1,22.506208072,21.460865027,23.591535243,off,0.0,0.0,0.0,True,True,1.0,1.0,0.0,0.0,0.0,0.880530278,0.0,0.0,0.880530278
2025-08-03T11:00:00+02:00,WE_HOME,PARTIAL,False,24.5,22.77184006,21.460865027,23.591535243,off,0.0,0.0,0.0,True,True,1.0,1.0,0.0,0.0,0.0,0.880530278,0.0,0.0,0.880530278
2025-08-03T12:00:00+02:00,WE_HOME,PARTIAL,False,24.4,23.059866717,21.460865027,23.591535243,off,0.0,0.0,0.0,True,True,1.0,1.0,0.0,0.0,0.0,0.027953737,0.0,0.0,0.027953737
2025-08-03T13:00:00+02:00,WE_HOME,PARTIAL,False,24.7,23.283222264,21.460865027,23.591535243,off,0.0,0.0,0.0,True,True,1.0,1.0,0.0,0.0,0.0,0.0,0.0,0.0,0.0
2025-08-03T14:00:00+02:00,WE_HOME,PARTIAL,False,25.2,23.519351887,21.460865027,23.591535243,off,0.0,0.0,0.0,True,True,1.0,1.0,0.0,0.0,0.0,0.0,0.0,0.0,0.0
2025-08-03T15:00:00+02:00,WE_HOME,FULL,False,26.0,23.799459906,21.460865027,23.591535243,off,0.0,0.0,0.0,True,True,1.0,1.0,0.0,0.0,0.0,0.666027569,0.0,0.0,0.666027569
2025-08-03T16:00:00+02:00,WE_HOME,FULL,False,26.5,24.166216588,21.460865027,23.591535243,cool,0.0,1.40039609,1.40039609,True,True,1.0,1.0,0.0,0.0,0.0,0.880530278,0.0,0.0,2.280926369
2025-08-03T17:00:00+02:00,WE_HOME,FULL,False,26.6,23.55518049,21.460865027,23.591535243,off,0.0,0.0,0.0,True,True,1.0,1.0,0.0,0.0,0.0,0.674869936,0.0,0.0,0.674869936
2025-08-03T18:00:00+02:00,WE_HOME,FULL,False,26.5,24.062650408,21.460865027,23.591535243,off,0.0,0.0,0.0,True,True,1.0,1.0,0.0,0.0,0.0,0.0,0.0,0.0,0.0
2025-08-03T19:00:00+02:00,WE_HOME,FULL,False,26.3,24.46887534,21.460865027,23.591535243,cool,0.0,1.40039609,1.40039609,True,True,1.0,1.0,0.0,0.0,0.0,0.0,0.0,0.0,1.40039609
2025-08-03T20:00:00+02:00,WE_HOME,FULL,False,25.8,23.774062784,21.460865027,23.591535243,cool,0.0,1.40039609,1.40039609,True,True,1.0,1.0,0.0,0.0,0.0,0.0,0.0,0.0,1.40039609
2025-08-03T21:00:00+02:00,WE_HOME,FULL,False,24.7,23.111718986,21.460865027,23.591535243,off,0.0,0.0,0.0,True,True,1.0,1.0,0.0,0.0,0.0,0.0,0.0,0.0,0.0
2025-08-03T22:00:00+02:00,WE_HOME,FULL,False,24.2,23.376432489,21.460865027,23.591535243,off,0.0,0.0,0.0,True,True,1.0,1.0,0.0,0.0,0.0,0.0,0.0,0.0,0.0
2025-08-03T23:00:00+02:00,WE_HOME,FULL,False,23.4,23.513693741,21.460865027,23.591535243,off,0.0,0.0,0.0,True,True,1.0,1.0,0.0,0.0,0.0,0.0,0.0,0.0,0.0
2025-08-04T00:00:00+02:00,WD_HOME,FULL,False,22.7,23.494744784,21.743646916,23.874317133,off,0.0,0.0,0.0,True,True,1.0,1.0,0.0,0.0,0.0,0.0,0.0,0.0,0.0
2025-08-04T01:00:00+02:00,WD_HOME,FULL,False,22.5,23.36228732,21.743646916,23.874317133,off,0.0,0.0,0.0,True,True,1.0,1.0,0.0,0.0,0.0,0.0,0.0,0.0,0.0
2025-08-04T02:00:00+02:00,WD_HOME,FULL,False,22.4,23.218572766,21.743646916,23.874317133,off,0.0,0.0,0.0,True,True,1.0,1.0,0.0,0.0,0.0,0.0,0.0,0.0,0.0
2025-08-04T03:00:00+02:00,WD_HOME,FULL,False,22.1,23.082143972,21.743646916,23.874317133,off,0.0,0.0,0.0,True,True,1.0,1.0,0.0,0.0,0.0,0.0,0.0,0.0,0.0
2025-08-04T04:00:00+02:00,WD_HOME,FULL,False,22.1,22.91845331,21.743646916,23.874317133,off,0.0,0.0,0.0,True,True,1.0,1.0,0.0,0.0,0.0,0.0,0.0,0.0,0.0
2025-08-04T05:00:00+02:00,WD_HOME,FULL,False,22.0,22.782044425,21.743646916,23.874317133,off,0.0,0.0,0.0,True,True,1.0,1.0,0.0,0.0,0.0,0.0,0.0,0.0,0.0
2025-08-04T06:00:00+02:00,WD_HOME,FULL,False,21.8,22.651703688,21.743646916,23.874317133,off,0.0,0.0,0.0,True,True,1.0,1.0,0.0,0.0,0.0,0.0,0.0,0.0,0.0
2025-08-04T07:00:00+02:00,WD_HOME,FULL,False,21.8,22.509753073,21.743646916,23.874317133,off,0.0,0.0,0.0,True,True,1.0,1.0,0.0,0.0,0.0,0.0,0.0,0.0,0.0
2025-08-04T08:00:00+02:00,WD_HOME,FULL,False,22.9,22.391460894,21.743646916,23.874317133,off,0.0,0.0,0.0,True,True,0.705389459,0.634929789,0.0,0.0,0.0,0.794926583,0.0,0.0,0.794926583
2025-08-04T09:00:00+02:00,WD_HOME,EMPTY,False,24.1,22.476217412,20.743646916,24.874317133,off,0.0,0.0,0.0,False,False,0.0,0.0,0.0,0.0,0.0,0.880530278,0.0,0.0,0.880530278
2025-08-04T10:00:00+02:00,WD_HOME,EMPTY,False,25.6,22.746847843,20.743646916,24.874317133,off,0.0,0.0,0.0,False,False,0.0,0.0,0.0,0.0,0.0,0.880530278,0.0,0.0,0.880530278
2025-08-04T11:00:00+02:00,WD_HOME,EMPTY,False,26.9,23.222373203,20.743646916,24.874317133,off,0.0,0.0,0.0,False,False,0.0,0.0,0.0,0.0,0.0,0.880530278,0.0,0.0,0.880530278
2025-08-04T12:00:00+02:00,WD_HOME,EMPTY,False,28.4,23.835311002,20.743646916,24.874317133,off,0.0,0.0,0.0,False,False,0.0,0.0,0.0,0.0,0.0,0.626004162,0.0,0.0,0.626004162
2025-08-04T13:00:00+02:00,WD_HOME,EMPTY,False,29.2,24.596092502,20.743646916,24.874317133,off,0.0,0.0,0.0,False,False,0.0,0.0,0.0,0.0,0.0,0.0,0.0,0.0,0.0
2025-08-04T14:00:00+02:00,WD_HOME,EMPTY,False,29.7,25.363410418,20.743646916,24.874317133,off,0.0,0.0,0.0,False,False,0.0,0.0,0.0,0.0,0.0,0.0,0.0,0.0,0.0
2025-08-04T15:00:00+02:00,WD_HOME,EMPTY,False,29.7,26.086175348,20.743646916,24.874317133,cool,0.0,1.40039609,1.40039609,False,False,0.0,0.0,0.0,0.0,0.0,0.0,0.0,0.0,1.40039609
2025-08-04T16:00:00+02:00,WD_HOME,FULL,False,29.1,25.688479457,21.743646916,23.874317133,cool,0.0,1.40039609,1.40039609,False,False,0.0,0.0,0.0,0.0,0.0,0.0,0.0,0.0,1.40039609
2025-08-04T17:00:00+02:00,WD_HOME,FULL,False,28.8,25.257066214,21.743646916,23.874317133,cool,0.0,1.40039609,1.40039609,False,False,0.0,0.0,0.0,0.0,0.0,0.678402795,0.0,0.0,2.078798885
2025-08-04T18:00:00+02:00,WD_HOME,FULL,False,28.4,24.847555179,21.743646916,23.874317133,cool,0.0,1.40039609,1.40039609,True,True,0.270481539,0.623965132,0.0,0.588796047,0.588796047,0.880530278,0.0,0.0,2.869722415
2025-08-04T19:00:00+02:00,WD_HOME,FULL,False,27.9,24.439629315,21.743646916,23.874317133,cool,0.0,1.40039609,1.40039609,True,True,1.0,1.0,2.223752587,7.4,9.623752587,0.525294361,0.0,0.0,11.549443039
2025-08-04T20:00:00+02:00,WD_HOME,FULL,False,27.1,24.016357763,21.743646916,23.874317133,cool,0.0,1.40039609,1.40039609,True,True,1.0,1.0,7.4,7.4,14.8,0.0,0.0,0.0,16.20039609
2025-08-04T21:00:00+02:00,WD_HOME,FULL,False,25.8,23.530298136,21.743646916,23.874317133,off,0.0,0.0,0.0,True,True,1.0,1.0,3.105534665,7.4,10.505534665,0.0,0.0,0.0,10.505534665
2025-08-04T22:00:00+02:00,WD_HOME,FULL,False,24.9,23.90858178,21.743646916,23.874317133,off,0.0,0.0,0.0,True,True,1.0,1.0,0.0,7.4,7.4,0.0,0.0,0.0,7.4
2025-08-04T23:00:00+02:00,WD_HOME,FULL,False,24.2,24.07381815,21.743646916,23.874317133,off,0.0,0.0,0.0,True,True,1.0,1.0,0.0,0.289214482,0.289214482,0.0,0.0,0.0,0.289214482
2025-08-05T00:00:00+02:00,WD_HOME,FULL,False,24.0,24.094848458,21.013753578,23.144423794,cool,0.0,1.40039609,1.40039609,True,True,1.0,1.0,0.0,0.0,0.0,0.0,0.0,0.0,1.40039609
2025-08-05T01:00:00+02:00,WD_HOME,FULL,False,23.7,23.079040382,21.013753578,23.144423794,off,0.0,0.0,0.0,True,True,1.0,1.0,0.0,0.0,0.0,0.0,0.0,0.0,0.0
2025-08-05T02:00:00+02:00,WD_HOME,FULL,False,23.5,23.182533652,21.013753578,23.144423794,off,0.0,0.0,0.0,True,True,1.0,1.0,0.0,0.0,0.0,0.0,0.0,0.0,0.0
2025-08-05T03:00:00+02:00,WD_HOME,FULL,False,23.3,23.23544471,21.013753578,23.144423794,off,0.0,0.0,0.0,True,True,1.0,1.0,0.0,0.0,0.0,0.0,0.0,0.0,0.0
2025-08-05T04:00:00+02:00,WD_HOME,FULL,False,23.0,23.246203925,21.013753578,23.144423794,off,0.0,0.0,0.0,True,True,1.0,1.0,0.0,0.0,0.0,0.0,0.0,0.0,0.0
2025-08-05T05:00:00+02:00,WD_HOME,FULL,False,22.8,23.205169937,21.013753578,23.144423794,off,0.0,0.0,0.0,True,True,1.0,1.0,0.0,0.0,0.0,0.0,0.0,0.0,0.0
2025-08-05T06:00:00+02:00,WD_HOME,FULL,False,22.6,23.137641614,21.013753578,23.144423794,off,0.0,0.0,0.0,True,True,1.0,1.0,0.0,0.0,0.0,0.0,0.0,0.0,0.0
2025-08-05T07:00:00+02:00,WD_HOME,FULL,False,22.6,23.048034679,21.013753578,23.144423794,off,0.0,0.0,0.0,True,True,1.0,1.0,0.0,0.0,0.0,0.0,0.0,0.0,0.0
2025-08-05T08:00:00+02:00,WD_HOME,FULL,False,23.9,22.973362232,21.013753578,23.144423794,off,0.0,0.0,0.0,True,True,0.601046149,0.77348157,0.0,0.0,0.0,0.141877728,0.0,0.0,0.141877728
2025-08-05T09:00:00+02:00,WD_HOME,EMPTY,False,25.9,23.12780186,20.013753578,24.144423794,off,0.0,0.0,0.0,False,False,0.0,0.0,0.0,0.0,0.0,0.880530278,0.0,0.0,0.880530278
2025-08-05T10:00:00+02:00,WD_HOME,EMPTY,False,27.8,23.589834883,20.013753578,24.144423794,off,0.0,0.0,0.0,False,False,0.0,0.0,0.0,0.0,0.0,0.880530278,0.0,0.0,0.880530278
2025-08-05T11:00:00+02:00,WD_HOME,EMPTY,False,29.4,24.29152907,20.013753578,24.144423794,off,0.0,0.0,0.0,False,False,0.0,0.0,0.0,0.0,0.0,0.880530278,0.0,0.0,0.880530278
2025-08-05T12:00:00+02:00,WD_HOME,EMPTY,False,30.1,25.142940891,20.013753578,24.144423794,cool,0.0,1.40039609,1.40039609,False,False,0.0,0.0,0.0,0.0,0.0,0.708983186,0.0,0.0,2.109379276
2025-08-05T13:00:00+02:00,WD_HOME,EMPTY,False,30.2,24.969117409,20.013753578,24.144423794,cool,0.0,1.40039609,1.40039609,False,False,0.0,0.0,0.0,0.0,0.0,0.0,0.0,0.0,1.40039609
2025-08-05T14:00:00+02:00,WD_HOME,EMPTY,False,30.2,24.840931175,20.013753578,24.144423794,cool,0.0,1.40039609,1.40039609,False,False,0.0,0.0,0.0,0.0,0.0,0.0,0.0,0.0,1.40039609
2025-08-05T15:00:00+02:00,WD_HOME,EMPTY,False,30.1,24.734109312,20.013753578,24.144423794,cool,0.0,1.40039609,1.40039609,False,False,0.0,0.0,0.0,0.0,0.0,0.529271503,0.0,0.0,1.929667593
2025-08-05T16:00:00+02:00,WD_HOME,EMPTY,False,29.6,24.628424427,20.013753578,24.144423794,cool,0.0,1.40039609,1.40039609,False,True,0.0,0.580607112,0.0,3.587781563,3.587781563,0.880530278,0.0,0.0,5.868707932
2025-08-05T17:00:00+02:00,WD_HOME,EMPTY,False,29.8,24.457020356,20.013753578,24.144423794,cool,0.0,1.40039609,1.40039609,False,True,0.0,1.0,0.0,7.4,7.4,0.880530278,0.0,0.0,9.680926369
2025-08-05T18:00:00+02:00,WD_HOME,EMPTY,False,29.9,24.347516963,20.013753578,24.144423794,cool,0.0,1.40039609,1.40039609,True,True,0.946355934,1.0,2.238966247,0.464333221,2.703299468,0.880530278,0.0,0.0,4.984225836
2025-08-05T19:00:00+02:00,WD_HOME,FULL,False,29.2,24.272930803,21.013753578,23.144423794,cool,0.0,1.40039609,1.40039609,True,True,1.0,1.0,7.4,0.0,7.4,0.240749717,0.0,0.0,9.041145808
2025-08-05T20:00:00+02:00,WD_HOME,FULL,False,28.4,24.094109002,21.013753578,23.144423794,cool,0.0,1.40039609,1.40039609,True,True,1.0,1.0,7.4,0.0,7.4,0.0,0.0,0.0,8.80039609
2025-08-05T21:00:00+02:00,WD_HOME,FULL,False,27.3,23.811757502,21.013753578,23.144423794,cool,0.0,1.40039609,1.40039609,True,True,1.0,1.0,6.041298644,0.0,6.041298644,0.0,0.0,0.0,7.441694734
2025-08-05T22:00:00+02:00,WD_HOME,FULL,False,26.4,23.393131251,21.013753578,23.144423794,cool,0.0,1.40039609,1.40039609,True,True,1.0,1.0,0.0,0.0,0.0,0.0,0.0,0.0,1.40039609
2025-08-05T23:00:00+02:00,WD_HOME,FULL,False,25.7,22.894276043,21.013753578,23.144423794,off,0.0,0.0,0.0,True,True,1.0,1.0,0.0,0.0,0.0,0.0,0.0,0.0,0.0
2025-08-06T00:00:00+02:00,WD_HOME,FULL,False,25.6,23.361896702,21.318314156,23.448984373,off,0.0,0.0,0.0,True,True,1.0,1.0,0.0,0.0,0.0,0.0,0.0,0.0,0.0
2025-08-06T01:00:00+02:00,WD_HOME,FULL,False,25.3,23.734913919,21.318314156,23.448984373,off,0.0,0.0,0.0,True,True,1.0,1.0,0.0,0.0,0.0,0.0,0.0,0.0,0.0
2025-08-06T02:00:00+02:00,WD_HOME,FULL,False,24.8,23.995761599,21.318314156,23.448984373,cool,0.0,1.40039609,1.40039609,True,True,1.0,1.0,0.0,0.0,0.0,0.0,0.0,0.0,1.40039609
2025-08-06T03:00:00+02:00,WD_HOME,FULL,False,24.1,23.129801332,21.318314156,23.448984373,off,0.0,0.0,0.0,True,True,1.0,1.0,0.0,0.0,0.0,0.0,0.0,0.0,0.0
2025-08-06T04:00:00+02:00,WD_HOME,FULL,False,23.2,23.29150111,21.318314156,23.448984373,off,0.0,0.0,0.0,True,True,1.0,1.0,0.0,0.0,0.0,0.0,0.0,0.0,0.0
2025-08-06T05:00:00+02:00,WD_HOME,FULL,False,23.1,23.276250925,21.318314156,23.448984373,off,0.0,0.0,0.0,True,True,1.0,1.0,0.0,0.0,0.0,0.0,0.0,0.0,0.0
2025-08-06T06:00:00+02:00,WD_HOME,FULL,False,23.0,23.246875771,21.318314156,23.448984373,off,0.0,0.0,0.0,True,True,1.0,1.0,0.0,0.0,0.0,0.0,0.0,0.0,0.0
2025-08-06T07:00:00+02:00,WD_HOME,FULL,False,22.5,23.205729809,21.318314156,23.448984373,off,0.0,0.0,0.0,True,True,1.0,1.0,0.0,0.0,0.0,0.310318882,0.0,0.0,0.310318882
2025-08-06T08:00:00+02:00,WD_HOME,FULL,False,23.9,23.088108174,21.318314156,23.448984373,off,0.0,0.0,0.0,True,True,0.836984293,0.802356826,0.0,0.0,0.0,0.880530278,0.0,0.0,0.880530278
2025-08-06T09:00:00+02:00,WD_HOME,PARTIAL,False,25.4,23.223423479,21.318314156,23.448984373,off,0.0,0.0,0.0,False,False,0.0,0.0,0.0,0.0,0.0,0.880530278,0.0,0.0,0.880530278
2025-08-06T10:00:00+02:00,WD_HOME,PARTIAL,False,26.8,23.586186232,21.318314156,23.448984373,off,0.0,0.0,0.0,False,False,0.0,0.0,0.0,0.0,0.0,0.880530278,0.0,0.0,0.880530278
2025-08-06T11:00:00+02:00,WD_HOME,PARTIAL,False,27.6,24.12182186,21.318314156,23.448984373,cool,0.0,1.40039609,1.40039609,False,False,0.0,0.0,0.0,0.0,0.0,0.880530278,0.0,0.0,2.280926369
2025-08-06T12:00:00+02:00,WD_HOME,PARTIAL,False,28.4,23.701518217,21.318314156,23.448984373,cool,0.0,1.40039609,1.40039609,False,False,0.0,0.0,0.0,0.0,0.0,0.336120662,0.0,0.0,1.736516752
2025-08-06T13:00:00+02:00,WD_HOME,PARTIAL,False,28.4,23.484598514,21.318314156,23.448984373,cool,0.0,1.40039609,1.40039609,False,False,0.0,0.0,0.0,0.0,0.0,0.0,0.0,0.0,1.40039609
2025-08-06T14:00:00+02:00,WD_HOME,PARTIAL,False,28.4,23.303832095,21.318314156,23.448984373,off,0.0,0.0,0.0,False,False,0.0,0.0,0.0,0.0,0.0,0.0,0.0,0.0,0.0
2025-08-06T15:00:00+02:00,WD_HOME,PARTIAL,False,27.8,24.153193412,21.318314156,23.448984373,cool,0.0,1.40039609,1.40039609,False,False,0.0,0.0,0.0,0.0,0.0,0.0,0.0,0.0,1.40039609
2025-08-06T16:00:00+02:00,WD_HOME,FULL,False,27.7,23.76099451,21.318314156,23.448984373,cool,0.0,1.40039609,1.40039609,False,False,0.0,0.0,0.0,0.0,0.0,0.0,0.0,0.0,1.40039609
2025-08-06T17:00:00+02:00,WD_HOME,FULL,False,27.6,23.417495425,21.318314156,23.448984373,off,0.0,0.0,0.0,False,True,0.0,0.466068862,0.0,0.0,0.0,0.172229402,0.0,0.0,0.172229402
2025-08-06T18:00:00+02:00,WD_HOME,FULL,False,27.7,24.114579521,21.318314156,23.448984373,cool,0.0,1.40039609,1.40039609,True,True,0.847509775,1.0,0.0,3.849451344,3.849451344,0.880530278,0.0,0.0,6.130377712
2025-08-06T19:00:00+02:00,WD_HOME,FULL,False,27.2,23.712149601,21.318314156,23.448984373,cool,0.0,1.40039609,1.40039609,True,True,1.0,1.0,0.0,5.991447323,5.991447323,0.880530278,0.0,0.0,8.272373691
2025-08-06T20:00:00+02:00,WD_HOME,FULL,False,26.4,23.293458001,21.318314156,23.448984373,off,0.0,0.0,0.0,True,True,1.0,1.0,0.0,0.0,0.0,0.507480247,0.0,0.0,0.507480247
2025-08-06T21:00:00+02:00,WD_HOME,FULL,False,25.5,23.811215001,21.318314156,23.448984373,off,0.0,0.0,0.0,True,True,1.0,1.0,0.0,0.0,0.0,0.0,0.0,0.0,0.0
2025-08-06T22:00:00+02:00,WD_HOME,FULL,False,24.4,24.092679167,21.318314156,23.448984373,cool,0.0,1.40039609,1.40039609,True,True,1.0,1.0,0.0,0.0,0.0,0.0,0.0,0.0,1.40039609
2025-08-06T23:00:00+02:00,WD_HOME,FULL,False,24.2,23.143899306,21.318314156,23.448984373,off,0.0,0.0,0.0,True,True,1.0,1.0,0.0,0.0,0.0,0.0,0.0,0.0,0.0
2025-08-07T00:00:00+02:00,WD_HOME,FULL,False,23.9,23.319916088,21.024255295,23.154925512,off,0.0,0.0,0.0,True,True,1.0,1.0,0.0,0.0,0.0,0.0,0.0,0.0,0.0
2025-08-07T01:00:00+02:00,WD_HOME,FULL,False,24.1,23.41659674,21.024255295,23.154925512,off,0.0,0.0,0.0,True,True,1.0,1.0,0.0,0.0,0.0,0.0,0.0,0.0,0.0
2025-08-07T02:00:00+02:00,WD_HOME,FULL,False,23.3,23.530497284,21.024255295,23.154925512,off,0.0,0.0,0.0,True,True,1.0,1.0,0.0,0.0,0.0,0.0,0.0,0.0,0.0
2025-08-07T03:00:00+02:00,WD_HOME,FULL,False,22.7,23.49208107,21.024255295,23.154925512,off,0.0,0.0,0.0,True,True,1.0,1.0,0.0,0.0,0.0,0.0,0.0,0.0,0.0
2025-08-07T04:00:00+02:00,WD_HOME,FULL,False,22.3,23.360067558,21.024255295,23.154925512,off,0.0,0.0,0.0,True,True,1.0,1.0,0.0,0.0,0.0,0.0,0.0,0.0,0.0
2025-08-07T05:00:00+02:00,WD_HOME,FULL,False,22.2,23.183389632,21.024255295,23.154925512,off,0.0,0.0,0.0,True,True,1.0,1.0,0.0,0.0,0.0,0.0,0.0,0.0,0.0
2025-08-07T06:00:00+02:00,WD_HOME,FULL,False,22.1,23.01949136,21.024255295,23.154925512,off,0.0,0.0,0.0,True,True,1.0,1.0,0.0,0.0,0.0,0.0,0.0,0.0,0.0
2025-08-07T07:00:00+02:00,WD_HOME,FULL,False,22.0,22.8662428,21.024255295,23.154925512,off,0.0,0.0,0.0,True,True,1.0,1.0,0.0,0.0,0.0,0.0,0.0,0.0,0.0
2025-08-07T08:00:00+02:00,WD_HOME,FULL,False,22.1,22.721869,21.024255295,23.154925512,off,0.0,0.0,0.0,True,True,0.517605485,1.0,0.0,0.0,0.0,0.0,0.0,0.0,0.0
2025-08-07T09:00:00+02:00,WD_HOME,EMPTY,False,24.0,22.618224167,20.024255295,24.154925512,off,0.0,0.0,0.0,False,True,0.0,1.0,0.0,0.0,0.0,0.0,0.0,0.0,0.0
2025-08-07T10:00:00+02:00,WD_HOME,EMPTY,False,26.3,22.848520139,20.024255295,24.154925512,off,0.0,0.0,0.0,False,True,0.0,1.0,0.0,0.0,0.0,0.425448522,0.0,0.0,0.425448522
2025-08-07T11:00:00+02:00,WD_HOME,EMPTY,False,27.9,23.423766782,20.024255295,24.154925512,off,0.0,0.0,0.0,False,True,0.0,1.0,0.0,0.0,0.0,0.880530278,0.0,0.0,0.880530278
2025-08-07T12:00:00+02:00,WD_HOME,EMPTY,False,29.1,24.169805652,20.024255295,24.154925512,off,0.0,0.0,0.0,False,True,0.0,1.0,0.0,0.0,0.0,0.880530278,0.0,0.0,0.880530278
2025-08-07T13:00:00+02:00,WD_HOME,EMPTY,False,29.7,24.99150471,20.024255295,24.154925512,cool,0.0,1.40039609,1.40039609,False,True,0.0,1.0,0.0,0.0,0.0,0.880530278,0.0,0.0,2.280926369
2025-08-07T14:00:00+02:00,WD_HOME,EMPTY,False,30.1,24.776253925,20.024255295,24.154925512,cool,0.0,1.40039609,1.40039609,False,True,0.0,1.0,0.0,0.0,0.0,0.880530278,0.0,0.0,2.280926369
2025-08-07T15:00:00+02:00,WD_HOME,EMPTY,False,30.1,24.663544937,20.024255295,24.154925512,cool,0.0,1.40039609,1.40039609,False,True,0.0,1.0,0.0,0.0,0.0,0.880530278,0.0,0.0,2.280926369
2025-08-07T16:00:00+02:00,WD_HOME,EMPTY,False,29.9,24.569620781,20.024255295,24.154925512,cool,0.0,1.40039609,1.40039609,False,True,0.0,1.0,0.0,0.0,0.0,0.880530278,0.0,0.0,2.280926369
2025-08-07T17:00:00+02:00,WD_HOME,FULL,False,29.8,24.458017318,21.024255295,23.154925512,cool,0.0,1.40039609,1.40039609,False,True,0.0,1.0,0.0,0.0,0.0,0.880530278,0.0,0.0,2.280926369
2025-08-07T18:00:00+02:00,WD_HOME,FULL,False,29.4,24.348347765,21.024255295,23.154925512,cool,0.0,1.40039609,1.40039609,True,True,0.31030497,1.0,0.044819009,0.0,0.044819009,0.880530278,0.0,0.0,2.325745377
2025-08-07T19:00:00+02:00,WD_HOME,FULL,False,28.6,24.190289804,21.024255295,23.154925512,cool,0.0,1.40039609,1.40039609,True,True,1.0,1.0,7.4,0.0,7.4,0.557405012,0.0,0.0,9.357801103
2025-08-07T20:00:00+02:00,WD_HOME,FULL,False,27.5,23.925241503,21.024255295,23.154925512,cool,0.0,1.40039609,1.40039609,True,True,1.0,1.0,7.4,0.0,7.4,0.0,0.0,0.0,8.80039609
2025-08-07T21:00:00+02:00,WD_HOME,FULL,False,26.2,23.521034586,21.024255295,23.154925512,cool,0.0,1.40039609,1.40039609,True,True,1.0,1.0,7.4,0.0,7.4,0.0,0.0,0.0,8.80039609
2025-08-07T22:00:00+02:00,WD_HOME,FULL,False,25.1,22.967528822,21.024255295,23.154925512,off,0.0,0.0,0.0,True,True,1.0,1.0,7.4,0.0,7.4,0.0,0.0,0.0,7.4
2025-08-07T23:00:00+02:00,WD_HOME,FULL,False,25.4,23.322940685,21.024255295,23.154925512,off,0.0,0.0,0.0,True,True,1.0,1.0,6.910027218,0.0,6.910027218,0.0,0.0,0.0,6.910027218
2025-08-08T00:00:00+02:00,WD_HOME,FULL,False,25.1,23.669117237,21.784755382,23.915425599,off,0.0,0.0,0.0,True,True,1.0,1.0,0.0,0.0,0.0,0.0,0.0,0.0,0.0
2025-08-08T01:00:00+02:00,WD_HOME,FULL,False,24.1,23.907597698,21.784755382,23.915425599,off,0.0,0.0,0.0,True,True,1.0,1.0,0.0,0.0,0.0,0.0,0.0,0.0,0.0
2025-08-08T02:00:00+02:00,WD_HOME,FULL,False,23.6,23.939664748,21.784755382,23.915425599,off,0.0,0.0,0.0,True,True,1.0,1.0,0.0,0.0,0.0,0.0,0.0,0.0,0.0
2025-08-08T03:00:00+02:00,WD_HOME,FULL,False,23.3,23.883053957,21.784755382,23.915425599,off,0.0,0.0,0.0,True,True,1.0,1.0,0.0,0.0,0.0,0.0,0.0,0.0,0.0
2025-08-08T04:00:00+02:00,WD_HOME,FULL,False,23.2,23.785878297,21.784755382,23.915425599,off,0.0,0.0,0.0,True,True,1.0,1.0,0.0,0.0,0.0,0.0,0.0,0.0,0.0
2025-08-08T05:00:00+02:00,WD_HOME,FULL,False,23.1,23.688231914,21.784755382,23.915425599,off,0.0,0.0,0.0,True,True,1.0,1.0,0.0,0.0,0.0,0.0,0.0,0.0,0.0
2025-08-08T06:00:00+02:00,WD_HOME,FULL,False,22.8,23.590193262,21.784755382,23.915425599,off,0.0,0.0,0.0,True,True,1.0,1.0,0.0,0.0,0.0,0.0,0.0,0.0,0.0
2025-08-08T07:00:00+02:00,WD_HOME,FULL,False,22.4,23.458494385,21.784755382,23.915425599,off,0.0,0.0,0.0,True,True,1.0,1.0,0.0,0.0,0.0,0.10962723,0.0,0.0,0.10962723
2025-08-08T08:00:00+02:00,WD_HOME,FULL,False,22.6,23.282078654,21.784755382,23.915425599,off,0.0,0.0,0.0,True,True,0.984496506,1.0,0.0,0.0,0.0,0.880530278,0.0,0.0,0.880530278
2025-08-08T09:00:00+02:00,WD_HOME,FULL,False,24.4,23.168398878,21.784755382,23.915425599,off,0.0,0.0,0.0,False,True,0.0,1.0,0.0,0.0,0.0,0.880530278,0.0,0.0,0.880530278
2025-08-08T10:00:00+02:00,WD_HOME,FULL,False,26.5,23.373665732,21.784755382,23.915425599,off,0.0,0.0,0.0,False,True,0.0,1.0,0.0,0.0,0.0,0.880530278,0.0,0.0,0.880530278
2025-08-08T11:00:00+02:00,WD_HOME,FULL,False,28.0,23.894721443,21.784755382,23.915425599,off,0.0,0.0,0.0,False,True,0.0,1.0,0.0,0.0,0.0,0.880530278,0.0,0.0,0.880530278
2025-08-08T12:00:00+02:00,WD_HOME,FULL,False,29.3,24.578934536,21.784755382,23.915425599,cool,0.0,1.40039609,1.40039609,False,True,0.0,1.0,0.0,0.0,0.0,0.427906378,0.0,0.0,1.828302468
2025-08-08T13:00:00+02:00,WD_HOME,FULL,False,29.8,24.36577878,21.784755382,23.915425599,cool,0.0,1.40039609,1.40039609,False,True,0.0,1.0,0.0,0.0,0.0,0.0,0.0,0.0,1.40039609
2025-08-08T14:00:00+02:00,WD_HOME,FULL,False,30.4,24.271482317,21.784755382,23.915425599,cool,0.0,1.40039609,1.40039609,False,True,0.0,1.0,0.0,0.0,0.0,0.0,0.0,0.0,1.40039609
2025-08-08T15:00:00+02:00,WD_HOME,FULL,False,30.4,24.292901931,21.784755382,23.915425599,cool,0.0,1.40039609,1.40039609,False,True,0.0,1.0,0.0,0.0,0.0,0.0,0.0,0.0,1.40039609
2025-08-08T16:00:00+02:00,WD_HOME,FULL,False,30.3,24.310751609,21.784755382,23.915425599,cool,0.0,1.40039609,1.40039609,False,True,0.0,1.0,0.0,0.0,0.0,0.727466569,0.0,0.0,2.12786266
2025-08-08T17:00:00+02:00,WD_HOME,FULL,False,30.0,24.308959674,21.784755382,23.915425599,cool,0.0,1.40039609,1.40039609,True,True,0.582482353,1.0,0.0,0.0,0.0,0.880530278,0.0,0.0,2.280926369
2025-08-08T18:00:00+02:00,WD_HOME,FULL,False,29.4,24.257466395,21.784755382,23.915425599,cool,0.0,1.40039609,1.40039609,True,True,1.0,1.0,5.379967951,0.0,5.379967951,0.360133856,0.0,0.0,7.140497898
2025-08-08T19:00:00+02:00,WD_HOME,FULL,False,28.7,24.114555329,21.784755382,23.915425599,cool,0.0,1.40039609,1.40039609,True,True,1.0,1.0,2.779195991,0.0,2.779195991,0.0,0.0,0.0,4.179592082
2025-08-08T20:00:00+02:00,WD_HOME,FULL,False,27.8,23.878796108,21.784755382,23.915425599,off,0.0,0.0,0.0,True,True,1.0,1.0,0.0,0.0,0.0,0.0,0.0,0.0,0.0
2025-08-08T21:00:00+02:00,WD_HOME,FULL,False,26.4,24.53233009,21.784755382,23.915425599,cool,0.0,1.40039609,1.40039609,True,True,1.0,1.0,0.0,0.0,0.0,0.0,0.0,0.0,1.40039609
2025-08-08T22:00:00+02:00,WD_HOME,FULL,False,26.3,23.843608408,21.784755382,23.915425599,off,0.0,0.0,0.0,True,True,1.0,1.0,0.0,0.0,0.0,0.0,0.0,0.0,0.0
2025-08-08T23:00:00+02:00,WD_HOME,FULL,False,25.7,24.253007007,21.784755382,23.915425599,off,0.0,0.0,0.0,True,True,1.0,1.0,0.0,0.0,0.0,0.0,0.0,0.0,0.0
2025-08-09T00:00:00+02:00,WE_HOME,FULL,False,24.9,24.494172506,21.832835721,23.963505938,cool,0.0,1.40039609,1.40039609,True,True,1.0,1.0,0.0,0.0,0.0,0.0,0.0,0.0,1.40039609
2025-08-09T01:00:00+02:00,WE_HOME,FULL,False,24.4,23.561810421,21.832835721,23.963505938,off,0.0,0.0,0.0,True,True,1.0,1.0,0.0,0.0,0.0,0.0,0.0,0.0,0.0
2025-08-09T02:00:00+02:00,WE_HOME,FULL,False,24.9,23.701508684,21.832835721,23.963505938,off,0.0,0.0,0.0,True,True,1.0,1.0,0.0,0.0,0.0,0.0,0.0,0.0,0.0
2025-08-09T03:00:00+02:00,WE_HOME,FULL,False,24.9,23.901257237,21.832835721,23.963505938,off,0.0,0.0,0.0,True,True,1.0,1.0,0.0,0.0,0.0,0.0,0.0,0.0,0.0
2025-08-09T04:00:00+02:00,WE_HOME,FULL,False,24.5,24.067714364,21.832835721,23.963505938,off,0.0,0.0,0.0,True,True,1.0,1.0,0.0,0.0,0.0,0.0,0.0,0.0,0.0
2025-08-09T05:00:00+02:00,WE_HOME,FULL,False,24.2,24.13976197,21.832835721,23.963505938,off,0.0,0.0,0.0,True,True,1.0,1.0,0.0,0.0,0.0,0.0,0.0,0.0,0.0
2025-08-09T06:00:00+02:00,WE_HOME,FULL,False,24.1,24.149801642,21.832835721,23.963505938,off,0.0,0.0,0.0,True,True,1.0,1.0,0.0,0.0,0.0,0.757609008,0.0,0.0,0.757609008
2025-08-09T07:00:00+02:00,WE_HOME,FULL,False,23.9,24.141501368,21.832835721,23.963505938,off,0.0,0.0,0.0,True,True,1.0,1.0,0.0,0.0,0.0,0.880530278,0.0,0.0,0.880530278
2025-08-09T08:00:00+02:00,WE_HOME,FULL,False,23.9,24.10125114,21.832835721,23.963505938,off,0.0,0.0,0.0,True,True,1.0,1.0,0.0,0.0,0.0,0.880530278,0.0,0.0,0.880530278
2025-08-09T09:00:00+02:00,WE_HOME,FULL,False,25.3,24.067709283,21.832835721,23.963505938,off,0.0,0.0,0.0,True,True,0.446735257,1.0,0.0,0.0,0.0,0.283560513,0.0,0.0,0.283560513
2025-08-09T10:00:00+02:00,WE_HOME,EMPTY,False,26.9,24.27309107,20.832835721,24.963505938,off,0.0,0.0,0.0,False,True,0.0,1.0,0.0,0.0,0.0,0.0,0.0,0.0,0.0
2025-08-09T11:00:00+02:00,WE_HOME,EMPTY,False,28.3,24.710909225,20.832835721,24.963505938,off,0.0,0.0,0.0,False,True,0.0,1.0,0.0,0.0,0.0,0.0,0.0,0.0,0.0
2025-08-09T12:00:00+02:00,WE_HOME,EMPTY,False,29.3,25.309091021,20.832835721,24.963505938,off,0.0,0.0,0.0,False,True,0.0,1.0,0.0,0.0,0.0,0.0,0.0,0.0,0.0
2025-08-09T13:00:00+02:00,WE_HOME,EMPTY,False,30.1,25.974242517,20.832835721,24.963505938,cool,0.0,1.40039609,1.40039609,False,True,0.0,1.0,0.0,0.0,0.0,0.0,0.0,0.0,1.40039609
2025-08-09T14:00:00+02:00,WE_HOME,EMPTY,False,30.4,25.661868764,20.832835721,24.963505938,cool,0.0,1.40039609,1.40039609,False,True,0.0,1.0,0.0,0.0,0.0,0.0,0.0,0.0,1.40039609
2025-08-09T15:00:00+02:00,WE_HOME,EMPTY,False,30.3,25.451557304,20.832835721,24.963505938,cool,0.0,1.40039609,1.40039609,False,True,0.0,1.0,0.0,0.0,0.0,0.0,0.0,0.0,1.40039609
2025-08-09T16:00:00+02:00,WE_HOME,FULL,False,30.2,25.259631086,21.832835721,23.963505938,cool,0.0,1.40039609,1.40039609,False,True,0.0,1.0,0.0,0.0,0.0,0.0,0.0,0.0,1.40039609
2025-08-09T17:00:00+02:00,WE_HOME,FULL,False,29.9,25.083025905,21.832835721,23.963505938,cool,0.0,1.40039609,1.40039609,True,True,0.462194291,1.0,0.0,0.0,0.0,0.829891331,0.0,0.0,2.230287421
2025-08-09T18:00:00+02:00,WE_HOME,FULL,False,29.7,24.885854921,21.832835721,23.963505938,cool,0.0,1.40039609,1.40039609,True,True,1.0,1.0,0.0,0.0,0.0,0.880530278,0.0,0.0,2.280926369
2025-08-09T19:00:00+02:00,WE_HOME,FULL,False,28.8,24.688212434,21.832835721,23.963505938,cool,0.0,1.40039609,1.40039609,True,True,1.0,1.0,0.0,0.0,0.0,0.880530278,0.0,0.0,2.280926369
2025-08-09T20:00:00+02:00,WE_HOME,FULL,False,27.8,24.373510362,21.832835721,23.963505938,cool,0.0,1.40039609,1.40039609,True,True,1.0,1.0,0.0,0.0,0.0,0.168034425,0.0,0.0,1.568430516
2025-08-09T21:00:00+02:00,WE_HOME,FULL,False,26.4,23.944591968,21.832835721,23.963505938,off,0.0,0.0,0.0,True,True,1.0,1.0,0.0,0.0,0.0,0.0,0.0,0.0,0.0
2025-08-09T22:00:00+02:00,WE_HOME,FULL,False,25.9,24.35382664,21.832835721,23.963505938,off,0.0,0.0,0.0,True,True,1.0,1.0,0.0,0.0,0.0,0.0,0.0,0.0,0.0
2025-08-09T23:00:00+02:00,WE_HOME,FULL,False,25.7,24.6115222,21.832835721,23.963505938,cool,0.0,1.40039609,1.40039609,True,True,1.0,1.0,0.0,0.0,0.0,0.0,0.0,0.0,1.40039609
2025-08-10T00:00:00+02:00,WE_HOME,FULL,False,25.0,23.792935167,21.320423834,23.451094051,cool,0.0,1.40039609,1.40039609,True,True,1.0,1.0,0.0,0.0,0.0,0.0,0.0,0.0,1.40039609
2025-08-10T01:00:00+02:00,WE_HOME,FULL,False,24.9,22.994112639,21.320423834,23.451094051,off,0.0,0.0,0.0,True,True,1.0,1.0,0.0,0.0,0.0,0.0,0.0,0.0,0.0
2025-08-10T02:00:00+02:00,WE_HOME,FULL,False,25.3,23.311760532,21.320423834,23.451094051,off,0.0,0.0,0.0,True,True,1.0,1.0,0.0,0.0,0.0,0.0,0.0,0.0,0.0
2025-08-10T03:00:00+02:00,WE_HOME,FULL,False,25.1,23.643133777,21.320423834,23.451094051,off,0.0,0.0,0.0,True,True,1.0,1.0,0.0,0.0,0.0,0.0,0.0,0.0,0.0
2025-08-10T04:00:00+02:00,WE_HOME,FULL,False,24.8,23.885944814,21.320423834,23.451094051,off,0.0,0.0,0.0,True,True,1.0,1.0,0.0,0.0,0.0,0.0,0.0,0.0,0.0
2025-08-10T05:00:00+02:00,WE_HOME,FULL,False,24.5,24.038287345,21.320423834,23.451094051,cool,0.0,1.40039609,1.40039609,True,True,1.0,1.0,0.0,0.0,0.0,0.0,0.0,0.0,1.40039609
2025-08-10T06:00:00+02:00,WE_HOME,FULL,False,24.2,23.115239454,21.320423834,23.451094051,off,0.0,0.0,0.0,True,True,1.0,1.0,0.0,0.0,0.0,0.0,0.0,0.0,0.0
2025-08-10T07:00:00+02:00,WE_HOME,FULL,False,24.2,23.296032879,21.320423834,23.451094051,off,0.0,0.0,0.0,True,True,1.0,1.0,0.0,0.0,0.0,0.878410031,0.0,0.0,0.878410031
2025-08-10T08:00:00+02:00,WE_HOME,FULL,False,25.5,23.446694066,21.320423834,23.451094051,off,0.0,0.0,0.0,True,True,1.0,1.0,0.0,0.0,0.0,0.880530278,0.0,0.0,0.880530278
2025-08-10T09:00:00+02:00,WE_HOME,FULL,False,27.5,23.788911721,21.320423834,23.451094051,off,0.0,0.0,0.0,True,True,1.0,1.0,0.0,0.0,0.0,0.880530278,0.0,0.0,0.880530278
2025-08-10T10:00:00+02:00,WE_HOME,FULL,False,29.3,24.407426434,21.320423834,23.451094051,cool,0.0,1.40039609,1.40039609,True,True,1.0,1.0,0.0,0.0,0.0,0.880530278,0.0,0.0,2.280926369
2025-08-10T11:00:00+02:00,WE_HOME,FULL,False,30.8,24.222855362,21.320423834,23.451094051,cool,0.0,1.40039609,1.40039609,True,True,1.0,1.0,0.0,0.0,0.0,0.880530278,0.0,0.0,2.280926369
2025-08-10T12:00:00+02:00,WE_HOME,FULL,False,31.7,24.319046135,21.320423834,23.451094051,cool,0.0,1.40039609,1.40039609,True,True,1.0,1.0,0.0,0.0,0.0,0.587837202,0.0,0.0,1.988233292
2025-08-10T13:00:00+02:00,WE_HOME,FULL,False,32.4,24.549205112,21.320423834,23.451094051,cool,0.0,1.40039609,1.40039609,True,True,1.0,1.0,0.0,0.0,0.0,0.0,0.0,0.0,1.40039609
2025-08-10T14:00:00+02:00,WE_HOME,FULL,False,32.8,24.857670927,21.320423834,23.451094051,cool,0.0,1.40039609,1.40039609,True,True,1.0,1.0,0.0,0.0,0.0,0.0,0.0,0.0,1.40039609
2025-08-10T15:00:00+02:00,WE_HOME,FULL,False,33.0,25.181392439,21.320423834,23.451094051,cool,0.0,1.40039609,1.40039609,True,True,1.0,1.0,0.0,0.0,0.0,0.0,0.0,0.0,1.40039609
2025-08-10T16:00:00+02:00,WE_HOME,FULL,False,32.7,25.484493699,21.320423834,23.451094051,cool,0.0,1.40039609,1.40039609,True,True,1.0,1.0,0.0,0.0,0.0,0.0,0.0,0.0,1.40039609
2025-08-10T17:00:00+02:00,WE_HOME,FULL,False,32.5,25.687078083,21.320423834,23.451094051,cool,0.0,1.40039609,1.40039609,True,True,1.0,1.0,0.0,0.0,0.0,0.758445598,0.0,0.0,2.158841688
2025-08-10T18:00:00+02:00,WE_HOME,FULL,False,32.1,25.822565069,21.320423834,23.451094051,cool,0.0,1.40039609,1.40039609,True,True,1.0,1.0,0.0,0.0,0.0,0.880530278,0.0,0.0,2.280926369
2025-08-10T19:00:00+02:00,WE_HOME,FULL,False,31.7,25.868804224,21.320423834,23.451094051,cool,0.0,1.40039609,1.40039609,True,True,1.0,1.0,0.0,0.0,0.0,0.880530278,0.0,0.0,2.280926369
2025-08-10T20:00:00+02:00,WE_HOME,FULL,False,31.1,25.840670187,21.320423834,23.451094051,cool,0.0,1.40039609,1.40039609,True,True,1.0,1.0,0.0,0.0,0.0,0.554162114,0.0,0.0,1.954558204
2025-08-10T21:00:00+02:00,WE_HOME,FULL,False,29.3,25.717225156,21.320423834,23.451094051,cool,0.0,1.40039609,1.40039609,True,True,1.0,1.0,0.0,0.0,0.0,0.0,0.0,0.0,1.40039609
2025-08-10T22:00:00+02:00,WE_HOME,FULL,False,28.5,25.314354296,21.320423834,23.451094051,cool,0.0,1.40039609,1.40039609,True,True,1.0,1.0,0.0,0.0,0.0,0.0,0.0,0.0,1.40039609
2025-08-10T23:00:00+02:00,WE_HOME,FULL,False,27.7,24.845295247,21.320423834,23.451094051,cool,0.0,1.40039609,1.40039609,True,True,1.0,1.0,0.0,0.0,0.0,0.0,0.0,0.0,1.40039609
2025-08-11T00:00:00+02:00,WD_HOME,FULL,False,27.1,24.321079372,21.165210123,23.29588034,cool,0.0,1.40039609,1.40039609,True,True,1.0,1.0,0.0,0.0,0.0,0.0,0.0,0.0,1.40039609
2025-08-11T01:00:00+02:00,WD_HOME,FULL,False,26.9,23.78423281,21.165210123,23.29588034,cool,0.0,1.40039609,1.40039609,True,True,1.0,1.0,0.0,0.0,0.0,0.0,0.0,0.0,1.40039609
2025-08-11T02:00:00+02:00,WD_HOME,FULL,False,26.8,23.303527342,21.165210123,23.29588034,cool,0.0,1.40039609,1.40039609,True,True,1.0,1.0,0.0,0.0,0.0,0.0,0.0,0.0,1.40039609
2025-08-11T03:00:00+02:00,WD_HOME,FULL,False,26.5,22.886272785,21.165210123,23.29588034,off,0.0,0.0,0.0,True,True,1.0,1.0,0.0,0.0,0.0,0.0,0.0,0.0,0.0
2025-08-11T04:00:00+02:00,WD_HOME,FULL,False,26.3,23.488560654,21.165210123,23.29588034,off,0.0,0.0,0.0,True,True,1.0,1.0,0.0,0.0,0.0,0.0,0.0,0.0,0.0
2025-08-11T05:00:00+02:00,WD_HOME,FULL,False,26.1,23.957133878,21.165210123,23.29588034,cool,0.0,1.40039609,1.40039609,True,True,1.0,1.0,0.0,0.0,0.0,0.0,0.0,0.0,1.40039609
2025-08-11T06:00:00+02:00,WD_HOME,FULL,False,26.1,23.314278232,21.165210123,23.29588034,cool,0.0,1.40039609,1.40039609,True,True,1.0,1.0,0.0,0.0,0.0,0.0,0.0,0.0,1.40039609
2025-08-11T07:00:00+02:00,WD_HOME,FULL,False,25.7,22.778565193,21.165210123,23.29588034,off,0.0,0.0,0.0,True,True,1.0,1.0,0.0,0.0,0.0,0.0,0.0,0.0,0.0
2025-08-11T08:00:00+02:00,WD_HOME,FULL,False,26.8,23.265470994,21.165210123,23.29588034,off,0.0,0.0,0.0,True,True,1.0,0.595973292,0.0,0.0,0.0,0.323717398,0.0,0.0,0.323717398
2025-08-11T09:00:00+02:00,WD_HOME,FULL,False,29.1,23.854559162,21.165210123,23.29588034,cool,0.0,1.40039609,1.40039609,True,False,1.0,0.0,0.0,0.0,0.0,0.880530278,0.0,0.0,2.280926369
2025-08-11T10:00:00+02:00,WD_HOME,FULL,False,31.0,23.728799302,21.165210123,23.29588034,cool,0.0,1.40039609,1.40039609,True,False,1.0,0.0,0.0,0.0,0.0,0.880530278,0.0,0.0,2.280926369
2025-08-11T11:00:00+02:00,WD_HOME,FULL,False,32.0,23.940666085,21.165210123,23.29588034,cool,0.0,1.40039609,1.40039609,True,False,1.0,0.0,0.0,0.0,0.0,0.880530278,0.0,0.0,2.280926369
2025-08-11T12:00:00+02:00,WD_HOME,FULL,False,32.9,24.283888404,21.165210123,23.29588034,cool,0.0,1.40039609,1.40039609,True,False,1.0,0.0,0.0,0.0,0.0,0.880530278,0.0,0.0,2.280926369
2025-08-11T13:00:00+02:00,WD_HOME,FULL,False,33.3,24.719907003,21.165210123,23.29588034,cool,0.0,1.40039609,1.40039609,True,False,1.0,0.0,0.0,0.0,0.0,0.880530278,0.0,0.0,2.280926369
2025-08-11T14:00:00+02:00,WD_HOME,FULL,False,33.5,25.149922503,21.165210123,23.29588034,cool,0.0,1.40039609,1.40039609,True,False,1.0,0.0,0.0,0.0,0.0,0.175975321,0.0,0.0,1.576371411
2025-08-11T15:00:00+02:00,WD_HOME,FULL,False,33.7,25.541602086,21.165210123,23.29588034,cool,0.0,1.40039609,1.40039609,True,False,1.0,0.0,0.0,0.0,0.0,0.0,0.0,0.0,1.40039609
2025-08-11T16:00:00+02:00,WD_HOME,FULL,False,33.6,25.901335071,21.165210123,23.29588034,cool,0.0,1.40039609,1.40039609,True,False,1.0,0.0,0.0,0.0,0.0,0.0,0.0,0.0,1.40039609
2025-08-11T17:00:00+02:00,WD_HOME,FULL,False,33.5,26.184445893,21.165210123,23.29588034,cool,0.0,1.40039609,1.40039609,True,False,1.0,0.0,0.0,0.0,0.0,0.403361398,0.0,0.0,1.803757488
2025-08-11T18:00:00+02:00,WD_HOME,FULL,False,32.8,26.403704911,21.165210123,23.29588034,cool,0.0,1.40039609,1.40039609,True,True,1.0,0.118900643,0.0,0.0,0.0,0.880530278,0.0,0.0,2.280926369
2025-08-11T19:00:00+02:00,WD_HOME,FULL,False,32.1,26.469754092,21.165210123,23.29588034,cool,0.0,1.40039609,1.40039609,True,True,1.0,1.0,0.0,0.0,0.0,0.880530278,0.0,0.0,2.280926369
2025-08-11T20:00:00+02:00,WD_HOME,FULL,False,30.9,26.40812841,21.165210123,23.29588034,cool,0.0,1.40039609,1.40039609,True,True,1.0,1.0,0.0,0.0,0.0,0.359180309,0.0,0.0,1.759576399
2025-08-11T21:00:00+02:00,WD_HOME,FULL,False,29.1,26.156773675,21.165210123,23.29588034,cool,0.0,1.40039609,1.40039609,True,True,1.0,1.0,0.0,0.0,0.0,0.0,0.0,0.0,1.40039609
2025-08-11T22:00:00+02:00,WD_HOME,FULL,False,28.5,25.647311396,21.165210123,23.29588034,cool,0.0,1.40039609,1.40039609,True,True,1.0,1.0,0.0,0.0,0.0,0.0,0.0,0.0,1.40039609
2025-08-11T23:00:00+02:00,WD_HOME,FULL,False,27.7,25.122759497,21.165210123,23.29588034,cool,0.0,1.40039609,1.40039609,True,True,1.0,1.0,0.0,0.0,0.0,0.0,0.0,0.0,1.40039609
2025-08-12T00:00:00+02:00,WD_HOME,FULL,False,26.5,24.552299581,21.647337593,23.77800781,cool,0.0,1.40039609,1.40039609,True,True,1.0,1.0,0.0,0.0,0.0,0.0,0.0,0.0,1.40039609
2025-08-12T01:00:00+02:00,WD_HOME,FULL,False,26.3,23.876916317,21.647337593,23.77800781,cool,0.0,1.40039609,1.40039609,True,True,1.0,1.0,0.0,0.0,0.0,0.0,0.0,0.0,1.40039609
2025-08-12T02:00:00+02:00,WD_HOME,FULL,False,25.9,23.280763598,21.647337593,23.77800781,off,0.0,0.0,0.0,True,True,1.0,1.0,0.0,0.0,0.0,0.0,0.0,0.0,0.0
2025-08-12T03:00:00+02:00,WD_HOME,FULL,False,25.9,23.717302998,21.647337593,23.77800781,off,0.0,0.0,0.0,True,True,1.0,1.0,0.0,0.0,0.0,0.0,0.0,0.0,0.0
2025-08-12T04:00:00+02:00,WD_HOME,FULL,False,25.7,24.081085832,21.647337593,23.77800781,off,0.0,0.0,0.0,True,True,1.0,1.0,0.0,0.0,0.0,0.0,0.0,0.0,0.0
2025-08-12T05:00:00+02:00,WD_HOME,FULL,False,25.6,24.35090486,21.647337593,23.77800781,cool,0.0,1.40039609,1.40039609,True,True,1.0,1.0,0.0,0.0,0.0,0.0,0.0,0.0,1.40039609
2025-08-12T06:00:00+02:00,WD_HOME,FULL,False,25.6,23.559087383,21.647337593,23.77800781,off,0.0,0.0,0.0,True,True,1.0,1.0,0.0,0.0,0.0,0.0,0.0,0.0,0.0
2025-08-12T07:00:00+02:00,WD_HOME,FULL,False,25.6,23.899239486,21.647337593,23.77800781,off,0.0,0.0,0.0,True,True,1.0,1.0,0.0,0.0,0.0,0.0,0.0,0.0,0.0
2025-08-12T08:00:00+02:00,WD_HOME,FULL,False,26.3,24.182699572,21.647337593,23.77800781,off,0.0,0.0,0.0,True,True,0.544902777,0.811533519,0.0,0.0,0.0,0.0,0.0,0.0,0.0
2025-08-12T09:00:00+02:00,WD_HOME,EMPTY,False,28.1,24.535582976,20.647337593,24.77800781,off,0.0,0.0,0.0,False,False,0.0,0.0,0.0,0.0,0.0,0.21321679,0.0,0.0,0.21321679
2025-08-12T10:00:00+02:00,WD_HOME,EMPTY,False,29.8,25.12965248,20.647337593,24.77800781,off,0.0,0.0,0.0,False,False,0.0,0.0,0.0,0.0,0.0,0.880530278,0.0,0.0,0.880530278
2025-08-12T11:00:00+02:00,WD_HOME,EMPTY,False,31.2,25.908043734,20.647337593,24.77800781,cool,0.0,1.40039609,1.40039609,False,False,0.0,0.0,0.0,0.0,0.0,0.880530278,0.0,0.0,2.280926369
2025-08-12T12:00:00+02:00,WD_HOME,EMPTY,False,32.0,25.790036445,20.647337593,24.77800781,cool,0.0,1.40039609,1.40039609,False,False,0.0,0.0,0.0,0.0,0.0,0.880530278,0.0,0.0,2.280926369
2025-08-12T13:00:00+02:00,WD_HOME,EMPTY,False,32.7,25.825030371,20.647337593,24.77800781,cool,0.0,1.40039609,1.40039609,False,False,0.0,0.0,0.0,0.0,0.0,0.880530278,0.0,0.0,2.280926369
2025-08-12T14:00:00+02:00,WD_HOME,EMPTY,False,33.1,25.970858642,20.647337593,24.77800781,cool,0.0,1.40039609,1.40039609,False,False,0.0,0.0,0.0,0.0,0.0,0.880530278,0.0,0.0,2.280926369
2025-08-12T15:00:00+02:00,WD_HOME,EMPTY,False,33.2,26.159048868,20.647337593,24.77800781,cool,0.0,1.40039609,1.40039609,False,False,0.0,0.0,0.0,0.0,0.0,0.880530278,0.0,0.0,2.280926369
2025-08-12T16:00:00+02:00,WD_HOME,EMPTY,False,33.1,26.332540724,20.647337593,24.77800781,cool,0.0,1.40039609,1.40039609,False,False,0.0,0.0,0.0,0.0,0.0,0.880530278,0.0,0.0,2.280926369
2025-08-12T17:00:00+02:00,WD_HOME,EMPTY,False,32.8,26.460450603,20.647337593,24.77800781,cool,0.0,1.40039609,1.40039609,False,True,0.0,0.084376298,0.0,0.0,0.0,0.880530278,0.0,0.0,2.280926369
2025-08-12T18:00:00+02:00,WD_HOME,FULL,False,31.8,26.517042169,21.647337593,23.77800781,cool,0.0,1.40039609,1.40039609,True,True,0.739281392,1.0,3.117788921,4.612013693,7.729802614,0.880530278,0.0,0.0,10.010728983
2025-08-12T19:00:00+02:00,WD_HOME,FULL,False,30.7,26.397535141,21.647337593,23.77800781,cool,0.0,1.40039609,1.40039609,True,True,1.0,1.0,7.4,6.329516863,13.729516863,0.5585299,0.0,0.0,15.688442854
2025-08-12T20:00:00+02:00,WD_HOME,FULL,False,29.5,26.114612618,21.647337593,23.77800781,cool,0.0,1.40039609,1.40039609,True,True,1.0,1.0,7.4,0.0,7.4,0.0,0.0,0.0,8.80039609
2025-08-12T21:00:00+02:00,WD_HOME,FULL,False,28.0,25.678843848,21.647337593,23.77800781,cool,0.0,1.40039609,1.40039609,True,True,1.0,1.0,7.4,0.0,7.4,0.0,0.0,0.0,8.80039609
2025-08-12T22:00:00+02:00,WD_HOME,FULL,False,27.0,25.065703207,21.647337593,23.77800781,cool,0.0,1.40039609,1.40039609,True,True,1.0,1.0,7.4,0.0,7.4,0.0,0.0,0.0,8.80039609
2025-08-12T23:00:00+02:00,WD_HOME,FULL,False,27.1,24.388086006,21.647337593,23.77800781,cool,0.0,1.40039609,1.40039609,True,True,1.0,1.0,4.592551228,0.0,4.592551228,0.0,0.0,0.0,5.992947319
2025-08-13T00:00:00+02:00,WD_HOME,FULL,False,25.9,23.840071671,21.340413569,23.471083786,cool,0.0,1.40039609,1.40039609,True,True,1.0,1.0,0.0,0.0,0.0,0.0,0.0,0.0,1.40039609
2025-08-13T01:00:00+02:00,WD_HOME,FULL,False,26.7,23.183393059,21.340413569,23.471083786,off,0.0,0.0,0.0,True,True,1.0,1.0,0.0,0.0,0.0,0.0,0.0,0.0,0.0
2025-08-13T02:00:00+02:00,WD_HOME,FULL,False,26.7,23.769494216,21.340413569,23.471083786,off,0.0,0.0,0.0,True,True,1.0,1.0,0.0,0.0,0.0,0.0,0.0,0.0,0.0
2025-08-13T03:00:00+02:00,WD_HOME,FULL,False,26.4,24.257911847,21.340413569,23.471083786,cool,0.0,1.40039609,1.40039609,True,True,1.0,1.0,0.0,0.0,0.0,0.0,0.0,0.0,1.40039609
2025-08-13T04:00:00+02:00,WD_HOME,FULL,False,26.0,23.614926539,21.340413569,23.471083786,cool,0.0,1.40039609,1.40039609,True,True,1.0,1.0,0.0,0.0,0.0,0.0,0.0,0.0,1.40039609
2025-08-13T05:00:00+02:00,WD_HOME,FULL,False,25.8,23.012438782,21.340413569,23.471083786,off,0.0,0.0,0.0,True,True,1.0,1.0,0.0,0.0,0.0,0.0,0.0,0.0,0.0
2025-08-13T06:00:00+02:00,WD_HOME,FULL,False,25.5,23.477032319,21.340413569,23.471083786,off,0.0,0.0,0.0,True,True,1.0,1.0,0.0,0.0,0.0,0.0,0.0,0.0,0.0
2025-08-13T07:00:00+02:00,WD_HOME,FULL,False,25.4,23.814193599,21.340413569,23.471083786,off,0.0,0.0,0.0,True,True,1.0,1.0,0.0,0.0,0.0,0.0,0.0,0.0,0.0
2025-08-13T08:00:00+02:00,WD_HOME,FULL,False,25.3,24.078494666,21.340413569,23.471083786,cool,0.0,1.40039609,1.40039609,True,True,0.885584682,0.500066337,0.0,0.0,0.0,0.144607188,0.0,0.0,1.545003279
2025-08-13T09:00:00+02:00,WD_HOME,FULL,False,27.2,23.282078888,21.340413569,23.471083786,off,0.0,0.0,0.0,False,False,0.0,0.0,0.0,0.0,0.0,0.880530278,0.0,0.0,0.880530278
2025-08-13T10:00:00+02:00,WD_HOME,FULL,False,28.9,23.93506574,21.340413569,23.471083786,off,0.0,0.0,0.0,False,False,0.0,0.0,0.0,0.0,0.0,0.880530278,0.0,0.0,0.880530278
2025-08-13T11:00:00+02:00,WD_HOME,FULL,False,30.5,24.762554783,21.340413569,23.471083786,cool,0.0,1.40039609,1.40039609,False,False,0.0,0.0,0.0,0.0,0.0,0.880530278,0.0,0.0,2.280926369
2025-08-13T12:00:00+02:00,WD_HOME,FULL,False,31.3,24.718795653,21.340413569,23.471083786,cool,0.0,1.40039609,1.40039609,False,False,0.0,0.0,0.0,0.0,0.0,0.880530278,0.0,0.0,2.280926369
2025-08-13T13:00:00+02:00,WD_HOME,FULL,False,31.8,24.815663044,21.340413569,23.471083786,cool,0.0,1.40039609,1.40039609,False,False,0.0,0.0,0.0,0.0,0.0,0.880530278,0.0,0.0,2.280926369
2025-08-13T14:00:00+02:00,WD_HOME,FULL,False,32.3,24.979719203,21.340413569,23.471083786,cool,0.0,1.40039609,1.40039609,False,False,0.0,0.0,0.0,0.0,0.0,0.880530278,0.0,0.0,2.280926369
2025-08-13T15:00:00+02:00,WD_HOME,FULL,False,32.3,25.199766003,21.340413569,23.471083786,cool,0.0,1.40039609,1.40039609,False,False,0.0,0.0,0.0,0.0,0.0,0.880530278,0.0,0.0,2.280926369
2025-08-13T16:00:00+02:00,WD_HOME,FULL,False,31.7,25.383138336,21.340413569,23.471083786,cool,0.0,1.40039609,1.40039609,True,False,0.697843499,0.0,0.0,0.0,0.0,0.640575569,0.0,0.0,2.040971659
2025-08-13T17:00:00+02:00,WD_HOME,FULL,False,31.4,25.435948613,21.340413569,23.471083786,cool,0.0,1.40039609,1.40039609,True,False,1.0,0.0,5.23961869,0.0,5.23961869,0.0,0.0,0.0,6.64001478
2025-08-13T18:00:00+02:00,WD_HOME,FULL,False,30.8,25.429957178,21.340413569,23.471083786,cool,0.0,1.40039609,1.40039609,True,True,1.0,0.833035714,4.101828995,4.811815631,8.913644626,0.0,0.0,0.0,10.314040717
2025-08-13T19:00:00+02:00,WD_HOME,FULL,False,30.2,25.324964315,21.340413569,23.471083786,cool,0.0,1.40039609,1.40039609,True,True,1.0,1.0,0.0,3.333949746,3.333949746,0.0,0.0,0.0,4.734345836
2025-08-13T20:00:00+02:00,WD_HOME,FULL,False,29.6,25.137470262,21.340413569,23.471083786,cool,0.0,1.40039609,1.40039609,True,True,1.0,1.0,0.0,0.0,0.0,0.0,0.0,0.0,1.40039609
2025-08-13T21:00:00+02:00,WD_HOME,FULL,False,28.7,24.881225218,21.340413569,23.471083786,cool,0.0,1.40039609,1.40039609,True,True,1.0,1.0,0.0,0.0,0.0,0.0,0.0,0.0,1.40039609
2025-08-13T22:00:00+02:00,WD_HOME,FULL,False,28.1,24.517687682,21.340413569,23.471083786,cool,0.0,1.40039609,1.40039609,True,True,1.0,1.0,0.0,0.0,0.0,0.0,0.0,0.0,1.40039609
2025-08-13T23:00:00+02:00,WD_HOME,FULL,False,27.4,24.114739735,21.340413569,23.471083786,cool,0.0,1.40039609,1.40039609,True,True,1.0,1.0,0.0,0.0,0.0,0.0,0.0,0.0,1.40039609
2025-08-14T00:00:00+02:00,WD_HOME,FULL,False,26.8,23.662283113,21.796293576,23.926963793,off,0.0,0.0,0.0,True,True,1.0,1.0,0.0,0.0,0.0,0.0,0.0,0.0,0.0
2025-08-14T01:00:00+02:00,WD_HOME,FULL,False,27.0,24.185235927,21.796293576,23.926963793,off,0.0,0.0,0.0,True,True,1.0,1.0,0.0,0.0,0.0,0.0,0.0,0.0,0.0
2025-08-14T02:00:00+02:00,WD_HOME,FULL,False,26.4,24.654363273,21.796293576,23.926963793,cool,0.0,1.40039609,1.40039609,True,True,1.0,1.0,0.0,0.0,0.0,0.0,0.0,0.0,1.40039609
2025-08-14T03:00:00+02:00,WD_HOME,FULL,False,25.8,23.945302727,21.796293576,23.926963793,cool,0.0,1.40039609,1.40039609,True,True,1.0,1.0,0.0,0.0,0.0,0.0,0.0,0.0,1.40039609
2025-08-14T04:00:00+02:00,WD_HOME,FULL,False,24.8,23.254418939,21.796293576,23.926963793,off,0.0,0.0,0.0,True,True,1.0,1.0,0.0,0.0,0.0,0.0,0.0,0.0,0.0
2025-08-14T05:00:00+02:00,WD_HOME,FULL,False,24.6,23.512015783,21.796293576,23.926963793,off,0.0,0.0,0.0,True,True,1.0,1.0,0.0,0.0,0.0,0.0,0.0,0.0,0.0
2025-08-14T06:00:00+02:00,WD_HOME,FULL,False,24.2,23.693346486,21.796293576,23.926963793,off,0.0,0.0,0.0,True,True,1.0,1.0,0.0,0.0,0.0,0.0,0.0,0.0,0.0
2025-08-14T07:00:00+02:00,WD_HOME,FULL,False,24.0,23.777788738,21.796293576,23.926963793,off,0.0,0.0,0.0,True,True,1.0,1.0,0.0,0.0,0.0,0.769754688,0.0,0.0,0.769754688
2025-08-14T08:00:00+02:00,WD_HOME,FULL,False,25.4,23.814823948,21.796293576,23.926963793,off,0.0,0.0,0.0,True,True,0.726844874,0.624224622,0.0,0.0,0.0,0.880530278,0.0,0.0,0.880530278
2025-08-14T09:00:00+02:00,WD_HOME,EMPTY,False,27.5,24.079019957,20.796293576,24.926963793,off,0.0,0.0,0.0,False,False,0.0,0.0,0.0,0.0,0.0,0.880530278,0.0,0.0,0.880530278
2025-08-14T10:00:00+02:00,WD_HOME,EMPTY,False,29.5,24.649183297,20.796293576,24.926963793,off,0.0,0.0,0.0,False,False,0.0,0.0,0.0,0.0,0.0,0.355435497,0.0,0.0,0.355435497
2025-08-14T11:00:00+02:00,WD_HOME,EMPTY,False,31.3,25.457652748,20.796293576,24.926963793,cool,0.0,1.40039609,1.40039609,False,False,0.0,0.0,0.0,0.0,0.0,0.0,0.0,0.0,1.40039609
2025-08-14T12:00:00+02:00,WD_HOME,EMPTY,False,32.3,25.43137729,20.796293576,24.926963793,cool,0.0,1.40039609,1.40039609,False,False,0.0,0.0,0.0,0.0,0.0,0.0,0.0,0.0,1.40039609
2025-08-14T13:00:00+02:00,WD_HOME,EMPTY,False,33.3,25.576147742,20.796293576,24.926963793,cool,0.0,1.40039609,1.40039609,False,False,0.0,0.0,0.0,0.0,0.0,0.0,0.0,0.0,1.40039609
2025-08-14T14:00:00+02:00,WD_HOME,EMPTY,False,33.8,25.863456451,20.796293576,24.926963793,cool,0.0,1.40039609,1.40039609,False,False,0.0,0.0,0.0,0.0,0.0,0.0,0.0,0.0,1.40039609
2025-08-14T15:00:00+02:00,WD_HOME,EMPTY,False,33.7,26.186213709,20.796293576,24.926963793,cool,0.0,1.40039609,1.40039609,False,False,0.0,0.0,0.0,0.0,0.0,0.127077285,0.0,0.0,1.527473376
2025-08-14T16:00:00+02:00,WD_HOME,EMPTY,False,33.8,26.438511425,20.796293576,24.926963793,cool,0.0,1.40039609,1.40039609,False,False,0.0,0.0,0.0,0.0,0.0,0.880530278,0.0,0.0,2.280926369
2025-08-14T17:00:00+02:00,WD_HOME,FULL,False,33.5,26.665426187,21.796293576,23.926963793,cool,0.0,1.40039609,1.40039609,False,True,0.0,0.561646885,0.0,1.914604306,1.914604306,0.880530278,0.0,0.0,4.195530675
2025-08-14T18:00:00+02:00,WD_HOME,FULL,False,32.1,26.804521823,21.796293576,23.926963793,cool,0.0,1.40039609,1.40039609,True,True,0.568034532,1.0,0.0,5.948882221,5.948882221,0.617815408,0.0,0.0,7.967093719
2025-08-14T19:00:00+02:00,WD_HOME,FULL,False,31.2,26.687101519,21.796293576,23.926963793,cool,0.0,1.40039609,1.40039609,True,True,1.0,1.0,4.336071555,0.0,4.336071555,0.0,0.0,0.0,5.736467645
2025-08-14T20:00:00+02:00,WD_HOME,FULL,False,30.2,26.439251266,21.796293576,23.926963793,cool,0.0,1.40039609,1.40039609,True,True,1.0,1.0,4.962504892,0.0,4.962504892,0.0,0.0,0.0,6.362900982
2025-08-14T21:00:00+02:00,WD_HOME,FULL,False,28.1,26.066042721,21.796293576,23.926963793,cool,0.0,1.40039609,1.40039609,True,True,1.0,1.0,0.0,0.0,0.0,0.0,0.0,0.0,1.40039609
2025-08-14T22:00:00+02:00,WD_HOME,FULL,False,27.3,25.405035601,21.796293576,23.926963793,cool,0.0,1.40039609,1.40039609,True,True,1.0,1.0,0.0,0.0,0.0,0.0,0.0,0.0,1.40039609
2025-08-14T23:00:00+02:00,WD_HOME,FULL,False,27.0,24.720863001,21.796293576,23.926963793,cool,0.0,1.40039609,1.40039609,True,True,1.0,1.0,0.0,0.0,0.0,0.0,0.0,0.0,1.40039609
2025-08-15T00:00:00+02:00,WD_HOME,FULL,False,26.0,24.100719167,21.170400452,23.301070668,cool,0.0,1.40039609,1.40039609,True,True,1.0,1.0,0.0,0.0,0.0,0.0,0.0,0.0,1.40039609
2025-08-15T01:00:00+02:00,WD_HOME,FULL,False,25.5,23.417265973,21.170400452,23.301070668,cool,0.0,1.40039609,1.40039609,True,True,1.0,1.0,0.0,0.0,0.0,0.0,0.0,0.0,1.40039609
2025-08-15T02:00:00+02:00,WD_HOME,FULL,False,25.1,22.764388311,21.170400452,23.301070668,off,0.0,0.0,0.0,True,True,1.0,1.0,0.0,0.0,0.0,0.0,0.0,0.0,0.0
2025-08-15T03:00:00+02:00,WD_HOME,FULL,False,24.8,23.153656926,21.170400452,23.301070668,off,0.0,0.0,0.0,True,True,1.0,1.0,0.0,0.0,0.0,0.0,0.0,0.0,0.0
2025-08-15T04:00:00+02:00,WD_HOME,FULL,False,24.8,23.428047438,21.170400452,23.301070668,off,0.0,0.0,0.0,True,True,1.0,1.0,0.0,0.0,0.0,0.0,0.0,0.0,0.0
2025-08-15T05:00:00+02:00,WD_HOME,FULL,False,24.7,23.656706198,21.170400452,23.301070668,off,0.0,0.0,0.0,True,True,1.0,1.0,0.0,0.0,0.0,0.0,0.0,0.0,0.0
2025-08-15T06:00:00+02:00,WD_HOME,FULL,False,24.6,23.830588499,21.170400452,23.301070668,cool,0.0,1.40039609,1.40039609,True,True,1.0,1.0,0.0,0.0,0.0,0.0,0.0,0.0,1.40039609
2025-08-15T07:00:00+02:00,WD_HOME,FULL,False,24.5,22.958823749,21.170400452,23.301070668,off,0.0,0.0,0.0,True,True,1.0,1.0,0.0,0.0,0.0,0.0,0.0,0.0,0.0
2025-08-15T08:00:00+02:00,WD_HOME,FULL,False,25.2,23.215686457,21.170400452,23.301070668,off,0.0,0.0,0.0,True,True,1.0,1.0,0.0,0.0,0.0,0.022099752,0.0,0.0,0.022099752
2025-08-15T09:00:00+02:00,WD_HOME,EMPTY,False,26.9,23.546405381,20.170400452,24.301070668,off,0.0,0.0,0.0,True,True,1.0,1.0,0.0,0.0,0.0,0.880530278,0.0,0.0,0.880530278
2025-08-15T10:00:00+02:00,WD_HOME,EMPTY,False,29.6,24.105337818,20.170400452,24.301070668,off,0.0,0.0,0.0,True,True,1.0,1.0,0.0,0.0,0.0,0.880530278,0.0,0.0,0.880530278
2025-08-15T11:00:00+02:00,WD_HOME,EMPTY,False,31.5,25.021114848,20.170400452,24.301070668,cool,0.0,1.40039609,1.40039609,True,True,1.0,1.0,0.0,0.0,0.0,0.880530278,0.0,0.0,2.280926369
2025-08-15T12:00:00+02:00,WD_HOME,EMPTY,False,31.9,25.10092904,20.170400452,24.301070668,cool,0.0,1.40039609,1.40039609,True,True,1.0,1.0,0.0,0.0,0.0,0.880530278,0.0,0.0,2.280926369
2025-08-15T13:00:00+02:00,WD_HOME,EMPTY,False,32.6,25.234107533,20.170400452,24.301070668,cool,0.0,1.40039609,1.40039609,True,True,1.0,1.0,0.0,0.0,0.0,0.880530278,0.0,0.0,2.280926369
2025-08-15T14:00:00+02:00,WD_HOME,EMPTY,False,32.9,25.461756278,20.170400452,24.301070668,cool,0.0,1.40039609,1.40039609,True,True,1.0,1.0,0.0,0.0,0.0,0.880530278,0.0,0.0,2.280926369
2025-08-15T15:00:00+02:00,WD_HOME,EMPTY,False,32.8,25.701463565,20.170400452,24.301070668,cool,0.0,1.40039609,1.40039609,True,True,1.0,1.0,0.0,0.0,0.0,0.880530278,0.0,0.0,2.280926369
2025-08-15T16:00:00+02:00,WD_HOME,EMPTY,False,32.7,25.884552971,20.170400452,24.301070668,cool,0.0,1.40039609,1.40039609,True,True,1.0,1.0,0.0,0.0,0.0,0.880530278,0.0,0.0,2.280926369
2025-08-15T17:00:00+02:00,WD_HOME,EMPTY,False,32.6,26.020460809,20.170400452,24.301070668,cool,0.0,1.40039609,1.40039609,True,True,1.0,1.0,0.0,0.0,0.0,0.880530278,0.0,0.0,2.280926369
2025-08-15T18:00:00+02:00,WD_HOME,EMPTY,False,32.2,26.117050674,20.170400452,24.301070668,cool,0.0,1.40039609,1.40039609,True,True,1.0,1.0,0.0,0.0,0.0,0.555739748,0.0,0.0,1.956135839
2025-08-15T19:00:00+02:00,WD_HOME,FULL,False,31.6,26.130875562,21.170400452,23.301070668,cool,0.0,1.40039609,1.40039609,True,True,1.0,1.0,0.0,0.0,0.0,0.0,0.0,0.0,1.40039609
2025-08-15T20:00:00+02:00,WD_HOME,FULL,False,30.4,26.042396301,21.170400452,23.301070668,cool,0.0,1.40039609,1.40039609,True,True,1.0,1.0,0.0,0.0,0.0,0.0,0.0,0.0,1.40039609
2025-08-15T21:00:00+02:00,WD_HOME,FULL,False,29.0,25.768663585,21.170400452,23.301070668,cool,0.0,1.40039609,1.40039609,True,True,1.0,1.0,0.0,0.0,0.0,0.0,0.0,0.0,1.40039609
2025-08-15T22:00:00+02:00,WD_HOME,FULL,False,28.6,25.307219654,21.170400452,23.301070668,cool,0.0,1.40039609,1.40039609,True,True,1.0,1.0,0.0,0.0,0.0,0.0,0.0,0.0,1.40039609
2025-08-15T23:00:00+02:00,WD_HOME,FULL,False,27.7,24.856016378,21.170400452,23.301070668,cool,0.0,1.40039609,1.40039609,True,True,1.0,1.0,0.0,0.0,0.0,0.0,0.0,0.0,1.40039609
2025-08-16T00:00:00+02:00,WE_HOME,FULL,False,27.1,24.330013648,21.425166375,23.555836592,cool,0.0,1.40039609,1.40039609,True,True,1.0,1.0,0.0,0.0,0.0,0.0,0.0,0.0,1.40039609
2025-08-16T01:00:00+02:00,WE_HOME,FULL,False,27.0,23.79167804,21.425166375,23.555836592,cool,0.0,1.40039609,1.40039609,True,True,1.0,1.0,0.0,0.0,0.0,0.0,0.0,0.0,1.40039609
2025-08-16T02:00:00+02:00,WE_HOME,FULL,False,26.8,23.326398367,21.425166375,23.555836592,off,0.0,0.0,0.0,True,True,1.0,1.0,0.0,0.0,0.0,0.0,0.0,0.0,0.0
2025-08-16T03:00:00+02:00,WE_HOME,FULL,False,26.5,23.905331972,21.425166375,23.555836592,off,0.0,0.0,0.0,True,True,1.0,1.0,0.0,0.0,0.0,0.0,0.0,0.0,0.0
2025-08-16T04:00:00+02:00,WE_HOME,FULL,False,26.0,24.337776644,21.425166375,23.555836592,cool,0.0,1.40039609,1.40039609,True,True,1.0,1.0,0.0,0.0,0.0,0.0,0.0,0.0,1.40039609
2025-08-16T05:00:00+02:00,WE_HOME,FULL,False,25.7,23.61481387,21.425166375,23.555836592,cool,0.0,1.40039609,1.40039609,True,True,1.0,1.0,0.0,0.0,0.0,0.0,0.0,0.0,1.40039609
2025-08-16T06:00:00+02:00,WE_HOME,FULL,False,25.5,22.962344891,21.425166375,23.555836592,off,0.0,0.0,0.0,True,True,1.0,1.0,0.0,0.0,0.0,0.0,0.0,0.0,0.0
2025-08-16T07:00:00+02:00,WE_HOME,FULL,False,25.1,23.38528741,21.425166375,23.555836592,off,0.0,0.0,0.0,True,True,1.0,1.0,0.0,0.0,0.0,0.0,0.0,0.0,0.0
2025-08-16T08:00:00+02:00,WE_HOME,FULL,False,25.9,23.671072841,21.425166375,23.555836592,off,0.0,0.0,0.0,True,True,1.0,1.0,0.0,0.0,0.0,0.266785176,0.0,0.0,0.266785176
2025-08-16T09:00:00+02:00,WE_HOME,FULL,False,28.0,24.042560701,21.425166375,23.555836592,off,0.0,0.0,0.0,True,True,1.0,1.0,0.0,0.0,0.0,0.880530278,0.0,0.0,0.880530278
2025-08-16T10:00:00+02:00,WE_HOME,FULL,False,30.7,24.702133918,21.425166375,23.555836592,cool,0.0,1.40039609,1.40039609,True,True,1.0,1.0,0.0,0.0,0.0,0.880530278,0.0,0.0,2.280926369
2025-08-16T11:00:00+02:00,WE_HOME,FULL,False,33.1,24.701778265,21.425166375,23.555836592,cool,0.0,1.40039609,1.40039609,True,True,0.016838227,1.0,0.0,0.0,0.0,0.880530278,0.0,0.0,2.280926369
2025-08-16T12:00:00+02:00,WE_HOME,FULL,False,34.4,25.101481887,21.425166375,23.555836592,cool,0.0,1.40039609,1.40039609,False,True,0.0,1.0,0.0,0.0,0.0,0.355412625,0.0,0.0,1.755808716
2025-08-16T13:00:00+02:00,WE_HOME,FULL,False,34.6,25.651234906,21.425166375,23.555836592,cool,0.0,1.40039609,1.40039609,False,True,0.0,1.0,0.0,0.0,0.0,0.0,0.0,0.0,1.40039609
2025-08-16T14:00:00+02:00,WE_HOME,FULL,False,34.8,26.142695755,21.425166375,23.555836592,cool,0.0,1.40039609,1.40039609,False,True,0.0,1.0,0.0,0.0,0.0,0.0,0.0,0.0,1.40039609
2025-08-16T15:00:00+02:00,WE_HOME,FULL,False,34.9,26.585579796,21.425166375,23.555836592,cool,0.0,1.40039609,1.40039609,True,True,0.224531811,1.0,0.0,0.0,0.0,0.0,0.0,0.0,1.40039609
2025-08-16T16:00:00+02:00,WE_HOME,FULL,False,34.5,26.971316497,21.425166375,23.555836592,cool,0.0,1.40039609,1.40039609,True,True,1.0,1.0,0.0,0.0,0.0,0.0,0.0,0.0,1.40039609
2025-08-16T17:00:00+02:00,WE_HOME,FULL,False,34.0,27.22609708,21.425166375,23.555836592,cool,0.0,1.40039609,1.40039609,True,True,1.0,1.0,0.0,0.0,0.0,0.13201085,0.0,0.0,1.532406941
2025-08-16T18:00:00+02:00,WE_HOME,FULL,False,33.1,27.3550809,21.425166375,23.555836592,cool,0.0,1.40039609,1.40039609,True,True,1.0,1.0,0.0,0.0,0.0,0.880530278,0.0,0.0,2.280926369
2025-08-16T19:00:00+02:00,WE_HOME,FULL,False,32.4,27.312567417,21.425166375,23.555836592,cool,0.0,1.40039609,1.40039609,True,True,1.0,1.0,0.0,0.0,0.0,0.880530278,0.0,0.0,2.280926369
2025-08-16T20:00:00+02:00,WE_HOME,FULL,False,31.3,27.160472847,21.425166375,23.555836592,cool,0.0,1.40039609,1.40039609,True,True,1.0,1.0,0.0,0.0,0.0,0.274158898,0.0,0.0,1.674554988
2025-08-16T21:00:00+02:00,WE_HOME,FULL,False,29.4,26.85039404,21.425166375,23.555836592,cool,0.0,1.40039609,1.40039609,True,True,1.0,1.0,0.0,0.0,0.0,0.0,0.0,0.0,1.40039609
2025-08-16T22:00:00+02:00,WE_HOME,FULL,False,28.6,26.275328366,21.425166375,23.555836592,cool,0.0,1.40039609,1.40039609,True,True,1.0,1.0,0.0,0.0,0.0,0.0,0.0,0.0,1.40039609
2025-08-16T23:00:00+02:00,WE_HOME,FULL,False,27.6,25.662773639,21.425166375,23.555836592,cool,0.0,1.40039609,1.40039609,True,True,1.0,1.0,0.0,0.0,0.0,0.0,0.0,0.0,1.40039609
2025-08-17T00:00:00+02:00,WE_HOME,FULL,False,26.8,24.985644699,21.856815297,23.987485514,cool,0.0,1.40039609,1.40039609,True,True,1.0,1.0,0.0,0.0,0.0,0.0,0.0,0.0,1.40039609
2025-08-17T01:00:00+02:00,WE_HOME,FULL,False,26.8,24.288037249,21.856815297,23.987485514,cool,0.0,1.40039609,1.40039609,True,True,1.0,1.0,0.0,0.0,0.0,0.0,0.0,0.0,1.40039609
2025-08-17T02:00:00+02:00,WE_HOME,FULL,False,26.4,23.706697708,21.856815297,23.987485514,off,0.0,0.0,0.0,True,True,1.0,1.0,0.0,0.0,0.0,0.0,0.0,0.0,0.0
2025-08-17T03:00:00+02:00,WE_HOME,FULL,False,26.2,24.155581423,21.856815297,23.987485514,off,0.0,0.0,0.0,True,True,1.0,1.0,0.0,0.0,0.0,0.0,0.0,0.0,0.0
2025-08-17T04:00:00+02:00,WE_HOME,FULL,False,26.0,24.496317852,21.856815297,23.987485514,cool,0.0,1.40039609,1.40039609,True,True,1.0,1.0,0.0,0.0,0.0,0.0,0.0,0.0,1.40039609
2025-08-17T05:00:00+02:00,WE_HOME,FULL,False,25.7,23.746931544,21.856815297,23.987485514,off,0.0,0.0,0.0,True,True,1.0,1.0,0.0,0.0,0.0,0.0,0.0,0.0,0.0
2025-08-17T06:00:00+02:00,WE_HOME,FULL,False,25.7,24.072442953,21.856815297,23.987485514,off,0.0,0.0,0.0,True,True,1.0,1.0,0.0,0.0,0.0,0.0,0.0,0.0,0.0
2025-08-17T07:00:00+02:00,WE_HOME,FULL,False,25.6,24.343702461,21.856815297,23.987485514,off,0.0,0.0,0.0,True,True,1.0,1.0,0.0,0.0,0.0,0.0,0.0,0.0,0.0
2025-08-17T08:00:00+02:00,WE_HOME,FULL,False,26.2,24.553085384,21.856815297,23.987485514,cool,0.0,1.40039609,1.40039609,True,True,1.0,1.0,0.0,0.0,0.0,0.18800593,0.0,0.0,1.58840202
2025-08-17T09:00:00+02:00,WE_HOME,FULL,False,27.6,23.827571153,21.856815297,23.987485514,off,0.0,0.0,0.0,True,True,1.0,1.0,0.0,0.0,0.0,0.880530278,0.0,0.0,0.880530278
2025-08-17T10:00:00+02:00,WE_HOME,FULL,False,30.0,24.456309295,21.856815297,23.987485514,off,0.0,0.0,0.0,True,True,1.0,0.752629947,0.0,0.0,0.0,0.880530278,0.0,0.0,0.880530278
2025-08-17T11:00:00+02:00,WE_HOME,FULL,False,31.5,25.380257745,21.856815297,23.987485514,cool,0.0,1.40039609,1.40039609,True,False,1.0,0.0,0.0,0.0,0.0,0.880530278,0.0,0.0,2.280926369
2025-08-17T12:00:00+02:00,WE_HOME,FULL,False,32.8,25.400214788,21.856815297,23.987485514,cool,0.0,1.40039609,1.40039609,True,False,0.220605891,0.0,0.0,0.0,0.0,0.880530278,0.0,0.0,2.280926369
2025-08-17T13:00:00+02:00,WE_HOME,EMPTY,False,33.5,25.633512323,20.856815297,24.987485514,cool,0.0,1.40039609,1.40039609,False,False,0.0,0.0,0.0,0.0,0.0,0.459477737,0.0,0.0,1.859873828
2025-08-17T14:00:00+02:00,WE_HOME,EMPTY,False,33.0,25.944593603,20.856815297,24.987485514,cool,0.0,1.40039609,1.40039609,False,False,0.0,0.0,0.0,0.0,0.0,0.0,0.0,0.0,1.40039609
2025-08-17T15:00:00+02:00,WE_HOME,EMPTY,False,32.6,26.120494669,20.856815297,24.987485514,cool,0.0,1.40039609,1.40039609,False,False,0.0,0.0,0.0,0.0,0.0,0.0,0.0,0.0,1.40039609
2025-08-17T16:00:00+02:00,WE_HOME,EMPTY,False,32.0,26.200412224,20.856815297,24.987485514,cool,0.0,1.40039609,1.40039609,False,False,0.0,0.0,0.0,0.0,0.0,0.804347263,0.0,0.0,2.204743353
2025-08-17T17:00:00+02:00,WE_HOME,EMPTY,False,31.2,26.167010187,20.856815297,24.987485514,cool,0.0,1.40039609,1.40039609,False,True,0.0,0.829475153,0.0,2.930558403,2.930558403,0.880530278,0.0,0.0,5.211484772
2025-08-17T18:00:00+02:00,WE_HOME,FULL,False,30.8,26.005841822,21.856815297,23.987485514,cool,0.0,1.40039609,1.40039609,False,True,0.0,1.0,0.0,7.4,7.4,0.880530278,0.0,0.0,9.680926369
2025-08-17T19:00:00+02:00,WE_HOME,FULL,False,30.1,25.804868185,21.856815297,23.987485514,cool,0.0,1.40039609,1.40039609,True,True,0.498738282,1.0,1.413410346,5.802726336,7.216136681,0.223296031,0.0,0.0,8.839828802
2025-08-17T20:00:00+02:00,WE_HOME,FULL,False,29.0,25.520723488,21.856815297,23.987485514,cool,0.0,1.40039609,1.40039609,True,True,1.0,1.0,7.4,0.0,7.4,0.0,0.0,0.0,8.80039609
2025-08-17T21:00:00+02:00,WE_HOME,FULL,False,27.9,25.100602906,21.856815297,23.987485514,cool,0.0,1.40039609,1.40039609,True,True,1.0,1.0,7.4,0.0,7.4,0.0,0.0,0.0,8.80039609
2025-08-17T22:00:00+02:00,WE_HOME,FULL,False,27.0,24.567169089,21.856815297,23.987485514,cool,0.0,1.40039609,1.40039609,True,True,1.0,1.0,6.820459553,0.0,6.820459553,0.0,0.0,0.0,8.220855643
2025-08-17T23:00:00+02:00,WE_HOME,FULL,False,26.6,23.972640907,21.856815297,23.987485514,off,0.0,0.0,0.0,True,True,1.0,1.0,0.0,0.0,0.0,0.0,0.0,0.0,0.0
2025-08-18T00:00:00+02:00,WD_HOME,FULL,False,26.0,24.410534089,20.881189517,23.011859734,cool,0.0,1.40039609,1.40039609,True,True,1.0,1.0,0.0,0.0,0.0,0.0,0.0,0.0,1.40039609
2025-08-18T01:00:00+02:00,WD_HOME,FULL,False,25.4,23.675445074,20.881189517,23.011859734,cool,0.0,1.40039609,1.40039609,True,True,1.0,1.0,0.0,0.0,0.0,0.0,0.0,0.0,1.40039609
2025-08-18T02:00:00+02:00,WD_HOME,FULL,False,25.6,22.962870895,20.881189517,23.011859734,off,0.0,0.0,0.0,True,True,1.0,1.0,0.0,0.0,0.0,0.0,0.0,0.0,0.0
2025-08-18T03:00:00+02:00,WD_HOME,FULL,False,25.5,23.402392413,20.881189517,23.011859734,off,0.0,0.0,0.0,True,True,1.0,1.0,0.0,0.0,0.0,0.0,0.0,0.0,0.0
2025-08-18T04:00:00+02:00,WD_HOME,FULL,False,24.9,23.751993677,20.881189517,23.011859734,cool,0.0,1.40039609,1.40039609,True,True,1.0,1.0,0.0,0.0,0.0,0.0,0.0,0.0,1.40039609
2025-08-18T05:00:00+02:00,WD_HOME,FULL,False,24.7,22.943328064,20.881189517,23.011859734,off,0.0,0.0,0.0,True,True,1.0,1.0,0.0,0.0,0.0,0.0,0.0,0.0,0.0
2025-08-18T06:00:00+02:00,WD_HOME,FULL,False,24.7,23.23610672,20.881189517,23.011859734,off,0.0,0.0,0.0,True,True,1.0,1.0,0.0,0.0,0.0,0.531798566,0.0,0.0,0.531798566
2025-08-18T07:00:00+02:00,WD_HOME,FULL,False,24.9,23.480088934,20.881189517,23.011859734,off,0.0,0.0,0.0,True,True,1.0,1.0,0.0,0.0,0.0,0.880530278,0.0,0.0,0.880530278
2025-08-18T08:00:00+02:00,WD_HOME,FULL,False,25.7,23.716740778,20.881189517,23.011859734,cool,0.0,1.40039609,1.40039609,True,True,1.0,1.0,0.0,0.0,0.0,0.880530278,0.0,0.0,2.280926369
2025-08-18T09:00:00+02:00,WD_HOME,EMPTY,False,27.3,23.047283982,19.881189517,24.011859734,off,0.0,0.0,0.0,True,True,1.0,1.0,0.0,0.0,0.0,0.880530278,0.0,0.0,0.880530278
2025-08-18T10:00:00+02:00,WD_HOME,EMPTY,False,29.2,23.756069985,19.881189517,24.011859734,off,0.0,0.0,0.0,True,True,1.0,1.0,0.0,0.0,0.0,0.404610948,0.0,0.0,0.404610948
2025-08-18T11:00:00+02:00,WD_HOME,EMPTY,False,30.9,24.663391654,19.881189517,24.011859734,cool,0.0,1.40039609,1.40039609,True,True,1.0,1.0,0.0,0.0,0.0,0.0,0.0,0.0,1.40039609
2025-08-18T12:00:00+02:00,WD_HOME,EMPTY,False,31.1,24.702826378,19.881189517,24.011859734,cool,0.0,1.40039609,1.40039609,True,True,1.0,1.0,0.0,0.0,0.0,0.0,0.0,0.0,1.40039609
2025-08-18T13:00:00+02:00,WD_HOME,EMPTY,False,31.6,24.769021982,19.881189517,24.011859734,cool,0.0,1.40039609,1.40039609,True,True,1.0,1.0,0.0,0.0,0.0,0.0,0.0,0.0,1.40039609
2025-08-18T14:00:00+02:00,WD_HOME,EMPTY,False,31.7,24.907518318,19.881189517,24.011859734,cool,0.0,1.40039609,1.40039609,True,True,1.0,1.0,0.0,0.0,0.0,0.0,0.0,0.0,1.40039609
2025-08-18T15:00:00+02:00,WD_HOME,EMPTY,False,31.7,25.039598599,19.881189517,24.011859734,cool,0.0,1.40039609,1.40039609,True,True,1.0,1.0,0.0,0.0,0.0,0.311866119,0.0,0.0,1.71226221
2025-08-18T16:00:00+02:00,WD_HOME,EMPTY,False,31.2,25.149665499,19.881189517,24.011859734,cool,0.0,1.40039609,1.40039609,True,True,1.0,1.0,0.0,0.0,0.0,0.880530278,0.0,0.0,2.280926369
2025-08-18T17:00:00+02:00,WD_HOME,FULL,False,30.3,25.158054582,20.881189517,23.011859734,cool,0.0,1.40039609,1.40039609,True,True,1.0,1.0,0.0,0.0,0.0,0.880530278,0.0,0.0,2.280926369
2025-08-18T18:00:00+02:00,WD_HOME,FULL,False,29.3,25.015045485,20.881189517,23.011859734,cool,0.0,1.40039609,1.40039609,True,True,1.0,1.0,0.0,0.0,0.0,0.720609436,0.0,0.0,2.121005526
2025-08-18T19:00:00+02:00,WD_HOME,FULL,False,28.8,24.729204571,20.881189517,23.011859734,cool,0.0,1.40039609,1.40039609,True,True,1.0,1.0,0.0,0.0,0.0,0.0,0.0,0.0,1.40039609
2025-08-18T20:00:00+02:00,WD_HOME,FULL,False,28.3,24.407670476,20.881189517,23.011859734,cool,0.0,1.40039609,1.40039609,True,True,1.0,1.0,0.0,0.0,0.0,0.0,0.0,0.0,1.40039609
2025-08-18T21:00:00+02:00,WD_HOME,FULL,False,27.8,24.056392063,20.881189517,23.011859734,cool,0.0,1.40039609,1.40039609,True,True,1.0,1.0,0.0,0.0,0.0,0.0,0.0,1.758240582,3.158636672
2025-08-18T22:00:00+02:00,WD_HOME,FULL,False,27.5,23.680326719,20.881189517,23.011859734,cool,0.0,1.40039609,1.40039609,True,True,1.0,1.0,0.0,0.0,0.0,0.0,0.0,5.946938535,7.347334625
2025-08-18T23:00:00+02:00,WD_HOME,FULL,False,26.6,23.316938933,20.881189517,23.011859734,cool,0.0,1.40039609,1.40039609,True,True,1.0,1.0,0.0,0.0,0.0,0.0,0.0,0.0,1.40039609
2025-08-19T00:00:00+02:00,WD_HOME,FULL,False,26.5,22.864115777,21.686783293,23.81745351,off,0.0,0.0,0.0,True,True,1.0,1.0,0.0,0.0,0.0,0.0,0.0,0.0,0.0
2025-08-19T01:00:00+02:00,WD_HOME,FULL,False,26.2,23.470096481,21.686783293,23.81745351,off,0.0,0.0,0.0,True,True,1.0,1.0,0.0,0.0,0.0,0.0,0.0,0.0,0.0
2025-08-19T02:00:00+02:00,WD_HOME,FULL,False,25.9,23.925080401,21.686783293,23.81745351,off,0.0,0.0,0.0,True,True,1.0,1.0,0.0,0.0,0.0,0.0,0.0,0.0,0.0
2025-08-19T03:00:00+02:00,WD_HOME,FULL,False,25.7,24.254233667,21.686783293,23.81745351,off,0.0,0.0,0.0,True,True,1.0,1.0,0.0,0.0,0.0,0.0,0.0,0.0,0.0
2025-08-19T04:00:00+02:00,WD_HOME,FULL,False,25.5,24.495194723,21.686783293,23.81745351,cool,0.0,1.40039609,1.40039609,True,True,1.0,1.0,0.0,0.0,0.0,0.0,0.0,0.0,1.40039609
2025-08-19T05:00:00+02:00,WD_HOME,FULL,False,25.5,23.662662269,21.686783293,23.81745351,off,0.0,0.0,0.0,True,True,1.0,1.0,0.0,0.0,0.0,0.0,0.0,0.0,0.0
2025-08-19T06:00:00+02:00,WD_HOME,FULL,False,25.8,23.968885224,21.686783293,23.81745351,off,0.0,0.0,0.0,True,True,1.0,1.0,0.0,0.0,0.0,0.421604873,0.0,0.0,0.421604873
2025-08-19T07:00:00+02:00,WD_HOME,FULL,False,24.9,24.27407102,21.686783293,23.81745351,off,0.0,0.0,0.0,True,True,1.0,1.0,0.0,0.0,0.0,0.880530278,0.0,0.0,0.880530278
2025-08-19T08:00:00+02:00,WD_HOME,FULL,False,25.6,24.378392517,21.686783293,23.81745351,cool,0.0,1.40039609,1.40039609,True,True,0.533203763,1.0,0.0,0.0,0.0,0.880530278,0.0,0.0,2.280926369
2025-08-19T09:00:00+02:00,WD_HOME,FULL,False,26.6,23.581993764,21.686783293,23.81745351,off,0.0,0.0,0.0,False,True,0.0,1.0,0.0,0.0,0.0,0.880530278,0.0,0.0,0.880530278
2025-08-19T10:00:00+02:00,WD_HOME,FULL,False,27.2,24.084994803,21.686783293,23.81745351,off,0.0,0.0,0.0,False,True,0.0,1.0,0.0,0.0,0.0,0.875052729,0.0,0.0,0.875052729
2025-08-19T11:00:00+02:00,WD_HOME,FULL,False,27.7,24.604162336,21.686783293,23.81745351,cool,0.0,1.40039609,1.40039609,False,True,0.0,1.0,0.0,0.0,0.0,0.0,0.0,0.0,1.40039609
2025-08-19T12:00:00+02:00,WD_HOME,FULL,False,28.3,24.12013528,21.686783293,23.81745351,cool,0.0,1.40039609,1.40039609,False,True,0.0,1.0,0.0,0.0,0.0,0.0,0.0,0.0,1.40039609
2025-08-19T13:00:00+02:00,WD_HOME,FULL,False,29.1,23.8167794,21.686783293,23.81745351,off,0.0,0.0,0.0,False,True,0.0,1.0,0.0,0.0,0.0,0.0,0.0,0.0,0.0
2025-08-19T14:00:00+02:00,WD_HOME,FULL,False,29.7,24.697316167,21.686783293,23.81745351,cool,0.0,1.40039609,1.40039609,False,True,0.0,1.0,0.0,0.0,0.0,0.0,0.0,0.0,1.40039609
2025-08-19T15:00:00+02:00,WD_HOME,FULL,False,29.3,24.531096806,21.686783293,23.81745351,cool,0.0,1.40039609,1.40039609,False,True,0.0,1.0,0.0,0.0,0.0,0.0,0.0,0.0,1.40039609
2025-08-19T16:00:00+02:00,WD_HOME,FULL,False,29.6,24.325914005,21.686783293,23.81745351,cool,0.0,1.40039609,1.40039609,False,True,0.0,1.0,0.0,0.0,0.0,0.398819044,0.0,0.0,1.799215134
2025-08-19T17:00:00+02:00,WD_HOME,FULL,False,29.8,24.204928337,21.686783293,23.81745351,cool,0.0,1.40039609,1.40039609,False,True,0.0,1.0,0.0,0.0,0.0,0.880530278,0.0,0.0,2.280926369
2025-08-19T18:00:00+02:00,WD_HOME,FULL,False,29.2,24.137440281,21.686783293,23.81745351,cool,0.0,1.40039609,1.40039609,True,True,0.896885262,1.0,2.98066126,0.0,2.98066126,0.880530278,0.0,0.0,5.261587629
2025-08-19T19:00:00+02:00,WD_HOME,FULL,False,27.8,23.981200234,21.686783293,23.81745351,cool,0.0,1.40039609,1.40039609,True,True,1.0,1.0,7.4,0.0,7.4,0.289958041,0.0,0.0,9.090354131
2025-08-19T20:00:00+02:00,WD_HOME,FULL,False,26.6,23.617666862,21.686783293,23.81745351,off,0.0,0.0,0.0,True,True,1.0,1.0,5.128024116,0.0,5.128024116,0.0,0.0,0.0,5.128024116
2025-08-19T21:00:00+02:00,WD_HOME,FULL,False,26.4,24.114722385,21.686783293,23.81745351,off,0.0,0.0,0.0,True,True,1.0,1.0,0.0,0.0,0.0,0.0,0.0,0.0,0.0
2025-08-19T22:00:00+02:00,WD_HOME,FULL,False,26.5,24.495601987,21.686783293,23.81745351,cool,0.0,1.40039609,1.40039609,True,True,1.0,1.0,0.0,0.0,0.0,0.0,0.0,0.0,1.40039609
2025-08-19T23:00:00+02:00,WD_HOME,FULL,False,25.9,23.829668323,21.686783293,23.81745351,cool,0.0,1.40039609,1.40039609,True,True,1.0,1.0,0.0,0.0,0.0,0.0,0.0,0.0,1.40039609
2025-08-20T00:00:00+02:00,WD_HOME,FULL,False,25.0,23.174723602,21.266963515,23.397633732,off,0.0,0.0,0.0,True,True,1.0,1.0,0.0,0.0,0.0,0.0,0.0,0.0,0.0
2025-08-20T01:00:00+02:00,WD_HOME,FULL,False,25.1,23.478936335,21.266963515,23.397633732,off,0.0,0.0,0.0,True,True,1.0,1.0,0.0,0.0,0.0,0.0,0.0,0.0,0.0
2025-08-20T02:00:00+02:00,WD_HOME,FULL,False,24.5,23.749113613,21.266963515,23.397633732,off,0.0,0.0,0.0,True,True,1.0,1.0,0.0,0.0,0.0,0.0,0.0,0.0,0.0
2025-08-20T03:00:00+02:00,WD_HOME,FULL,False,24.2,23.874261344,21.266963515,23.397633732,off,0.0,0.0,0.0,True,True,1.0,1.0,0.0,0.0,0.0,0.0,0.0,0.0,0.0
2025-08-20T04:00:00+02:00,WD_HOME,FULL,False,24.4,23.92855112,21.266963515,23.397633732,cool,0.0,1.40039609,1.40039609,True,True,1.0,1.0,0.0,0.0,0.0,0.0,0.0,0.0,1.40039609
2025-08-20T05:00:00+02:00,WD_HOME,FULL,False,24.2,23.007125933,21.266963515,23.397633732,off,0.0,0.0,0.0,True,True,1.0,1.0,0.0,0.0,0.0,0.0,0.0,0.0,0.0
2025-08-20T06:00:00+02:00,WD_HOME,FULL,False,23.5,23.205938278,21.266963515,23.397633732,off,0.0,0.0,0.0,True,True,1.0,1.0,0.0,0.0,0.0,0.628938366,0.0,0.0,0.628938366
2025-08-20T07:00:00+02:00,WD_HOME,FULL,False,23.0,23.254948565,21.266963515,23.397633732,off,0.0,0.0,0.0,True,True,1.0,1.0,0.0,0.0,0.0,0.880530278,0.0,0.0,0.880530278
2025-08-20T08:00:00+02:00,WD_HOME,FULL,False,22.9,23.212457137,21.266963515,23.397633732,off,0.0,0.0,0.0,True,True,0.976092817,0.963659918,0.0,0.0,0.0,0.880530278,0.0,0.0,0.880530278
2025-08-20T09:00:00+02:00,WD_HOME,EMPTY,False,23.4,23.160380948,20.266963515,24.397633732,off,0.0,0.0,0.0,False,False,0.0,0.0,0.0,0.0,0.0,0.880530278,0.0,0.0,0.880530278
2025-08-20T10:00:00+02:00,WD_HOME,EMPTY,False,24.3,23.200317456,20.266963515,24.397633732,off,0.0,0.0,0.0,False,False,0.0,0.0,0.0,0.0,0.0,0.880530278,0.0,0.0,0.880530278
2025-08-20T11:00:00+02:00,WD_HOME,EMPTY,False,25.0,23.38359788,20.266963515,24.397633732,off,0.0,0.0,0.0,False,False,0.0,0.0,0.0,0.0,0.0,0.362259778,0.0,0.0,0.362259778
2025-08-20T12:00:00+02:00,WD_HOME,EMPTY,False,24.4,23.652998234,20.266963515,24.397633732,off,0.0,0.0,0.0,False,False,0.0,0.0,0.0,0.0,0.0,0.0,0.0,0.0,0.0
2025-08-20T13:00:00+02:00,WD_HOME,EMPTY,False,24.8,23.777498528,20.266963515,24.397633732,off,0.0,0.0,0.0,False,False,0.0,0.0,0.0,0.0,0.0,0.0,0.0,0.0,0.0
2025-08-20T14:00:00+02:00,WD_HOME,EMPTY,False,24.4,23.94791544,20.266963515,24.397633732,off,0.0,0.0,0.0,False,False,0.0,0.0,0.0,0.0,0.0,0.0,0.0,0.0,0.0
2025-08-20T15:00:00+02:00,WD_HOME,EMPTY,False,24.9,24.023262867,20.266963515,24.397633732,off,0.0,0.0,0.0,False,False,0.0,0.0,0.0,0.0,0.0,0.534580458,0.0,0.0,0.534580458
2025-08-20T16:00:00+02:00,WD_HOME,EMPTY,False,25.3,24.169385722,20.266963515,24.397633732,off,0.0,0.0,0.0,False,False,0.0,0.0,0.0,0.0,0.0,0.880530278,0.0,0.0,0.880530278
2025-08-20T17:00:00+02:00,WD_HOME,FULL,False,24.8,24.357821435,21.266963515,23.397633732,cool,0.0,1.40039609,1.40039609,False,True,0.0,0.003887967,0.0,0.0,0.0,0.880530278,0.0,0.0,2.280926369
2025-08-20T18:00:00+02:00,WD_HOME,FULL,False,24.5,23.431517863,21.266963515,23.397633732,cool,0.0,1.40039609,1.40039609,True,True,0.013360607,1.0,0.0,6.912231284,6.912231284,0.880530278,0.0,0.0,9.193157652
2025-08-20T19:00:00+02:00,WD_HOME,FULL,False,24.1,22.609598219,21.266963515,23.397633732,off,0.0,0.0,0.0,True,True,1.0,1.0,5.093469459,0.0,5.093469459,0.401424034,0.0,0.0,5.494893492
2025-08-20T20:00:00+02:00,WD_HOME,FULL,False,23.7,22.857998516,21.266963515,23.397633732,off,0.0,0.0,0.0,True,True,1.0,1.0,1.340358403,0.0,1.340358403,0.0,0.0,0.0,1.340358403
2025-08-20T21:00:00+02:00,WD_HOME,FULL,False,22.8,22.998332096,21.266963515,23.397633732,off,0.0,0.0,0.0,True,True,1.0,1.0,0.0,0.0,0.0,0.0,0.0,0.0,0.0
2025-08-20T22:00:00+02:00,WD_HOME,FULL,False,22.4,22.965276747,21.266963515,23.397633732,off,0.0,0.0,0.0,True,True,1.0,1.0,0.0,0.0,0.0,0.0,0.0,0.0,0.0
2025-08-20T23:00:00+02:00,WD_HOME,FULL,False,22.7,22.871063956,21.266963515,23.397633732,off,0.0,0.0,0.0,True,True,1.0,1.0,0.0,0.0,0.0,0.0,0.0,0.0,0.0
2025-08-21T00:00:00+02:00,WD_HOME,FULL,False,21.8,22.842553297,21.036084158,23.166754375,off,0.0,0.0,0.0,True,True,1.0,1.0,0.0,0.0,0.0,0.0,0.0,0.0,0.0
2025-08-21T01:00:00+02:00,WD_HOME,FULL,False,21.4,22.668794414,21.036084158,23.166754375,off,0.0,0.0,0.0,True,True,1.0,1.0,0.0,0.0,0.0,0.0,0.0,0.0,0.0
2025-08-21T02:00:00+02:00,WD_HOME,FULL,False,21.1,22.457328678,21.036084158,23.166754375,off,0.0,0.0,0.0,True,True,1.0,1.0,0.0,0.0,0.0,0.0,0.0,0.0,0.0
2025-08-21T03:00:00+02:00,WD_HOME,FULL,False,20.5,22.231107232,21.036084158,23.166754375,off,0.0,0.0,0.0,True,True,1.0,1.0,0.0,0.0,0.0,0.0,0.0,0.0,0.0
2025-08-21T04:00:00+02:00,WD_HOME,FULL,False,20.5,21.94258936,21.036084158,23.166754375,off,0.0,0.0,0.0,True,True,1.0,1.0,0.0,0.0,0.0,0.0,0.0,0.0,0.0
2025-08-21T05:00:00+02:00,WD_HOME,FULL,False,20.6,21.7021578,21.036084158,23.166754375,off,0.0,0.0,0.0,True,True,1.0,1.0,0.0,0.0,0.0,0.0,0.0,0.0,0.0
2025-08-21T06:00:00+02:00,WD_HOME,FULL,False,20.8,21.518464833,21.036084158,23.166754375,off,0.0,0.0,0.0,True,True,1.0,1.0,0.0,0.0,0.0,0.0,0.0,0.0,0.0
2025-08-21T07:00:00+02:00,WD_HOME,FULL,False,21.0,21.398720694,21.036084158,23.166754375,off,0.0,0.0,0.0,True,True,1.0,1.0,0.0,0.0,0.0,0.0,0.0,0.0,0.0
2025-08-21T08:00:00+02:00,WD_HOME,FULL,False,20.9,21.332267245,21.036084158,23.166754375,off,0.0,0.0,0.0,True,True,0.898333458,0.519333312,0.0,0.0,0.0,0.310458867,0.0,0.0,0.310458867
2025-08-21T09:00:00+02:00,WD_HOME,EMPTY,False,21.7,21.260222704,20.036084158,24.166754375,off,0.0,0.0,0.0,False,False,0.0,0.0,0.0,0.0,0.0,0.880530278,0.0,0.0,0.880530278
2025-08-21T10:00:00+02:00,WD_HOME,EMPTY,False,22.6,21.33351892,20.036084158,24.166754375,off,0.0,0.0,0.0,False,False,0.0,0.0,0.0,0.0,0.0,0.880530278,0.0,0.0,0.880530278
2025-08-21T11:00:00+02:00,WD_HOME,EMPTY,False,23.3,21.5445991,20.036084158,24.166754375,off,0.0,0.0,0.0,False,False,0.0,0.0,0.0,0.0,0.0,0.880530278,0.0,0.0,0.880530278
2025-08-21T12:00:00+02:00,WD_HOME,EMPTY,False,24.7,21.837165917,20.036084158,24.166754375,off,0.0,0.0,0.0,False,False,0.0,0.0,0.0,0.0,0.0,0.852515683,0.0,0.0,0.852515683
2025-08-21T13:00:00+02:00,WD_HOME,EMPTY,False,25.6,22.314304931,20.036084158,24.166754375,off,0.0,0.0,0.0,False,False,0.0,0.0,0.0,0.0,0.0,0.0,0.0,0.0,0.0
2025-08-21T14:00:00+02:00,WD_HOME,EMPTY,False,26.7,22.861920776,20.036084158,24.166754375,off,0.0,0.0,0.0,False,False,0.0,0.0,0.0,0.0,0.0,0.0,0.0,0.0,0.0
2025-08-21T15:00:00+02:00,WD_HOME,EMPTY,False,27.1,23.501600646,20.036084158,24.166754375,off,0.0,0.0,0.0,False,False,0.0,0.0,0.0,0.0,0.0,0.0,0.0,0.0,0.0
2025-08-21T16:00:00+02:00,WD_HOME,EMPTY,False,27.4,24.101333872,20.036084158,24.166754375,off,0.0,0.0,0.0,False,False,0.0,0.0,0.0,0.0,0.0,0.0,0.0,0.0,0.0
2025-08-21T17:00:00+02:00,WD_HOME,EMPTY,False,26.9,24.65111156,20.036084158,24.166754375,off,0.0,0.0,0.0,False,False,0.0,0.0,0.0,0.0,0.0,0.440805106,0.0,0.0,0.440805106
2025-08-21T18:00:00+02:00,WD_HOME,FULL,False,26.3,25.0259263,21.036084158,23.166754375,cool,0.0,1.40039609,1.40039609,True,True,0.494688933,0.957899211,0.0,0.0,0.0,0.880530278,0.0,0.0,2.280926369
2025-08-21T19:00:00+02:00,WD_HOME,FULL,False,25.4,24.238271917,21.036084158,23.166754375,cool,0.0,1.40039609,1.40039609,True,True,1.0,1.0,6.856780358,0.0,6.856780358,0.880530278,0.0,0.0,9.137706727
2025-08-21T20:00:00+02:00,WD_HOME,FULL,False,24.3,23.431893264,21.036084158,23.166754375,cool,0.0,1.40039609,1.40039609,True,True,1.0,1.0,0.474830437,0.0,0.474830437,0.738065535,0.0,0.0,2.613292062
2025-08-21T21:00:00+02:00,WD_HOME,FULL,False,23.8,22.57657772,21.036084158,23.166754375,off,0.0,0.0,0.0,True,True,1.0,1.0,0.0,0.0,0.0,0.0,0.0,0.0,0.0
2025-08-21T22:00:00+02:00,WD_HOME,FULL,False,23.5,22.780481433,21.036084158,23.166754375,off,0.0,0.0,0.0,True,True,1.0,1.0,0.0,0.0,0.0,0.0,0.0,0.0,0.0
2025-08-21T23:00:00+02:00,WD_HOME,FULL,False,23.4,22.900401194,21.036084158,23.166754375,off,0.0,0.0,0.0,True,True,1.0,1.0,0.0,0.0,0.0,0.0,0.0,0.0,0.0
2025-08-22T00:00:00+02:00,WD_HOME,FULL,False,23.9,22.983667662,21.622593727,23.753263944,off,0.0,0.0,0.0,True,True,1.0,1.0,0.0,0.0,0.0,0.0,0.0,0.0,0.0
2025-08-22T01:00:00+02:00,WD_HOME,FULL,False,23.9,23.136389718,21.622593727,23.753263944,off,0.0,0.0,0.0,True,True,1.0,1.0,0.0,0.0,0.0,0.0,0.0,0.0,0.0
2025-08-22T02:00:00+02:00,WD_HOME,FULL,False,23.7,23.263658099,21.622593727,23.753263944,off,0.0,0.0,0.0,True,True,1.0,1.0,0.0,0.0,0.0,0.0,0.0,0.0,0.0
2025-08-22T03:00:00+02:00,WD_HOME,FULL,False,23.4,23.336381749,21.622593727,23.753263944,off,0.0,0.0,0.0,True,True,1.0,1.0,0.0,0.0,0.0,0.0,0.0,0.0,0.0
2025-08-22T04:00:00+02:00,WD_HOME,FULL,False,22.9,23.346984791,21.622593727,23.753263944,off,0.0,0.0,0.0,True,True,1.0,1.0,0.0,0.0,0.0,0.0,0.0,0.0,0.0
2025-08-22T05:00:00+02:00,WD_HOME,FULL,False,22.3,23.272487326,21.622593727,23.753263944,off,0.0,0.0,0.0,True,True,1.0,1.0,0.0,0.0,0.0,0.0,0.0,0.0,0.0
2025-08-22T06:00:00+02:00,WD_HOME,FULL,False,22.1,23.110406105,21.622593727,23.753263944,off,0.0,0.0,0.0,True,True,0.888750192,0.888750192,0.0,0.0,0.0,0.0,0.0,0.0,0.0
2025-08-22T07:00:00+02:00,WD_HOME,EMPTY,True,21.9,22.942005087,18.622593727,26.753263944,off,0.0,0.0,0.0,False,False,0.0,0.0,0.0,0.0,0.0,0.0,0.0,0.0,0.0
2025-08-22T08:00:00+02:00,WD_HOME,EMPTY,True,21.9,22.768337573,18.622593727,26.753263944,off,0.0,0.0,0.0,False,False,0.0,0.0,0.0,0.0,0.0,0.481925482,0.0,0.0,0.481925482
2025-08-22T09:00:00+02:00,WD_HOME,EMPTY,True,22.7,22.623614644,18.622593727,26.753263944,off,0.0,0.0,0.0,False,False,0.0,0.0,0.0,0.0,0.0,0.880530278,0.0,0.0,0.880530278
2025-08-22T10:00:00+02:00,WD_HOME,EMPTY,True,23.5,22.636345537,18.622593727,26.753263944,off,0.0,0.0,0.0,False,False,0.0,0.0,0.0,0.0,0.0,0.880530278,0.0,0.0,0.880530278
2025-08-22T11:00:00+02:00,WD_HOME,EMPTY,True,24.4,22.780287947,18.622593727,26.753263944,off,0.0,0.0,0.0,False,False,0.0,0.0,0.0,0.0,0.0,0.880530278,0.0,0.0,0.880530278
2025-08-22T12:00:00+02:00,WD_HOME,EMPTY,True,25.3,23.050239956,18.622593727,26.753263944,off,0.0,0.0,0.0,False,False,0.0,0.0,0.0,0.0,0.0,0.50657108,0.0,0.0,0.50657108
2025-08-22T13:00:00+02:00,WD_HOME,EMPTY,True,25.8,23.425199963,18.622593727,26.753263944,off,0.0,0.0,0.0,False,False,0.0,0.0,0.0,0.0,0.0,0.0,0.0,0.0,0.0
2025-08-22T14:00:00+02:00,WD_HOME,EMPTY,True,25.0,23.820999969,18.622593727,26.753263944,off,0.0,0.0,0.0,False,False,0.0,0.0,0.0,0.0,0.0,0.0,0.0,0.0,0.0
2025-08-22T15:00:00+02:00,WD_HOME,EMPTY,True,25.4,24.017499975,18.622593727,26.753263944,off,0.0,0.0,0.0,False,False,0.0,0.0,0.0,0.0,0.0,0.0,0.0,0.0,0.0
2025-08-22T16:00:00+02:00,WD_HOME,EMPTY,True,24.7,24.247916645,18.622593727,26.753263944,off,0.0,0.0,0.0,False,False,0.0,0.0,0.0,0.0,0.0,0.349666755,0.0,0.0,0.349666755
2025-08-22T17:00:00+02:00,WD_HOME,EMPTY,True,24.8,24.323263871,18.622593727,26.753263944,off,0.0,0.0,0.0,False,False,0.0,0.0,0.0,0.0,0.0,0.880530278,0.0,0.0,0.880530278
2025-08-22T18:00:00+02:00,WD_HOME,EMPTY,True,24.7,24.402719893,18.622593727,26.753263944,off,0.0,0.0,0.0,False,False,0.0,0.0,0.0,0.0,0.0,0.880530278,0.0,0.0,0.880530278
2025-08-22T19:00:00+02:00,WD_HOME,EMPTY,True,24.5,24.452266577,18.622593727,26.753263944,off,0.0,0.0,0.0,False,False,0.0,0.0,0.0,0.0,0.0,0.256073796,0.0,0.0,0.256073796
2025-08-22T20:00:00+02:00,WD_HOME,EMPTY,True,24.3,24.460222148,18.622593727,26.753263944,off,0.0,0.0,0.0,False,False,0.0,0.0,0.0,0.0,0.0,0.0,0.0,0.0,0.0
2025-08-22T21:00:00+02:00,WD_HOME,FULL,False,23.4,24.433518456,21.622593727,23.753263944,cool,0.0,1.40039609,1.40039609,True,True,0.852288902,0.852288902,0.0,0.839554977,0.839554977,0.0,0.0,5.059632562,7.299583629
2025-08-22T22:00:00+02:00,WD_HOME,FULL,False,23.2,23.26126538,21.622593727,23.753263944,off,0.0,0.0,0.0,True,True,1.0,1.0,7.314352215,7.4,14.714352215,0.0,0.0,6.384583854,21.098936069
2025-08-22T23:00:00+02:00,WD_HOME,FULL,False,23.4,23.251054484,21.622593727,23.753263944,off,0.0,0.0,0.0,True,True,1.0,1.0,4.513041679,1.849816975,6.362858655,0.0,0.0,0.0,6.362858655
2025-08-23T00:00:00+02:00,WE_HOME,FULL,False,24.1,23.275878736,20.884920602,23.015590819,off,0.0,0.0,0.0,True,True,1.0,1.0,0.0,0.0,0.0,0.0,0.0,0.0,0.0
2025-08-23T01:00:00+02:00,WE_HOME,FULL,False,23.6,23.41323228,20.884920602,23.015590819,off,0.0,0.0,0.0,True,True,1.0,1.0,0.0,0.0,0.0,0.0,0.0,0.0,0.0
2025-08-23T02:00:00+02:00,WE_HOME,FULL,False,23.1,23.444360234,20.884920602,23.015590819,off,0.0,0.0,0.0,True,True,1.0,1.0,0.0,0.0,0.0,0.0,0.0,0.0,0.0
2025-08-23T03:00:00+02:00,WE_HOME,FULL,False,23.2,23.386966861,20.884920602,23.015590819,off,0.0,0.0,0.0,True,True,1.0,1.0,0.0,0.0,0.0,0.0,0.0,0.0,0.0
2025-08-23T04:00:00+02:00,WE_HOME,FULL,False,22.6,23.355805718,20.884920602,23.015590819,off,0.0,0.0,0.0,True,True,1.0,1.0,0.0,0.0,0.0,0.0,0.0,0.0,0.0
2025-08-23T05:00:00+02:00,WE_HOME,FULL,False,22.0,23.229838098,20.884920602,23.015590819,off,0.0,0.0,0.0,True,True,1.0,1.0,0.0,0.0,0.0,0.0,0.0,0.0,0.0
2025-08-23T06:00:00+02:00,WE_HOME,FULL,False,21.2,23.024865082,20.884920602,23.015590819,off,0.0,0.0,0.0,True,True,1.0,1.0,0.0,0.0,0.0,0.0,0.0,0.0,0.0
2025-08-23T07:00:00+02:00,WE_HOME,FULL,False,21.1,22.720720901,20.884920602,23.015590819,off,0.0,0.0,0.0,True,True,1.0,1.0,0.0,0.0,0.0,0.0,0.0,0.0,0.0
2025-08-23T08:00:00+02:00,WE_HOME,FULL,False,21.4,22.450600751,20.884920602,23.015590819,off,0.0,0.0,0.0,True,True,1.0,1.0,0.0,0.0,0.0,0.34895321,0.0,0.0,0.34895321
2025-08-23T09:00:00+02:00,WE_HOME,FULL,False,22.8,22.275500626,20.884920602,23.015590819,off,0.0,0.0,0.0,True,True,1.0,1.0,0.0,0.0,0.0,0.880530278,0.0,0.0,0.880530278
2025-08-23T10:00:00+02:00,WE_HOME,FULL,False,24.4,22.362917188,20.884920602,23.015590819,off,0.0,0.0,0.0,True,True,0.090430999,1.0,0.0,0.0,0.0,0.880530278,0.0,0.0,0.880530278
2025-08-23T11:00:00+02:00,WE_HOME,FULL,False,25.7,22.70243099,20.884920602,23.015590819,off,0.0,0.0,0.0,False,True,0.0,1.0,0.0,0.0,0.0,0.880530278,0.0,0.0,0.880530278
2025-08-23T12:00:00+02:00,WE_HOME,FULL,False,26.9,23.202025825,20.884920602,23.015590819,off,0.0,0.0,0.0,False,True,0.0,1.0,0.0,0.0,0.0,0.543138321,0.0,0.0,0.543138321
2025-08-23T13:00:00+02:00,WE_HOME,FULL,False,27.8,23.818354854,20.884920602,23.015590819,cool,0.0,1.40039609,1.40039609,False,True,0.0,1.0,0.0,0.0,0.0,0.0,0.0,0.0,1.40039609
2025-08-23T14:00:00+02:00,WE_HOME,FULL,False,28.4,23.481962379,20.884920602,23.015590819,cool,0.0,1.40039609,1.40039609,False,True,0.0,1.0,0.0,0.0,0.0,0.0,0.0,0.0,1.40039609
2025-08-23T15:00:00+02:00,WE_HOME,FULL,False,29.0,23.301635316,20.884920602,23.015590819,cool,0.0,1.40039609,1.40039609,True,True,0.744064431,1.0,0.0,0.0,0.0,0.0,0.0,0.0,1.40039609
2025-08-23T16:00:00+02:00,WE_HOME,FULL,False,29.0,23.251362763,20.884920602,23.015590819,cool,0.0,1.40039609,1.40039609,True,True,1.0,1.0,7.104866929,0.0,7.104866929,0.022416323,0.0,0.0,8.527679342
2025-08-23T17:00:00+02:00,WE_HOME,FULL,False,28.9,23.209468969,20.884920602,23.015590819,cool,0.0,1.40039609,1.40039609,True,True,1.0,1.0,7.4,0.0,7.4,0.880530278,0.0,0.0,9.680926369
2025-08-23T18:00:00+02:00,WE_HOME,FULL,False,28.4,23.157890808,20.884920602,23.015590819,cool,0.0,1.40039609,1.40039609,True,True,1.0,1.0,2.592386693,0.0,2.592386693,0.880530278,0.0,0.0,4.873313062
2025-08-23T19:00:00+02:00,WE_HOME,FULL,False,27.5,23.031575673,20.884920602,23.015590819,cool,0.0,1.40039609,1.40039609,True,True,1.0,1.0,0.0,0.0,0.0,0.880530278,0.0,0.0,2.280926369
2025-08-23T20:00:00+02:00,WE_HOME,FULL,False,26.5,22.776313061,20.884920602,23.015590819,off,0.0,0.0,0.0,True,True,1.0,1.0,0.0,0.0,0.0,0.338996202,0.0,0.0,0.338996202
2025-08-23T21:00:00+02:00,WE_HOME,FULL,False,25.3,23.396927551,20.884920602,23.015590819,off,0.0,0.0,0.0,True,True,1.0,1.0,0.0,0.0,0.0,0.0,0.0,0.0,0.0
2025-08-23T22:00:00+02:00,WE_HOME,FULL,False,24.3,23.714106292,20.884920602,23.015590819,cool,0.0,1.40039609,1.40039609,True,True,1.0,1.0,0.0,0.0,0.0,0.0,0.0,0.0,1.40039609
2025-08-23T23:00:00+02:00,WE_HOME,FULL,False,23.8,22.811755244,20.884920602,23.015590819,off,0.0,0.0,0.0,True,True,1.0,1.0,0.0,0.0,0.0,0.0,0.0,0.0,0.0
2025-08-24T00:00:00+02:00,WE_HOME,FULL,False,23.3,22.976462703,21.298446063,23.42911628,off,0.0,0.0,0.0,True,True,1.0,1.0,0.0,0.0,0.0,0.0,0.0,0.0,0.0
2025-08-24T01:00:00+02:00,WE_HOME,FULL,False,22.8,23.030385586,21.298446063,23.42911628,off,0.0,0.0,0.0,True,True,1.0,1.0,0.0,0.0,0.0,0.0,0.0,0.0,0.0
2025-08-24T02:00:00+02:00,WE_HOME,FULL,False,22.6,22.991987988,21.298446063,23.42911628,off,0.0,0.0,0.0,True,True,1.0,1.0,0.0,0.0,0.0,0.0,0.0,0.0,0.0
2025-08-24T03:00:00+02:00,WE_HOME,FULL,False,22.4,22.926656657,21.298446063,23.42911628,off,0.0,0.0,0.0,True,True,1.0,1.0,0.0,0.0,0.0,0.0,0.0,0.0,0.0
2025-08-24T04:00:00+02:00,WE_HOME,FULL,False,22.5,22.838880547,21.298446063,23.42911628,off,0.0,0.0,0.0,True,True,1.0,1.0,0.0,0.0,0.0,0.0,0.0,0.0,0.0
2025-08-24T05:00:00+02:00,WE_HOME,FULL,False,21.9,22.782400456,21.298446063,23.42911628,off,0.0,0.0,0.0,True,True,1.0,1.0,0.0,0.0,0.0,0.0,0.0,0.0,0.0
2025-08-24T06:00:00+02:00,WE_HOME,FULL,False,21.8,22.635333713,21.298446063,23.42911628,off,0.0,0.0,0.0,True,True,1.0,1.0,0.0,0.0,0.0,0.815309676,0.0,0.0,0.815309676
2025-08-24T07:00:00+02:00,WE_HOME,FULL,False,21.4,22.496111428,21.298446063,23.42911628,off,0.0,0.0,0.0,True,True,1.0,1.0,0.0,0.0,0.0,0.880530278,0.0,0.0,0.880530278
2025-08-24T08:00:00+02:00,WE_HOME,FULL,False,21.6,22.31342619,21.298446063,23.42911628,off,0.0,0.0,0.0,True,True,1.0,1.0,0.0,0.0,0.0,0.880530278,0.0,0.0,0.880530278
2025-08-24T09:00:00+02:00,WE_HOME,FULL,False,23.4,22.194521825,21.298446063,23.42911628,off,0.0,0.0,0.0,True,True,1.0,1.0,0.0,0.0,0.0,0.880530278,0.0,0.0,0.880530278
2025-08-24T10:00:00+02:00,WE_HOME,FULL,False,25.5,22.395434854,21.298446063,23.42911628,off,0.0,0.0,0.0,True,True,1.0,1.0,0.0,0.0,0.0,0.880530278,0.0,0.0,0.880530278
2025-08-24T11:00:00+02:00,WE_HOME,FULL,False,26.8,22.912862378,21.298446063,23.42911628,off,0.0,0.0,0.0,True,True,1.0,1.0,0.0,0.0,0.0,0.102792692,0.0,0.0,0.102792692
2025-08-24T12:00:00+02:00,WE_HOME,FULL,False,28.2,23.560718649,21.298446063,23.42911628,off,0.0,0.0,0.0,True,True,1.0,1.0,0.0,0.0,0.0,0.0,0.0,0.0,0.0
2025-08-24T13:00:00+02:00,WE_HOME,EMPTY,False,28.7,24.333932207,20.298446063,24.42911628,off,0.0,0.0,0.0,True,True,1.0,1.0,0.0,0.0,0.0,0.0,0.0,0.0,0.0
2025-08-24T14:00:00+02:00,WE_HOME,EMPTY,False,29.0,25.061610173,20.298446063,24.42911628,cool,0.0,1.40039609,1.40039609,True,True,1.0,1.0,0.0,0.0,0.0,0.0,0.0,0.0,1.40039609
2025-08-24T15:00:00+02:00,WE_HOME,EMPTY,False,29.3,24.718008477,20.298446063,24.42911628,cool,0.0,1.40039609,1.40039609,True,True,1.0,1.0,0.0,0.0,0.0,0.0,0.0,0.0,1.40039609
2025-08-24T16:00:00+02:00,WE_HOME,EMPTY,False,28.8,24.481673731,20.298446063,24.42911628,cool,0.0,1.40039609,1.40039609,True,True,1.0,1.0,0.0,0.0,0.0,0.0,0.0,0.0,1.40039609
2025-08-24T17:00:00+02:00,WE_HOME,FULL,False,28.2,24.201394776,21.298446063,23.42911628,cool,0.0,1.40039609,1.40039609,True,True,1.0,1.0,0.0,0.0,0.0,0.758333743,0.0,0.0,2.158729834
2025-08-24T18:00:00+02:00,WE_HOME,FULL,False,27.4,23.86782898,21.298446063,23.42911628,cool,0.0,1.40039609,1.40039609,True,True,1.0,1.0,0.0,0.0,0.0,0.880530278,0.0,0.0,2.280926369
2025-08-24T19:00:00+02:00,WE_HOME,FULL,False,27.2,23.45652415,21.298446063,23.42911628,cool,0.0,1.40039609,1.40039609,True,True,1.0,1.0,0.0,0.0,0.0,0.880530278,0.0,0.0,2.280926369
2025-08-24T20:00:00+02:00,WE_HOME,FULL,False,26.6,23.080436792,21.298446063,23.42911628,off,0.0,0.0,0.0,True,True,1.0,1.0,0.0,0.0,0.0,0.369159911,0.0,0.0,0.369159911
2025-08-24T21:00:00+02:00,WE_HOME,FULL,False,25.7,23.66703066,21.298446063,23.42911628,off,0.0,0.0,0.0,True,True,1.0,1.0,0.0,0.0,0.0,0.0,0.0,0.0,0.0
2025-08-24T22:00:00+02:00,WE_HOME,FULL,False,25.2,24.005858883,21.298446063,23.42911628,cool,0.0,1.40039609,1.40039609,True,True,1.0,1.0,0.0,0.0,0.0,0.0,0.0,0.0,1.40039609
2025-08-24T23:00:00+02:00,WE_HOME,FULL,False,25.0,23.204882403,21.298446063,23.42911628,off,0.0,0.0,0.0,True,True,1.0,1.0,0.0,0.0,0.0,0.0,0.0,0.0,0.0
2025-08-25T00:00:00+02:00,AWAY_DAY,FULL,False,25.1,23.504068669,21.528954079,23.659624296,off,0.0,0.0,0.0,True,True,1.0,1.0,0.0,0.0,0.0,0.0,0.0,0.0,0.0
2025-08-25T01:00:00+02:00,AWAY_DAY,FULL,False,24.3,23.770057224,21.528954079,23.659624296,off,0.0,0.0,0.0,True,True,1.0,1.0,0.0,0.0,0.0,0.0,0.0,0.0,0.0
2025-08-25T02:00:00+02:00,AWAY_DAY,FULL,False,23.9,23.85838102,21.528954079,23.659624296,off,0.0,0.0,0.0,True,True,1.0,1.0,0.0,0.0,0.0,0.0,0.0,0.0,0.0
2025-08-25T03:00:00+02:00,AWAY_DAY,FULL,False,23.8,23.865317517,21.528954079,23.659624296,off,0.0,0.0,0.0,True,True,1.0,1.0,0.0,0.0,0.0,0.0,0.0,0.0,0.0
2025-08-25T04:00:00+02:00,AWAY_DAY,FULL,False,23.6,23.854431264,21.528954079,23.659624296,off,0.0,0.0,0.0,True,True,1.0,1.0,0.0,0.0,0.0,0.0,0.0,0.0,0.0
2025-08-25T05:00:00+02:00,AWAY_DAY,FULL,False,23.4,23.812026053,21.528954079,23.659624296,off,0.0,0.0,0.0,True,True,1.0,1.0,0.0,0.0,0.0,0.0,0.0,0.0,0.0
2025-08-25T06:00:00+02:00,AWAY_DAY,FULL,False,23.4,23.743355044,21.528954079,23.659624296,off,0.0,0.0,0.0,True,True,0.779780167,1.0,0.0,0.0,0.0,0.0,0.0,0.0,0.0
2025-08-25T07:00:00+02:00,AWAY_DAY,EMPTY,True,23.2,23.686129204,18.528954079,26.659624296,off,0.0,0.0,0.0,False,True,0.0,1.0,0.0,0.0,0.0,0.0,0.0,0.0,0.0
2025-08-25T08:00:00+02:00,AWAY_DAY,EMPTY,True,23.2,23.60510767,18.528954079,26.659624296,off,0.0,0.0,0.0,False,True,0.0,1.0,0.0,0.0,0.0,0.328608235,0.0,0.0,0.328608235
2025-08-25T09:00:00+02:00,AWAY_DAY,EMPTY,True,24.1,23.537589725,18.528954079,26.659624296,off,0.0,0.0,0.0,False,True,0.0,1.0,0.0,0.0,0.0,0.880530278,0.0,0.0,0.880530278
2025-08-25T10:00:00+02:00,AWAY_DAY,EMPTY,True,25.1,23.631324771,18.528954079,26.659624296,off,0.0,0.0,0.0,False,True,0.0,1.0,0.0,0.0,0.0,0.880530278,0.0,0.0,0.880530278
2025-08-25T11:00:00+02:00,AWAY_DAY,EMPTY,True,26.1,23.876103976,18.528954079,26.659624296,off,0.0,0.0,0.0,False,True,0.0,1.0,0.0,0.0,0.0,0.880530278,0.0,0.0,0.880530278
2025-08-25T12:00:00+02:00,AWAY_DAY,EMPTY,True,27.0,24.246753313,18.528954079,26.659624296,off,0.0,0.0,0.0,False,True,0.0,1.0,0.0,0.0,0.0,0.880530278,0.0,0.0,0.880530278
2025-08-25T13:00:00+02:00,AWAY_DAY,EMPTY,True,27.5,24.705627761,18.528954079,26.659624296,off,0.0,0.0,0.0,False,True,0.0,1.0,0.0,0.0,0.0,0.68617629,0.0,0.0,0.68617629
2025-08-25T14:00:00+02:00,AWAY_DAY,EMPTY,True,27.9,25.171356467,18.528954079,26.659624296,off,0.0,0.0,0.0,False,True,0.0,1.0,0.0,0.0,0.0,0.0,0.0,0.0,0.0
2025-08-25T15:00:00+02:00,AWAY_DAY,EMPTY,True,27.6,25.626130389,18.528954079,26.659624296,off,0.0,0.0,0.0,False,True,0.0,1.0,0.0,0.0,0.0,0.0,0.0,0.0,0.0
2025-08-25T16:00:00+02:00,AWAY_DAY,EMPTY,True,27.0,25.955108658,18.528954079,26.659624296,off,0.0,0.0,0.0,False,True,0.0,1.0,0.0,0.0,0.0,0.0,0.0,0.0,0.0
2025-08-25T17:00:00+02:00,AWAY_DAY,EMPTY,True,26.4,26.129257215,18.528954079,26.659624296,off,0.0,0.0,0.0,False,True,0.0,1.0,0.0,0.0,0.0,0.0,0.0,0.0,0.0
2025-08-25T18:00:00+02:00,AWAY_DAY,EMPTY,True,27.0,26.174381012,18.528954079,26.659624296,off,0.0,0.0,0.0,False,True,0.0,1.0,0.0,0.0,0.0,0.0,0.0,0.0,0.0
2025-08-25T19:00:00+02:00,AWAY_DAY,EMPTY,True,26.6,26.311984177,18.528954079,26.659624296,off,0.0,0.0,0.0,False,True,0.0,1.0,0.0,0.0,0.0,0.0,0.0,0.0,0.0
2025-08-25T20:00:00+02:00,AWAY_DAY,EMPTY,True,26.2,26.359986814,18.528954079,26.659624296,off,0.0,0.0,0.0,False,True,0.0,1.0,0.0,0.0,0.0,0.0,0.0,0.0,0.0
2025-08-25T21:00:00+02:00,AWAY_DAY,EMPTY,True,25.4,26.333322345,18.528954079,26.659624296,off,0.0,0.0,0.0,False,True,0.0,1.0,0.0,0.0,0.0,0.0,0.0,0.0,0.0
2025-08-25T22:00:00+02:00,AWAY_DAY,EMPTY,True,24.9,26.177768621,18.528954079,26.659624296,off,0.0,0.0,0.0,False,True,0.0,1.0,0.0,0.0,0.0,0.0,0.0,0.0,0.0
2025-08-25T23:00:00+02:00,AWAY_DAY,EMPTY,True,24.6,25.964807184,18.528954079,26.659624296,off,0.0,0.0,0.0,False,True,0.0,1.0,0.0,0.0,0.0,0.0,0.0,0.0,0.0
2025-08-26T00:00:00+02:00,WD_HOME,EMPTY,True,24.4,25.73733932,18.752879954,26.88355017,off,0.0,0.0,0.0,False,True,0.0,1.0,0.0,0.0,0.0,0.0,0.0,0.0,0.0
2025-08-26T01:00:00+02:00,WD_HOME,EMPTY,True,24.2,25.514449433,18.752879954,26.88355017,off,0.0,0.0,0.0,False,True,0.0,1.0,0.0,0.0,0.0,0.0,0.0,0.0,0.0
2025-08-26T02:00:00+02:00,WD_HOME,EMPTY,True,24.1,25.295374528,18.752879954,26.88355017,off,0.0,0.0,0.0,False,True,0.0,1.0,0.0,0.0,0.0,0.0,0.0,0.0,0.0
2025-08-26T03:00:00+02:00,WD_HOME,EMPTY,True,23.5,25.09614544,18.752879954,26.88355017,off,0.0,0.0,0.0,False,True,0.0,1.0,0.0,0.0,0.0,0.0,0.0,0.0,0.0
2025-08-26T04:00:00+02:00,WD_HOME,EMPTY,True,23.0,24.8301212,18.752879954,26.88355017,off,0.0,0.0,0.0,False,True,0.0,1.0,0.0,0.0,0.0,0.0,0.0,0.0,0.0
2025-08-26T05:00:00+02:00,WD_HOME,EMPTY,True,22.8,24.525101,18.752879954,26.88355017,off,0.0,0.0,0.0,False,True,0.0,1.0,0.0,0.0,0.0,0.0,0.0,0.0,0.0
2025-08-26T06:00:00+02:00,WD_HOME,EMPTY,True,22.6,24.237584167,18.752879954,26.88355017,off,0.0,0.0,0.0,False,True,0.0,1.0,0.0,0.0,0.0,0.0,0.0,0.0,0.0
2025-08-26T07:00:00+02:00,WD_HOME,EMPTY,True,22.7,23.964653472,18.752879954,26.88355017,off,0.0,0.0,0.0,False,True,0.0,1.0,0.0,0.0,0.0,0.0,0.0,0.0,0.0
2025-08-26T08:00:00+02:00,WD_HOME,EMPTY,True,23.4,23.753877893,18.752879954,26.88355017,off,0.0,0.0,0.0,False,True,0.0,1.0,0.0,0.0,0.0,0.75269327,0.0,0.0,0.75269327
2025-08-26T09:00:00+02:00,WD_HOME,EMPTY,True,25.4,23.694898245,18.752879954,26.88355017,off,0.0,0.0,0.0,False,True,0.0,1.0,0.0,0.0,0.0,0.880530278,0.0,0.0,0.880530278
2025-08-26T10:00:00+02:00,WD_HOME,EMPTY,True,27.2,23.97908187,18.752879954,26.88355017,off,0.0,0.0,0.0,False,True,0.0,1.0,0.0,0.0,0.0,0.880530278,0.0,0.0,0.880530278
2025-08-26T11:00:00+02:00,WD_HOME,EMPTY,True,28.5,24.515901559,18.752879954,26.88355017,off,0.0,0.0,0.0,True,True,0.192361568,1.0,0.787079378,0.0,0.787079378,0.880530278,0.0,0.0,1.667609656
2025-08-26T12:00:00+02:00,WD_HOME,EMPTY,False,29.6,25.179917966,20.752879954,24.88355017,off,0.0,0.0,0.0,True,True,1.0,1.0,7.4,0.0,7.4,0.095449915,0.0,0.0,7.495449915
2025-08-26T13:00:00+02:00,WD_HOME,EMPTY,False,29.9,25.916598305,20.752879954,24.88355017,cool,0.0,1.40039609,1.40039609,True,True,1.0,1.0,7.4,0.0,7.4,0.0,0.0,0.0,8.80039609
2025-08-26T14:00:00+02:00,WD_HOME,EMPTY,False,30.0,25.580498587,20.752879954,24.88355017,cool,0.0,1.40039609,1.40039609,True,True,1.0,1.0,7.4,0.0,7.4,0.0,0.0,0.0,8.80039609
2025-08-26T15:00:00+02:00,WD_HOME,EMPTY,False,29.8,25.317082156,20.752879954,24.88355017,cool,0.0,1.40039609,1.40039609,True,True,1.0,1.0,7.4,0.0,7.4,0.0,0.0,0.0,8.80039609
2025-08-26T16:00:00+02:00,WD_HOME,EMPTY,False,29.3,25.06423513,20.752879954,24.88355017,cool,0.0,1.40039609,1.40039609,True,True,1.0,1.0,7.4,0.0,7.4,0.178705076,0.0,0.0,8.979101166
2025-08-26T17:00:00+02:00,WD_HOME,EMPTY,False,28.7,24.770195942,20.752879954,24.88355017,off,0.0,0.0,0.0,True,True,1.0,1.0,2.044398025,0.0,2.044398025,0.880530278,0.0,0.0,2.924928303
2025-08-26T18:00:00+02:00,WD_HOME,FULL,False,28.4,25.425163285,21.752879954,23.88355017,cool,0.0,1.40039609,1.40039609,True,True,1.0,1.0,0.0,0.0,0.0,0.880530278,0.0,0.0,2.280926369
2025-08-26T19:00:00+02:00,WD_HOME,FULL,False,27.8,24.920969404,21.752879954,23.88355017,cool,0.0,1.40039609,1.40039609,True,True,1.0,1.0,0.0,0.0,0.0,0.510921113,0.0,0.0,1.911317204
2025-08-26T20:00:00+02:00,WD_HOME,FULL,False,26.7,24.400807837,21.752879954,23.88355017,cool,0.0,1.40039609,1.40039609,True,True,1.0,1.0,0.0,0.0,0.0,0.0,0.0,0.0,1.40039609
2025-08-26T21:00:00+02:00,WD_HOME,FULL,False,25.2,23.784006531,21.752879954,23.88355017,off,0.0,0.0,0.0,True,True,1.0,1.0,0.0,0.0,0.0,0.0,0.0,0.0,0.0
2025-08-26T22:00:00+02:00,WD_HOME,FULL,False,25.0,24.020005442,21.752879954,23.88355017,off,0.0,0.0,0.0,True,True,1.0,1.0,0.0,0.0,0.0,0.0,0.0,0.0,0.0
2025-08-26T23:00:00+02:00,WD_HOME,FULL,False,25.1,24.183337868,21.752879954,23.88355017,off,0.0,0.0,0.0,True,True,1.0,1.0,0.0,0.0,0.0,0.0,0.0,0.0,0.0
2025-08-27T00:00:00+02:00,WD_HOME,FULL,False,24.7,24.33611489,20.96777952,23.098449736,cool,0.0,1.40039609,1.40039609,True,True,1.0,1.0,0.0,0.0,0.0,0.0,0.0,0.0,1.40039609
2025-08-27T01:00:00+02:00,WD_HOME,FULL,False,24.5,23.396762409,20.96777952,23.098449736,cool,0.0,1.40039609,1.40039609,True,True,1.0,1.0,0.0,0.0,0.0,0.0,0.0,0.0,1.40039609
2025-08-27T02:00:00+02:00,WD_HOME,FULL,False,24.3,22.580635341,20.96777952,23.098449736,off,0.0,0.0,0.0,True,True,1.0,1.0,0.0,0.0,0.0,0.0,0.0,0.0,0.0
2025-08-27T03:00:00+02:00,WD_HOME,FULL,False,24.3,22.867196117,20.96777952,23.098449736,off,0.0,0.0,0.0,True,True,1.0,1.0,0.0,0.0,0.0,0.0,0.0,0.0,0.0
2025-08-27T04:00:00+02:00,WD_HOME,FULL,False,24.2,23.105996764,20.96777952,23.098449736,off,0.0,0.0,0.0,True,True,1.0,1.0,0.0,0.0,0.0,0.0,0.0,0.0,0.0
2025-08-27T05:00:00+02:00,WD_HOME,FULL,False,23.9,23.288330637,20.96777952,23.098449736,off,0.0,0.0,0.0,True,True,1.0,1.0,0.0,0.0,0.0,0.0,0.0,0.0,0.0
2025-08-27T06:00:00+02:00,WD_HOME,FULL,False,23.7,23.390275531,20.96777952,23.098449736,off,0.0,0.0,0.0,True,True,1.0,1.0,0.0,0.0,0.0,0.0,0.0,0.0,0.0
2025-08-27T07:00:00+02:00,WD_HOME,FULL,False,23.6,23.441896276,20.96777952,23.098449736,off,0.0,0.0,0.0,True,True,1.0,1.0,0.0,0.0,0.0,0.0,0.0,0.0,0.0
2025-08-27T08:00:00+02:00,WD_HOME,FULL,False,23.8,23.468246896,20.96777952,23.098449736,off,0.0,0.0,0.0,True,True,0.980298242,1.0,0.0,0.0,0.0,0.0,0.0,0.0,0.0
2025-08-27T09:00:00+02:00,WD_HOME,EMPTY,False,24.6,23.52353908,19.96777952,24.098449736,off,0.0,0.0,0.0,False,True,0.0,1.0,0.0,0.0,0.0,0.618125726,0.0,0.0,0.618125726
2025-08-27T10:00:00+02:00,WD_HOME,EMPTY,False,25.0,23.702949234,19.96777952,24.098449736,off,0.0,0.0,0.0,False,True,0.0,1.0,0.0,0.0,0.0,0.880530278,0.0,0.0,0.880530278
2025-08-27T11:00:00+02:00,WD_HOME,EMPTY,False,25.6,23.919124361,19.96777952,24.098449736,off,0.0,0.0,0.0,False,True,0.0,1.0,0.0,0.0,0.0,0.880530278,0.0,0.0,0.880530278
2025-08-27T12:00:00+02:00,WD_HOME,EMPTY,False,27.1,24.199270301,19.96777952,24.098449736,off,0.0,0.0,0.0,False,True,0.0,1.0,0.0,0.0,0.0,0.880530278,0.0,0.0,0.880530278
2025-08-27T13:00:00+02:00,WD_HOME,EMPTY,False,27.9,24.682725251,19.96777952,24.098449736,cool,0.0,1.40039609,1.40039609,False,True,0.0,1.0,0.0,0.0,0.0,0.880530278,0.0,0.0,2.280926369
2025-08-27T14:00:00+02:00,WD_HOME,EMPTY,False,28.3,24.218937709,19.96777952,24.098449736,cool,0.0,1.40039609,1.40039609,False,True,0.0,1.0,0.0,0.0,0.0,0.880530278,0.0,0.0,2.280926369
2025-08-27T15:00:00+02:00,WD_HOME,EMPTY,False,28.6,23.899114758,19.96777952,24.098449736,off,0.0,0.0,0.0,False,True,0.0,1.0,0.0,0.0,0.0,0.880530278,0.0,0.0,0.880530278
2025-08-27T16:00:00+02:00,WD_HOME,EMPTY,False,29.3,24.682595631,19.96777952,24.098449736,cool,0.0,1.40039609,1.40039609,False,True,0.0,1.0,0.0,0.0,0.0,0.880530278,0.0,0.0,2.280926369
2025-08-27T17:00:00+02:00,WD_HOME,EMPTY,False,29.9,24.452163026,19.96777952,24.098449736,cool,0.0,1.40039609,1.40039609,True,True,0.931510279,1.0,6.391093388,0.0,6.391093388,0.823739557,0.0,0.0,8.615229035
2025-08-27T18:00:00+02:00,WD_HOME,FULL,False,29.5,24.360135855,20.96777952,23.098449736,cool,0.0,1.40039609,1.40039609,True,True,1.0,1.0,7.4,0.0,7.4,0.0,0.0,0.0,8.80039609
2025-08-27T19:00:00+02:00,WD_HOME,FULL,False,28.7,24.216779879,20.96777952,23.098449736,cool,0.0,1.40039609,1.40039609,True,True,1.0,1.0,6.430888362,0.0,6.430888362,0.0,0.0,0.0,7.831284452
2025-08-27T20:00:00+02:00,WD_HOME,FULL,False,27.2,23.963983233,20.96777952,23.098449736,cool,0.0,1.40039609,1.40039609,True,True,1.0,1.0,0.0,0.0,0.0,0.0,0.0,0.0,1.40039609
2025-08-27T21:00:00+02:00,WD_HOME,FULL,False,26.4,23.503319361,20.96777952,23.098449736,cool,0.0,1.40039609,1.40039609,True,True,1.0,1.0,0.0,0.0,0.0,0.0,0.0,0.0,1.40039609
2025-08-27T22:00:00+02:00,WD_HOME,FULL,False,25.9,22.986099467,20.96777952,23.098449736,off,0.0,0.0,0.0,True,True,1.0,1.0,0.0,0.0,0.0,0.0,0.0,0.0,0.0
2025-08-27T23:00:00+02:00,WD_HOME,FULL,False,25.3,23.471749556,20.96777952,23.098449736,off,0.0,0.0,0.0,True,True,1.0,1.0,0.0,0.0,0.0,0.0,0.0,0.0,0.0
2025-08-28T00:00:00+02:00,WD_HOME,FULL,False,24.8,23.776457963,21.175120597,23.305790814,off,0.0,0.0,0.0,True,True,1.0,1.0,0.0,0.0,0.0,0.0,0.0,0.0,0.0
2025-08-28T01:00:00+02:00,WD_HOME,FULL,False,24.3,23.947048303,21.175120597,23.305790814,cool,0.0,1.40039609,1.40039609,True,True,1.0,1.0,0.0,0.0,0.0,0.0,0.0,0.0,1.40039609
2025-08-28T02:00:00+02:00,WD_HOME,FULL,False,24.2,23.005873586,21.175120597,23.305790814,off,0.0,0.0,0.0,True,True,1.0,1.0,0.0,0.0,0.0,0.0,0.0,0.0,0.0
2025-08-28T03:00:00+02:00,WD_HOME,FULL,False,23.3,23.204894655,21.175120597,23.305790814,off,0.0,0.0,0.0,True,True,1.0,1.0,0.0,0.0,0.0,0.0,0.0,0.0,0.0
2025-08-28T04:00:00+02:00,WD_HOME,FULL,False,24.0,23.220745546,21.175120597,23.305790814,off,0.0,0.0,0.0,True,True,1.0,1.0,0.0,0.0,0.0,0.0,0.0,0.0,0.0
2025-08-28T05:00:00+02:00,WD_HOME,FULL,False,22.8,23.350621288,21.175120597,23.305790814,off,0.0,0.0,0.0,True,True,1.0,1.0,0.0,0.0,0.0,0.0,0.0,0.0,0.0
2025-08-28T06:00:00+02:00,WD_HOME,FULL,False,22.6,23.258851073,21.175120597,23.305790814,off,0.0,0.0,0.0,True,True,1.0,1.0,0.0,0.0,0.0,0.0,0.0,0.0,0.0
2025-08-28T07:00:00+02:00,WD_HOME,FULL,False,23.3,23.149042561,21.175120597,23.305790814,off,0.0,0.0,0.0,True,True,1.0,1.0,0.0,0.0,0.0,0.0,0.0,0.0,0.0
2025-08-28T08:00:00+02:00,WD_HOME,FULL,False,23.4,23.174202134,21.175120597,23.305790814,off,0.0,0.0,0.0,True,True,1.0,1.0,0.0,0.0,0.0,0.349984351,0.0,0.0,0.349984351
2025-08-28T09:00:00+02:00,WD_HOME,FULL,False,24.6,23.211835112,21.175120597,23.305790814,off,0.0,0.0,0.0,True,True,1.0,1.0,0.0,0.0,0.0,0.880530278,0.0,0.0,0.880530278
2025-08-28T10:00:00+02:00,WD_HOME,FULL,False,25.1,23.443195927,21.175120597,23.305790814,off,0.0,0.0,0.0,True,True,1.0,1.0,0.0,0.0,0.0,0.880530278,0.0,0.0,0.880530278
2025-08-28T11:00:00+02:00,WD_HOME,FULL,False,25.3,23.719329939,21.175120597,23.305790814,off,0.0,0.0,0.0,True,True,1.0,1.0,0.0,0.0,0.0,0.880530278,0.0,0.0,0.880530278
2025-08-28T12:00:00+02:00,WD_HOME,FULL,False,25.1,23.982774949,21.175120597,23.305790814,cool,0.0,1.40039609,1.40039609,True,True,1.0,1.0,0.0,0.0,0.0,0.880530278,0.0,0.0,2.280926369
2025-08-28T13:00:00+02:00,WD_HOME,FULL,False,22.3,23.168979124,21.175120597,23.305790814,off,0.0,0.0,0.0,True,True,1.0,1.0,0.0,0.0,0.0,0.171978866,0.0,0.0,0.171978866
2025-08-28T14:00:00+02:00,WD_HOME,FULL,False,22.7,23.02414927,21.175120597,23.305790814,off,0.0,0.0,0.0,True,True,1.0,1.0,0.0,0.0,0.0,0.0,0.0,0.0,0.0
2025-08-28T15:00:00+02:00,WD_HOME,FULL,False,23.7,22.970124392,21.175120597,23.305790814,off,0.0,0.0,0.0,True,True,1.0,1.0,0.0,0.0,0.0,0.0,0.0,0.0,0.0
2025-08-28T16:00:00+02:00,WD_HOME,FULL,False,24.0,23.091770326,21.175120597,23.305790814,off,0.0,0.0,0.0,True,True,1.0,1.0,0.0,0.0,0.0,0.806692595,0.0,0.0,0.806692595
2025-08-28T17:00:00+02:00,WD_HOME,FULL,False,22.7,23.243141939,21.175120597,23.305790814,off,0.0,0.0,0.0,True,True,1.0,1.0,0.0,0.0,0.0,0.880530278,0.0,0.0,0.880530278
2025-08-28T18:00:00+02:00,WD_HOME,FULL,False,21.8,23.152618282,21.175120597,23.305790814,off,0.0,0.0,0.0,True,True,1.0,1.0,0.0,0.0,0.0,0.262270781,0.0,0.0,0.262270781
2025-08-28T19:00:00+02:00,WD_HOME,FULL,False,22.2,22.927181902,21.175120597,23.305790814,off,0.0,0.0,0.0,True,True,1.0,1.0,0.0,0.0,0.0,0.0,0.0,0.0,0.0
2025-08-28T20:00:00+02:00,WD_HOME,FULL,False,22.4,22.805984918,21.175120597,23.305790814,off,0.0,0.0,0.0,True,True,1.0,1.0,0.0,0.0,0.0,0.0,0.0,0.0,0.0
2025-08-28T21:00:00+02:00,WD_HOME,FULL,False,22.0,22.738320765,21.175120597,23.305790814,off,0.0,0.0,0.0,True,True,1.0,1.0,0.0,0.0,0.0,0.0,0.0,0.0,0.0
2025-08-28T22:00:00+02:00,WD_HOME,FULL,False,21.4,22.615267304,21.175120597,23.305790814,off,0.0,0.0,0.0,True,True,1.0,1.0,0.0,0.0,0.0,0.0,0.0,0.0,0.0
2025-08-28T23:00:00+02:00,WD_HOME,FULL,False,21.7,22.412722754,21.175120597,23.305790814,off,0.0,0.0,0.0,True,True,1.0,1.0,0.0,0.0,0.0,0.0,0.0,0.0,0.0
2025-08-29T00:00:00+02:00,WD_HOME,FULL,False,20.9,22.293935628,21.750715148,23.881385365,off,0.0,0.0,0.0,True,True,1.0,1.0,0.0,0.0,0.0,0.0,0.0,0.0,0.0
2025-08-29T01:00:00+02:00,WD_HOME,FULL,False,21.4,22.061613023,21.750715148,23.881385365,off,0.0,0.0,0.0,True,True,1.0,1.0,0.0,0.0,0.0,0.0,0.0,0.0,0.0
2025-08-29T02:00:00+02:00,WD_HOME,FULL,False,21.2,21.951344186,21.750715148,23.881385365,off,0.0,0.0,0.0,True,True,1.0,1.0,0.0,0.0,0.0,0.0,0.0,0.0,0.0
2025-08-29T03:00:00+02:00,WD_HOME,FULL,False,20.5,21.826120155,21.750715148,23.881385365,off,0.0,0.0,0.0,True,True,1.0,1.0,0.0,0.0,0.0,0.0,0.0,0.0,0.0
2025-08-29T04:00:00+02:00,WD_HOME,FULL,False,19.7,21.605100129,21.750715148,23.881385365,off,0.0,0.0,0.0,True,True,1.0,1.0,0.0,0.0,0.0,0.0,0.0,0.0,0.0
2025-08-29T05:00:00+02:00,WD_HOME,FULL,False,19.4,21.287583441,21.750715148,23.881385365,off,0.0,0.0,0.0,True,True,1.0,1.0,0.0,0.0,0.0,0.0,0.0,0.0,0.0
2025-08-29T06:00:00+02:00,WD_HOME,FULL,False,19.8,20.972986201,21.750715148,23.881385365,heat,1.727328253,0.0,1.727328253,True,True,1.0,1.0,0.0,0.0,0.0,0.0,0.0,0.0,1.727328253
2025-08-29T07:00:00+02:00,WD_HOME,FULL,False,19.7,21.777488501,21.750715148,23.881385365,off,0.0,0.0,0.0,True,True,1.0,1.0,0.0,0.0,0.0,0.001838976,0.0,0.0,0.001838976
2025-08-29T08:00:00+02:00,WD_HOME,FULL,False,19.7,21.431240417,21.750715148,23.881385365,off,0.0,0.0,0.0,True,True,1.0,1.0,0.0,0.0,0.0,0.880530278,0.0,0.0,0.880530278
2025-08-29T09:00:00+02:00,WD_HOME,EMPTY,False,20.5,21.142700348,20.750715148,24.881385365,off,0.0,0.0,0.0,True,True,1.0,1.0,0.0,0.0,0.0,0.880530278,0.0,0.0,0.880530278
2025-08-29T10:00:00+02:00,WD_HOME,EMPTY,False,22.0,21.035583623,20.750715148,24.881385365,off,0.0,0.0,0.0,True,True,1.0,1.0,0.0,0.0,0.0,0.880530278,0.0,0.0,0.880530278
2025-08-29T11:00:00+02:00,WD_HOME,EMPTY,False,23.4,21.196319686,20.750715148,24.881385365,off,0.0,0.0,0.0,True,True,1.0,1.0,0.0,0.0,0.0,0.880530278,0.0,0.0,0.880530278
2025-08-29T12:00:00+02:00,WD_HOME,EMPTY,False,24.3,21.563599738,20.750715148,24.881385365,off,0.0,0.0,0.0,True,True,1.0,1.0,0.0,0.0,0.0,0.880530278,0.0,0.0,0.880530278
2025-08-29T13:00:00+02:00,WD_HOME,EMPTY,False,25.2,22.019666449,20.750715148,24.881385365,off,0.0,0.0,0.0,True,True,1.0,1.0,0.0,0.0,0.0,0.245239621,0.0,0.0,0.245239621
2025-08-29T14:00:00+02:00,WD_HOME,EMPTY,False,26.1,22.54972204,20.750715148,24.881385365,off,0.0,0.0,0.0,True,True,1.0,1.0,0.0,0.0,0.0,0.0,0.0,0.0,0.0
2025-08-29T15:00:00+02:00,WD_HOME,EMPTY,False,27.2,23.141435034,20.750715148,24.881385365,off,0.0,0.0,0.0,True,True,1.0,1.0,0.0,0.0,0.0,0.60814655,0.0,0.0,0.60814655
2025-08-29T16:00:00+02:00,WD_HOME,EMPTY,False,27.7,23.817862528,20.750715148,24.881385365,off,0.0,0.0,0.0,True,True,1.0,1.0,0.0,0.0,0.0,0.880530278,0.0,0.0,0.880530278
2025-08-29T17:00:00+02:00,WD_HOME,EMPTY,False,27.6,24.46488544,20.750715148,24.881385365,off,0.0,0.0,0.0,True,True,1.0,1.0,0.0,0.0,0.0,0.880530278,0.0,0.0,0.880530278
2025-08-29T18:00:00+02:00,WD_HOME,EMPTY,False,26.8,24.987404533,20.750715148,24.881385365,off,0.0,0.0,0.0,True,True,1.0,1.0,0.0,0.0,0.0,0.716617178,0.0,0.0,0.716617178
2025-08-29T19:00:00+02:00,WD_HOME,FULL,False,26.6,25.289503778,21.750715148,23.881385365,cool,0.0,1.40039609,1.40039609,True,True,1.0,1.0,0.0,0.0,0.0,0.0,0.0,0.0,1.40039609
2025-08-29T20:00:00+02:00,WD_HOME,FULL,False,25.3,24.507919815,21.750715148,23.881385365,cool,0.0,1.40039609,1.40039609,True,True,1.0,1.0,0.0,0.0,0.0,0.0,0.0,0.0,1.40039609
2025-08-29T21:00:00+02:00,WD_HOME,FULL,False,24.1,23.639933179,21.750715148,23.881385365,off,0.0,0.0,0.0,True,True,1.0,1.0,0.0,0.0,0.0,0.0,0.0,0.0,0.0
2025-08-29T22:00:00+02:00,WD_HOME,FULL,False,22.8,23.716610983,21.750715148,23.881385365,off,0.0,0.0,0.0,True,True,1.0,1.0,0.0,0.0,0.0,0.0,0.0,0.0,0.0
2025-08-29T23:00:00+02:00,WD_HOME,FULL,False,22.0,23.563842485,21.750715148,23.881385365,off,0.0,0.0,0.0,True,True,1.0,1.0,0.0,0.0,0.0,0.0,0.0,0.0,0.0
2025-08-30T00:00:00+02:00,WE_HOME,FULL,False,21.5,23.303202071,21.51303398,23.643704196,off,0.0,0.0,0.0,True,True,1.0,1.0,0.0,0.0,0.0,0.0,0.0,0.0,0.0
2025-08-30T01:00:00+02:00,WE_HOME,FULL,False,21.0,23.002668393,21.51303398,23.643704196,off,0.0,0.0,0.0,True,True,1.0,1.0,0.0,0.0,0.0,0.0,0.0,0.0,0.0
2025-08-30T02:00:00+02:00,WE_HOME,FULL,False,20.7,22.668890327,21.51303398,23.643704196,off,0.0,0.0,0.0,True,True,1.0,1.0,0.0,0.0,0.0,0.0,0.0,0.0,0.0
2025-08-30T03:00:00+02:00,WE_HOME,FULL,False,20.2,22.340741939,21.51303398,23.643704196,off,0.0,0.0,0.0,True,True,1.0,1.0,0.0,0.0,0.0,0.0,0.0,0.0,0.0
2025-08-30T04:00:00+02:00,WE_HOME,FULL,False,20.7,21.983951616,21.51303398,23.643704196,off,0.0,0.0,0.0,True,True,1.0,1.0,0.0,0.0,0.0,0.0,0.0,0.0,0.0
2025-08-30T05:00:00+02:00,WE_HOME,FULL,False,19.8,21.76995968,21.51303398,23.643704196,off,0.0,0.0,0.0,True,True,1.0,1.0,0.0,0.0,0.0,0.0,0.0,0.0,0.0
2025-08-30T06:00:00+02:00,WE_HOME,FULL,False,19.4,21.441633067,21.51303398,23.643704196,off,0.0,0.0,0.0,True,True,1.0,1.0,0.0,0.0,0.0,0.0,0.0,0.0,0.0
2025-08-30T07:00:00+02:00,WE_HOME,FULL,False,18.9,21.101360889,21.51303398,23.643704196,off,0.0,0.0,0.0,True,True,1.0,1.0,0.0,0.0,0.0,0.0,0.0,0.0,0.0
2025-08-30T08:00:00+02:00,WE_HOME,FULL,False,19.7,20.734467407,21.51303398,23.643704196,heat,1.727328253,0.0,1.727328253,True,True,1.0,1.0,0.0,0.0,0.0,0.62835004,0.0,0.0,2.355678293
2025-08-30T09:00:00+02:00,WE_HOME,FULL,False,21.3,21.562056173,21.51303398,23.643704196,off,0.0,0.0,0.0,True,True,1.0,1.0,0.0,0.0,0.0,0.880530278,0.0,0.0,0.880530278
2025-08-30T10:00:00+02:00,WE_HOME,FULL,False,23.7,21.518380144,21.51303398,23.643704196,off,0.0,0.0,0.0,True,True,1.0,1.0,0.0,0.0,0.0,0.880530278,0.0,0.0,0.880530278
2025-08-30T11:00:00+02:00,WE_HOME,FULL,False,24.6,21.881983453,21.51303398,23.643704196,off,0.0,0.0,0.0,True,True,0.953894435,1.0,0.0,0.0,0.0,0.880530278,0.0,0.0,0.880530278
2025-08-30T12:00:00+02:00,WE_HOME,FULL,False,25.2,22.334986211,21.51303398,23.643704196,off,0.0,0.0,0.0,False,True,0.0,1.0,0.0,0.0,0.0,0.880530278,0.0,0.0,0.880530278
2025-08-30T13:00:00+02:00,WE_HOME,FULL,False,26.0,22.812488509,21.51303398,23.643704196,off,0.0,0.0,0.0,False,True,0.0,0.543491476,0.0,0.0,0.0,0.153240247,0.0,0.0,0.153240247
2025-08-30T14:00:00+02:00,WE_HOME,FULL,False,26.1,23.343740424,21.51303398,23.643704196,off,0.0,0.0,0.0,False,False,0.0,0.0,0.0,0.0,0.0,0.0,0.0,0.0,0.0
2025-08-30T15:00:00+02:00,WE_HOME,FULL,False,26.5,23.80311702,21.51303398,23.643704196,off,0.0,0.0,0.0,False,True,0.0,0.212500443,0.0,0.0,0.0,0.080838695,0.0,0.0,0.080838695
2025-08-30T16:00:00+02:00,WE_HOME,FULL,False,26.0,24.252597517,21.51303398,23.643704196,cool,0.0,1.40039609,1.40039609,False,True,0.0,1.0,0.0,7.206565026,7.206565026,0.880530278,0.0,0.0,9.487491394
2025-08-30T17:00:00+02:00,WE_HOME,FULL,False,25.5,23.543831264,21.51303398,23.643704196,off,0.0,0.0,0.0,False,True,0.0,1.0,0.0,5.768756989,5.768756989,0.880530278,0.0,0.0,6.649287267
2025-08-30T18:00:00+02:00,WE_HOME,FULL,False,24.7,23.869859387,21.51303398,23.643704196,off,0.0,0.0,0.0,True,True,0.876496135,1.0,0.0,0.0,0.0,0.880530278,0.0,0.0,0.880530278
2025-08-30T19:00:00+02:00,WE_HOME,FULL,False,24.3,24.008216156,21.51303398,23.643704196,off,0.0,0.0,0.0,True,True,1.0,1.0,0.0,0.0,0.0,0.880530278,0.0,0.0,0.880530278
2025-08-30T20:00:00+02:00,WE_HOME,FULL,False,23.9,24.056846796,21.51303398,23.643704196,off,0.0,0.0,0.0,True,True,1.0,1.0,0.0,0.0,0.0,0.316792675,0.0,0.0,0.316792675
2025-08-30T21:00:00+02:00,WE_HOME,FULL,False,22.7,24.030705664,21.51303398,23.643704196,off,0.0,0.0,0.0,True,True,1.0,1.0,0.0,0.0,0.0,0.0,0.0,1.505121642,1.505121642
2025-08-30T22:00:00+02:00,WE_HOME,FULL,False,22.5,23.808921386,21.51303398,23.643704196,off,0.0,0.0,0.0,True,True,1.0,1.0,0.0,0.0,0.0,0.0,0.0,6.590696173,6.590696173
2025-08-30T23:00:00+02:00,WE_HOME,FULL,False,22.2,23.590767822,21.51303398,23.643704196,off,0.0,0.0,0.0,True,True,1.0,1.0,0.0,0.0,0.0,0.0,0.0,3.193964509,3.193964509
2025-08-31T00:00:00+02:00,WE_HOME,FULL,False,22.6,23.358973185,21.752338097,23.883008313,off,0.0,0.0,0.0,True,True,1.0,1.0,0.0,0.0,0.0,0.0,0.0,0.0,0.0
2025-08-31T01:00:00+02:00,WE_HOME,FULL,False,22.7,23.232477654,21.752338097,23.883008313,off,0.0,0.0,0.0,True,True,1.0,1.0,0.0,0.0,0.0,0.0,0.0,0.0,0.0
2025-08-31T02:00:00+02:00,WE_HOME,FULL,False,22.6,23.143731378,21.752338097,23.883008313,off,0.0,0.0,0.0,True,True,1.0,1.0,0.0,0.0,0.0,0.0,0.0,0.0,0.0
2025-08-31T03:00:00+02:00,WE_HOME,FULL,False,22.2,23.053109482,21.752338097,23.883008313,off,0.0,0.0,0.0,True,True,1.0,1.0,0.0,0.0,0.0,0.0,0.0,0.0,0.0
2025-08-31T04:00:00+02:00,WE_HOME,FULL,False,22.0,22.910924568,21.752338097,23.883008313,off,0.0,0.0,0.0,True,True,1.0,1.0,0.0,0.0,0.0,0.0,0.0,0.0,0.0
2025-08-31T05:00:00+02:00,WE_HOME,FULL,False,22.0,22.759103807,21.752338097,23.883008313,off,0.0,0.0,0.0,True,True,1.0,1.0,0.0,0.0,0.0,0.0,0.0,0.0,0.0
2025-08-31T06:00:00+02:00,WE_HOME,FULL,False,21.7,22.632586506,21.752338097,23.883008313,off,0.0,0.0,0.0,True,True,1.0,1.0,0.0,0.0,0.0,0.0,0.0,0.0,0.0
2025-08-31T07:00:00+02:00,WE_HOME,FULL,False,21.7,22.477155422,21.752338097,23.883008313,off,0.0,0.0,0.0,True,True,1.0,1.0,0.0,0.0,0.0,0.0,0.0,0.0,0.0
2025-08-31T08:00:00+02:00,WE_HOME,FULL,False,22.0,22.347629518,21.752338097,23.883008313,off,0.0,0.0,0.0,True,True,1.0,1.0,0.0,0.0,0.0,0.0,0.0,0.0,0.0
2025-08-31T09:00:00+02:00,WE_HOME,FULL,False,23.4,22.289691265,21.752338097,23.883008313,off,0.0,0.0,0.0,True,True,1.0,1.0,0.0,0.0,0.0,0.0,0.0,0.0,0.0
2025-08-31T10:00:00+02:00,WE_HOME,FULL,False,24.8,22.474742721,21.752338097,23.883008313,off,0.0,0.0,0.0,True,True,1.0,1.0,0.0,0.0,0.0,0.0,0.0,0.0,0.0
2025-08-31T11:00:00+02:00,WE_HOME,EMPTY,False,26.1,22.862285601,20.752338097,24.883008313,off,0.0,0.0,0.0,True,True,1.0,1.0,0.0,0.0,0.0,0.273535132,0.0,0.0,0.273535132
2025-08-31T12:00:00+02:00,WE_HOME,EMPTY,False,26.5,23.401904667,20.752338097,24.883008313,off,0.0,0.0,0.0,True,True,1.0,1.0,0.0,0.0,0.0,0.880530278,0.0,0.0,0.880530278
2025-08-31T13:00:00+02:00,WE_HOME,EMPTY,False,27.2,23.918253889,20.752338097,24.883008313,off,0.0,0.0,0.0,True,True,1.0,1.0,0.0,0.0,0.0,0.880530278,0.0,0.0,0.880530278
2025-08-31T14:00:00+02:00,WE_HOME,EMPTY,False,27.8,24.465211574,20.752338097,24.883008313,off,0.0,0.0,0.0,True,True,1.0,1.0,0.0,0.0,0.0,0.880530278,0.0,0.0,0.880530278
2025-08-31T15:00:00+02:00,WE_HOME,EMPTY,False,27.5,25.021009645,20.752338097,24.883008313,off,0.0,0.0,0.0,True,True,1.0,1.0,0.0,0.0,0.0,0.880530278,0.0,0.0,0.880530278
2025-08-31T16:00:00+02:00,WE_HOME,EMPTY,False,27.7,25.434174704,20.752338097,24.883008313,cool,0.0,1.40039609,1.40039609,True,True,1.0,1.0,0.0,0.0,0.0,0.880530278,0.0,0.0,2.280926369
2025-08-31T17:00:00+02:00,WE_HOME,EMPTY,False,27.5,24.811812254,20.752338097,24.883008313,off,0.0,0.0,0.0,True,True,1.0,1.0,0.0,0.0,0.0,0.880530278,0.0,0.0,0.880530278
2025-08-31T18:00:00+02:00,WE_HOME,FULL,False,26.4,25.259843545,21.752338097,23.883008313,cool,0.0,1.40039609,1.40039609,True,True,1.0,1.0,0.0,0.0,0.0,0.880530278,0.0,0.0,2.280926369
2025-08-31T19:00:00+02:00,WE_HOME,FULL,False,26.1,24.449869621,21.752338097,23.883008313,cool,0.0,1.40039609,1.40039609,True,True,1.0,1.0,0.0,0.0,0.0,0.880530278,0.0,0.0,2.280926369
2025-08-31T20:00:00+02:00,WE_HOME,FULL,False,25.7,23.724891351,21.752338097,23.883008313,off,0.0,0.0,0.0,True,True,1.0,1.0,0.0,0.0,0.0,0.73129494,0.0,0.0,0.73129494
2025-08-31T21:00:00+02:00,WE_HOME,FULL,False,25.2,24.054076125,21.752338097,23.883008313,off,0.0,0.0,0.0,True,True,1.0,1.0,0.0,0.0,0.0,0.0,0.0,0.0,0.0
2025-08-31T22:00:00+02:00,WE_HOME,FULL,False,25.0,24.245063438,21.752338097,23.883008313,off,0.0,0.0,0.0,True,True,1.0,1.0,0.0,0.0,0.0,0.0,0.0,0.0,0.0
2025-08-31T23:00:00+02:00,WE_HOME,FULL,False,25.0,24.370886198,21.752338097,23.883008313,off,0.0,0.0,0.0,True,True,1.0,1.0,0.0,0.0,0.0,0.0,0.0,0.0,0.0
2025-09-01T00:00:00+02:00,WD_HOME,FULL,False,24.5,24.475738499,21.712700935,23.843371152,cool,0.0,1.40039609,1.40039609,True,True,1.0,1.0,0.0,0.0,0.0,0.0,0.0,0.0,1.40039609
2025-09-01T01:00:00+02:00,WD_HOME,FULL,False,24.7,23.479782082,21.712700935,23.843371152,off,0.0,0.0,0.0,True,True,1.0,1.0,0.0,0.0,0.0,0.0,0.0,0.0,0.0
2025-09-01T02:00:00+02:00,WD_HOME,FULL,False,24.2,23.683151735,21.712700935,23.843371152,off,0.0,0.0,0.0,True,True,1.0,1.0,0.0,0.0,0.0,0.0,0.0,0.0,0.0
2025-09-01T03:00:00+02:00,WD_HOME,FULL,False,23.2,23.769293113,21.712700935,23.843371152,off,0.0,0.0,0.0,True,True,1.0,1.0,0.0,0.0,0.0,0.0,0.0,0.0,0.0
2025-09-01T04:00:00+02:00,WD_HOME,FULL,False,22.5,23.674410927,21.712700935,23.843371152,off,0.0,0.0,0.0,True,True,1.0,1.0,0.0,0.0,0.0,0.0,0.0,0.0,0.0
2025-09-01T05:00:00+02:00,WD_HOME,FULL,False,21.8,23.478675773,21.712700935,23.843371152,off,0.0,0.0,0.0,True,True,1.0,1.0,0.0,0.0,0.0,0.0,0.0,0.0,0.0
2025-09-01T06:00:00+02:00,WD_HOME,FULL,False,21.2,23.198896477,21.712700935,23.843371152,off,0.0,0.0,0.0,True,True,1.0,1.0,0.0,0.0,0.0,0.0,0.0,0.0,0.0
2025-09-01T07:00:00+02:00,WD_HOME,FULL,False,20.7,22.865747064,21.712700935,23.843371152,off,0.0,0.0,0.0,True,True,1.0,1.0,0.0,0.0,0.0,0.0,0.0,0.0,0.0
2025-09-01T08:00:00+02:00,WD_HOME,FULL,False,20.5,22.50478922,21.712700935,23.843371152,off,0.0,0.0,0.0,True,True,1.0,1.0,0.0,0.0,0.0,0.0,0.0,0.0,0.0
2025-09-01T09:00:00+02:00,WD_HOME,PARTIAL,False,21.1,22.170657684,21.712700935,23.843371152,off,0.0,0.0,0.0,True,True,1.0,1.0,0.0,0.0,0.0,0.0,0.0,0.0,0.0
2025-09-01T10:00:00+02:00,WD_HOME,PARTIAL,False,21.8,21.992214736,21.712700935,23.843371152,off,0.0,0.0,0.0,True,True,1.0,1.0,0.0,0.0,0.0,0.07974224,0.0,0.0,0.07974224
2025-09-01T11:00:00+02:00,WD_HOME,PARTIAL,False,23.1,21.960178947,21.712700935,23.843371152,off,0.0,0.0,0.0,True,True,1.0,1.0,0.0,0.0,0.0,0.880530278,0.0,0.0,0.880530278
2025-09-01T12:00:00+02:00,WD_HOME,PARTIAL,False,23.8,22.150149122,21.712700935,23.843371152,off,0.0,0.0,0.0,True,True,1.0,1.0,0.0,0.0,0.0,0.880530278,0.0,0.0,0.880530278
2025-09-01T13:00:00+02:00,WD_HOME,PARTIAL,False,24.5,22.425124269,21.712700935,23.843371152,off,0.0,0.0,0.0,True,True,1.0,1.0,0.0,0.0,0.0,0.880530278,0.0,0.0,0.880530278
2025-09-01T14:00:00+02:00,WD_HOME,PARTIAL,False,25.6,22.770936891,21.712700935,23.843371152,off,0.0,0.0,0.0,True,True,1.0,1.0,0.0,0.0,0.0,0.880530278,0.0,0.0,0.880530278
2025-09-01T15:00:00+02:00,WD_HOME,PARTIAL,False,26.0,23.242447409,21.712700935,23.843371152,off,0.0,0.0,0.0,True,True,1.0,1.0,0.0,0.0,0.0,0.880530278,0.0,0.0,0.880530278
2025-09-01T16:00:00+02:00,WD_HOME,PARTIAL,False,26.4,23.702039507,21.712700935,23.843371152,off,0.0,0.0,0.0,True,True,1.0,1.0,0.0,0.0,0.0,0.880530278,0.0,0.0,0.880530278
2025-09-01T17:00:00+02:00,WD_HOME,PARTIAL,False,26.4,24.151699589,21.712700935,23.843371152,off,0.0,0.0,0.0,True,True,1.0,1.0,0.0,0.0,0.0,0.880530278,0.0,0.0,0.880530278
2025-09-01T18:00:00+02:00,WD_HOME,PARTIAL,False,25.5,24.526416325,21.712700935,23.843371152,cool,0.0,1.40039609,1.40039609,True,True,1.0,1.0,0.0,0.0,0.0,0.880530278,0.0,0.0,2.280926369
2025-09-01T19:00:00+02:00,WD_HOME,FULL,False,24.5,23.68868027,21.712700935,23.843371152,off,0.0,0.0,0.0,True,True,1.0,1.0,0.0,0.0,0.0,0.880530278,0.0,0.0,0.880530278
2025-09-01T20:00:00+02:00,WD_HOME,FULL,False,23.4,23.823900225,21.712700935,23.843371152,off,0.0,0.0,0.0,True,True,1.0,1.0,0.0,0.0,0.0,0.004930763,0.0,0.0,0.004930763
2025-09-01T21:00:00+02:00,WD_HOME,FULL,False,22.7,23.753250188,21.712700935,23.843371152,off,0.0,0.0,0.0,True,True,1.0,1.0,0.0,0.0,0.0,0.0,0.0,0.0,0.0
2025-09-01T22:00:00+02:00,WD_HOME,FULL,False,22.5,23.57770849,21.712700935,23.843371152,off,0.0,0.0,0.0,True,True,1.0,1.0,0.0,0.0,0.0,0.0,0.0,0.0,0.0
2025-09-01T23:00:00+02:00,WD_HOME,FULL,False,21.9,23.398090408,21.712700935,23.843371152,off,0.0,0.0,0.0,True,True,1.0,1.0,0.0,0.0,0.0,0.0,0.0,0.0,0.0
2025-09-02T00:00:00+02:00,AWAY_DAY,FULL,False,21.0,23.148408674,21.01984806,23.150518276,off,0.0,0.0,0.0,True,True,1.0,1.0,0.0,0.0,0.0,0.0,0.0,0.0,0.0
2025-09-02T01:00:00+02:00,AWAY_DAY,FULL,False,20.1,22.790340561,21.01984806,23.150518276,off,0.0,0.0,0.0,True,True,1.0,1.0,0.0,0.0,0.0,0.0,0.0,0.0,0.0
2025-09-02T02:00:00+02:00,AWAY_DAY,FULL,False,21.1,22.341950468,21.01984806,23.150518276,off,0.0,0.0,0.0,True,True,1.0,1.0,0.0,0.0,0.0,0.0,0.0,0.0,0.0
2025-09-02T03:00:00+02:00,AWAY_DAY,FULL,False,20.9,22.134958723,21.01984806,23.150518276,off,0.0,0.0,0.0,True,True,1.0,1.0,0.0,0.0,0.0,0.0,0.0,0.0,0.0
2025-09-02T04:00:00+02:00,AWAY_DAY,FULL,False,19.6,21.929132269,21.01984806,23.150518276,off,0.0,0.0,0.0,True,True,1.0,1.0,0.0,0.0,0.0,0.0,0.0,0.0,0.0
2025-09-02T05:00:00+02:00,AWAY_DAY,FULL,False,19.4,21.540943558,21.01984806,23.150518276,off,0.0,0.0,0.0,True,True,1.0,1.0,0.0,0.0,0.0,0.0,0.0,0.0,0.0
2025-09-02T06:00:00+02:00,AWAY_DAY,FULL,False,20.1,21.184119631,21.01984806,23.150518276,off,0.0,0.0,0.0,True,True,1.0,1.0,0.0,0.0,0.0,0.0,0.0,0.0,0.0
2025-09-02T07:00:00+02:00,AWAY_DAY,FULL,False,20.0,21.003433026,21.01984806,23.150518276,off,0.0,0.0,0.0,True,True,1.0,1.0,0.0,0.0,0.0,0.0,0.0,0.0,0.0
2025-09-02T08:00:00+02:00,AWAY_DAY,FULL,False,20.0,20.836194188,21.01984806,23.150518276,off,0.0,0.0,0.0,True,True,1.0,1.0,0.0,0.0,0.0,0.4766341,0.0,0.0,0.4766341
2025-09-02T09:00:00+02:00,AWAY_DAY,PARTIAL,False,21.3,20.69682849,21.01984806,23.150518276,off,0.0,0.0,0.0,True,True,1.0,1.0,0.0,0.0,0.0,0.880530278,0.0,0.0,0.880530278
2025-09-02T10:00:00+02:00,AWAY_DAY,PARTIAL,False,22.1,20.797357075,21.01984806,23.150518276,off,0.0,0.0,0.0,True,True,1.0,1.0,0.0,0.0,0.0,0.880530278,0.0,0.0,0.880530278
2025-09-02T11:00:00+02:00,AWAY_DAY,PARTIAL,False,23.1,21.014464229,21.01984806,23.150518276,off,0.0,0.0,0.0,True,True,1.0,1.0,0.0,0.0,0.0,0.533613294,0.0,0.0,0.533613294
2025-09-02T12:00:00+02:00,AWAY_DAY,PARTIAL,False,23.3,21.362053525,21.01984806,23.150518276,off,0.0,0.0,0.0,True,True,1.0,1.0,0.0,0.0,0.0,0.0,0.0,0.0,0.0
2025-09-02T13:00:00+02:00,AWAY_DAY,PARTIAL,False,24.5,21.685044604,21.01984806,23.150518276,off,0.0,0.0,0.0,True,True,0.525469271,1.0,0.0,0.0,0.0,0.0,0.0,0.0,0.0
2025-09-02T14:00:00+02:00,AWAY_DAY,EMPTY,True,25.6,22.154203836,18.01984806,26.150518276,off,0.0,0.0,0.0,False,True,0.0,1.0,0.0,0.0,0.0,0.0,0.0,0.0,0.0
2025-09-02T15:00:00+02:00,AWAY_DAY,EMPTY,True,26.6,22.728503197,18.01984806,26.150518276,off,0.0,0.0,0.0,False,True,0.0,1.0,0.0,0.0,0.0,0.0,0.0,0.0,0.0
2025-09-02T16:00:00+02:00,AWAY_DAY,EMPTY,True,27.0,23.373752664,18.01984806,26.150518276,off,0.0,0.0,0.0,False,True,0.0,1.0,0.0,0.0,0.0,0.433325647,0.0,0.0,0.433325647
2025-09-02T17:00:00+02:00,AWAY_DAY,EMPTY,True,27.2,23.97812722,18.01984806,26.150518276,off,0.0,0.0,0.0,False,True,0.0,1.0,0.0,0.0,0.0,0.880530278,0.0,0.0,0.880530278
2025-09-02T18:00:00+02:00,AWAY_DAY,EMPTY,True,26.5,24.515106017,18.01984806,26.150518276,off,0.0,0.0,0.0,False,True,0.0,1.0,0.0,0.0,0.0,0.292240635,0.0,0.0,0.292240635
2025-09-02T19:00:00+02:00,AWAY_DAY,EMPTY,True,25.6,24.845921681,18.01984806,26.150518276,off,0.0,0.0,0.0,False,True,0.0,1.0,0.0,0.0,0.0,0.0,0.0,0.0,0.0
2025-09-02T20:00:00+02:00,AWAY_DAY,EMPTY,True,24.6,24.971601401,18.01984806,26.150518276,off,0.0,0.0,0.0,False,True,0.0,1.0,0.0,0.0,0.0,0.0,0.0,0.0,0.0
2025-09-02T21:00:00+02:00,AWAY_DAY,EMPTY,True,23.9,24.909667834,18.01984806,26.150518276,off,0.0,0.0,0.0,False,True,0.0,1.0,0.0,0.0,0.0,0.0,0.0,0.0,0.0
2025-09-02T22:00:00+02:00,AWAY_DAY,EMPTY,True,23.3,24.741389862,18.01984806,26.150518276,off,0.0,0.0,0.0,False,True,0.0,1.0,0.0,0.0,0.0,0.0,0.0,0.0,0.0
2025-09-02T23:00:00+02:00,AWAY_DAY,EMPTY,True,23.0,24.501158218,18.01984806,26.150518276,off,0.0,0.0,0.0,False,True,0.0,1.0,0.0,0.0,0.0,0.0,0.0,0.0,0.0
2025-09-03T00:00:00+02:00,WD_HOME,EMPTY,True,21.6,24.250965182,18.0264635,26.157133717,off,0.0,0.0,0.0,False,True,0.0,1.0,0.0,0.0,0.0,0.0,0.0,0.0,0.0
2025-09-03T01:00:00+02:00,WD_HOME,EMPTY,True,21.2,23.809137651,18.0264635,26.157133717,off,0.0,0.0,0.0,False,True,0.0,1.0,0.0,0.0,0.0,0.0,0.0,0.0,0.0
2025-09-03T02:00:00+02:00,WD_HOME,EMPTY,True,21.6,23.374281376,18.0264635,26.157133717,off,0.0,0.0,0.0,False,True,0.0,1.0,0.0,0.0,0.0,0.0,0.0,0.0,0.0
2025-09-03T03:00:00+02:00,WD_HOME,EMPTY,True,21.7,23.078567813,18.0264635,26.157133717,off,0.0,0.0,0.0,False,True,0.0,1.0,0.0,0.0,0.0,0.0,0.0,0.0,0.0
2025-09-03T04:00:00+02:00,WD_HOME,EMPTY,True,20.6,22.848806511,18.0264635,26.157133717,off,0.0,0.0,0.0,False,True,0.0,1.0,0.0,0.0,0.0,0.0,0.0,0.0,0.0
2025-09-03T05:00:00+02:00,WD_HOME,EMPTY,True,19.4,22.474005426,18.0264635,26.157133717,off,0.0,0.0,0.0,False,True,0.0,1.0,0.0,0.0,0.0,0.0,0.0,0.0,0.0
2025-09-03T06:00:00+02:00,WD_HOME,EMPTY,True,18.9,21.961671188,18.0264635,26.157133717,off,0.0,0.0,0.0,False,True,0.0,1.0,0.0,0.0,0.0,0.0,0.0,0.0,0.0
2025-09-03T07:00:00+02:00,WD_HOME,EMPTY,True,18.7,21.451392657,18.0264635,26.157133717,off,0.0,0.0,0.0,False,True,0.0,1.0,0.0,0.0,0.0,0.0,0.0,0.0,0.0
2025-09-03T08:00:00+02:00,WD_HOME,EMPTY,True,19.6,20.992827214,18.0264635,26.157133717,off,0.0,0.0,0.0,False,True,0.0,1.0,0.0,0.0,0.0,0.015885299,0.0,0.0,0.015885299
2025-09-03T09:00:00+02:00,WD_HOME,EMPTY,True,21.8,20.760689345,18.0264635,26.157133717,off,0.0,0.0,0.0,False,True,0.0,1.0,0.0,0.0,0.0,0.880530278,0.0,0.0,0.880530278
2025-09-03T10:00:00+02:00,WD_HOME,EMPTY,True,23.8,20.933907788,18.0264635,26.157133717,off,0.0,0.0,0.0,False,True,0.0,1.0,0.0,0.0,0.0,0.880530278,0.0,0.0,0.880530278
2025-09-03T11:00:00+02:00,WD_HOME,EMPTY,True,25.4,21.411589823,18.0264635,26.157133717,off,0.0,0.0,0.0,False,True,0.0,1.0,0.0,0.0,0.0,0.880530278,0.0,0.0,0.880530278
2025-09-03T12:00:00+02:00,WD_HOME,EMPTY,True,26.5,22.076324852,18.0264635,26.157133717,off,0.0,0.0,0.0,False,True,0.0,1.0,0.0,0.0,0.0,0.880530278,0.0,0.0,0.880530278
2025-09-03T13:00:00+02:00,WD_HOME,EMPTY,True,27.2,22.813604044,18.0264635,26.157133717,off,0.0,0.0,0.0,False,True,0.0,1.0,0.0,0.0,0.0,0.380997882,0.0,0.0,0.380997882
2025-09-03T14:00:00+02:00,WD_HOME,EMPTY,True,27.8,23.544670036,18.0264635,26.157133717,off,0.0,0.0,0.0,False,True,0.0,1.0,0.0,0.0,0.0,0.0,0.0,0.0,0.0
2025-09-03T15:00:00+02:00,WD_HOME,EMPTY,True,28.0,24.253891697,18.0264635,26.157133717,off,0.0,0.0,0.0,False,True,0.0,1.0,0.0,0.0,0.0,0.0,0.0,0.0,0.0
2025-09-03T16:00:00+02:00,WD_HOME,EMPTY,True,27.9,24.878243081,18.0264635,26.157133717,off,0.0,0.0,0.0,False,True,0.0,1.0,0.0,0.0,0.0,0.0,0.0,0.0,0.0
2025-09-03T17:00:00+02:00,WD_HOME,EMPTY,True,27.5,25.381869234,18.0264635,26.157133717,off,0.0,0.0,0.0,True,True,0.296727023,1.0,0.0,0.0,0.0,0.48385133,0.0,0.0,0.48385133
2025-09-03T18:00:00+02:00,WD_HOME,FULL,False,26.8,25.734891028,21.0264635,23.157133717,cool,0.0,1.40039609,1.40039609,True,True,1.0,1.0,0.0,0.0,0.0,0.880530278,0.0,0.0,2.280926369
2025-09-03T19:00:00+02:00,WD_HOME,FULL,False,26.1,24.91240919,21.0264635,23.157133717,cool,0.0,1.40039609,1.40039609,True,True,1.0,1.0,0.0,0.0,0.0,0.880530278,0.0,0.0,2.280926369
2025-09-03T20:00:00+02:00,WD_HOME,FULL,False,25.0,24.110340992,21.0264635,23.157133717,cool,0.0,1.40039609,1.40039609,True,True,1.0,1.0,0.0,0.0,0.0,0.83719711,0.0,0.0,2.237593201
2025-09-03T21:00:00+02:00,WD_HOME,FULL,False,24.0,23.258617493,21.0264635,23.157133717,cool,0.0,1.40039609,1.40039609,True,True,1.0,1.0,0.0,0.0,0.0,0.0,0.0,0.0,1.40039609
2025-09-03T22:00:00+02:00,WD_HOME,FULL,False,23.0,22.382181244,21.0264635,23.157133717,off,0.0,0.0,0.0,True,True,1.0,1.0,0.0,0.0,0.0,0.0,0.0,0.0,0.0
2025-09-03T23:00:00+02:00,WD_HOME,FULL,False,22.2,22.485151037,21.0264635,23.157133717,off,0.0,0.0,0.0,True,True,1.0,1.0,0.0,0.0,0.0,0.0,0.0,0.0,0.0
2025-09-04T00:00:00+02:00,WD_HOME,FULL,False,22.0,22.437625864,20.994592596,23.125262813,off,0.0,0.0,0.0,True,True,1.0,1.0,0.0,0.0,0.0,0.0,0.0,0.0,0.0
2025-09-04T01:00:00+02:00,WD_HOME,FULL,False,21.6,22.36468822,20.994592596,23.125262813,off,0.0,0.0,0.0,True,True,1.0,1.0,0.0,0.0,0.0,0.0,0.0,0.0,0.0
2025-09-04T02:00:00+02:00,WD_HOME,FULL,False,21.7,22.237240183,20.994592596,23.125262813,off,0.0,0.0,0.0,True,True,1.0,1.0,0.0,0.0,0.0,0.0,0.0,0.0,0.0
2025-09-04T03:00:00+02:00,WD_HOME,FULL,False,20.8,22.147700153,20.994592596,23.125262813,off,0.0,0.0,0.0,True,True,1.0,1.0,0.0,0.0,0.0,0.0,0.0,0.0,0.0
2025-09-04T04:00:00+02:00,WD_HOME,FULL,False,21.3,21.923083461,20.994592596,23.125262813,off,0.0,0.0,0.0,True,True,1.0,1.0,0.0,0.0,0.0,0.0,0.0,0.0,0.0
2025-09-04T05:00:00+02:00,WD_HOME,FULL,False,21.0,21.819236217,20.994592596,23.125262813,off,0.0,0.0,0.0,True,True,1.0,1.0,0.0,0.0,0.0,0.0,0.0,0.0,0.0
2025-09-04T06:00:00+02:00,WD_HOME,FULL,False,20.7,21.682696848,20.994592596,23.125262813,off,0.0,0.0,0.0,True,True,1.0,1.0,0.0,0.0,0.0,0.0,0.0,0.0,0.0
2025-09-04T07:00:00+02:00,WD_HOME,FULL,False,20.8,21.51891404,20.994592596,23.125262813,off,0.0,0.0,0.0,True,True,1.0,1.0,0.0,0.0,0.0,0.0,0.0,0.0,0.0
2025-09-04T08:00:00+02:00,WD_HOME,FULL,False,21.1,21.399095033,20.994592596,23.125262813,off,0.0,0.0,0.0,True,True,0.888283006,0.79914104,0.0,0.0,0.0,0.215792285,0.0,0.0,0.215792285
2025-09-04T09:00:00+02:00,WD_HOME,EMPTY,False,22.4,21.349245861,19.994592596,24.125262813,off,0.0,0.0,0.0,False,False,0.0,0.0,0.0,0.0,0.0,0.880530278,0.0,0.0,0.880530278
2025-09-04T10:00:00+02:00,WD_HOME,EMPTY,False,24.1,21.524371551,19.994592596,24.125262813,off,0.0,0.0,0.0,False,False,0.0,0.0,0.0,0.0,0.0,0.880530278,0.0,0.0,0.880530278
2025-09-04T11:00:00+02:00,WD_HOME,EMPTY,False,25.5,21.953642959,19.994592596,24.125262813,off,0.0,0.0,0.0,False,False,0.0,0.0,0.0,0.0,0.0,0.880530278,0.0,0.0,0.880530278
2025-09-04T12:00:00+02:00,WD_HOME,EMPTY,False,26.5,22.544702466,19.994592596,24.125262813,off,0.0,0.0,0.0,False,False,0.0,0.0,0.0,0.0,0.0,0.880530278,0.0,0.0,0.880530278
2025-09-04T13:00:00+02:00,WD_HOME,EMPTY,False,26.9,23.203918722,19.994592596,24.125262813,off,0.0,0.0,0.0,False,False,0.0,0.0,0.0,0.0,0.0,0.880530278,0.0,0.0,0.880530278
2025-09-04T14:00:00+02:00,WD_HOME,EMPTY,False,26.9,23.819932268,19.994592596,24.125262813,off,0.0,0.0,0.0,False,False,0.0,0.0,0.0,0.0,0.0,0.12349443,0.0,0.0,0.12349443
2025-09-04T15:00:00+02:00,WD_HOME,EMPTY,False,27.1,24.33327689,19.994592596,24.125262813,off,0.0,0.0,0.0,False,False,0.0,0.0,0.0,0.0,0.0,0.0,0.0,0.0,0.0
2025-09-04T16:00:00+02:00,WD_HOME,EMPTY,False,27.3,24.794397408,19.994592596,24.125262813,cool,0.0,1.40039609,1.40039609,False,False,0.0,0.0,0.0,0.0,0.0,0.173023411,0.0,0.0,1.573419501
2025-09-04T17:00:00+02:00,WD_HOME,EMPTY,False,27.0,24.21199784,19.994592596,24.125262813,cool,0.0,1.40039609,1.40039609,False,True,0.0,0.847429278,0.0,0.0,0.0,0.880530278,0.0,0.0,2.280926369
2025-09-04T18:00:00+02:00,WD_HOME,FULL,False,26.9,23.676664867,20.994592596,23.125262813,cool,0.0,1.40039609,1.40039609,True,True,0.196322461,1.0,0.363057593,0.0,0.363057593,0.880530278,0.0,0.0,2.643983962
2025-09-04T19:00:00+02:00,WD_HOME,FULL,False,26.8,23.213887389,20.994592596,23.125262813,cool,0.0,1.40039609,1.40039609,True,True,1.0,1.0,6.239842335,0.0,6.239842335,0.880530278,0.0,0.0,8.520768704
2025-09-04T20:00:00+02:00,WD_HOME,FULL,False,25.8,22.811572824,20.994592596,23.125262813,off,0.0,0.0,0.0,True,True,1.0,1.0,0.0,0.0,0.0,0.880530278,0.0,0.0,0.880530278
2025-09-04T21:00:00+02:00,WD_HOME,FULL,False,24.9,23.30964402,20.994592596,23.125262813,off,0.0,0.0,0.0,True,True,1.0,1.0,0.0,0.0,0.0,0.066670387,0.0,0.0,0.066670387
2025-09-04T22:00:00+02:00,WD_HOME,FULL,False,25.0,23.57470335,20.994592596,23.125262813,off,0.0,0.0,0.0,True,True,1.0,1.0,0.0,0.0,0.0,0.0,0.0,0.0,0.0
2025-09-04T23:00:00+02:00,WD_HOME,FULL,False,23.8,23.812252792,20.994592596,23.125262813,cool,0.0,1.40039609,1.40039609,True,True,1.0,1.0,0.0,0.0,0.0,0.0,0.0,0.0,1.40039609
2025-09-05T00:00:00+02:00,WD_HOME,FULL,False,23.4,22.81021066,21.278903526,23.409573743,off,0.0,0.0,0.0,True,True,1.0,1.0,0.0,0.0,0.0,0.0,0.0,0.0,0.0
2025-09-05T01:00:00+02:00,WD_HOME,FULL,False,22.7,22.908508883,21.278903526,23.409573743,off,0.0,0.0,0.0,True,True,1.0,1.0,0.0,0.0,0.0,0.0,0.0,0.0,0.0
2025-09-05T02:00:00+02:00,WD_HOME,FULL,False,22.5,22.873757403,21.278903526,23.409573743,off,0.0,0.0,0.0,True,True,1.0,1.0,0.0,0.0,0.0,0.0,0.0,0.0,0.0
2025-09-05T03:00:00+02:00,WD_HOME,FULL,False,22.3,22.811464502,21.278903526,23.409573743,off,0.0,0.0,0.0,True,True,1.0,1.0,0.0,0.0,0.0,0.0,0.0,0.0,0.0
2025-09-05T04:00:00+02:00,WD_HOME,FULL,False,22.7,22.726220419,21.278903526,23.409573743,off,0.0,0.0,0.0,True,True,1.0,1.0,0.0,0.0,0.0,0.0,0.0,0.0,0.0
2025-09-05T05:00:00+02:00,WD_HOME,FULL,False,22.1,22.721850349,21.278903526,23.409573743,off,0.0,0.0,0.0,True,True,1.0,1.0,0.0,0.0,0.0,0.0,0.0,0.0,0.0
2025-09-05T06:00:00+02:00,WD_HOME,FULL,False,21.8,22.618208624,21.278903526,23.409573743,off,0.0,0.0,0.0,True,True,1.0,1.0,0.0,0.0,0.0,0.602188249,0.0,0.0,0.602188249
2025-09-05T07:00:00+02:00,WD_HOME,FULL,False,21.3,22.48184052,21.278903526,23.409573743,off,0.0,0.0,0.0,True,True,1.0,1.0,0.0,0.0,0.0,0.880530278,0.0,0.0,0.880530278
2025-09-05T08:00:00+02:00,WD_HOME,FULL,False,21.6,22.2848671,21.278903526,23.409573743,off,0.0,0.0,0.0,True,True,1.0,1.0,0.0,0.0,0.0,0.880530278,0.0,0.0,0.880530278
2025-09-05T09:00:00+02:00,WD_HOME,EMPTY,False,22.8,22.170722583,20.278903526,24.409573743,off,0.0,0.0,0.0,True,True,1.0,1.0,0.0,0.0,0.0,0.880530278,0.0,0.0,0.880530278
2025-09-05T10:00:00+02:00,WD_HOME,EMPTY,False,23.9,22.275602153,20.278903526,24.409573743,off,0.0,0.0,0.0,True,True,1.0,1.0,0.0,0.0,0.0,0.251346762,0.0,0.0,0.251346762
2025-09-05T11:00:00+02:00,WD_HOME,EMPTY,False,24.8,22.546335127,20.278903526,24.409573743,off,0.0,0.0,0.0,True,True,1.0,1.0,0.0,0.0,0.0,0.0,0.0,0.0,0.0
2025-09-05T12:00:00+02:00,WD_HOME,EMPTY,False,25.2,22.921945939,20.278903526,24.409573743,off,0.0,0.0,0.0,True,True,1.0,1.0,0.0,0.0,0.0,0.0,0.0,0.0,0.0
2025-09-05T13:00:00+02:00,WD_HOME,EMPTY,False,25.8,23.301621616,20.278903526,24.409573743,off,0.0,0.0,0.0,True,True,1.0,1.0,0.0,0.0,0.0,0.0,0.0,0.0,0.0
2025-09-05T14:00:00+02:00,WD_HOME,EMPTY,False,25.9,23.718018013,20.278903526,24.409573743,off,0.0,0.0,0.0,True,True,1.0,1.0,0.0,0.0,0.0,0.0,0.0,0.0,0.0
2025-09-05T15:00:00+02:00,WD_HOME,EMPTY,False,26.0,24.081681678,20.278903526,24.409573743,off,0.0,0.0,0.0,True,True,1.0,1.0,0.0,0.0,0.0,0.0,0.0,0.0,0.0
2025-09-05T16:00:00+02:00,WD_HOME,FULL,False,26.0,24.401401398,21.278903526,23.409573743,cool,0.0,1.40039609,1.40039609,True,True,1.0,1.0,0.0,0.0,0.0,0.0,0.0,0.0,1.40039609
2025-09-05T17:00:00+02:00,WD_HOME,FULL,False,25.7,23.667834499,21.278903526,23.409573743,cool,0.0,1.40039609,1.40039609,True,True,1.0,1.0,0.0,0.0,0.0,0.169596193,0.0,0.0,1.569992283
2025-09-05T18:00:00+02:00,WD_HOME,FULL,False,25.4,23.006528749,21.278903526,23.409573743,off,0.0,0.0,0.0,True,True,1.0,1.0,0.0,0.0,0.0,0.880530278,0.0,0.0,0.880530278
2025-09-05T19:00:00+02:00,WD_HOME,FULL,False,24.6,23.405440624,21.278903526,23.409573743,off,0.0,0.0,0.0,True,True,1.0,1.0,0.0,0.0,0.0,0.880530278,0.0,0.0,0.880530278
2025-09-05T20:00:00+02:00,WD_HOME,FULL,False,23.5,23.604533853,21.278903526,23.409573743,off,0.0,0.0,0.0,True,True,1.0,1.0,0.0,0.0,0.0,0.052550112,0.0,0.0,0.052550112
2025-09-05T21:00:00+02:00,WD_HOME,FULL,False,22.2,23.587111544,21.278903526,23.409573743,off,0.0,0.0,0.0,True,True,1.0,1.0,0.0,0.0,0.0,0.0,0.0,0.0,0.0
2025-09-05T22:00:00+02:00,WD_HOME,FULL,False,21.4,23.355926287,21.278903526,23.409573743,off,0.0,0.0,0.0,True,True,1.0,1.0,0.0,0.0,0.0,0.0,0.0,0.0,0.0
2025-09-05T23:00:00+02:00,WD_HOME,FULL,False,21.9,23.029938573,21.278903526,23.409573743,off,0.0,0.0,0.0,True,True,1.0,1.0,0.0,0.0,0.0,0.0,0.0,0.0,0.0
2025-09-06T00:00:00+02:00,WE_HOME,FULL,False,21.8,22.841615477,21.320578165,23.451248382,off,0.0,0.0,0.0,True,True,1.0,1.0,0.0,0.0,0.0,0.0,0.0,0.0,0.0
2025-09-06T01:00:00+02:00,WE_HOME,FULL,False,21.6,22.668012898,21.320578165,23.451248382,off,0.0,0.0,0.0,True,True,1.0,1.0,0.0,0.0,0.0,0.0,0.0,0.0,0.0
2025-09-06T02:00:00+02:00,WE_HOME,FULL,False,20.2,22.490010748,21.320578165,23.451248382,off,0.0,0.0,0.0,True,True,1.0,1.0,0.0,0.0,0.0,0.0,0.0,0.0,0.0
2025-09-06T03:00:00+02:00,WE_HOME,FULL,False,19.8,22.10834229,21.320578165,23.451248382,off,0.0,0.0,0.0,True,True,1.0,1.0,0.0,0.0,0.0,0.0,0.0,0.0,0.0
2025-09-06T04:00:00+02:00,WE_HOME,FULL,False,19.5,21.723618575,21.320578165,23.451248382,off,0.0,0.0,0.0,True,True,1.0,1.0,0.0,0.0,0.0,0.0,0.0,0.0,0.0
2025-09-06T05:00:00+02:00,WE_HOME,FULL,False,19.4,21.353015479,21.320578165,23.451248382,off,0.0,0.0,0.0,True,True,1.0,1.0,0.0,0.0,0.0,0.0,0.0,0.0,0.0
2025-09-06T06:00:00+02:00,WE_HOME,FULL,False,19.4,21.027512899,21.320578165,23.451248382,off,0.0,0.0,0.0,True,True,1.0,1.0,0.0,0.0,0.0,0.0,0.0,0.0,0.0
2025-09-06T07:00:00+02:00,WE_HOME,FULL,False,19.1,20.756260749,21.320578165,23.451248382,heat,1.727328253,0.0,1.727328253,True,True,1.0,1.0,0.0,0.0,0.0,0.850339617,0.0,0.0,2.577667871
2025-09-06T08:00:00+02:00,WE_HOME,FULL,False,19.5,21.480217291,21.320578165,23.451248382,off,0.0,0.0,0.0,True,True,1.0,1.0,0.0,0.0,0.0,0.880530278,0.0,0.0,0.880530278
2025-09-06T09:00:00+02:00,WE_HOME,FULL,False,21.6,21.150181076,21.320578165,23.451248382,off,0.0,0.0,0.0,True,True,0.637176327,1.0,0.0,0.0,0.0,0.880530278,0.0,0.0,0.880530278
2025-09-06T10:00:00+02:00,WE_HOME,FULL,False,23.7,21.225150897,21.320578165,23.451248382,off,0.0,0.0,0.0,False,True,0.0,1.0,0.0,0.0,0.0,0.880530278,0.0,0.0,0.880530278
2025-09-06T11:00:00+02:00,WE_HOME,FULL,False,25.0,21.637625747,21.320578165,23.451248382,off,0.0,0.0,0.0,False,True,0.0,1.0,0.0,0.0,0.0,0.880530278,0.0,0.0,0.880530278
2025-09-06T12:00:00+02:00,WE_HOME,FULL,False,25.9,22.198021456,21.320578165,23.451248382,off,0.0,0.0,0.0,False,True,0.0,1.0,0.0,0.0,0.0,0.485882898,0.0,0.0,0.485882898
2025-09-06T13:00:00+02:00,WE_HOME,FULL,False,26.5,22.81501788,21.320578165,23.451248382,off,0.0,0.0,0.0,False,True,0.0,1.0,0.0,0.0,0.0,0.0,0.0,0.0,0.0
2025-09-06T14:00:00+02:00,WE_HOME,FULL,False,26.6,23.429181567,21.320578165,23.451248382,off,0.0,0.0,0.0,False,True,0.0,1.0,0.0,0.0,0.0,0.0,0.0,0.0,0.0
2025-09-06T15:00:00+02:00,WE_HOME,FULL,False,26.7,23.957651306,21.320578165,23.451248382,cool,0.0,1.40039609,1.40039609,False,True,0.0,1.0,0.0,0.0,0.0,0.0,0.0,0.0,1.40039609
2025-09-06T16:00:00+02:00,WE_HOME,FULL,False,26.6,23.414709421,21.320578165,23.451248382,off,0.0,0.0,0.0,True,True,0.174047789,1.0,0.0,0.0,0.0,0.312765085,0.0,0.0,0.312765085
2025-09-06T17:00:00+02:00,WE_HOME,FULL,False,26.2,23.945591184,21.320578165,23.451248382,off,0.0,0.0,0.0,True,True,1.0,1.0,0.0,0.0,0.0,0.880530278,0.0,0.0,0.880530278
2025-09-06T18:00:00+02:00,WE_HOME,FULL,False,25.7,24.321325987,21.320578165,23.451248382,cool,0.0,1.40039609,1.40039609,True,True,1.0,1.0,0.0,0.0,0.0,0.880530278,0.0,0.0,2.280926369
2025-09-06T19:00:00+02:00,WE_HOME,FULL,False,25.4,23.551104989,21.320578165,23.451248382,cool,0.0,1.40039609,1.40039609,True,True,1.0,1.0,0.0,0.0,0.0,0.223645736,0.0,0.0,1.624041826
2025-09-06T20:00:00+02:00,WE_HOME,FULL,False,24.3,22.859254158,21.320578165,23.451248382,off,0.0,0.0,0.0,True,True,1.0,1.0,0.0,0.0,0.0,0.0,0.0,1.09590558,1.09590558
2025-09-06T21:00:00+02:00,WE_HOME,FULL,False,23.4,23.099378465,21.320578165,23.451248382,off,0.0,0.0,0.0,True,True,1.0,1.0,0.0,0.0,0.0,0.0,0.0,6.590696173,6.590696173
2025-09-06T22:00:00+02:00,WE_HOME,FULL,False,24.1,23.149482054,21.320578165,23.451248382,off,0.0,0.0,0.0,True,True,1.0,1.0,0.0,0.0,0.0,0.0,0.0,2.13370976,2.13370976
2025-09-06T23:00:00+02:00,WE_HOME,FULL,False,24.0,23.307901712,21.320578165,23.451248382,off,0.0,0.0,0.0,True,True,1.0,1.0,0.0,0.0,0.0,0.0,0.0,0.0,0.0
2025-09-07T00:00:00+02:00,WE_HOME,FULL,False,23.1,23.423251426,21.342589837,23.473260054,off,0.0,0.0,0.0,True,True,1.0,1.0,0.0,0.0,0.0,0.0,0.0,0.0,0.0
2025-09-07T01:00:00+02:00,WE_HOME,FULL,False,24.1,23.369376189,21.342589837,23.473260054,off,0.0,0.0,0.0,True,True,1.0,1.0,0.0,0.0,0.0,0.0,0.0,0.0,0.0
2025-09-07T02:00:00+02:00,WE_HOME,FULL,False,23.2,23.491146824,21.342589837,23.473260054,off,0.0,0.0,0.0,True,True,1.0,1.0,0.0,0.0,0.0,0.0,0.0,0.0,0.0
2025-09-07T03:00:00+02:00,WE_HOME,FULL,False,23.2,23.442622353,21.342589837,23.473260054,off,0.0,0.0,0.0,True,True,1.0,1.0,0.0,0.0,0.0,0.0,0.0,0.0,0.0
2025-09-07T04:00:00+02:00,WE_HOME,FULL,False,23.0,23.402185294,21.342589837,23.473260054,off,0.0,0.0,0.0,True,True,1.0,1.0,0.0,0.0,0.0,0.0,0.0,0.0,0.0
2025-09-07T05:00:00+02:00,WE_HOME,FULL,False,22.0,23.335154412,21.342589837,23.473260054,off,0.0,0.0,0.0,True,True,1.0,1.0,0.0,0.0,0.0,0.0,0.0,0.0,0.0
2025-09-07T06:00:00+02:00,WE_HOME,FULL,False,22.2,23.112628677,21.342589837,23.473260054,off,0.0,0.0,0.0,True,True,1.0,1.0,0.0,0.0,0.0,0.0,0.0,0.0,0.0
2025-09-07T07:00:00+02:00,WE_HOME,FULL,False,22.0,22.960523897,21.342589837,23.473260054,off,0.0,0.0,0.0,True,True,1.0,1.0,0.0,0.0,0.0,0.0,0.0,0.0,0.0
2025-09-07T08:00:00+02:00,WE_HOME,FULL,False,22.1,22.800436581,21.342589837,23.473260054,off,0.0,0.0,0.0,True,True,1.0,1.0,0.0,0.0,0.0,0.16999549,0.0,0.0,0.16999549
2025-09-07T09:00:00+02:00,WE_HOME,FULL,False,23.6,22.683697151,21.342589837,23.473260054,off,0.0,0.0,0.0,True,True,1.0,1.0,0.0,0.0,0.0,0.880530278,0.0,0.0,0.880530278
2025-09-07T10:00:00+02:00,WE_HOME,FULL,False,24.8,22.836414292,21.342589837,23.473260054,off,0.0,0.0,0.0,True,True,1.0,1.0,0.0,0.0,0.0,0.880530278,0.0,0.0,0.880530278
2025-09-07T11:00:00+02:00,WE_HOME,PARTIAL,False,25.4,23.163678577,21.342589837,23.473260054,off,0.0,0.0,0.0,True,True,1.0,1.0,0.0,0.0,0.0,0.880530278,0.0,0.0,0.880530278
2025-09-07T12:00:00+02:00,WE_HOME,PARTIAL,False,26.4,23.536398814,21.342589837,23.473260054,off,0.0,0.0,0.0,True,True,1.0,1.0,0.0,0.0,0.0,0.880530278,0.0,0.0,0.880530278
2025-09-07T13:00:00+02:00,WE_HOME,PARTIAL,False,27.0,24.013665678,21.342589837,23.473260054,cool,0.0,1.40039609,1.40039609,True,True,1.0,1.0,0.0,0.0,0.0,0.486428848,0.0,0.0,1.886824938
2025-09-07T14:00:00+02:00,WE_HOME,PARTIAL,False,27.6,23.511388065,21.342589837,23.473260054,cool,0.0,1.40039609,1.40039609,True,True,1.0,1.0,0.0,0.0,0.0,0.0,0.0,0.0,1.40039609
2025-09-07T15:00:00+02:00,WE_HOME,PARTIAL,False,28.2,23.192823388,21.342589837,23.473260054,off,0.0,0.0,0.0,True,True,1.0,1.0,0.0,0.0,0.0,0.0,0.0,0.0,0.0
2025-09-07T16:00:00+02:00,WE_HOME,PARTIAL,False,28.1,24.027352823,21.342589837,23.473260054,cool,0.0,1.40039609,1.40039609,True,True,1.0,1.0,0.0,0.0,0.0,0.0,0.0,0.0,1.40039609
2025-09-07T17:00:00+02:00,WE_HOME,PARTIAL,False,27.8,23.706127353,21.342589837,23.473260054,cool,0.0,1.40039609,1.40039609,True,True,1.0,1.0,0.0,0.0,0.0,0.356175297,0.0,0.0,1.756571387
2025-09-07T18:00:00+02:00,WE_HOME,FULL,False,27.1,23.388439461,21.342589837,23.473260054,off,0.0,0.0,0.0,True,True,1.0,1.0,0.0,0.0,0.0,0.880530278,0.0,0.0,0.880530278
2025-09-07T19:00:00+02:00,WE_HOME,FULL,False,26.6,24.007032884,21.342589837,23.473260054,cool,0.0,1.40039609,1.40039609,True,True,1.0,1.0,0.0,0.0,0.0,0.867432302,0.0,0.0,2.267828392
2025-09-07T20:00:00+02:00,WE_HOME,FULL,False,25.8,23.43919407,21.342589837,23.473260054,off,0.0,0.0,0.0,True,True,1.0,1.0,0.0,0.0,0.0,0.0,0.0,0.0,0.0
2025-09-07T21:00:00+02:00,WE_HOME,FULL,False,25.0,23.832661725,21.342589837,23.473260054,off,0.0,0.0,0.0,True,True,1.0,1.0,0.0,0.0,0.0,0.0,0.0,0.0,0.0
2025-09-07T22:00:00+02:00,WE_HOME,FULL,False,24.4,24.027218104,21.342589837,23.473260054,cool,0.0,1.40039609,1.40039609,True,True,1.0,1.0,0.0,0.0,0.0,0.0,0.0,0.0,1.40039609
2025-09-07T23:00:00+02:00,WE_HOME,FULL,False,24.0,23.08934842,21.342589837,23.473260054,off,0.0,0.0,0.0,True,True,1.0,1.0,0.0,0.0,0.0,0.0,0.0,0.0,0.0
2025-09-08T00:00:00+02:00,WD_HOME,FULL,False,24.3,23.241123683,21.519699664,23.65036988,off,0.0,0.0,0.0,True,True,1.0,1.0,0.0,0.0,0.0,0.0,0.0,0.0,0.0
2025-09-08T01:00:00+02:00,WD_HOME,FULL,False,24.4,23.417603069,21.519699664,23.65036988,off,0.0,0.0,0.0,True,True,1.0,1.0,0.0,0.0,0.0,0.0,0.0,0.0,0.0
2025-09-08T02:00:00+02:00,WD_HOME,FULL,False,24.4,23.581335891,21.519699664,23.65036988,off,0.0,0.0,0.0,True,True,1.0,1.0,0.0,0.0,0.0,0.0,0.0,0.0,0.0
2025-09-08T03:00:00+02:00,WD_HOME,FULL,False,24.2,23.717779909,21.519699664,23.65036988,off,0.0,0.0,0.0,True,True,1.0,1.0,0.0,0.0,0.0,0.0,0.0,0.0,0.0
2025-09-08T04:00:00+02:00,WD_HOME,FULL,False,24.3,23.798149924,21.519699664,23.65036988,off,0.0,0.0,0.0,True,True,1.0,1.0,0.0,0.0,0.0,0.0,0.0,0.0,0.0
2025-09-08T05:00:00+02:00,WD_HOME,FULL,False,24.4,23.881791604,21.519699664,23.65036988,off,0.0,0.0,0.0,True,True,1.0,1.0,0.0,0.0,0.0,0.0,0.0,0.0,0.0
2025-09-08T06:00:00+02:00,WD_HOME,FULL,False,24.3,23.96815967,21.519699664,23.65036988,off,0.0,0.0,0.0,True,True,1.0,1.0,0.0,0.0,0.0,0.0,0.0,0.0,0.0
2025-09-08T07:00:00+02:00,WD_HOME,FULL,False,24.2,24.023466391,21.519699664,23.65036988,off,0.0,0.0,0.0,True,True,1.0,1.0,0.0,0.0,0.0,0.0,0.0,0.0,0.0
2025-09-08T08:00:00+02:00,WD_HOME,FULL,False,24.2,24.05288866,21.519699664,23.65036988,off,0.0,0.0,0.0,True,True,1.0,0.684339849,0.0,0.0,0.0,0.0,0.0,0.0,0.0
2025-09-08T09:00:00+02:00,WD_HOME,EMPTY,False,24.6,24.077407216,20.519699664,24.65036988,off,0.0,0.0,0.0,True,False,1.0,0.0,0.0,0.0,0.0,0.0,0.0,0.0,0.0
2025-09-08T10:00:00+02:00,WD_HOME,EMPTY,False,24.9,24.164506014,20.519699664,24.65036988,off,0.0,0.0,0.0,True,False,1.0,0.0,0.0,0.0,0.0,0.0,0.0,0.0,0.0
2025-09-08T11:00:00+02:00,WD_HOME,EMPTY,False,25.8,24.287088345,20.519699664,24.65036988,off,0.0,0.0,0.0,True,False,1.0,0.0,0.0,0.0,0.0,0.715097871,0.0,0.0,0.715097871
2025-09-08T12:00:00+02:00,WD_HOME,EMPTY,False,26.7,24.539240287,20.519699664,24.65036988,off,0.0,0.0,0.0,True,False,1.0,0.0,0.0,0.0,0.0,0.880530278,0.0,0.0,0.880530278
2025-09-08T13:00:00+02:00,WD_HOME,EMPTY,False,26.6,24.899366906,20.519699664,24.65036988,off,0.0,0.0,0.0,True,False,1.0,0.0,0.0,0.0,0.0,0.880530278,0.0,0.0,0.880530278
2025-09-08T14:00:00+02:00,WD_HOME,EMPTY,False,26.1,25.182805755,20.519699664,24.65036988,cool,0.0,1.40039609,1.40039609,True,False,1.0,0.0,0.0,0.0,0.0,0.880530278,0.0,0.0,2.280926369
2025-09-08T15:00:00+02:00,WD_HOME,EMPTY,False,25.9,24.335671463,20.519699664,24.65036988,off,0.0,0.0,0.0,True,False,1.0,0.0,0.0,0.0,0.0,0.880530278,0.0,0.0,0.880530278
2025-09-08T16:00:00+02:00,WD_HOME,FULL,False,25.6,24.596392885,21.519699664,23.65036988,cool,0.0,1.40039609,1.40039609,True,False,1.0,0.0,0.0,0.0,0.0,0.880530278,0.0,0.0,2.280926369
2025-09-08T17:00:00+02:00,WD_HOME,FULL,False,24.9,23.763660738,21.519699664,23.65036988,cool,0.0,1.40039609,1.40039609,True,True,1.0,0.631836534,0.0,1.434956628,1.434956628,0.584914929,0.0,0.0,3.420267647
2025-09-08T18:00:00+02:00,WD_HOME,FULL,False,24.6,22.953050615,21.519699664,23.65036988,off,0.0,0.0,0.0,True,True,1.0,1.0,0.0,7.4,7.4,0.0,0.0,0.0,7.4
2025-09-08T19:00:00+02:00,WD_HOME,FULL,False,24.3,23.227542179,21.519699664,23.65036988,off,0.0,0.0,0.0,True,True,1.0,1.0,0.0,7.4,7.4,0.0,0.0,0.0,7.4
2025-09-08T20:00:00+02:00,WD_HOME,FULL,False,23.8,23.406285149,21.519699664,23.65036988,off,0.0,0.0,0.0,True,True,1.0,1.0,0.0,7.4,7.4,0.0,0.0,0.498815793,7.898815793
2025-09-08T21:00:00+02:00,WD_HOME,FULL,False,23.6,23.471904291,21.519699664,23.65036988,off,0.0,0.0,0.0,True,True,1.0,1.0,0.0,0.785657478,0.785657478,0.0,0.0,6.590696173,7.37635365
2025-09-08T22:00:00+02:00,WD_HOME,FULL,False,23.6,23.493253576,21.519699664,23.65036988,off,0.0,0.0,0.0,True,True,1.0,1.0,0.0,0.0,0.0,0.0,0.0,2.57548465,2.57548465
2025-09-08T23:00:00+02:00,WD_HOME,FULL,False,23.3,23.511044647,21.519699664,23.65036988,off,0.0,0.0,0.0,True,True,1.0,1.0,0.0,0.0,0.0,0.0,0.0,0.0,0.0
2025-09-09T00:00:00+02:00,WD_HOME,FULL,False,23.7,23.475870539,21.807228971,23.937899187,off,0.0,0.0,0.0,True,True,1.0,1.0,0.0,0.0,0.0,0.0,0.0,0.0,0.0
2025-09-09T01:00:00+02:00,WD_HOME,FULL,False,23.2,23.513225449,21.807228971,23.937899187,off,0.0,0.0,0.0,True,True,1.0,1.0,0.0,0.0,0.0,0.0,0.0,0.0,0.0
2025-09-09T02:00:00+02:00,WD_HOME,FULL,False,22.9,23.461021207,21.807228971,23.937899187,off,0.0,0.0,0.0,True,True,1.0,1.0,0.0,0.0,0.0,0.0,0.0,0.0,0.0
2025-09-09T03:00:00+02:00,WD_HOME,FULL,False,22.6,23.367517673,21.807228971,23.937899187,off,0.0,0.0,0.0,True,True,1.0,1.0,0.0,0.0,0.0,0.0,0.0,0.0,0.0
2025-09-09T04:00:00+02:00,WD_HOME,FULL,False,22.2,23.239598061,21.807228971,23.937899187,off,0.0,0.0,0.0,True,True,1.0,1.0,0.0,0.0,0.0,0.0,0.0,0.0,0.0
2025-09-09T05:00:00+02:00,WD_HOME,FULL,False,22.0,23.066331717,21.807228971,23.937899187,off,0.0,0.0,0.0,True,True,1.0,1.0,0.0,0.0,0.0,0.0,0.0,0.0,0.0
2025-09-09T06:00:00+02:00,WD_HOME,FULL,False,21.4,22.888609764,21.807228971,23.937899187,off,0.0,0.0,0.0,True,True,1.0,1.0,0.0,0.0,0.0,0.0,0.0,0.0,0.0
2025-09-09T07:00:00+02:00,WD_HOME,FULL,False,20.9,22.640508137,21.807228971,23.937899187,off,0.0,0.0,0.0,True,True,1.0,1.0,0.0,0.0,0.0,0.0,0.0,0.0,0.0
2025-09-09T08:00:00+02:00,WD_HOME,FULL,False,21.0,22.350423448,21.807228971,23.937899187,off,0.0,0.0,0.0,True,True,0.529890214,0.606342281,0.0,0.0,0.0,0.0,0.0,0.0,0.0
2025-09-09T09:00:00+02:00,WD_HOME,EMPTY,False,20.8,22.125352873,20.807228971,24.937899187,off,0.0,0.0,0.0,False,False,0.0,0.0,0.0,0.0,0.0,0.0,0.0,0.0,0.0
2025-09-09T10:00:00+02:00,WD_HOME,EMPTY,False,20.7,21.904460727,20.807228971,24.937899187,off,0.0,0.0,0.0,False,False,0.0,0.0,0.0,0.0,0.0,0.68404505,0.0,0.0,0.68404505
2025-09-09T11:00:00+02:00,WD_HOME,EMPTY,False,20.2,21.703717273,20.807228971,24.937899187,off,0.0,0.0,0.0,False,False,0.0,0.0,0.0,0.0,0.0,0.880530278,0.0,0.0,0.880530278
2025-09-09T12:00:00+02:00,WD_HOME,EMPTY,False,21.4,21.453097727,20.807228971,24.937899187,off,0.0,0.0,0.0,False,False,0.0,0.0,0.0,0.0,0.0,0.880530278,0.0,0.0,0.880530278
2025-09-09T13:00:00+02:00,WD_HOME,EMPTY,False,22.3,21.444248106,20.807228971,24.937899187,off,0.0,0.0,0.0,False,False,0.0,0.0,0.0,0.0,0.0,0.880530278,0.0,0.0,0.880530278
2025-09-09T14:00:00+02:00,WD_HOME,EMPTY,False,23.0,21.586873422,20.807228971,24.937899187,off,0.0,0.0,0.0,False,False,0.0,0.0,0.0,0.0,0.0,0.880530278,0.0,0.0,0.880530278
2025-09-09T15:00:00+02:00,WD_HOME,EMPTY,False,23.0,21.822394518,20.807228971,24.937899187,off,0.0,0.0,0.0,False,False,0.0,0.0,0.0,0.0,0.0,0.880530278,0.0,0.0,0.880530278
2025-09-09T16:00:00+02:00,WD_HOME,EMPTY,False,23.2,22.018662098,20.807228971,24.937899187,off,0.0,0.0,0.0,False,True,0.0,0.341715696,0.0,0.0,0.0,0.880530278,0.0,0.0,0.880530278
2025-09-09T17:00:00+02:00,WD_HOME,EMPTY,False,23.0,22.215551749,20.807228971,24.937899187,off,0.0,0.0,0.0,False,True,0.0,1.0,0.0,5.196567529,5.196567529,0.774206671,0.0,0.0,5.9707742
2025-09-09T18:00:00+02:00,WD_HOME,FULL,False,22.8,22.346293124,21.807228971,23.937899187,off,0.0,0.0,0.0,True,True,0.047026542,1.0,0.0,7.4,7.4,0.0,0.0,0.0,7.4
2025-09-09T19:00:00+02:00,WD_HOME,FULL,False,22.6,22.421910937,21.807228971,23.937899187,off,0.0,0.0,0.0,True,True,1.0,1.0,0.447929844,0.829045152,1.276974996,0.0,0.0,0.0,1.276974996
2025-09-09T20:00:00+02:00,WD_HOME,FULL,False,22.1,22.451592447,21.807228971,23.937899187,off,0.0,0.0,0.0,True,True,1.0,1.0,7.4,0.0,7.4,0.0,0.0,0.0,7.4
2025-09-09T21:00:00+02:00,WD_HOME,FULL,False,22.2,22.392993706,21.807228971,23.937899187,off,0.0,0.0,0.0,True,True,1.0,1.0,4.654881638,0.0,4.654881638,0.0,0.0,0.0,4.654881638
2025-09-09T22:00:00+02:00,WD_HOME,FULL,False,22.2,22.360828088,21.807228971,23.937899187,off,0.0,0.0,0.0,True,True,1.0,1.0,0.0,0.0,0.0,0.0,0.0,0.0,0.0
2025-09-09T23:00:00+02:00,WD_HOME,FULL,False,21.0,22.334023407,21.807228971,23.937899187,off,0.0,0.0,0.0,True,True,1.0,1.0,0.0,0.0,0.0,0.0,0.0,0.0,0.0
2025-09-10T00:00:00+02:00,WD_HOME,FULL,False,21.4,22.111686172,21.084753983,23.215424199,off,0.0,0.0,0.0,True,True,1.0,1.0,0.0,0.0,0.0,0.0,0.0,0.0,0.0
2025-09-10T01:00:00+02:00,WD_HOME,FULL,False,20.7,21.99307181,21.084753983,23.215424199,off,0.0,0.0,0.0,True,True,1.0,1.0,0.0,0.0,0.0,0.0,0.0,0.0,0.0
2025-09-10T02:00:00+02:00,WD_HOME,FULL,False,20.0,21.777559842,21.084753983,23.215424199,off,0.0,0.0,0.0,True,True,1.0,1.0,0.0,0.0,0.0,0.0,0.0,0.0,0.0
2025-09-10T03:00:00+02:00,WD_HOME,FULL,False,20.0,21.481299868,21.084753983,23.215424199,off,0.0,0.0,0.0,True,True,1.0,1.0,0.0,0.0,0.0,0.0,0.0,0.0,0.0
2025-09-10T04:00:00+02:00,WD_HOME,FULL,False,19.6,21.234416557,21.084753983,23.215424199,off,0.0,0.0,0.0,True,True,1.0,1.0,0.0,0.0,0.0,0.0,0.0,0.0,0.0
2025-09-10T05:00:00+02:00,WD_HOME,FULL,False,19.4,20.962013797,21.084753983,23.215424199,off,0.0,0.0,0.0,True,True,1.0,1.0,0.0,0.0,0.0,0.0,0.0,0.0,0.0
2025-09-10T06:00:00+02:00,WD_HOME,FULL,False,19.2,20.701678165,21.084753983,23.215424199,off,0.0,0.0,0.0,True,True,1.0,1.0,0.0,0.0,0.0,0.0,0.0,0.0,0.0
2025-09-10T07:00:00+02:00,WD_HOME,FULL,False,19.0,20.45139847,21.084753983,23.215424199,heat,1.727328253,0.0,1.727328253,True,True,1.0,1.0,0.0,0.0,0.0,0.0,0.0,0.0,1.727328253
2025-09-10T08:00:00+02:00,WD_HOME,FULL,False,18.8,21.209498725,21.084753983,23.215424199,off,0.0,0.0,0.0,True,True,0.922143403,0.907828012,0.0,0.0,0.0,0.0,0.0,0.0,0.0
2025-09-10T09:00:00+02:00,WD_HOME,EMPTY,False,20.2,20.807915604,20.084753983,24.215424199,off,0.0,0.0,0.0,False,False,0.0,0.0,0.0,0.0,0.0,0.683074796,0.0,0.0,0.683074796
2025-09-10T10:00:00+02:00,WD_HOME,EMPTY,False,22.1,20.706596337,20.084753983,24.215424199,off,0.0,0.0,0.0,False,False,0.0,0.0,0.0,0.0,0.0,0.880530278,0.0,0.0,0.880530278
2025-09-10T11:00:00+02:00,WD_HOME,EMPTY,False,23.5,20.938830281,20.084753983,24.215424199,off,0.0,0.0,0.0,False,False,0.0,0.0,0.0,0.0,0.0,0.880530278,0.0,0.0,0.880530278
2025-09-10T12:00:00+02:00,WD_HOME,EMPTY,False,24.5,21.365691901,20.084753983,24.215424199,off,0.0,0.0,0.0,False,False,0.0,0.0,0.0,0.0,0.0,0.880530278,0.0,0.0,0.880530278
2025-09-10T13:00:00+02:00,WD_HOME,EMPTY,False,24.8,21.888076584,20.084753983,24.215424199,off,0.0,0.0,0.0,False,False,0.0,0.0,0.0,0.0,0.0,0.880530278,0.0,0.0,0.880530278
2025-09-10T14:00:00+02:00,WD_HOME,EMPTY,False,25.9,22.373397153,20.084753983,24.215424199,off,0.0,0.0,0.0,False,False,0.0,0.0,0.0,0.0,0.0,0.880530278,0.0,0.0,0.880530278
2025-09-10T15:00:00+02:00,WD_HOME,EMPTY,False,26.9,22.961164294,20.084753983,24.215424199,off,0.0,0.0,0.0,False,False,0.0,0.0,0.0,0.0,0.0,0.880530278,0.0,0.0,0.880530278
2025-09-10T16:00:00+02:00,WD_HOME,EMPTY,False,27.9,23.617636912,20.084753983,24.215424199,off,0.0,0.0,0.0,False,False,0.0,0.0,0.0,0.0,0.0,0.189624906,0.0,0.0,0.189624906
2025-09-10T17:00:00+02:00,WD_HOME,EMPTY,False,27.3,24.331364093,20.084753983,24.215424199,off,0.0,0.0,0.0,False,True,0.0,0.716767446,0.0,0.290544821,0.290544821,0.0,0.0,0.0,0.290544821
2025-09-10T18:00:00+02:00,WD_HOME,EMPTY,False,26.6,24.826136744,20.084753983,24.215424199,cool,0.0,1.40039609,1.40039609,True,True,0.482540897,1.0,0.0,7.4,7.4,0.0,0.0,0.0,8.80039609
2025-09-10T19:00:00+02:00,WD_HOME,FULL,False,26.1,24.12178062,21.084753983,23.215424199,cool,0.0,1.40039609,1.40039609,True,True,1.0,1.0,5.268532032,3.946182606,9.214714638,0.0,0.0,0.0,10.615110728
2025-09-10T20:00:00+02:00,WD_HOME,FULL,False,24.9,23.45148385,21.084753983,23.215424199,cool,0.0,1.40039609,1.40039609,True,True,1.0,1.0,7.4,0.0,7.4,0.0,0.0,0.0,8.80039609
2025-09-10T21:00:00+02:00,WD_HOME,FULL,False,23.9,22.692903209,21.084753983,23.215424199,off,0.0,0.0,0.0,True,True,1.0,1.0,7.4,0.0,7.4,0.0,0.0,0.0,7.4
2025-09-10T22:00:00+02:00,WD_HOME,FULL,False,23.0,22.894086007,21.084753983,23.215424199,off,0.0,0.0,0.0,True,True,1.0,1.0,2.562151471,0.0,2.562151471,0.0,0.0,0.0,2.562151471
2025-09-10T23:00:00+02:00,WD_HOME,FULL,False,22.1,22.911738339,21.084753983,23.215424199,off,0.0,0.0,0.0,True,True,1.0,1.0,0.0,0.0,0.0,0.0,0.0,0.0,0.0
2025-09-11T00:00:00+02:00,WD_HOME,FULL,False,21.7,22.776448616,21.623070994,23.753741211,off,0.0,0.0,0.0,True,True,1.0,1.0,0.0,0.0,0.0,0.0,0.0,0.0,0.0
2025-09-11T01:00:00+02:00,WD_HOME,FULL,False,21.1,22.597040513,21.623070994,23.753741211,off,0.0,0.0,0.0,True,True,1.0,1.0,0.0,0.0,0.0,0.0,0.0,0.0,0.0
2025-09-11T02:00:00+02:00,WD_HOME,FULL,False,20.2,22.347533761,21.623070994,23.753741211,off,0.0,0.0,0.0,True,True,1.0,1.0,0.0,0.0,0.0,0.0,0.0,0.0,0.0
2025-09-11T03:00:00+02:00,WD_HOME,FULL,False,19.6,21.989611468,21.623070994,23.753741211,off,0.0,0.0,0.0,True,True,1.0,1.0,0.0,0.0,0.0,0.0,0.0,0.0,0.0
2025-09-11T04:00:00+02:00,WD_HOME,FULL,False,19.0,21.59134289,21.623070994,23.753741211,off,0.0,0.0,0.0,True,True,1.0,1.0,0.0,0.0,0.0,0.0,0.0,0.0,0.0
2025-09-11T05:00:00+02:00,WD_HOME,FULL,False,18.7,21.159452408,21.623070994,23.753741211,off,0.0,0.0,0.0,True,True,1.0,1.0,0.0,0.0,0.0,0.0,0.0,0.0,0.0
2025-09-11T06:00:00+02:00,WD_HOME,FULL,False,19.3,20.749543673,21.623070994,23.753741211,heat,1.727328253,0.0,1.727328253,True,True,1.0,1.0,0.0,0.0,0.0,0.0,0.0,0.0,1.727328253
2025-09-11T07:00:00+02:00,WD_HOME,FULL,False,19.4,21.507953061,21.623070994,23.753741211,heat,1.727328253,0.0,1.727328253,True,True,1.0,1.0,0.0,0.0,0.0,0.0,0.0,0.0,1.727328253
2025-09-11T08:00:00+02:00,WD_HOME,FULL,False,19.5,22.156627551,21.623070994,23.753741211,off,0.0,0.0,0.0,True,True,0.592053472,0.595927989,0.0,0.0,0.0,0.175819837,0.0,0.0,0.175819837
2025-09-11T09:00:00+02:00,WD_HOME,EMPTY,False,21.8,21.713856292,20.623070994,24.753741211,off,0.0,0.0,0.0,False,False,0.0,0.0,0.0,0.0,0.0,0.880530278,0.0,0.0,0.880530278
2025-09-11T10:00:00+02:00,WD_HOME,EMPTY,False,22.6,21.728213577,20.623070994,24.753741211,off,0.0,0.0,0.0,False,False,0.0,0.0,0.0,0.0,0.0,0.880530278,0.0,0.0,0.880530278
2025-09-11T11:00:00+02:00,WD_HOME,EMPTY,False,23.3,21.873511314,20.623070994,24.753741211,off,0.0,0.0,0.0,False,False,0.0,0.0,0.0,0.0,0.0,0.880530278,0.0,0.0,0.880530278
2025-09-11T12:00:00+02:00,WD_HOME,EMPTY,False,24.0,22.111259429,20.623070994,24.753741211,off,0.0,0.0,0.0,False,False,0.0,0.0,0.0,0.0,0.0,0.880530278,0.0,0.0,0.880530278
2025-09-11T13:00:00+02:00,WD_HOME,EMPTY,False,24.5,22.426049524,20.623070994,24.753741211,off,0.0,0.0,0.0,False,False,0.0,0.0,0.0,0.0,0.0,0.704277565,0.0,0.0,0.704277565
2025-09-11T14:00:00+02:00,WD_HOME,EMPTY,False,24.2,22.771707936,20.623070994,24.753741211,off,0.0,0.0,0.0,False,False,0.0,0.0,0.0,0.0,0.0,0.0,0.0,0.0,0.0
2025-09-11T15:00:00+02:00,WD_HOME,EMPTY,False,23.9,23.009756614,20.623070994,24.753741211,off,0.0,0.0,0.0,False,False,0.0,0.0,0.0,0.0,0.0,0.0,0.0,0.0,0.0
2025-09-11T16:00:00+02:00,WD_HOME,EMPTY,False,23.8,23.158130511,20.623070994,24.753741211,off,0.0,0.0,0.0,False,False,0.0,0.0,0.0,0.0,0.0,0.164320481,0.0,0.0,0.164320481
2025-09-11T17:00:00+02:00,WD_HOME,FULL,False,23.4,23.26510876,21.623070994,23.753741211,off,0.0,0.0,0.0,False,False,0.0,0.0,0.0,0.0,0.0,0.880530278,0.0,0.0,0.880530278
2025-09-11T18:00:00+02:00,WD_HOME,FULL,False,23.1,23.287590633,21.623070994,23.753741211,off,0.0,0.0,0.0,True,True,0.331212795,0.649533789,0.0,4.193827267,4.193827267,0.880530278,0.0,0.0,5.074357545
2025-09-11T19:00:00+02:00,WD_HOME,FULL,False,22.1,23.256325527,21.623070994,23.753741211,off,0.0,0.0,0.0,True,True,1.0,1.0,4.25565646,7.4,11.65565646,0.880530278,0.0,0.0,12.536186738
2025-09-11T20:00:00+02:00,WD_HOME,FULL,False,21.7,23.063604606,21.623070994,23.753741211,off,0.0,0.0,0.0,True,True,1.0,1.0,2.730831809,2.892877278,5.623709087,0.391807342,0.0,0.0,6.015516429
2025-09-11T21:00:00+02:00,WD_HOME,FULL,False,21.5,22.836337172,21.623070994,23.753741211,off,0.0,0.0,0.0,True,True,1.0,1.0,0.0,0.0,0.0,0.0,0.0,0.0,0.0
2025-09-11T22:00:00+02:00,WD_HOME,FULL,False,21.3,22.61361431,21.623070994,23.753741211,off,0.0,0.0,0.0,True,True,1.0,1.0,0.0,0.0,0.0,0.0,0.0,0.0,0.0
2025-09-11T23:00:00+02:00,WD_HOME,FULL,False,21.1,22.394678592,21.623070994,23.753741211,off,0.0,0.0,0.0,True,True,1.0,1.0,0.0,0.0,0.0,0.0,0.0,0.0,0.0
2025-09-12T00:00:00+02:00,WD_HOME,FULL,False,20.8,22.178898826,21.577843496,23.708513713,off,0.0,0.0,0.0,True,True,1.0,1.0,0.0,0.0,0.0,0.0,0.0,0.0,0.0
2025-09-12T01:00:00+02:00,WD_HOME,FULL,False,20.7,21.949082355,21.577843496,23.708513713,off,0.0,0.0,0.0,True,True,1.0,1.0,0.0,0.0,0.0,0.0,0.0,0.0,0.0
2025-09-12T02:00:00+02:00,WD_HOME,FULL,False,20.4,21.740901963,21.577843496,23.708513713,off,0.0,0.0,0.0,True,True,1.0,1.0,0.0,0.0,0.0,0.0,0.0,0.0,0.0
2025-09-12T03:00:00+02:00,WD_HOME,FULL,False,20.8,21.517418302,21.577843496,23.708513713,off,0.0,0.0,0.0,True,True,1.0,1.0,0.0,0.0,0.0,0.0,0.0,0.0,0.0
2025-09-12T04:00:00+02:00,WD_HOME,FULL,False,21.2,21.397848585,21.577843496,23.708513713,off,0.0,0.0,0.0,True,True,1.0,1.0,0.0,0.0,0.0,0.0,0.0,0.0,0.0
2025-09-12T05:00:00+02:00,WD_HOME,FULL,False,20.6,21.364873821,21.577843496,23.708513713,off,0.0,0.0,0.0,True,True,1.0,1.0,0.0,0.0,0.0,0.0,0.0,0.0,0.0
2025-09-12T06:00:00+02:00,WD_HOME,FULL,False,20.4,21.237394851,21.577843496,23.708513713,off,0.0,0.0,0.0,True,True,1.0,1.0,0.0,0.0,0.0,0.096710767,0.0,0.0,0.096710767
2025-09-12T07:00:00+02:00,WD_HOME,FULL,False,20.5,21.097829042,21.577843496,23.708513713,off,0.0,0.0,0.0,True,True,1.0,1.0,0.0,0.0,0.0,0.880530278,0.0,0.0,0.880530278
2025-09-12T08:00:00+02:00,WD_HOME,FULL,False,20.8,20.998190869,21.577843496,23.708513713,heat,1.727328253,0.0,1.727328253,True,True,0.806942984,0.531383525,0.0,0.0,0.0,0.880530278,0.0,0.0,2.607858532
2025-09-12T09:00:00+02:00,WD_HOME,EMPTY,False,21.7,21.965159057,20.577843496,24.708513713,off,0.0,0.0,0.0,False,False,0.0,0.0,0.0,0.0,0.0,0.880530278,0.0,0.0,0.880530278
2025-09-12T10:00:00+02:00,WD_HOME,EMPTY,False,22.7,21.920965881,20.577843496,24.708513713,off,0.0,0.0,0.0,False,False,0.0,0.0,0.0,0.0,0.0,0.880530278,0.0,0.0,0.880530278
2025-09-12T11:00:00+02:00,WD_HOME,EMPTY,False,23.8,22.050804901,20.577843496,24.708513713,off,0.0,0.0,0.0,False,False,0.0,0.0,0.0,0.0,0.0,0.880530278,0.0,0.0,0.880530278
2025-09-12T12:00:00+02:00,WD_HOME,EMPTY,False,24.5,22.342337417,20.577843496,24.708513713,off,0.0,0.0,0.0,False,False,0.0,0.0,0.0,0.0,0.0,0.188327074,0.0,0.0,0.188327074
2025-09-12T13:00:00+02:00,WD_HOME,EMPTY,False,24.5,22.701947848,20.577843496,24.708513713,off,0.0,0.0,0.0,False,False,0.0,0.0,0.0,0.0,0.0,0.0,0.0,0.0,0.0
2025-09-12T14:00:00+02:00,WD_HOME,EMPTY,False,23.5,23.001623207,20.577843496,24.708513713,off,0.0,0.0,0.0,False,False,0.0,0.0,0.0,0.0,0.0,0.0,0.0,0.0,0.0
2025-09-12T15:00:00+02:00,WD_HOME,EMPTY,False,23.4,23.084686005,20.577843496,24.708513713,off,0.0,0.0,0.0,False,False,0.0,0.0,0.0,0.0,0.0,0.0,0.0,0.0,0.0
2025-09-12T16:00:00+02:00,WD_HOME,EMPTY,False,23.3,23.137238338,20.577843496,24.708513713,off,0.0,0.0,0.0,True,False,0.386121064,0.0,2.131598983,0.0,2.131598983,0.431247117,0.0,0.0,2.5628461
2025-09-12T17:00:00+02:00,WD_HOME,EMPTY,False,23.0,23.164365282,20.577843496,24.708513713,off,0.0,0.0,0.0,True,False,1.0,0.0,7.4,0.0,7.4,0.880530278,0.0,0.0,8.280530278
2025-09-12T18:00:00+02:00,WD_HOME,FULL,False,22.7,23.136971068,21.577843496,23.708513713,off,0.0,0.0,0.0,True,True,1.0,0.084421727,7.4,0.0,7.4,0.880530278,0.0,0.0,8.280530278
2025-09-12T19:00:00+02:00,WD_HOME,FULL,False,22.3,23.064142557,21.577843496,23.708513713,off,0.0,0.0,0.0,True,True,1.0,1.0,7.001569854,5.898522855,12.900092708,0.880530278,0.0,0.0,13.780622987
2025-09-12T20:00:00+02:00,WD_HOME,FULL,False,22.1,22.936785464,21.577843496,23.708513713,off,0.0,0.0,0.0,True,True,1.0,1.0,0.0,5.975962025,5.975962025,0.080560765,0.0,0.0,6.056522791
2025-09-12T21:00:00+02:00,WD_HOME,FULL,False,22.0,22.79732122,21.577843496,23.708513713,off,0.0,0.0,0.0,True,True,1.0,1.0,0.0,0.0,0.0,0.0,0.0,0.0,0.0
2025-09-12T22:00:00+02:00,WD_HOME,FULL,False,22.1,22.66443435,21.577843496,23.708513713,off,0.0,0.0,0.0,True,True,1.0,1.0,0.0,0.0,0.0,0.0,0.0,0.0,0.0
2025-09-12T23:00:00+02:00,WD_HOME,FULL,False,22.1,22.570361958,21.577843496,23.708513713,off,0.0,0.0,0.0,True,True,1.0,1.0,0.0,0.0,0.0,0.0,0.0,0.0,0.0
2025-09-13T00:00:00+02:00,WE_HOME,FULL,False,21.8,22.491968299,21.102023307,23.232693524,off,0.0,0.0,0.0,True,True,1.0,1.0,0.0,0.0,0.0,0.0,0.0,0.0,0.0
2025-09-13T01:00:00+02:00,WE_HOME,FULL,False,21.7,22.376640249,21.102023307,23.232693524,off,0.0,0.0,0.0,True,True,1.0,1.0,0.0,0.0,0.0,0.0,0.0,0.0,0.0
2025-09-13T02:00:00+02:00,WE_HOME,FULL,False,21.0,22.263866874,21.102023307,23.232693524,off,0.0,0.0,0.0,True,True,1.0,1.0,0.0,0.0,0.0,0.0,0.0,0.0,0.0
2025-09-13T03:00:00+02:00,WE_HOME,FULL,False,21.2,22.053222395,21.102023307,23.232693524,off,0.0,0.0,0.0,True,True,1.0,1.0,0.0,0.0,0.0,0.0,0.0,0.0,0.0
2025-09-13T04:00:00+02:00,WE_HOME,FULL,False,21.1,21.911018662,21.102023307,23.232693524,off,0.0,0.0,0.0,True,True,1.0,1.0,0.0,0.0,0.0,0.0,0.0,0.0,0.0
2025-09-13T05:00:00+02:00,WE_HOME,FULL,False,21.2,21.775848885,21.102023307,23.232693524,off,0.0,0.0,0.0,True,True,1.0,1.0,0.0,0.0,0.0,0.0,0.0,0.0,0.0
2025-09-13T06:00:00+02:00,WE_HOME,FULL,False,21.3,21.679874071,21.102023307,23.232693524,off,0.0,0.0,0.0,True,True,1.0,1.0,0.0,0.0,0.0,0.0,0.0,0.0,0.0
2025-09-13T07:00:00+02:00,WE_HOME,FULL,False,21.3,21.616561726,21.102023307,23.232693524,off,0.0,0.0,0.0,True,True,1.0,1.0,0.0,0.0,0.0,0.0,0.0,0.0,0.0
2025-09-13T08:00:00+02:00,WE_HOME,FULL,False,21.4,21.563801438,21.102023307,23.232693524,off,0.0,0.0,0.0,True,True,1.0,1.0,0.0,0.0,0.0,0.418301729,0.0,0.0,0.418301729
2025-09-13T09:00:00+02:00,WE_HOME,FULL,False,21.6,21.536501199,21.102023307,23.232693524,off,0.0,0.0,0.0,True,True,1.0,1.0,0.0,0.0,0.0,0.880530278,0.0,0.0,0.880530278
2025-09-13T10:00:00+02:00,WE_HOME,FULL,False,22.2,21.547084332,21.102023307,23.232693524,off,0.0,0.0,0.0,True,True,1.0,1.0,0.0,0.0,0.0,0.880530278,0.0,0.0,0.880530278
2025-09-13T11:00:00+02:00,WE_HOME,FULL,False,22.8,21.65590361,21.102023307,23.232693524,off,0.0,0.0,0.0,True,True,1.0,1.0,0.0,0.0,0.0,0.880530278,0.0,0.0,0.880530278
2025-09-13T12:00:00+02:00,WE_HOME,PARTIAL,False,22.3,21.846586342,21.102023307,23.232693524,off,0.0,0.0,0.0,True,True,1.0,1.0,0.0,0.0,0.0,0.69893572,0.0,0.0,0.69893572
2025-09-13T13:00:00+02:00,WE_HOME,PARTIAL,False,22.7,21.922155285,21.102023307,23.232693524,off,0.0,0.0,0.0,True,True,1.0,1.0,0.0,0.0,0.0,0.0,0.0,0.0,0.0
2025-09-13T14:00:00+02:00,WE_HOME,PARTIAL,False,22.7,22.051796071,21.102023307,23.232693524,off,0.0,0.0,0.0,True,True,1.0,1.0,0.0,0.0,0.0,0.0,0.0,0.0,0.0
2025-09-13T15:00:00+02:00,WE_HOME,PARTIAL,False,23.3,22.159830059,21.102023307,23.232693524,off,0.0,0.0,0.0,True,True,1.0,1.0,0.0,0.0,0.0,0.212698115,0.0,0.0,0.212698115
2025-09-13T16:00:00+02:00,WE_HOME,PARTIAL,False,23.6,22.349858382,21.102023307,23.232693524,off,0.0,0.0,0.0,True,True,1.0,1.0,0.0,0.0,0.0,0.880530278,0.0,0.0,0.880530278
2025-09-13T17:00:00+02:00,WE_HOME,PARTIAL,False,24.0,22.558215319,21.102023307,23.232693524,off,0.0,0.0,0.0,True,True,1.0,1.0,0.0,0.0,0.0,0.880530278,0.0,0.0,0.880530278
2025-09-13T18:00:00+02:00,WE_HOME,FULL,False,24.1,22.798512766,21.102023307,23.232693524,off,0.0,0.0,0.0,True,True,1.0,1.0,0.0,0.0,0.0,0.880530278,0.0,0.0,0.880530278
2025-09-13T19:00:00+02:00,WE_HOME,FULL,False,24.1,23.015427305,21.102023307,23.232693524,off,0.0,0.0,0.0,True,True,1.0,1.0,0.0,0.0,0.0,0.815074217,0.0,0.0,0.815074217
2025-09-13T20:00:00+02:00,WE_HOME,FULL,False,23.3,23.196189421,21.102023307,23.232693524,off,0.0,0.0,0.0,True,True,1.0,1.0,0.0,0.0,0.0,0.0,0.0,4.85703685,4.85703685
2025-09-13T21:00:00+02:00,WE_HOME,FULL,False,23.6,23.213491184,21.102023307,23.232693524,off,0.0,0.0,0.0,True,True,1.0,1.0,0.0,0.0,0.0,0.0,0.0,3.640613301,3.640613301
2025-09-13T22:00:00+02:00,WE_HOME,FULL,False,22.4,23.27790932,21.102023307,23.232693524,off,0.0,0.0,0.0,True,True,1.0,1.0,0.0,0.0,0.0,0.0,0.0,0.0,0.0
2025-09-13T23:00:00+02:00,WE_HOME,FULL,False,22.2,23.1315911,21.102023307,23.232693524,off,0.0,0.0,0.0,True,True,1.0,1.0,0.0,0.0,0.0,0.0,0.0,0.0,0.0
2025-09-14T00:00:00+02:00,WE_HOME,FULL,False,21.9,22.976325917,21.119205764,23.249875981,off,0.0,0.0,0.0,True,True,1.0,1.0,0.0,0.0,0.0,0.0,0.0,0.0,0.0
2025-09-14T01:00:00+02:00,WE_HOME,FULL,False,21.7,22.796938264,21.119205764,23.249875981,off,0.0,0.0,0.0,True,True,1.0,1.0,0.0,0.0,0.0,0.0,0.0,0.0,0.0
2025-09-14T02:00:00+02:00,WE_HOME,FULL,False,21.6,22.61411522,21.119205764,23.249875981,off,0.0,0.0,0.0,True,True,1.0,1.0,0.0,0.0,0.0,0.0,0.0,0.0,0.0
2025-09-14T03:00:00+02:00,WE_HOME,FULL,False,21.3,22.445096017,21.119205764,23.249875981,off,0.0,0.0,0.0,True,True,1.0,1.0,0.0,0.0,0.0,0.0,0.0,0.0,0.0
2025-09-14T04:00:00+02:00,WE_HOME,FULL,False,21.0,22.25424668,21.119205764,23.249875981,off,0.0,0.0,0.0,True,True,1.0,1.0,0.0,0.0,0.0,0.0,0.0,0.0,0.0
2025-09-14T05:00:00+02:00,WE_HOME,FULL,False,20.8,22.045205567,21.119205764,23.249875981,off,0.0,0.0,0.0,True,True,1.0,1.0,0.0,0.0,0.0,0.0,0.0,0.0,0.0
2025-09-14T06:00:00+02:00,WE_HOME,FULL,False,20.7,21.837671306,21.119205764,23.249875981,off,0.0,0.0,0.0,True,True,1.0,1.0,0.0,0.0,0.0,0.0,0.0,0.0,0.0
2025-09-14T07:00:00+02:00,WE_HOME,FULL,False,20.5,21.648059422,21.119205764,23.249875981,off,0.0,0.0,0.0,True,True,1.0,1.0,0.0,0.0,0.0,0.869897979,0.0,0.0,0.869897979
2025-09-14T08:00:00+02:00,WE_HOME,FULL,False,20.7,21.456716185,21.119205764,23.249875981,off,0.0,0.0,0.0,True,True,1.0,1.0,0.0,0.0,0.0,0.880530278,0.0,0.0,0.880530278
2025-09-14T09:00:00+02:00,WE_HOME,FULL,False,21.6,21.330596821,21.119205764,23.249875981,off,0.0,0.0,0.0,True,True,1.0,1.0,0.0,0.0,0.0,0.880530278,0.0,0.0,0.880530278
2025-09-14T10:00:00+02:00,WE_HOME,FULL,False,22.7,21.37549735,21.119205764,23.249875981,off,0.0,0.0,0.0,True,True,1.0,1.0,0.0,0.0,0.0,0.880530278,0.0,0.0,0.880530278
2025-09-14T11:00:00+02:00,WE_HOME,FULL,False,23.7,21.596247792,21.119205764,23.249875981,off,0.0,0.0,0.0,True,True,1.0,1.0,0.0,0.0,0.0,0.880530278,0.0,0.0,0.880530278
2025-09-14T12:00:00+02:00,WE_HOME,FULL,False,24.8,21.94687316,21.119205764,23.249875981,off,0.0,0.0,0.0,True,True,1.0,1.0,0.0,0.0,0.0,0.186936554,0.0,0.0,0.186936554
2025-09-14T13:00:00+02:00,WE_HOME,FULL,False,25.5,22.4223943,21.119205764,23.249875981,off,0.0,0.0,0.0,True,True,1.0,0.37585568,0.0,0.0,0.0,0.0,0.0,0.0,0.0
2025-09-14T14:00:00+02:00,WE_HOME,FULL,False,26.1,22.935328583,21.119205764,23.249875981,off,0.0,0.0,0.0,True,False,1.0,0.0,0.0,0.0,0.0,0.0,0.0,0.0,0.0
2025-09-14T15:00:00+02:00,WE_HOME,FULL,False,26.2,23.462773819,21.119205764,23.249875981,off,0.0,0.0,0.0,True,True,1.0,0.351521009,0.0,0.0,0.0,0.606704996,0.0,0.0,0.606704996
2025-09-14T16:00:00+02:00,WE_HOME,FULL,False,26.1,23.918978183,21.119205764,23.249875981,cool,0.0,1.40039609,1.40039609,True,True,1.0,1.0,0.0,0.0,0.0,0.880530278,0.0,0.0,2.280926369
2025-09-14T17:00:00+02:00,WE_HOME,FULL,False,25.6,23.282481819,21.119205764,23.249875981,cool,0.0,1.40039609,1.40039609,True,True,1.0,1.0,0.0,0.0,0.0,0.812457146,0.0,0.0,2.212853236
2025-09-14T18:00:00+02:00,WE_HOME,FULL,False,25.3,22.668734849,21.119205764,23.249875981,off,0.0,0.0,0.0,True,True,1.0,1.0,0.0,0.0,0.0,0.0,0.0,0.0,0.0
2025-09-14T19:00:00+02:00,WE_HOME,FULL,False,24.4,23.107279041,21.119205764,23.249875981,off,0.0,0.0,0.0,True,True,1.0,1.0,0.0,0.0,0.0,0.0,0.0,0.0,0.0
2025-09-14T20:00:00+02:00,WE_HOME,FULL,False,23.5,23.322732534,21.119205764,23.249875981,off,0.0,0.0,0.0,True,True,1.0,1.0,0.0,0.0,0.0,0.0,0.0,0.0,0.0
2025-09-14T21:00:00+02:00,WE_HOME,FULL,False,23.5,23.352277112,21.119205764,23.249875981,off,0.0,0.0,0.0,True,True,1.0,1.0,0.0,0.0,0.0,0.0,0.0,0.0,0.0
2025-09-14T22:00:00+02:00,WE_HOME,FULL,False,23.2,23.376897593,21.119205764,23.249875981,off,0.0,0.0,0.0,True,True,1.0,1.0,0.0,0.0,0.0,0.0,0.0,0.0,0.0
2025-09-14T23:00:00+02:00,WE_HOME,FULL,False,22.8,23.347414661,21.119205764,23.249875981,off,0.0,0.0,0.0,True,True,1.0,1.0,0.0,0.0,0.0,0.0,0.0,0.0,0.0
2025-09-15T00:00:00+02:00,WD_HOME,FULL,False,22.3,23.256178884,20.941488443,23.072158659,off,0.0,0.0,0.0,True,True,1.0,1.0,0.0,0.0,0.0,0.0,0.0,0.0,0.0
2025-09-15T01:00:00+02:00,WD_HOME,FULL,False,22.0,23.096815737,20.941488443,23.072158659,off,0.0,0.0,0.0,True,True,1.0,1.0,0.0,0.0,0.0,0.0,0.0,0.0,0.0
2025-09-15T02:00:00+02:00,WD_HOME,FULL,False,22.1,22.914013114,20.941488443,23.072158659,off,0.0,0.0,0.0,True,True,1.0,1.0,0.0,0.0,0.0,0.0,0.0,0.0,0.0
2025-09-15T03:00:00+02:00,WD_HOME,FULL,False,21.8,22.778344262,20.941488443,23.072158659,off,0.0,0.0,0.0,True,True,1.0,1.0,0.0,0.0,0.0,0.0,0.0,0.0,0.0
2025-09-15T04:00:00+02:00,WD_HOME,FULL,False,21.8,22.615286885,20.941488443,23.072158659,off,0.0,0.0,0.0,True,True,1.0,1.0,0.0,0.0,0.0,0.0,0.0,0.0,0.0
2025-09-15T05:00:00+02:00,WD_HOME,FULL,False,21.7,22.479405737,20.941488443,23.072158659,off,0.0,0.0,0.0,True,True,1.0,1.0,0.0,0.0,0.0,0.0,0.0,0.0,0.0
2025-09-15T06:00:00+02:00,WD_HOME,FULL,False,21.5,22.349504781,20.941488443,23.072158659,off,0.0,0.0,0.0,True,True,1.0,1.0,0.0,0.0,0.0,0.0,0.0,0.0,0.0
2025-09-15T07:00:00+02:00,WD_HOME,FULL,False,21.5,22.207920651,20.941488443,23.072158659,off,0.0,0.0,0.0,True,True,1.0,1.0,0.0,0.0,0.0,0.59383921,0.0,0.0,0.59383921
2025-09-15T08:00:00+02:00,WD_HOME,FULL,False,21.4,22.089933876,20.941488443,23.072158659,off,0.0,0.0,0.0,True,True,0.844283,0.644619683,0.0,0.0,0.0,0.880530278,0.0,0.0,0.880530278
2025-09-15T09:00:00+02:00,WD_HOME,EMPTY,False,22.2,21.974944896,19.941488443,24.072158659,off,0.0,0.0,0.0,False,False,0.0,0.0,0.0,0.0,0.0,0.880530278,0.0,0.0,0.880530278
2025-09-15T10:00:00+02:00,WD_HOME,EMPTY,False,23.5,22.01245408,19.941488443,24.072158659,off,0.0,0.0,0.0,False,False,0.0,0.0,0.0,0.0,0.0,0.880530278,0.0,0.0,0.880530278
2025-09-15T11:00:00+02:00,WD_HOME,EMPTY,False,24.7,22.2603784,19.941488443,24.072158659,off,0.0,0.0,0.0,False,False,0.0,0.0,0.0,0.0,0.0,0.880530278,0.0,0.0,0.880530278
2025-09-15T12:00:00+02:00,WD_HOME,EMPTY,False,26.3,22.666982,19.941488443,24.072158659,off,0.0,0.0,0.0,False,False,0.0,0.0,0.0,0.0,0.0,0.339824393,0.0,0.0,0.339824393
2025-09-15T13:00:00+02:00,WD_HOME,EMPTY,False,27.1,23.272485,19.941488443,24.072158659,off,0.0,0.0,0.0,False,False,0.0,0.0,0.0,0.0,0.0,0.0,0.0,0.0,0.0
2025-09-15T14:00:00+02:00,WD_HOME,EMPTY,False,27.6,23.910404167,19.941488443,24.072158659,off,0.0,0.0,0.0,False,False,0.0,0.0,0.0,0.0,0.0,0.0,0.0,0.0,0.0
2025-09-15T15:00:00+02:00,WD_HOME,EMPTY,False,28.2,24.525336806,19.941488443,24.072158659,off,0.0,0.0,0.0,False,False,0.0,0.0,0.0,0.0,0.0,0.0,0.0,0.0,0.0
2025-09-15T16:00:00+02:00,WD_HOME,EMPTY,False,28.2,25.137780671,19.941488443,24.072158659,cool,0.0,1.40039609,1.40039609,True,False,0.140004293,0.0,0.0,0.0,0.0,0.0,0.0,0.0,1.40039609
2025-09-15T17:00:00+02:00,WD_HOME,FULL,False,27.9,24.64815056,20.941488443,23.072158659,cool,0.0,1.40039609,1.40039609,True,False,1.0,0.0,2.598144428,0.0,2.598144428,0.267911091,0.0,0.0,4.266451609
2025-09-15T18:00:00+02:00,WD_HOME,FULL,False,27.3,24.190125466,20.941488443,23.072158659,cool,0.0,1.40039609,1.40039609,True,True,1.0,0.867587855,7.4,1.044492503,8.444492503,0.880530278,0.0,0.0,10.725418872
2025-09-15T19:00:00+02:00,WD_HOME,FULL,False,26.3,23.708437889,20.941488443,23.072158659,cool,0.0,1.40039609,1.40039609,True,True,1.0,1.0,2.507205817,7.4,9.907205817,0.880530278,0.0,0.0,12.188132186
2025-09-15T20:00:00+02:00,WD_HOME,FULL,False,25.3,23.140364907,20.941488443,23.072158659,cool,0.0,1.40039609,1.40039609,True,True,1.0,1.0,0.0,0.540778086,0.540778086,0.167550722,0.0,0.0,2.108724898
2025-09-15T21:00:00+02:00,WD_HOME,FULL,False,24.5,22.500304089,20.941488443,23.072158659,off,0.0,0.0,0.0,True,True,1.0,1.0,0.0,0.0,0.0,0.0,0.0,0.0,0.0
2025-09-15T22:00:00+02:00,WD_HOME,FULL,False,24.8,22.833586741,20.941488443,23.072158659,off,0.0,0.0,0.0,True,True,1.0,1.0,0.0,0.0,0.0,0.0,0.0,0.0,0.0
2025-09-15T23:00:00+02:00,WD_HOME,FULL,False,24.6,23.161322284,20.941488443,23.072158659,off,0.0,0.0,0.0,True,True,1.0,1.0,0.0,0.0,0.0,0.0,0.0,0.0,0.0
2025-09-16T00:00:00+02:00,WD_HOME,FULL,False,24.1,23.401101904,21.422361852,23.553032068,off,0.0,0.0,0.0,True,True,1.0,1.0,0.0,0.0,0.0,0.0,0.0,0.0,0.0
2025-09-16T01:00:00+02:00,WD_HOME,FULL,False,24.1,23.51758492,21.422361852,23.553032068,off,0.0,0.0,0.0,True,True,1.0,1.0,0.0,0.0,0.0,0.0,0.0,0.0,0.0
2025-09-16T02:00:00+02:00,WD_HOME,FULL,False,24.2,23.6146541,21.422361852,23.553032068,off,0.0,0.0,0.0,True,True,1.0,1.0,0.0,0.0,0.0,0.0,0.0,0.0,0.0
2025-09-16T03:00:00+02:00,WD_HOME,FULL,False,23.4,23.71221175,21.422361852,23.553032068,off,0.0,0.0,0.0,True,True,1.0,1.0,0.0,0.0,0.0,0.0,0.0,0.0,0.0
2025-09-16T04:00:00+02:00,WD_HOME,FULL,False,23.4,23.660176458,21.422361852,23.553032068,off,0.0,0.0,0.0,True,True,1.0,1.0,0.0,0.0,0.0,0.0,0.0,0.0,0.0
2025-09-16T05:00:00+02:00,WD_HOME,FULL,False,23.1,23.616813715,21.422361852,23.553032068,off,0.0,0.0,0.0,True,True,1.0,1.0,0.0,0.0,0.0,0.0,0.0,0.0,0.0
2025-09-16T06:00:00+02:00,WD_HOME,FULL,False,22.7,23.530678096,21.422361852,23.553032068,off,0.0,0.0,0.0,True,True,1.0,1.0,0.0,0.0,0.0,0.0,0.0,0.0,0.0
2025-09-16T07:00:00+02:00,WD_HOME,FULL,False,23.1,23.392231747,21.422361852,23.553032068,off,0.0,0.0,0.0,True,True,1.0,1.0,0.0,0.0,0.0,0.0,0.0,0.0,0.0
2025-09-16T08:00:00+02:00,WD_HOME,FULL,False,23.1,23.343526455,21.422361852,23.553032068,off,0.0,0.0,0.0,True,True,0.614359251,0.887265253,0.0,0.0,0.0,0.0,0.0,0.0,0.0
2025-09-16T09:00:00+02:00,WD_HOME,PARTIAL,False,23.3,23.302938713,21.422361852,23.553032068,off,0.0,0.0,0.0,False,False,0.0,0.0,0.0,0.0,0.0,0.0,0.0,0.0,0.0
2025-09-16T10:00:00+02:00,WD_HOME,PARTIAL,False,23.8,23.302448927,21.422361852,23.553032068,off,0.0,0.0,0.0,False,False,0.0,0.0,0.0,0.0,0.0,0.676937005,0.0,0.0,0.676937005
2025-09-16T11:00:00+02:00,WD_HOME,PARTIAL,False,24.5,23.385374106,21.422361852,23.553032068,off,0.0,0.0,0.0,False,False,0.0,0.0,0.0,0.0,0.0,0.880530278,3.95456223,0.0,4.835092508
2025-09-16T12:00:00+02:00,WD_HOME,PARTIAL,False,25.0,23.571145088,21.422361852,23.553032068,off,0.0,0.0,0.0,False,False,0.0,0.0,0.0,0.0,0.0,0.880530278,4.379864887,0.0,5.260395165
2025-09-16T13:00:00+02:00,WD_HOME,PARTIAL,False,24.7,23.809287574,21.422361852,23.553032068,off,0.0,0.0,0.0,False,False,0.0,0.0,0.0,0.0,0.0,0.880530278,4.379864887,0.0,5.260395165
2025-09-16T14:00:00+02:00,WD_HOME,PARTIAL,False,24.7,23.957739645,21.422361852,23.553032068,off,0.0,0.0,0.0,False,False,0.0,0.0,0.0,0.0,0.0,0.880530278,4.379864887,0.0,5.260395165
2025-09-16T15:00:00+02:00,WD_HOME,PARTIAL,False,24.3,24.081449704,21.422361852,23.553032068,cool,0.0,1.40039609,1.40039609,False,False,0.0,0.0,0.0,0.0,0.0,0.880530278,4.094111632,0.0,6.375038001
2025-09-16T16:00:00+02:00,WD_HOME,PARTIAL,False,24.4,23.117874753,21.422361852,23.553032068,off,0.0,0.0,0.0,False,True,0.0,0.657187123,0.0,0.073430979,0.073430979,0.783511211,0.0,0.0,0.85694219
2025-09-16T17:00:00+02:00,WD_HOME,PARTIAL,False,24.4,23.331562294,21.422361852,23.553032068,off,0.0,0.0,0.0,True,True,0.250651508,1.0,0.0,7.4,7.4,0.0,0.0,0.0,7.4
2025-09-16T18:00:00+02:00,WD_HOME,FULL,False,23.9,23.509635245,21.422361852,23.553032068,off,0.0,0.0,0.0,True,True,1.0,1.0,2.023925746,7.4,9.423925746,0.0,0.0,0.0,9.423925746
2025-09-16T19:00:00+02:00,WD_HOME,FULL,False,23.5,23.574696038,21.422361852,23.553032068,off,0.0,0.0,0.0,True,True,1.0,1.0,7.4,7.4,14.8,0.0,0.0,0.0,14.8
2025-09-16T20:00:00+02:00,WD_HOME,FULL,False,23.0,23.562246698,21.422361852,23.553032068,off,0.0,0.0,0.0,True,True,1.0,1.0,1.72908406,0.007038138,1.736122198,0.0,0.0,0.0,1.736122198
2025-09-16T21:00:00+02:00,WD_HOME,FULL,False,22.7,23.468538915,21.422361852,23.553032068,off,0.0,0.0,0.0,True,True,1.0,1.0,0.0,0.0,0.0,0.0,0.0,0.0,0.0
2025-09-16T22:00:00+02:00,WD_HOME,FULL,False,22.1,23.340449096,21.422361852,23.553032068,off,0.0,0.0,0.0,True,True,1.0,1.0,0.0,0.0,0.0,0.0,0.0,0.0,0.0
2025-09-16T23:00:00+02:00,WD_HOME,FULL,False,21.9,23.13370758,21.422361852,23.553032068,off,0.0,0.0,0.0,True,True,1.0,1.0,0.0,0.0,0.0,0.0,0.0,0.0,0.0
2025-09-17T00:00:00+02:00,WD_HOME,FULL,False,22.2,22.92808965,20.929053651,23.059723868,off,0.0,0.0,0.0,True,True,1.0,1.0,0.0,0.0,0.0,0.0,0.0,0.0,0.0
2025-09-17T01:00:00+02:00,WD_HOME,FULL,False,22.3,22.806741375,20.929053651,23.059723868,off,0.0,0.0,0.0,True,True,1.0,1.0,0.0,0.0,0.0,0.0,0.0,0.0,0.0
2025-09-17T02:00:00+02:00,WD_HOME,FULL,False,21.7,22.722284479,20.929053651,23.059723868,off,0.0,0.0,0.0,True,True,1.0,1.0,0.0,0.0,0.0,0.0,0.0,0.0,0.0
2025-09-17T03:00:00+02:00,WD_HOME,FULL,False,21.5,22.551903733,20.929053651,23.059723868,off,0.0,0.0,0.0,True,True,1.0,1.0,0.0,0.0,0.0,0.0,0.0,0.0,0.0
2025-09-17T04:00:00+02:00,WD_HOME,FULL,False,21.1,22.376586444,20.929053651,23.059723868,off,0.0,0.0,0.0,True,True,1.0,1.0,0.0,0.0,0.0,0.0,0.0,0.0,0.0
2025-09-17T05:00:00+02:00,WD_HOME,FULL,False,20.8,22.163822037,20.929053651,23.059723868,off,0.0,0.0,0.0,True,True,1.0,1.0,0.0,0.0,0.0,0.0,0.0,0.0,0.0
2025-09-17T06:00:00+02:00,WD_HOME,FULL,False,20.8,21.936518364,20.929053651,23.059723868,off,0.0,0.0,0.0,True,True,1.0,1.0,0.0,0.0,0.0,0.0,0.0,0.0,0.0
2025-09-17T07:00:00+02:00,WD_HOME,FULL,False,21.0,21.747098636,20.929053651,23.059723868,off,0.0,0.0,0.0,True,True,1.0,1.0,0.0,0.0,0.0,0.181445755,0.0,0.0,0.181445755
2025-09-17T08:00:00+02:00,WD_HOME,FULL,False,21.6,21.622582197,20.929053651,23.059723868,off,0.0,0.0,0.0,True,True,1.0,1.0,0.0,0.0,0.0,0.880530278,2.304940941,0.0,3.185471219
2025-09-17T09:00:00+02:00,WD_HOME,FULL,False,22.3,21.618818498,20.929053651,23.059723868,off,0.0,0.0,0.0,True,True,1.0,1.0,0.0,0.0,0.0,0.880530278,4.379864887,0.0,5.260395165
2025-09-17T10:00:00+02:00,WD_HOME,FULL,False,23.2,21.732348748,20.929053651,23.059723868,off,0.0,0.0,0.0,True,True,1.0,1.0,0.0,0.0,0.0,0.880530278,4.379864887,0.0,5.260395165
2025-09-17T11:00:00+02:00,WD_HOME,FULL,False,24.7,21.97695729,20.929053651,23.059723868,off,0.0,0.0,0.0,True,True,1.0,1.0,0.0,0.0,0.0,0.880530278,3.283987115,0.0,4.164517394
2025-09-17T12:00:00+02:00,WD_HOME,FULL,False,26.4,22.430797742,20.929053651,23.059723868,off,0.0,0.0,0.0,True,True,1.0,1.0,0.0,0.0,0.0,0.353755773,0.0,0.0,0.353755773
2025-09-17T13:00:00+02:00,WD_HOME,FULL,False,27.2,23.092331451,20.929053651,23.059723868,off,0.0,0.0,0.0,True,True,1.0,1.0,0.0,0.0,0.0,0.0,0.0,0.0,0.0
2025-09-17T14:00:00+02:00,WD_HOME,FULL,False,27.6,23.776942876,20.929053651,23.059723868,cool,0.0,1.40039609,1.40039609,True,True,1.0,1.0,0.0,0.0,0.0,0.0,0.0,0.0,1.40039609
2025-09-17T15:00:00+02:00,WD_HOME,FULL,False,27.7,23.414119063,20.929053651,23.059723868,cool,0.0,1.40039609,1.40039609,True,True,1.0,1.0,0.0,0.0,0.0,0.28411286,0.0,0.0,1.68450895
2025-09-17T16:00:00+02:00,WD_HOME,FULL,False,27.8,23.128432553,20.929053651,23.059723868,cool,0.0,1.40039609,1.40039609,True,True,1.0,1.0,0.0,0.0,0.0,0.880530278,0.0,0.0,2.280926369
2025-09-17T17:00:00+02:00,WD_HOME,FULL,False,27.6,22.907027127,20.929053651,23.059723868,off,0.0,0.0,0.0,True,True,1.0,1.0,0.0,0.0,0.0,0.880530278,0.0,0.0,0.880530278
2025-09-17T18:00:00+02:00,WD_HOME,FULL,False,27.1,23.689189273,20.929053651,23.059723868,cool,0.0,1.40039609,1.40039609,True,True,1.0,1.0,0.0,0.0,0.0,0.880530278,0.0,0.0,2.280926369
2025-09-17T19:00:00+02:00,WD_HOME,FULL,False,26.0,23.257657727,20.929053651,23.059723868,cool,0.0,1.40039609,1.40039609,True,True,1.0,1.0,0.0,0.0,0.0,0.85411852,0.0,0.0,2.254514611
2025-09-17T20:00:00+02:00,WD_HOME,FULL,False,24.6,22.714714773,20.929053651,23.059723868,off,0.0,0.0,0.0,True,True,1.0,1.0,0.0,0.0,0.0,0.0,0.0,0.0,0.0
2025-09-17T21:00:00+02:00,WD_HOME,FULL,False,23.8,23.028928977,20.929053651,23.059723868,off,0.0,0.0,0.0,True,True,1.0,1.0,0.0,0.0,0.0,0.0,0.0,0.0,0.0
2025-09-17T22:00:00+02:00,WD_HOME,FULL,False,23.7,23.157440814,20.929053651,23.059723868,off,0.0,0.0,0.0,True,True,1.0,1.0,0.0,0.0,0.0,0.0,0.0,0.0,0.0
2025-09-17T23:00:00+02:00,WD_HOME,FULL,False,23.5,23.247867345,20.929053651,23.059723868,off,0.0,0.0,0.0,True,True,1.0,1.0,0.0,0.0,0.0,0.0,0.0,0.0,0.0
2025-09-18T00:00:00+02:00,WD_HOME,FULL,False,23.1,23.289889454,21.750831294,23.88150151,off,0.0,0.0,0.0,True,True,1.0,1.0,0.0,0.0,0.0,0.0,0.0,0.0,0.0
2025-09-18T01:00:00+02:00,WD_HOME,FULL,False,23.4,23.258241212,21.750831294,23.88150151,off,0.0,0.0,0.0,True,True,1.0,1.0,0.0,0.0,0.0,0.0,0.0,0.0,0.0
2025-09-18T02:00:00+02:00,WD_HOME,FULL,False,23.6,23.281867677,21.750831294,23.88150151,off,0.0,0.0,0.0,True,True,1.0,1.0,0.0,0.0,0.0,0.0,0.0,0.0,0.0
2025-09-18T03:00:00+02:00,WD_HOME,FULL,False,23.3,23.334889731,21.750831294,23.88150151,off,0.0,0.0,0.0,True,True,1.0,1.0,0.0,0.0,0.0,0.0,0.0,0.0,0.0
2025-09-18T04:00:00+02:00,WD_HOME,FULL,False,22.8,23.329074775,21.750831294,23.88150151,off,0.0,0.0,0.0,True,True,1.0,1.0,0.0,0.0,0.0,0.0,0.0,0.0,0.0
2025-09-18T05:00:00+02:00,WD_HOME,FULL,False,22.3,23.240895646,21.750831294,23.88150151,off,0.0,0.0,0.0,True,True,1.0,1.0,0.0,0.0,0.0,0.0,0.0,0.0,0.0
2025-09-18T06:00:00+02:00,WD_HOME,FULL,False,22.0,23.084079705,21.750831294,23.88150151,off,0.0,0.0,0.0,True,True,1.0,1.0,0.0,0.0,0.0,0.0,0.0,0.0,0.0
2025-09-18T07:00:00+02:00,WD_HOME,FULL,False,21.6,22.903399754,21.750831294,23.88150151,off,0.0,0.0,0.0,True,True,1.0,1.0,0.0,0.0,0.0,0.536022921,0.0,0.0,0.536022921
2025-09-18T08:00:00+02:00,WD_HOME,FULL,False,21.6,22.686166462,21.750831294,23.88150151,off,0.0,0.0,0.0,True,True,0.701881208,0.6002347,0.0,0.0,0.0,0.880530278,0.0,0.0,0.880530278
2025-09-18T09:00:00+02:00,WD_HOME,EMPTY,False,23.3,22.505138718,20.750831294,24.88150151,off,0.0,0.0,0.0,False,False,0.0,0.0,0.0,0.0,0.0,0.880530278,0.0,0.0,0.880530278
2025-09-18T10:00:00+02:00,WD_HOME,EMPTY,False,24.9,22.637615599,20.750831294,24.88150151,off,0.0,0.0,0.0,False,False,0.0,0.0,0.0,0.0,0.0,0.880530278,0.0,0.0,0.880530278
2025-09-18T11:00:00+02:00,WD_HOME,EMPTY,False,26.6,23.014679665,20.750831294,24.88150151,off,0.0,0.0,0.0,False,False,0.0,0.0,0.0,0.0,0.0,0.638696442,0.0,0.0,0.638696442
2025-09-18T12:00:00+02:00,WD_HOME,EMPTY,False,27.3,23.612233055,20.750831294,24.88150151,off,0.0,0.0,0.0,False,False,0.0,0.0,0.0,0.0,0.0,0.0,0.0,0.0,0.0
2025-09-18T13:00:00+02:00,WD_HOME,EMPTY,False,27.7,24.226860879,20.750831294,24.88150151,off,0.0,0.0,0.0,False,False,0.0,0.0,0.0,0.0,0.0,0.0,0.0,0.0,0.0
2025-09-18T14:00:00+02:00,WD_HOME,EMPTY,False,27.8,24.805717399,20.750831294,24.88150151,off,0.0,0.0,0.0,False,False,0.0,0.0,0.0,0.0,0.0,0.0,0.0,0.0,0.0
2025-09-18T15:00:00+02:00,WD_HOME,EMPTY,False,27.8,25.304764499,20.750831294,24.88150151,off,0.0,0.0,0.0,False,False,0.0,0.0,0.0,0.0,0.0,0.0,0.0,0.0,0.0
2025-09-18T16:00:00+02:00,WD_HOME,EMPTY,False,27.6,25.720637083,20.750831294,24.88150151,cool,0.0,1.40039609,1.40039609,False,True,0.0,0.323927473,0.0,0.0,0.0,0.762643273,0.0,0.0,2.163039363
2025-09-18T17:00:00+02:00,WD_HOME,EMPTY,False,27.3,25.033864236,20.750831294,24.88150151,cool,0.0,1.40039609,1.40039609,False,True,0.0,1.0,0.0,4.013532995,4.013532995,0.880530278,0.0,0.0,6.294459363
2025-09-18T18:00:00+02:00,WD_HOME,FULL,False,26.6,24.41155353,21.750831294,23.88150151,cool,0.0,1.40039609,1.40039609,True,True,0.694400864,1.0,4.672623674,6.012425786,10.685049461,0.880530278,0.0,0.0,12.965975829
2025-09-18T19:00:00+02:00,WD_HOME,FULL,False,25.6,23.776294608,21.750831294,23.88150151,off,0.0,0.0,0.0,True,True,1.0,1.0,7.4,0.0,7.4,0.477064153,0.0,0.0,7.877064153
2025-09-18T20:00:00+02:00,WD_HOME,FULL,False,24.9,24.080245507,21.750831294,23.88150151,off,0.0,0.0,0.0,True,True,1.0,1.0,3.852440978,0.0,3.852440978,0.0,0.0,0.0,3.852440978
2025-09-18T21:00:00+02:00,WD_HOME,FULL,False,24.2,24.216871256,21.750831294,23.88150151,off,0.0,0.0,0.0,True,True,1.0,1.0,0.0,0.0,0.0,0.0,0.0,0.0,0.0
2025-09-18T22:00:00+02:00,WD_HOME,FULL,False,23.9,24.21405938,21.750831294,23.88150151,off,0.0,0.0,0.0,True,True,1.0,1.0,0.0,0.0,0.0,0.0,0.0,0.0,0.0
2025-09-18T23:00:00+02:00,WD_HOME,FULL,False,23.4,24.16171615,21.750831294,23.88150151,off,0.0,0.0,0.0,True,True,1.0,1.0,0.0,0.0,0.0,0.0,0.0,0.0,0.0
2025-09-19T00:00:00+02:00,WD_HOME,FULL,False,23.0,24.034763458,21.598390907,23.729061124,off,0.0,0.0,0.0,True,True,1.0,1.0,0.0,0.0,0.0,0.0,0.0,0.0,0.0
2025-09-19T01:00:00+02:00,WD_HOME,FULL,False,22.9,23.862302882,21.598390907,23.729061124,off,0.0,0.0,0.0,True,True,1.0,1.0,0.0,0.0,0.0,0.0,0.0,0.0,0.0
2025-09-19T02:00:00+02:00,WD_HOME,FULL,False,22.3,23.701919068,21.598390907,23.729061124,off,0.0,0.0,0.0,True,True,1.0,1.0,0.0,0.0,0.0,0.0,0.0,0.0,0.0
2025-09-19T03:00:00+02:00,WD_HOME,FULL,False,22.2,23.46826589,21.598390907,23.729061124,off,0.0,0.0,0.0,True,True,1.0,1.0,0.0,0.0,0.0,0.0,0.0,0.0,0.0
2025-09-19T04:00:00+02:00,WD_HOME,FULL,False,22.0,23.256888242,21.598390907,23.729061124,off,0.0,0.0,0.0,True,True,1.0,1.0,0.0,0.0,0.0,0.0,0.0,0.0,0.0
2025-09-19T05:00:00+02:00,WD_HOME,FULL,False,21.8,23.047406868,21.598390907,23.729061124,off,0.0,0.0,0.0,True,True,1.0,1.0,0.0,0.0,0.0,0.0,0.0,0.0,0.0
2025-09-19T06:00:00+02:00,WD_HOME,FULL,False,21.9,22.839505723,21.598390907,23.729061124,off,0.0,0.0,0.0,True,True,1.0,1.0,0.0,0.0,0.0,0.0,0.0,0.0,0.0
2025-09-19T07:00:00+02:00,WD_HOME,FULL,False,21.7,22.682921436,21.598390907,23.729061124,off,0.0,0.0,0.0,True,True,1.0,1.0,0.0,0.0,0.0,0.5399984,0.0,0.0,0.5399984
2025-09-19T08:00:00+02:00,WD_HOME,FULL,False,21.5,22.519101197,21.598390907,23.729061124,off,0.0,0.0,0.0,True,True,0.810087591,1.0,0.0,0.0,0.0,0.880530278,0.0,0.0,0.880530278
2025-09-19T09:00:00+02:00,WD_HOME,PARTIAL,False,22.3,22.349250997,21.598390907,23.729061124,off,0.0,0.0,0.0,False,True,0.0,1.0,0.0,0.0,0.0,0.880530278,0.0,0.0,0.880530278
2025-09-19T10:00:00+02:00,WD_HOME,PARTIAL,False,23.3,22.341042498,21.598390907,23.729061124,off,0.0,0.0,0.0,False,True,0.0,1.0,0.0,0.0,0.0,0.880530278,0.0,0.0,0.880530278
2025-09-19T11:00:00+02:00,WD_HOME,PARTIAL,False,24.6,22.500868748,21.598390907,23.729061124,off,0.0,0.0,0.0,False,True,0.0,1.0,0.0,0.0,0.0,0.880530278,0.0,0.0,0.880530278
2025-09-19T12:00:00+02:00,WD_HOME,PARTIAL,False,25.8,22.850723957,21.598390907,23.729061124,off,0.0,0.0,0.0,False,True,0.0,1.0,0.0,0.0,0.0,0.880530278,0.0,0.0,0.880530278
2025-09-19T13:00:00+02:00,WD_HOME,PARTIAL,False,26.7,23.342269964,21.598390907,23.729061124,off,0.0,0.0,0.0,False,True,0.0,1.0,0.0,0.0,0.0,0.769545255,0.0,0.0,0.769545255
2025-09-19T14:00:00+02:00,WD_HOME,PARTIAL,False,27.2,23.901891637,21.598390907,23.729061124,off,0.0,0.0,0.0,False,True,0.0,1.0,0.0,0.0,0.0,0.0,0.0,0.0,0.0
2025-09-19T15:00:00+02:00,WD_HOME,PARTIAL,False,27.4,24.451576364,21.598390907,23.729061124,cool,0.0,1.40039609,1.40039609,False,True,0.0,1.0,0.0,0.0,0.0,0.0,0.0,0.0,1.40039609
2025-09-19T16:00:00+02:00,WD_HOME,PARTIAL,False,27.0,23.942980303,21.598390907,23.729061124,cool,0.0,1.40039609,1.40039609,False,True,0.0,1.0,0.0,0.0,0.0,0.147462731,0.0,0.0,1.547858822
2025-09-19T17:00:00+02:00,WD_HOME,PARTIAL,False,26.7,23.452483586,21.598390907,23.729061124,off,0.0,0.0,0.0,False,True,0.0,1.0,0.0,0.0,0.0,0.880530278,0.0,0.0,0.880530278
2025-09-19T18:00:00+02:00,WD_HOME,FULL,False,25.9,23.993736322,21.598390907,23.729061124,off,0.0,0.0,0.0,True,True,0.560447713,1.0,0.036326427,0.0,0.036326427,0.880530278,0.0,0.0,0.916856706
2025-09-19T19:00:00+02:00,WD_HOME,FULL,False,25.1,24.311446935,21.598390907,23.729061124,cool,0.0,1.40039609,1.40039609,True,True,1.0,1.0,7.4,0.0,7.4,0.880530278,0.0,0.0,9.680926369
2025-09-19T20:00:00+02:00,WD_HOME,FULL,False,23.8,23.442872446,21.598390907,23.729061124,off,0.0,0.0,0.0,True,True,1.0,1.0,0.819709092,0.0,0.819709092,0.052550257,0.0,0.0,0.872259348
2025-09-19T21:00:00+02:00,WD_HOME,FULL,False,23.4,23.502393705,21.598390907,23.729061124,off,0.0,0.0,0.0,True,True,1.0,1.0,0.0,0.0,0.0,0.0,0.0,0.0,0.0
2025-09-19T22:00:00+02:00,WD_HOME,FULL,False,23.3,23.485328087,21.598390907,23.729061124,off,0.0,0.0,0.0,True,True,1.0,1.0,0.0,0.0,0.0,0.0,0.0,0.0,0.0
2025-09-19T23:00:00+02:00,WD_HOME,FULL,False,24.0,23.454440073,21.598390907,23.729061124,off,0.0,0.0,0.0,True,True,1.0,1.0,0.0,0.0,0.0,0.0,0.0,0.0,0.0
2025-09-20T00:00:00+02:00,WE_HOME,FULL,False,23.2,23.545366727,21.267472902,23.398143119,off,0.0,0.0,0.0,True,True,1.0,1.0,0.0,0.0,0.0,0.0,0.0,0.0,0.0
2025-09-20T01:00:00+02:00,WE_HOME,FULL,False,22.9,23.487805606,21.267472902,23.398143119,off,0.0,0.0,0.0,True,True,1.0,1.0,0.0,0.0,0.0,0.0,0.0,0.0,0.0
2025-09-20T02:00:00+02:00,WE_HOME,FULL,False,22.8,23.389838005,21.267472902,23.398143119,off,0.0,0.0,0.0,True,True,1.0,1.0,0.0,0.0,0.0,0.0,0.0,0.0,0.0
2025-09-20T03:00:00+02:00,WE_HOME,FULL,False,22.8,23.291531671,21.267472902,23.398143119,off,0.0,0.0,0.0,True,True,1.0,1.0,0.0,0.0,0.0,0.0,0.0,0.0,0.0
2025-09-20T04:00:00+02:00,WE_HOME,FULL,False,22.7,23.209609726,21.267472902,23.398143119,off,0.0,0.0,0.0,True,True,1.0,1.0,0.0,0.0,0.0,0.0,0.0,0.0,0.0
2025-09-20T05:00:00+02:00,WE_HOME,FULL,False,22.4,23.124674771,21.267472902,23.398143119,off,0.0,0.0,0.0,True,True,1.0,1.0,0.0,0.0,0.0,0.0,0.0,0.0,0.0
2025-09-20T06:00:00+02:00,WE_HOME,FULL,False,22.3,23.003895643,21.267472902,23.398143119,off,0.0,0.0,0.0,True,True,1.0,1.0,0.0,0.0,0.0,0.0,0.0,0.0,0.0
2025-09-20T07:00:00+02:00,WE_HOME,FULL,False,22.0,22.886579702,21.267472902,23.398143119,off,0.0,0.0,0.0,True,True,1.0,1.0,0.0,0.0,0.0,0.0,0.0,0.0,0.0
2025-09-20T08:00:00+02:00,WE_HOME,FULL,False,22.1,22.738816419,21.267472902,23.398143119,off,0.0,0.0,0.0,True,True,1.0,1.0,0.0,0.0,0.0,0.0,0.0,0.0,0.0
2025-09-20T09:00:00+02:00,WE_HOME,FULL,False,22.9,22.632347016,21.267472902,23.398143119,off,0.0,0.0,0.0,True,True,1.0,1.0,0.0,0.0,0.0,0.0,0.0,0.0,0.0
2025-09-20T10:00:00+02:00,WE_HOME,FULL,False,24.0,22.676955846,21.267472902,23.398143119,off,0.0,0.0,0.0,True,True,1.0,1.0,0.0,0.0,0.0,0.692193049,0.0,0.0,0.692193049
2025-09-20T11:00:00+02:00,WE_HOME,PARTIAL,False,25.3,22.897463205,21.267472902,23.398143119,off,0.0,0.0,0.0,True,True,1.0,1.0,0.0,0.0,0.0,0.880530278,0.0,0.0,0.880530278
2025-09-20T12:00:00+02:00,WE_HOME,PARTIAL,False,25.9,23.297886004,21.267472902,23.398143119,off,0.0,0.0,0.0,True,True,0.983401695,1.0,0.0,0.0,0.0,0.880530278,0.0,0.0,0.880530278
2025-09-20T13:00:00+02:00,WE_HOME,PARTIAL,False,26.1,23.73157167,21.267472902,23.398143119,off,0.0,0.0,0.0,False,True,0.0,0.103607612,0.0,0.0,0.0,0.880530278,0.0,0.0,0.880530278
2025-09-20T14:00:00+02:00,WE_HOME,PARTIAL,False,26.0,24.126309725,21.267472902,23.398143119,cool,0.0,1.40039609,1.40039609,False,False,0.0,0.0,0.0,0.0,0.0,0.880530278,0.0,0.0,2.280926369
2025-09-20T15:00:00+02:00,WE_HOME,PARTIAL,False,25.9,23.438591438,21.267472902,23.398143119,cool,0.0,1.40039609,1.40039609,False,False,0.0,0.0,0.0,0.0,0.0,0.880530278,0.0,0.0,2.280926369
2025-09-20T16:00:00+02:00,WE_HOME,PARTIAL,False,25.9,22.848826198,21.267472902,23.398143119,off,0.0,0.0,0.0,True,True,0.343931838,0.662375885,2.405374713,0.0,2.405374713,0.880530278,0.0,0.0,3.285904992
2025-09-20T17:00:00+02:00,WE_HOME,PARTIAL,False,25.7,23.357355165,21.267472902,23.398143119,off,0.0,0.0,0.0,True,True,1.0,1.0,7.4,6.336754641,13.736754641,0.880530278,0.0,0.0,14.617284919
2025-09-20T18:00:00+02:00,WE_HOME,FULL,False,25.2,23.747795971,21.267472902,23.398143119,off,0.0,0.0,0.0,True,True,1.0,1.0,7.4,7.4,14.8,0.740530852,0.0,0.0,15.540530852
2025-09-20T19:00:00+02:00,WE_HOME,FULL,False,24.8,23.989829976,21.267472902,23.398143119,cool,0.0,1.40039609,1.40039609,True,True,1.0,1.0,7.4,7.4,14.8,0.0,0.0,0.0,16.20039609
2025-09-20T20:00:00+02:00,WE_HOME,FULL,False,23.9,23.124858313,21.267472902,23.398143119,off,0.0,0.0,0.0,True,True,1.0,1.0,7.4,1.858488285,9.258488285,0.0,0.0,5.512395839,14.770884124
2025-09-20T21:00:00+02:00,WE_HOME,FULL,False,24.3,23.254048594,21.267472902,23.398143119,off,0.0,0.0,0.0,True,True,1.0,1.0,4.794475793,0.0,4.794475793,0.0,0.0,3.985420635,8.779896428
2025-09-20T22:00:00+02:00,WE_HOME,FULL,False,24.1,23.428373829,21.267472902,23.398143119,off,0.0,0.0,0.0,True,True,1.0,1.0,0.0,0.0,0.0,0.0,0.0,0.0,0.0
2025-09-20T23:00:00+02:00,WE_HOME,FULL,False,23.9,23.540311524,21.267472902,23.398143119,off,0.0,0.0,0.0,True,True,1.0,1.0,0.0,0.0,0.0,0.0,0.0,0.0,0.0
2025-09-21T00:00:00+02:00,WE_HOME,FULL,False,24.1,23.600259603,21.750416088,23.881086304,off,0.0,0.0,0.0,True,True,1.0,1.0,0.0,0.0,0.0,0.0,0.0,0.0,0.0
2025-09-21T01:00:00+02:00,WE_HOME,FULL,False,24.0,23.683549669,21.750416088,23.881086304,off,0.0,0.0,0.0,True,True,1.0,1.0,0.0,0.0,0.0,0.0,0.0,0.0,0.0
2025-09-21T02:00:00+02:00,WE_HOME,FULL,False,23.8,23.736291391,21.750416088,23.881086304,off,0.0,0.0,0.0,True,True,1.0,1.0,0.0,0.0,0.0,0.0,0.0,0.0,0.0
2025-09-21T03:00:00+02:00,WE_HOME,FULL,False,23.5,23.746909493,21.750416088,23.881086304,off,0.0,0.0,0.0,True,True,1.0,1.0,0.0,0.0,0.0,0.0,0.0,0.0,0.0
2025-09-21T04:00:00+02:00,WE_HOME,FULL,False,23.6,23.70575791,21.750416088,23.881086304,off,0.0,0.0,0.0,True,True,1.0,1.0,0.0,0.0,0.0,0.0,0.0,0.0,0.0
2025-09-21T05:00:00+02:00,WE_HOME,FULL,False,22.7,23.688131592,21.750416088,23.881086304,off,0.0,0.0,0.0,True,True,1.0,1.0,0.0,0.0,0.0,0.0,0.0,0.0,0.0
2025-09-21T06:00:00+02:00,WE_HOME,FULL,False,22.6,23.523442993,21.750416088,23.881086304,off,0.0,0.0,0.0,True,True,1.0,1.0,0.0,0.0,0.0,0.0,0.0,0.0,0.0
2025-09-21T07:00:00+02:00,WE_HOME,FULL,False,22.6,23.369535828,21.750416088,23.881086304,off,0.0,0.0,0.0,True,True,1.0,1.0,0.0,0.0,0.0,0.0,0.0,0.0,0.0
2025-09-21T08:00:00+02:00,WE_HOME,FULL,False,22.6,23.241279857,21.750416088,23.881086304,off,0.0,0.0,0.0,True,True,1.0,1.0,0.0,0.0,0.0,0.0,0.0,0.0,0.0
2025-09-21T09:00:00+02:00,WE_HOME,FULL,False,22.8,23.13439988,21.750416088,23.881086304,off,0.0,0.0,0.0,True,True,1.0,1.0,0.0,0.0,0.0,0.0,0.0,0.0,0.0
2025-09-21T10:00:00+02:00,WE_HOME,FULL,False,23.4,23.078666567,21.750416088,23.881086304,off,0.0,0.0,0.0,True,True,1.0,1.0,0.0,0.0,0.0,0.0,0.0,0.0,0.0
2025-09-21T11:00:00+02:00,WE_HOME,FULL,False,23.6,23.132222139,21.750416088,23.881086304,off,0.0,0.0,0.0,True,True,1.0,1.0,0.0,0.0,0.0,0.199521469,4.254316284,0.0,4.453837752
2025-09-21T12:00:00+02:00,WE_HOME,FULL,False,24.1,23.210185116,21.750416088,23.881086304,off,0.0,0.0,0.0,True,True,1.0,1.0,0.0,0.0,0.0,0.880530278,4.379864887,0.0,5.260395165
2025-09-21T13:00:00+02:00,WE_HOME,FULL,False,24.8,23.358487597,21.750416088,23.881086304,off,0.0,0.0,0.0,True,True,1.0,1.0,0.0,0.0,0.0,0.880530278,4.022086734,0.0,4.902617012
2025-09-21T14:00:00+02:00,WE_HOME,FULL,False,26.1,23.598739664,21.750416088,23.881086304,off,0.0,0.0,0.0,True,True,1.0,1.0,0.0,0.0,0.0,0.880530278,0.0,0.0,0.880530278
2025-09-21T15:00:00+02:00,WE_HOME,FULL,False,25.1,24.015616387,21.750416088,23.881086304,off,0.0,0.0,0.0,True,True,1.0,1.0,0.0,0.0,0.0,0.880530278,0.0,0.0,0.880530278
2025-09-21T16:00:00+02:00,WE_HOME,FULL,False,24.9,24.196346989,21.750416088,23.881086304,off,0.0,0.0,0.0,True,True,1.0,1.0,0.0,0.0,0.0,0.880530278,0.0,0.0,0.880530278
2025-09-21T17:00:00+02:00,WE_HOME,FULL,False,24.3,24.313622491,21.750416088,23.881086304,off,0.0,0.0,0.0,True,True,1.0,1.0,0.0,0.0,0.0,0.880530278,0.0,0.0,0.880530278
2025-09-21T18:00:00+02:00,WE_HOME,FULL,False,23.5,24.311352076,21.750416088,23.881086304,off,0.0,0.0,0.0,True,True,1.0,1.0,0.0,0.0,0.0,0.334037695,0.0,0.0,0.334037695
2025-09-21T19:00:00+02:00,WE_HOME,FULL,False,21.9,24.17612673,21.750416088,23.881086304,off,0.0,0.0,0.0,True,True,1.0,1.0,0.0,0.0,0.0,0.0,0.0,0.0,0.0
2025-09-21T20:00:00+02:00,WE_HOME,FULL,False,21.3,23.796772275,21.750416088,23.881086304,off,0.0,0.0,0.0,True,True,1.0,1.0,0.0,0.0,0.0,0.0,0.0,0.0,0.0
2025-09-21T21:00:00+02:00,WE_HOME,FULL,False,20.4,23.380643562,21.750416088,23.881086304,off,0.0,0.0,0.0,True,True,1.0,1.0,0.0,0.0,0.0,0.0,0.0,0.0,0.0
2025-09-21T22:00:00+02:00,WE_HOME,FULL,False,19.8,22.883869635,21.750416088,23.881086304,off,0.0,0.0,0.0,True,True,1.0,1.0,0.0,0.0,0.0,0.0,0.0,0.0,0.0
2025-09-21T23:00:00+02:00,WE_HOME,FULL,False,19.8,22.369891363,21.750416088,23.881086304,off,0.0,0.0,0.0,True,True,1.0,1.0,0.0,0.0,0.0,0.0,0.0,0.0,0.0
2025-09-22T00:00:00+02:00,WD_HOME,FULL,False,20.6,21.941576136,20.947273732,23.077943948,off,0.0,0.0,0.0,True,True,1.0,1.0,0.0,0.0,0.0,0.0,0.0,0.0,0.0
2025-09-22T01:00:00+02:00,WD_HOME,FULL,False,20.5,21.717980113,20.947273732,23.077943948,off,0.0,0.0,0.0,True,True,1.0,1.0,0.0,0.0,0.0,0.0,0.0,0.0,0.0
2025-09-22T02:00:00+02:00,WD_HOME,FULL,False,20.5,21.514983427,20.947273732,23.077943948,off,0.0,0.0,0.0,True,True,1.0,1.0,0.0,0.0,0.0,0.0,0.0,0.0,0.0
2025-09-22T03:00:00+02:00,WD_HOME,FULL,False,20.0,21.345819523,20.947273732,23.077943948,off,0.0,0.0,0.0,True,True,1.0,1.0,0.0,0.0,0.0,0.0,0.0,0.0,0.0
2025-09-22T04:00:00+02:00,WD_HOME,FULL,False,19.6,21.121516269,20.947273732,23.077943948,off,0.0,0.0,0.0,True,True,1.0,1.0,0.0,0.0,0.0,0.0,0.0,0.0,0.0
2025-09-22T05:00:00+02:00,WD_HOME,FULL,False,19.1,20.867930224,20.947273732,23.077943948,off,0.0,0.0,0.0,True,True,1.0,1.0,0.0,0.0,0.0,0.0,0.0,0.0,0.0
2025-09-22T06:00:00+02:00,WD_HOME,FULL,False,18.4,20.573275187,20.947273732,23.077943948,off,0.0,0.0,0.0,True,True,1.0,1.0,0.0,0.0,0.0,0.877575063,0.0,0.0,0.877575063
2025-09-22T07:00:00+02:00,WD_HOME,FULL,False,17.8,20.211062656,20.947273732,23.077943948,heat,1.727328253,0.0,1.727328253,True,True,1.0,1.0,0.0,0.0,0.0,0.880530278,0.0,0.0,2.607858532
2025-09-22T08:00:00+02:00,WD_HOME,FULL,False,17.3,20.80921888,20.947273732,23.077943948,heat,1.727328253,0.0,1.727328253,True,True,0.817683793,0.587375332,0.0,0.0,0.0,0.880530278,0.0,0.0,2.607858532
2025-09-22T09:00:00+02:00,WD_HOME,EMPTY,False,17.8,21.224349066,19.947273732,24.077943948,off,0.0,0.0,0.0,False,False,0.0,0.0,0.0,0.0,0.0,0.880530278,0.491308374,0.0,1.371838652
2025-09-22T10:00:00+02:00,WD_HOME,EMPTY,False,18.7,20.653624222,19.947273732,24.077943948,off,0.0,0.0,0.0,False,False,0.0,0.0,0.0,0.0,0.0,0.880530278,4.379864887,0.0,5.260395165
2025-09-22T11:00:00+02:00,WD_HOME,EMPTY,False,19.6,20.328020185,19.947273732,24.077943948,off,0.0,0.0,0.0,False,False,0.0,0.0,0.0,0.0,0.0,0.711844029,4.379864887,0.0,5.091708916
2025-09-22T12:00:00+02:00,WD_HOME,EMPTY,False,20.5,20.206683488,19.947273732,24.077943948,off,0.0,0.0,0.0,False,False,0.0,0.0,0.0,0.0,0.0,0.0,3.442634764,0.0,3.442634764
2025-09-22T13:00:00+02:00,WD_HOME,EMPTY,False,20.9,20.255569573,19.947273732,24.077943948,off,0.0,0.0,0.0,False,False,0.0,0.0,0.0,0.0,0.0,0.0,0.0,0.0,0.0
2025-09-22T14:00:00+02:00,WD_HOME,EMPTY,False,21.6,20.362974644,19.947273732,24.077943948,off,0.0,0.0,0.0,False,False,0.0,0.0,0.0,0.0,0.0,0.0,0.0,0.0,0.0
2025-09-22T15:00:00+02:00,WD_HOME,EMPTY,False,21.9,20.569145537,19.947273732,24.077943948,off,0.0,0.0,0.0,False,False,0.0,0.0,0.0,0.0,0.0,0.0,0.0,0.0,0.0
2025-09-22T16:00:00+02:00,WD_HOME,EMPTY,False,22.0,20.790954614,19.947273732,24.077943948,off,0.0,0.0,0.0,False,True,0.0,0.990891028,0.0,2.618859731,2.618859731,0.0,0.0,0.0,2.618859731
2025-09-22T17:00:00+02:00,WD_HOME,FULL,False,21.8,20.992462178,20.947273732,23.077943948,off,0.0,0.0,0.0,False,True,0.0,1.0,0.0,7.4,7.4,0.667167908,0.0,0.0,8.067167908
2025-09-22T18:00:00+02:00,WD_HOME,FULL,False,21.4,21.127051815,20.947273732,23.077943948,off,0.0,0.0,0.0,True,True,0.292548885,1.0,0.0,7.4,7.4,0.880530278,0.0,0.0,8.280530278
2025-09-22T19:00:00+02:00,WD_HOME,FULL,False,20.8,21.172543179,20.947273732,23.077943948,off,0.0,0.0,0.0,True,True,1.0,1.0,6.924697042,2.993100369,9.917797411,0.880530278,0.0,0.0,10.798327689
2025-09-22T20:00:00+02:00,WD_HOME,FULL,False,20.4,21.110452649,20.947273732,23.077943948,off,0.0,0.0,0.0,True,True,1.0,1.0,7.4,0.0,7.4,0.880530278,0.0,0.0,8.280530278
2025-09-22T21:00:00+02:00,WD_HOME,FULL,False,19.5,20.992043875,20.947273732,23.077943948,off,0.0,0.0,0.0,True,True,1.0,1.0,7.4,0.0,7.4,0.102138029,0.0,0.0,7.502138029
2025-09-22T22:00:00+02:00,WD_HOME,FULL,False,19.2,20.743369895,20.947273732,23.077943948,off,0.0,0.0,0.0,True,True,1.0,1.0,7.4,0.0,7.4,0.0,0.0,0.0,7.4
2025-09-22T23:00:00+02:00,WD_HOME,FULL,False,18.8,20.48614158,20.947273732,23.077943948,off,0.0,0.0,0.0,True,True,1.0,1.0,7.4,0.0,7.4,0.0,0.0,0.0,7.4
2025-09-23T00:00:00+02:00,WD_HOME,FULL,False,18.5,20.205117983,21.752689567,23.883359784,heat,1.727328253,0.0,1.727328253,True,True,1.0,1.0,3.172647374,0.0,3.172647374,0.0,0.0,0.0,4.899975628
2025-09-23T01:00:00+02:00,WD_HOME,FULL,False,17.9,20.920931652,21.752689567,23.883359784,heat,1.727328253,0.0,1.727328253,True,True,1.0,1.0,0.0,0.0,0.0,0.0,0.0,0.0,1.727328253
2025-09-23T02:00:00+02:00,WD_HOME,FULL,False,17.1,21.417443044,21.752689567,23.883359784,heat,1.727328253,0.0,1.727328253,True,True,1.0,1.0,0.0,0.0,0.0,0.0,0.0,0.0,1.727328253
2025-09-23T03:00:00+02:00,WD_HOME,FULL,False,16.6,21.697869203,21.752689567,23.883359784,heat,1.727328253,0.0,1.727328253,True,True,1.0,1.0,0.0,0.0,0.0,0.0,0.0,0.0,1.727328253
2025-09-23T04:00:00+02:00,WD_HOME,FULL,False,15.9,21.848224336,21.752689567,23.883359784,off,0.0,0.0,0.0,True,True,1.0,1.0,0.0,0.0,0.0,0.0,0.0,0.0,0.0
2025-09-23T05:00:00+02:00,WD_HOME,FULL,False,15.7,20.856853613,21.752689567,23.883359784,heat,1.727328253,0.0,1.727328253,True,True,1.0,1.0,0.0,0.0,0.0,0.0,0.0,0.0,1.727328253
2025-09-23T06:00:00+02:00,WD_HOME,FULL,False,15.6,20.997378011,21.752689567,23.883359784,heat,1.727328253,0.0,1.727328253,True,True,1.0,1.0,0.0,0.0,0.0,0.0,0.0,0.0,1.727328253
2025-09-23T07:00:00+02:00,WD_HOME,FULL,False,15.5,21.097815009,21.752689567,23.883359784,heat,1.727328253,0.0,1.727328253,True,True,1.0,1.0,0.0,0.0,0.0,0.0,0.0,0.0,1.727328253
2025-09-23T08:00:00+02:00,WD_HOME,FULL,False,15.3,21.164845841,21.752689567,23.883359784,heat,1.727328253,0.0,1.727328253,True,True,1.0,1.0,0.0,0.0,0.0,0.0,0.0,0.0,1.727328253
2025-09-23T09:00:00+02:00,WD_HOME,FULL,False,16.5,21.187371534,21.752689567,23.883359784,heat,1.727328253,0.0,1.727328253,True,True,1.0,1.0,0.0,0.0,0.0,0.0,0.0,0.0,1.727328253
2025-09-23T10:00:00+02:00,WD_HOME,FULL,False,17.7,21.406142945,21.752689567,23.883359784,heat,1.727328253,0.0,1.727328253,True,True,1.0,1.0,0.0,0.0,0.0,0.738300265,0.0,0.0,2.465628518
2025-09-23T11:00:00+02:00,WD_HOME,FULL,False,18.4,21.788452454,21.752689567,23.883359784,off,0.0,0.0,0.0,True,True,1.0,1.0,0.0,0.0,0.0,0.880530278,0.0,0.0,0.880530278
2025-09-23T12:00:00+02:00,WD_HOME,FULL,False,19.7,21.223710379,21.752689567,23.883359784,heat,1.727328253,0.0,1.727328253,True,True,1.0,1.0,0.0,0.0,0.0,0.880530278,0.0,0.0,2.607858532
2025-09-23T13:00:00+02:00,WD_HOME,FULL,False,20.1,21.969758649,21.752689567,23.883359784,off,0.0,0.0,0.0,True,True,1.0,1.0,0.0,0.0,0.0,0.880530278,0.0,0.0,0.880530278
2025-09-23T14:00:00+02:00,WD_HOME,FULL,False,20.6,21.658132207,21.752689567,23.883359784,off,0.0,0.0,0.0,True,True,1.0,1.0,0.0,0.0,0.0,0.880530278,0.0,0.0,0.880530278
2025-09-23T15:00:00+02:00,WD_HOME,FULL,False,20.2,21.481776839,21.752689567,23.883359784,off,0.0,0.0,0.0,True,True,1.0,1.0,0.0,0.0,0.0,0.880530278,0.0,0.0,0.880530278
2025-09-23T16:00:00+02:00,WD_HOME,FULL,False,19.7,21.268147366,21.752689567,23.883359784,off,0.0,0.0,0.0,True,True,1.0,1.0,0.0,0.0,0.0,0.880530278,0.0,0.0,0.880530278
2025-09-23T17:00:00+02:00,WD_HOME,FULL,False,18.4,21.006789472,21.752689567,23.883359784,heat,1.727328253,0.0,1.727328253,True,True,1.0,1.0,0.0,0.0,0.0,0.880530278,0.0,0.0,2.607858532
2025-09-23T18:00:00+02:00,WD_HOME,FULL,False,18.1,21.57232456,21.752689567,23.883359784,heat,1.727328253,0.0,1.727328253,True,True,1.0,1.0,0.0,0.0,0.0,0.688151725,0.0,0.0,2.415479979
2025-09-23T19:00:00+02:00,WD_HOME,FULL,False,17.0,21.9936038,21.752689567,23.883359784,off,0.0,0.0,0.0,True,True,1.0,1.0,0.0,0.0,0.0,0.0,0.0,0.0,0.0
2025-09-23T20:00:00+02:00,WD_HOME,FULL,False,16.6,21.1613365,21.752689567,23.883359784,heat,1.727328253,0.0,1.727328253,True,True,1.0,1.0,0.0,0.0,0.0,0.0,0.0,2.205856165,3.933184418
2025-09-23T21:00:00+02:00,WD_HOME,FULL,False,16.7,21.40111375,21.752689567,23.883359784,heat,1.727328253,0.0,1.727328253,True,True,1.0,1.0,0.0,0.0,0.0,0.0,0.0,6.590696173,8.318024426
2025-09-23T22:00:00+02:00,WD_HOME,FULL,False,16.8,21.617594792,21.752689567,23.883359784,heat,1.727328253,0.0,1.727328253,True,True,1.0,1.0,0.0,0.0,0.0,0.0,0.0,3.181026121,4.908354375
2025-09-23T23:00:00+02:00,WD_HOME,FULL,False,16.5,21.814662326,21.752689567,23.883359784,off,0.0,0.0,0.0,True,True,1.0,1.0,0.0,0.0,0.0,0.0,0.0,0.0,0.0
2025-09-24T00:00:00+02:00,WD_HOME,FULL,False,16.1,20.928885272,21.369353665,23.500023882,off,0.0,0.0,0.0,True,True,1.0,1.0,0.0,0.0,0.0,0.0,0.0,0.0,0.0
2025-09-24T01:00:00+02:00,WD_HOME,FULL,False,15.9,20.12407106,21.369353665,23.500023882,heat,1.727328253,0.0,1.727328253,True,True,1.0,1.0,0.0,0.0,0.0,0.0,0.0,0.0,1.727328253
2025-09-24T02:00:00+02:00,WD_HOME,FULL,False,16.1,20.420059217,21.369353665,23.500023882,heat,1.727328253,0.0,1.727328253,True,True,1.0,1.0,0.0,0.0,0.0,0.0,0.0,0.0,1.727328253
2025-09-24T03:00:00+02:00,WD_HOME,FULL,False,15.8,20.700049347,21.369353665,23.500023882,heat,1.727328253,0.0,1.727328253,True,True,1.0,1.0,0.0,0.0,0.0,0.0,0.0,0.0,1.727328253
2025-09-24T04:00:00+02:00,WD_HOME,FULL,False,15.3,20.883374456,21.369353665,23.500023882,heat,1.727328253,0.0,1.727328253,True,True,1.0,1.0,0.0,0.0,0.0,0.0,0.0,0.0,1.727328253
2025-09-24T05:00:00+02:00,WD_HOME,FULL,False,14.8,20.952812047,21.369353665,23.500023882,heat,1.727328253,0.0,1.727328253,True,True,1.0,1.0,0.0,0.0,0.0,0.0,0.0,0.0,1.727328253
2025-09-24T06:00:00+02:00,WD_HOME,FULL,False,14.8,20.927343372,21.369353665,23.500023882,heat,1.727328253,0.0,1.727328253,True,True,1.0,1.0,0.0,0.0,0.0,0.0,0.0,0.0,1.727328253
2025-09-24T07:00:00+02:00,WD_HOME,FULL,False,14.4,20.906119477,21.369353665,23.500023882,heat,1.727328253,0.0,1.727328253,True,True,1.0,1.0,0.0,0.0,0.0,0.0,0.0,0.0,1.727328253
2025-09-24T08:00:00+02:00,WD_HOME,FULL,False,14.2,20.821766231,21.369353665,23.500023882,heat,1.727328253,0.0,1.727328253,True,True,0.623287901,0.93564713,0.0,0.0,0.0,0.0,0.0,0.0,1.727328253
2025-09-24T09:00:00+02:00,WD_HOME,EMPTY,False,14.9,20.718138526,20.369353665,24.500023882,off,0.0,0.0,0.0,False,False,0.0,0.0,0.0,0.0,0.0,0.395273879,0.0,0.0,0.395273879
2025-09-24T10:00:00+02:00,WD_HOME,EMPTY,False,15.9,19.748448771,20.369353665,24.500023882,heat,1.727328253,0.0,1.727328253,False,False,0.0,0.0,0.0,0.0,0.0,0.880530278,0.0,0.0,2.607858532
2025-09-24T11:00:00+02:00,WD_HOME,EMPTY,False,16.8,20.107040643,20.369353665,24.500023882,heat,1.727328253,0.0,1.727328253,False,False,0.0,0.0,0.0,0.0,0.0,0.880530278,0.0,0.0,2.607858532
2025-09-24T12:00:00+02:00,WD_HOME,EMPTY,False,18.1,20.555867202,20.369353665,24.500023882,off,0.0,0.0,0.0,False,False,0.0,0.0,0.0,0.0,0.0,0.880530278,0.0,0.0,0.880530278
2025-09-24T13:00:00+02:00,WD_HOME,EMPTY,False,19.1,20.146556002,20.369353665,24.500023882,off,0.0,0.0,0.0,False,False,0.0,0.0,0.0,0.0,0.0,0.880530278,0.0,0.0,0.880530278
2025-09-24T14:00:00+02:00,WD_HOME,EMPTY,False,20.0,19.972130002,20.369353665,24.500023882,off,0.0,0.0,0.0,False,False,0.0,0.0,0.0,0.0,0.0,0.880530278,0.0,0.0,0.880530278
2025-09-24T15:00:00+02:00,WD_HOME,EMPTY,False,20.4,19.976775001,20.369353665,24.500023882,off,0.0,0.0,0.0,False,False,0.0,0.0,0.0,0.0,0.0,0.880530278,0.0,0.0,0.880530278
2025-09-24T16:00:00+02:00,WD_HOME,EMPTY,False,20.7,20.047312501,20.369353665,24.500023882,off,0.0,0.0,0.0,True,False,0.669892672,0.0,0.253811206,0.0,0.253811206,0.559788014,0.0,0.0,0.81359922
2025-09-24T17:00:00+02:00,WD_HOME,FULL,False,20.3,20.156093751,21.369353665,23.500023882,heat,1.727328253,0.0,1.727328253,True,True,1.0,0.596326154,7.4,1.419269976,8.819269976,0.0,0.0,0.0,10.546598229
2025-09-24T18:00:00+02:00,WD_HOME,FULL,False,19.8,21.180078126,21.369353665,23.500023882,heat,1.727328253,0.0,1.727328253,True,True,1.0,1.0,1.842513087,6.621448582,8.463961669,0.0,0.0,0.0,10.191289922
2025-09-24T19:00:00+02:00,WD_HOME,FULL,False,19.3,21.950065105,21.369353665,23.500023882,off,0.0,0.0,0.0,True,True,1.0,1.0,0.0,0.0,0.0,0.0,0.0,0.0,0.0
2025-09-24T20:00:00+02:00,WD_HOME,FULL,False,18.4,21.508387587,21.369353665,23.500023882,off,0.0,0.0,0.0,True,True,1.0,1.0,0.0,0.0,0.0,0.0,0.0,0.0,0.0
2025-09-24T21:00:00+02:00,WD_HOME,FULL,False,17.7,20.990322989,21.369353665,23.500023882,off,0.0,0.0,0.0,True,True,1.0,1.0,0.0,0.0,0.0,0.0,0.0,0.0,0.0
2025-09-24T22:00:00+02:00,WD_HOME,FULL,False,17.3,20.441935825,21.369353665,23.500023882,heat,1.727328253,0.0,1.727328253,True,True,1.0,1.0,0.0,0.0,0.0,0.0,0.0,0.0,1.727328253
2025-09-24T23:00:00+02:00,WD_HOME,FULL,False,16.8,20.918279854,21.369353665,23.500023882,heat,1.727328253,0.0,1.727328253,True,True,1.0,1.0,0.0,0.0,0.0,0.0,0.0,0.0,1.727328253
2025-09-25T00:00:00+02:00,WD_HOME,FULL,False,17.3,21.231899878,20.928948821,23.059619038,off,0.0,0.0,0.0,True,True,1.0,1.0,0.0,0.0,0.0,0.0,0.0,0.0,0.0
2025-09-25T01:00:00+02:00,WD_HOME,FULL,False,16.9,20.576583232,20.928948821,23.059619038,off,0.0,0.0,0.0,True,True,1.0,1.0,0.0,0.0,0.0,0.0,0.0,0.0,0.0
2025-09-25T02:00:00+02:00,WD_HOME,FULL,False,16.9,19.96381936,20.928948821,23.059619038,heat,1.727328253,0.0,1.727328253,True,True,1.0,1.0,0.0,0.0,0.0,0.0,0.0,0.0,1.727328253
2025-09-25T03:00:00+02:00,WD_HOME,FULL,False,17.0,20.4531828,20.928948821,23.059619038,heat,1.727328253,0.0,1.727328253,True,True,1.0,1.0,0.0,0.0,0.0,0.0,0.0,0.0,1.727328253
2025-09-25T04:00:00+02:00,WD_HOME,FULL,False,16.8,20.877652333,20.928948821,23.059619038,heat,1.727328253,0.0,1.727328253,True,True,1.0,1.0,0.0,0.0,0.0,0.0,0.0,0.0,1.727328253
2025-09-25T05:00:00+02:00,WD_HOME,FULL,False,16.2,21.198043611,20.928948821,23.059619038,off,0.0,0.0,0.0,True,True,1.0,1.0,0.0,0.0,0.0,0.0,0.0,0.0,0.0
2025-09-25T06:00:00+02:00,WD_HOME,FULL,False,15.8,20.365036343,20.928948821,23.059619038,heat,1.727328253,0.0,1.727328253,True,True,1.0,1.0,0.0,0.0,0.0,0.0,0.0,0.0,1.727328253
2025-09-25T07:00:00+02:00,WD_HOME,FULL,False,15.5,20.604196952,20.928948821,23.059619038,heat,1.727328253,0.0,1.727328253,True,True,1.0,1.0,0.0,0.0,0.0,0.0,0.0,0.0,1.727328253
2025-09-25T08:00:00+02:00,WD_HOME,FULL,False,15.5,20.75349746,20.928948821,23.059619038,heat,1.727328253,0.0,1.727328253,True,True,0.710861159,0.917889978,0.0,0.0,0.0,0.844670321,0.0,0.0,2.571998575
2025-09-25T09:00:00+02:00,WD_HOME,EMPTY,False,16.4,20.87791455,19.928948821,24.059619038,off,0.0,0.0,0.0,False,False,0.0,0.0,0.0,0.0,0.0,0.880530278,0.0,0.0,0.880530278
2025-09-25T10:00:00+02:00,WD_HOME,EMPTY,False,17.7,20.131595458,19.928948821,24.059619038,off,0.0,0.0,0.0,False,False,0.0,0.0,0.0,0.0,0.0,0.880530278,0.0,0.0,0.880530278
2025-09-25T11:00:00+02:00,WD_HOME,EMPTY,False,18.5,19.726329549,19.928948821,24.059619038,off,0.0,0.0,0.0,False,False,0.0,0.0,0.0,0.0,0.0,0.65264166,0.0,0.0,0.65264166
2025-09-25T12:00:00+02:00,WD_HOME,EMPTY,False,19.0,19.521941291,19.928948821,24.059619038,off,0.0,0.0,0.0,False,False,0.0,0.0,0.0,0.0,0.0,0.0,0.0,0.0,0.0
2025-09-25T13:00:00+02:00,WD_HOME,EMPTY,False,19.1,19.434951075,19.928948821,24.059619038,off,0.0,0.0,0.0,False,False,0.0,0.0,0.0,0.0,0.0,0.0,0.0,0.0,0.0
2025-09-25T14:00:00+02:00,WD_HOME,EMPTY,False,19.2,19.379125896,19.928948821,24.059619038,heat,1.727328253,0.0,1.727328253,False,False,0.0,0.0,0.0,0.0,0.0,0.0,0.0,0.0,1.727328253
2025-09-25T15:00:00+02:00,WD_HOME,EMPTY,False,19.3,20.34927158,19.928948821,24.059619038,off,0.0,0.0,0.0,False,False,0.0,0.0,0.0,0.0,0.0,0.0,0.0,0.0,0.0
2025-09-25T16:00:00+02:00,WD_HOME,EMPTY,False,19.2,20.174392983,19.928948821,24.059619038,off,0.0,0.0,0.0,False,False,0.0,0.0,0.0,0.0,0.0,0.41235367,0.0,0.0,0.41235367
2025-09-25T17:00:00+02:00,WD_HOME,EMPTY,False,18.9,20.011994153,19.928948821,24.059619038,off,0.0,0.0,0.0,True,False,0.966958532,0.0,0.0,0.0,0.0,0.880530278,0.0,0.0,0.880530278
2025-09-25T18:00:00+02:00,WD_HOME,FULL,False,18.7,19.826661794,20.928948821,23.059619038,heat,1.727328253,0.0,1.727328253,True,True,1.0,0.207530788,0.0,0.0,0.0,0.880530278,0.0,0.0,2.607858532
2025-09-25T19:00:00+02:00,WD_HOME,FULL,False,18.4,20.638884828,20.928948821,23.059619038,heat,1.727328253,0.0,1.727328253,True,True,1.0,1.0,0.0,6.055273908,6.055273908,0.813970205,0.0,0.0,8.596572366
2025-09-25T20:00:00+02:00,WD_HOME,FULL,False,18.4,21.265737357,20.928948821,23.059619038,off,0.0,0.0,0.0,True,True,1.0,1.0,0.0,7.4,7.4,0.0,0.0,0.0,7.4
2025-09-25T21:00:00+02:00,WD_HOME,FULL,False,18.2,20.788114464,20.928948821,23.059619038,off,0.0,0.0,0.0,True,True,1.0,1.0,0.0,7.4,7.4,0.0,0.0,0.0,7.4
2025-09-25T22:00:00+02:00,WD_HOME,FULL,False,18.3,20.356762053,20.928948821,23.059619038,heat,1.727328253,0.0,1.727328253,True,True,1.0,1.0,0.0,2.792041337,2.792041337,0.0,0.0,0.0,4.51936959
2025-09-25T23:00:00+02:00,WD_HOME,FULL,False,17.6,21.013968378,20.928948821,23.059619038,off,0.0,0.0,0.0,True,True,1.0,1.0,0.0,0.0,0.0,0.0,0.0,0.0,0.0
2025-09-26T00:00:00+02:00,WD_HOME,FULL,False,17.6,20.444973648,21.449432133,23.58010235,heat,1.727328253,0.0,1.727328253,True,True,1.0,1.0,0.0,0.0,0.0,0.0,0.0,0.0,1.727328253
2025-09-26T01:00:00+02:00,WD_HOME,FULL,False,17.4,20.970811374,21.449432133,23.58010235,heat,1.727328253,0.0,1.727328253,True,True,1.0,1.0,0.0,0.0,0.0,0.0,0.0,0.0,1.727328253
2025-09-26T02:00:00+02:00,WD_HOME,FULL,False,17.4,21.375676145,21.449432133,23.58010235,heat,1.727328253,0.0,1.727328253,True,True,1.0,1.0,0.0,0.0,0.0,0.0,0.0,0.0,1.727328253
2025-09-26T03:00:00+02:00,WD_HOME,FULL,False,17.2,21.713063454,21.449432133,23.58010235,off,0.0,0.0,0.0,True,True,1.0,1.0,0.0,0.0,0.0,0.0,0.0,0.0,0.0
2025-09-26T04:00:00+02:00,WD_HOME,FULL,False,16.9,20.960886212,21.449432133,23.58010235,off,0.0,0.0,0.0,True,True,1.0,1.0,0.0,0.0,0.0,0.0,0.0,0.0,0.0
2025-09-26T05:00:00+02:00,WD_HOME,FULL,False,16.5,20.284071843,21.449432133,23.58010235,heat,1.727328253,0.0,1.727328253,True,True,1.0,1.0,0.0,0.0,0.0,0.0,0.0,0.0,1.727328253
2025-09-26T06:00:00+02:00,WD_HOME,FULL,False,16.1,20.653393202,21.449432133,23.58010235,heat,1.727328253,0.0,1.727328253,True,True,1.0,1.0,0.0,0.0,0.0,0.624600077,0.0,0.0,2.35192833
2025-09-26T07:00:00+02:00,WD_HOME,FULL,False,16.3,20.894494335,21.449432133,23.58010235,heat,1.727328253,0.0,1.727328253,True,True,1.0,1.0,0.0,0.0,0.0,0.880530278,0.0,0.0,2.607858532
2025-09-26T08:00:00+02:00,WD_HOME,FULL,False,16.9,21.128745279,21.449432133,23.58010235,heat,1.727328253,0.0,1.727328253,True,True,1.0,0.629029689,0.0,0.0,0.0,0.880530278,0.0,0.0,2.607858532
2025-09-26T09:00:00+02:00,WD_HOME,PARTIAL,False,17.3,21.4239544,21.449432133,23.58010235,heat,1.727328253,0.0,1.727328253,True,False,1.0,0.0,0.0,0.0,0.0,0.880530278,0.0,0.0,2.607858532
2025-09-26T10:00:00+02:00,WD_HOME,PARTIAL,False,18.6,21.736628666,21.449432133,23.58010235,off,0.0,0.0,0.0,True,False,1.0,0.0,0.0,0.0,0.0,0.473767066,0.0,0.0,0.473767066
2025-09-26T11:00:00+02:00,WD_HOME,PARTIAL,False,19.9,21.213857222,21.449432133,23.58010235,off,0.0,0.0,0.0,True,False,1.0,0.0,0.0,0.0,0.0,0.0,0.0,0.0,0.0
2025-09-26T12:00:00+02:00,WD_HOME,PARTIAL,False,21.2,20.994881018,21.449432133,23.58010235,off,0.0,0.0,0.0,True,False,1.0,0.0,0.0,0.0,0.0,0.0,0.0,0.0,0.0
2025-09-26T13:00:00+02:00,WD_HOME,PARTIAL,False,21.3,21.029067515,21.449432133,23.58010235,off,0.0,0.0,0.0,True,False,1.0,0.0,0.0,0.0,0.0,0.0,0.0,0.0,0.0
2025-09-26T14:00:00+02:00,WD_HOME,PARTIAL,False,21.8,21.074222929,21.449432133,23.58010235,off,0.0,0.0,0.0,True,False,1.0,0.0,0.0,0.0,0.0,0.0,0.0,0.0,0.0
2025-09-26T15:00:00+02:00,WD_HOME,PARTIAL,False,21.9,21.195185774,21.449432133,23.58010235,off,0.0,0.0,0.0,True,False,1.0,0.0,0.0,0.0,0.0,0.100649611,0.0,0.0,0.100649611
2025-09-26T16:00:00+02:00,WD_HOME,FULL,False,22.1,21.312654812,21.449432133,23.58010235,off,0.0,0.0,0.0,True,False,1.0,0.0,0.0,0.0,0.0,0.880530278,0.0,0.0,0.880530278
2025-09-26T17:00:00+02:00,WD_HOME,FULL,False,22.2,21.44387901,21.449432133,23.58010235,off,0.0,0.0,0.0,True,True,1.0,0.900664442,0.0,2.355058076,2.355058076,0.880530278,0.0,0.0,3.235588355
2025-09-26T18:00:00+02:00,WD_HOME,FULL,False,22.0,21.569899175,21.449432133,23.58010235,off,0.0,0.0,0.0,True,True,1.0,1.0,0.0,5.395436726,5.395436726,0.880530278,0.0,0.0,6.275967005
2025-09-26T19:00:00+02:00,WD_HOME,FULL,False,21.4,21.641582646,21.449432133,23.58010235,off,0.0,0.0,0.0,True,True,1.0,1.0,0.0,0.0,0.0,0.880530278,0.0,0.0,0.880530278
2025-09-26T20:00:00+02:00,WD_HOME,FULL,False,19.6,21.601318872,21.449432133,23.58010235,off,0.0,0.0,0.0,True,True,1.0,1.0,0.0,0.0,0.0,0.026192731,0.0,0.0,0.026192731
2025-09-26T21:00:00+02:00,WD_HOME,FULL,False,19.0,21.267765726,21.449432133,23.58010235,off,0.0,0.0,0.0,True,True,1.0,1.0,0.0,0.0,0.0,0.0,0.0,0.0,0.0
2025-09-26T22:00:00+02:00,WD_HOME,FULL,False,17.8,20.889804772,21.449432133,23.58010235,heat,1.727328253,0.0,1.727328253,True,True,1.0,1.0,0.0,0.0,0.0,0.0,0.0,0.0,1.727328253
2025-09-26T23:00:00+02:00,WD_HOME,FULL,False,17.3,21.37483731,21.449432133,23.58010235,heat,1.727328253,0.0,1.727328253,True,True,1.0,1.0,0.0,0.0,0.0,0.0,0.0,0.0,1.727328253
2025-09-27T00:00:00+02:00,WE_HOME,FULL,False,17.1,21.695697758,21.513892276,23.644562493,off,0.0,0.0,0.0,True,True,1.0,1.0,0.0,0.0,0.0,0.0,0.0,0.0,0.0
2025-09-27T01:00:00+02:00,WE_HOME,FULL,False,16.5,20.929748132,21.513892276,23.644562493,heat,1.727328253,0.0,1.727328253,True,True,1.0,1.0,0.0,0.0,0.0,0.0,0.0,0.0,1.727328253
2025-09-27T02:00:00+02:00,WE_HOME,FULL,False,16.4,21.191456777,21.513892276,23.644562493,heat,1.727328253,0.0,1.727328253,True,True,1.0,1.0,0.0,0.0,0.0,0.0,0.0,0.0,1.727328253
2025-09-27T03:00:00+02:00,WE_HOME,FULL,False,16.6,21.392880647,21.513892276,23.644562493,heat,1.727328253,0.0,1.727328253,True,True,1.0,1.0,0.0,0.0,0.0,0.0,0.0,0.0,1.727328253
2025-09-27T04:00:00+02:00,WE_HOME,FULL,False,16.8,21.594067206,21.513892276,23.644562493,off,0.0,0.0,0.0,True,True,1.0,1.0,0.0,0.0,0.0,0.0,0.0,0.0,0.0
2025-09-27T05:00:00+02:00,WE_HOME,FULL,False,16.7,20.795056005,21.513892276,23.644562493,heat,1.727328253,0.0,1.727328253,True,True,1.0,1.0,0.0,0.0,0.0,0.0,0.0,0.0,1.727328253
2025-09-27T06:00:00+02:00,WE_HOME,FULL,False,16.6,21.112546671,21.513892276,23.644562493,heat,1.727328253,0.0,1.727328253,True,True,1.0,1.0,0.0,0.0,0.0,0.073286056,0.0,0.0,1.800614309
2025-09-27T07:00:00+02:00,WE_HOME,FULL,False,16.9,21.360455559,21.513892276,23.644562493,heat,1.727328253,0.0,1.727328253,True,True,1.0,1.0,0.0,0.0,0.0,0.880530278,0.0,0.0,2.607858532
2025-09-27T08:00:00+02:00,WE_HOME,FULL,False,16.7,21.617046299,21.513892276,23.644562493,off,0.0,0.0,0.0,True,True,1.0,1.0,0.0,0.0,0.0,0.880530278,0.0,0.0,0.880530278
2025-09-27T09:00:00+02:00,WE_HOME,FULL,False,17.6,20.797538583,21.513892276,23.644562493,heat,1.727328253,0.0,1.727328253,True,True,1.0,1.0,0.0,0.0,0.0,0.880530278,0.0,0.0,2.607858532
2025-09-27T10:00:00+02:00,WE_HOME,FULL,False,18.7,21.264615486,21.513892276,23.644562493,heat,1.727328253,0.0,1.727328253,True,True,0.519693019,1.0,0.0,0.0,0.0,0.880530278,0.0,0.0,2.607858532
2025-09-27T11:00:00+02:00,WE_HOME,EMPTY,False,20.0,21.837179571,20.513892276,24.644562493,off,0.0,0.0,0.0,False,True,0.0,1.0,0.0,0.0,0.0,0.880530278,1.85210043,0.0,2.732630708
2025-09-27T12:00:00+02:00,WE_HOME,EMPTY,False,20.6,21.530982976,20.513892276,24.644562493,off,0.0,0.0,0.0,False,True,0.0,1.0,0.0,0.0,0.0,0.323778204,4.379864887,0.0,4.703643091
2025-09-27T13:00:00+02:00,WE_HOME,EMPTY,False,21.2,21.375819147,20.513892276,24.644562493,off,0.0,0.0,0.0,False,True,0.0,1.0,0.0,0.0,0.0,0.0,4.379864887,0.0,4.379864887
2025-09-27T14:00:00+02:00,WE_HOME,EMPTY,False,21.4,21.346515956,20.513892276,24.644562493,off,0.0,0.0,0.0,False,True,0.0,1.0,0.0,0.0,0.0,0.0,0.972209621,0.0,0.972209621
2025-09-27T15:00:00+02:00,WE_HOME,EMPTY,False,21.6,21.355429963,20.513892276,24.644562493,off,0.0,0.0,0.0,False,True,0.0,1.0,0.0,0.0,0.0,0.700005655,0.0,0.0,0.700005655
2025-09-27T16:00:00+02:00,WE_HOME,EMPTY,False,21.6,21.396191636,20.513892276,24.644562493,off,0.0,0.0,0.0,False,True,0.0,1.0,0.0,0.0,0.0,0.880530278,0.0,0.0,0.880530278
2025-09-27T17:00:00+02:00,WE_HOME,FULL,False,21.9,21.430159697,21.513892276,23.644562493,off,0.0,0.0,0.0,False,True,0.0,1.0,0.0,0.0,0.0,0.880530278,0.0,0.0,0.880530278
2025-09-27T18:00:00+02:00,WE_HOME,FULL,False,22.0,21.508466414,21.513892276,23.644562493,off,0.0,0.0,0.0,True,True,0.601261419,1.0,1.437637859,0.0,1.437637859,0.880530278,0.0,0.0,2.318168138
2025-09-27T19:00:00+02:00,WE_HOME,FULL,False,21.6,21.590388678,21.513892276,23.644562493,off,0.0,0.0,0.0,True,True,1.0,1.0,7.4,0.0,7.4,0.603477419,0.0,0.0,8.003477419
2025-09-27T20:00:00+02:00,WE_HOME,FULL,False,20.6,21.591990565,21.513892276,23.644562493,off,0.0,0.0,0.0,True,True,1.0,1.0,7.4,0.0,7.4,0.0,0.0,0.0,7.4
2025-09-27T21:00:00+02:00,WE_HOME,FULL,False,21.5,21.426658804,21.513892276,23.644562493,off,0.0,0.0,0.0,True,True,1.0,1.0,7.4,0.0,7.4,0.0,0.0,0.0,7.4
2025-09-27T22:00:00+02:00,WE_HOME,FULL,False,21.4,21.438882337,21.513892276,23.644562493,off,0.0,0.0,0.0,True,True,1.0,1.0,7.4,0.0,7.4,0.0,0.0,0.0,7.4
2025-09-27T23:00:00+02:00,WE_HOME,FULL,False,21.3,21.432401947,21.513892276,23.644562493,off,0.0,0.0,0.0,True,True,1.0,1.0,1.803641086,0.0,1.803641086,0.0,0.0,0.0,1.803641086
2025-09-28T00:00:00+02:00,WE_HOME,FULL,False,20.8,21.410334956,21.058053429,23.188723646,off,0.0,0.0,0.0,True,True,1.0,1.0,0.0,0.0,0.0,0.0,0.0,0.0,0.0
2025-09-28T01:00:00+02:00,WE_HOME,FULL,False,20.5,21.308612463,21.058053429,23.188723646,off,0.0,0.0,0.0,True,True,1.0,1.0,0.0,0.0,0.0,0.0,0.0,0.0,0.0
2025-09-28T02:00:00+02:00,WE_HOME,FULL,False,20.6,21.17384372,21.058053429,23.188723646,off,0.0,0.0,0.0,True,True,1.0,1.0,0.0,0.0,0.0,0.0,0.0,0.0,0.0
2025-09-28T03:00:00+02:00,WE_HOME,FULL,False,20.4,21.0782031,21.058053429,23.188723646,off,0.0,0.0,0.0,True,True,1.0,1.0,0.0,0.0,0.0,0.0,0.0,0.0,0.0
2025-09-28T04:00:00+02:00,WE_HOME,FULL,False,20.3,20.96516925,21.058053429,23.188723646,off,0.0,0.0,0.0,True,True,1.0,1.0,0.0,0.0,0.0,0.0,0.0,0.0,0.0
2025-09-28T05:00:00+02:00,WE_HOME,FULL,False,20.1,20.854307708,21.058053429,23.188723646,off,0.0,0.0,0.0,True,True,1.0,1.0,0.0,0.0,0.0,0.0,0.0,0.0,0.0
2025-09-28T06:00:00+02:00,WE_HOME,FULL,False,20.3,20.728589757,21.058053429,23.188723646,off,0.0,0.0,0.0,True,True,1.0,1.0,0.0,0.0,0.0,0.0,0.0,0.0,0.0
2025-09-28T07:00:00+02:00,WE_HOME,FULL,False,20.2,20.657158131,21.058053429,23.188723646,off,0.0,0.0,0.0,True,True,1.0,1.0,0.0,0.0,0.0,0.14791267,0.0,0.0,0.14791267
2025-09-28T08:00:00+02:00,WE_HOME,FULL,False,20.2,20.580965109,21.058053429,23.188723646,off,0.0,0.0,0.0,True,True,1.0,1.0,0.0,0.0,0.0,0.880530278,0.0,0.0,0.880530278
2025-09-28T09:00:00+02:00,WE_HOME,FULL,False,20.0,20.517470924,21.058053429,23.188723646,heat,1.727328253,0.0,1.727328253,True,True,1.0,1.0,0.0,0.0,0.0,0.880530278,0.0,0.0,2.607858532
2025-09-28T10:00:00+02:00,WE_HOME,FULL,False,20.4,21.43122577,21.058053429,23.188723646,off,0.0,0.0,0.0,True,True,1.0,1.0,0.0,0.0,0.0,0.880530278,0.0,0.0,0.880530278
2025-09-28T11:00:00+02:00,WE_HOME,FULL,False,21.3,21.259354808,21.058053429,23.188723646,off,0.0,0.0,0.0,True,True,0.659934841,1.0,0.0,0.0,0.0,0.880530278,0.0,0.0,0.880530278
2025-09-28T12:00:00+02:00,WE_HOME,FULL,False,21.6,21.266129007,21.058053429,23.188723646,off,0.0,0.0,0.0,False,True,0.0,1.0,0.0,0.0,0.0,0.880530278,0.0,0.0,0.880530278
2025-09-28T13:00:00+02:00,WE_HOME,FULL,False,22.1,21.321774172,21.058053429,23.188723646,off,0.0,0.0,0.0,False,True,0.0,1.0,0.0,0.0,0.0,0.327130686,0.0,0.0,0.327130686
2025-09-28T14:00:00+02:00,WE_HOME,FULL,False,22.6,21.451478477,21.058053429,23.188723646,off,0.0,0.0,0.0,False,True,0.0,1.0,0.0,0.0,0.0,0.0,0.0,0.0,0.0
2025-09-28T15:00:00+02:00,WE_HOME,FULL,False,22.5,21.642898731,21.058053429,23.188723646,off,0.0,0.0,0.0,False,True,0.0,1.0,0.0,0.0,0.0,0.725524454,0.0,0.0,0.725524454
2025-09-28T16:00:00+02:00,WE_HOME,FULL,False,22.4,21.785748942,21.058053429,23.188723646,off,0.0,0.0,0.0,False,True,0.0,1.0,0.0,0.0,0.0,0.880530278,0.0,0.0,0.880530278
2025-09-28T17:00:00+02:00,WE_HOME,FULL,False,22.3,21.888124119,21.058053429,23.188723646,off,0.0,0.0,0.0,False,True,0.0,1.0,0.0,0.0,0.0,0.55871281,0.0,0.0,0.55871281
2025-09-28T18:00:00+02:00,WE_HOME,FULL,False,21.9,21.956770099,21.058053429,23.188723646,off,0.0,0.0,0.0,False,True,0.0,1.0,0.0,0.0,0.0,0.0,0.0,0.0,0.0
2025-09-28T19:00:00+02:00,WE_HOME,FULL,False,21.4,21.947308416,21.058053429,23.188723646,off,0.0,0.0,0.0,False,True,0.0,1.0,0.0,0.0,0.0,0.0,0.0,0.0,0.0
2025-09-28T20:00:00+02:00,WE_HOME,FULL,False,21.1,21.856090346,21.058053429,23.188723646,off,0.0,0.0,0.0,True,True,0.829898507,1.0,1.513072464,0.0,1.513072464,0.0,0.0,0.0,1.513072464
2025-09-28T21:00:00+02:00,WE_HOME,FULL,False,20.9,21.730075289,21.058053429,23.188723646,off,0.0,0.0,0.0,True,True,1.0,1.0,7.4,0.0,7.4,0.0,0.0,4.794843716,12.194843716
2025-09-28T22:00:00+02:00,WE_HOME,FULL,False,20.5,21.591729407,21.058053429,23.188723646,off,0.0,0.0,0.0,True,True,1.0,1.0,7.4,0.0,7.4,0.0,0.0,5.593778691,12.993778691
2025-09-28T23:00:00+02:00,WE_HOME,FULL,False,20.1,21.409774506,21.058053429,23.188723646,off,0.0,0.0,0.0,True,True,1.0,1.0,0.221688738,0.0,0.221688738,0.0,0.0,0.0,0.221688738
2025-09-29T00:00:00+02:00,WD_HOME,FULL,False,20.0,21.191478755,21.861812967,23.992483184,heat,1.727328253,0.0,1.727328253,True,True,1.0,1.0,0.0,0.0,0.0,0.0,0.0,0.0,1.727328253
2025-09-29T01:00:00+02:00,WD_HOME,FULL,False,19.6,21.992898963,21.861812967,23.992483184,off,0.0,0.0,0.0,True,True,1.0,1.0,0.0,0.0,0.0,0.0,0.0,0.0,0.0
2025-09-29T02:00:00+02:00,WD_HOME,FULL,False,19.5,21.594082469,21.861812967,23.992483184,off,0.0,0.0,0.0,True,True,1.0,1.0,0.0,0.0,0.0,0.0,0.0,0.0,0.0
2025-09-29T03:00:00+02:00,WD_HOME,FULL,False,19.0,21.245068724,21.861812967,23.992483184,heat,1.727328253,0.0,1.727328253,True,True,1.0,1.0,0.0,0.0,0.0,0.0,0.0,0.0,1.727328253
2025-09-29T04:00:00+02:00,WD_HOME,FULL,False,18.7,21.870890603,21.861812967,23.992483184,off,0.0,0.0,0.0,True,True,1.0,1.0,0.0,0.0,0.0,0.0,0.0,0.0,0.0
2025-09-29T05:00:00+02:00,WD_HOME,FULL,False,18.0,21.342408836,21.861812967,23.992483184,heat,1.727328253,0.0,1.727328253,True,True,1.0,1.0,0.0,0.0,0.0,0.0,0.0,0.0,1.727328253
2025-09-29T06:00:00+02:00,WD_HOME,FULL,False,17.9,21.785340697,21.861812967,23.992483184,heat,1.727328253,0.0,1.727328253,True,True,1.0,1.0,0.0,0.0,0.0,0.0,0.0,0.0,1.727328253
2025-09-29T07:00:00+02:00,WD_HOME,FULL,False,17.8,22.137783914,21.861812967,23.992483184,off,0.0,0.0,0.0,True,True,1.0,1.0,0.0,0.0,0.0,0.585830984,0.0,0.0,0.585830984
2025-09-29T08:00:00+02:00,WD_HOME,FULL,False,17.6,21.414819928,21.861812967,23.992483184,off,0.0,0.0,0.0,True,True,1.0,0.506986783,0.0,0.0,0.0,0.880530278,0.0,0.0,0.880530278
2025-09-29T09:00:00+02:00,WD_HOME,PARTIAL,False,18.0,20.779016607,21.861812967,23.992483184,heat,1.727328253,0.0,1.727328253,True,False,1.0,0.0,0.0,0.0,0.0,0.880530278,0.0,0.0,2.607858532
2025-09-29T10:00:00+02:00,WD_HOME,PARTIAL,False,19.5,21.315847172,21.861812967,23.992483184,heat,1.727328253,0.0,1.727328253,True,False,1.0,0.0,0.0,0.0,0.0,0.880530278,0.0,0.0,2.607858532
2025-09-29T11:00:00+02:00,WD_HOME,PARTIAL,False,21.1,22.013205977,21.861812967,23.992483184,off,0.0,0.0,0.0,True,False,1.0,0.0,0.0,0.0,0.0,0.880530278,0.0,0.0,0.880530278
2025-09-29T12:00:00+02:00,WD_HOME,PARTIAL,False,22.0,21.861004981,21.861812967,23.992483184,off,0.0,0.0,0.0,True,False,1.0,0.0,0.0,0.0,0.0,0.485668345,0.0,0.0,0.485668345
2025-09-29T13:00:00+02:00,WD_HOME,PARTIAL,False,22.5,21.884170817,21.861812967,23.992483184,off,0.0,0.0,0.0,True,False,1.0,0.0,0.0,0.0,0.0,0.0,0.0,0.0,0.0
2025-09-29T14:00:00+02:00,WD_HOME,PARTIAL,False,23.1,21.986809014,21.861812967,23.992483184,off,0.0,0.0,0.0,True,False,1.0,0.0,0.0,0.0,0.0,0.0,0.0,0.0,0.0
2025-09-29T15:00:00+02:00,WD_HOME,PARTIAL,False,23.3,22.172340845,21.861812967,23.992483184,off,0.0,0.0,0.0,True,False,1.0,0.0,0.0,0.0,0.0,0.0,0.0,0.0,0.0
2025-09-29T16:00:00+02:00,WD_HOME,PARTIAL,False,23.4,22.360284038,21.861812967,23.992483184,off,0.0,0.0,0.0,True,True,1.0,0.922650506,0.0,5.699989638,5.699989638,0.051865199,0.0,0.0,5.751854837
2025-09-29T17:00:00+02:00,WD_HOME,FULL,False,23.2,22.533570032,21.861812967,23.992483184,off,0.0,0.0,0.0,True,True,1.0,1.0,0.0,3.948793305,3.948793305,0.880530278,0.0,0.0,4.829323584
2025-09-29T18:00:00+02:00,WD_HOME,FULL,False,22.5,22.644641693,21.861812967,23.992483184,off,0.0,0.0,0.0,True,True,1.0,1.0,0.0,0.0,0.0,0.880530278,0.0,0.0,0.880530278
2025-09-29T19:00:00+02:00,WD_HOME,FULL,False,21.6,22.620534744,21.861812967,23.992483184,off,0.0,0.0,0.0,True,True,1.0,1.0,0.0,0.0,0.0,0.880530278,0.0,0.0,0.880530278
2025-09-29T20:00:00+02:00,WD_HOME,FULL,False,20.3,22.45044562,21.861812967,23.992483184,off,0.0,0.0,0.0,True,True,1.0,1.0,0.0,0.0,0.0,0.671101168,0.0,0.0,0.671101168
2025-09-29T21:00:00+02:00,WD_HOME,FULL,False,20.0,22.092038017,21.861812967,23.992483184,off,0.0,0.0,0.0,True,True,1.0,1.0,0.0,0.0,0.0,0.0,0.0,0.0,0.0
2025-09-29T22:00:00+02:00,WD_HOME,FULL,False,20.2,21.743365014,21.861812967,23.992483184,off,0.0,0.0,0.0,True,True,1.0,1.0,0.0,0.0,0.0,0.0,0.0,0.0,0.0
2025-09-29T23:00:00+02:00,WD_HOME,FULL,False,19.7,21.486137512,21.861812967,23.992483184,off,0.0,0.0,0.0,True,True,1.0,1.0,0.0,0.0,0.0,0.0,0.0,0.0,0.0
2025-09-30T00:00:00+02:00,AWAY_DAY,FULL,False,19.1,21.188447926,21.540538558,23.671208775,off,0.0,0.0,0.0,True,True,1.0,1.0,0.0,0.0,0.0,0.0,0.0,0.0,0.0
2025-09-30T01:00:00+02:00,AWAY_DAY,FULL,False,18.7,20.840373272,21.540538558,23.671208775,heat,1.727328253,0.0,1.727328253,True,True,1.0,1.0,0.0,0.0,0.0,0.0,0.0,0.0,1.727328253
2025-09-30T02:00:00+02:00,AWAY_DAY,FULL,False,18.5,21.483644393,21.540538558,23.671208775,heat,1.727328253,0.0,1.727328253,True,True,1.0,1.0,0.0,0.0,0.0,0.0,0.0,0.0,1.727328253
2025-09-30T03:00:00+02:00,AWAY_DAY,FULL,False,17.9,21.986370328,21.540538558,23.671208775,off,0.0,0.0,0.0,True,True,1.0,1.0,0.0,0.0,0.0,0.0,0.0,0.0,0.0
2025-09-30T04:00:00+02:00,AWAY_DAY,FULL,False,17.9,21.305308606,21.540538558,23.671208775,off,0.0,0.0,0.0,True,True,1.0,1.0,0.0,0.0,0.0,0.0,0.0,0.0,0.0
2025-09-30T05:00:00+02:00,AWAY_DAY,FULL,False,17.5,20.737757172,21.540538558,23.671208775,heat,1.727328253,0.0,1.727328253,True,True,1.0,1.0,0.0,0.0,0.0,0.0,0.0,0.0,1.727328253
2025-09-30T06:00:00+02:00,AWAY_DAY,FULL,False,17.2,21.198130977,21.540538558,23.671208775,heat,1.727328253,0.0,1.727328253,True,True,1.0,1.0,0.0,0.0,0.0,0.0,0.0,0.0,1.727328253
2025-09-30T07:00:00+02:00,AWAY_DAY,FULL,False,16.9,21.531775814,21.540538558,23.671208775,heat,1.727328253,0.0,1.727328253,True,True,1.0,1.0,0.0,0.0,0.0,0.0,0.0,0.0,1.727328253
2025-09-30T08:00:00+02:00,AWAY_DAY,FULL,False,17.1,21.759813178,21.540538558,23.671208775,off,0.0,0.0,0.0,True,True,1.0,1.0,0.0,0.0,0.0,0.430474539,0.0,0.0,0.430474539
2025-09-30T09:00:00+02:00,AWAY_DAY,EMPTY,False,18.7,20.983177649,20.540538558,24.671208775,off,0.0,0.0,0.0,True,True,1.0,1.0,0.0,0.0,0.0,0.880530278,0.0,0.0,0.880530278
2025-09-30T10:00:00+02:00,AWAY_DAY,EMPTY,False,20.5,20.60264804,20.540538558,24.671208775,off,0.0,0.0,0.0,True,True,1.0,1.0,0.0,0.0,0.0,0.880530278,0.0,0.0,0.880530278
2025-09-30T11:00:00+02:00,AWAY_DAY,EMPTY,False,21.9,20.585540034,20.540538558,24.671208775,off,0.0,0.0,0.0,True,True,1.0,1.0,0.0,0.0,0.0,0.880530278,0.0,0.0,0.880530278
2025-09-30T12:00:00+02:00,AWAY_DAY,EMPTY,False,22.8,20.804616695,20.540538558,24.671208775,off,0.0,0.0,0.0,True,True,1.0,1.0,0.0,0.0,0.0,0.151734145,0.0,0.0,0.151734145
2025-09-30T13:00:00+02:00,AWAY_DAY,EMPTY,False,23.4,21.137180579,20.540538558,24.671208775,off,0.0,0.0,0.0,True,True,1.0,1.0,0.0,0.0,0.0,0.0,0.0,0.0,0.0
2025-09-30T14:00:00+02:00,AWAY_DAY,EMPTY,False,23.7,21.514317149,20.540538558,24.671208775,off,0.0,0.0,0.0,True,True,1.0,1.0,0.0,0.0,0.0,0.0,0.0,0.0,0.0
2025-09-30T15:00:00+02:00,AWAY_DAY,EMPTY,False,23.6,21.878597624,20.540538558,24.671208775,off,0.0,0.0,0.0,True,True,1.0,1.0,0.0,0.0,0.0,0.0,0.0,0.0,0.0
2025-09-30T16:00:00+02:00,AWAY_DAY,EMPTY,False,23.6,22.16549802,20.540538558,24.671208775,off,0.0,0.0,0.0,True,True,1.0,1.0,0.0,0.0,0.0,0.834102522,0.0,0.0,0.834102522
2025-09-30T17:00:00+02:00,AWAY_DAY,FULL,False,22.7,22.404581684,21.540538558,23.671208775,off,0.0,0.0,0.0,True,True,1.0,1.0,0.0,0.0,0.0,0.880530278,0.0,0.0,0.880530278
2025-09-30T18:00:00+02:00,AWAY_DAY,FULL,False,22.1,22.45381807,21.540538558,23.671208775,off,0.0,0.0,0.0,True,True,1.0,1.0,0.0,0.0,0.0,0.109861814,0.0,0.0,0.109861814
2025-09-30T19:00:00+02:00,AWAY_DAY,FULL,False,21.3,22.394848391,21.540538558,23.671208775,off,0.0,0.0,0.0,True,True,1.0,0.779314029,0.0,0.0,0.0,0.0,0.0,0.0,0.0
2025-09-30T20:00:00+02:00,AWAY_DAY,EMPTY,True,20.7,22.212373659,18.540538558,26.671208775,off,0.0,0.0,0.0,True,False,1.0,0.0,0.0,0.0,0.0,0.0,0.0,0.0,0.0
2025-09-30T21:00:00+02:00,AWAY_DAY,EMPTY,True,20.7,21.960311383,18.540538558,26.671208775,off,0.0,0.0,0.0,True,False,1.0,0.0,0.0,0.0,0.0,0.0,0.0,0.0,0.0
2025-09-30T22:00:00+02:00,AWAY_DAY,EMPTY,True,20.6,21.750259486,18.540538558,26.671208775,off,0.0,0.0,0.0,True,False,1.0,0.0,0.0,0.0,0.0,0.0,0.0,0.0,0.0
2025-09-30T23:00:00+02:00,AWAY_DAY,EMPTY,True,20.2,21.558549571,18.540538558,26.671208775,off,0.0,0.0,0.0,True,False,1.0,0.0,0.0,0.0,0.0,0.0,0.0,0.0,0.0
