timestamp,current_load_kwh,optimized_load_kwh,pv_generation_kwh,tariff_eur_per_kwh,current_self_consumed_pv_kwh,optimized_self_consumed_pv_kwh,current_grid_import_kwh,optimized_grid_import_kwh,current_exported_pv_kwh,optimized_exported_pv_kwh,current_net_cost_eur,optimized_net_cost_eur,current_peak_risk,stage6_expected_demand_kwh,stage6_p95_kwh,optimized_indoor_temperature_c,optimized_heating_duty_fraction,optimized_cooling_duty_fraction,optimized_occupied_comfort_violation_c
2025-08-01T00:00:00+02:00,0.602862627,0.602862627,0.0,0.18,0.0,0.0,0.602862627,0.602862627,0.0,0.0,0.10851527286,0.10851527286,,,,22.318875,0.0,0.0,0.0
2025-08-01T01:00:00+02:00,0.604223755,0.604223755,0.0,0.18,0.0,0.0,0.604223755,0.604223755,0.0,0.0,0.1087602759,0.1087602759,,,,22.649062,0.0,0.0,0.0
2025-08-01T02:00:00+02:00,0.605492126,0.605492126,0.0,0.18,0.0,0.0,0.605492126,0.605492126,0.0,0.0,0.10898858268,0.10898858268,,,,22.857552,0.0,0.0,0.0
2025-08-01T03:00:00+02:00,0.6065813,0.6065813,0.0,0.18,0.0,0.0,0.6065813,0.6065813,0.0,0.0,0.10918463399999999,0.10918463399999999,,,,22.964627,0.0,0.0,0.0
2025-08-01T04:00:00+02:00,0.607417053,0.607417053,0.0,0.18,0.0,0.0,0.607417053,0.607417053,0.0,0.0,0.10933506954000001,0.10933506954000001,,,,23.003856,0.0,0.0,0.0
2025-08-01T05:00:00+02:00,0.607942429,0.607942429,0.0,0.18,0.0,0.0,0.607942429,0.607942429,0.0,0.0,0.10942963721999999,0.10942963721999999,,,,22.986546,0.0,0.0,0.0
2025-08-01T06:00:00+02:00,0.608121625,0.608121625,0.0,0.28,0.0,0.0,0.608121625,0.608121625,0.0,0.0,0.170274055,0.170274055,,,,22.955455,0.0,0.0,0.0
2025-08-01T07:00:00+02:00,0.201714535,0.20171453499999997,0.0197,0.28,0.0197,0.0197,0.182014535,0.18201453499999998,0.0,0.0,0.050964069800000004,0.0509640698,,,,22.812879,0.0,0.0,0.0
2025-08-01T08:00:00+02:00,0.548125051,0.324199999,0.32420000000000004,0.28,0.32420000000000004,0.324199999,0.22392505099999993,0.0,0.0,1.0000000272292198e-09,0.06269901427999999,-8.000000217833758e-11,,,,22.627399,0.0,0.0,0.0
2025-08-01T09:00:00+02:00,1.080883684,0.8062999959999999,0.8062999999999999,0.28,0.8062999999999999,0.8062999959999999,0.2745836840000001,0.0,0.0,3.999999997894577e-09,0.07688343152000003,-3.1999999983156616e-10,,,,22.622833,0.0,0.0,0.0
2025-08-01T10:00:00+02:00,1.07979451,1.0797945119999999,1.93225,0.28,1.07979451,1.0797945119999999,0.0,0.0,0.8524554900000001,0.8524554880000001,-0.06819643920000001,-0.06819643904000001,,,,22.885694,0.0,0.0,0.0
2025-08-01T11:00:00+02:00,1.078526139,1.078526141,2.71555,0.28,1.078526139,1.078526141,0.0,0.0,1.6370238609999999,1.637023859,-0.13096190887999998,-0.13096190872,,,,23.271412,0.0,0.0,0.0
2025-08-01T12:00:00+02:00,1.077165011,1.0771650130000001,3.2491000000000003,0.28,1.077165011,1.0771650130000001,0.0,0.0,2.1719349890000004,2.171934987,-0.17375479912000003,-0.17375479896,,,,23.742843,0.0,0.0,0.0
2025-08-01T13:00:00+02:00,0.579017362,1.075803884,3.6961500000000003,0.28,0.579017362,1.075803884,0.0,0.0,3.117132638,2.6203461160000003,-0.24937061104000002,-0.20962768928000003,,,,24.269036,0.0,0.0,0.0
2025-08-01T14:00:00+02:00,0.194005234,1.074535514,3.8533,0.28,0.194005234,1.074535514,0.0,0.0,3.659294766,2.778764486,-0.29274358128,-0.22230115888000002,,,,24.75753,0.0,0.0,0.0
2025-08-01T15:00:00+02:00,1.593312149,1.3486939944340475,3.67635,0.28,1.593312149,1.3486939944340475,0.0,0.0,2.083037851,2.3276560055659523,-0.16664302807999998,-0.1862124804452762,,,,25.164608,0.0,0.19654986,0.0
2025-08-01T16:00:00+02:00,2.114743859,3.237749997,3.2377499999999997,0.28,2.114743859,3.237749997,0.0,0.0,1.1230061409999998,2.999999804131903e-09,-0.08984049127999999,-2.3999998433055227e-10,,,,25.240624,0.0,1.0,0.0
2025-08-01T17:00:00+02:00,4.761095382,2.57209999561615,2.5721,0.4,2.5721,2.57209999561615,2.188995382,0.0,0.0,4.383849727673805e-09,0.8755981528,-3.5070797821390444e-10,,,,24.50052,0.0,0.50259945,2.480000027560436e-07
2025-08-01T18:00:00+02:00,8.810108181,1.755899997666294,1.7559,0.4,1.7559,1.755899997666294,7.054208181,0.0,0.0,2.333706117241263e-09,2.8216832724,-1.8669648937930105e-10,,,,24.397834,0.0,0.8756966,0.0
2025-08-01T19:00:00+02:00,5.416310559,1.235490079,0.7409,0.4,0.7409,0.7409,4.675410559,0.49459007900000007,0.0,0.0,1.8701642236000002,0.19783603160000005,,,,23.922498,0.0,0.0,0.0
2025-08-01T20:00:00+02:00,0.192080307,0.192080307,0.1496,0.4,0.1496,0.1496,0.042480306999999995,0.042480306999999995,0.0,0.0,0.0169921228,0.0169921228,,,,24.268748,0.0,0.0,0.0
2025-08-01T21:00:00+02:00,0.192916059,0.19291605899999997,0.0,0.4,0.0,0.0,0.192916059,0.19291605899999997,0.0,0.0,0.0771664236,0.07716642359999999,,,,24.440624,0.0,0.0,0.0
2025-08-01T22:00:00+02:00,0.607232182,0.607232182,0.0,0.28,0.0,0.0,0.607232182,0.607232182,0.0,0.0,0.17002501096,0.17002501096,,,,24.50052,0.0,0.0,2.480000027560436e-07
2025-08-01T23:00:00+02:00,2.015577158,0.615181068,0.0,0.28,0.0,0.0,2.015577158,0.615181068,0.0,0.0,0.5643616042400001,0.17225069904000004,,,,24.483766,0.0,0.0,0.0
2025-08-02T00:00:00+02:00,0.602862627,0.602862627,0.0,0.18,0.0,0.0,0.602862627,0.602862627,0.0,0.0,0.10851527286,0.10851527286,,,,24.469805,0.0,0.0,0.0
2025-08-02T01:00:00+02:00,0.604223755,0.604223755,0.0,0.18,0.0,0.0,0.604223755,0.604223755,0.0,0.0,0.1087602759,0.1087602759,,,,24.291504,0.0,0.0,0.0
2025-08-02T02:00:00+02:00,0.605492126,0.605492126,0.0,0.18,0.0,0.0,0.605492126,0.605492126,0.0,0.0,0.10898858268,0.10898858268,,,,24.259587,0.0,0.0,0.0
2025-08-02T03:00:00+02:00,0.6065813,0.6065813,0.0,0.18,0.0,0.0,0.6065813,0.6065813,0.0,0.0,0.10918463399999999,0.10918463399999999,,,,24.182989,0.0,0.0,0.0
2025-08-02T04:00:00+02:00,0.607417053,0.607417053,0.0,0.18,0.0,0.0,0.607417053,0.607417053,0.0,0.0,0.10933506954000001,0.10933506954000001,,,,24.052491,0.0,0.0,0.0
2025-08-02T05:00:00+02:00,0.607942429,0.607942429,0.0,0.18,0.0,0.0,0.607942429,0.607942429,0.0,0.0,0.10942963721999999,0.10942963721999999,,,,23.910409,0.0,0.0,0.0
2025-08-02T06:00:00+02:00,0.608121625,0.608121625,0.0,0.28,0.0,0.0,0.608121625,0.608121625,0.0,0.0,0.170274055,0.170274055,,,,23.658674,0.0,0.0,0.0
2025-08-02T07:00:00+02:00,0.607942429,0.607942429,0.01725,0.28,0.01725,0.01725,0.590692429,0.590692429,0.0,0.0,0.16539388012,0.16539388012,,,,23.432229,0.0,0.0,0.0
2025-08-02T08:00:00+02:00,0.860499202,0.2841,0.2841,0.28,0.2841,0.2841,0.5763992019999999,0.0,0.0,0.0,0.16139177656,0.0,,,,23.243524,0.0,0.0,0.0
2025-08-02T09:00:00+02:00,1.080883684,1.152150002,1.15215,0.28,1.080883684,1.15215,0.0,1.999999943436137e-09,0.071266316,0.0,-0.00570130528,5.599999841621184e-10,,,,23.18627,0.0,0.0,0.0
2025-08-02T10:00:00+02:00,1.07979451,1.965550002,1.9655500000000001,0.28,1.07979451,1.9655500000000001,0.0,1.999999943436137e-09,0.8857554900000002,0.0,-0.07086043920000001,5.599999841621184e-10,,,,23.305225,0.0,0.0,0.0
2025-08-02T11:00:00+02:00,1.078526139,2.749050041,2.7490499999999995,0.28,1.078526139,2.7490499999999995,0.0,4.100000028373074e-08,1.6705238609999995,0.0,-0.13364190887999997,1.1480000079444609e-08,,,,23.504354,0.0,0.0,0.0
2025-08-02T12:00:00+02:00,1.077165011,3.2588000129999997,3.2588,0.28,1.077165011,3.2588,0.0,1.2999999743357193e-08,2.181634989,0.0,-0.17453079912,3.6399999281400146e-09,,,,23.686962,0.0,0.0,0.0
2025-08-02T13:00:00+02:00,2.476199973,3.7420999839999998,3.7420999999999998,0.28,2.476199973,3.7420999839999998,0.0,0.0,1.2659000269999998,1.5999999991578306e-08,-0.10127200215999999,-1.2799999993262646e-09,,,,23.922468,0.0,0.0,0.0
2025-08-02T14:00:00+02:00,2.474931603,2.097401714,3.9274500000000003,0.28,2.474931603,2.097401714,0.0,0.0,1.4525183970000004,1.8300482860000002,-0.11620147176000004,-0.14640386288,,,,24.168723,0.0,0.0,0.0
2025-08-02T15:00:00+02:00,1.073446337,1.1551117771674082,3.7647000000000004,0.28,1.073446337,1.1551117771674082,0.0,0.0,2.6912536630000004,2.609588222832592,-0.21530029304000003,-0.20876705782660737,,,,24.390603,0.0,0.058315957,0.0
2025-08-02T16:00:00+02:00,0.53002561,1.2825486841867233,3.2838999999999996,0.28,0.53002561,1.2825486841867233,0.0,0.0,2.7538743899999996,2.0013513158132765,-0.22030995119999996,-0.1601081052650621,,,,24.50052,0.0,0.14991337,2.480000027560436e-07
2025-08-02T17:00:00+02:00,0.191554931,2.60149998943015,2.6014999999999997,0.4,0.191554931,2.60149998943015,0.0,0.0,2.4099450689999995,1.0569849884234372e-08,-0.19279560551999997,-8.455879907387498e-10,,,,24.50052,0.0,0.786335,2.480000027560436e-07
2025-08-02T18:00:00+02:00,7.68632002,1.7215500350000001,1.7215500000000001,0.4,1.7215500000000001,1.7215500000000001,5.96477002,3.500000000933312e-08,0.0,0.0,2.385908008,1.400000000373325e-08,,,,23.864098,0.0,0.0,0.0
2025-08-02T19:00:00+02:00,3.816233393,1.244284014,0.7416500000000001,0.4,0.7416500000000001,0.7416500000000001,3.074583393,0.5026340139999999,0.0,0.0,1.2298333572000002,0.20105360559999996,,,,24.136748,0.0,0.0,0.0
2025-08-02T20:00:00+02:00,1.81565131,1.81565131,0.1263,0.4,0.1263,0.1263,1.68935131,1.68935131,0.0,0.0,0.6757405240000001,0.6757405240000001,,,,24.380624,0.0,0.0,0.0
2025-08-02T21:00:00+02:00,1.593312149,0.19291605899999997,0.0,0.4,0.0,0.0,1.593312149,0.19291605899999997,0.0,0.0,0.6373248596000001,0.07716642359999999,,,,24.50052,0.0,0.0,2.480000027560436e-07
2025-08-02T22:00:00+02:00,0.608075223,0.608075223,0.0,0.28,0.0,0.0,0.608075223,0.608075223,0.0,0.0,0.17026106244000003,0.17026106244000003,,,,24.500433,0.0,0.0,0.0
2025-08-02T23:00:00+02:00,0.61801601,0.6180160100000001,0.0,0.28,0.0,0.0,0.61801601,0.6180160100000001,0.0,0.0,0.1730444828,0.17304448280000004,,,,24.467028,0.0,0.0,0.0
2025-08-03T00:00:00+02:00,0.602862627,3.624101107,0.0,0.18,0.0,0.0,0.602862627,3.624101107,0.0,0.0,0.10851527286,0.65233819926,,,,24.38919,0.0,0.0,0.0
2025-08-03T01:00:00+02:00,0.604223755,1.484754035,0.0,0.18,0.0,0.0,0.604223755,1.484754035,0.0,0.0,0.1087602759,0.2672557263,,,,24.224325,0.0,0.0,0.0
2025-08-03T02:00:00+02:00,0.605492126,1.486022406,0.0,0.18,0.0,0.0,0.605492126,1.486022406,0.0,0.0,0.10898858268,0.26748403308,,,,24.020271,0.0,0.0,0.0
2025-08-03T03:00:00+02:00,0.6065813,1.48711158,0.0,0.18,0.0,0.0,0.6065813,1.48711158,0.0,0.0,0.10918463399999999,0.2676800844,,,,23.783559,0.0,0.0,0.0
2025-08-03T04:00:00+02:00,0.607417053,0.826361423,0.0,0.18,0.0,0.0,0.607417053,0.826361423,0.0,0.0,0.10933506954000001,0.14874505614,,,,23.519632,0.0,0.0,0.0
2025-08-03T05:00:00+02:00,0.607942429,0.607942429,0.0,0.18,0.0,0.0,0.607942429,0.607942429,0.0,0.0,0.10942963721999999,0.10942963721999999,,,,23.26636,0.0,0.0,0.0
2025-08-03T06:00:00+02:00,0.898748524,0.608121625,0.0,0.28,0.0,0.0,0.898748524,0.608121625,0.0,0.0,0.25164958672000004,0.170274055,,,,22.971967,0.0,0.0,0.0
2025-08-03T07:00:00+02:00,1.488472707,0.607942429,0.0084,0.28,0.0084,0.0084,1.480072707,0.599542429,0.0,0.0,0.41442035796000004,0.16787188012,,,,22.743306,0.0,0.0,0.0
2025-08-03T08:00:00+02:00,1.081719437,0.22595,0.22595,0.28,0.22595,0.22595,0.8557694370000001,0.0,0.0,0.0,0.23961544236000004,0.0,,,,22.552755,0.0,0.0,0.0
2025-08-03T09:00:00+02:00,1.080883684,0.436649996,0.43665000000000004,0.28,0.43665000000000004,0.436649996,0.644233684,0.0,0.0,4.000000053405728e-09,0.18038543152000003,-3.2000000427245826e-10,,,,22.510629,0.0,0.0,0.0
2025-08-03T10:00:00+02:00,1.07979451,0.391700002,0.39170000000000005,0.28,0.39170000000000005,0.39170000000000005,0.6880945099999999,1.999999943436137e-09,0.0,0.0,0.1926664628,5.599999841621184e-10,,,,22.692191,0.0,0.0,0.0
2025-08-03T11:00:00+02:00,1.078526139,0.368600001,0.3686,0.28,0.3686,0.3686,0.709926139,1.0000000272292198e-09,0.0,0.0,0.19877931892000003,2.8000000762418157e-10,,,,22.926826,0.0,0.0,0.0
2025-08-03T12:00:00+02:00,0.22458847,0.397450003,0.39744999999999997,0.28,0.22458847,0.39744999999999997,0.0,3.000000026176508e-09,0.17286152999999996,0.0,-0.013828922399999997,8.400000073294223e-10,,,,23.189021,0.0,0.0,0.0
2025-08-03T13:00:00+02:00,0.195273604,0.475000004,0.475,0.28,0.195273604,0.475,0.0,3.999999997894577e-09,0.279726396,0.0,-0.02237811168,1.1199999994104815e-09,,,,23.390851,0.0,0.0,0.0
2025-08-03T14:00:00+02:00,0.194005234,0.5299000039999999,0.5299,0.28,0.194005234,0.5299,0.0,3.999999886872274e-09,0.335894766,0.0,-0.02687158128,1.1199999683242369e-09,,,,23.609043,0.0,0.0,0.0
2025-08-03T15:00:00+02:00,0.858943628,2.746450039,2.74645,0.28,0.858943628,2.74645,0.0,3.900000011825e-08,1.8875063719999998,0.0,-0.15100050975999998,1.0920000033110001e-08,,,,23.874202,0.0,0.0,0.0
2025-08-03T16:00:00+02:00,2.473006676,3.3316499503744197,3.3316500000000007,0.28,2.473006676,3.3316499503744197,0.0,0.0,0.8586433240000009,4.9625580977874506e-08,-0.06869146592000007,-3.9700464782299605e-09,,,,24.228502,0.0,0.10656511,0.0
2025-08-03T17:00:00+02:00,0.866424867,2.625300021,2.6252999999999997,0.4,0.866424867,2.6252999999999997,0.0,2.100000040528016e-08,1.7588751329999996,0.0,-0.14071001063999997,8.400000162112065e-09,,,,24.50052,0.0,1.0,2.480000027560436e-07
2025-08-03T18:00:00+02:00,1.038795184,1.7436499941259989,1.7436500000000001,0.4,1.038795184,1.7436499941259989,0.0,0.0,0.7048548160000001,5.874001285377517e-09,-0.05638838528000001,-4.699201028302014e-10,,,,23.850433,0.0,0.50332532,0.0
2025-08-03T19:00:00+02:00,3.266331626,1.865935536,0.7501000000000001,0.4,0.7501000000000001,0.7501000000000001,2.5162316259999997,1.115835536,0.0,0.0,1.0064926504,0.44633421440000004,,,,23.788702,0.0,0.0,0.0
2025-08-03T20:00:00+02:00,1.592476397,0.192080307,0.11529999999999999,0.4,0.11529999999999999,0.11529999999999999,1.477176397,0.07678030700000002,0.0,0.0,0.5908705588000001,0.03071212280000001,,,,24.207252,0.0,0.0,0.0
2025-08-03T21:00:00+02:00,0.973417012,0.22151334275748213,0.0,0.4,0.0,0.0,0.973417012,0.22151334275748213,0.0,0.0,0.3893668048,0.08860533710299286,,,,24.47271,0.0,0.010071846,0.0
2025-08-03T22:00:00+02:00,0.878244186,0.600233128,0.0,0.28,0.0,0.0,0.878244186,0.600233128,0.0,0.0,0.24590837208000002,0.16806527584,,,,24.50052,0.0,0.0,2.480000027560436e-07
2025-08-03T23:00:00+02:00,0.601501498,0.601501498,0.0,0.28,0.0,0.0,0.601501498,0.601501498,0.0,0.0,0.16842041944,0.16842041944,,,,24.450433,0.0,0.0,0.0
2025-08-04T00:00:00+02:00,0.602862627,1.1808994536023536,0.0,0.18,0.0,0.0,0.602862627,1.1808994536023536,0.0,0.0,0.10851527286,0.21256190164842365,,,,24.275361,0.0,0.0,0.0
2025-08-04T01:00:00+02:00,0.604223755,1.0702062300205966,0.0,0.18,0.0,0.0,0.604223755,1.0702062300205966,0.0,0.0,0.1087602759,0.19263712140370737,,,,24.012801,0.0,0.0,0.0
2025-08-04T02:00:00+02:00,0.605492126,0.605492126,0.0,0.18,0.0,0.0,0.605492126,0.605492126,0.0,0.0,0.10898858268,0.10898858268,,,,23.760667,0.0,0.0,0.0
2025-08-04T03:00:00+02:00,0.6065813,0.6065813,0.0,0.18,0.0,0.0,0.6065813,0.6065813,0.0,0.0,0.10918463399999999,0.10918463399999999,,,,23.533889,0.0,0.0,0.0
2025-08-04T04:00:00+02:00,0.607417053,0.607417053,0.0,0.18,0.0,0.0,0.607417053,0.607417053,0.0,0.0,0.10933506954000001,0.10933506954000001,,,,23.294908,0.0,0.0,0.0
2025-08-04T05:00:00+02:00,0.607942429,0.607942429,0.0,0.18,0.0,0.0,0.607942429,0.607942429,0.0,0.0,0.10942963721999999,0.10942963721999999,,,,23.095757,0.0,0.0,0.0
2025-08-04T06:00:00+02:00,0.608121625,0.608121625,0.0,0.28,0.0,0.0,0.608121625,0.608121625,0.0,0.0,0.170274055,0.170274055,,,,22.91313,0.0,0.0,0.0
2025-08-04T07:00:00+02:00,0.607942429,0.607942429,0.015349999999999999,0.28,0.015349999999999999,0.015349999999999999,0.592592429,0.592592429,0.0,0.0,0.16592588012,0.16592588012,,,,22.727609,0.0,0.0,0.0
2025-08-04T08:00:00+02:00,0.996115742,0.2784,0.2784,0.28,0.2784,0.2784,0.717715742,0.0,0.0,0.0,0.20096040776000001,0.0,,,,22.573007,0.0,0.0,0.0
2025-08-04T09:00:00+02:00,1.080883684,1.063920756,1.2129,0.28,1.080883684,1.063920756,0.0,0.0,0.13201631600000008,0.14897924400000018,-0.010561305280000006,-0.011918339520000015,,,,22.627506,0.0,0.0,0.0
2025-08-04T10:00:00+02:00,1.55594941,1.0797945119999999,2.16705,0.28,1.55594941,1.0797945119999999,0.0,0.0,0.6111005900000002,1.0872554880000003,-0.048888047200000014,-0.08698043904000002,,,,22.872922,0.0,0.0,0.0
2025-08-04T11:00:00+02:00,1.801662093,1.078526141,2.9513499999999997,0.28,1.801662093,1.078526141,0.0,0.0,1.1496879069999997,1.8728238589999997,-0.09197503255999998,-0.14982590871999998,,,,23.327435,0.0,0.0,0.0
2025-08-04T12:00:00+02:00,2.459837238,2.023932420679841,3.5196,0.28,2.459837238,2.023932420679841,0.0,0.0,1.059762762,1.495667579320159,-0.08478102096000001,-0.11965340634561272,,,,23.922862,0.0,0.28404906,0.0
2025-08-04T13:00:00+02:00,0.322540634,1.6968424114842025,3.9345,0.28,0.322540634,1.6968424114842025,0.0,0.0,3.611959366,2.2376575885157974,-0.28895674928,-0.1790126070812638,,,,24.385003,0.0,1.0,0.0
2025-08-04T14:00:00+02:00,0.194005234,3.702830361594593,4.09875,0.28,0.194005234,3.702830361594593,0.0,0.0,3.904744766,0.3959196384054069,-0.31237958128,-0.03167357107243255,,,,24.187502,0.0,1.0,0.0
2025-08-04T15:00:00+02:00,1.593312149,3.5595409673221896,3.8900999999999994,0.28,1.593312149,3.5595409673221896,0.0,0.0,2.2967878509999995,0.33055903267780984,-0.18374302807999995,-0.026444722614224786,,,,24.106252,0.0,1.0,0.0
2025-08-04T16:00:00+02:00,1.592476397,2.473006677,3.399,0.28,1.592476397,2.473006677,0.0,0.0,1.806523603,0.9259933230000001,-0.14452188824,-0.07407946584000001,,,,24.038543,0.0,1.0,0.0
2025-08-04T17:00:00+02:00,2.270353816,1.591951021,2.7356000000000003,0.4,2.270353816,1.591951021,0.0,0.0,0.4652461840000002,1.1436489790000002,-0.037219694720000016,-0.09149191832000002,,,,23.882119,0.0,1.0,0.0
2025-08-04T18:00:00+02:00,3.06109815,1.803749995,1.80375,0.4,1.80375,1.803749995,1.2573481499999999,0.0,0.0,4.999999969612645e-09,0.50293926,-3.9999999756901163e-10,,,,23.701766,0.0,1.0,0.0
2025-08-04T19:00:00+02:00,11.984881786,0.7716000053231743,0.7716,0.4,0.7716,0.7716,11.213281786000001,5.323174345761572e-09,0.0,0.0,4.485312714400001,2.129269738304629e-09,,,,23.484805,0.0,0.24004727,0.0
2025-08-04T20:00:00+02:00,18.458846665,1.3320058019999998,0.1056,0.4,0.1056,0.1056,18.353246665,1.226405802,0.0,0.0,7.341298666,0.4905623208,,,,23.980624,0.0,0.0,0.0
2025-08-04T21:00:00+02:00,10.919550743,0.4962139001880436,0.0,0.4,0.0,0.0,10.919550743,0.4962139001880436,0.0,0.0,4.367820297200001,0.19848556007521745,,,,24.50052,0.0,0.21658004,2.480000027560436e-07
2025-08-04T22:00:00+02:00,8.013014775,0.7062532040884397,0.0,0.28,0.0,0.0,8.013014775,0.7062532040884397,0.0,0.0,2.2436441370000004,0.19775089714476315,,,,24.50052,0.0,0.066580041,2.480000027560436e-07
2025-08-04T23:00:00+02:00,0.89071598,0.601501498,0.0,0.28,0.0,0.0,0.89071598,0.601501498,0.0,0.0,0.24940047440000002,0.16842041944,,,,24.50052,0.0,0.0,2.480000027560436e-07
2025-08-05T00:00:00+02:00,2.003258717,7.943848989971444,0.0,0.18,0.0,0.0,2.003258717,7.943848989971444,0.0,0.0,0.36058656906,1.42989281819486,,,,24.450433,0.0,0.0,0.0
2025-08-05T01:00:00+02:00,0.604223755,9.879824884619111,0.0,0.18,0.0,0.0,0.604223755,9.879824884619111,0.0,0.0,0.1087602759,1.77836847923144,,,,24.375361,0.0,0.0,0.0
2025-08-05T02:00:00+02:00,0.605492126,0.605492126,0.0,0.18,0.0,0.0,0.605492126,0.605492126,0.0,0.0,0.10898858268,0.10898858268,,,,24.262801,0.0,0.0,0.0
2025-08-05T03:00:00+02:00,0.6065813,9.513307000000001,0.0,0.18,0.0,0.0,0.6065813,9.513307000000001,0.0,0.0,0.10918463399999999,1.71239526,,,,24.135667,0.0,0.0,0.0
2025-08-05T04:00:00+02:00,0.607417053,9.879824853,0.0,0.18,0.0,0.0,0.607417053,9.879824853,0.0,0.0,0.10933506954000001,1.77836847354,,,,23.996389,0.0,0.0,0.0
2025-08-05T05:00:00+02:00,0.607942429,9.879824929,0.0,0.18,0.0,0.0,0.607942429,9.879824929,0.0,0.0,0.10942963721999999,1.7783684872199998,,,,23.830325,0.0,0.0,0.0
2025-08-05T06:00:00+02:00,0.608121625,0.608121625,0.0,0.28,0.0,0.0,0.608121625,0.608121625,0.0,0.0,0.170274055,0.170274055,,,,23.658604,0.0,0.0,0.0
2025-08-05T07:00:00+02:00,0.607942429,0.607942429,0.008499999999999999,0.28,0.008499999999999999,0.008499999999999999,0.599442429,0.599442429,0.0,0.0,0.16784388012,0.16784388012,,,,23.48217,0.0,0.0,0.0
2025-08-05T08:00:00+02:00,0.343066887,0.27645,0.27645,0.28,0.27645,0.27645,0.06661688700000001,0.0,0.0,0.0,0.018652728360000006,0.0,,,,23.335142,0.0,0.0,0.0
2025-08-05T09:00:00+02:00,1.080883684,1.080883686,1.1458499999999998,0.28,1.080883684,1.080883686,0.0,0.0,0.0649663159999998,0.06496631399999986,-0.005197305279999984,-0.005197305119999988,,,,23.429285,0.0,0.0,0.0
2025-08-05T10:00:00+02:00,1.07979451,1.0797945119999999,2.0286500000000003,0.28,1.07979451,1.0797945119999999,0.0,0.0,0.9488554900000004,0.9488554880000004,-0.07590843920000002,-0.07590843904000004,,,,23.84107,0.0,0.0,0.0
2025-08-05T11:00:00+02:00,1.078526139,2.4658079137280553,2.8586500000000004,0.28,1.078526139,2.4658079137280553,0.0,0.0,1.7801238610000003,0.39284208627194506,-0.14240990888000002,-0.031427366901755606,,,,24.500892,0.0,0.99063528,0.0
2025-08-05T12:00:00+02:00,2.306014009,2.477561103,3.3636,0.28,2.306014009,2.477561103,0.0,0.0,1.0575859909999998,0.8860388969999997,-0.08460687927999999,-0.07088311175999998,,,,24.326775,0.0,1.0,0.0
2025-08-05T13:00:00+02:00,1.595669694,2.476199974,3.8452499999999996,0.28,1.595669694,2.476199974,0.0,0.0,2.2495803059999995,1.3690500259999996,-0.17996642447999997,-0.10952400207999997,,,,24.288979,0.0,1.0,0.0
2025-08-05T14:00:00+02:00,1.594401324,2.474931604,4.01985,0.28,1.594401324,2.474931604,0.0,0.0,2.4254486760000002,1.544918396,-0.19403589408000002,-0.12359347168,,,,24.274149,0.0,1.0,0.0
2025-08-05T15:00:00+02:00,2.122583652,2.4738424290000003,3.82775,0.28,2.122583652,2.4738424290000003,0.0,0.0,1.705166348,1.3539075709999997,-0.13641330784000003,-0.10831260567999998,,,,24.261791,0.0,1.0,0.0
2025-08-05T16:00:00+02:00,6.060788239,3.368249997,3.3682499999999997,0.28,3.3682499999999997,3.368249997,2.692538239,0.0,0.0,2.999999804131903e-09,0.7539107069200001,-2.3999998433055227e-10,,,,24.234826,0.0,1.0,0.0
2025-08-05T17:00:00+02:00,9.8724813,2.694600001,2.6946,0.4,2.6946,2.6946,7.177881300000001,1.000000082740371e-09,0.0,0.0,2.8711525200000008,4.000000330961484e-10,,,,24.129022,0.0,1.0,0.0
2025-08-05T18:00:00+02:00,5.175601571,1.780949995,1.78095,0.4,1.78095,1.780949995,3.394651571,0.0,0.0,4.999999969612645e-09,1.3578606284,-3.9999999756901163e-10,,,,24.074185,0.0,1.0,0.0
2025-08-05T19:00:00+02:00,9.232700739,0.757000002279359,0.757,0.4,0.757,0.757,8.475700739,2.279359034851325e-09,0.0,0.0,3.3902802956,9.1174361394053e-10,,,,24.045154,0.0,0.4037751,0.0
2025-08-05T20:00:00+02:00,10.663393756,2.7731338081867234,0.10250000000000001,0.4,0.10250000000000001,0.10250000000000001,10.560893756,2.6706338081867234,0.0,0.0,4.2243575024,1.0682535232746895,,,,24.50052,0.0,0.64991337,2.480000027560436e-07
2025-08-05T21:00:00+02:00,8.058381877,1.2700840066880437,0.0,0.4,0.0,0.0,8.058381877,1.2700840066880437,0.0,0.0,3.2233527508,0.5080336026752175,,,,24.50052,0.0,0.46658004,2.480000027560436e-07
2025-08-05T22:00:00+02:00,2.194683673,1.1321855381880437,0.0,0.28,0.0,0.0,2.194683673,1.1321855381880437,0.0,0.0,0.6145114284400001,0.31701195069265226,,,,24.50052,0.0,0.31658004,2.480000027560436e-07
2025-08-05T23:00:00+02:00,1.693382403,0.9109636786867235,0.0,0.28,0.0,0.0,1.693382403,0.9109636786867235,0.0,0.0,0.47414707284,0.2550698300322826,,,,24.50052,0.0,0.19991337,2.480000027560436e-07
2025-08-06T00:00:00+02:00,0.602862627,9.879824883189364,0.0,0.18,0.0,0.0,0.602862627,9.879824883189364,0.0,0.0,0.10851527286,1.7783684789740855,,,,24.50052,0.0,0.18324671,2.480000027560436e-07
2025-08-06T01:00:00+02:00,0.604223755,2.173693136689364,0.0,0.18,0.0,0.0,0.604223755,2.173693136689364,0.0,0.0,0.1087602759,0.3912647646040855,,,,24.50052,0.0,0.13324671,2.480000027560436e-07
2025-08-06T02:00:00+02:00,2.005888216,9.879824904471233,0.0,0.18,0.0,0.0,2.005888216,9.879824904471233,0.0,0.0,0.36105987887999996,1.7783684828048218,,,,24.50052,0.0,0.049913375,2.480000027560436e-07
2025-08-06T03:00:00+02:00,0.6065813,9.502647337193526,0.0,0.18,0.0,0.0,0.6065813,9.502647337193526,0.0,0.0,0.10918463399999999,1.7104765206948347,,,,24.50052,0.0,0.0,2.480000027560436e-07
2025-08-06T04:00:00+02:00,0.607417053,0.832615773,0.0,0.18,0.0,0.0,0.607417053,0.832615773,0.0,0.0,0.10933506954000001,0.14987083914,,,,24.433766,0.0,0.0,0.0
2025-08-06T05:00:00+02:00,0.607942429,9.879824899,0.0,0.18,0.0,0.0,0.607942429,9.879824899,0.0,0.0,0.10942963721999999,1.77836848182,,,,24.228139,0.0,0.0,0.0
2025-08-06T06:00:00+02:00,0.608121625,0.608121625,0.0,0.28,0.0,0.0,0.608121625,0.608121625,0.0,0.0,0.170274055,0.170274055,,,,24.040116,0.0,0.0,0.0
2025-08-06T07:00:00+02:00,0.918261311,0.607942429,0.0,0.28,0.0,0.0,0.918261311,0.607942429,0.0,0.0,0.25711316708000004,0.17022388012,,,,23.866763,0.0,0.0,0.0
2025-08-06T08:00:00+02:00,1.081719437,0.201189159,0.0382,0.28,0.0382,0.0382,1.043519437,0.162989159,0.0,0.0,0.29218544236000005,0.045636964520000003,,,,23.638969,0.0,0.0,0.0
2025-08-06T09:00:00+02:00,1.080883684,0.22224999999999998,0.22225,0.28,0.22225,0.22224999999999998,0.858633684,0.0,0.0,2.7755575615628914e-17,0.24041743152,-2.220446049250313e-18,,,,23.682474,0.0,0.0,0.0
2025-08-06T10:00:00+02:00,1.07979451,0.7075000001195784,0.7074999999999999,0.28,0.7074999999999999,0.7074999999999999,0.37229451,1.1957845824639435e-10,0.0,0.0,0.10424246280000002,3.348196830899042e-11,,,,23.968729,0.0,0.36292287,0.0
2025-08-06T11:00:00+02:00,2.47892223,0.44015000021736883,0.44015,0.28,0.44015,0.44015,2.0387722299999997,2.1736884514567123e-10,0.0,0.0,0.5708562244,6.086327664078795e-11,,,,24.077684,0.0,0.17291832,0.0
2025-08-06T12:00:00+02:00,1.933151485,1.0966166451500161,0.7611499999999999,0.28,0.7611499999999999,0.7611499999999999,1.172001485,0.33546664515001623,0.0,0.0,0.32816041580000005,0.09393066064200456,,,,24.491819,0.0,0.6426624,0.0
2025-08-06T13:00:00+02:00,1.595669694,1.1054097461867234,0.6977500000000001,0.28,0.6977500000000001,0.6977500000000001,0.8979196939999998,0.4076597461867233,0.0,0.0,0.25141751432,0.11414472893228253,,,,24.50052,0.0,0.64991337,2.480000027560436e-07
2025-08-06T14:00:00+02:00,0.194005234,2.474931604,3.6843500000000002,0.28,0.194005234,2.474931604,0.0,0.0,3.490344766,1.2094183960000002,-0.27922758128,-0.09675347168000002,,,,24.50052,0.0,1.0,2.480000027560436e-07
2025-08-06T15:00:00+02:00,1.593312149,2.4738424290000003,3.2073,0.28,1.593312149,2.4738424290000003,0.0,0.0,1.613987851,0.7334575709999998,-0.12911902808,-0.05867660567999998,,,,24.150433,0.0,1.0,0.0
2025-08-06T16:00:00+02:00,1.592476397,1.7909999970000001,1.791,0.28,1.592476397,1.7909999970000001,0.0,0.0,0.19852360299999994,2.999999804131903e-09,-0.015881888239999996,-2.3999998433055227e-10,,,,23.758694,0.0,1.0,0.0
2025-08-06T17:00:00+02:00,0.363784333,0.4175000036221721,0.41750000000000004,0.4,0.363784333,0.41750000000000004,0.0,3.6221720622897635e-09,0.05371566700000002,0.0,-0.004297253360000002,1.4488688249159055e-09,,,,23.415579,0.0,0.16134369,0.0
2025-08-06T18:00:00+02:00,6.327561547,0.6367500045137128,0.6367499999999999,0.4,0.6367499999999999,0.6367499999999999,5.690811547,4.513712847931117e-09,0.0,0.0,2.2763246188,1.805485139172447e-09,,,,23.951638,0.0,0.31388703,0.0
2025-08-06T19:00:00+02:00,8.463928622,0.5438183216729386,0.42965000000000003,0.4,0.42965000000000003,0.42965000000000003,8.034278621999999,0.11416832167293861,0.0,0.0,3.2137114488,0.045667328669175444,,,,24.262478,0.0,0.25154554,0.0
2025-08-06T20:00:00+02:00,0.727240496,0.6630976991880436,0.13875,0.4,0.13875,0.13875,0.5884904959999999,0.5243476991880436,0.0,0.0,0.23539619839999998,0.20973907967521743,,,,24.50052,0.0,0.31658004,2.480000027560436e-07
2025-08-06T21:00:00+02:00,0.625911182,0.8591892186880437,0.0,0.4,0.0,0.0,0.625911182,0.8591892186880437,0.0,0.0,0.2503644728,0.3436756874752175,,,,24.50052,0.0,0.16658004,2.480000027560436e-07
2025-08-06T22:00:00+02:00,3.065943388,1.011846094,0.0,0.28,0.0,0.0,3.065943388,1.011846094,0.0,0.0,0.8584641486400001,0.28331690632000006,,,,24.50052,0.0,0.0,2.480000027560436e-07
2025-08-06T23:00:00+02:00,1.028551397,0.607881005,0.0,0.28,0.0,0.0,1.028551397,0.607881005,0.0,0.0,0.28799439116000003,0.1702066814,,,,24.483766,0.0,0.0,0.0
2025-08-07T00:00:00+02:00,0.602862627,1.250643088771799,0.0,0.18,0.0,0.0,0.602862627,1.250643088771799,0.0,0.0,0.10851527286,0.2251157559789238,,,,24.436472,0.0,0.0,0.0
2025-08-07T01:00:00+02:00,0.604223755,1.030814889263124,0.0,0.18,0.0,0.0,0.604223755,1.030814889263124,0.0,0.0,0.1087602759,0.1855466800673623,,,,24.34706,0.0,0.0,0.0
2025-08-07T02:00:00+02:00,0.605492126,0.605492126,0.0,0.18,0.0,0.0,0.605492126,0.605492126,0.0,0.0,0.10898858268,0.10898858268,,,,24.305883,0.0,0.0,0.0
2025-08-07T03:00:00+02:00,0.6065813,0.6065813,0.0,0.18,0.0,0.0,0.6065813,0.6065813,0.0,0.0,0.10918463399999999,0.10918463399999999,,,,24.138236,0.0,0.0,0.0
2025-08-07T04:00:00+02:00,0.607417053,0.607417053,0.0,0.18,0.0,0.0,0.607417053,0.607417053,0.0,0.0,0.10933506954000001,0.10933506954000001,,,,23.89853,0.0,0.0,0.0
2025-08-07T05:00:00+02:00,0.607942429,0.607942429,0.0,0.18,0.0,0.0,0.607942429,0.607942429,0.0,0.0,0.10942963721999999,0.10942963721999999,,,,23.632108,0.0,0.0,0.0
2025-08-07T06:00:00+02:00,0.608121625,0.608121625,0.0,0.28,0.0,0.0,0.608121625,0.608121625,0.0,0.0,0.170274055,0.170274055,,,,23.393424,0.0,0.0,0.0
2025-08-07T07:00:00+02:00,0.607942429,0.607942429,0.006450000000000001,0.28,0.006450000000000001,0.006450000000000001,0.601492429,0.601492429,0.0,0.0,0.16841788012,0.16841788012,,,,23.177853,0.0,0.0,0.0
2025-08-07T08:00:00+02:00,0.201189159,0.28425,0.28425,0.28,0.201189159,0.28425,0.0,0.0,0.083060841,0.0,-0.00664486728,0.0,,,,22.981544,0.0,0.0,0.0
2025-08-07T09:00:00+02:00,0.200353406,1.090700002,1.0906999999999998,0.28,0.200353406,1.0906999999999998,0.0,2.000000165480742e-09,0.8903465939999997,0.0,-0.07122772751999998,5.600000463346079e-10,,,,22.83462,0.0,0.0,0.0
2025-08-07T10:00:00+02:00,0.624712754,1.9958000019999997,1.9958,0.28,0.624712754,1.9958,0.0,1.999999721391532e-09,1.371087246,0.0,-0.10968697968,5.599999219896291e-10,,,,23.02885,0.0,0.0,0.0
2025-08-07T11:00:00+02:00,1.078526139,2.556600041,2.5566,0.28,1.078526139,2.5566,0.0,4.099999983964153e-08,1.478073861,0.0,-0.11824590888,1.147999995509963e-08,,,,23.574042,0.0,0.0,0.0
2025-08-07T12:00:00+02:00,1.077165011,3.298850003,3.29885,0.28,1.077165011,3.29885,0.0,3.000000248221113e-09,2.221684989,0.0,-0.17773479911999998,8.400000695019117e-10,,,,24.295035,0.0,1.0,0.0
2025-08-07T13:00:00+02:00,2.476199973,3.792049974,3.7920499999999997,0.28,2.476199973,3.792049974,0.0,0.0,1.3158500269999998,2.5999999486714387e-08,-0.10526800215999998,-2.079999958937151e-09,,,,24.095862,0.0,1.0,0.0
2025-08-07T14:00:00+02:00,2.474931603,2.54822119,3.80635,0.28,2.474931603,2.54822119,0.0,0.0,1.3314183970000002,1.25812881,-0.10651347176000002,-0.1006503048,,,,24.029885,0.0,1.0,0.0
2025-08-07T15:00:00+02:00,2.473842428,3.694250029,3.6942500000000003,0.28,2.473842428,3.6942500000000003,0.0,2.89999997349355e-08,1.220407572,0.0,-0.09763260576,8.11999992578194e-09,,,,24.041571,0.0,1.0,0.0
2025-08-07T16:00:00+02:00,2.473006676,3.2100999970000004,3.2101,0.28,2.473006676,3.2100999970000004,0.0,0.0,0.7370933240000004,2.999999804131903e-09,-0.05896746592000003,-2.3999998433055227e-10,,,,24.051309,0.0,1.0,0.0
2025-08-07T17:00:00+02:00,2.4724813,2.605700001,2.6056999999999997,0.4,2.4724813,2.6056999999999997,0.0,1.0000005268295808e-09,0.13321869999999958,0.0,-0.010657495999999966,4.0000021073183235e-10,,,,24.026091,0.0,1.0,0.0
2025-08-07T18:00:00+02:00,2.517121112,1.66845,1.66845,0.4,1.66845,1.66845,0.8486711119999999,0.0,0.0,0.0,0.3394684448,0.0,,,,23.988409,0.0,1.0,0.0
2025-08-07T19:00:00+02:00,9.549356034,0.7222499995397021,0.72225,0.4,0.72225,0.7222499995397021,8.827106034,0.0,0.0,4.6029779987577513e-10,3.5308424136000003,-3.682382399006201e-11,,,,23.890341,0.0,0.37896069,0.0
2025-08-07T20:00:00+02:00,9.723678355,1.385062609602243,0.13615,0.4,0.13615,0.13615,9.587528355,1.248912609602243,0.0,0.0,3.835011342,0.49956504384089717,,,,24.296323,0.0,0.32974981,0.0
2025-08-07T21:00:00+02:00,11.193888151,2.7901496461893642,0.0,0.4,0.0,0.0,11.193888151,2.7901496461893642,0.0,0.0,4.4775552604,1.1160598584757457,,,,24.50052,0.0,0.28324671,2.480000027560436e-07
2025-08-07T22:00:00+02:00,8.9071836,1.1397416826887037,0.0,0.28,0.0,0.0,8.9071836,1.1397416826887037,0.0,0.0,2.494011408,0.3191276711528371,,,,24.50052,0.0,0.099913375,2.480000027560436e-07
2025-08-07T23:00:00+02:00,8.105417766,0.8344371621867233,0.0,0.28,0.0,0.0,8.105417766,0.8344371621867233,0.0,0.0,2.26951697448,0.23364240541228254,,,,24.50052,0.0,0.14991337,2.480000027560436e-07
2025-08-08T00:00:00+02:00,0.602862627,7.540950526688704,0.0,0.18,0.0,0.0,0.602862627,7.540950526688704,0.0,0.0,0.10851527286,1.3573710948039666,,,,24.50052,0.0,0.099913375,2.480000027560436e-07
2025-08-08T01:00:00+02:00,0.604223755,8.299042421504046,0.0,0.18,0.0,0.0,0.604223755,8.299042421504046,0.0,0.0,0.1087602759,1.4938276358707283,,,,24.50052,0.0,0.0,2.480000027560436e-07
2025-08-08T02:00:00+02:00,0.605492126,8.595129459008092,0.0,0.18,0.0,0.0,0.605492126,8.595129459008092,0.0,0.0,0.10898858268,1.5471233026214566,,,,24.433766,0.0,0.0,0.0
2025-08-08T03:00:00+02:00,0.6065813,8.200377000248423,0.0,0.18,0.0,0.0,0.6065813,8.200377000248423,0.0,0.0,0.10918463399999999,1.4760678600447161,,,,24.294805,0.0,0.0,0.0
2025-08-08T04:00:00+02:00,0.607417053,8.007417053000001,0.0,0.18,0.0,0.0,0.607417053,8.007417053000001,0.0,0.0,0.10933506954000001,1.4413350695400002,,,,24.129004,0.0,0.0,0.0
2025-08-08T05:00:00+02:00,0.607942429,0.607942429,0.0,0.18,0.0,0.0,0.607942429,0.607942429,0.0,0.0,0.10942963721999999,0.10942963721999999,,,,23.97417,0.0,0.0,0.0
2025-08-08T06:00:00+02:00,0.608121625,0.608121625,0.0,0.28,0.0,0.0,0.608121625,0.608121625,0.0,0.0,0.170274055,0.170274055,,,,23.828475,0.0,0.0,0.0
2025-08-08T07:00:00+02:00,0.717569659,0.607942429,0.0,0.28,0.0,0.0,0.717569659,0.607942429,0.0,0.0,0.20091950452000001,0.17022388012,,,,23.657063,0.0,0.0,0.0
2025-08-08T08:00:00+02:00,1.081719437,0.30045,0.30045,0.28,0.30045,0.30045,0.7812694370000001,0.0,0.0,0.0,0.21875544236000005,0.0,,,,23.447552,0.0,0.0,0.0
2025-08-08T09:00:00+02:00,1.080883684,0.968749996,0.96875,0.28,0.96875,0.968749996,0.11213368400000001,0.0,0.0,3.999999997894577e-09,0.031397431520000005,-3.1999999983156616e-10,,,,23.306294,0.0,0.0,0.0
2025-08-08T10:00:00+02:00,1.07979451,1.6164500023938038,1.6164500000000002,0.28,1.07979451,1.6164500000000002,0.0,2.3938035997872475e-09,0.5366554900000002,0.0,-0.04293243920000002,6.702650079404294e-10,,,,23.488578,0.0,0.38321693,0.0
2025-08-08T11:00:00+02:00,1.078526139,1.6512000008800953,1.6512000000000002,0.28,1.078526139,1.6512000000000002,0.0,8.800951079024344e-10,0.5726738610000002,0.0,-0.04581390888000002,2.4642663021268166e-10,,,,23.607265,0.0,0.40893706,0.0
2025-08-08T12:00:00+02:00,2.067741304,1.4242500022713198,1.4242500000000002,0.28,1.4242500000000002,1.4242500000000002,0.6434913039999999,2.2713195768631067e-09,0.0,0.0,0.18017756512,6.3596948152167e-10,,,,23.93045,0.0,0.55697511,0.0
2025-08-08T13:00:00+02:00,1.81983796,2.27175,2.27175,0.28,1.81983796,2.27175,0.0,0.0,0.45191203999999985,0.0,-0.03615296319999999,0.0,,,,24.2684,0.0,1.0,0.0
2025-08-08T14:00:00+02:00,1.81856959,3.2620500000000003,3.2620499999999995,0.28,1.81856959,3.2620499999999995,0.0,8.881784197001252e-16,1.4434804099999994,0.0,-0.11547843279999995,2.486899575160351e-16,,,,24.190333,0.0,1.0,0.0
2025-08-08T15:00:00+02:00,1.619929251,3.093950001,3.0939499999999995,0.28,1.619929251,3.0939499999999995,0.0,1.0000005268295808e-09,1.4740207489999995,0.0,-0.11792165991999996,2.8000014751228265e-10,,,,24.225278,0.0,1.0,0.0
2025-08-08T16:00:00+02:00,2.319942967,2.473006677,3.2479000000000005,0.28,2.319942967,2.473006677,0.0,0.0,0.9279570330000007,0.7748933230000006,-0.07423656264000006,-0.061991465840000044,,,,24.254398,0.0,1.0,0.0
2025-08-08T17:00:00+02:00,2.4724813,2.554150001,2.55415,0.4,2.4724813,2.55415,0.0,1.000000082740371e-09,0.08166869999999982,0.0,-0.006533495999999986,4.000000330961484e-10,,,,24.261998,0.0,1.0,0.0
2025-08-08T18:00:00+02:00,8.961429463,2.6351549710935283,1.66905,0.4,1.66905,1.66905,7.292379463,0.9661049710935283,0.0,0.0,2.9169517852,0.38644198843741134,,,,24.218332,0.0,0.58142365,0.0
2025-08-08T19:00:00+02:00,4.445824317,1.2463881816867233,0.7159499999999999,0.4,0.7159499999999999,0.7159499999999999,3.7298743169999997,0.5304381816867234,0.0,0.0,1.4919497268,0.21217527267468939,,,,24.50052,0.0,0.69991337,2.480000027560436e-07
2025-08-08T20:00:00+02:00,0.395278683,1.1653752161867232,0.11145000000000001,0.4,0.11145000000000001,0.11145000000000001,0.283828683,1.0539252161867232,0.0,0.0,0.11353147320000001,0.4215700864746893,,,,24.50052,0.0,0.54991337,2.480000027560436e-07
2025-08-08T21:00:00+02:00,1.690426503,0.7333678631880436,0.0,0.4,0.0,0.0,1.690426503,0.7333678631880436,0.0,0.0,0.6761706012,0.29334714527521744,,,,24.50052,0.0,0.31658004,2.480000027560436e-07
2025-08-08T22:00:00+02:00,0.758310668,1.0202306386867233,0.0,0.28,0.0,0.0,0.758310668,1.0202306386867233,0.0,0.0,0.21232698704000003,0.2856645788322825,,,,24.50052,0.0,0.29991337,2.480000027560436e-07
2025-08-08T23:00:00+02:00,1.262718798,0.8814593996867233,0.0,0.28,0.0,0.0,1.262718798,0.8814593996867233,0.0,0.0,0.35356126344000005,0.24680863191228253,,,,24.50052,0.0,0.19991337,2.480000027560436e-07
2025-08-09T00:00:00+02:00,2.003258717,7.650443425707931,0.0,0.18,0.0,0.0,2.003258717,7.650443425707931,0.0,0.0,0.36058656906,1.3770798166274276,,,,24.50052,0.0,0.066580041,2.480000027560436e-07
2025-08-09T01:00:00+02:00,0.604223755,0.6543337255598943,0.0,0.18,0.0,0.0,0.604223755,0.6543337255598943,0.0,0.0,0.1087602759,0.11778007060078098,,,,24.50052,0.0,0.0,2.480000027560436e-07
2025-08-09T02:00:00+02:00,0.605492126,0.6791795188458469,0.0,0.18,0.0,0.0,0.605492126,0.6791795188458469,0.0,0.0,0.10898858268,0.12225231339225244,,,,24.483766,0.0,0.052618965,0.0
2025-08-09T03:00:00+02:00,0.6065813,0.6998197290884397,0.0,0.18,0.0,0.0,0.6065813,0.6998197290884397,0.0,0.0,0.10918463399999999,0.12596755123591913,,,,24.50052,0.0,0.066580041,2.480000027560436e-07
2025-08-09T04:00:00+02:00,0.607417053,0.607417053,0.0,0.18,0.0,0.0,0.607417053,0.607417053,0.0,0.0,0.10933506954000001,0.10933506954000001,,,,24.50052,0.0,0.0,2.480000027560436e-07
2025-08-09T05:00:00+02:00,0.607942429,0.607942429,0.0,0.18,0.0,0.0,0.607942429,0.607942429,0.0,0.0,0.10942963721999999,0.10942963721999999,,,,24.500433,0.0,0.0,0.0
2025-08-09T06:00:00+02:00,1.365730633,0.608121625,0.0,0.28,0.0,0.0,1.365730633,0.608121625,0.0,0.0,0.38240457724000004,0.170274055,,,,24.450361,0.0,0.0,0.0
2025-08-09T07:00:00+02:00,1.488472707,0.607942429,0.0,0.28,0.0,0.0,1.488472707,0.607942429,0.0,0.0,0.41677235796,0.17022388012,,,,24.391967,0.0,0.0,0.0
2025-08-09T08:00:00+02:00,1.081719437,0.2695,0.26949999999999996,0.28,0.26949999999999996,0.26949999999999996,0.8122194370000001,5.551115123125783e-17,0.0,0.0,0.22742144236000006,1.5543122344752193e-17,,,,24.309973,0.0,0.0,0.0
2025-08-09T09:00:00+02:00,0.483913919,1.143849996,1.14385,0.28,0.483913919,1.143849996,0.0,0.0,0.659936081,4.000000108916879e-09,-0.052794886480000004,-3.200000087133503e-10,,,,24.241644,0.0,0.0,0.0
2025-08-09T10:00:00+02:00,0.199264232,1.0797945119999999,2.09165,0.28,0.199264232,1.0797945119999999,0.0,0.0,1.892385768,1.0118554880000001,-0.15139086144,-0.08094843904000001,,,,24.418037,0.0,0.0,0.0
2025-08-09T11:00:00+02:00,0.197995861,2.4789222310000003,2.85705,0.28,0.197995861,2.4789222310000003,0.0,0.0,2.659054139,0.3781277689999998,-0.21272433112000003,-0.030250221519999985,,,,24.831697,0.0,1.0,0.0
2025-08-09T12:00:00+02:00,0.196634733,2.477561103,3.404,0.28,0.196634733,2.477561103,0.0,0.0,3.207365267,0.9264388969999997,-0.25658922136,-0.07411511175999998,,,,24.409748,0.0,1.0,0.0
2025-08-09T13:00:00+02:00,1.595669694,3.773100014,3.7731,0.28,1.595669694,3.7731,0.0,1.4000000270186774e-08,2.1774303059999998,0.0,-0.17419442447999997,3.920000075652297e-09,,,,24.22479,0.0,1.0,0.0
2025-08-09T14:00:00+02:00,1.594401324,2.474931604,3.90245,0.28,1.594401324,2.474931604,0.0,0.0,2.3080486760000003,1.427518396,-0.18464389408000004,-0.11420147168,,,,24.203991,0.0,1.0,0.0
2025-08-09T15:00:00+02:00,1.593312149,2.4738424290000003,3.7440499999999997,0.28,1.593312149,2.4738424290000003,0.0,0.0,2.1507378509999997,1.2702075709999994,-0.17205902807999998,-0.10161660567999996,,,,24.23666,0.0,1.0,0.0
2025-08-09T16:00:00+02:00,1.592476397,1.592476397,3.2838000000000003,0.28,1.592476397,1.592476397,0.0,0.0,1.6913236030000003,1.6913236030000003,-0.13530588824000003,-0.13530588824000003,,,,24.247216,0.0,1.0,0.0
2025-08-09T17:00:00+02:00,2.421842352,2.472481301,2.5500499999999997,0.4,2.421842352,2.472481301,0.0,0.0,0.12820764799999962,0.07756869899999952,-0.01025661183999997,-0.006205495919999962,,,,24.239347,0.0,1.0,0.0
2025-08-09T18:00:00+02:00,2.472302104,1.5917718250000001,1.666,0.4,1.666,1.5917718250000001,0.8063021040000002,0.0,0.0,0.07422817499999979,0.3225208416000001,-0.005938253999999983,,,,24.182789,0.0,1.0,0.0
2025-08-09T19:00:00+02:00,2.638027973,0.8959046298057406,0.7008000000000001,0.4,0.7008000000000001,0.7008000000000001,1.9372279729999997,0.1951046298057405,0.0,0.0,0.7748911891999999,0.07804185192229621,,,,24.102324,0.0,0.38475045,0.0
2025-08-09T20:00:00+02:00,1.875450374,1.0771163911867232,0.12435,0.4,0.12435,0.12435,1.751100374,0.9527663911867232,0.0,0.0,0.7004401496,0.38110655647468933,,,,24.50052,0.0,0.54991337,2.480000027560436e-07
2025-08-09T21:00:00+02:00,0.192916059,0.6362535091880437,0.0,0.4,0.0,0.0,0.192916059,0.6362535091880437,0.0,0.0,0.0771664236,0.2545014036752175,,,,24.50052,0.0,0.31658004,2.480000027560436e-07
2025-08-09T22:00:00+02:00,0.818620932,0.9268709086893638,0.0,0.28,0.0,0.0,0.818620932,0.9268709086893638,0.0,0.0,0.22921386096000002,0.2595238544330219,,,,24.50052,0.0,0.23324671,2.480000027560436e-07
2025-08-09T23:00:00+02:00,2.95598102,0.8814593996867233,0.0,0.28,0.0,0.0,2.95598102,0.8814593996867233,0.0,0.0,0.8276746856,0.24680863191228253,,,,24.50052,0.0,0.19991337,2.480000027560436e-07
2025-08-10T00:00:00+02:00,2.003258717,2.44263248740104,0.0,0.18,0.0,0.0,2.003258717,2.44263248740104,0.0,0.0,0.36058656906,0.4396738477321872,,,,24.50052,0.0,0.083246708,2.480000027560436e-07
2025-08-10T01:00:00+02:00,0.604223755,1.0474272650742273,0.0,0.18,0.0,0.0,0.604223755,1.0474272650742273,0.0,0.0,0.1087602759,0.1885369077133609,,,,24.50052,0.0,0.080972441,2.480000027560436e-07
2025-08-10T02:00:00+02:00,0.605492126,2.770192926,0.0,0.18,0.0,0.0,0.605492126,2.770192926,0.0,0.0,0.10898858268,0.49863472668,,,,24.486127,0.0,1.0,0.0
2025-08-10T03:00:00+02:00,0.6065813,2.0069773900000003,0.0,0.18,0.0,0.0,0.6065813,2.0069773900000003,0.0,0.0,0.10918463399999999,0.3612559302,,,,23.621773,0.0,1.0,0.0
2025-08-10T04:00:00+02:00,0.607417053,2.007813143,0.0,0.18,0.0,0.0,0.607417053,2.007813143,0.0,0.0,0.10933506954000001,0.36140636573999996,,,,22.868144,0.0,1.0,0.0
2025-08-10T05:00:00+02:00,2.008338519,2.008338519,0.0,0.18,0.0,0.0,2.008338519,2.008338519,0.0,0.0,0.36150093342,0.36150093342,,,,22.19012,0.0,1.0,0.0
2025-08-10T06:00:00+02:00,0.608121625,2.008517715,0.0,0.28,0.0,0.0,0.608121625,2.008517715,0.0,0.0,0.170274055,0.5623849602000001,,,,21.5751,0.0,1.0,0.0
2025-08-10T07:00:00+02:00,1.852200093,2.374186152,0.0,0.28,0.0,0.0,1.852200093,2.374186152,0.0,0.0,0.51861602604,0.6647721225600001,,,,21.012583,0.0,1.0,0.0
2025-08-10T08:00:00+02:00,1.891285683,2.4111514950000004,0.2908,0.28,0.2908,0.2908,1.600485683,2.1203514950000004,0.0,0.0,0.44813599124000003,0.5936984186000002,,,,20.543819,0.0,1.0,0.0
2025-08-10T09:00:00+02:00,1.080883684,1.6007494960000002,1.0055,0.28,1.0055,1.0055,0.07538368399999995,0.5952494960000001,0.0,0.0,0.021107431519999987,0.16666985888000005,,,,20.36985,0.0,1.0,0.0
2025-08-10T10:00:00+02:00,2.480190601,1.853150002,1.85315,0.28,1.85315,1.85315,0.6270406009999998,1.999999943436137e-09,0.0,0.0,0.17557136827999997,5.599999841621184e-10,,,,20.558208,0.0,1.0,0.0
2025-08-10T11:00:00+02:00,2.47892223,2.4789222310000003,2.6038499999999996,0.28,2.47892223,2.4789222310000003,0.0,0.0,0.12492776999999977,0.12492776899999924,-0.009994221599999981,-0.00999422151999994,,,,21.015173,0.0,1.0,0.0
2025-08-10T12:00:00+02:00,2.184868025,2.477561103,3.2477,0.28,2.184868025,2.477561103,0.0,0.0,1.062831975,0.7701388969999998,-0.085026558,-0.06161111175999999,,,,21.645978,0.0,1.0,0.0
2025-08-10T13:00:00+02:00,1.595669694,2.476199974,3.6587000000000005,0.28,1.595669694,2.476199974,0.0,0.0,2.063030306000001,1.1825000260000005,-0.16504242448000006,-0.09460000208000004,,,,22.321648,0.0,1.0,0.0
2025-08-10T14:00:00+02:00,1.594401324,2.474931604,3.5860000000000003,0.28,1.594401324,2.474931604,0.0,0.0,1.9915986760000004,1.1110683960000003,-0.15932789408000003,-0.08888547168000002,,,,23.001373,0.0,1.0,0.0
2025-08-10T15:00:00+02:00,1.593312149,2.4738424290000003,3.34265,0.28,1.593312149,2.4738424290000003,0.0,0.0,1.749337851,0.8688075709999996,-0.13994702808,-0.06950460567999997,,,,23.634478,0.0,1.0,0.0
2025-08-10T16:00:00+02:00,1.592476397,2.473006677,2.73775,0.28,1.592476397,2.473006677,0.0,0.0,1.1452736030000001,0.26474332300000025,-0.09162188824000002,-0.02117946584000002,,,,24.195398,0.0,1.0,0.0
2025-08-10T17:00:00+02:00,2.350396619,2.552500002,2.5524999999999998,0.4,2.350396619,2.5524999999999998,0.0,2.000000165480742e-09,0.2021033809999997,0.0,-0.016168270479999976,8.000000661922968e-10,,,,24.612832,0.0,1.0,0.11231224800000206
2025-08-10T18:00:00+02:00,2.472302104,1.5917718250000001,1.57,0.4,1.57,1.57,0.9023021040000001,0.021771825000000078,0.0,0.0,0.36092084160000004,0.00870873000000003,,,,24.92736,0.0,1.0,0.4268402480000013
2025-08-10T19:00:00+02:00,2.477905485,1.5973752060000002,0.61975,0.4,0.61975,0.61975,1.858155485,0.9776252060000001,0.0,0.0,0.743262194,0.39105008240000005,,,,25.1228,0.0,1.0,0.6222802480000027
2025-08-10T20:00:00+02:00,3.768985143,3.2148230289999997,0.12045,0.4,0.12045,0.12045,3.648535143,3.0943730289999998,0.0,0.0,1.4594140572,1.2377492116,,,,25.219,0.0,1.0,0.7184802480000023
2025-08-10T21:00:00+02:00,4.237301104,4.237301104,0.0,0.4,0.0,0.0,4.237301104,4.237301104,0.0,0.0,1.6949204416,1.6949204416,,,,25.199167,0.0,1.0,0.6986472480000003
2025-08-10T22:00:00+02:00,2.094561724,2.094561724,0.0,0.28,0.0,0.0,2.094561724,2.094561724,0.0,0.0,0.5864772827200001,0.5864772827200001,,,,24.882639,0.0,1.0,0.3821192480000022
2025-08-10T23:00:00+02:00,2.001897588,2.0018975880000003,0.0,0.28,0.0,0.0,2.001897588,2.0018975880000003,0.0,0.0,0.56053132464,0.5605313246400001,,,,24.485532,0.0,1.0,0.0
2025-08-11T00:00:00+02:00,2.003258717,2.003258717,0.0,0.18,0.0,0.0,2.003258717,2.003258717,0.0,0.0,0.36058656906,0.36058656906,,,,24.021277,0.0,1.0,0.0
2025-08-11T01:00:00+02:00,2.004619845,2.004619845,0.0,0.18,0.0,0.0,2.004619845,2.004619845,0.0,0.0,0.3608315721,0.3608315721,,,,23.534397,0.0,1.0,0.0
2025-08-11T02:00:00+02:00,2.005888216,2.0058882160000002,0.0,0.18,0.0,0.0,2.005888216,2.0058882160000002,0.0,0.0,0.36105987887999996,0.36105987888,,,,23.095331,0.0,1.0,0.0
2025-08-11T03:00:00+02:00,0.6065813,2.0069773900000003,0.0,0.18,0.0,0.0,0.6065813,2.0069773900000003,0.0,0.0,0.10918463399999999,0.3612559302,,,,22.712776,0.0,1.0,0.0
2025-08-11T04:00:00+02:00,0.607417053,2.007813143,0.0,0.18,0.0,0.0,0.607417053,2.007813143,0.0,0.0,0.10933506954000001,0.36140636573999996,,,,22.34398,0.0,1.0,0.0
2025-08-11T05:00:00+02:00,2.008338519,2.752905089,0.0,0.18,0.0,0.0,2.008338519,2.752905089,0.0,0.0,0.36150093342,0.49552291602,,,,22.003317,0.0,1.0,0.0
2025-08-11T06:00:00+02:00,2.008517715,2.008517715,0.0,0.28,0.0,0.0,2.008517715,2.008517715,0.0,0.0,0.5623849602000001,0.5623849602000001,,,,21.686097,0.0,1.0,0.0
2025-08-11T07:00:00+02:00,3.355187425,4.755583515,0.0,0.28,0.0,0.0,3.355187425,4.755583515,0.0,0.0,0.9394524790000001,1.3315633842,,,,21.421748,0.0,1.0,0.0
2025-08-11T08:00:00+02:00,0.524906557,1.6015852490000002,0.25845,0.28,0.25845,0.25845,0.266456557,1.3431352490000001,0.0,0.0,0.07460783596000001,0.37607786972000007,,,,21.13479,0.0,1.0,0.0
2025-08-11T09:00:00+02:00,2.481279775,1.6007494960000002,1.12285,0.28,1.12285,1.12285,1.358429775,0.47789949600000026,0.0,0.0,0.38036033700000005,0.13381185888000008,,,,21.078991,0.0,1.0,0.0
2025-08-11T10:00:00+02:00,2.480190601,2.039250002,2.03925,0.28,2.03925,2.03925,0.4409406009999999,2.000000165480742e-09,0.0,0.0,0.12346336827999997,5.600000463346079e-10,,,,21.415826,0.0,1.0,0.0
2025-08-11T11:00:00+02:00,2.47892223,2.4789222310000003,2.7853,0.28,2.47892223,2.4789222310000003,0.0,0.0,0.3063777700000001,0.3063777689999996,-0.02451022160000001,-0.024510221519999965,,,,22.013189,0.0,1.0,0.0
2025-08-11T12:00:00+02:00,2.601093733,2.601093734,3.3988,0.28,2.601093733,2.601093734,0.0,0.0,0.7977062670000001,0.797706266,-0.06381650136000001,-0.06381650128000001,,,,22.677657,0.0,1.0,0.0
2025-08-11T13:00:00+02:00,2.626851696,2.626851697,3.8168,0.28,2.626851696,2.626851697,0.0,0.0,1.189948304,1.189948303,-0.09519586432,-0.09519586424,,,,23.381381,0.0,1.0,0.0
2025-08-11T14:00:00+02:00,1.770376645,2.474931604,3.9297000000000004,0.28,1.770376645,2.474931604,0.0,0.0,2.1593233550000006,1.4547683960000004,-0.17274586840000006,-0.11638147168000003,,,,24.034484,0.0,1.0,0.0
2025-08-11T15:00:00+02:00,1.593312149,2.4738424290000003,3.7247000000000003,0.28,1.593312149,2.4738424290000003,0.0,0.0,2.1313878510000004,1.250857571,-0.17051102808000004,-0.10006860568,,,,24.61207,0.0,1.0,0.11155024800000035
2025-08-11T16:00:00+02:00,1.592476397,2.473006677,3.2506000000000004,0.28,1.592476397,2.473006677,0.0,0.0,1.6581236030000004,0.7775933230000005,-0.13264988824000004,-0.06220746584000004,,,,25.126725,0.0,1.0,0.6262052480000015
2025-08-11T17:00:00+02:00,1.995312419,2.472481301,2.5721499999999997,0.4,1.995312419,2.472481301,0.0,0.0,0.5768375809999997,0.09966869899999953,-0.046147006479999975,-0.007973495919999962,,,,25.538938,0.0,1.0,1.0384182480000028
2025-08-11T18:00:00+02:00,2.472302104,1.66985,1.6698500000000003,0.4,1.6698500000000003,1.66985,0.8024521039999999,0.0,0.0,2.220446049250313e-16,0.32098084159999996,-1.7763568394002505e-17,,,,25.865781,0.0,1.0,1.3652612479999995
2025-08-11T19:00:00+02:00,2.4724813,1.591951021,0.69435,0.4,0.69435,0.69435,1.7781313,0.897601021,0.0,0.0,0.71125252,0.35904040840000007,,,,26.021484,0.0,1.0,1.520964248000002
2025-08-11T20:00:00+02:00,1.951656706,1.592476397,0.11054999999999998,0.4,0.11054999999999998,0.11054999999999998,1.8411067060000001,1.481926397,0.0,0.0,0.7364426824000001,0.5927705588000001,,,,26.03457,0.0,1.0,1.5340502479999998
2025-08-11T21:00:00+02:00,1.593312149,1.593312149,0.0,0.4,0.0,0.0,1.593312149,1.593312149,0.0,0.0,0.6373248596000001,0.6373248596000001,,,,25.845475,0.0,1.0,1.3449552480000015
2025-08-11T22:00:00+02:00,2.031097215,2.0006292180000003,0.0,0.28,0.0,0.0,2.031097215,2.0006292180000003,0.0,0.0,0.5687072202000001,0.5601761810400001,,,,25.387896,0.0,1.0,0.8873762480000025
2025-08-11T23:00:00+02:00,2.467672944,2.0018975880000003,0.0,0.28,0.0,0.0,2.467672944,2.0018975880000003,0.0,0.0,0.69094842432,0.5605313246400001,,,,24.90658,0.0,1.0,0.40606024800000284
2025-08-12T00:00:00+02:00,2.370588512,3.3495643534448756,0.0,0.18,0.0,0.0,2.370588512,3.3495643534448756,0.0,0.0,0.42670593215999997,0.6029215836200775,,,,24.37215,0.0,1.0,0.0
2025-08-12T01:00:00+02:00,2.004619845,3.2829479173672045,0.0,0.18,0.0,0.0,2.004619845,3.2829479173672045,0.0,0.0,0.3608315721,0.5909306251260967,,,,23.726792,0.0,1.0,0.0
2025-08-12T02:00:00+02:00,0.605492126,2.886418496,0.0,0.18,0.0,0.0,0.605492126,2.886418496,0.0,0.0,0.10898858268,0.51955532928,,,,23.15566,0.0,1.0,0.0
2025-08-12T03:00:00+02:00,0.6065813,2.0069773900000003,0.0,0.18,0.0,0.0,0.6065813,2.0069773900000003,0.0,0.0,0.10918463399999999,0.3612559302,,,,22.61305,0.0,1.0,0.0
2025-08-12T04:00:00+02:00,0.607417053,2.007813143,0.0,0.18,0.0,0.0,0.607417053,2.007813143,0.0,0.0,0.10933506954000001,0.36140636573999996,,,,22.160875,0.0,1.0,0.0
2025-08-12T05:00:00+02:00,2.008338519,2.359295529,0.0,0.18,0.0,0.0,2.008338519,2.359295529,0.0,0.0,0.36150093342,0.42467319522,,,,21.750729,0.0,1.0,0.0
2025-08-12T06:00:00+02:00,0.608121625,2.008517715,0.0,0.28,0.0,0.0,0.608121625,2.008517715,0.0,0.0,0.170274055,0.5623849602000001,,,,21.392274,0.0,1.0,0.0
2025-08-12T07:00:00+02:00,1.693741146,3.094137236,0.0,0.28,0.0,0.0,1.693741146,3.094137236,0.0,0.0,0.47424752088000005,0.86635842608,,,,21.093562,0.0,1.0,0.0
2025-08-12T08:00:00+02:00,0.201189159,1.6015852490000002,0.26055,0.28,0.201189159,0.26055,0.0,1.3410352490000002,0.059360841,0.0,-0.00474886728,0.3754898697200001,,,,20.844635,0.0,1.0,0.0
2025-08-12T09:00:00+02:00,0.413570196,1.6007494960000002,1.1073000000000002,0.28,0.413570196,1.1073000000000002,0.0,0.493449496,0.6937298040000002,0.0,-0.05549838432000002,0.13816585888000002,,,,20.753862,0.0,1.0,0.0
2025-08-12T10:00:00+02:00,1.07979451,2.020450002,2.02045,0.28,1.07979451,2.02045,0.0,2.000000165480742e-09,0.9406554899999999,0.0,-0.0752524392,5.600000463346079e-10,,,,20.978219,0.0,1.0,0.0
2025-08-12T11:00:00+02:00,2.47892223,2.4789222310000003,2.8228,0.28,2.47892223,2.4789222310000003,0.0,0.0,0.3438777700000002,0.34387776899999967,-0.027510221600000016,-0.027510221519999975,,,,21.448516,0.0,1.0,0.0
2025-08-12T12:00:00+02:00,2.477561102,2.477561103,3.4155,0.28,2.477561102,2.477561103,0.0,0.0,0.9379388980000001,0.937938897,-0.07503511184,-0.07503511176,,,,22.073763,0.0,1.0,0.0
2025-08-12T13:00:00+02:00,2.476199973,2.476199974,3.80415,0.28,2.476199973,2.476199974,0.0,0.0,1.327950027,1.327950026,-0.10623600216,-0.10623600207999999,,,,22.728136,0.0,1.0,0.0
2025-08-12T14:00:00+02:00,2.474931603,2.474931604,3.87685,0.28,2.474931603,2.474931604,0.0,0.0,1.4019183970000002,1.4019183960000001,-0.11215347176000001,-0.11215347168,,,,23.390113,0.0,1.0,0.0
2025-08-12T15:00:00+02:00,2.473842428,2.4738424290000003,3.67195,0.28,2.473842428,2.4738424290000003,0.0,0.0,1.1981075719999996,1.1981075709999995,-0.09584860575999997,-0.09584860567999996,,,,24.008428,0.0,1.0,0.0
2025-08-12T16:00:00+02:00,2.473006676,2.473006677,3.0305500000000003,0.28,2.473006676,2.473006677,0.0,0.0,0.5575433240000005,0.5575433230000004,-0.04460346592000004,-0.04460346584000004,,,,24.540356,0.0,1.0,0.0
2025-08-12T17:00:00+02:00,2.4724813,2.208250001,2.20825,0.4,2.20825,2.20825,0.26423130000000006,1.000000082740371e-09,0.0,0.0,0.10569252000000003,4.000000330961484e-10,,,,24.966964,0.0,1.0,0.0
2025-08-12T18:00:00+02:00,10.202104718,1.5917718250000001,1.1052,0.4,1.1052,1.1052,9.096904718,0.4865718250000002,0.0,0.0,3.6387618872,0.19462873000000008,,,,25.27247,0.0,1.0,0.7719502479999996
2025-08-12T19:00:00+02:00,16.110013842,1.8219670780000001,0.6916500000000001,0.4,0.6916500000000001,0.6916500000000001,15.418363842000002,1.130317078,0.0,0.0,6.167345536800001,0.4521268312,,,,25.360391,0.0,1.0,0.859871248000001
2025-08-12T20:00:00+02:00,10.15655878,2.7565587799999998,0.10135,0.4,0.10135,0.10135,10.05520878,2.6552087799999997,0.0,0.0,4.022083512,1.0620835119999998,,,,25.250326,0.0,1.0,0.7498062480000023
2025-08-12T21:00:00+02:00,10.586381158,3.137345644726449,0.0,0.4,0.0,0.0,10.586381158,3.137345644726449,0.0,0.0,4.2345524632,1.2549382578905797,,,,24.958605,0.0,0.96498454,0.4580852479999997
2025-08-12T22:00:00+02:00,9.400629218,1.1836101871880436,0.0,0.28,0.0,0.0,9.400629218,1.1836101871880436,0.0,0.0,2.6321761810400006,0.3314108524126522,,,,24.50052,0.0,0.41658004,2.480000027560436e-07
2025-08-12T23:00:00+02:00,6.594448817,1.2082184966893639,0.0,0.28,0.0,0.0,6.594448817,1.2082184966893639,0.0,0.0,1.8464456687600002,0.33830117907302193,,,,24.50052,0.0,0.43324671,2.480000027560436e-07
2025-08-13T00:00:00+02:00,2.003258717,9.879824885370402,0.0,0.18,0.0,0.0,2.003258717,9.879824885370402,0.0,0.0,0.36058656906,1.7783684793666723,,,,24.50052,0.0,0.45080757,2.480000027560436e-07
2025-08-13T01:00:00+02:00,0.604223755,9.879824901,0.0,0.18,0.0,0.0,0.604223755,9.879824901,0.0,0.0,0.1087602759,1.7783684821799999,,,,24.282959,0.0,1.0,0.0
2025-08-13T02:00:00+02:00,0.605492126,9.879824895999999,0.0,0.18,0.0,0.0,0.605492126,9.879824895999999,0.0,0.0,0.10898858268,1.7783684812799998,,,,23.685799,0.0,1.0,0.0
2025-08-13T03:00:00+02:00,2.00697739,9.879824889999998,0.0,0.18,0.0,0.0,2.00697739,9.879824889999998,0.0,0.0,0.36125593019999996,1.7783684801999997,,,,23.188166,0.0,1.0,0.0
2025-08-13T04:00:00+02:00,2.007813143,9.879824893000002,0.0,0.18,0.0,0.0,2.007813143,9.879824893000002,0.0,0.0,0.36140636573999996,1.7783684807400004,,,,22.723472,0.0,1.0,0.0
2025-08-13T05:00:00+02:00,0.607942429,9.879824898999999,0.0,0.18,0.0,0.0,0.607942429,9.879824898999999,0.0,0.0,0.10942963721999999,1.7783684818199998,,,,22.26956,0.0,1.0,0.0
2025-08-13T06:00:00+02:00,0.608121625,2.008517715,0.0,0.28,0.0,0.0,0.608121625,2.008517715,0.0,0.0,0.170274055,0.5623849602000001,,,,21.857966,0.0,1.0,0.0
2025-08-13T07:00:00+02:00,1.426687297,2.827083387,0.0,0.28,0.0,0.0,1.426687297,2.827083387,0.0,0.0,0.39947244316,0.7915833483600001,,,,21.464972,0.0,1.0,0.0
2025-08-13T08:00:00+02:00,1.746192438,1.6016813913580001,0.2635,0.28,0.2635,0.2635,1.482692438,1.338181391358,0.0,0.0,0.41515388264,0.37469078958024005,,,,21.12081,0.0,1.0,0.0
2025-08-13T09:00:00+02:00,1.080883684,1.6007494960000002,1.03905,0.28,1.03905,1.03905,0.04183368399999998,0.5616994960000001,0.0,0.0,0.011713431519999996,0.15727585888000006,,,,20.817342,0.0,1.0,0.0
2025-08-13T10:00:00+02:00,1.07979451,1.963550002,1.9635500000000001,0.28,1.07979451,1.9635500000000001,0.0,1.999999943436137e-09,0.8837554900000002,0.0,-0.07070043920000002,5.599999841621184e-10,,,,20.881118,0.0,1.0,0.0
2025-08-13T11:00:00+02:00,2.47892223,2.4789222310000003,2.72745,0.28,2.47892223,2.4789222310000003,0.0,0.0,0.24852777000000037,0.24852776899999984,-0.01988222160000003,-0.01988222151999999,,,,21.217598,0.0,1.0,0.0
2025-08-13T12:00:00+02:00,2.477561102,2.477561103,3.3499,0.28,2.477561102,2.477561103,0.0,0.0,0.8723388979999998,0.8723388969999997,-0.06978711183999999,-0.06978711175999998,,,,21.764665,0.0,1.0,0.0
2025-08-13T13:00:00+02:00,2.476199973,2.476199974,3.7257999999999996,0.28,2.476199973,2.476199974,0.0,0.0,1.2496000269999996,1.2496000259999995,-0.09996800215999997,-0.09996800207999997,,,,22.353888,0.0,1.0,0.0
2025-08-13T14:00:00+02:00,2.474931603,2.474931604,3.8060500000000004,0.28,2.474931603,2.474931604,0.0,0.0,1.3311183970000005,1.3311183960000004,-0.10648947176000004,-0.10648947168000003,,,,22.92824,0.0,1.0,0.0
2025-08-13T15:00:00+02:00,2.473842428,2.4738424290000003,3.6023,0.28,2.473842428,2.4738424290000003,0.0,0.0,1.1284575719999999,1.1284575709999998,-0.09027660575999999,-0.09027660567999998,,,,23.4902,0.0,1.0,0.0
2025-08-13T16:00:00+02:00,2.233051966,3.1994499970000003,3.1994499999999997,0.28,2.233051966,3.1994499970000003,0.0,0.0,0.9663980339999996,2.9999993600426933e-09,-0.07731184271999997,-2.3999994880341545e-10,,,,23.9585,0.0,1.0,0.0
2025-08-13T17:00:00+02:00,6.831569711,2.4771000020000002,2.4771,0.4,2.4771,2.4771,4.354469711,2.000000165480742e-09,0.0,0.0,1.7417878844,8.000000661922968e-10,,,,24.24875,0.0,1.0,0.0
2025-08-13T18:00:00+02:00,10.505416452,1.6374,1.6374,0.4,1.6374,1.6374,8.868016452,0.0,0.0,0.0,3.5472065808000006,0.0,,,,24.440625,0.0,1.0,0.0
2025-08-13T19:00:00+02:00,5.118509285,1.714419594519439,0.64125,0.4,0.64125,0.64125,4.477259285,1.073169594519439,0.0,0.0,1.790903714,0.42926783780777567,,,,24.500521,0.0,0.94991421,1.2480000002312863e-06
2025-08-13T20:00:00+02:00,2.581211834,2.2964412531867233,0.10435,0.4,0.10435,0.10435,2.4768618339999997,2.192091253186723,0.0,0.0,0.9907447335999999,0.8768365012746893,,,,24.50052,0.0,0.84991337,2.480000027560436e-07
2025-08-13T21:00:00+02:00,6.504160654,5.454371045686724,0.0,0.4,0.0,0.0,6.504160654,5.454371045686724,0.0,0.0,2.6016642616,2.18174841827469,,,,24.50052,0.0,0.69991337,2.480000027560436e-07
2025-08-13T22:00:00+02:00,3.452408099,2.4422968606867235,0.0,0.28,0.0,0.0,3.452408099,2.4422968606867235,0.0,0.0,0.9666742677200001,0.6838431209922826,,,,24.50052,0.0,0.59991337,2.480000027560436e-07
2025-08-13T23:00:00+02:00,2.001897588,1.278238301189364,0.0,0.28,0.0,0.0,2.001897588,1.278238301189364,0.0,0.0,0.56053132464,0.357906724333022,,,,24.50052,0.0,0.48324671,2.480000027560436e-07
2025-08-14T00:00:00+02:00,0.602862627,2.624224521189364,0.0,0.18,0.0,0.0,0.602862627,2.624224521189364,0.0,0.0,0.10851527286,0.4723604138140855,,,,24.50052,0.0,0.38324671,2.480000027560436e-07
2025-08-14T01:00:00+02:00,0.604223755,8.976490696349357,0.0,0.18,0.0,0.0,0.604223755,8.976490696349357,0.0,0.0,0.1087602759,1.6157683253428843,,,,24.50052,0.0,0.69427996,2.480000027560436e-07
2025-08-14T02:00:00+02:00,2.005888216,2.6354376805272546,0.0,0.18,0.0,0.0,2.005888216,2.6354376805272546,0.0,0.0,0.36105987887999996,0.4743787824949058,,,,24.22282,0.0,1.0,0.0
2025-08-14T03:00:00+02:00,2.00697739,2.531398727124987,0.0,0.18,0.0,0.0,2.00697739,2.531398727124987,0.0,0.0,0.36125593019999996,0.45565177088249764,,,,23.585683,0.0,1.0,0.0
2025-08-14T04:00:00+02:00,0.607417053,2.007813143,0.0,0.18,0.0,0.0,0.607417053,2.007813143,0.0,0.0,0.10933506954000001,0.36140636573999996,,,,22.954736,0.0,1.0,0.0
2025-08-14T05:00:00+02:00,0.607942429,9.879824898999999,0.0,0.18,0.0,0.0,0.607942429,9.879824898999999,0.0,0.0,0.10942963721999999,1.7783684818199998,,,,22.26228,0.0,1.0,0.0
2025-08-14T06:00:00+02:00,0.608121625,2.008517715,0.0,0.28,0.0,0.0,0.608121625,2.008517715,0.0,0.0,0.170274055,0.5623849602000001,,,,21.6519,0.0,1.0,0.0
2025-08-14T07:00:00+02:00,1.377697117,2.008338519,0.0,0.28,0.0,0.0,1.377697117,2.008338519,0.0,0.0,0.3857551927600001,0.56233478532,,,,21.076583,0.0,1.0,0.0
2025-08-14T08:00:00+02:00,1.081719437,1.6015852490000002,0.25534999999999997,0.28,0.25534999999999997,0.25534999999999997,0.8263694370000001,1.3462352490000002,0.0,0.0,0.23138344236000005,0.3769458697200001,,,,20.563819,0.0,1.0,0.0
2025-08-14T09:00:00+02:00,1.080883684,1.6007494960000002,1.1039,0.28,1.080883684,1.1039,0.0,0.49684949600000006,0.023016316000000092,0.0,-0.0018413052800000074,0.13911785888000003,,,,20.36985,0.0,1.0,0.0
2025-08-14T10:00:00+02:00,0.554699729,2.031350002,2.0313499999999998,0.28,0.554699729,2.0313499999999998,0.0,2.000000165480742e-09,1.4766502709999998,0.0,-0.11813202167999999,5.600000463346079e-10,,,,20.558208,0.0,1.0,0.0
2025-08-14T11:00:00+02:00,1.598391951,2.4789222310000003,2.84055,0.28,1.598391951,2.4789222310000003,0.0,0.0,1.242158049,0.3616277689999996,-0.09937264392,-0.02893022151999997,,,,21.048507,0.0,1.0,0.0
2025-08-14T12:00:00+02:00,1.597030823,2.477561103,3.40285,0.28,1.597030823,2.477561103,0.0,0.0,1.8058191769999998,0.9252888969999997,-0.14446553416,-0.07402311175999998,,,,21.757089,0.0,1.0,0.0
2025-08-14T13:00:00+02:00,1.595669694,2.476199974,3.66885,0.28,1.595669694,2.476199974,0.0,0.0,2.0731803060000003,1.192650026,-0.16585442448,-0.09541200208,,,,22.514241,0.0,1.0,0.0
2025-08-14T14:00:00+02:00,1.594401324,2.474931604,3.7508,0.28,1.594401324,2.474931604,0.0,0.0,2.1563986760000002,1.275868396,-0.17251189408000003,-0.10206947168,,,,23.311867,0.0,1.0,0.0
2025-08-14T15:00:00+02:00,1.720389435,2.4738424290000003,3.5420999999999996,0.28,1.720389435,2.4738424290000003,0.0,0.0,1.8217105649999996,1.0682575709999993,-0.14573684519999996,-0.08546060567999994,,,,24.059889,0.0,1.0,0.0
2025-08-14T16:00:00+02:00,2.473006676,2.1503393170000002,3.14775,0.28,2.473006676,2.1503393170000002,0.0,0.0,0.674743324,0.9974106829999996,-0.053979465920000004,-0.07979285463999997,,,,24.666574,0.0,1.0,0.0
2025-08-14T17:00:00+02:00,4.387085606,2.4812500010000003,2.48125,0.4,2.48125,2.48125,1.9058356060000001,1.000000082740371e-09,0.0,0.0,0.7623342424000001,4.000000330961484e-10,,,,25.188812,0.0,1.0,0.6882922479999998
2025-08-14T18:00:00+02:00,8.175526297,1.6088286680000001,1.5953,0.4,1.5953,1.5953,6.580226296999999,0.013528668000000188,0.0,0.0,2.6320905188,0.005411467200000075,,,,25.57401,0.0,1.0,1.0734902480000024
2025-08-14T19:00:00+02:00,6.062280537,1.7262089820000002,0.6573000000000001,0.4,0.6573000000000001,0.6573000000000001,5.404980537,1.068908982,0.0,0.0,2.1619922148,0.4275635928,,,,25.661675,0.0,1.0,1.161155248
2025-08-14T20:00:00+02:00,7.118707981,1.686469841,0.09744999999999998,0.4,0.09744999999999998,0.09744999999999998,7.021257981,1.589019841,0.0,0.0,2.8085031924,0.6356079364,,,,25.584729,0.0,1.0,1.0842092480000005
2025-08-14T21:00:00+02:00,2.194399391,1.593312149,0.0,0.4,0.0,0.0,2.194399391,1.593312149,0.0,0.0,0.8777597564000001,0.6373248596000001,,,,25.353941,0.0,1.0,0.8534212480000001
2025-08-14T22:00:00+02:00,2.000629218,1.6166800592798554,0.0,0.28,0.0,0.0,2.000629218,1.6166800592798554,0.0,0.0,0.56017618104,0.45267041659835955,,,,24.811618,0.0,0.72582817,0.3110982480000004
2025-08-14T23:00:00+02:00,2.021578076,1.2045590451880437,0.0,0.28,0.0,0.0,2.021578076,1.2045590451880437,0.0,0.0,0.56604186128,0.3372765326526523,,,,24.50052,0.0,0.41658004,2.480000027560436e-07
2025-08-15T00:00:00+02:00,2.003258717,2.136934611887145,0.0,0.18,0.0,0.0,2.003258717,2.136934611887145,0.0,0.0,0.36058656906,0.3846482301396861,,,,24.50052,0.0,0.24991337,2.480000027560436e-07
2025-08-15T01:00:00+02:00,2.004619845,2.4757594488292978,0.0,0.18,0.0,0.0,2.004619845,2.4757594488292978,0.0,0.0,0.3608315721,0.4456367007892736,,,,24.50052,0.0,0.2741206,2.480000027560436e-07
2025-08-15T02:00:00+02:00,0.605492126,2.5940665400082477,0.0,0.18,0.0,0.0,0.605492126,2.5940665400082477,0.0,0.0,0.10898858268,0.46693197720148455,,,,24.392979,0.0,1.0,0.0
2025-08-15T03:00:00+02:00,0.6065813,2.0069773900000003,0.0,0.18,0.0,0.0,0.6065813,2.0069773900000003,0.0,0.0,0.10918463399999999,0.3612559302,,,,23.510816,0.0,1.0,0.0
2025-08-15T04:00:00+02:00,0.607417053,2.007813143,0.0,0.18,0.0,0.0,0.607417053,2.007813143,0.0,0.0,0.10933506954000001,0.36140636573999996,,,,22.72568,0.0,1.0,0.0
2025-08-15T05:00:00+02:00,0.607942429,2.008338519,0.0,0.18,0.0,0.0,0.607942429,2.008338519,0.0,0.0,0.10942963721999999,0.36150093342,,,,22.0714,0.0,1.0,0.0
2025-08-15T06:00:00+02:00,2.008517715,2.008517715,0.0,0.28,0.0,0.0,2.008517715,2.008517715,0.0,0.0,0.5623849602000001,0.5623849602000001,,,,21.5095,0.0,1.0,0.0
2025-08-15T07:00:00+02:00,0.607942429,2.008338519,0.0,0.28,0.0,0.0,0.607942429,2.008338519,0.0,0.0,0.17022388012,0.56233478532,,,,21.024583,0.0,1.0,0.0
2025-08-15T08:00:00+02:00,1.207487519,2.585783857,0.2502,0.28,0.2502,0.2502,0.9572875190000001,2.335583857,0.0,0.0,0.26804050532000007,0.65396347996,,,,20.603819,0.0,1.0,0.0
2025-08-15T09:00:00+02:00,1.080883684,1.6007494960000002,1.1495,0.28,1.080883684,1.1495,0.0,0.4512494960000002,0.06861631599999996,0.0,-0.005489305279999996,0.12634985888000005,,,,20.36985,0.0,1.0,0.0
2025-08-15T10:00:00+02:00,1.07979451,1.7494500020000001,1.74945,0.28,1.07979451,1.74945,0.0,2.000000165480742e-09,0.66965549,0.0,-0.0535724392,5.600000463346079e-10,,,,20.458208,0.0,1.0,0.0
2025-08-15T11:00:00+02:00,2.47892223,2.851550001,2.85155,0.28,2.47892223,2.85155,0.0,1.000000082740371e-09,0.37262777000000025,0.0,-0.02981022160000002,2.8000002316730393e-10,,,,20.98184,0.0,1.0,0.0
2025-08-15T12:00:00+02:00,2.477561102,2.7919000030000003,2.7919,0.28,2.477561102,2.7919,0.0,3.000000248221113e-09,0.3143388979999999,0.0,-0.025147111839999993,8.400000695019117e-10,,,,21.734867,0.0,1.0,0.0
2025-08-15T13:00:00+02:00,2.476199973,3.765049974,3.7650499999999996,0.28,2.476199973,3.765049974,0.0,0.0,1.2888500269999996,2.5999999486714387e-08,-0.10310800215999998,-2.079999958937151e-09,,,,22.429056,0.0,1.0,0.0
2025-08-15T14:00:00+02:00,2.474931603,3.808800004,3.8087999999999997,0.28,2.474931603,3.8087999999999997,0.0,4.000000330961484e-09,1.3338683969999998,0.0,-0.10670947176,1.1200000926692157e-09,,,,23.124213,0.0,1.0,0.0
2025-08-15T15:00:00+02:00,2.473842428,3.599900029,3.5999000000000003,0.28,2.473842428,3.5999000000000003,0.0,2.89999997349355e-08,1.1260575720000001,0.0,-0.09008460576,8.11999992578194e-09,,,,23.753511,0.0,1.0,0.0
2025-08-15T16:00:00+02:00,2.473006676,3.166149997,3.1661500000000005,0.28,2.473006676,3.166149997,0.0,0.0,0.6931433240000007,3.000000248221113e-09,-0.055451465920000054,-2.4000001985768904e-10,,,,24.261259,0.0,1.0,0.0
2025-08-15T17:00:00+02:00,2.4724813,2.489850002,2.48985,0.4,2.4724813,2.48985,0.0,1.999999721391532e-09,0.017368700000000015,0.0,-0.0013894960000000011,7.999998885566129e-10,,,,24.667716,0.0,1.0,0.0
2025-08-15T18:00:00+02:00,3.510531479,2.95479173,1.61545,0.4,1.61545,1.61545,1.895081479,1.3393417300000001,0.0,0.0,0.7580325916,0.5357366920000001,,,,24.989763,0.0,1.0,0.0
2025-08-15T19:00:00+02:00,2.005613012,2.005613012,0.6569499999999999,0.4,0.6569499999999999,0.6569499999999999,1.348663012,1.348663012,0.0,0.0,0.5394652048,0.5394652048,,,,25.191469,0.0,1.0,0.6909492480000026
2025-08-15T20:00:00+02:00,1.764251642,1.764251642,0.0912,0.4,0.0912,0.0912,1.6730516420000001,1.6730516420000001,0.0,0.0,0.6692206568000001,0.6692206568000001,,,,25.259558,0.0,1.0,0.7590382479999995
2025-08-15T21:00:00+02:00,2.009029004,2.0090290040000003,0.0,0.4,0.0,0.0,2.009029004,2.0090290040000003,0.0,0.0,0.8036116016,0.8036116016000001,,,,25.116298,0.0,1.0,0.6157782480000016
2025-08-15T22:00:00+02:00,2.121728466,2.121728466,0.0,0.28,0.0,0.0,2.121728466,2.121728466,0.0,0.0,0.5940839704800001,0.5940839704800001,,,,24.763582,0.0,1.0,0.26306224800000066
2025-08-15T23:00:00+02:00,2.001897588,2.0018975880000003,0.0,0.28,0.0,0.0,2.001897588,2.0018975880000003,0.0,0.0,0.56053132464,0.5605313246400001,,,,24.402985,0.0,1.0,0.0
2025-08-16T00:00:00+02:00,2.003258717,9.879824896999999,0.0,0.18,0.0,0.0,2.003258717,9.879824896999999,0.0,0.0,0.36058656906,1.7783684814599998,,,,23.952487,0.0,1.0,0.0
2025-08-16T01:00:00+02:00,2.004619845,6.553130225,0.0,0.18,0.0,0.0,2.004619845,6.553130225,0.0,0.0,0.3608315721,1.1795634405,,,,23.477073,0.0,1.0,0.0
2025-08-16T02:00:00+02:00,0.605492126,2.0058882160000002,0.0,0.18,0.0,0.0,0.605492126,2.0058882160000002,0.0,0.0,0.10898858268,0.36105987888,,,,23.064227,0.0,1.0,0.0
2025-08-16T03:00:00+02:00,0.6065813,2.60367888,0.0,0.18,0.0,0.0,0.6065813,2.60367888,0.0,0.0,0.10918463399999999,0.46866219839999995,,,,22.686856,0.0,1.0,0.0
2025-08-16T04:00:00+02:00,2.007813143,2.007813143,0.0,0.18,0.0,0.0,2.007813143,2.007813143,0.0,0.0,0.36140636573999996,0.36140636573999996,,,,22.32238,0.0,1.0,0.0
2025-08-16T05:00:00+02:00,2.008338519,2.008338519,0.0,0.18,0.0,0.0,2.008338519,2.008338519,0.0,0.0,0.36150093342,0.36150093342,,,,21.935317,0.0,1.0,0.0
2025-08-16T06:00:00+02:00,0.608121625,2.008517715,0.0,0.28,0.0,0.0,0.608121625,2.008517715,0.0,0.0,0.170274055,0.5623849602000001,,,,21.562764,0.0,1.0,0.0
2025-08-16T07:00:00+02:00,0.607942429,2.008338519,0.0,0.28,0.0,0.0,0.607942429,2.008338519,0.0,0.0,0.17022388012,0.56233478532,,,,21.21897,0.0,1.0,0.0
2025-08-16T08:00:00+02:00,0.467974335,1.6015852490000002,0.25945,0.28,0.25945,0.25945,0.208524335,1.3421352490000003,0.0,0.0,0.058386813800000006,0.3757978697200001,,,,20.865808,0.0,1.0,0.0
2025-08-16T09:00:00+02:00,1.080883684,1.6007494960000002,0.8918000000000001,0.28,0.8918000000000001,0.8918000000000001,0.18908368399999986,0.708949496,0.0,0.0,0.052943431519999966,0.19850585888000002,,,,20.70484,0.0,1.0,0.0
2025-08-16T10:00:00+02:00,2.490579031,1.610048752,1.6097000000000001,0.28,1.6097000000000001,1.6097000000000001,0.8808790310000001,0.0003487519999998412,0.0,0.0,0.24664612868000005,9.765055999995555e-05,,,,20.9207,0.0,1.0,0.0
2025-08-16T11:00:00+02:00,2.703090496,2.458399997,2.4584,0.28,2.4584,2.458399997,0.24469049600000004,0.0,0.0,3.000000248221113e-09,0.06851333888000001,-2.4000001985768904e-10,,,,21.550584,0.0,1.0,0.0
2025-08-16T12:00:00+02:00,2.161992486,1.80657986,1.49395,0.28,1.49395,1.49395,0.668042486,0.31262986000000015,0.0,0.0,0.18705189608000003,0.08753636080000005,,,,22.475486,0.0,1.0,0.0
2025-08-16T13:00:00+02:00,1.595669694,1.5956696940000001,1.27965,0.28,1.27965,1.27965,0.31601969399999996,0.3160196940000002,0.0,0.0,0.08848551432,0.08848551432000006,,,,23.462905,0.0,1.0,0.0
2025-08-16T14:00:00+02:00,1.594401324,1.5944013240000001,1.3422999999999998,0.28,1.3422999999999998,1.3422999999999998,0.25210132400000007,0.2521013240000003,0.0,0.0,0.07058837072000003,0.07058837072000008,,,,24.319088,0.0,1.0,0.0
2025-08-16T15:00:00+02:00,1.593312149,2.286599999,2.2866,0.28,1.593312149,2.286599999,0.0,0.0,0.693287851,1.000000082740371e-09,-0.055463028080000004,-8.000000661922968e-11,,,,25.065906,0.0,1.0,0.5653862479999994
2025-08-16T16:00:00+02:00,1.592476397,2.935499997,2.9355,0.28,1.592476397,2.935499997,0.0,0.0,1.3430236030000002,3.000000248221113e-09,-0.10744188824000002,-2.4000001985768904e-10,,,,25.704922,0.0,1.0,1.204402248000001
2025-08-16T17:00:00+02:00,1.723961872,2.455550001,2.45555,0.4,1.723961872,2.45555,0.0,1.000000082740371e-09,0.7315881280000001,0.0,-0.05852705024,4.000000330961484e-10,,,,26.170768,0.0,1.0,1.670248248
2025-08-16T18:00:00+02:00,2.477979748,1.597449469,1.5822999999999998,0.4,1.5822999999999998,1.5822999999999998,0.8956797480000003,0.015149469000000249,0.0,0.0,0.35827189920000013,0.0060597876000001,,,,26.47564,0.0,1.0,1.9751202479999996
2025-08-16T19:00:00+02:00,2.649066334,1.7685360550000002,0.59905,0.4,0.59905,0.59905,2.050016334,1.1694860550000001,0.0,0.0,0.8200065336,0.4677944220000001,,,,26.5797,0.0,1.0,2.079180248
2025-08-16T20:00:00+02:00,6.344986861,5.720028622,0.08845,0.4,0.08845,0.08845,6.256536861,5.631578622,0.0,0.0,2.5026147444,2.2526314488000003,,,,26.54975,0.0,1.0,2.0492302480000006
2025-08-16T21:00:00+02:00,4.372771816,3.8232449450000003,0.0,0.4,0.0,0.0,4.372771816,3.8232449450000003,0.0,0.0,1.7491087264000003,1.5292979780000002,,,,26.341458,0.0,1.0,1.8409382480000005
2025-08-16T22:00:00+02:00,2.231493774,2.231493774,0.0,0.28,0.0,0.0,2.231493774,2.231493774,0.0,0.0,0.62481825672,0.62481825672,,,,25.851215,0.0,1.0,1.350695248000001
2025-08-16T23:00:00+02:00,2.01666977,2.01666977,0.0,0.28,0.0,0.0,2.01666977,2.01666977,0.0,0.0,0.5646675356,0.5646675356,,,,25.309346,0.0,1.0,0.8088262480000026
2025-08-17T00:00:00+02:00,2.003258717,2.7840979858310364,0.0,0.18,0.0,0.0,2.003258717,2.7840979858310364,0.0,0.0,0.36058656906,0.5011376374495865,,,,24.691122,0.0,1.0,0.19060224800000114
2025-08-17T01:00:00+02:00,2.004619845,2.5343450979169826,0.0,0.18,0.0,0.0,2.004619845,2.5343450979169826,0.0,0.0,0.3608315721,0.45618211762505684,,,,24.042602,0.0,1.0,0.0
2025-08-17T02:00:00+02:00,0.605492126,2.0058882160000002,0.0,0.18,0.0,0.0,0.605492126,2.0058882160000002,0.0,0.0,0.10898858268,0.36105987888,,,,23.502168,0.0,1.0,0.0
2025-08-17T03:00:00+02:00,0.6065813,2.0069773900000003,0.0,0.18,0.0,0.0,0.6065813,2.0069773900000003,0.0,0.0,0.10918463399999999,0.3612559302,,,,22.98514,0.0,1.0,0.0
2025-08-17T04:00:00+02:00,2.007813143,2.007813143,0.0,0.18,0.0,0.0,2.007813143,2.007813143,0.0,0.0,0.36140636573999996,0.36140636573999996,,,,22.52095,0.0,1.0,0.0
2025-08-17T05:00:00+02:00,0.607942429,2.008338519,0.0,0.18,0.0,0.0,0.607942429,2.008338519,0.0,0.0,0.10942963721999999,0.36150093342,,,,22.100792,0.0,1.0,0.0
2025-08-17T06:00:00+02:00,2.514628848,3.915024938,0.0,0.28,0.0,0.0,2.514628848,3.915024938,0.0,0.0,0.7040960774400001,1.09620698264,,,,21.70066,0.0,1.0,0.0
2025-08-17T07:00:00+02:00,1.74227774,3.14267383,0.0,0.28,0.0,0.0,1.74227774,3.14267383,0.0,0.0,0.48783776720000005,0.8799486724000001,,,,21.367216,0.0,1.0,0.0
2025-08-17T08:00:00+02:00,1.789591179,1.6015852490000002,0.25675,0.28,0.25675,0.25675,1.532841179,1.3448352490000002,0.0,0.0,0.42919553012000006,0.3765538697200001,,,,21.07268,0.0,1.0,0.0
2025-08-17T09:00:00+02:00,1.080883684,1.6007494960000002,1.10095,0.28,1.080883684,1.10095,0.0,0.49979949600000007,0.020066316000000084,0.0,-0.0016053052800000067,0.13994385888000002,,,,20.927234,0.0,1.0,0.0
2025-08-17T10:00:00+02:00,1.07979451,2.098550002,2.09855,0.28,1.07979451,2.09855,0.0,2.000000165480742e-09,1.01875549,0.0,-0.0815004392,5.600000463346079e-10,,,,21.039361,0.0,1.0,0.0
2025-08-17T11:00:00+02:00,2.47892223,2.4789222310000003,2.89245,0.28,2.47892223,2.4789222310000003,0.0,0.0,0.4135277700000004,0.4135277689999999,-0.03308222160000003,-0.03308222151999999,,,,21.532801,0.0,1.0,0.0
2025-08-17T12:00:00+02:00,2.477561102,2.477561103,3.4932499999999997,0.28,2.477561102,2.477561103,0.0,0.0,1.0156888979999996,1.0156888969999995,-0.08125511183999998,-0.08125511175999997,,,,22.194001,0.0,1.0,0.0
2025-08-17T13:00:00+02:00,2.055147432,2.476199974,3.8384500000000004,0.28,2.055147432,2.476199974,0.0,0.0,1.7833025680000003,1.3622500260000003,-0.14266420544000002,-0.10898000208000003,,,,22.961667,0.0,1.0,0.0
2025-08-17T14:00:00+02:00,1.594401324,2.474931604,3.8516500000000002,0.28,1.594401324,2.474931604,0.0,0.0,2.2572486760000006,1.3767183960000002,-0.18057989408000005,-0.11013747168000002,,,,23.718056,0.0,1.0,0.0
2025-08-17T15:00:00+02:00,1.593312149,2.4738424290000003,3.6285500000000006,0.28,1.593312149,2.4738424290000003,0.0,0.0,2.0352378510000007,1.1547075710000003,-0.16281902808000007,-0.09237660568000003,,,,24.265047,0.0,1.0,0.0
2025-08-17T16:00:00+02:00,2.39682366,2.473006677,3.12225,0.28,2.39682366,2.473006677,0.0,0.0,0.7254263400000003,0.6492433230000003,-0.058034107200000025,-0.051939465840000025,,,,24.654206,0.0,1.0,0.0
2025-08-17T17:00:00+02:00,5.403039703,2.357950001,2.3579499999999998,0.4,2.3579499999999998,2.3579499999999998,3.0450897030000004,1.000000082740371e-09,0.0,0.0,1.2180358812000003,4.000000330961484e-10,,,,24.878505,0.0,1.0,0.0
2025-08-17T18:00:00+02:00,9.872302104,1.5917718250000001,1.51385,0.4,1.51385,1.51385,8.358452104,0.07792182500000022,0.0,0.0,3.3433808416,0.03116873000000009,,,,24.932087,0.0,1.0,0.43156724800000035
2025-08-17T19:00:00+02:00,9.17318124,1.733748528,0.6317,0.4,0.6317,0.6317,8.54148124,1.102048528,0.0,0.0,3.416592496,0.44081941120000007,,,,24.910073,0.0,1.0,0.4095532480000017
2025-08-17T20:00:00+02:00,9.276271371,1.7938150782650488,0.08195000000000001,0.4,0.08195000000000001,0.08195000000000001,9.194321371,1.7118650782650489,0.0,0.0,3.6777285483999997,0.6847460313060196,,,,24.775061,0.0,0.97869743,0.274541248000002
2025-08-17T21:00:00+02:00,9.615554842,1.0109526486880436,0.0,0.4,0.0,0.0,9.615554842,1.0109526486880436,0.0,0.0,3.8462219368,0.40438105947521746,,,,24.50052,0.0,0.56658004,2.480000027560436e-07
2025-08-17T22:00:00+02:00,9.25129762,1.1836101871880436,0.0,0.28,0.0,0.0,9.25129762,1.1836101871880436,0.0,0.0,2.5903633336000005,0.3314108524126522,,,,24.50052,0.0,0.41658004,2.480000027560436e-07
2025-08-17T23:00:00+02:00,0.612347551,1.1023648661867234,0.0,0.28,0.0,0.0,0.612347551,1.1023648661867234,0.0,0.0,0.17145731428000002,0.30866216253228257,,,,24.50052,0.0,0.34991337,2.480000027560436e-07
2025-08-18T00:00:00+02:00,2.003258717,1.915558031126286,0.0,0.18,0.0,0.0,2.003258717,1.915558031126286,0.0,0.0,0.36058656906,0.3448004456027315,,,,24.50052,0.0,0.24991337,2.480000027560436e-07
2025-08-18T01:00:00+02:00,2.004619845,1.411804428065849,0.0,0.18,0.0,0.0,2.004619845,1.411804428065849,0.0,0.0,0.3608315721,0.2541247970518528,,,,24.50052,0.0,0.14991337,2.480000027560436e-07
2025-08-18T02:00:00+02:00,0.605492126,1.046121919859134,0.0,0.18,0.0,0.0,0.605492126,1.046121919859134,0.0,0.0,0.10898858268,0.18830194557464414,,,,24.50052,0.0,0.18324671,2.480000027560436e-07
2025-08-18T03:00:00+02:00,0.6065813,0.8398593366880436,0.0,0.18,0.0,0.0,0.6065813,0.8398593366880436,0.0,0.0,0.10918463399999999,0.15117468060384784,,,,24.50052,0.0,0.16658004,2.480000027560436e-07
2025-08-18T04:00:00+02:00,2.007813143,0.7006554820884398,0.0,0.18,0.0,0.0,2.007813143,0.7006554820884398,0.0,0.0,0.36140636573999996,0.12611798677591915,,,,24.50052,0.0,0.066580041,2.480000027560436e-07
2025-08-18T05:00:00+02:00,0.607942429,2.008338519,0.0,0.18,0.0,0.0,0.607942429,2.008338519,0.0,0.0,0.10942963721999999,0.36150093342,,,,24.50052,0.0,1.0,2.480000027560436e-07
2025-08-18T06:00:00+02:00,1.89888028,1.367081714,0.0,0.28,0.0,0.0,1.89888028,1.367081714,0.0,0.0,0.5316864784,0.38278287992000004,,,,23.533766,0.0,0.0,0.0
2025-08-18T07:00:00+02:00,1.81522174,1.5388831824361104,0.0,0.28,0.0,0.0,1.81522174,1.5388831824361104,0.0,0.0,0.5082620872,0.430887291082111,,,,23.728139,0.0,0.43144345,0.0
2025-08-18T08:00:00+02:00,2.482115528,1.6015852490000002,0.24719999999999998,0.28,0.24719999999999998,0.24719999999999998,2.234915528,1.3543852490000003,0.0,0.0,0.6257763478400001,0.3792278697200001,,,,23.492005,0.0,1.0,0.0
2025-08-18T09:00:00+02:00,1.080883684,1.6007494960000002,1.0982500000000002,0.28,1.080883684,1.0982500000000002,0.0,0.502499496,0.01736631600000016,0.0,-0.0013893052800000127,0.14069985888,,,,22.860005,0.0,1.0,0.0
2025-08-18T10:00:00+02:00,0.60387518,2.048800002,2.0488,0.28,0.60387518,2.0488,0.0,2.000000165480742e-09,1.44492482,0.0,-0.1155939856,5.600000463346079e-10,,,,22.600004,0.0,1.0,0.0
2025-08-18T11:00:00+02:00,1.598391951,2.792000001,2.792,0.28,1.598391951,2.792,0.0,1.000000082740371e-09,1.1936080489999998,0.0,-0.09548864391999999,2.8000002316730393e-10,,,,22.700003,0.0,1.0,0.0
2025-08-18T12:00:00+02:00,1.597030823,3.3740500030000002,3.3740499999999995,0.28,1.597030823,3.3740499999999995,0.0,3.000000692310323e-09,1.7770191769999995,0.0,-0.14216153415999996,8.400001938468905e-10,,,,23.066669,0.0,1.0,0.0
2025-08-18T13:00:00+02:00,1.595669694,3.651299974,3.6513,0.28,1.595669694,3.651299974,0.0,0.0,2.0556303060000003,2.5999999930803597e-08,-0.16445042448000002,-2.079999994464288e-09,,,,23.405558,0.0,1.0,0.0
2025-08-18T14:00:00+02:00,1.594401324,3.361350004,3.3613500000000003,0.28,1.594401324,3.3613500000000003,0.0,3.999999886872274e-09,1.7669486760000004,0.0,-0.14135589408000004,1.1199999683242369e-09,,,,23.771298,0.0,1.0,0.0
2025-08-18T15:00:00+02:00,1.905178269,1.593312149,1.20735,0.28,1.20735,1.20735,0.6978282690000002,0.38596214900000003,0.0,0.0,0.19539191532000005,0.10806940172000001,,,,24.092748,0.0,1.0,0.0
2025-08-18T16:00:00+02:00,2.473006676,2.931299997,2.9313000000000002,0.28,2.473006676,2.931299997,0.0,0.0,0.45829332400000045,3.000000248221113e-09,-0.036663465920000034,-2.4000001985768904e-10,,,,24.360624,0.0,1.0,0.0
2025-08-18T17:00:00+02:00,2.4724813,2.447800001,2.4478,0.4,2.4478,2.4478,0.024681300000000128,1.000000082740371e-09,0.0,0.0,0.009872520000000051,4.000000330961484e-10,,,,24.50052,0.0,1.0,2.480000027560436e-07
2025-08-18T18:00:00+02:00,2.324338901,1.3016499964181782,1.30165,0.4,1.30165,1.3016499964181782,1.022688901,0.0,0.0,3.5818217281047282e-09,0.40907556040000004,-2.8654573824837826e-10,,,,24.4671,0.0,0.78428998,0.0
2025-08-18T19:00:00+02:00,1.944880522,1.5337119485022908,0.45899999999999996,0.4,0.45899999999999996,0.45899999999999996,1.485880522,1.0747119485022907,0.0,0.0,0.5943522088000001,0.4298847794009163,,,,24.488293,0.0,0.70639123,0.0
2025-08-18T20:00:00+02:00,4.441038362,3.927438488689364,0.07264999999999999,0.4,0.07264999999999999,0.07264999999999999,4.368388361999999,3.854788488689364,0.0,0.0,1.7473553447999999,1.5419153954757459,,,,24.50052,0.0,0.63324671,2.480000027560436e-07
2025-08-18T21:00:00+02:00,3.684381634,1.2958414951867234,0.0,0.4,0.0,0.0,3.684381634,1.2958414951867234,0.0,0.0,1.4737526536,0.5183365980746893,,,,24.50052,0.0,0.54991337,2.480000027560436e-07
2025-08-18T22:00:00+02:00,7.947567753,4.595657942968766,0.0,0.28,0.0,0.0,7.947567753,4.595657942968766,0.0,0.0,2.2253189708400005,1.2867842240312546,,,,24.50052,0.0,0.49991337,2.480000027560436e-07
2025-08-18T23:00:00+02:00,2.001897588,5.501349843563277,0.0,0.28,0.0,0.0,2.001897588,5.501349843563277,0.0,0.0,0.56053132464,1.5403779561977178,,,,24.50052,0.0,0.34991337,2.480000027560436e-07
2025-08-19T00:00:00+02:00,0.602862627,5.714803416689365,0.0,0.18,0.0,0.0,0.602862627,5.714803416689365,0.0,0.0,0.10851527286,1.0286646150040857,,,,24.50052,0.0,0.33324671,2.480000027560436e-07
2025-08-19T01:00:00+02:00,0.604223755,9.879824960189364,0.0,0.18,0.0,0.0,0.604223755,9.879824960189364,0.0,0.0,0.1087602759,1.7783684928340855,,,,24.50052,0.0,0.28324671,2.480000027560436e-07
2025-08-19T02:00:00+02:00,0.605492126,0.932129906689364,0.0,0.18,0.0,0.0,0.605492126,0.932129906689364,0.0,0.0,0.10898858268,0.1677833832040855,,,,24.50052,0.0,0.23324671,2.480000027560436e-07
2025-08-19T03:00:00+02:00,0.6065813,9.879824901686723,0.0,0.18,0.0,0.0,0.6065813,9.879824901686723,0.0,0.0,0.10918463399999999,1.77836848230361,,,,24.50052,0.0,0.19991337,2.480000027560436e-07
2025-08-19T04:00:00+02:00,2.007813143,9.121225369688045,0.0,0.18,0.0,0.0,2.007813143,9.121225369688045,0.0,0.0,0.36140636573999996,1.641820566543848,,,,24.50052,0.0,0.16658004,2.480000027560436e-07
2025-08-19T05:00:00+02:00,0.607942429,1.3394412171462213,0.0,0.18,0.0,0.0,0.607942429,1.3394412171462213,0.0,0.0,0.10942963721999999,0.24109941908631982,,,,24.50052,0.0,0.52235135,2.480000027560436e-07
2025-08-19T06:00:00+02:00,1.029726498,0.608121625,0.0,0.28,0.0,0.0,1.029726498,0.608121625,0.0,0.0,0.28832341944000006,0.170274055,,,,24.144748,0.0,0.0,0.0
2025-08-19T07:00:00+02:00,1.488472707,0.607942429,0.0,0.28,0.0,0.0,1.488472707,0.607942429,0.0,0.0,0.41677235796,0.17022388012,,,,24.420624,0.0,0.0,0.0
2025-08-19T08:00:00+02:00,2.482115528,0.45780713518936395,0.2011,0.28,0.2011,0.2011,2.281015528,0.25670713518936394,0.0,0.0,0.6386843478400002,0.07187799785302192,,,,24.50052,0.0,0.18324671,2.480000027560436e-07
2025-08-19T09:00:00+02:00,1.093606191,0.7030932281867233,0.6603000000000001,0.28,0.6603000000000001,0.6603000000000001,0.4333061909999998,0.04279322818672315,0.0,0.0,0.12132573347999995,0.011982103892282485,,,,24.50052,0.0,0.34991337,2.480000027560436e-07
2025-08-19T10:00:00+02:00,1.298485227,1.1724999921867232,1.1724999999999999,0.28,1.1724999999999999,1.1724999921867232,0.12598522700000014,0.0,0.0,7.813276692303361e-09,0.035275863560000044,-6.250621353842689e-10,,,,24.50052,0.0,0.44991337,2.480000027560436e-07
2025-08-19T11:00:00+02:00,1.984445268,2.200250005329223,2.20025,0.28,1.984445268,2.20025,0.0,5.32922284079973e-09,0.21580473200000005,0.0,-0.017264378560000005,1.4921823954239246e-09,,,,24.50052,0.0,0.53324671,2.480000027560436e-07
2025-08-19T12:00:00+02:00,2.257500418,3.3165000043630046,3.3165,0.28,2.257500418,3.3165,0.0,4.363004624252653e-09,1.0589995820000002,0.0,-0.08471996656000001,1.221641294790743e-09,,,,24.50052,0.0,0.63324671,2.480000027560436e-07
2025-08-19T13:00:00+02:00,0.873191437,3.645049967439148,3.6450499999999995,0.28,0.873191437,3.645049967439148,0.0,0.0,2.7718585629999994,3.25608513485065e-08,-0.22174868503999995,-2.6048681078805205e-09,,,,24.50052,0.0,0.76658004,2.480000027560436e-07
2025-08-19T14:00:00+02:00,2.895845404,3.72420000289144,3.7242,0.28,2.895845404,3.7242,0.0,2.891439976338006e-09,0.828354596,0.0,-0.06626836768000001,8.096031933746417e-10,,,,24.50052,0.0,1.0,2.480000027560436e-07
2025-08-19T15:00:00+02:00,1.593312149,3.589549999878265,3.5895499999999996,0.28,1.593312149,3.589549999878265,0.0,0.0,1.9962378509999996,1.2173462238251886e-10,-0.15969902807999997,-9.73876979060151e-12,,,,24.3671,0.0,1.0,0.0
2025-08-19T16:00:00+02:00,1.991295441,3.1735500070000002,3.17355,0.28,1.991295441,3.17355,0.0,7.000000135093387e-09,1.182254559,0.0,-0.09458036472,1.9600000378261487e-09,,,,24.18925,0.0,1.0,0.0
2025-08-19T17:00:00+02:00,2.4724813,2.467800001,2.4678,0.4,2.4678,2.4678,0.00468130000000011,1.000000082740371e-09,0.0,0.0,0.0018725200000000441,4.000000330961484e-10,,,,24.091042,0.0,1.0,0.0
2025-08-19T18:00:00+02:00,6.322273159,1.6230739847416378,1.5269,0.4,1.5269,1.5269,4.795373159,0.09617398474163785,0.0,0.0,1.9181492636000002,0.03846959389665514,,,,24.042535,0.0,0.40159242,0.0
2025-08-19T19:00:00+02:00,9.904386844,1.5841292461867233,0.60365,0.4,0.60365,0.60365,9.300736844,0.9804792461867233,0.0,0.0,3.7202947375999997,0.3921916984746894,,,,24.50052,0.0,0.54991337,2.480000027560436e-07
2025-08-19T20:00:00+02:00,5.626455809,0.6897456081867233,0.0727,0.4,0.0727,0.0727,5.553755809,0.6170456081867233,0.0,0.0,2.2215023236,0.24681824327468932,,,,24.50052,0.0,0.34991337,2.480000027560436e-07
2025-08-19T21:00:00+02:00,0.759394427,0.6558184861880436,0.0,0.4,0.0,0.0,0.759394427,0.6558184861880436,0.0,0.0,0.30375777080000005,0.26232739447521747,,,,24.50052,0.0,0.31658004,2.480000027560436e-07
2025-08-19T22:00:00+02:00,2.245730697,1.0936755346893638,0.0,0.28,0.0,0.0,2.245730697,1.0936755346893638,0.0,0.0,0.6288045951600001,0.3062291497130219,,,,24.50052,0.0,0.33324671,2.480000027560436e-07
2025-08-19T23:00:00+02:00,2.001897588,0.9281392786893639,0.0,0.28,0.0,0.0,2.001897588,0.9281392786893639,0.0,0.0,0.56053132464,0.2598789980330219,,,,24.50052,0.0,0.23324671,2.480000027560436e-07
2025-08-20T00:00:00+02:00,0.602862627,9.879824886836758,0.0,0.18,0.0,0.0,0.602862627,9.879824886836758,0.0,0.0,0.10851527286,1.7783684796306163,,,,24.50052,0.0,0.083246708,2.480000027560436e-07
2025-08-20T01:00:00+02:00,0.604223755,8.894331215585076,0.0,0.18,0.0,0.0,0.604223755,8.894331215585076,0.0,0.0,0.1087602759,1.6009796188053136,,,,24.50052,0.0,0.099913375,2.480000027560436e-07
2025-08-20T02:00:00+02:00,0.605492126,1.5209998328254504,0.0,0.18,0.0,0.0,0.605492126,1.5209998328254504,0.0,0.0,0.10898858268,0.27377996990858106,,,,24.50052,0.0,0.0,2.480000027560436e-07
2025-08-20T03:00:00+02:00,0.6065813,0.6065813,0.0,0.18,0.0,0.0,0.6065813,0.6065813,0.0,0.0,0.10918463399999999,0.10918463399999999,,,,24.500433,0.0,0.0,0.0
2025-08-20T04:00:00+02:00,2.007813143,0.607417053,0.0,0.18,0.0,0.0,2.007813143,0.607417053,0.0,0.0,0.36140636573999996,0.10933506954000001,,,,24.450361,0.0,0.0,0.0
2025-08-20T05:00:00+02:00,0.607942429,0.607942429,0.0,0.18,0.0,0.0,0.607942429,0.607942429,0.0,0.0,0.10942963721999999,0.10942963721999999,,,,24.441967,0.0,0.0,0.0
2025-08-20T06:00:00+02:00,1.689067416,1.06012905,0.0,0.28,0.0,0.0,1.689067416,1.06012905,0.0,0.0,0.47293887648000005,0.29683613400000003,,,,24.40164,0.0,0.0,0.0
2025-08-20T07:00:00+02:00,1.880115736,0.999585458,0.0,0.28,0.0,0.0,1.880115736,0.999585458,0.0,0.0,0.5264324060800001,0.27988392824,,,,24.251366,0.0,0.0,0.0
2025-08-20T08:00:00+02:00,1.081719437,0.23795,0.23795,0.28,0.23795,0.23795,0.8437694370000001,0.0,0.0,0.0,0.23625544236000004,0.0,,,,24.042805,0.0,0.0,0.0
2025-08-20T09:00:00+02:00,1.080883684,1.043749996,1.04375,0.28,1.04375,1.043749996,0.037133684000000056,0.0,0.0,3.999999886872274e-09,0.010397431520000017,-3.1999999094978195e-10,,,,23.852338,0.0,0.0,0.0
2025-08-20T10:00:00+02:00,1.07979451,1.0797945119999999,1.9533500000000001,0.28,1.07979451,1.0797945119999999,0.0,0.0,0.8735554900000002,0.8735554880000003,-0.06988443920000002,-0.06988443904000002,,,,23.776948,0.0,0.0,0.0
2025-08-20T11:00:00+02:00,0.560255639,1.078526141,2.6827,0.28,0.560255639,1.078526141,0.0,0.0,2.1224443610000003,1.604173859,-0.16979554888000004,-0.12833390872,,,,23.864123,0.0,0.0,0.0
2025-08-20T12:00:00+02:00,0.196634733,1.0771650130000001,3.3166500000000005,0.28,0.196634733,1.0771650130000001,0.0,0.0,3.1200152670000003,2.2394849870000004,-0.24960122136000004,-0.17915879896000003,,,,24.053436,0.0,0.0,0.0
2025-08-20T13:00:00+02:00,0.195273604,1.075803884,3.64185,0.28,0.195273604,1.075803884,0.0,0.0,3.4465763959999998,2.566046116,-0.27572611168,-0.20528368928,,,,24.111197,0.0,0.0,0.0
2025-08-20T14:00:00+02:00,0.194005234,1.074535514,3.7018,0.28,0.194005234,1.074535514,0.0,0.0,3.507794766,2.627264486,-0.28062358128,-0.21018115888,,,,24.225997,0.0,0.0,0.0
2025-08-20T15:00:00+02:00,0.727496517,1.073446339,3.50735,0.28,0.727496517,1.073446339,0.0,0.0,2.779853483,2.4339036610000004,-0.22238827864000002,-0.19471229288000003,,,,24.254998,0.0,0.0,0.0
2025-08-20T16:00:00+02:00,1.072610585,1.0981379984089517,3.0900499999999997,0.28,1.072610585,1.0981379984089517,0.0,0.0,2.0174394149999997,1.991912001591048,-0.16139515319999997,-0.15935296012728384,,,,24.362498,0.0,0.018228708,0.0
2025-08-20T17:00:00+02:00,2.4724813,1.170754659188704,2.41445,0.4,2.41445,1.170754659188704,0.05803130000000012,0.0,0.0,1.243695340811296,0.02321252000000005,-0.09949562726490369,,,,24.50052,0.0,0.049913375,2.480000027560436e-07
2025-08-20T18:00:00+02:00,9.394920406,1.512500045,1.5125,0.4,1.5125,1.5125,7.8824204060000005,4.499999994855841e-08,0.0,0.0,3.1529681624000006,1.7999999979423365e-08,,,,24.50052,0.0,0.0,2.480000027560436e-07
2025-08-20T19:00:00+02:00,5.686448423,0.581450001,0.58145,0.4,0.58145,0.58145,5.104998423,9.999999717180685e-10,0.0,0.0,2.0419993692,3.999999886872274e-10,,,,24.500433,0.0,0.0,0.0
2025-08-20T20:00:00+02:00,1.541095901,0.200737498,0.06615,0.4,0.06615,0.06615,1.4749459010000001,0.13458749799999997,0.0,0.0,0.5899783604000001,0.05383499919999999,,,,24.433694,0.0,0.0,0.0
2025-08-20T21:00:00+02:00,0.192916059,0.19291605899999997,0.0,0.4,0.0,0.0,0.192916059,0.19291605899999997,0.0,0.0,0.0771664236,0.07716642359999999,,,,24.311412,0.0,0.0,0.0
2025-08-20T22:00:00+02:00,0.607759353,0.6077593530000001,0.0,0.28,0.0,0.0,0.607759353,0.6077593530000001,0.0,0.0,0.17017261884,0.17017261884000004,,,,24.05951,0.0,0.0,0.0
2025-08-20T23:00:00+02:00,0.601501498,0.601501498,0.0,0.28,0.0,0.0,0.601501498,0.601501498,0.0,0.0,0.16842041944,0.16842041944,,,,23.782925,0.0,0.0,0.0
2025-08-21T00:00:00+02:00,0.602862627,6.904711127000001,0.0,0.18,0.0,0.0,0.602862627,6.904711127000001,0.0,0.0,0.10851527286,1.24284800286,,,,23.602437,0.0,0.0,0.0
2025-08-21T01:00:00+02:00,0.604223755,0.604223755,0.0,0.18,0.0,0.0,0.604223755,0.604223755,0.0,0.0,0.1087602759,0.1087602759,,,,23.302031,0.0,0.0,0.0
2025-08-21T02:00:00+02:00,0.605492126,5.8871886259999995,0.0,0.18,0.0,0.0,0.605492126,5.8871886259999995,0.0,0.0,0.10898858268,1.0596939526799998,,,,22.985026,0.0,0.0,0.0
2025-08-21T03:00:00+02:00,0.6065813,0.6065813,0.0,0.18,0.0,0.0,0.6065813,0.6065813,0.0,0.0,0.10918463399999999,0.10918463399999999,,,,22.670855,0.0,0.0,0.0
2025-08-21T04:00:00+02:00,0.607417053,0.607417053,0.0,0.18,0.0,0.0,0.607417053,0.607417053,0.0,0.0,0.10933506954000001,0.10933506954000001,,,,22.309046,0.0,0.0,0.0
2025-08-21T05:00:00+02:00,0.607942429,0.607942429,0.0,0.18,0.0,0.0,0.607942429,0.607942429,0.0,0.0,0.10942963721999999,0.10942963721999999,,,,22.007538,0.0,0.0,0.0
2025-08-21T06:00:00+02:00,1.432835218,1.4328352180000001,0.0,0.28,0.0,0.0,1.432835218,1.4328352180000001,0.0,0.0,0.40119386104,0.4011938610400001,,,,21.772948,0.0,0.0,0.0
2025-08-21T07:00:00+02:00,0.607942429,0.607942429,0.0,0.28,0.0,0.0,0.607942429,0.607942429,0.0,0.0,0.17022388012,0.17022388012,,,,21.61079,0.0,0.0,0.0
2025-08-21T08:00:00+02:00,0.511648026,0.2343,0.2343,0.28,0.2343,0.2343,0.277348026,0.0,0.0,0.0,0.07765744728000001,0.0,,,,21.508992,0.0,0.0,0.0
2025-08-21T09:00:00+02:00,1.080883684,1.052849996,1.0528499999999998,0.28,1.0528499999999998,1.052849996,0.02803368400000017,0.0,0.0,3.999999886872274e-09,0.007849431520000049,-3.1999999094978195e-10,,,,21.407493,0.0,0.0,0.0
2025-08-21T10:00:00+02:00,1.07979451,1.0797945119999999,1.9469,0.28,1.07979451,1.0797945119999999,0.0,0.0,0.8671054900000001,0.8671054880000002,-0.0693684392,-0.06936843904000002,,,,21.456244,0.0,0.0,0.0
2025-08-21T11:00:00+02:00,1.078526139,1.078526141,2.7274,0.28,1.078526139,1.078526141,0.0,0.0,1.6488738609999998,1.6488738589999998,-0.13190990887999998,-0.13190990872,,,,21.64687,0.0,0.0,0.0
2025-08-21T12:00:00+02:00,1.049150416,0.805453053,3.28865,0.28,1.049150416,0.805453053,0.0,0.0,2.239499584,2.483196947,-0.17915996671999998,-0.19865575576000002,,,,21.922392,0.0,0.0,0.0
2025-08-21T13:00:00+02:00,0.195273604,1.075803884,3.61145,0.28,0.195273604,1.075803884,0.0,0.0,3.416176396,2.535646116,-0.27329411168,-0.20285168928000002,,,,22.385327,0.0,0.0,0.0
2025-08-21T14:00:00+02:00,0.194005234,1.074535514,3.6615499999999996,0.28,0.194005234,1.074535514,0.0,0.0,3.4675447659999996,2.5870144859999997,-0.27740358128,-0.20696115888,,,,22.921106,0.0,0.0,0.0
2025-08-21T15:00:00+02:00,0.192916059,1.073446339,3.44445,0.28,0.192916059,1.073446339,0.0,0.0,3.251533941,2.3710036609999996,-0.26012271527999997,-0.18968029287999996,,,,23.550921,0.0,0.0,0.0
2025-08-21T16:00:00+02:00,0.192080307,1.2906016619022682,3.0671,0.28,0.192080307,1.2906016619022682,0.0,0.0,2.875019693,1.7764983380977317,-0.23000157544,-0.14211986704781854,,,,24.142434,0.0,0.15566387,0.0
2025-08-21T17:00:00+02:00,0.632360037,1.591951021,2.4051,0.4,0.632360037,1.591951021,0.0,0.0,1.772739963,0.8131489789999999,-0.14181919704,-0.06505191832,,,,24.529698,0.0,1.0,0.0
2025-08-21T18:00:00+02:00,2.472302104,1.5269000350000002,1.5269,0.4,1.5269,1.5269,0.9454021040000002,3.5000000231377726e-08,0.0,0.0,0.37816084160000013,1.4000000092551091e-08,,,,23.924748,0.0,0.0,0.0
2025-08-21T19:00:00+02:00,9.329261658,0.5762000009999999,0.5761999999999999,0.4,0.5761999999999999,0.5761999999999999,8.753061658,9.999999717180685e-10,0.0,0.0,3.5012246632000004,3.999999886872274e-10,,,,24.320624,0.0,0.0,0.0
2025-08-21T20:00:00+02:00,3.942658135,1.329366073,0.05985000000000001,0.4,0.05985000000000001,0.05985000000000001,3.882808135,1.2695160730000001,0.0,0.0,1.553123254,0.5078064292000001,,,,24.50052,0.0,0.0,2.480000027560436e-07
2025-08-21T21:00:00+02:00,1.329868958,1.329868958,0.0,0.4,0.0,0.0,1.329868958,1.329868958,0.0,0.0,0.5319475832,0.5319475832,,,,24.4671,0.0,0.0,0.0
2025-08-21T22:00:00+02:00,0.618865761,0.618865761,0.0,0.28,0.0,0.0,0.618865761,0.618865761,0.0,0.0,0.17328241308000003,0.17328241308000003,,,,24.355916,0.0,0.0,0.0
2025-08-21T23:00:00+02:00,0.601501498,0.601501498,0.0,0.28,0.0,0.0,0.601501498,0.601501498,0.0,0.0,0.16842041944,0.16842041944,,,,24.213264,0.0,0.0,0.0
2025-08-22T00:00:00+02:00,0.602862627,6.214304127,0.0,0.18,0.0,0.0,0.602862627,6.214304127,0.0,0.0,0.10851527286,1.11857474286,,,,24.07772,0.0,0.0,0.0
2025-08-22T01:00:00+02:00,0.604223755,0.604223755,0.0,0.18,0.0,0.0,0.604223755,0.604223755,0.0,0.0,0.1087602759,0.1087602759,,,,24.0481,0.0,0.0,0.0
2025-08-22T02:00:00+02:00,0.605492126,0.605492126,0.0,0.18,0.0,0.0,0.605492126,0.605492126,0.0,0.0,0.10898858268,0.10898858268,,,,24.023417,0.0,0.0,0.0
2025-08-22T03:00:00+02:00,0.6065813,0.6065813,0.0,0.18,0.0,0.0,0.6065813,0.6065813,0.0,0.0,0.10918463399999999,0.10918463399999999,,,,23.969514,0.0,0.0,0.0
2025-08-22T04:00:00+02:00,0.607417053,0.607417053,0.0,0.18,0.0,0.0,0.607417053,0.607417053,0.0,0.0,0.10933506954000001,0.10933506954000001,,,,23.874595,0.0,0.0,0.0
2025-08-22T05:00:00+02:00,0.607942429,0.607942429,0.0,0.18,0.0,0.0,0.607942429,0.607942429,0.0,0.0,0.10942963721999999,0.10942963721999999,,,,23.712162,0.0,0.0,0.0
2025-08-22T06:00:00+02:00,0.608121625,0.608121625,0.0,0.28,0.0,0.0,0.608121625,0.608121625,0.0,0.0,0.170274055,0.170274055,,,,23.476802,0.0,0.0,0.0
2025-08-22T07:00:00+02:00,0.282960114,0.282960114,0.0,0.28,0.0,0.0,0.282960114,0.282960114,0.0,0.0,0.07922883192,0.07922883192,,,,23.247335,0.0,0.0,0.0
2025-08-22T08:00:00+02:00,0.683114641,0.23165,0.23164999999999997,0.28,0.23164999999999997,0.23164999999999997,0.451464641,2.7755575615628914e-17,0.0,0.0,0.12641009948,7.771561172376097e-18,,,,23.022779,0.0,0.0,0.0
2025-08-22T09:00:00+02:00,1.080883684,1.046549996,1.0465499999999999,0.28,1.0465499999999999,1.046549996,0.03433368400000014,0.0,0.0,3.999999886872274e-09,0.00961343152000004,-3.1999999094978195e-10,,,,22.835649,0.0,0.0,0.0
2025-08-22T10:00:00+02:00,1.07979451,1.0797945119999999,1.9882,0.28,1.07979451,1.0797945119999999,0.0,0.0,0.90840549,0.9084054880000001,-0.07267243920000001,-0.07267243904000001,,,,22.813041,0.0,0.0,0.0
2025-08-22T11:00:00+02:00,1.078526139,1.078526141,2.7941000000000003,0.28,1.078526139,1.078526141,0.0,0.0,1.7155738610000002,1.7155738590000003,-0.13724590888000002,-0.13724590872000003,,,,22.927534,0.0,0.0,0.0
2025-08-22T12:00:00+02:00,0.703205813,1.0771650130000001,3.3722000000000003,0.28,0.703205813,1.0771650130000001,0.0,0.0,2.6689941870000005,2.295034987,-0.21351953496000003,-0.18360279896,,,,23.172945,0.0,0.0,0.0
2025-08-22T13:00:00+02:00,0.195273604,1.075803884,3.6393500000000003,0.28,0.195273604,1.075803884,0.0,0.0,3.4440763960000003,2.5635461160000004,-0.27552611168,-0.20508368928000004,,,,23.527454,0.0,0.0,0.0
2025-08-22T14:00:00+02:00,0.194005234,1.074535514,3.6390499999999997,0.28,0.194005234,1.074535514,0.0,0.0,3.4450447659999996,2.5645144859999998,-0.27560358127999995,-0.20516115887999997,,,,23.906212,0.0,0.0,0.0
2025-08-22T15:00:00+02:00,0.192916059,0.910495739,3.52165,0.28,0.192916059,0.910495739,0.0,0.0,3.3287339410000003,2.6111542610000003,-0.26629871528000004,-0.20889234088000003,,,,24.08851,0.0,0.0,0.0
2025-08-22T16:00:00+02:00,0.541747062,0.192080307,3.11515,0.28,0.541747062,0.192080307,0.0,0.0,2.573402938,2.923069693,-0.20587223504000002,-0.23384557544,,,,24.307092,0.0,0.0,0.0
2025-08-22T17:00:00+02:00,1.072085209,0.19155493099999998,2.4107000000000003,0.4,1.072085209,0.19155493099999998,0.0,0.0,1.3386147910000004,2.2191450690000005,-0.10708918328000003,-0.17753160552000005,,,,24.372576,0.0,0.0,0.0
2025-08-22T18:00:00+02:00,1.071906013,0.191375735,1.5218500000000001,0.4,1.071906013,0.191375735,0.0,0.0,0.44994398700000016,1.330474265,-0.035995518960000014,-0.10643794120000001,,,,24.443814,0.0,0.0,0.0
2025-08-22T19:00:00+02:00,0.447628727,0.19155493099999998,0.5811999999999999,0.4,0.447628727,0.19155493099999998,0.0,0.0,0.13357127299999993,0.38964506899999996,-0.010685701839999995,-0.031171605519999996,,,,24.486511,0.0,0.0,0.0
2025-08-22T20:00:00+02:00,0.192080307,0.192080307,0.054349999999999996,0.4,0.054349999999999996,0.054349999999999996,0.137730307,0.137730307,0.0,0.0,0.055092122800000004,0.055092122800000004,,,,24.488759,0.0,0.0,0.0
2025-08-22T21:00:00+02:00,7.492499688,0.19291605899999997,0.0,0.4,0.0,0.0,7.492499688,0.19291605899999997,0.0,0.0,2.9969998752,0.07716642359999999,,,,24.4573,0.0,0.0,0.0
2025-08-22T22:00:00+02:00,21.699169197,7.190929300564085,0.0,0.28,0.0,0.0,21.699169197,7.190929300564085,0.0,0.0,6.075767375160001,2.013460204157944,,,,24.281083,0.0,0.0,0.0
2025-08-22T23:00:00+02:00,6.964360153,5.455021740407945,0.0,0.28,0.0,0.0,6.964360153,5.455021740407945,0.0,0.0,1.9500208428400003,1.5274060873142248,,,,24.100902,0.0,0.0,0.0
2025-08-23T00:00:00+02:00,0.602862627,8.883392907000001,0.0,0.18,0.0,0.0,0.602862627,8.883392907000001,0.0,0.0,0.10851527286,1.5990107232600002,,,,23.984085,0.0,0.0,0.0
2025-08-23T01:00:00+02:00,0.604223755,4.362428255,0.0,0.18,0.0,0.0,0.604223755,4.362428255,0.0,0.0,0.1087602759,0.7852370859,,,,24.003404,0.0,0.0,0.0
2025-08-23T02:00:00+02:00,0.605492126,0.605492126,0.0,0.18,0.0,0.0,0.605492126,0.605492126,0.0,0.0,0.10898858268,0.10898858268,,,,23.93617,0.0,0.0,0.0
2025-08-23T03:00:00+02:00,0.6065813,0.6065813,0.0,0.18,0.0,0.0,0.6065813,0.6065813,0.0,0.0,0.10918463399999999,0.10918463399999999,,,,23.796809,0.0,0.0,0.0
2025-08-23T04:00:00+02:00,0.607417053,0.607417053,0.0,0.18,0.0,0.0,0.607417053,0.607417053,0.0,0.0,0.10933506954000001,0.10933506954000001,,,,23.697341,0.0,0.0,0.0
2025-08-23T05:00:00+02:00,0.607942429,0.607942429,0.0,0.18,0.0,0.0,0.607942429,0.607942429,0.0,0.0,0.10942963721999999,0.10942963721999999,,,,23.51445,0.0,0.0,0.0
2025-08-23T06:00:00+02:00,1.854765123,1.8547651230000002,0.0,0.28,0.0,0.0,1.854765123,1.8547651230000002,0.0,0.0,0.51933423444,0.5193342344400002,,,,23.262042,0.0,0.0,0.0
2025-08-23T07:00:00+02:00,1.254517855,1.254517855,0.0,0.28,0.0,0.0,1.254517855,1.254517855,0.0,0.0,0.35126499940000006,0.35126499940000006,,,,22.918368,0.0,0.0,0.0
2025-08-23T08:00:00+02:00,0.550142369,0.23070000000000002,0.23070000000000002,0.28,0.23070000000000002,0.23070000000000002,0.319442369,0.0,0.0,0.0,0.08944386332000001,0.0,,,,22.615307,0.0,0.0,0.0
2025-08-23T09:00:00+02:00,1.080883684,1.057799996,1.0578,0.28,1.0578,1.057799996,0.023083683999999938,0.0,0.0,4.000000108916879e-09,0.0064634315199999836,-3.200000087133503e-10,,,,22.412756,0.0,0.0,0.0
2025-08-23T10:00:00+02:00,1.07979451,1.748983902,1.98,0.28,1.07979451,1.748983902,0.0,0.0,0.90020549,0.231016098,-0.0720164392,-0.01848128784,,,,22.477297,0.0,0.0,0.0
2025-08-23T11:00:00+02:00,1.078526139,1.078526141,2.76675,0.28,1.078526139,1.078526141,0.0,0.0,1.688223861,1.688223859,-0.13505790888,-0.13505790872,,,,22.797747,0.0,0.0,0.0
2025-08-23T12:00:00+02:00,0.791488695,2.529276744,3.3024000000000004,0.28,0.791488695,2.529276744,0.0,0.0,2.5109113050000005,0.7731232560000003,-0.20087290440000005,-0.061849860480000025,,,,23.281456,0.0,1.0,0.0
2025-08-23T13:00:00+02:00,1.81983796,2.70036824,3.6037000000000003,0.28,1.81983796,2.70036824,0.0,0.0,1.7838620400000003,0.9033317600000004,-0.1427089632,-0.07226654080000003,,,,22.884547,0.0,1.0,0.0
2025-08-23T14:00:00+02:00,1.649543856,2.530074136,3.6327499999999997,0.28,1.649543856,2.530074136,0.0,0.0,1.9832061439999997,1.1026758639999996,-0.15865649151999997,-0.08821406911999997,,,,22.703789,0.0,1.0,0.0
2025-08-23T15:00:00+02:00,1.593312149,3.458899979,3.4589,0.28,1.593312149,3.458899979,0.0,0.0,1.865587851,2.099999996119095e-08,-0.14924702807999998,-1.6799999968952762e-09,,,,22.653157,0.0,0.0,0.0
2025-08-23T16:00:00+02:00,8.719759649,3.0157999970000002,3.0157999999999996,0.28,3.0157999999999996,3.0157999970000002,5.703959649000001,0.0,0.0,2.9999993600426933e-09,1.5971087017200003,-2.3999994880341545e-10,,,,23.710964,0.0,1.0,0.0
2025-08-23T17:00:00+02:00,9.8724813,2.438500001,2.4385,0.4,2.4385,2.4385,7.433981300000001,1.000000082740371e-09,0.0,0.0,2.9735925200000004,4.000000330961484e-10,,,,23.59247,0.0,1.0,0.0
2025-08-23T18:00:00+02:00,5.064688797,1.3591499999157695,1.3591499999999999,0.4,1.3591499999999999,1.3591499999157695,3.705538797,0.0,0.0,8.423040043226138e-11,1.4822155188000001,-6.73843203458091e-12,,,,23.477059,0.0,0.83388855,0.0
2025-08-23T19:00:00+02:00,4.832539523,2.551613154,0.52715,0.4,0.52715,0.52715,4.3053895230000006,2.024463154,0.0,0.0,1.7221558092000002,0.8097852616000001,,,,23.46366,0.0,0.0,0.0
2025-08-23T20:00:00+02:00,3.131043393,2.833778885251105,0.042699999999999995,0.4,0.042699999999999995,0.042699999999999995,3.088343393,2.791078885251105,0.0,0.0,1.2353373572000002,1.1164315541004421,,,,24.136384,0.0,0.029799922,0.0
2025-08-23T21:00:00+02:00,0.624302065,0.46584922568936393,0.0,0.4,0.0,0.0,0.624302065,0.46584922568936393,0.0,0.0,0.249720826,0.1863396902757456,,,,24.50052,0.0,0.13324671,2.480000027560436e-07
2025-08-23T22:00:00+02:00,2.554517031,0.600233128,0.0,0.28,0.0,0.0,2.554517031,0.600233128,0.0,0.0,0.7152647686800001,0.16806527584,,,,24.50052,0.0,0.0,2.480000027560436e-07
2025-08-23T23:00:00+02:00,0.601501498,0.601501498,0.0,0.28,0.0,0.0,0.601501498,0.601501498,0.0,0.0,0.16842041944,0.16842041944,,,,24.4671,0.0,0.0,0.0
2025-08-24T00:00:00+02:00,0.602862627,1.0262899312235323,0.0,0.18,0.0,0.0,0.602862627,1.0262899312235323,0.0,0.0,0.10851527286,0.1847321876202358,,,,24.355916,0.0,0.0,0.0
2025-08-24T01:00:00+02:00,0.604223755,1.0797352748293687,0.0,0.18,0.0,0.0,0.604223755,1.0797352748293687,0.0,0.0,0.1087602759,0.19435234946928637,,,,24.17993,0.0,0.0,0.0
2025-08-24T02:00:00+02:00,0.605492126,0.605492126,0.0,0.18,0.0,0.0,0.605492126,0.605492126,0.0,0.0,0.10898858268,0.10898858268,,,,23.949942,0.0,0.0,0.0
2025-08-24T03:00:00+02:00,0.6065813,0.6065813,0.0,0.18,0.0,0.0,0.6065813,0.6065813,0.0,0.0,0.10918463399999999,0.10918463399999999,,,,23.724952,0.0,0.0,0.0
2025-08-24T04:00:00+02:00,0.607417053,0.607417053,0.0,0.18,0.0,0.0,0.607417053,0.607417053,0.0,0.0,0.10933506954000001,0.10933506954000001,,,,23.504126,0.0,0.0,0.0
2025-08-24T05:00:00+02:00,0.607942429,0.607942429,0.0,0.18,0.0,0.0,0.607942429,0.607942429,0.0,0.0,0.10942963721999999,0.10942963721999999,,,,23.336772,0.0,0.0,0.0
2025-08-24T06:00:00+02:00,1.423431301,0.608121625,0.0,0.28,0.0,0.0,1.423431301,0.608121625,0.0,0.0,0.39856076428000003,0.170274055,,,,23.09731,0.0,0.0,0.0
2025-08-24T07:00:00+02:00,1.488472707,0.607942429,0.0,0.28,0.0,0.0,1.488472707,0.607942429,0.0,0.0,0.41677235796,0.17022388012,,,,22.881092,0.0,0.0,0.0
2025-08-24T08:00:00+02:00,1.081719437,0.22555,0.22554999999999997,0.28,0.22554999999999997,0.22554999999999997,0.8561694370000001,2.7755575615628914e-17,0.0,0.0,0.23972744236000007,7.771561172376097e-18,,,,22.634243,0.0,0.0,0.0
2025-08-24T09:00:00+02:00,1.080883684,1.020899996,1.0209,0.28,1.0209,1.020899996,0.05998368400000009,0.0,0.0,3.999999886872274e-09,0.01679543152000003,-3.1999999094978195e-10,,,,22.461869,0.0,0.0,0.0
2025-08-24T10:00:00+02:00,1.07979451,2.027500002,2.0275000000000003,0.28,1.07979451,2.0275000000000003,0.0,1.999999721391532e-09,0.9477054900000004,0.0,-0.07581643920000003,5.599999219896291e-10,,,,22.618224,0.0,0.0,0.0
2025-08-24T11:00:00+02:00,0.300788553,2.8257000409999997,2.8257,0.28,0.300788553,2.8257,0.0,4.099999983964153e-08,2.524911447,0.0,-0.20199291576,1.147999995509963e-08,,,,23.09852,0.0,0.0,0.0
2025-08-24T12:00:00+02:00,0.196634733,3.3823500129999995,3.38235,0.28,0.196634733,3.38235,0.0,1.2999999299267984e-08,3.185715267,0.0,-0.25485722136,3.6399998037950358e-09,,,,23.715434,0.0,0.0,0.0
2025-08-24T13:00:00+02:00,0.195273604,3.644399984,3.6444,0.28,0.195273604,3.644399984,0.0,0.0,3.449126396,1.5999999991578306e-08,-0.27593011168000003,-1.2799999993262646e-09,,,,24.462861,0.0,0.0,0.0
2025-08-24T14:00:00+02:00,1.594401324,3.678150037766952,3.67815,0.28,1.594401324,3.67815,0.0,3.776695178814293e-08,2.083748676,0.0,-0.16669989408,1.0574746500680023e-08,,,,25.169051,0.0,0.65879413,0.0
2025-08-24T15:00:00+02:00,1.593312149,3.568450029,3.5684500000000003,0.28,1.593312149,3.5684500000000003,0.0,2.89999997349355e-08,1.9751378510000004,0.0,-0.15801102808000003,8.11999992578194e-09,,,,25.148748,0.0,1.0,0.0
2025-08-24T16:00:00+02:00,1.592476397,3.099099997,3.0991,0.28,1.592476397,3.099099997,0.0,0.0,1.506623603,2.999999804131903e-09,-0.12052988824000001,-2.3999998433055227e-10,,,,24.840624,0.0,1.0,0.0
2025-08-24T17:00:00+02:00,2.350284765,2.4042000010000004,2.4042,0.4,2.350284765,2.4042,0.0,1.0000005268295808e-09,0.05391523499999984,0.0,-0.004313218799999987,4.0000021073183235e-10,,,,24.50052,0.0,1.0,2.480000027560436e-07
2025-08-24T18:00:00+02:00,2.472302104,1.535600005283496,1.5356,0.4,1.5356,1.5356,0.9367021040000001,5.283495863039889e-09,0.0,0.0,0.37468084160000004,2.1133983452159555e-09,,,,24.1171,0.0,0.95988862,0.0
2025-08-24T19:00:00+02:00,2.4724813,0.5629500009040044,0.5629500000000001,0.4,0.5629500000000001,0.5629500000000001,1.9095313,9.040043158492495e-10,0.0,0.0,0.7638125200000001,3.616017263396998e-10,,,,23.704361,0.0,0.26520716,0.0
2025-08-24T20:00:00+02:00,0.735761292,0.366601381,0.04575,0.4,0.04575,0.04575,0.690011292,0.320851381,0.0,0.0,0.2760045168,0.1283405524,,,,24.021761,0.0,0.0,0.0
2025-08-24T21:00:00+02:00,0.230245226,0.45295884263261443,0.0,0.4,0.0,0.0,0.230245226,0.45295884263261443,0.0,0.0,0.0920980904,0.1811835370530458,,,,24.451467,0.0,0.15903616,0.0
2025-08-24T22:00:00+02:00,2.018698903,0.7815610451880436,0.0,0.28,0.0,0.0,2.018698903,0.7815610451880436,0.0,0.0,0.5652356928400001,0.21883709265265222,,,,24.50052,0.0,0.11658004,2.480000027560436e-07
2025-08-24T23:00:00+02:00,0.614356199,0.7309345633885718,0.0,0.28,0.0,0.0,0.614356199,0.7309345633885718,0.0,0.0,0.17201973572000004,0.20466167774880012,,,,24.50052,0.0,0.083246708,2.480000027560436e-07
2025-08-25T00:00:00+02:00,0.602862627,1.2082308666887038,0.0,0.18,0.0,0.0,0.602862627,1.2082308666887038,0.0,0.0,0.10851527286,0.21748155600396668,,,,24.50052,0.0,0.099913375,2.480000027560436e-07
2025-08-25T01:00:00+02:00,0.604223755,0.604223755,0.0,0.18,0.0,0.0,0.604223755,0.604223755,0.0,0.0,0.1087602759,0.1087602759,,,,24.50052,0.0,0.0,2.480000027560436e-07
2025-08-25T02:00:00+02:00,0.605492126,0.605492126,0.0,0.18,0.0,0.0,0.605492126,0.605492126,0.0,0.0,0.10898858268,0.10898858268,,,,24.4671,0.0,0.0,0.0
2025-08-25T03:00:00+02:00,0.6065813,0.6065813,0.0,0.18,0.0,0.0,0.6065813,0.6065813,0.0,0.0,0.10918463399999999,0.10918463399999999,,,,24.372583,0.0,0.0,0.0
2025-08-25T04:00:00+02:00,0.607417053,0.607417053,0.0,0.18,0.0,0.0,0.607417053,0.607417053,0.0,0.0,0.10933506954000001,0.10933506954000001,,,,24.277153,0.0,0.0,0.0
2025-08-25T05:00:00+02:00,0.607942429,0.607942429,0.0,0.18,0.0,0.0,0.607942429,0.607942429,0.0,0.0,0.10942963721999999,0.10942963721999999,,,,24.164294,0.0,0.0,0.0
2025-08-25T06:00:00+02:00,0.608121625,0.608121625,0.0,0.28,0.0,0.0,0.608121625,0.608121625,0.0,0.0,0.170274055,0.170274055,,,,24.036912,0.0,0.0,0.0
2025-08-25T07:00:00+02:00,0.282960114,0.282960114,0.0,0.28,0.0,0.0,0.282960114,0.282960114,0.0,0.0,0.07922883192,0.07922883192,,,,23.93076,0.0,0.0,0.0
2025-08-25T08:00:00+02:00,0.529797394,0.2245,0.22449999999999998,0.28,0.22449999999999998,0.22449999999999998,0.30529739400000006,2.7755575615628914e-17,0.0,0.0,0.08548327032000003,7.771561172376097e-18,,,,23.808966,0.0,0.0,0.0
2025-08-25T09:00:00+02:00,1.080883684,1.035499996,1.0355,0.28,1.0355,1.035499996,0.045383683999999924,0.0,0.0,4.000000108916879e-09,0.01270743151999998,-3.200000087133503e-10,,,,23.707472,0.0,0.0,0.0
2025-08-25T10:00:00+02:00,1.07979451,0.19926423199999999,1.9874,0.28,1.07979451,0.19926423199999999,0.0,0.0,0.9076054900000001,1.788135768,-0.07260843920000001,-0.14305086144,,,,23.772893,0.0,0.0,0.0
2025-08-25T11:00:00+02:00,1.078526139,1.942232261,2.823,0.28,1.078526139,1.942232261,0.0,0.0,1.744473861,0.8807677389999999,-0.13955790888,-0.07046141912,,,,23.994078,0.0,0.0,0.0
2025-08-25T12:00:00+02:00,1.077165011,0.196634733,3.3632999999999997,0.28,1.077165011,0.196634733,0.0,0.0,2.286134989,3.166665267,-0.18289079911999997,-0.25333322136,,,,24.345065,0.0,0.0,0.0
2025-08-25T13:00:00+02:00,0.881449894,3.656199984,3.6562,0.28,0.881449894,3.656199984,0.0,0.0,2.774750106,1.5999999991578306e-08,-0.22198000848,-1.2799999993262646e-09,,,,24.787554,0.0,0.0,0.0
2025-08-25T14:00:00+02:00,0.194005234,0.19400523399999997,3.7325000000000004,0.28,0.194005234,0.19400523399999997,0.0,0.0,3.5384947660000003,3.5384947660000003,-0.28307958128000005,-0.28307958128000005,,,,25.239628,0.0,0.0,0.0
2025-08-25T15:00:00+02:00,0.192916059,1.073446339,3.5251,0.28,0.192916059,1.073446339,0.0,0.0,3.3321839410000003,2.451653661,-0.26657471528000004,-0.19613229288,,,,25.683024,0.0,0.0,0.0
2025-08-25T16:00:00+02:00,0.192080307,0.192080307,3.11325,0.28,0.192080307,0.192080307,0.0,0.0,2.921169693,2.921169693,-0.23369357544,-0.23369357544,,,,26.00252,0.0,0.0,0.0
2025-08-25T17:00:00+02:00,0.191554931,2.396350011,2.39635,0.4,0.191554931,2.39635,0.0,1.1000000021965661e-08,2.2047950689999998,0.0,-0.17638360552,4.400000008786265e-09,,,,26.168766,0.0,0.0,0.0
2025-08-25T18:00:00+02:00,0.191375735,1.500600035,1.5006,0.4,0.191375735,1.5006,0.0,3.500000000933312e-08,1.3092242649999999,0.0,-0.10473794119999999,1.400000000373325e-08,,,,26.207305,0.0,0.0,0.0
2025-08-25T19:00:00+02:00,0.191554931,0.551600001,0.5516,0.4,0.191554931,0.5516,0.0,9.999999717180685e-10,0.360045069,0.0,-0.02880360552,3.999999886872274e-10,,,,26.339421,0.0,0.0,0.0
2025-08-25T20:00:00+02:00,0.192080307,0.192080307,0.03755,0.4,0.03755,0.03755,0.154530307,0.154530307,0.0,0.0,0.06181212280000001,0.06181212280000001,,,,26.382851,0.0,0.0,0.0
2025-08-25T21:00:00+02:00,0.192916059,0.19291605899999997,0.0,0.4,0.0,0.0,0.192916059,0.19291605899999997,0.0,0.0,0.0771664236,0.07716642359999999,,,,26.352376,0.0,0.0,0.0
2025-08-25T22:00:00+02:00,0.275250813,0.275250813,0.0,0.28,0.0,0.0,0.275250813,0.275250813,0.0,0.0,0.07707022764,0.07707022764,,,,26.193646,0.0,0.0,0.0
2025-08-25T23:00:00+02:00,0.276519183,0.276519183,0.0,0.28,0.0,0.0,0.276519183,0.276519183,0.0,0.0,0.07742537124000001,0.07742537124000001,,,,25.978039,0.0,0.0,0.0
2025-08-26T00:00:00+02:00,0.277880312,0.27788031199999996,0.0,0.18,0.0,0.0,0.277880312,0.27788031199999996,0.0,0.0,0.05001845616,0.05001845615999999,,,,25.748366,0.0,0.0,0.0
2025-08-26T01:00:00+02:00,0.27924144,0.27924144,0.0,0.18,0.0,0.0,0.27924144,0.27924144,0.0,0.0,0.0502634592,0.0502634592,,,,25.523638,0.0,0.0,0.0
2025-08-26T02:00:00+02:00,0.280509811,0.280509811,0.0,0.18,0.0,0.0,0.280509811,0.280509811,0.0,0.0,0.05049176598,0.05049176598,,,,25.303032,0.0,0.0,0.0
2025-08-26T03:00:00+02:00,0.281598985,0.28159898499999997,0.0,0.18,0.0,0.0,0.281598985,0.28159898499999997,0.0,0.0,0.0506878173,0.05068781729999999,,,,25.102526,0.0,0.0,0.0
2025-08-26T04:00:00+02:00,0.282434738,0.599396898,0.0,0.18,0.0,0.0,0.282434738,0.599396898,0.0,0.0,0.05083825284,0.10789144163999999,,,,24.835439,0.0,0.0,0.0
2025-08-26T05:00:00+02:00,0.282960114,1.163490394,0.0,0.18,0.0,0.0,0.282960114,1.163490394,0.0,0.0,0.05093282052,0.20942827092000002,,,,24.529532,0.0,0.0,0.0
2025-08-26T06:00:00+02:00,0.28313931,0.28313931,0.0,0.28,0.0,0.0,0.28313931,0.28313931,0.0,0.0,0.0792790068,0.0792790068,,,,24.241277,0.0,0.0,0.0
2025-08-26T07:00:00+02:00,0.282960114,0.282960114,0.0,0.28,0.0,0.0,0.282960114,0.282960114,0.0,0.0,0.07922883192,0.07922883192,,,,23.967731,0.0,0.0,0.0
2025-08-26T08:00:00+02:00,0.953882429,0.201189159,0.1736,0.28,0.1736,0.1736,0.780282429,0.027589159000000002,0.0,0.0,0.21847908012000003,0.007724964520000001,,,,23.756442,0.0,0.0,0.0
2025-08-26T09:00:00+02:00,1.080883684,0.639499996,0.6395000000000001,0.28,0.6395000000000001,0.639499996,0.44138368399999994,0.0,0.0,4.000000108916879e-09,0.12358743152,-3.200000087133503e-10,,,,23.697035,0.0,0.0,0.0
2025-08-26T10:00:00+02:00,1.07979451,0.5908000019999999,0.5908,0.28,0.5908,0.5908,0.48899450999999994,1.999999943436137e-09,0.0,0.0,0.1369184628,5.599999841621184e-10,,,,23.980863,0.0,0.0,0.0
2025-08-26T11:00:00+02:00,1.865605517,2.6125000000830343,2.6125,0.28,1.865605517,2.6125,0.0,8.303446819013516e-11,0.7468944829999997,0.0,-0.05975155863999998,2.3249651093237846e-11,,,,24.517386,0.0,0.078905004,0.0
2025-08-26T12:00:00+02:00,7.692084648,2.023000000201469,2.023,0.28,2.023,2.023,5.669084648,2.014690636542582e-10,0.0,0.0,1.5873437014400003,5.64113378231923e-11,,,,25.10225,0.0,0.52427277,0.0
2025-08-26T13:00:00+02:00,8.995669694,3.535249974,3.5352499999999996,0.28,3.5352499999999996,3.535249974,5.4604196940000005,0.0,0.0,2.5999999486714387e-08,1.5289175143200002,-2.079999958937151e-09,,,,25.327602,0.0,1.0,0.0
2025-08-26T14:00:00+02:00,8.994401324,0.8392499999372485,0.83925,0.28,0.83925,0.8392499999372485,8.155151324,0.0,0.0,6.275158170865325e-11,2.2834423707200004,-5.02012653669226e-12,,,,25.089668,0.0,0.46075876,0.0
2025-08-26T15:00:00+02:00,8.993312149,2.183049999,2.18305,0.28,2.18305,2.183049999,6.810262149,0.0,0.0,1.000000082740371e-09,1.9068734017200002,-8.000000661922968e-11,,,,25.447298,0.0,1.0,0.0
2025-08-26T16:00:00+02:00,9.171181473,2.410699997,2.4107000000000003,0.28,2.4107000000000003,2.410699997,6.7604814730000005,0.0,0.0,3.000000248221113e-09,1.8929348124400003,-2.4000001985768904e-10,,,,25.172748,0.0,1.0,0.0
2025-08-26T17:00:00+02:00,3.116483234,1.591951021,0.21855,0.4,0.21855,0.21855,2.897933234,1.373401021,0.0,0.0,1.1591732936,0.5493604084,,,,24.860624,0.0,1.0,0.0
2025-08-26T18:00:00+02:00,2.472302104,1.1015118771867234,0.10015000000000002,0.4,0.10015000000000002,0.10015000000000002,2.372152104,1.0013618771867234,0.0,0.0,0.9488608416000001,0.4005447508746894,,,,24.50052,0.0,0.64991337,2.480000027560436e-07
2025-08-26T19:00:00+02:00,2.102872135,0.9616514641867233,0.058499999999999996,0.4,0.058499999999999996,0.058499999999999996,2.044372135,0.9031514641867233,0.0,0.0,0.8177488540000001,0.3612605856746893,,,,24.50052,0.0,0.54991337,2.480000027560436e-07
2025-08-26T20:00:00+02:00,1.83535063,0.9483117946880436,0.0042499999999999994,0.4,0.0042499999999999994,0.0042499999999999994,1.83110063,0.9440617946880436,0.0,0.0,0.732440252,0.37762471787521745,,,,24.50052,0.0,0.36658004,2.480000027560436e-07
2025-08-26T21:00:00+02:00,2.47140187,2.6346601021880436,0.0,0.4,0.0,0.0,2.47140187,2.6346601021880436,0.0,0.0,0.9885607479999999,1.0538640408752176,,,,24.50052,0.0,0.11658004,2.480000027560436e-07
2025-08-26T22:00:00+02:00,1.465633115,1.5822114793885718,0.0,0.28,0.0,0.0,1.465633115,1.5822114793885718,0.0,0.0,0.41037727220000003,0.44301921422880014,,,,24.50052,0.0,0.083246708,2.480000027560436e-07
2025-08-26T23:00:00+02:00,0.601501498,0.7414197976887037,0.0,0.28,0.0,0.0,0.601501498,0.7414197976887037,0.0,0.0,0.16842041944,0.20759754335283706,,,,24.50052,0.0,0.099913375,2.480000027560436e-07
2025-08-27T00:00:00+02:00,2.003258717,8.929951466888573,0.0,0.18,0.0,0.0,2.003258717,8.929951466888573,0.0,0.0,0.36058656906,1.607391264039943,,,,24.50052,0.0,0.033246708,2.480000027560436e-07
2025-08-27T01:00:00+02:00,2.004619845,8.884754035,0.0,0.18,0.0,0.0,2.004619845,8.884754035,0.0,0.0,0.3608315721,1.5992557263,,,,24.50052,0.0,0.0,2.480000027560436e-07
2025-08-27T02:00:00+02:00,0.605492126,8.886022406,0.0,0.18,0.0,0.0,0.605492126,8.886022406,0.0,0.0,0.10898858268,1.59948403308,,,,24.500433,0.0,0.0,0.0
2025-08-27T03:00:00+02:00,0.6065813,8.887111580000001,0.0,0.18,0.0,0.0,0.6065813,8.887111580000001,0.0,0.0,0.10918463399999999,1.5996800844,,,,24.467028,0.0,0.0,0.0
2025-08-27T04:00:00+02:00,0.607417053,1.4879473330000001,0.0,0.18,0.0,0.0,0.607417053,1.4879473330000001,0.0,0.0,0.10933506954000001,0.26783051994,,,,24.43919,0.0,0.0,0.0
2025-08-27T05:00:00+02:00,0.607942429,8.888472709,0.0,0.18,0.0,0.0,0.607942429,8.888472709,0.0,0.0,0.10942963721999999,1.59992508762,,,,24.399325,0.0,0.0,0.0
2025-08-27T06:00:00+02:00,0.608121625,0.608121625,0.0,0.28,0.0,0.0,0.608121625,0.608121625,0.0,0.0,0.170274055,0.170274055,,,,24.316104,0.0,0.0,0.0
2025-08-27T07:00:00+02:00,0.607942429,0.607942429,0.0,0.28,0.0,0.0,0.607942429,0.607942429,0.0,0.0,0.17022388012,0.17022388012,,,,24.21342,0.0,0.0,0.0
2025-08-27T08:00:00+02:00,0.201189159,0.201189159,0.0095,0.28,0.0095,0.0095,0.191689159,0.191689159,0.0,0.0,0.053672964520000005,0.053672964520000005,,,,24.111183,0.0,0.0,0.0
2025-08-27T09:00:00+02:00,0.818479132,0.20035340599999998,0.05355,0.28,0.05355,0.05355,0.764929132,0.14680340599999997,0.0,0.0,0.21418015696000003,0.04110495367999999,,,,24.059319,0.0,0.0,0.0
2025-08-27T10:00:00+02:00,1.07979451,0.19926423199999999,0.124,0.28,0.124,0.124,0.9557945099999999,0.07526423199999999,0.0,0.0,0.2676224628,0.021073984959999997,,,,24.149433,0.0,0.0,0.0
2025-08-27T11:00:00+02:00,1.078526139,0.197995861,0.16085000000000002,0.28,0.16085000000000002,0.16085000000000002,0.917676139,0.037145860999999974,0.0,0.0,0.25694931892,0.010400841079999994,,,,24.291194,0.0,0.0,0.0
2025-08-27T12:00:00+02:00,1.077165011,0.726143343,0.20085000000000003,0.28,0.20085000000000003,0.20085000000000003,0.876315011,0.525293343,0.0,0.0,0.24536820308,0.14708213604,,,,24.509328,0.0,0.0,0.0
2025-08-27T13:00:00+02:00,2.476199973,0.2271,0.22710000000000002,0.28,0.22710000000000002,0.2271,2.249099973,0.0,0.0,2.7755575615628914e-17,0.62974799244,-2.220446049250313e-18,,,,24.941107,0.0,0.0,0.0
2025-08-27T14:00:00+02:00,2.474931603,1.8730157512735137,0.32255000000000006,0.28,0.32255000000000006,0.32255000000000006,2.152381603,1.5504657512735136,0.0,0.0,0.60266684884,0.43413041035658384,,,,25.434256,0.0,0.57018171,0.0
2025-08-27T15:00:00+02:00,1.073446337,2.4738424290000003,0.5357,0.28,0.5357,0.5357,0.5377463370000001,1.9381424290000004,0.0,0.0,0.15056897436000002,0.5426798801200001,,,,25.341698,0.0,1.0,0.0
2025-08-27T16:00:00+02:00,2.473006676,1.592476397,0.28500000000000003,0.28,0.28500000000000003,0.28500000000000003,2.1880066759999997,1.3074763969999998,0.0,0.0,0.61264186928,0.36609339116,,,,24.884748,0.0,1.0,0.0
2025-08-27T17:00:00+02:00,8.806783966,1.591951021,0.2353,0.4,0.2353,0.2353,8.571483965999999,1.356651021,0.0,0.0,3.4285935864,0.5426604084000001,,,,24.620624,0.0,1.0,0.0
2025-08-27T18:00:00+02:00,8.991771825,1.358251169689364,0.51835,0.4,0.51835,0.51835,8.473421825,0.839901169689364,0.0,0.0,3.3893687300000006,0.3359604678757456,,,,24.50052,0.0,0.83324671,2.480000027560436e-07
2025-08-27T19:00:00+02:00,9.109788709,2.2586602036867234,0.05415,0.4,0.05415,0.05415,9.055638709,2.2045102036867235,0.0,0.0,3.6222554836,0.8818040814746895,,,,24.50052,0.0,0.69991337,2.480000027560436e-07
2025-08-27T20:00:00+02:00,3.201620704,2.3272002951867234,0.00265,0.4,0.00265,0.00265,3.198970704,2.3245502951867234,0.0,0.0,1.2795882816000002,0.9298201180746895,,,,24.50052,0.0,0.44991337,2.480000027560436e-07
2025-08-27T21:00:00+02:00,2.4504222,0.6469367941880436,0.0,0.4,0.0,0.0,2.4504222,0.6469367941880436,0.0,0.0,0.9801688800000001,0.2587747176752175,,,,24.50052,0.0,0.31658004,2.480000027560436e-07
2025-08-27T22:00:00+02:00,0.694365642,0.9268709086893638,0.0,0.28,0.0,0.0,0.694365642,0.9268709086893638,0.0,0.0,0.19442237976,0.2595238544330219,,,,24.50052,0.0,0.23324671,2.480000027560436e-07
2025-08-27T23:00:00+02:00,0.601501498,0.7880996696893638,0.0,0.28,0.0,0.0,0.601501498,0.7880996696893638,0.0,0.0,0.16842041944,0.2206679075130219,,,,24.50052,0.0,0.13324671,2.480000027560436e-07
2025-08-28T00:00:00+02:00,0.602862627,1.09597450523847,0.0,0.18,0.0,0.0,0.602862627,1.09597450523847,0.0,0.0,0.10851527286,0.19727541094292458,,,,24.50052,0.0,0.049913375,2.480000027560436e-07
2025-08-28T01:00:00+02:00,2.004619845,1.2256508947617892,0.0,0.18,0.0,0.0,2.004619845,1.2256508947617892,0.0,0.0,0.3608315721,0.22061716105712206,,,,24.50052,0.0,0.0,2.480000027560436e-07
2025-08-28T02:00:00+02:00,0.605492126,0.605492126,0.0,0.18,0.0,0.0,0.605492126,0.605492126,0.0,0.0,0.10898858268,0.10898858268,,,,24.4671,0.0,0.0,0.0
2025-08-28T03:00:00+02:00,0.6065813,0.6065813,0.0,0.18,0.0,0.0,0.6065813,0.6065813,0.0,0.0,0.10918463399999999,0.10918463399999999,,,,24.422583,0.0,0.0,0.0
2025-08-28T04:00:00+02:00,0.607417053,0.607417053,0.0,0.18,0.0,0.0,0.607417053,0.607417053,0.0,0.0,0.10933506954000001,0.10933506954000001,,,,24.235486,0.0,0.0,0.0
2025-08-28T05:00:00+02:00,0.607942429,0.607942429,0.0,0.18,0.0,0.0,0.607942429,0.607942429,0.0,0.0,0.10942963721999999,0.10942963721999999,,,,24.196238,0.0,0.0,0.0
2025-08-28T06:00:00+02:00,0.608121625,0.608121625,0.0,0.28,0.0,0.0,0.608121625,0.608121625,0.0,0.0,0.170274055,0.170274055,,,,23.963532,0.0,0.0,0.0
2025-08-28T07:00:00+02:00,0.607942429,0.607942429,0.0,0.28,0.0,0.0,0.607942429,0.607942429,0.0,0.0,0.17022388012,0.17022388012,,,,23.736277,0.0,0.0,0.0
2025-08-28T08:00:00+02:00,0.55117351,0.2263,0.22629999999999997,0.28,0.22629999999999997,0.22629999999999997,0.3248735100000001,2.7755575615628914e-17,0.0,0.0,0.09096458280000003,7.771561172376097e-18,,,,23.663564,0.0,0.0,0.0
2025-08-28T09:00:00+02:00,1.080883684,0.567299996,0.5672999999999999,0.28,0.5672999999999999,0.567299996,0.5135836840000001,0.0,0.0,3.999999886872274e-09,0.14380343152000005,-3.1999999094978195e-10,,,,23.619637,0.0,0.0,0.0
2025-08-28T10:00:00+02:00,1.362530809,1.070600002,1.0706,0.28,1.0706,1.0706,0.2919308089999999,1.999999943436137e-09,0.0,0.0,0.08174062651999998,5.599999841621184e-10,,,,23.78303,0.0,0.0,0.0
2025-08-28T11:00:00+02:00,1.826478706,1.605549967,1.60555,0.28,1.60555,1.605549967,0.22092870600000003,0.0,0.0,3.3000000065896984e-08,0.061860037680000014,-2.640000005271759e-09,,,,24.002525,0.0,0.0,0.0
2025-08-28T12:00:00+02:00,2.701729368,3.0735499598202174,3.0735500000000004,0.28,2.701729368,3.0735499598202174,0.0,0.0,0.3718206320000004,4.017978305626002e-08,-0.02974565056000003,-3.2143826445008018e-09,,,,24.218771,0.0,0.0,0.0
2025-08-28T13:00:00+02:00,0.414363649,3.796250041525858,3.7962499999999997,0.28,0.414363649,3.7962499999999997,0.0,4.152585830752287e-08,3.3818863509999995,0.0,-0.27055090808,1.1627240326106403e-08,,,,24.365643,0.0,0.0,0.0
2025-08-28T14:00:00+02:00,0.194005234,3.8180500139999998,3.81805,0.28,0.194005234,3.81805,0.0,1.3999999826097564e-08,3.624044766,0.0,-0.28992358128,3.919999951307318e-09,,,,24.021369,0.0,0.0,0.0
2025-08-28T15:00:00+02:00,0.192916059,3.426550039,3.4265499999999998,0.28,0.192916059,3.4265499999999998,0.0,3.900000011825e-08,3.233633941,0.0,-0.25869071528,1.0920000033110001e-08,,,,23.801141,0.0,0.0,0.0
2025-08-28T16:00:00+02:00,0.998772902,3.044649987,3.04465,0.28,0.998772902,3.044649987,0.0,0.0,2.045877098,1.2999999743357193e-08,-0.16367016784000002,-1.0399999794685756e-09,,,,23.784284,0.0,0.0,0.0
2025-08-28T17:00:00+02:00,1.072085209,2.270200011,2.2702,0.4,1.072085209,2.2702,0.0,1.1000000021965661e-08,1.198114791,0.0,-0.09584918328000001,4.400000008786265e-09,,,,23.820237,0.0,0.0,0.0
2025-08-28T18:00:00+02:00,0.480110386,0.940050003,0.9400499999999999,0.4,0.480110386,0.9400499999999999,0.0,3.000000026176508e-09,0.45993961399999994,0.0,-0.03679516912,1.2000000104706034e-09,,,,23.633531,0.0,0.0,0.0
2025-08-28T19:00:00+02:00,0.293313049,0.527349999,0.52735,0.4,0.293313049,0.527349999,0.0,0.0,0.234036951,9.999999717180685e-10,-0.01872295608,-7.999999773744549e-11,,,,23.327942,0.0,0.0,0.0
2025-08-28T20:00:00+02:00,1.80308977,1.80308977,0.024449999999999996,0.4,0.024449999999999996,0.024449999999999996,1.7786397699999998,1.7786397699999998,0.0,0.0,0.711455908,0.711455908,,,,23.139952,0.0,0.0,0.0
2025-08-28T21:00:00+02:00,0.681883419,0.6818834189999999,0.0,0.4,0.0,0.0,0.681883419,0.6818834189999999,0.0,0.0,0.2727533676,0.27275336759999996,,,,23.016626,0.0,0.0,0.0
2025-08-28T22:00:00+02:00,0.699348282,0.699348282,0.0,0.28,0.0,0.0,0.699348282,0.699348282,0.0,0.0,0.19581751896000002,0.19581751896000002,,,,22.847189,0.0,0.0,0.0
2025-08-28T23:00:00+02:00,0.601501498,0.601501498,0.0,0.28,0.0,0.0,0.601501498,0.601501498,0.0,0.0,0.16842041944,0.16842041944,,,,22.605991,0.0,0.0,0.0
2025-08-29T00:00:00+02:00,0.602862627,0.602862627,0.0,0.18,0.0,0.0,0.602862627,0.602862627,0.0,0.0,0.10851527286,0.10851527286,,,,22.454992,0.0,0.0,0.0
2025-08-29T01:00:00+02:00,0.604223755,0.604223755,0.0,0.18,0.0,0.0,0.604223755,0.604223755,0.0,0.0,0.1087602759,0.1087602759,,,,22.195827,0.0,0.0,0.0
2025-08-29T02:00:00+02:00,0.605492126,0.605492126,0.0,0.18,0.0,0.0,0.605492126,0.605492126,0.0,0.0,0.10898858268,0.10898858268,,,,22.063189,0.0,0.0,0.0
2025-08-29T03:00:00+02:00,0.6065813,0.6065813,0.0,0.18,0.0,0.0,0.6065813,0.6065813,0.0,0.0,0.10918463399999999,0.10918463399999999,,,,21.919324,0.0,0.0,0.0
2025-08-29T04:00:00+02:00,0.607417053,0.607417053,0.0,0.18,0.0,0.0,0.607417053,0.607417053,0.0,0.0,0.10933506954000001,0.10933506954000001,,,,21.68277,0.0,0.0,0.0
2025-08-29T05:00:00+02:00,0.607942429,0.607942429,0.0,0.18,0.0,0.0,0.607942429,0.607942429,0.0,0.0,0.10942963721999999,0.10942963721999999,,,,21.352308,0.0,0.0,0.0
2025-08-29T06:00:00+02:00,2.335449878,0.608121625,0.0,0.28,0.0,0.0,2.335449878,0.608121625,0.0,0.0,0.6539259658400001,0.170274055,,,,21.026924,0.0,0.0,0.0
2025-08-29T07:00:00+02:00,0.609781405,0.607942429,0.0,0.28,0.0,0.0,0.609781405,0.607942429,0.0,0.0,0.1707387934,0.17022388012,,,,20.822436,0.0,0.0,0.0
2025-08-29T08:00:00+02:00,2.368467232,1.4879369539999998,0.21944999999999998,0.28,0.21944999999999998,0.21944999999999998,2.149017232,1.2684869539999999,0.0,0.0,0.60172482496,0.35517634712,,,,20.635364,0.0,0.0,0.0
2025-08-29T09:00:00+02:00,1.080883684,1.144300002,1.1443,0.28,1.080883684,1.1443,0.0,1.999999943436137e-09,0.06341631600000008,0.0,-0.005073305280000007,5.599999841621184e-10,,,,20.47947,0.0,0.0,0.0
2025-08-29T10:00:00+02:00,1.07979451,2.179099982,2.1791,0.28,1.07979451,2.179099982,0.0,0.0,1.09930549,1.800000015705905e-08,-0.08794443920000002,-1.440000012564724e-09,,,,20.482891,0.0,0.0,0.0
2025-08-29T11:00:00+02:00,1.078526139,3.017450041,3.0174499999999997,0.28,1.078526139,3.0174499999999997,0.0,4.100000028373074e-08,1.9389238609999997,0.0,-0.15511390887999998,1.1480000079444609e-08,,,,20.735743,0.0,0.0,0.0
2025-08-29T12:00:00+02:00,1.077165011,3.443900013,3.4438999999999997,0.28,1.077165011,3.4438999999999997,0.0,1.3000000187446403e-08,2.366734989,0.0,-0.18933879911999998,3.640000052484993e-09,,,,21.179786,0.0,0.0,0.0
2025-08-29T13:00:00+02:00,0.440513225,3.7937499839999997,3.79375,0.28,0.440513225,3.7937499839999997,0.0,0.0,3.353236775,1.6000000435667516e-08,-0.268258942,-1.2800000348534012e-09,,,,21.699821,0.0,0.0,0.0
2025-08-29T14:00:00+02:00,0.194005234,1.1585173869999998,3.7931,0.28,0.194005234,1.1585173869999998,0.0,0.0,3.599094766,2.634582613,-0.28792758128,-0.21076660904,,,,22.283185,0.0,0.0,0.0
2025-08-29T15:00:00+02:00,0.801062609,1.073446339,3.4962500000000003,0.28,0.801062609,1.073446339,0.0,0.0,2.695187391,2.4228036610000006,-0.21561499128000003,-0.19382429288000005,,,,22.91932,0.0,0.0,0.0
2025-08-29T16:00:00+02:00,1.072610585,1.072610587,3.2683,0.28,1.072610585,1.072610587,0.0,0.0,2.195689415,2.195689413,-0.1756551532,-0.17565515304,,,,23.632767,0.0,0.0,0.0
2025-08-29T17:00:00+02:00,1.072085209,2.5568500103528082,2.55685,0.4,1.072085209,2.55685,0.0,1.0352808388347512e-08,1.484764791,0.0,-0.11878118328,4.141123355339005e-09,,,,24.310639,0.0,0.36609698,0.0
2025-08-29T18:00:00+02:00,0.907992913,1.5757500053659974,1.57575,0.4,0.907992913,1.57575,0.0,5.365997424178204e-09,0.667757087,0.0,-0.053420566960000006,2.1463989696712814e-09,,,,24.492769,0.0,0.98855908,0.0
2025-08-29T19:00:00+02:00,2.174022771,0.773626681,0.5371,0.4,0.5371,0.5371,1.636922771,0.23652668099999996,0.0,0.0,0.6547691084,0.09461067239999998,,,,23.888748,0.0,0.0,0.0
2025-08-29T20:00:00+02:00,3.395120867,1.994724777,0.00845,0.4,0.00845,0.00845,3.3866708670000003,1.986274777,0.0,0.0,1.3546683468000003,0.7945099108,,,,24.340624,0.0,0.0,0.0
2025-08-29T21:00:00+02:00,0.562462895,0.19291605899999997,0.0,0.4,0.0,0.0,0.562462895,0.19291605899999997,0.0,0.0,0.22498515800000002,0.07716642359999999,,,,24.50052,0.0,0.0,2.480000027560436e-07
2025-08-29T22:00:00+02:00,1.206364617,0.615329572,0.0,0.28,0.0,0.0,1.206364617,0.615329572,0.0,0.0,0.33778209276000004,0.17229228016000003,,,,24.433766,0.0,0.0,0.0
2025-08-29T23:00:00+02:00,0.733714537,0.618982334,0.0,0.28,0.0,0.0,0.733714537,0.618982334,0.0,0.0,0.20544007036000003,0.17331505352,,,,24.161472,0.0,0.0,0.0
2025-08-30T00:00:00+02:00,0.602862627,1.2215497997088445,0.0,0.18,0.0,0.0,0.602862627,1.2215497997088445,0.0,0.0,0.10851527286,0.219878963947592,,,,23.801227,0.0,0.0,0.0
2025-08-30T01:00:00+02:00,0.604223755,1.088502794368564,0.0,0.18,0.0,0.0,0.604223755,1.088502794368564,0.0,0.0,0.1087602759,0.1959305029863415,,,,23.417689,0.0,0.0,0.0
2025-08-30T02:00:00+02:00,0.605492126,0.605492126,0.0,0.18,0.0,0.0,0.605492126,0.605492126,0.0,0.0,0.10898858268,0.10898858268,,,,23.014741,0.0,0.0,0.0
2025-08-30T03:00:00+02:00,0.6065813,0.6065813,0.0,0.18,0.0,0.0,0.6065813,0.6065813,0.0,0.0,0.10918463399999999,0.10918463399999999,,,,22.628951,0.0,0.0,0.0
2025-08-30T04:00:00+02:00,0.607417053,0.607417053,0.0,0.18,0.0,0.0,0.607417053,0.607417053,0.0,0.0,0.10933506954000001,0.10933506954000001,,,,22.224126,0.0,0.0,0.0
2025-08-30T05:00:00+02:00,0.607942429,0.607942429,0.0,0.18,0.0,0.0,0.607942429,0.607942429,0.0,0.0,0.10942963721999999,0.10942963721999999,,,,21.970105,0.0,0.0,0.0
2025-08-30T06:00:00+02:00,0.608121625,0.608121625,0.0,0.28,0.0,0.0,0.608121625,0.608121625,0.0,0.0,0.170274055,0.170274055,,,,21.608421,0.0,0.0,0.0
2025-08-30T07:00:00+02:00,0.607942429,0.607942429,0.0,0.28,0.0,0.0,0.607942429,0.607942429,0.0,0.0,0.17022388012,0.17022388012,,,,21.24035,0.0,0.0,0.0
2025-08-30T08:00:00+02:00,2.556867452,0.201189159,0.1698,0.28,0.1698,0.1698,2.387067452,0.031389159,0.0,0.0,0.6683788865600001,0.008788964520000001,,,,20.850292,0.0,0.0,0.0
2025-08-30T09:00:00+02:00,1.080883684,0.545399996,0.5454,0.28,0.5454,0.545399996,0.535483684,0.0,0.0,3.999999997894577e-09,0.14993543152000002,-3.1999999983156616e-10,,,,20.658577,0.0,0.0,0.0
2025-08-30T10:00:00+02:00,1.07979451,1.029900002,1.0299,0.28,1.0299,1.0299,0.04989450999999989,1.999999943436137e-09,0.0,0.0,0.01397046279999997,5.599999841621184e-10,,,,20.765481,0.0,0.0,0.0
2025-08-30T11:00:00+02:00,1.078526139,1.078526141,1.8372,0.28,1.078526139,1.078526141,0.0,0.0,0.7586738609999999,0.758673859,-0.060693908879999994,-0.060693908719999995,,,,21.254567,0.0,0.0,0.0
2025-08-30T12:00:00+02:00,1.077165011,1.0771650130000001,3.237,0.28,1.077165011,1.0771650130000001,0.0,0.0,2.159834989,2.159834987,-0.17278679912000003,-0.17278679896000002,,,,21.812139,0.0,0.0,0.0
2025-08-30T13:00:00+02:00,0.348513851,1.075803884,2.9362500000000002,0.28,0.348513851,1.075803884,0.0,0.0,2.5877361490000004,1.8604461160000003,-0.20701889192000003,-0.14883568928000002,,,,22.376783,0.0,0.0,0.0
2025-08-30T14:00:00+02:00,0.194005234,1.074535514,3.41335,0.28,0.194005234,1.074535514,0.0,0.0,3.219344766,2.338814486,-0.25754758128,-0.18710515888,,,,22.980652,0.0,0.0,0.0
2025-08-30T15:00:00+02:00,0.273754754,2.645949639,3.4485000000000006,0.28,0.273754754,2.645949639,0.0,0.0,3.1747452460000005,0.8025503610000007,-0.25397961968000005,-0.06420402888000006,,,,23.500544,0.0,0.0,0.0
2025-08-30T16:00:00+02:00,9.679571701,2.764249987,2.7642500000000005,0.28,2.7642500000000005,2.764249987,6.915321701,0.0,0.0,1.3000000631535613e-08,1.9362900762800002,-1.040000050522849e-09,,,,24.000453,0.0,0.0,0.0
2025-08-30T17:00:00+02:00,6.840842198,1.5497000006536177,1.5497,0.4,1.5497,1.5497,5.291142197999999,6.536176044846798e-10,0.0,0.0,2.1164568792,2.614470417938719e-10,,,,24.333711,0.0,0.06746864,0.0
2025-08-30T18:00:00+02:00,1.437512832,1.413400004,1.4134,0.4,1.4134,1.4134,0.024112831999999917,4.000000108916879e-09,0.0,0.0,0.009645132799999968,1.6000000435667518e-09,,,,24.460624,0.0,0.0,0.0
2025-08-30T19:00:00+02:00,3.081112623,2.2005823450000004,0.43479999999999996,0.4,0.43479999999999996,0.43479999999999996,2.646312623,1.7657823450000003,0.0,0.0,1.0585250492,0.7063129380000002,,,,24.50052,0.0,0.0,2.480000027560436e-07
2025-08-30T20:00:00+02:00,1.522302372,1.113939457,0.015200000000000002,0.4,0.015200000000000002,0.015200000000000002,1.5071023719999999,1.098739457,0.0,0.0,0.6028409487999999,0.4394957828,,,,24.4671,0.0,0.0,0.0
2025-08-30T21:00:00+02:00,2.982304124,0.608632914,0.0,0.4,0.0,0.0,2.982304124,0.608632914,0.0,0.0,1.1929216496000001,0.2434531656,,,,24.372583,0.0,0.0,0.0
2025-08-30T22:00:00+02:00,7.723904982,4.316719056282043,0.0,0.28,0.0,0.0,7.723904982,4.316719056282043,0.0,0.0,2.1626933949600002,1.208681335758972,,,,24.093819,0.0,0.0,0.0
2025-08-30T23:00:00+02:00,3.795466007,7.192197670564085,0.0,0.28,0.0,0.0,3.795466007,7.192197670564085,0.0,0.0,1.06273048196,2.013815347757944,,,,23.828183,0.0,0.0,0.0
2025-08-31T00:00:00+02:00,0.602862627,2.658012867787971,0.0,0.18,0.0,0.0,0.602862627,2.658012867787971,0.0,0.0,0.10851527286,0.47844231620183475,,,,23.556819,0.0,0.0,0.0
2025-08-31T01:00:00+02:00,0.604223755,1.0247692259293024,0.0,0.18,0.0,0.0,0.604223755,1.0247692259293024,0.0,0.0,0.1087602759,0.18445846066727442,,,,23.397349,0.0,0.0,0.0
2025-08-31T02:00:00+02:00,0.605492126,0.605492126,0.0,0.18,0.0,0.0,0.605492126,0.605492126,0.0,0.0,0.10898858268,0.10898858268,,,,23.281124,0.0,0.0,0.0
2025-08-31T03:00:00+02:00,0.6065813,0.6065813,0.0,0.18,0.0,0.0,0.6065813,0.6065813,0.0,0.0,0.10918463399999999,0.10918463399999999,,,,23.167604,0.0,0.0,0.0
2025-08-31T04:00:00+02:00,0.607417053,0.607417053,0.0,0.18,0.0,0.0,0.607417053,0.607417053,0.0,0.0,0.10933506954000001,0.10933506954000001,,,,23.006336,0.0,0.0,0.0
2025-08-31T05:00:00+02:00,0.607942429,0.607942429,0.0,0.18,0.0,0.0,0.607942429,0.607942429,0.0,0.0,0.10942963721999999,0.10942963721999999,,,,22.838614,0.0,0.0,0.0
2025-08-31T06:00:00+02:00,0.608121625,0.608121625,0.0,0.28,0.0,0.0,0.608121625,0.608121625,0.0,0.0,0.170274055,0.170274055,,,,22.698845,0.0,0.0,0.0
2025-08-31T07:00:00+02:00,0.607942429,0.607942429,0.0,0.28,0.0,0.0,0.607942429,0.607942429,0.0,0.0,0.17022388012,0.17022388012,,,,22.532371,0.0,0.0,0.0
2025-08-31T08:00:00+02:00,0.201189159,0.2028,0.20279999999999998,0.28,0.201189159,0.20279999999999998,0.0,2.7755575615628914e-17,0.001610840999999974,0.0,-0.00012886727999999792,7.771561172376097e-18,,,,22.393642,0.0,0.0,0.0
2025-08-31T09:00:00+02:00,0.200353406,1.0483999960000001,1.0484,0.28,0.200353406,1.0483999960000001,0.0,0.0,0.8480465939999999,3.999999886872274e-09,-0.06784372752,-3.1999999094978195e-10,,,,22.328035,0.0,0.0,0.0
2025-08-31T10:00:00+02:00,0.199264232,2.053250002,2.05325,0.28,0.199264232,2.05325,0.0,2.000000165480742e-09,1.8539857679999998,0.0,-0.14831886143999998,5.600000463346079e-10,,,,22.506696,0.0,0.0,0.0
2025-08-31T11:00:00+02:00,0.471530993,1.078526141,2.93445,0.28,0.471530993,1.078526141,0.0,0.0,2.462919007,1.855923859,-0.19703352056,-0.14847390872,,,,22.888913,0.0,0.0,0.0
2025-08-31T12:00:00+02:00,1.077165011,1.0771650130000001,3.4154500000000003,0.28,1.077165011,1.0771650130000001,0.0,0.0,2.3382849890000004,2.338284987,-0.18706279912000004,-0.18706279896000003,,,,23.424094,0.0,0.0,0.0
2025-08-31T13:00:00+02:00,1.075803882,1.075803884,3.6984500000000002,0.28,1.075803882,1.075803884,0.0,0.0,2.6226461180000005,2.6226461160000003,-0.20981168944000003,-0.20981168928000002,,,,23.936745,0.0,0.0,0.0
2025-08-31T14:00:00+02:00,1.074535512,1.074535514,3.76685,0.28,1.074535512,1.074535514,0.0,0.0,2.692314488,2.692314486,-0.21538515904,-0.21538515887999998,,,,24.480621,0.0,0.0,0.0
2025-08-31T15:00:00+02:00,1.073446337,1.247405067731538,3.5825,0.28,1.073446337,1.247405067731538,0.0,0.0,2.509053663,2.335094932268462,-0.20072429304,-0.18680759458147697,,,,25.033851,0.0,0.12422109,0.0
2025-08-31T16:00:00+02:00,2.473006676,2.473006677,3.18415,0.28,2.473006676,2.473006677,0.0,0.0,0.711143324,0.7111433229999999,-0.05689146592,-0.056891465839999995,,,,25.320655,0.0,1.0,0.0
2025-08-31T17:00:00+02:00,1.072085209,2.4912000020000002,2.4912,0.4,1.072085209,2.4912,0.0,2.000000165480742e-09,1.4191147910000002,0.0,-0.11352918328000002,8.000000661922968e-10,,,,24.717212,0.0,1.0,0.0
2025-08-31T18:00:00+02:00,2.472302104,1.5502499976601722,1.55025,0.4,1.55025,1.5502499976601722,0.9220521040000003,0.0,0.0,2.3398276649544414e-09,0.3688208416000001,-1.8718621319635531e-10,,,,24.18101,0.0,0.85954369,0.0
2025-08-31T19:00:00+02:00,3.775295548,1.494369179,0.5008,0.4,0.5008,0.5008,3.274495548,0.993569179,0.0,0.0,1.3097982192000002,0.39742767160000003,,,,23.691298,0.0,0.0,0.0
2025-08-31T20:00:00+02:00,2.224306448,0.922549736,0.0084,0.4,0.0084,0.0084,2.215906448,0.914149736,0.0,0.0,0.8863625792000001,0.3656598944,,,,24.092748,0.0,0.0,0.0
2025-08-31T21:00:00+02:00,0.7966885,0.19291605899999997,0.0,0.4,0.0,0.0,0.7966885,0.19291605899999997,0.0,0.0,0.31867540000000005,0.07716642359999999,,,,24.360624,0.0,0.0,0.0
2025-08-31T22:00:00+02:00,0.617278259,0.7338566233885717,0.0,0.28,0.0,0.0,0.617278259,0.7338566233885717,0.0,0.0,0.17283791252000003,0.2054798545488001,,,,24.50052,0.0,0.083246708,2.480000027560436e-07
2025-08-31T23:00:00+02:00,0.601501498,0.7180798623885717,0.0,0.28,0.0,0.0,0.601501498,0.7180798623885717,0.0,0.0,0.16842041944,0.2010623614688001,,,,24.50052,0.0,0.083246708,2.480000027560436e-07
2025-09-01T00:00:00+02:00,2.003258717,0.602862627,0.0,0.18,0.0,0.0,2.003258717,0.602862627,0.0,0.0,0.36058656906,0.10851527286,,,,24.50052,0.0,0.0,2.480000027560436e-07
2025-09-01T01:00:00+02:00,0.604223755,1.2212844434367363,0.0,0.18,0.0,0.0,0.604223755,1.2212844434367363,0.0,0.0,0.1087602759,0.21983119981861252,,,,24.500433,0.0,0.03317452,0.0
2025-09-01T02:00:00+02:00,0.605492126,1.2091231184655449,0.0,0.18,0.0,0.0,0.605492126,1.2091231184655449,0.0,0.0,0.10898858268,0.21764216132379807,,,,24.50052,0.0,0.0,2.480000027560436e-07
2025-09-01T03:00:00+02:00,0.6065813,0.6065813,0.0,0.18,0.0,0.0,0.6065813,0.6065813,0.0,0.0,0.10918463399999999,0.10918463399999999,,,,24.450433,0.0,0.0,0.0
2025-09-01T04:00:00+02:00,0.607417053,0.607417053,0.0,0.18,0.0,0.0,0.607417053,0.607417053,0.0,0.0,0.10933506954000001,0.10933506954000001,,,,24.242028,0.0,0.0,0.0
2025-09-01T05:00:00+02:00,0.607942429,0.607942429,0.0,0.18,0.0,0.0,0.607942429,0.607942429,0.0,0.0,0.10942963721999999,0.10942963721999999,,,,23.95169,0.0,0.0,0.0
2025-09-01T06:00:00+02:00,0.608121625,0.608121625,0.0,0.28,0.0,0.0,0.608121625,0.608121625,0.0,0.0,0.170274055,0.170274055,,,,23.593075,0.0,0.0,0.0
2025-09-01T07:00:00+02:00,0.607942429,0.607942429,0.0,0.28,0.0,0.0,0.607942429,0.607942429,0.0,0.0,0.17022388012,0.17022388012,,,,23.194229,0.0,0.0,0.0
2025-09-01T08:00:00+02:00,0.201189159,0.20285,0.20285,0.28,0.201189159,0.20285,0.0,0.0,0.0016608409999999962,0.0,-0.0001328672799999997,0.0,,,,22.778524,0.0,0.0,0.0
2025-09-01T09:00:00+02:00,0.200353406,0.9392999959999999,0.9393000000000001,0.28,0.200353406,0.9392999959999999,0.0,0.0,0.7389465940000002,4.0000002199391815e-09,-0.059115727520000015,-3.200000175951345e-10,,,,22.39877,0.0,0.0,0.0
2025-09-01T10:00:00+02:00,0.279006472,1.0797945119999999,2.00005,0.28,0.279006472,1.0797945119999999,0.0,0.0,1.7210435279999998,0.920255488,-0.13768348224,-0.07362043904,,,,22.182308,0.0,0.0,0.0
2025-09-01T11:00:00+02:00,1.078526139,2.283442441,2.7166,0.28,1.078526139,2.283442441,0.0,0.0,1.638073861,0.4331575590000001,-0.13104590888,-0.03465260472000001,,,,22.11859,0.0,0.0,0.0
2025-09-01T12:00:00+02:00,1.077165011,1.0771650130000001,3.2488,0.28,1.077165011,1.0771650130000001,0.0,0.0,2.171634989,2.171634987,-0.17373079912000003,-0.17373079896000002,,,,22.282159,0.0,0.0,0.0
2025-09-01T13:00:00+02:00,1.075803882,1.075803884,3.63605,0.28,1.075803882,1.075803884,0.0,0.0,2.5602461180000002,2.560246116,-0.20481968944000004,-0.20481968928000002,,,,22.535132,0.0,0.0,0.0
2025-09-01T14:00:00+02:00,1.698167681,3.689749984,3.68975,0.28,1.698167681,3.689749984,0.0,0.0,1.9915823190000002,1.5999999991578306e-08,-0.15932658552,-1.2799999993262646e-09,,,,22.86261,0.0,0.0,0.0
2025-09-01T15:00:00+02:00,1.271461739,2.333400039,2.3334,0.28,1.271461739,2.3334,0.0,3.899999967416079e-08,1.061938261,0.0,-0.08495506088000002,1.0919999908765022e-08,,,,23.318842,0.0,0.0,0.0
2025-09-01T16:00:00+02:00,1.072610585,1.5630667082923972,2.5004999999999997,0.28,1.072610585,1.5630667082923972,0.0,0.0,1.4278894149999997,0.9374332917076025,-0.11423115319999998,-0.0749946633366082,,,,23.765701,0.0,0.0,0.0
2025-09-01T17:00:00+02:00,1.072085209,1.501453229119627,2.3788,0.4,1.072085209,1.501453229119627,0.0,0.0,1.306714791,0.877346770880373,-0.10453718328000002,-0.07018774167042985,,,,24.204751,0.0,0.070106286,0.0
2025-09-01T18:00:00+02:00,2.483506815,1.3163887626880435,1.4429,0.4,1.4429,1.3163887626880435,1.040606815,0.0,0.0,0.12651123731195657,0.41624272600000006,-0.010120898984956526,,,,24.50052,0.0,0.16658004,2.480000027560436e-07
2025-09-01T19:00:00+02:00,1.072085209,0.19155493099999998,0.28995,0.4,0.28995,0.19155493099999998,0.782135209,0.0,0.0,0.098395069,0.3128540836,-0.00787160552,,,,24.50052,0.0,0.0,2.480000027560436e-07
2025-09-01T20:00:00+02:00,1.461867581,1.456936818,0.0,0.4,0.0,0.0,1.461867581,1.456936818,0.0,0.0,0.5847470324,0.5827747272,,,,24.500433,0.0,0.0,0.0
2025-09-01T21:00:00+02:00,0.192916059,0.19291605899999997,0.0,0.4,0.0,0.0,0.192916059,0.19291605899999997,0.0,0.0,0.0771664236,0.07716642359999999,,,,24.317028,0.0,0.0,0.0
2025-09-01T22:00:00+02:00,0.605879773,0.605879773,0.0,0.28,0.0,0.0,0.605879773,0.605879773,0.0,0.0,0.16964633644000002,0.16964633644000002,,,,24.047523,0.0,0.0,0.0
2025-09-01T23:00:00+02:00,0.619346261,0.619346261,0.0,0.28,0.0,0.0,0.619346261,0.619346261,0.0,0.0,0.17341695308000002,0.17341695308000002,,,,23.789603,0.0,0.0,0.0
2025-09-02T00:00:00+02:00,0.602862627,0.602862627,0.0,0.18,0.0,0.0,0.602862627,0.602862627,0.0,0.0,0.10851527286,0.10851527286,0.0,1.1272576432419554,0.7568934529499998,23.474669,0.0,0.0,0.0
2025-09-02T01:00:00+02:00,0.604223755,0.604223755,0.0,0.18,0.0,0.0,0.604223755,0.604223755,0.0,0.0,0.1087602759,0.1087602759,0.0,1.091062662298987,0.6685748573499999,23.062224,0.0,0.0,0.0
2025-09-02T02:00:00+02:00,0.605492126,0.605492126,0.0,0.18,0.0,0.0,0.605492126,0.605492126,0.0,0.0,0.10898858268,0.10898858268,0.0,1.091062662298987,0.6700408691499999,22.56852,0.0,0.0,0.0
2025-09-02T03:00:00+02:00,0.6065813,0.6065813,0.0,0.18,0.0,0.0,0.6065813,0.6065813,0.0,0.0,0.10918463399999999,0.10918463399999999,0.0,1.091062662298987,0.6712997623999999,22.323767,0.0,0.0,0.0
2025-09-02T04:00:00+02:00,0.607417053,0.607417053,0.0,0.18,0.0,0.0,0.607417053,0.607417053,0.0,0.0,0.10933506954000001,0.10933506954000001,0.0,1.091062662298987,0.6722657439499998,22.086472,0.0,0.0,0.0
2025-09-02T05:00:00+02:00,0.607942429,0.607942429,0.0,0.18,0.0,0.0,0.607942429,0.607942429,0.0,0.0,0.10942963721999999,0.10942963721999999,0.01,1.091062662298987,0.6884969743999998,21.67206,0.0,0.0,0.0
2025-09-02T06:00:00+02:00,0.608121625,0.608121625,0.0,0.28,0.0,0.0,0.608121625,0.608121625,0.0,0.0,0.170274055,0.170274055,0.055,1.091062662298987,3.7490993278999944,21.293383,0.0,0.0,0.0
2025-09-02T07:00:00+02:00,0.607942429,0.607942429,0.0,0.28,0.0,0.0,0.607942429,0.607942429,0.0,0.0,0.17022388012,0.17022388012,0.05,1.091062662298987,3.663280217699999,21.094486,0.0,0.0,0.0
2025-09-02T08:00:00+02:00,0.677823259,0.201189159,0.16274999999999998,0.28,0.16274999999999998,0.16274999999999998,0.515073259,0.03843915900000003,0.0,0.0,0.14422051252,0.010762964520000008,0.065,1.1323934922576684,3.7453414067999997,20.912072,0.0,0.0,0.0
2025-09-02T09:00:00+02:00,1.080883684,0.895299996,0.8953,0.28,0.8953,0.895299996,0.18558368400000003,0.0,0.0,3.999999997894577e-09,0.05196343152000001,-3.1999999983156616e-10,0.03,1.1323934922576684,3.0134189490999974,20.76006,0.0,0.0,0.0
2025-09-02T10:00:00+02:00,1.07979451,1.0797945119999999,1.5728999999999997,0.28,1.07979451,1.0797945119999999,0.0,0.0,0.4931054899999998,0.49310548799999987,-0.039448439199999984,-0.03944843903999999,0.02,1.1323934922576684,1.4171729347999924,20.85005,0.0,0.0,0.0
2025-09-02T11:00:00+02:00,0.731609155,1.078526141,1.60245,0.28,0.731609155,1.078526141,0.0,0.0,0.8708408449999999,0.5239238589999999,-0.0696672676,-0.04191390872,0.035,1.1526559559031155,2.1505773517999978,21.058375,0.0,0.0,0.0
2025-09-02T12:00:00+02:00,0.196634733,1.0771650130000001,1.68505,0.28,0.196634733,1.0771650130000001,0.0,0.0,1.488415267,0.6078849869999998,-0.11907322136,-0.048630798959999985,0.04,1.2434748870003265,2.9281727270499953,21.398646,0.0,0.0,0.0
2025-09-02T13:00:00+02:00,0.195273604,0.7924005540000001,1.1548,0.28,0.195273604,0.7924005540000001,0.0,0.0,0.959526396,0.36239944599999996,-0.07676211168000001,-0.028991955679999997,0.03,1.3482581538773561,2.654209731499999,21.715538,0.0,0.0,0.0
2025-09-02T14:00:00+02:00,0.194005234,0.19400523399999997,1.29715,0.28,0.194005234,0.19400523399999997,0.0,0.0,1.103144766,1.103144766,-0.08825158128,-0.08825158128,0.01,1.38473254242219,1.4890591912499977,22.179615,0.0,0.0,0.0
2025-09-02T15:00:00+02:00,0.192916059,0.19291605899999997,0.43975,0.28,0.192916059,0.19291605899999997,0.0,0.0,0.24683394099999997,0.246833941,-0.019746715279999997,-0.01974671528,0.01,1.5030652852214936,1.3105864391499997,22.749679,0.0,0.0,0.0
2025-09-02T16:00:00+02:00,0.625405954,0.192080307,0.1686,0.28,0.1686,0.1686,0.456805954,0.023480307000000006,0.0,0.0,0.12790566712,0.006574485960000002,0.04,1.837611220053904,3.3570483820499986,23.391399,0.0,0.0,0.0
2025-09-02T17:00:00+02:00,1.072085209,0.6134500009999999,0.6134499999999999,0.4,0.6134499999999999,0.6134499999999999,0.458635209,9.999999717180685e-10,0.0,0.0,0.1834540836,3.999999886872274e-10,0.31,1.7593648693488058,8.49668685745,23.992833,0.0,0.0,0.0
2025-09-02T18:00:00+02:00,0.48361637,0.191375735,0.1832,0.4,0.1832,0.1832,0.30041637,0.00817573499999999,0.0,0.0,0.120166548,0.003270293999999996,0.555,1.8564996089744503,13.452688365499998,24.527361,0.0,0.0,0.0
2025-09-02T19:00:00+02:00,0.191554931,0.21339999999999998,0.2134,0.4,0.191554931,0.21339999999999998,0.0,0.0,0.021845068999999995,2.7755575615628914e-17,-0.0017476055199999996,-2.220446049250313e-18,0.56,1.7593648693488058,14.396320408699994,24.856134,0.0,0.0,0.0
2025-09-02T20:00:00+02:00,0.192080307,0.192080307,0.0,0.4,0.0,0.0,0.192080307,0.192080307,0.0,0.0,0.07683212280000001,0.07683212280000001,0.435,1.6420090220796635,11.150151181699998,24.980112,0.0,0.0,0.0
2025-09-02T21:00:00+02:00,0.192916059,0.19291605899999997,0.0,0.4,0.0,0.0,0.192916059,0.19291605899999997,0.0,0.0,0.0771664236,0.07716642359999999,0.29,1.3892596326628945,9.06476266695,24.91676,0.0,0.0,0.0
2025-09-02T22:00:00+02:00,0.275250813,0.275250813,0.0,0.28,0.0,0.0,0.275250813,0.275250813,0.0,0.0,0.07707022764,0.07707022764,0.1,1.2458697936431244,7.794733235149999,24.7473,0.0,0.0,0.0
2025-09-02T23:00:00+02:00,0.276519183,0.276519183,0.0,0.28,0.0,0.0,0.276519183,0.276519183,0.0,0.0,0.07742537124000001,0.07742537124000001,0.03,1.091062662298987,1.7370861122499759,24.506083,0.0,0.0,0.0
2025-09-03T00:00:00+02:00,0.277880312,0.9896013419999999,0.0,0.18,0.0,0.0,0.277880312,0.9896013419999999,0.0,0.0,0.05001845616,0.17812824155999998,0.015,1.0744038503386522,0.9109018984499997,24.255069,0.0,0.0,0.0
2025-09-03T01:00:00+02:00,0.27924144,0.27924144,0.0,0.18,0.0,0.0,0.27924144,0.27924144,0.0,0.0,0.0502634592,0.0502634592,0.0,1.021441849907485,0.6648189129,23.812558,0.0,0.0,0.0
2025-09-03T02:00:00+02:00,0.280509811,0.280509811,0.0,0.18,0.0,0.0,0.280509811,0.280509811,0.0,0.0,0.05049176598,0.05049176598,0.0,1.021441849907485,0.6662559746,23.377131,0.0,0.0,0.0
2025-09-03T03:00:00+02:00,0.281598985,0.28159898499999997,0.0,0.18,0.0,0.0,0.281598985,0.28159898499999997,0.0,0.0,0.0506878173,0.05068781729999999,0.0,1.0220469947300754,0.6674900074499999,23.080943,0.0,0.0,0.0
2025-09-03T04:00:00+02:00,0.282434738,0.28243473799999996,0.0,0.18,0.0,0.0,0.282434738,0.28243473799999996,0.0,0.0,0.05083825284,0.050838252839999994,0.0,1.0220469947300754,0.66843691455,22.850786,0.0,0.0,0.0
2025-09-03T05:00:00+02:00,0.282960114,0.282960114,0.0,0.18,0.0,0.0,0.282960114,0.282960114,0.0,0.0,0.05093282052,0.05093282052,0.0,1.0220469947300754,0.6690321645499999,22.475655,0.0,0.0,0.0
2025-09-03T06:00:00+02:00,0.28313931,0.28313931,0.0,0.28,0.0,0.0,0.28313931,0.28313931,0.0,0.0,0.0792790068,0.0792790068,0.01,1.0220469947300754,1.4277826861999996,21.963046,0.0,0.0,0.0
2025-09-03T07:00:00+02:00,0.282960114,0.282960114,0.0,0.28,0.0,0.0,0.282960114,0.282960114,0.0,0.0,0.07922883192,0.07922883192,0.09,1.0220469947300754,4.422514972899998,21.452538,0.0,0.0,0.0
2025-09-03T08:00:00+02:00,0.217074458,0.201189159,0.005250000000000001,0.28,0.005250000000000001,0.005250000000000001,0.211824458,0.195939159,0.0,0.0,0.059310848240000005,0.05486296452000001,0.15,1.0220469947300754,4.282986175999998,20.993782,0.0,0.0,0.0
2025-09-03T09:00:00+02:00,1.080883684,0.26594999999999996,0.26595,0.28,0.26595,0.26594999999999996,0.814933684,0.0,0.0,5.551115123125783e-17,0.22818143152000003,-4.440892098500626e-18,0.05,1.0220469947300754,3.2750196384999892,20.761485,0.0,0.0,0.0
2025-09-03T10:00:00+02:00,1.07979451,0.29585,0.29585,0.28,0.29585,0.29585,0.78394451,0.0,0.0,0.0,0.21950446280000002,0.0,0.025,1.0220469947300754,1.39463600315,20.934571,0.0,0.0,0.0
2025-09-03T11:00:00+02:00,1.078526139,0.6463500010000001,0.6463500000000001,0.28,0.6463500000000001,0.6463500000000001,0.43217613899999996,9.999999717180685e-10,0.0,0.0,0.12100931892,2.799999920810592e-10,0.025,1.1822824804383072,1.6934192737499998,21.412142,0.0,0.0,0.0
2025-09-03T12:00:00+02:00,1.077165011,0.534250003,0.53425,0.28,0.53425,0.53425,0.542915011,3.000000026176508e-09,0.0,0.0,0.15201620308,8.400000073294223e-10,0.015,1.2352444808694742,1.6888745762999928,22.076785,0.0,0.0,0.0
2025-09-03T13:00:00+02:00,0.576271486,2.253749984,2.25375,0.28,0.576271486,2.253749984,0.0,0.0,1.6774785140000001,1.5999999991578306e-08,-0.13419828112,-1.2799999993262646e-09,0.02,1.7091846232095675,1.9374810437499963,22.813988,0.0,0.0,0.0
2025-09-03T14:00:00+02:00,0.194005234,1.074535514,2.20375,0.28,0.194005234,1.074535514,0.0,0.0,2.009744766,1.129214486,-0.16077958128,-0.09033715888,0.025,1.8501727776607049,2.2631222436499896,23.54499,0.0,0.0,0.0
2025-09-03T15:00:00+02:00,0.192916059,3.346300041622967,3.3463,0.28,0.192916059,3.3463,0.0,4.162296729504078e-08,3.153383941,0.0,-0.25227071528,1.165443084261142e-08,0.02,2.5706334258590333,3.0862779738499997,24.254158,0.0,0.6076463,0.0
2025-09-03T16:00:00+02:00,0.192080307,2.473006677,2.61295,0.28,0.192080307,2.473006677,0.0,0.0,2.420869693,0.13994332300000023,-0.19366957544000002,-0.011195465840000019,0.09,3.023197941572027,5.004855842049998,24.270819,0.0,1.0,0.0
2025-09-03T17:00:00+02:00,0.675406261,2.2088500011523076,2.20885,0.4,0.675406261,2.20885,0.0,1.1523075826858076e-09,1.533443739,0.0,-0.12267549912,4.6092303307432304e-10,0.33,3.9314008499301663,10.189694000299994,23.875682,0.0,0.81174519,0.0
2025-09-03T18:00:00+02:00,2.478954315,1.2595499959668142,1.2595500000000002,0.4,1.2595500000000002,1.2595499959668142,1.219404315,0.0,0.0,4.0331860073905546e-09,0.487761726,-3.226548805912444e-10,0.5,4.042091165055789,14.712664812899998,23.66799,0.0,0.12924327,0.0
2025-09-03T19:00:00+02:00,2.551667542,0.3288,0.3288,0.4,0.3288,0.3288,2.2228675420000004,0.0,0.0,0.0,0.8891470168000002,0.0,0.565,3.9792288359699657,16.86310783725,24.060748,0.0,0.0,0.0
2025-09-03T20:00:00+02:00,4.627173302,2.3895801010000004,0.0,0.4,0.0,0.0,4.627173302,2.3895801010000004,0.0,0.0,1.8508693208000002,0.9558320404000002,0.48,3.1150653119354046,11.61436906004998,24.400624,0.0,0.0,0.0
2025-09-03T21:00:00+02:00,3.314721336,1.914325246,0.0,0.4,0.0,0.0,3.314721336,1.914325246,0.0,0.0,1.3258885344,0.7657300984000001,0.295,2.3203283083961184,9.65645031245,24.50052,0.0,0.0,2.480000027560436e-07
2025-09-03T22:00:00+02:00,0.769620749,0.71911599,0.0,0.28,0.0,0.0,0.769620749,0.71911599,0.0,0.0,0.21549380972,0.20135247720000002,0.12,2.1614057157650404,7.6990543521499974,24.4171,0.0,0.0,0.0
2025-09-03T23:00:00+02:00,1.114442491,0.61284247,0.0,0.28,0.0,0.0,1.114442491,0.61284247,0.0,0.0,0.31204389748,0.17159589160000002,0.05,1.2346222664164421,1.7783416551999505,24.180916,0.0,0.0,0.0
2025-09-04T00:00:00+02:00,0.970048565,1.104462647946392,0.0,0.18,0.0,0.0,0.970048565,1.104462647946392,0.0,0.0,0.1746087417,0.19880327663035055,0.01,1.0835672281541087,0.7577742217999999,23.850764,0.0,0.0,0.0
2025-09-04T01:00:00+02:00,0.604223755,1.0219144517992418,0.0,0.18,0.0,0.0,0.604223755,1.0219144517992418,0.0,0.0,0.1087602759,0.1839446013238635,0.0,1.0113749660962885,0.6685748573499999,23.542303,0.0,0.0,0.0
2025-09-04T02:00:00+02:00,0.605492126,0.605492126,0.0,0.18,0.0,0.0,0.605492126,0.605492126,0.0,0.0,0.10898858268,0.10898858268,0.0,1.0113749660962885,0.6770379761499999,23.218586,0.0,0.0,0.0
2025-09-04T03:00:00+02:00,0.6065813,0.6065813,0.0,0.18,0.0,0.0,0.6065813,0.6065813,0.0,0.0,0.10918463399999999,0.10918463399999999,0.005,0.9927498492922258,0.67833727285,22.965488,0.0,0.0,0.0
2025-09-04T04:00:00+02:00,0.607417053,0.607417053,0.0,0.18,0.0,0.0,0.607417053,0.607417053,0.0,0.0,0.10933506954000001,0.10933506954000001,0.0,0.9927498492922258,0.6793282268999999,22.604574,0.0,0.0,0.0
2025-09-04T05:00:00+02:00,0.607942429,0.607942429,0.0,0.18,0.0,0.0,0.607942429,0.607942429,0.0,0.0,0.10942963721999999,0.10942963721999999,0.005,0.9927498492922258,0.67994668225,22.387145,0.0,0.0,0.0
2025-09-04T06:00:00+02:00,0.696314507,0.696314507,0.0,0.28,0.0,0.0,0.696314507,0.696314507,0.0,0.0,0.19496806196000002,0.19496806196000002,0.005,0.9927498492922258,1.6520532571999977,22.155954,0.0,0.0,0.0
2025-09-04T07:00:00+02:00,2.118015268,2.118015268,0.0,0.28,0.0,0.0,2.118015268,2.118015268,0.0,0.0,0.5930442750400001,0.5930442750400001,0.025,0.9927498492922258,2.58600779365,21.913295,0.0,0.0,0.0
2025-09-04T08:00:00+02:00,0.416981444,0.201189159,0.16469999999999999,0.28,0.16469999999999999,0.16469999999999999,0.25228144399999997,0.03648915900000002,0.0,0.0,0.07063880432,0.010216964520000007,0.025,0.9927498492922258,2.6101675577499974,21.727746,0.0,0.0,0.0
2025-09-04T09:00:00+02:00,1.080883684,0.784249996,0.7842499999999999,0.28,0.7842499999999999,0.784249996,0.2966336840000001,0.0,0.0,3.999999886872274e-09,0.08305743152000004,-3.1999999094978195e-10,0.01,0.9927498492922258,1.3803065292499996,21.623121,0.0,0.0,0.0
2025-09-04T10:00:00+02:00,1.07979451,1.0797945119999999,1.7643999999999997,0.28,1.07979451,1.0797945119999999,0.0,0.0,0.6846054899999998,0.6846054879999999,-0.054768439199999984,-0.05476843903999999,0.0,0.9927498492922258,1.4188770544999993,21.752601,0.0,0.0,0.0
2025-09-04T11:00:00+02:00,1.078526139,1.078526141,2.5124000000000004,0.28,1.078526139,1.078526141,0.0,0.0,1.4338738610000004,1.4338738590000004,-0.11470990888000003,-0.11470990872000003,0.01,1.1529853350004575,1.4187458470999967,22.143834,0.0,0.0,0.0
2025-09-04T12:00:00+02:00,1.077165011,1.0771650130000001,3.0486000000000004,0.28,1.077165011,1.0771650130000001,0.0,0.0,1.9714349890000005,1.9714349870000003,-0.15771479912000005,-0.15771479896000004,0.005,1.2059473354316246,1.3625716916000001,22.703195,0.0,0.0,0.0
2025-09-04T13:00:00+02:00,1.075803882,1.075803884,3.36155,0.28,1.075803882,1.075803884,0.0,0.0,2.2857461179999996,2.285746116,-0.18285968943999997,-0.18285968928,0.01,1.2326414827488745,1.7564305935499978,23.335996,0.0,0.0,0.0
2025-09-04T14:00:00+02:00,0.317499664,1.7058200253992173,3.4054500000000005,0.28,0.317499664,1.7058200253992173,0.0,0.0,3.0879503360000005,1.6996299746007832,-0.24703602688000004,-0.13597039796806265,0.03,1.3736296372000114,2.565622248899999,23.929997,0.0,0.45078997,0.0
2025-09-04T15:00:00+02:00,0.192916059,2.4738424290000003,3.31995,0.28,0.192916059,2.4738424290000003,0.0,0.0,3.127033941,0.8461075709999997,-0.25016271528,-0.06768860567999997,0.035,2.4842743863434635,2.8955663976499957,23.974207,0.0,1.0,0.0
2025-09-04T16:00:00+02:00,1.765499808,2.473006677,2.83145,0.28,1.765499808,2.473006677,0.0,0.0,1.0659501919999999,0.3584433229999999,-0.08527601535999998,-0.028675465839999994,0.105,2.854738890479159,5.7879107556,23.495173,0.0,1.0,0.0
2025-09-04T17:00:00+02:00,2.4724813,2.1106499981253153,2.11065,0.4,2.11065,2.1106499981253153,0.36183129999999997,0.0,0.0,1.874684851799202e-09,0.14473252,-1.4997478814393617e-10,0.335,2.795482676221923,10.432524782099996,23.129311,0.0,0.74162217,0.0
2025-09-04T18:00:00+02:00,2.840651367,1.161400000172251,1.1614,0.4,1.1614,1.1614,1.679251367,1.7225110227059304e-10,0.0,0.0,0.6717005468,6.890044090823721e-11,0.515,3.4810478927914756,14.730083251599988,23.032803,0.0,0.063637992,0.0
2025-09-04T19:00:00+02:00,9.904593075,1.383824371,0.38505000000000006,0.4,0.38505000000000006,0.38505000000000006,9.519543075,0.9987743709999999,0.0,0.0,3.80781723,0.3995097484,0.555,3.4810478927914756,14.834957147049995,23.613698,0.0,0.0,0.0
2025-09-04T20:00:00+02:00,2.441305985,1.560775707,0.0,0.4,0.0,0.0,2.441305985,1.560775707,0.0,0.0,0.9765223940000001,0.6243102828,0.43,2.7071149006958657,11.641079104349997,24.144748,0.0,0.0,0.0
2025-09-04T21:00:00+02:00,0.688910065,0.622239678,0.0,0.4,0.0,0.0,0.688910065,0.622239678,0.0,0.0,0.275564026,0.2488958712,0.27,2.20893115138097,8.399751727999998,24.420624,0.0,0.0,0.0
2025-09-04T22:00:00+02:00,0.970518006,1.0870963703885719,0.0,0.28,0.0,0.0,0.970518006,1.0870963703885719,0.0,0.0,0.27174504168,0.30438698370880013,0.12,2.1513388319538436,7.794437126199999,24.50052,0.0,0.083246708,2.480000027560436e-07
2025-09-04T23:00:00+02:00,2.001897588,0.601501498,0.0,0.28,0.0,0.0,2.001897588,0.601501498,0.0,0.0,0.56053132464,0.16842041944,0.035,1.2053251209785925,2.77139094465,24.50052,0.0,0.0,2.480000027560436e-07
2025-09-05T00:00:00+02:00,0.602862627,0.602862627,0.0,0.18,0.0,0.0,0.602862627,0.602862627,0.0,0.0,0.10851527286,0.10851527286,0.0,1.2496303840303604,2.1376757896000003,24.383766,0.0,0.0,0.0
2025-09-05T01:00:00+02:00,0.604223755,0.604223755,0.0,0.18,0.0,0.0,0.604223755,0.604223755,0.0,0.0,0.1087602759,0.1087602759,0.01,1.0800797068756127,0.676651861,24.219805,0.0,0.0,0.0
2025-09-05T02:00:00+02:00,0.605492126,0.605492126,0.0,0.18,0.0,0.0,0.605492126,0.605492126,0.0,0.0,0.10898858268,0.10898858268,0.01,1.0800797068756127,0.6788138865000001,23.966504,0.0,0.0,0.0
2025-09-05T03:00:00+02:00,0.6065813,0.6065813,0.0,0.18,0.0,0.0,0.6065813,0.6065813,0.0,0.0,0.10918463399999999,0.10918463399999999,0.015,1.0800797068756127,0.6798997658,23.722087,0.0,0.0,0.0
2025-09-05T04:00:00+02:00,0.607417053,0.607417053,0.0,0.18,0.0,0.0,0.607417053,0.607417053,0.0,0.0,0.10933506954000001,0.10933506954000001,0.005,1.0800797068756127,0.6806709250999999,23.485073,0.0,0.0,0.0
2025-09-05T05:00:00+02:00,0.607942429,0.607942429,0.0,0.18,0.0,0.0,0.607942429,0.607942429,0.0,0.0,0.10942963721999999,0.10942963721999999,0.0,1.0800797068756127,0.6728729857499999,23.354227,0.0,0.0,0.0
2025-09-05T06:00:00+02:00,1.210309874,0.608121625,0.0,0.28,0.0,0.0,1.210309874,0.608121625,0.0,0.0,0.33888676472,0.170274055,0.0,1.0998782850882092,1.2724559443999996,23.145189,0.0,0.0,0.0
2025-09-05T07:00:00+02:00,2.518623563,1.6380932849999998,0.0,0.28,0.0,0.0,2.518623563,1.6380932849999998,0.0,0.0,0.70521459764,0.4586661198,0.015,1.1622955412362095,2.7815286473499996,22.920991,0.0,0.0,0.0
2025-09-05T08:00:00+02:00,1.081719437,0.201189159,0.1847,0.28,0.1847,0.1847,0.8970194370000001,0.016489159000000003,0.0,0.0,0.25116544236000005,0.004616964520000002,0.02,1.0800797068756127,2.361664604,22.650826,0.0,0.0,0.0
2025-09-05T09:00:00+02:00,1.080883684,0.868399996,0.8684000000000001,0.28,0.8684000000000001,0.868399996,0.21248368399999995,0.0,0.0,4.000000108916879e-09,0.05949543151999999,-3.200000087133503e-10,0.03,1.139212818628282,1.6748358614499996,22.475688,0.0,0.0,0.0
2025-09-05T10:00:00+02:00,0.450610994,1.8182999519999998,1.8183000000000002,0.28,0.450610994,1.8182999519999998,0.0,0.0,1.3676890060000002,4.800000041882413e-08,-0.10941512048000002,-3.84000003350593e-09,0.05,1.139212818628282,3.0828777685999955,22.52974,0.0,0.0,0.0
2025-09-05T11:00:00+02:00,0.197995861,2.656549961,2.6565499999999997,0.28,0.197995861,2.656549961,0.0,0.0,2.458554139,3.899999967416079e-08,-0.19668433112,-3.1199999739328634e-09,0.055,1.139212818628282,3.578081951149993,22.758117,0.0,0.0,0.0
2025-09-05T12:00:00+02:00,0.196634733,1.489648783,3.2546499999999994,0.28,0.196634733,1.489648783,0.0,0.0,3.058015266999999,1.7650012169999993,-0.24464122135999994,-0.14120009735999994,0.04,1.139212818628282,2.5420153867999975,23.098431,0.0,0.0,0.0
2025-09-05T13:00:00+02:00,0.195273604,1.075803884,3.5596499999999995,0.28,0.195273604,1.075803884,0.0,0.0,3.3643763959999995,2.4838461159999996,-0.26915011167999997,-0.19870768927999996,0.035,1.1558384662329295,1.8259317758499929,23.448692,0.0,0.0,0.0
2025-09-05T14:00:00+02:00,0.194005234,1.074535514,3.5915,0.28,0.194005234,1.074535514,0.0,0.0,3.397494766,2.516964486,-0.27179958128,-0.20135715888,0.025,1.0967053544802603,2.2175003409499983,23.840577,0.0,0.0,0.0
2025-09-05T15:00:00+02:00,0.192916059,1.073446339,3.3903,0.28,0.192916059,1.073446339,0.0,0.0,3.197383941,2.3168536609999997,-0.25579071528,-0.18534829288,0.01,1.128359776404072,1.996870611749998,24.183814,0.0,0.0,0.0
2025-09-05T16:00:00+02:00,1.592476397,1.406240965485561,2.9207,0.28,1.592476397,1.406240965485561,0.0,0.0,1.328223603,1.514459034514439,-0.10625788824000001,-0.12115672276115513,0.08,1.4488494839152641,4.4056844351499995,24.486512,0.0,0.23824001,0.0
2025-09-05T17:00:00+02:00,1.761547214,2.173350032686723,2.17335,0.4,1.761547214,2.17335,0.0,3.2686723105967985e-08,0.4118027860000002,0.0,-0.03294422288000002,1.3074689242387194e-08,0.34,1.6631049550178996,10.03460471055,24.50052,0.0,0.19991337,2.480000027560436e-07
2025-09-05T18:00:00+02:00,1.071906013,1.2477999928131678,1.2478,0.4,1.071906013,1.2477999928131678,0.0,0.0,0.17589398700000003,7.186832240435592e-09,-0.014071518960000003,-5.749465792348474e-10,0.56,1.9556868734606236,13.3424543781,24.50052,0.0,0.16980942,2.480000027560436e-07
2025-09-05T19:00:00+02:00,1.424618413,0.544088135,0.37060000000000004,0.4,0.37060000000000004,0.37060000000000004,1.0540184129999999,0.17348813499999993,0.0,0.0,0.4216073652,0.06939525399999998,0.6,1.8940642017182565,15.059434272649995,24.480624,0.0,0.0,0.0
2025-09-05T20:00:00+02:00,1.739207289,1.6866571769999998,0.0,0.4,0.0,0.0,1.739207289,1.6866571769999998,0.0,0.0,0.6956829156000001,0.6746628708,0.47,1.5986015828574154,13.875915310549997,24.50052,0.0,0.0,2.480000027560436e-07
2025-09-05T21:00:00+02:00,0.207526273,0.20752627299999998,0.0,0.4,0.0,0.0,0.207526273,0.20752627299999998,0.0,0.0,0.08301050920000001,0.0830105092,0.33,1.2979104535588197,9.23213248865,24.333766,0.0,0.0,0.0
2025-09-05T22:00:00+02:00,0.600233128,0.600233128,0.0,0.28,0.0,0.0,0.600233128,0.600233128,0.0,0.0,0.16806527584,0.16806527584,0.145,1.190230168463004,8.29068669185,23.978139,0.0,0.0,0.0
2025-09-05T23:00:00+02:00,0.618212331,0.6182123310000001,0.0,0.28,0.0,0.0,0.618212331,0.6182123310000001,0.0,0.0,0.17309945268000002,0.17309945268000004,0.055,1.1622955412362095,3.6755687013499903,23.548449,0.0,0.0,0.0
2025-09-06T00:00:00+02:00,0.602862627,0.602862627,0.0,0.18,0.0,0.0,0.602862627,0.602862627,0.0,0.0,0.10851527286,0.10851527286,0.005,0.9313885665226805,0.7098765022499982,23.273707,0.0,0.0,0.0
2025-09-06T01:00:00+02:00,0.604223755,0.604223755,0.0,0.18,0.0,0.0,0.604223755,0.604223755,0.0,0.0,0.1087602759,0.1087602759,0.0,0.9313885665226805,0.67552491385,23.02809,0.0,0.0,0.0
2025-09-06T02:00:00+02:00,0.605492126,0.605492126,0.0,0.18,0.0,0.0,0.605492126,0.605492126,0.0,0.0,0.10898858268,0.10898858268,0.0,0.9313885665226805,0.6700408691499999,22.790075,0.0,0.0,0.0
2025-09-06T03:00:00+02:00,0.6065813,0.6065813,0.0,0.18,0.0,0.0,0.6065813,0.6065813,0.0,0.0,0.10918463399999999,0.10918463399999999,0.0,0.9313885665226805,0.6712997623999999,22.358396,0.0,0.0,0.0
2025-09-06T04:00:00+02:00,0.607417053,0.607417053,0.0,0.18,0.0,0.0,0.607417053,0.607417053,0.0,0.0,0.10933506954000001,0.10933506954000001,0.005,0.9313885665226805,0.6806709250999999,21.931996,0.0,0.0,0.0
2025-09-06T05:00:00+02:00,0.607942429,0.607942429,0.0,0.18,0.0,0.0,0.607942429,0.607942429,0.0,0.0,0.10942963721999999,0.10942963721999999,0.04,0.9313885665226805,2.6474808871999937,21.526664,0.0,0.0,0.0
2025-09-06T06:00:00+02:00,1.611920524,1.611920524,0.0,0.28,0.0,0.0,1.611920524,1.611920524,0.0,0.0,0.45133774672000004,0.45133774672000004,0.055,0.9313885665226805,3.3406017595499993,21.17222,0.0,0.0,0.0
2025-09-06T07:00:00+02:00,3.759902613,1.1822347420000001,0.0,0.28,0.0,0.0,3.759902613,1.1822347420000001,0.0,0.0,1.0527727316400002,0.33102572776000005,0.215,0.9313885665226805,4.78062876425,20.87685,0.0,0.0,0.0
2025-09-06T08:00:00+02:00,1.081719437,0.201189159,0.17174999999999999,0.28,0.17174999999999999,0.17174999999999999,0.9099694370000001,0.02943915900000002,0.0,0.0,0.25479144236000006,0.008242964520000007,0.135,0.9313885665226805,4.26277560635,20.580708,0.0,0.0,0.0
2025-09-06T09:00:00+02:00,1.080883684,0.20035340599999998,0.9369,0.28,0.9369,0.20035340599999998,0.14398368400000006,0.0,0.0,0.736546594,0.04031543152000002,-0.058923727520000004,0.115,0.9313885665226805,4.2829372846,20.40059,0.0,0.0,0.0
2025-09-06T10:00:00+02:00,1.07979451,1.0797945119999999,1.9592999999999998,0.28,1.07979451,1.0797945119999999,0.0,0.0,0.8795054899999999,0.879505488,-0.0703604392,-0.07036043904,0.025,0.9129772161494627,1.3979108649499998,20.600492,0.0,0.0,0.0
2025-09-06T11:00:00+02:00,1.078526139,1.078526141,2.71875,0.28,1.078526139,1.078526141,0.0,0.0,1.640223861,1.640223859,-0.13121790888,-0.13121790872,0.035,0.8614853974415669,2.0770083091999996,21.117076,0.0,0.0,0.0
2025-09-06T12:00:00+02:00,0.682517631,1.0771650130000001,3.3117,0.28,0.682517631,1.0771650130000001,0.0,0.0,2.629182369,2.234534987,-0.21033458952,-0.17876279896,0.04,1.01087999905102,3.0384565167499997,21.76423,0.0,0.0,0.0
2025-09-06T13:00:00+02:00,0.195273604,1.075803884,3.5208999999999997,0.28,0.195273604,1.075803884,0.0,0.0,3.3256263959999997,2.4450961159999998,-0.26605011168,-0.19560768928,0.055,1.01087999905102,3.4461943133499986,22.453525,0.0,0.0,0.0
2025-09-06T14:00:00+02:00,0.194005234,1.074535514,3.6677,0.28,0.194005234,1.074535514,0.0,0.0,3.473694766,2.593164486,-0.27789558128,-0.20745315888000002,0.06,1.0950518128381286,3.7604157360999997,23.127938,0.0,0.0,0.0
2025-09-06T15:00:00+02:00,1.593312149,1.073446339,3.46265,0.28,1.593312149,1.073446339,0.0,0.0,1.869337851,2.389203661,-0.14954702808,-0.19113629288,0.06,1.552126147404352,3.3485205320999984,23.706615,0.0,0.0,0.0
2025-09-06T16:00:00+02:00,0.504845392,1.2183551996112465,3.0249000000000006,0.28,0.504845392,1.2183551996112465,0.0,0.0,2.5200546080000006,1.806544800388754,-0.20160436864000006,-0.14452358403110033,0.135,1.7799024371927448,6.3846249182499974,24.205512,0.0,0.10407385,0.0
2025-09-06T17:00:00+02:00,1.072085209,1.468742796189364,2.3076,0.4,1.072085209,1.468742796189364,0.0,0.0,1.235514791,0.8388572038106359,-0.09884118328,-0.06710857630485087,0.2,1.8648765837761783,9.55954422735,24.50052,0.0,0.28324671,2.480000027560436e-07
2025-09-06T18:00:00+02:00,2.472302104,0.60098501206207,1.34495,0.4,1.34495,0.60098501206207,1.127352104,0.0,0.0,0.7439649879379301,0.45094084160000003,-0.059517199035034406,0.28,2.543406737523296,9.528534400599996,24.50052,0.0,0.212823,2.480000027560436e-07
2025-09-06T19:00:00+02:00,1.825919218,0.39675000004258154,0.39674999999999994,0.4,0.39674999999999994,0.39674999999999994,1.429169218,4.2581604908775716e-11,0.0,0.0,0.5716676872,1.7032641963510286e-11,0.375,2.543406737523296,10.159866519549995,24.48761,0.0,0.13915535,0.0
2025-09-06T20:00:00+02:00,1.404131116,0.308225536,0.0,0.4,0.0,0.0,1.404131116,0.308225536,0.0,0.0,0.5616524464,0.12329021440000001,0.335,2.2583326581681997,9.571373545649998,24.50052,0.0,0.0,2.480000027560436e-07
2025-09-06T21:00:00+02:00,6.960798541,1.4660079483842727,0.0,0.4,0.0,0.0,6.960798541,1.4660079483842727,0.0,0.0,2.7843194164000002,0.5864031793537091,0.34,2.0620669019932856,8.99401106449999,24.4671,0.0,0.0,0.0
2025-09-06T22:00:00+02:00,2.869330675,7.190929300564085,0.0,0.28,0.0,0.0,2.869330675,7.190929300564085,0.0,0.0,0.8034125890000001,2.013460204157944,0.155,1.6131975212028413,7.981583067999998,24.28925,0.0,0.0,0.0
2025-09-06T23:00:00+02:00,1.200519318,2.7551143181256097,0.0,0.28,0.0,0.0,1.200519318,2.7551143181256097,0.0,0.0,0.33614540904,0.7714320090751708,0.035,1.0366225796554442,2.077768566899998,24.257708,0.0,0.0,0.0
2025-09-07T00:00:00+02:00,0.83244928,1.181977386910365,0.0,0.18,0.0,0.0,0.83244928,1.181977386910365,0.0,0.0,0.1498408704,0.21275592964386567,0.015,0.9129772161494627,2.2342943143499987,24.214757,0.0,0.0,0.0
2025-09-07T01:00:00+02:00,0.604223755,0.9691981950811372,0.0,0.18,0.0,0.0,0.604223755,0.9691981950811372,0.0,0.0,0.1087602759,0.1744556751146047,0.01,0.9129772161494627,0.676651861,24.028964,0.0,0.0,0.0
2025-09-07T02:00:00+02:00,0.605492126,0.605492126,0.0,0.18,0.0,0.0,0.605492126,0.605492126,0.0,0.0,0.10898858268,0.10898858268,0.005,0.9129772161494627,0.6788138865000001,24.040803,0.0,0.0,0.0
2025-09-07T03:00:00+02:00,0.6065813,0.6065813,0.0,0.18,0.0,0.0,0.6065813,0.6065813,0.0,0.0,0.10918463399999999,0.10918463399999999,0.0,0.9129772161494627,0.6712997623999999,23.900669,0.0,0.0,0.0
2025-09-07T04:00:00+02:00,0.607417053,0.607417053,0.0,0.18,0.0,0.0,0.607417053,0.607417053,0.0,0.0,0.10933506954000001,0.10933506954000001,0.0,0.9129772161494627,0.6722657439499998,23.783891,0.0,0.0,0.0
2025-09-07T05:00:00+02:00,0.607942429,0.607942429,0.0,0.18,0.0,0.0,0.607942429,0.607942429,0.0,0.0,0.10942963721999999,0.10942963721999999,0.0,0.9129772161494627,0.6728729857499999,23.653243,0.0,0.0,0.0
2025-09-07T06:00:00+02:00,0.608121625,0.608121625,0.0,0.28,0.0,0.0,0.608121625,0.608121625,0.0,0.0,0.170274055,0.170274055,0.0,0.9129772161494627,1.5132240310999996,23.377702,0.0,0.0,0.0
2025-09-07T07:00:00+02:00,0.607942429,0.607942429,0.0,0.28,0.0,0.0,0.607942429,0.607942429,0.0,0.0,0.17022388012,0.17022388012,0.02,0.9313885665226805,2.4308296311499964,23.181419,0.0,0.0,0.0
2025-09-07T08:00:00+02:00,0.371184649,0.201189159,0.18985,0.28,0.18985,0.18985,0.181334649,0.011339159000000015,0.0,0.0,0.05077370172,0.0031749645200000046,0.015,0.9313885665226805,2.3898347718,22.984515,0.0,0.0,0.0
2025-09-07T09:00:00+02:00,1.080883684,1.080883686,1.1211499999999999,0.28,1.080883684,1.080883686,0.0,0.0,0.04026631599999986,0.040266313999999914,-0.0032213052799999887,-0.0032213051199999933,0.015,0.9129772161494627,1.4086383720000002,22.837096,0.0,0.0,0.0
2025-09-07T10:00:00+02:00,1.07979451,1.0797945119999999,2.16735,0.28,1.07979451,1.0797945119999999,0.0,0.0,1.08755549,1.087555488,-0.08700443919999999,-0.08700443904,0.025,0.9293898432812443,1.5558301134999966,22.964247,0.0,0.0,0.0
2025-09-07T11:00:00+02:00,1.078526139,1.078526141,2.8958999999999997,0.28,1.078526139,1.078526141,0.0,0.0,1.8173738609999996,1.8173738589999997,-0.14538990887999997,-0.14538990872,0.035,1.0787844448906976,2.7638143842499963,23.270206,0.0,0.0,0.0
2025-09-07T12:00:00+02:00,1.077165011,1.0771650130000001,3.4389,0.28,1.077165011,1.0771650130000001,0.0,0.0,2.361734989,2.3617349869999997,-0.18893879912,-0.18893879896,0.055,1.0787844448906976,3.5515392939999986,23.625171,0.0,0.0,0.0
2025-09-07T13:00:00+02:00,2.485275256,1.5805316523382626,3.705,0.28,2.485275256,1.5805316523382626,0.0,0.0,1.219724744,2.1244683476617374,-0.09757797952000001,-0.169957467812939,0.045,1.4414988403139666,3.02144198105,24.087643,0.0,0.072515951,0.0
2025-09-07T14:00:00+02:00,2.53229992,2.3095115862886173,3.7679,0.28,2.53229992,2.3095115862886173,0.0,0.0,1.2356000800000002,1.4583884137113827,-0.09884800640000002,-0.11667107309691062,0.05,1.5651442038199483,3.3194331031499993,24.50052,0.0,0.51658004,2.480000027560436e-07
2025-09-07T15:00:00+02:00,1.357921885,2.586909667645495,3.564,0.28,1.357921885,2.586909667645495,0.0,0.0,2.206078115,0.9770903323545053,-0.1764862492,-0.07816722658836042,0.075,1.8318851932098772,4.597878363399997,24.50052,0.0,0.61658004,2.480000027560436e-07
2025-09-07T16:00:00+02:00,1.592476397,2.2085126881734594,3.1579,0.28,1.592476397,2.2085126881734594,0.0,0.0,1.5654236030000002,0.9493873118265408,-0.12523388824,-0.07595098494612326,0.18,2.1499221632117154,9.354412985199993,24.50052,0.0,0.68275186,2.480000027560436e-07
2025-09-07T17:00:00+02:00,1.948126318,1.591951021,2.40725,0.4,1.948126318,1.591951021,0.0,0.0,0.459123682,0.8152989789999998,-0.03672989456,-0.06522391831999999,0.225,2.5947589062924625,9.23180400825,24.417681,0.0,1.0,0.0
2025-09-07T18:00:00+02:00,1.071906013,1.418500004554568,1.4185,0.4,1.071906013,1.4185,0.0,4.554567833991996e-09,0.3465939870000001,0.0,-0.02772751896000001,1.8218271335967984e-09,0.335,3.1463390046281403,9.821890391749996,23.981401,0.0,0.87626942,0.0
2025-09-07T19:00:00+02:00,3.170087669,0.902259277,0.41635,0.4,0.41635,0.41635,2.753737669,0.485909277,0.0,0.0,1.1014950676,0.1943637108,0.395,2.1928934198640873,10.714229602749999,23.624898,0.0,0.0,0.0
2025-09-07T20:00:00+02:00,1.089252297,1.089252297,0.0,0.4,0.0,0.0,1.089252297,1.089252297,0.0,0.0,0.43570091880000006,0.43570091880000006,0.36,1.9769003550496662,9.922524651749997,24.120748,0.0,0.0,0.0
2025-09-07T21:00:00+02:00,0.399721167,0.347798865,0.0,0.4,0.0,0.0,0.399721167,0.347798865,0.0,0.0,0.15988846680000002,0.139119546,0.32,1.7115535843340783,10.140782860649994,24.400624,0.0,0.0,0.0
2025-09-07T22:00:00+02:00,2.717308852,0.631136061,0.0,0.28,0.0,0.0,2.717308852,0.631136061,0.0,0.0,0.7608464785600001,0.17671809708,0.185,1.6131975212028413,8.4126355699,24.50052,0.0,0.0,2.480000027560436e-07
2025-09-07T23:00:00+02:00,0.972273632,0.601501498,0.0,0.28,0.0,0.0,0.972273632,0.601501498,0.0,0.0,0.27223661696000007,0.16842041944,0.055,1.0366225796554442,3.6554240196499967,24.483766,0.0,0.0,0.0
2025-09-08T00:00:00+02:00,0.602862627,1.288639327791443,0.0,0.18,0.0,0.0,0.602862627,1.288639327791443,0.0,0.0,0.10851527286,0.23195507900245974,0.0,1.144031278052306,2.257750967399998,24.403139,0.0,0.0,0.0
2025-09-08T01:00:00+02:00,0.604223755,1.0269181910621672,0.0,0.18,0.0,0.0,0.604223755,1.0269181910621672,0.0,0.0,0.1087602759,0.18484527439119008,0.005,1.144031278052306,0.6985159463499999,24.385949,0.0,0.0,0.0
2025-09-08T02:00:00+02:00,0.605492126,0.605492126,0.0,0.18,0.0,0.0,0.605492126,0.605492126,0.0,0.0,0.10898858268,0.10898858268,0.01,1.144031278052306,0.700050428,24.388291,0.0,0.0,0.0
2025-09-08T03:00:00+02:00,0.6065813,0.6065813,0.0,0.18,0.0,0.0,0.6065813,0.6065813,0.0,0.0,0.10918463399999999,0.10918463399999999,0.015,1.144031278052306,0.7086000233999985,24.390242,0.0,0.0,0.0
2025-09-08T04:00:00+02:00,0.607417053,0.607417053,0.0,0.18,0.0,0.0,0.607417053,0.607417053,0.0,0.0,0.10933506954000001,0.10933506954000001,0.025,1.144031278052306,1.8423486047999973,24.358535,0.0,0.0,0.0
2025-09-08T05:00:00+02:00,0.607942429,0.607942429,0.0,0.18,0.0,0.0,0.607942429,0.607942429,0.0,0.0,0.10942963721999999,0.10942963721999999,0.025,1.144031278052306,1.8235544149999972,24.348779,0.0,0.0,0.0
2025-09-08T06:00:00+02:00,0.608121625,0.608121625,0.0,0.28,0.0,0.0,0.608121625,0.608121625,0.0,0.0,0.170274055,0.170274055,0.03,1.144031278052306,2.777223973649998,24.357316,0.0,0.0,0.0
2025-09-08T07:00:00+02:00,0.607942429,0.607942429,0.0,0.28,0.0,0.0,0.607942429,0.607942429,0.0,0.0,0.17022388012,0.17022388012,0.065,1.144031278052306,3.3531553771999976,24.347763,0.0,0.0,0.0
2025-09-08T08:00:00+02:00,0.201189159,0.201189159,0.1869,0.28,0.1869,0.1869,0.014289158999999996,0.014289158999999996,0.0,0.0,0.004000964519999999,0.004000964519999999,0.035,1.144031278052306,2.6985610963999993,24.323136,0.0,0.0,0.0
2025-09-08T09:00:00+02:00,0.200353406,1.080883686,1.11255,0.28,0.200353406,1.080883686,0.0,0.0,0.9121965939999999,0.03166631399999997,-0.07297572751999999,-0.002533305119999998,0.005,1.144031278052306,1.3763358797999996,24.302614,0.0,0.0,0.0
2025-09-08T10:00:00+02:00,0.199264232,1.0797945119999999,2.1593999999999998,0.28,0.199264232,1.0797945119999999,0.0,0.0,1.9601357679999998,1.079605488,-0.15681086143999998,-0.08636843904,0.02,1.144031278052306,1.39550539395,24.352178,0.0,0.0,0.0
2025-09-08T11:00:00+02:00,0.913093732,1.078526141,2.9349999999999996,0.28,0.913093732,1.078526141,0.0,0.0,2.0219062679999995,1.8564738589999996,-0.16175250143999997,-0.14851790871999998,0.045,1.144031278052306,2.8270509331499984,24.443482,0.0,0.0,0.0
2025-09-08T12:00:00+02:00,1.077165011,1.0771650130000001,3.4458,0.28,1.077165011,1.0771650130000001,0.0,0.0,2.3686349890000002,2.368634987,-0.18949079912000003,-0.18949079896,0.035,1.144031278052306,2.627788707049999,24.669568,0.0,0.0,0.0
2025-09-08T13:00:00+02:00,1.075803882,1.075803884,3.6689499999999997,0.28,1.075803882,1.075803884,0.0,0.0,2.593146118,2.593146116,-0.20745168944,-0.20745168928,0.05,1.1879245030723138,2.932047629749996,25.007973,0.0,0.0,0.0
2025-09-08T14:00:00+02:00,2.474931603,1.074535514,3.728,0.28,2.474931603,1.074535514,0.0,0.0,1.2530683970000003,2.6534644860000003,-0.10024547176000002,-0.21227715888000004,0.04,1.1879245030723138,2.7954931173,25.273311,0.0,0.0,0.0
2025-09-08T15:00:00+02:00,1.073446337,2.001671897019527,3.5684,0.28,1.073446337,2.001671897019527,0.0,0.0,2.494953663,1.566728102980473,-0.19959629304,-0.12533824823843784,0.005,1.2323892124713192,2.5324219593499997,25.411093,0.0,0.99205741,0.0
2025-09-08T16:00:00+02:00,2.473006676,0.5940192199675418,3.1620999999999997,0.28,2.473006676,0.5940192199675418,0.0,0.0,0.6890933239999999,2.568080780032458,-0.05512746591999999,-0.20544646240259665,0.1,1.522839996024382,4.022942935799998,24.50052,0.0,0.28701802,2.480000027560436e-07
2025-09-08T17:00:00+02:00,3.611822578,2.3895500309999997,2.38955,0.4,2.38955,2.38955,1.222272578,3.099999990041624e-08,0.0,0.0,0.48890903120000007,1.2399999960166497e-08,0.32,1.7559617335062785,10.616891451599999,24.396748,0.0,0.0,0.0
2025-09-08T18:00:00+02:00,7.591375735,1.417900035,1.4179,0.4,1.4179,1.4179,6.173475735,3.500000000933312e-08,0.0,0.0,2.469390294,1.400000000373325e-08,0.545,1.8537143273586523,12.122861976199996,24.480624,0.0,0.0,0.0
2025-09-08T19:00:00+02:00,7.591554931,0.390850001,0.39085000000000003,0.4,0.39085000000000003,0.39085000000000003,7.200704931,9.999999717180685e-10,0.0,0.0,2.8802819724,3.999999886872274e-10,0.57,1.8976075523786604,14.275912220499993,24.50052,0.0,0.0,2.480000027560436e-07
2025-09-08T20:00:00+02:00,10.166290178,2.267474385,0.0,0.4,0.0,0.0,10.166290178,2.267474385,0.0,0.0,4.066516071200001,0.906989754,0.41,1.5377071544625527,10.772187643599997,24.4671,0.0,0.0,0.0
2025-09-08T21:00:00+02:00,8.329325808,1.451787950632121,0.0,0.4,0.0,0.0,8.329325808,1.451787950632121,0.0,0.0,3.3317303232000004,0.5807151802528484,0.255,1.4399786891697115,8.633502108849996,24.355916,0.0,0.0,0.0
2025-09-08T22:00:00+02:00,3.181338907,7.196550429564085,0.0,0.28,0.0,0.0,3.181338907,7.196550429564085,0.0,0.0,0.8907748939600001,2.015034120277944,0.12,1.3736819947449392,6.844521147999995,24.22993,0.0,0.0,0.0
2025-09-08T23:00:00+02:00,0.601501498,3.1769861483974067,0.0,0.28,0.0,0.0,0.601501498,3.1769861483974067,0.0,0.0,0.16842041944,0.889556121551274,0.025,1.2265636768677473,1.2653437977999997,24.124942,0.0,0.0,0.0
2025-09-09T00:00:00+02:00,0.602862627,8.002862627,0.0,0.18,0.0,0.0,0.602862627,8.002862627,0.0,0.0,0.10851527286,1.4405152728600001,0.01,0.9776307403530641,0.7910923132499994,23.987452,0.0,0.0,0.0
2025-09-09T01:00:00+02:00,0.604223755,6.601023455,0.0,0.18,0.0,0.0,0.604223755,6.601023455,0.0,0.0,0.1087602759,1.1881842219,0.005,0.9776307403530641,0.67754202675,23.939543,0.0,0.0,0.0
2025-09-09T02:00:00+02:00,0.605492126,0.605492126,0.0,0.18,0.0,0.0,0.605492126,0.605492126,0.0,0.0,0.10898858268,0.10898858268,0.005,0.9776307403530641,0.67829134335,23.816286,0.0,0.0,0.0
2025-09-09T03:00:00+02:00,0.6065813,8.2071792,0.0,0.18,0.0,0.0,0.6065813,8.2071792,0.0,0.0,0.10918463399999999,1.4772922560000001,0.01,0.9616624698281938,0.67969919955,23.663572,0.0,0.0,0.0
2025-09-09T04:00:00+02:00,0.607417053,0.607417053,0.0,0.18,0.0,0.0,0.607417053,0.607417053,0.0,0.0,0.10933506954000001,0.10933506954000001,0.01,0.9616624698281938,0.6806709250999999,23.48631,0.0,0.0,0.0
2025-09-09T05:00:00+02:00,0.607942429,0.607942429,0.0,0.18,0.0,0.0,0.607942429,0.607942429,0.0,0.0,0.10942963721999999,0.10942963721999999,0.005,0.9616624698281938,0.68120104835,23.271925,0.0,0.0,0.0
2025-09-09T06:00:00+02:00,0.608121625,0.608121625,0.0,0.28,0.0,0.0,0.608121625,0.608121625,0.0,0.0,0.170274055,0.170274055,0.005,0.9616624698281938,1.4671032258999992,23.059937,0.0,0.0,0.0
2025-09-09T07:00:00+02:00,1.508722875,1.508722875,0.0,0.28,0.0,0.0,1.508722875,1.508722875,0.0,0.0,0.422442405,0.422442405,0.05,0.9616624698281938,3.1002311090499965,22.783281,0.0,0.0,0.0
2025-09-09T08:00:00+02:00,0.239472444,0.239472444,0.18255,0.28,0.18255,0.18255,0.056922444000000016,0.056922444000000016,0.0,0.0,0.015938284320000006,0.015938284320000006,0.045,0.9616624698281938,2.7984419990999974,22.469401,0.0,0.0,0.0
2025-09-09T09:00:00+02:00,0.200353406,1.080883686,1.1104,0.28,0.200353406,1.080883686,0.0,0.0,0.910046594,0.0295163140000001,-0.07280372752,-0.002361305120000008,0.01,0.9616624698281938,1.3678064446999998,22.224501,0.0,0.0,0.0
2025-09-09T10:00:00+02:00,0.883309282,1.0797945119999999,2.03725,0.28,0.883309282,1.0797945119999999,0.0,0.0,1.1539407179999999,0.9574554879999999,-0.09231525743999999,-0.07659643903999999,0.02,0.9616624698281938,1.3742606428,21.987084,0.0,0.0,0.0
2025-09-09T11:00:00+02:00,1.078526139,1.078526141,2.8844,0.28,1.078526139,1.078526141,0.0,0.0,1.8058738609999998,1.8058738589999999,-0.14446990888,-0.14446990871999998,0.03,0.9616624698281938,1.3937904948999997,21.77257,0.0,0.0,0.0
2025-09-09T12:00:00+02:00,1.077165011,1.0771650130000001,3.3891500000000003,0.28,1.077165011,1.0771650130000001,0.0,0.0,2.3119849890000004,2.311984987,-0.18495879912000004,-0.18495879896000003,0.025,0.9616624698281938,1.4198880580499984,21.510475,0.0,0.0,0.0
2025-09-09T13:00:00+02:00,1.075803882,1.075803884,3.6007,0.28,1.075803882,1.075803884,0.0,0.0,2.524896118,2.524896116,-0.20199168944,-0.20199168928,0.02,0.9616624698281938,1.3806730595999999,21.492062,0.0,0.0,0.0
2025-09-09T14:00:00+02:00,1.074535512,1.074535514,3.7039,0.28,1.074535512,1.074535514,0.0,0.0,2.629364488,2.629364486,-0.21034915904,-0.21034915888,0.015,1.065744421439233,1.3444853163999997,21.626719,0.0,0.0,0.0
2025-09-09T15:00:00+02:00,1.073446337,1.073446339,3.56025,0.28,1.073446337,1.073446339,0.0,0.0,2.486803663,2.4868036609999997,-0.19894429304,-0.19894429287999998,0.005,1.3473700920796627,1.3330253986999996,21.855599,0.0,0.0,0.0
2025-09-09T16:00:00+02:00,1.072610585,3.097900047,3.0979,0.28,1.072610585,3.0979,0.0,4.699999989199455e-08,2.025289415,0.0,-0.16202315320000002,1.3159999969758475e-08,0.065,1.4228438879146275,3.325757705549995,22.046332,0.0,0.0,0.0
2025-09-09T17:00:00+02:00,6.162329131,2.367800031,2.3678,0.4,2.3678,2.3678,3.794529131,3.099999990041624e-08,0.0,0.0,1.5178116524,1.2399999960166497e-08,0.275,1.6162257761456233,8.481033124199998,22.23861,0.0,0.0,0.0
2025-09-09T18:00:00+02:00,7.591375735,1.386399995,1.3863999999999999,0.4,1.3863999999999999,1.386399995,6.204975735,0.0,0.0,4.99999974756804e-09,2.481990294,-3.999999798054432e-10,0.535,2.782246628397715,12.655598601649983,22.365509,0.0,0.0,0.0
2025-09-09T19:00:00+02:00,1.468529927,0.38420000099999996,0.38420000000000004,0.4,0.38420000000000004,0.38420000000000004,1.084329927,9.999999162069173e-10,0.0,0.0,0.43373197080000003,3.9999996648276696e-10,0.54,2.782246628397715,13.167975641599986,22.437924,0.0,0.0,0.0
2025-09-09T20:00:00+02:00,7.709768969,0.309768969,0.0,0.4,0.0,0.0,7.709768969,0.309768969,0.0,0.0,3.0839075876,0.12390758760000001,0.405,1.8864241807644322,11.564176815649997,22.464937,0.0,0.0,0.0
2025-09-09T21:00:00+02:00,5.445574179,0.790692541,0.0,0.4,0.0,0.0,5.445574179,0.790692541,0.0,0.0,2.1782296716,0.3162770164,0.265,1.6930422925334367,8.881324704099999,22.404114,0.0,0.0,0.0
2025-09-09T22:00:00+02:00,0.760897025,0.760897025,0.0,0.28,0.0,0.0,0.760897025,0.760897025,0.0,0.0,0.213051167,0.213051167,0.09,1.6335367672233423,7.8013014538,22.370095,0.0,0.0,0.0
2025-09-09T23:00:00+02:00,0.601501498,0.601501498,0.0,0.28,0.0,0.0,0.601501498,0.601501498,0.0,0.0,0.16842041944,0.16842041944,0.025,1.0817126919641034,1.3158486075499993,22.341746,0.0,0.0,0.0
2025-09-10T00:00:00+02:00,0.602862627,0.602862627,0.0,0.18,0.0,0.0,0.602862627,0.602862627,0.0,0.0,0.10851527286,0.10851527286,0.01,0.9776307403530641,0.7050771923999999,22.118121,0.0,0.0,0.0
2025-09-10T01:00:00+02:00,0.604223755,0.604223755,0.0,0.18,0.0,0.0,0.604223755,0.604223755,0.0,0.0,0.1087602759,0.1087602759,0.005,0.9776307403530641,0.67552491385,21.998435,0.0,0.0,0.0
2025-09-10T02:00:00+02:00,0.605492126,1.8956543259999998,0.0,0.18,0.0,0.0,0.605492126,1.8956543259999998,0.0,0.0,0.10898858268,0.34121777868,0.0,0.9776307403530641,0.6700408691499999,21.782029,0.0,0.0,0.0
2025-09-10T03:00:00+02:00,0.6065813,9.879824900000001,0.0,0.18,0.0,0.0,0.6065813,9.879824900000001,0.0,0.0,0.10918463399999999,1.778368482,0.035,0.9616624698281938,2.080724189749993,21.485024,0.0,0.0,0.0
2025-09-10T04:00:00+02:00,0.607417053,9.879824852999999,0.0,0.18,0.0,0.0,0.607417053,9.879824852999999,0.0,0.0,0.10933506954000001,1.7783684735399998,0.055,0.9616624698281938,3.1650047514499984,21.23752,0.0,0.0,0.0
2025-09-10T05:00:00+02:00,0.607942429,1.003068801420315,0.0,0.18,0.0,0.0,0.607942429,1.003068801420315,0.0,0.0,0.10942963721999999,0.1805523842556567,0.085,0.9616624698281938,3.6556661988999997,20.9646,0.22875002,0.0,0.0
2025-09-10T06:00:00+02:00,0.608121625,0.608121625,0.0,0.28,0.0,0.0,0.608121625,0.608121625,0.0,0.0,0.170274055,0.170274055,0.145,0.9616624698281938,3.90024947725,20.932583,0.0,0.0,0.0
2025-09-10T07:00:00+02:00,2.335270682,0.607942429,0.0,0.28,0.0,0.0,2.335270682,0.607942429,0.0,0.0,0.65387579096,0.17022388012,0.185,0.9616624698281938,4.622632093299998,20.643819,0.0,0.0,0.0
2025-09-10T08:00:00+02:00,1.706464695,1.706464695,0.1755,0.28,0.1755,0.1755,1.530964695,1.530964695,0.0,0.0,0.42867011460000004,0.42867011460000004,0.225,0.9616624698281938,4.571337027199999,20.36985,0.0,0.0,0.0
2025-09-10T09:00:00+02:00,0.883428202,1.069649996,1.06965,0.28,0.883428202,1.069649996,0.0,0.0,0.18622179799999994,3.999999886872274e-09,-0.014897743839999995,-3.1999999094978195e-10,0.045,0.9616624698281938,3.0020773035999992,20.108208,0.0,0.0,0.0
2025-09-10T10:00:00+02:00,1.07979451,1.0797945119999999,2.0021,0.28,1.07979451,1.0797945119999999,0.0,0.0,0.9223054900000001,0.9223054880000001,-0.07378443920000001,-0.07378443904000001,0.035,0.9616624698281938,2.638208636699998,20.123507,0.0,0.0,0.0
2025-09-10T11:00:00+02:00,1.078526139,1.078526141,2.7288999999999994,0.28,1.078526139,1.078526141,0.0,0.0,1.6503738609999994,1.6503738589999994,-0.13202990887999996,-0.13202990871999995,0.03,0.9616624698281938,1.6665116070499895,20.452922,0.0,0.0,0.0
2025-09-10T12:00:00+02:00,1.077165011,1.0771650130000001,3.292,0.28,1.077165011,1.0771650130000001,0.0,0.0,2.214834989,2.2148349869999997,-0.17718679912,-0.17718679895999997,0.03,0.8708312107034363,2.0537609430499946,20.960768,0.0,0.0,0.0
2025-09-10T13:00:00+02:00,1.075803882,1.075803884,3.53605,0.28,1.075803882,1.075803884,0.0,0.0,2.4602461179999997,2.460246116,-0.19681968943999997,-0.19681968928000002,0.03,0.8708312107034363,1.47957570145,21.55064,0.0,0.0,0.0
2025-09-10T14:00:00+02:00,1.074535512,1.074535514,3.5674,0.28,1.074535512,1.074535514,0.0,0.0,2.4928644880000004,2.492864486,-0.19942915904000003,-0.19942915888,0.015,1.0995222790251518,1.3431879708999996,22.0922,0.0,0.0,0.0
2025-09-10T15:00:00+02:00,1.073446337,1.6290059302562836,3.4555000000000002,0.28,1.073446337,1.6290059302562836,0.0,0.0,2.382053663,1.8264940697437166,-0.19056429304000003,-0.14611952557949734,0.01,1.4081340115088234,1.2742158579499991,22.726834,0.0,0.39671604,0.0
2025-09-10T16:00:00+02:00,0.381705213,1.5958795073,3.0116000000000005,0.28,0.381705213,1.5958795073,0.0,0.0,2.6298947870000005,1.4157204927000004,-0.21039158296000005,-0.11325763941600003,0.07,2.4656522051344316,4.0258640420499905,23.025645,0.0,1.0,0.0
2025-09-10T17:00:00+02:00,0.482099752,2.231700031,2.2317,0.4,0.482099752,2.2317,0.0,3.099999990041624e-08,1.7496002480000001,0.0,-0.13996801984,1.2399999960166497e-08,0.325,2.756238480360103,10.297809192099992,22.838038,0.0,0.0,0.0
2025-09-10T18:00:00+02:00,10.634458504,1.8340624140000001,1.19055,0.4,1.19055,1.19055,9.443908504,0.6435124140000001,0.0,0.0,3.7775634016,0.2574049656000001,0.555,2.9007793727763116,15.57885990235,23.581698,0.0,0.0,0.0
2025-09-10T19:00:00+02:00,10.82476136,0.332600002,0.3326,0.4,0.3326,0.3326,10.49216136,1.9999999989472883e-09,0.0,0.0,4.196864544,7.999999995789154e-10,0.68,2.9007793727763116,15.998890892899995,24.084748,0.0,0.0,0.0
2025-09-10T20:00:00+02:00,9.280969433,0.203725354,0.0,0.4,0.0,0.0,9.280969433,0.203725354,0.0,0.0,3.7123877731999997,0.08149014160000001,0.53,2.0207941558639675,11.202866230899993,24.420624,0.0,0.0,0.0
2025-09-10T21:00:00+02:00,8.536351001,0.599143953,0.0,0.4,0.0,0.0,8.536351001,0.599143953,0.0,0.0,3.4145404004,0.23965758120000002,0.29,1.935773438192777,8.8541755735,24.50052,0.0,0.0,2.480000027560436e-07
2025-09-10T22:00:00+02:00,3.178221878,0.600233128,0.0,0.28,0.0,0.0,3.178221878,0.600233128,0.0,0.0,0.8899021258400001,0.16806527584,0.125,1.779990153773491,8.0229426161,24.400433,0.0,0.0,0.0
2025-09-10T23:00:00+02:00,0.601501498,0.601501498,0.0,0.28,0.0,0.0,0.601501498,0.601501498,0.0,0.0,0.16842041944,0.16842041944,0.025,1.0817126919641034,1.465701668849999,24.167028,0.0,0.0,0.0
2025-09-11T00:00:00+02:00,0.602862627,9.879824927000001,0.0,0.18,0.0,0.0,0.602862627,9.879824927000001,0.0,0.0,0.10851527286,1.7783684868600003,0.0,0.9952856121740886,0.7017373864999983,23.822523,0.0,0.0,0.0
2025-09-11T01:00:00+02:00,0.604223755,8.323843845,0.0,0.18,0.0,0.0,0.604223755,8.323843845,0.0,0.0,0.1087602759,1.4982918921000001,0.0,1.0979516674312413,0.663987467,23.468769,0.0,0.0,0.0
2025-09-11T02:00:00+02:00,0.605492126,8.005492126,0.0,0.18,0.0,0.0,0.605492126,8.005492126,0.0,0.0,0.10898858268,1.44098858268,0.0,1.1191009900772808,0.6662559746,23.073974,0.0,0.0,0.0
2025-09-11T03:00:00+02:00,0.6065813,0.6065813,0.0,0.18,0.0,0.0,0.6065813,0.6065813,0.0,0.0,0.10918463399999999,0.10918463399999999,0.0,1.1191009900772808,0.6674900074499999,22.594979,0.0,0.0,0.0
2025-09-11T04:00:00+02:00,0.607417053,1.3180564793375886,0.0,0.18,0.0,0.0,0.607417053,1.3180564793375886,0.0,0.0,0.10933506954000001,0.23725016628076595,0.01,1.1191009900772808,0.68084417825,22.095815,0.0,0.0,0.0
2025-09-11T05:00:00+02:00,0.607942429,8.434929459236894,0.0,0.18,0.0,0.0,0.607942429,8.434929459236894,0.0,0.0,0.10942963721999999,1.518287302662641,0.025,1.1191009900772808,2.883225457249998,21.579846,0.0,0.0,0.0
2025-09-11T06:00:00+02:00,2.335449878,0.608121625,0.0,0.28,0.0,0.0,2.335449878,0.608121625,0.0,0.0,0.6539259658400001,0.170274055,0.14,1.1191009900772808,4.12782070005,21.099872,0.0,0.0,0.0
2025-09-11T07:00:00+02:00,2.335270682,0.607942429,0.0,0.28,0.0,0.0,2.335270682,0.607942429,0.0,0.0,0.65387579096,0.17022388012,0.17,1.220986478729896,4.626773942049998,20.799893,0.0,0.0,0.0
2025-09-11T08:00:00+02:00,0.377008996,0.201189159,0.15455,0.28,0.15455,0.15455,0.222458996,0.04663915900000001,0.0,0.0,0.062288518880000004,0.013058964520000004,0.115,1.2757727784527082,4.073970397799992,20.566578,0.0,0.0,0.0
2025-09-11T09:00:00+02:00,1.080883684,0.9712999959999999,0.9712999999999999,0.28,0.9712999999999999,0.9712999959999999,0.10958368400000007,0.0,0.0,3.999999997894577e-09,0.030683431520000023,-3.1999999983156616e-10,0.035,1.173887289800093,3.065546004699997,20.388815,0.0,0.0,0.0
2025-09-11T10:00:00+02:00,1.07979451,1.0797945119999999,1.9896,0.28,1.07979451,1.0797945119999999,0.0,0.0,0.9098054900000001,0.9098054880000002,-0.07278443920000001,-0.07278443904000001,0.03,1.1617468123309271,1.8350091055999835,20.624012,0.0,0.0,0.0
2025-09-11T11:00:00+02:00,1.078526139,1.078526141,2.7227999999999994,0.28,1.078526139,1.078526141,0.0,0.0,1.6442738609999994,1.6442738589999994,-0.13154190887999995,-0.13154190871999996,0.035,1.1617468123309271,1.8615984938499925,20.953344,0.0,0.0,0.0
2025-09-11T12:00:00+02:00,1.077165011,1.0771650130000001,3.1021,0.28,1.077165011,1.0771650130000001,0.0,0.0,2.024934989,2.024934987,-0.16199479912,-0.16199479896,0.03,1.1617468123309271,1.8988192767999956,21.344453,0.0,0.0,0.0
2025-09-11T13:00:00+02:00,0.899551169,1.075803884,3.4770999999999996,0.28,0.899551169,1.075803884,0.0,0.0,2.5775488309999997,2.4012961159999997,-0.20620390647999998,-0.19210368928,0.03,1.1617468123309271,1.7342015545499985,21.787044,0.0,0.0,0.0
2025-09-11T14:00:00+02:00,0.194005234,1.074535514,3.45555,0.28,0.194005234,1.074535514,0.0,0.0,3.261544766,2.381014486,-0.26092358128000004,-0.19048115888000003,0.02,1.1617468123309271,1.38779234015,22.239203,0.0,0.0,0.0
2025-09-11T15:00:00+02:00,0.192916059,0.858194689,2.90925,0.28,0.192916059,0.858194689,0.0,0.0,2.7163339410000003,2.0510553110000003,-0.21730671528000003,-0.16408442488000002,0.015,1.226655892982491,1.2724595251499997,22.566003,0.0,0.0,0.0
2025-09-11T16:00:00+02:00,0.356400788,1.072610587,1.4402000000000001,0.28,0.356400788,1.072610587,0.0,0.0,1.0837992120000002,0.36758941300000014,-0.08670393696000002,-0.029407153040000012,0.08,1.4427562446747864,4.265408220949996,22.788336,0.0,0.0,0.0
2025-09-11T17:00:00+02:00,1.072085209,1.072085211,2.0646500000000003,0.4,1.072085209,1.072085211,0.0,0.0,0.9925647910000004,0.9925647890000002,-0.07940518328000003,-0.07940518312000001,0.31,1.8197121418765096,8.604765906999999,22.956946,0.0,0.0,0.0
2025-09-11T18:00:00+02:00,5.554714091,1.299749996,1.29975,0.4,1.29975,1.299749996,4.254964091,0.0,0.0,3.999999886872274e-09,1.7019856364,-3.1999999094978195e-10,0.5,2.2934926528101016,12.618969835699998,23.030789,0.0,0.0,0.0
2025-09-11T19:00:00+02:00,14.736769083,2.2005823450000004,0.34725,0.4,0.34725,0.34725,14.389519083,1.8533323450000003,0.0,0.0,5.7558076332,0.7413329380000002,0.505,2.3108097192953,15.0950479762,23.042324,0.0,0.0,0.0
2025-09-11T20:00:00+02:00,6.470507673,0.45499124399999996,0.0,0.4,0.0,0.0,6.470507673,0.45499124399999996,0.0,0.0,2.5882030692000004,0.1819964976,0.4,2.1149441839336336,11.016827255299999,22.88527,0.0,0.0,0.0
2025-09-11T21:00:00+02:00,0.599143953,0.599143953,0.0,0.4,0.0,0.0,0.599143953,0.599143953,0.0,0.0,0.23965758120000002,0.23965758120000002,0.245,1.5599659778876689,8.168442293899998,22.687725,0.0,0.0,0.0
2025-09-11T22:00:00+02:00,0.609696313,0.609696313,0.0,0.28,0.0,0.0,0.609696313,0.609696313,0.0,0.0,0.17071496764000002,0.17071496764000002,0.075,1.3979509953506903,6.000802876299997,22.489771,0.0,0.0,0.0
2025-09-11T23:00:00+02:00,0.607866082,0.607866082,0.0,0.28,0.0,0.0,0.607866082,0.607866082,0.0,0.0,0.17020250296000003,0.17020250296000003,0.01,1.2311564260465113,1.22409215105,22.291476,0.0,0.0,0.0
2025-09-12T00:00:00+02:00,0.602862627,9.879824907000001,0.0,0.18,0.0,0.0,0.602862627,9.879824907000001,0.0,0.0,0.10851527286,1.7783684832600002,0.0,1.0181221229734225,0.7056008629499997,22.092896,0.0,0.0,0.0
2025-09-12T01:00:00+02:00,0.604223755,0.604223755,0.0,0.18,0.0,0.0,0.604223755,0.604223755,0.0,0.0,0.1087602759,0.1087602759,0.0,1.0181221229734225,0.6685748573499999,21.877414,0.0,0.0,0.0
2025-09-12T02:00:00+02:00,0.605492126,0.605492126,0.0,0.18,0.0,0.0,0.605492126,0.605492126,0.0,0.0,0.10898858268,0.10898858268,0.0,1.0181221229734225,0.6700408691499999,21.681178,0.0,0.0,0.0
2025-09-12T03:00:00+02:00,0.6065813,8.887111580000001,0.0,0.18,0.0,0.0,0.6065813,8.887111580000001,0.0,0.0,0.10918463399999999,1.5996800844,0.01,1.0181221229734225,0.6798997658,21.467648,0.0,0.0,0.0
2025-09-12T04:00:00+02:00,0.607417053,5.899474733,0.0,0.18,0.0,0.0,0.607417053,5.899474733,0.0,0.0,0.10933506954000001,1.06190545194,0.04,1.0181221229734225,3.1491901332499976,21.356374,0.0,0.0,0.0
2025-09-12T05:00:00+02:00,0.607942429,0.607942429,0.0,0.18,0.0,0.0,0.607942429,0.607942429,0.0,0.0,0.10942963721999999,0.10942963721999999,0.005,1.0181221229734225,0.68152307505,21.330311,0.0,0.0,0.0
2025-09-12T06:00:00+02:00,0.704832392,0.608121625,0.0,0.28,0.0,0.0,0.704832392,0.608121625,0.0,0.0,0.19735306976000003,0.170274055,0.015,1.0181221229734225,2.2053505495999985,21.208593,0.0,0.0,0.0
2025-09-12T07:00:00+02:00,1.488472707,0.607942429,0.0,0.28,0.0,0.0,1.488472707,0.607942429,0.0,0.0,0.41677235796,0.17022388012,0.055,1.0181221229734225,3.4718610327499966,21.073827,0.0,0.0,0.0
2025-09-12T08:00:00+02:00,2.809047691,0.201189159,0.1618,0.28,0.1618,0.1618,2.647247691,0.03938915900000001,0.0,0.0,0.7412293534800001,0.011028964520000004,0.06,1.0181221229734225,3.457367858999995,20.978189,0.0,0.0,0.0
2025-09-12T09:00:00+02:00,1.080883684,0.9927999959999999,0.9928000000000001,0.28,0.9928000000000001,0.9927999959999999,0.08808368399999988,0.0,0.0,4.0000002199391815e-09,0.02466343151999997,-3.200000175951345e-10,0.03,1.0181221229734225,1.5581836958999988,20.948491,0.0,0.0,0.0
2025-09-12T10:00:00+02:00,1.07979451,1.0797945119999999,1.9476499999999999,0.28,1.07979451,1.0797945119999999,0.0,0.0,0.86785549,0.867855488,-0.0694284392,-0.06942843904,0.04,1.0181221229734225,1.8884241959499999,21.073743,0.0,0.0,0.0
2025-09-12T11:00:00+02:00,1.078526139,0.709000001,0.7090000000000001,0.28,0.7090000000000001,0.7090000000000001,0.369526139,9.999999717180685e-10,0.0,0.0,0.10346731892000001,2.799999920810592e-10,0.035,1.0181221229734225,2.4941819796999853,21.344786,0.0,0.0,0.0
2025-09-12T12:00:00+02:00,0.384961807,1.016400003,1.0164,0.28,0.384961807,1.0164,0.0,3.000000026176508e-09,0.6314381929999999,0.0,-0.05051505544,8.400000073294223e-10,0.04,1.0181221229734225,2.594147027149999,21.753988,0.0,0.0,0.0
2025-09-12T13:00:00+02:00,0.195273604,1.075803884,3.4604,0.28,0.195273604,1.075803884,0.0,0.0,3.265126396,2.384596116,-0.26121011167999997,-0.19076768928,0.02,1.0181221229734225,1.469105284499999,22.211657,0.0,0.0,0.0
2025-09-12T14:00:00+02:00,0.194005234,1.074535514,3.4189,0.28,0.194005234,1.074535514,0.0,0.0,3.224894766,2.344364486,-0.25799158128,-0.18754915888,0.005,1.1186656563381743,1.3564745118999992,22.593047,0.0,0.0,0.0
2025-09-12T15:00:00+02:00,0.192916059,1.073446339,3.36335,0.28,0.192916059,1.073446339,0.0,0.0,3.170433941,2.2899036610000003,-0.25363471528000003,-0.18319229288000002,0.01,1.8154085298835834,1.3001130077999992,22.744206,0.0,0.0,0.0
2025-09-12T16:00:00+02:00,2.754926407,0.886249997,0.88625,0.28,0.88625,0.886249997,1.8686764070000002,0.0,0.0,3.000000026176508e-09,0.5232293939600001,-2.4000000209412063e-10,0.095,2.2218978630402506,4.716872810949999,22.853505,0.0,0.0,0.0
2025-09-12T17:00:00+02:00,8.472085209,0.19945,0.19945000000000002,0.4,0.19945000000000002,0.19945,8.272635208999999,0.0,0.0,2.7755575615628914e-17,3.3090540835999995,-2.220446049250313e-18,0.37,2.5747444429237754,8.662589506499998,22.927921,0.0,0.0,0.0
2025-09-12T18:00:00+02:00,8.490256196,0.20972591799999998,0.08135,0.4,0.08135,0.08135,8.408906196,0.12837591799999998,0.0,0.0,3.3635624784000004,0.0513503672,0.46,3.309384633370794,11.533554544499987,22.939934,0.0,0.0,0.0
2025-09-12T19:00:00+02:00,15.019444162,1.238821175,0.09105,0.4,0.09105,0.09105,14.928394162,1.147771175,0.0,0.0,5.9713576648,0.45910847,0.495,3.309384633370794,14.058424850549999,22.899945,0.0,0.0,0.0
2025-09-12T20:00:00+02:00,8.229498209,2.172975418,0.0,0.4,0.0,0.0,8.229498209,2.172975418,0.0,0.0,3.2917992836000005,0.8691901672000001,0.365,3.0831868549091,11.071135415999995,22.799954,0.0,0.0,0.0
2025-09-12T21:00:00+02:00,0.785513466,0.785513466,0.0,0.4,0.0,0.0,0.785513466,0.785513466,0.0,0.0,0.31420538640000006,0.31420538640000006,0.24,2.7303402750255756,8.375235791199998,22.683295,0.0,0.0,0.0
2025-09-12T22:00:00+02:00,0.606895107,0.606895107,0.0,0.28,0.0,0.0,0.606895107,0.606895107,0.0,0.0,0.16993062996000002,0.16993062996000002,0.11,2.323850941868909,8.054561320700001,22.569413,0.0,0.0,0.0
2025-09-12T23:00:00+02:00,0.618473344,0.618473344,0.0,0.28,0.0,0.0,0.618473344,0.618473344,0.0,0.0,0.17317253632000001,0.17317253632000001,0.05,1.1186656563381743,2.846713826149978,22.491177,0.0,0.0,0.0
2025-09-13T00:00:00+02:00,0.602862627,2.710059807,0.0,0.18,0.0,0.0,0.602862627,2.710059807,0.0,0.0,0.10851527286,0.48781076525999995,0.0,1.0181221229734225,0.7360329633999998,22.425981,0.0,0.0,0.0
2025-09-13T01:00:00+02:00,0.604223755,1.484754035,0.0,0.18,0.0,0.0,0.604223755,1.484754035,0.0,0.0,0.1087602759,0.2672557263,0.005,1.0181221229734225,0.67552491385,22.321651,0.0,0.0,0.0
2025-09-13T02:00:00+02:00,0.605492126,1.486022406,0.0,0.18,0.0,0.0,0.605492126,1.486022406,0.0,0.0,0.10898858268,0.26748403308,0.005,1.0181221229734225,0.6770379761499999,22.218042,0.0,0.0,0.0
2025-09-13T03:00:00+02:00,0.6065813,1.48711158,0.0,0.18,0.0,0.0,0.6065813,1.48711158,0.0,0.0,0.10918463399999999,0.2676800844,0.0,1.0181221229734225,0.6712997623999999,22.015035,0.0,0.0,0.0
2025-09-13T04:00:00+02:00,0.607417053,1.4879473330000001,0.0,0.18,0.0,0.0,0.607417053,1.4879473330000001,0.0,0.0,0.10933506954000001,0.26783051994,0.0,1.0181221229734225,0.6722657439499998,21.879196,0.0,0.0,0.0
2025-09-13T05:00:00+02:00,0.607942429,1.4884727089999998,0.0,0.18,0.0,0.0,0.607942429,1.4884727089999998,0.0,0.0,0.10942963721999999,0.26792508761999995,0.0,1.0181221229734225,0.6728729857499999,21.74933,0.0,0.0,0.0
2025-09-13T06:00:00+02:00,0.608121625,0.608121625,0.0,0.28,0.0,0.0,0.608121625,0.608121625,0.0,0.0,0.170274055,0.170274055,0.0,1.0181221229734225,1.4579571359999999,21.657775,0.0,0.0,0.0
2025-09-13T07:00:00+02:00,0.878573536,0.878573536,0.0,0.28,0.0,0.0,0.878573536,0.878573536,0.0,0.0,0.24600059008000003,0.24600059008000003,0.025,1.0181221229734225,2.591357103649998,21.598146,0.0,0.0,0.0
2025-09-13T08:00:00+02:00,1.560207753,1.1419060239999999,0.1719,0.28,0.1719,0.1719,1.388307753,0.9700060239999999,0.0,0.0,0.38872617084000005,0.27160168672,0.02,1.0181221229734225,2.295322506399999,21.548455,0.0,0.0,0.0
2025-09-13T09:00:00+02:00,1.080883684,0.982300006,0.9823,0.28,0.9823,0.9823,0.09858368400000006,6.000000052353016e-09,0.0,0.0,0.02760343152000002,1.6800000146588446e-09,0.025,1.0181221229734225,1.3798891886999998,21.523712,0.0,0.0,0.0
2025-09-13T10:00:00+02:00,1.223203054,2.052400032,2.0524,0.28,1.223203054,2.0524,0.0,3.199999998315661e-08,0.8291969459999999,0.0,-0.06633575568,8.959999995283852e-09,0.04,1.0181221229734225,1.9532335615999967,21.536427,0.0,0.0,0.0
2025-09-13T11:00:00+02:00,2.103932826,2.839699961,2.8397,0.28,2.103932826,2.839699961,0.0,0.0,0.7357671740000002,3.900000011825e-08,-0.05886137392000002,-3.12000000946e-09,0.05,1.0181221229734225,2.741591699999986,21.647023,0.0,0.0,0.0
2025-09-13T12:00:00+02:00,2.835993872,3.3912500330000004,3.3912500000000003,0.28,2.835993872,3.3912500000000003,0.0,3.3000000065896984e-08,0.5552561280000003,0.0,-0.04442049024000003,9.240000018451156e-09,0.035,1.0181221229734225,2.781909041449999,21.839185,0.0,0.0,0.0
2025-09-13T13:00:00+02:00,0.195273604,3.6879500082237544,3.6879500000000003,0.28,0.195273604,3.6879500000000003,0.0,8.223754122127502e-09,3.4926763960000002,0.0,-0.27941411168,2.302651154195701e-09,0.06,1.0181221229734225,3.466586555649996,21.915988,0.0,0.0,0.0
2025-09-13T14:00:00+02:00,0.194005234,3.734199966975246,3.7342000000000004,0.28,0.194005234,3.734199966975246,0.0,0.0,3.5401947660000004,3.3024754486632446e-08,-0.28321558128,-2.6419803589305956e-09,0.055,1.1186656563381743,3.6846786375,22.046657,0.0,0.0,0.0
2025-09-13T15:00:00+02:00,0.405614174,3.522149959,3.52215,0.28,0.405614174,3.522149959,0.0,0.0,3.116535826,4.099999983964153e-08,-0.24932286607999998,-3.2799999871713227e-09,0.07,1.8154085298835834,3.703713393949993,22.155547,0.0,0.0,0.0
2025-09-13T16:00:00+02:00,1.072610585,2.936850006989055,2.93685,0.28,1.072610585,2.93685,0.0,6.989054668338213e-09,1.8642394150000001,0.0,-0.1491391532,1.9569353071346998e-09,0.15,2.2218978630402506,7.5302999258000005,22.346289,0.0,0.0,0.0
2025-09-13T17:00:00+02:00,1.072085209,2.2048000039696554,2.2047999999999996,0.4,1.072085209,2.2047999999999996,0.0,3.969655715252429e-09,1.1327147909999997,0.0,-0.09061718327999999,1.5878622861009717e-09,0.2,2.5747444429237754,8.23631576005,22.555241,0.0,0.0,0.0
2025-09-13T18:00:00+02:00,1.071906013,1.2507000350000002,1.2507,0.4,1.071906013,1.2507,0.0,3.5000000231377726e-08,0.17879398699999993,0.0,-0.014303518959999996,1.4000000092551091e-08,0.19,3.2183930216579792,9.547032769599994,22.796034,0.0,0.0,0.0
2025-09-13T19:00:00+02:00,5.250176087,4.43510187,0.30865,0.4,0.30865,0.30865,4.941526087,4.1264518699999995,0.0,0.0,1.9766104348,1.6505807479999999,0.315,3.2183930216579792,9.473157220149993,23.013362,0.0,0.0,0.0
2025-09-13T20:00:00+02:00,6.347220241,1.490183391,0.0,0.4,0.0,0.0,6.347220241,1.490183391,0.0,0.0,2.5388880964,0.5960733564,0.4,2.992195243196285,10.539175984099993,23.194468,0.0,0.0,0.0
2025-09-13T21:00:00+02:00,4.395620946,5.612044494805068,0.0,0.4,0.0,0.0,4.395620946,5.612044494805068,0.0,0.0,1.7582483784000003,2.2448177979220274,0.385,2.7303402750255756,10.307613911999992,23.212057,0.0,0.0,0.0
2025-09-13T22:00:00+02:00,0.600233128,4.240846428943264,0.0,0.28,0.0,0.0,0.600233128,4.240846428943264,0.0,0.0,0.16806527584,1.1874370001041141,0.205,2.323850941868909,8.552095614799999,23.276714,0.0,0.0,0.0
2025-09-13T23:00:00+02:00,0.610021361,0.610021361,0.0,0.28,0.0,0.0,0.610021361,0.610021361,0.0,0.0,0.17080598108000003,0.17080598108000003,0.06,1.1186656563381743,4.700678047699975,23.130595,0.0,0.0,0.0
2025-09-14T00:00:00+02:00,0.602862627,0.602862627,0.0,0.18,0.0,0.0,0.602862627,0.602862627,0.0,0.0,0.10851527286,0.10851527286,0.03,1.0488704165005514,1.0084683480499994,22.975496,0.0,0.0,0.0
2025-09-14T01:00:00+02:00,0.604223755,0.604223755,0.0,0.18,0.0,0.0,0.604223755,0.604223755,0.0,0.0,0.1087602759,0.1087602759,0.005,1.159526831421926,0.67552491385,22.796247,0.0,0.0,0.0
2025-09-14T02:00:00+02:00,0.605492126,0.605492126,0.0,0.18,0.0,0.0,0.605492126,0.605492126,0.0,0.0,0.10898858268,0.10898858268,0.0,1.159526831421926,0.6700408691499999,22.613539,0.0,0.0,0.0
2025-09-14T03:00:00+02:00,0.6065813,0.6065813,0.0,0.18,0.0,0.0,0.6065813,0.6065813,0.0,0.0,0.10918463399999999,0.10918463399999999,0.0,1.159526831421926,0.6712997623999999,22.444616,0.0,0.0,0.0
2025-09-14T04:00:00+02:00,0.607417053,0.607417053,0.0,0.18,0.0,0.0,0.607417053,0.607417053,0.0,0.0,0.10933506954000001,0.10933506954000001,0.0,1.159526831421926,0.6722657439499998,22.253846,0.0,0.0,0.0
2025-09-14T05:00:00+02:00,0.607942429,0.607942429,0.0,0.18,0.0,0.0,0.607942429,0.607942429,0.0,0.0,0.10942963721999999,0.10942963721999999,0.0,1.159526831421926,0.6728729857499999,22.044872,0.0,0.0,0.0
2025-09-14T06:00:00+02:00,0.608121625,0.608121625,0.0,0.28,0.0,0.0,0.608121625,0.608121625,0.0,0.0,0.170274055,0.170274055,0.01,1.159526831421926,1.4089757622,21.837393,0.0,0.0,0.0
2025-09-14T07:00:00+02:00,1.477840408,0.607942429,0.0,0.28,0.0,0.0,1.477840408,0.607942429,0.0,0.0,0.41379531424000005,0.17022388012,0.02,1.159526831421926,2.600047116499998,21.647828,0.0,0.0,0.0
2025-09-14T08:00:00+02:00,1.081719437,0.201189159,0.12710000000000002,0.28,0.12710000000000002,0.12710000000000002,0.9546194370000001,0.07408915899999999,0.0,0.0,0.26729344236,0.02074496452,0.06,1.2505265670163428,3.776063977149999,21.456523,0.0,0.0,0.0
2025-09-14T09:00:00+02:00,1.080883684,1.066849996,1.06685,0.28,1.06685,1.066849996,0.014033683999999935,0.0,0.0,4.000000108916879e-09,0.003929431519999982,-3.200000087133503e-10,0.035,1.2556337737737246,1.7776451661999944,21.330436,0.0,0.0,0.0
2025-09-14T10:00:00+02:00,1.07979451,2.020250002,2.02025,0.28,1.07979451,2.02025,0.0,2.000000165480742e-09,0.94045549,0.0,-0.07523643919999999,5.600000463346079e-10,0.025,1.3094443679936991,1.6837300164999995,21.375363,0.0,0.0,0.0
2025-09-14T11:00:00+02:00,1.493311109,2.5830999512134842,2.5831,0.28,1.493311109,2.5830999512134842,0.0,0.0,1.089788891,4.878651571615933e-08,-0.08718311128,-3.902921257292746e-09,0.025,1.3094443679936991,2.359732808799999,21.596136,0.0,0.0,0.0
2025-09-14T12:00:00+02:00,0.672089412,3.2907999580439515,3.2908,0.28,0.672089412,3.2907999580439515,0.0,0.0,2.618710588,4.195604841328304e-08,-0.20949684704,-3.3564838730626433e-09,0.015,1.3094443679936991,2.00400170185,21.94678,0.0,0.0,0.0
2025-09-14T13:00:00+02:00,1.784680415,3.570550004,3.57055,0.28,1.784680415,3.57055,0.0,4.000000330961484e-09,1.785869585,0.0,-0.1428695668,1.1200000926692157e-09,0.015,1.2374148814448638,1.8336054141999987,22.422317,0.0,0.0,0.0
2025-09-14T14:00:00+02:00,0.946414152,3.620150014,3.6201499999999998,0.28,0.946414152,3.6201499999999998,0.0,1.4000000270186774e-08,2.6737358479999997,0.0,-0.21389886783999998,3.920000075652297e-09,0.02,1.2374148814448638,1.385058453199999,22.935264,0.0,0.0,0.0
2025-09-14T15:00:00+02:00,0.799621055,3.3904999935803075,3.3905000000000003,0.28,0.799621055,3.3904999935803075,0.0,0.0,2.590878945,6.419692777370756e-09,-0.2072703156,-5.135754221896605e-10,0.03,1.2374148814448638,2.0356508780999967,23.46272,0.0,0.0,0.0
2025-09-14T16:00:00+02:00,2.473006676,2.991350001397461,2.9913499999999997,0.28,2.473006676,2.9913499999999997,0.0,1.3974612578238066e-09,0.5183433239999999,0.0,-0.041467465919999995,3.912891521906659e-10,0.12,1.542746414592142,6.630553742749996,23.918933,0.0,0.0,0.0
2025-09-14T17:00:00+02:00,2.404408167,2.1119999656085824,2.112,0.4,2.112,2.1119999656085824,0.29240816700000005,0.0,0.0,3.439141771366394e-08,0.11696326680000002,-2.7513134170931153e-09,0.185,1.9626086838580268,8.16019489725,24.282444,0.0,0.0015172526,0.0
2025-09-14T18:00:00+02:00,0.207376873,1.238950004689364,1.23895,0.4,0.207376873,1.23895,0.0,4.689364008214625e-09,1.031573127,0.0,-0.08252585016,1.87574560328585e-09,0.265,2.156181091400553,8.636079875950001,24.50052,0.0,0.13324671,2.480000027560436e-07
2025-09-14T19:00:00+02:00,1.781424764,1.781424764,0.29995,0.4,0.29995,0.29995,1.481474764,1.481474764,0.0,0.0,0.5925899056,0.5925899056,0.285,2.385144665059212,8.833180606499997,24.50052,0.0,0.0,2.480000027560436e-07
2025-09-14T20:00:00+02:00,0.192080307,0.192080307,0.0,0.4,0.0,0.0,0.192080307,0.192080307,0.0,0.0,0.07683212280000001,0.07683212280000001,0.32,2.0757265321037055,9.595610386599999,24.483766,0.0,0.0,0.0
2025-09-14T21:00:00+02:00,0.610820933,0.610820933,0.0,0.4,0.0,0.0,0.610820933,0.610820933,0.0,0.0,0.2443283732,0.2443283732,0.32,1.6026479049190183,9.249054044849972,24.319805,0.0,0.0,0.0
2025-09-14T22:00:00+02:00,0.600233128,0.600233128,0.0,0.28,0.0,0.0,0.600233128,0.600233128,0.0,0.0,0.16806527584,0.16806527584,0.215,1.2957999299185812,8.161868968450001,24.183171,0.0,0.0,0.0
2025-09-14T23:00:00+02:00,0.617912201,0.617912201,0.0,0.28,0.0,0.0,0.617912201,0.617912201,0.0,0.0,0.17301541628000003,0.17301541628000003,0.065,1.2374148814448638,4.458033803049997,24.019309,0.0,0.0,0.0
2025-09-15T00:00:00+02:00,0.602862627,1.2297414469999999,0.0,0.18,0.0,0.0,0.602862627,1.2297414469999999,0.0,0.0,0.10851527286,0.22135346045999996,0.02,1.0140171235364903,0.9398610009499988,23.816091,0.0,0.0,0.0
2025-09-15T01:00:00+02:00,0.604223755,1.484754035,0.0,0.18,0.0,0.0,0.604223755,1.484754035,0.0,0.0,0.1087602759,0.2672557263,0.005,1.0140171235364903,0.6648189129,23.563409,0.0,0.0,0.0
2025-09-15T02:00:00+02:00,0.605492126,1.486022406,0.0,0.18,0.0,0.0,0.605492126,1.486022406,0.0,0.0,0.10898858268,0.26748403308,0.0,1.0140171235364903,0.66567840465,23.302841,0.0,0.0,0.0
2025-09-15T03:00:00+02:00,0.6065813,2.16488127,0.0,0.18,0.0,0.0,0.6065813,2.16488127,0.0,0.0,0.10918463399999999,0.38967862859999997,0.0,1.0140171235364903,0.6666433344,23.102368,0.0,0.0,0.0
2025-09-15T04:00:00+02:00,0.607417053,0.607417053,0.0,0.18,0.0,0.0,0.607417053,0.607417053,0.0,0.0,0.10933506954000001,0.10933506954000001,0.005,1.0140171235364903,0.6682446352,22.885306,0.0,0.0,0.0
2025-09-15T05:00:00+02:00,0.607942429,0.607942429,0.0,0.18,0.0,0.0,0.607942429,0.607942429,0.0,0.0,0.10942963721999999,0.10942963721999999,0.005,1.0140171235364903,0.66885446235,22.704422,0.0,0.0,0.0
2025-09-15T06:00:00+02:00,0.608121625,0.608121625,0.0,0.28,0.0,0.0,0.608121625,0.608121625,0.0,0.0,0.170274055,0.170274055,0.0,1.0140171235364903,1.3748449992999996,22.537018,0.0,0.0,0.0
2025-09-15T07:00:00+02:00,1.201781639,0.607942429,0.0,0.28,0.0,0.0,1.201781639,0.607942429,0.0,0.0,0.33649885892000003,0.17022388012,0.035,1.0140171235364903,2.9136892837499992,22.364182,0.0,0.0,0.0
2025-09-15T08:00:00+02:00,1.081719437,0.201189159,0.13099999999999998,0.28,0.13099999999999998,0.13099999999999998,0.9507194370000001,0.07018915900000003,0.0,0.0,0.26620144236000004,0.01965296452000001,0.025,1.0140171235364903,2.5232769812999996,22.220152,0.0,0.0,0.0
2025-09-15T09:00:00+02:00,1.080883684,0.942599996,0.9426000000000001,0.28,0.9426000000000001,0.942599996,0.1382836839999999,0.0,0.0,4.000000108916879e-09,0.03871943151999998,-3.200000087133503e-10,0.02,1.0140171235364903,1.3803065292499996,22.08346,0.0,0.0,0.0
2025-09-15T10:00:00+02:00,1.07979451,1.724850000401724,1.7248500000000002,0.28,1.07979451,1.7248500000000002,0.0,4.017237653641814e-10,0.6450554900000003,0.0,-0.051604439200000025,1.124826543019708e-10,0.015,1.0140171235364903,1.708116427899998,22.102883,0.0,0.4606236,0.0
2025-09-15T11:00:00+02:00,1.078526139,1.4416000013213808,1.4416000000000002,0.28,1.078526139,1.4416000000000002,0.0,1.3213805605261086e-09,0.36307386100000016,0.0,-0.029045908880000013,3.6998655694731043e-10,0.02,0.9612041402269337,1.544201069149995,21.875112,0.0,0.25926512,0.0
2025-09-15T12:00:00+02:00,0.536459126,1.272250005113591,1.27225,0.28,0.536459126,1.27225,0.0,5.1135908840649336e-09,0.7357908740000001,0.0,-0.05886326992000001,1.4318054475381815e-09,0.025,1.0712297436277154,1.708422803899995,22.086662,0.0,0.13930701,0.0
2025-09-15T13:00:00+02:00,0.195273604,0.264150000496872,0.26415,0.28,0.195273604,0.26415,0.0,4.968719879983041e-10,0.068876396,0.0,-0.005510111680000001,1.3912415663952518e-10,0.02,1.5858731495283336,1.686255763699996,22.649578,0.0,0.049183511,0.0
2025-09-15T14:00:00+02:00,0.194005234,0.3031500004592767,0.30315000000000003,0.28,0.194005234,0.30315000000000003,0.0,4.5927667224887614e-10,0.10914476600000003,0.0,-0.008731581280000003,1.2859746822968532e-10,0.025,1.6227658782389016,1.9268932433499932,23.342131,0.0,0.077938497,0.0
2025-09-15T15:00:00+02:00,0.192916059,0.21360000027504583,0.2136,0.28,0.192916059,0.2136,0.0,2.750458194533678e-10,0.02068394100000001,0.0,-0.001654715280000001,7.701282944694299e-11,0.01,2.0056483795392492,2.717781414999999,23.973838,0.0,0.014770065,0.0
2025-09-15T16:00:00+02:00,1.592476397,1.592476397,0.17015,0.28,0.17015,0.17015,1.422326397,1.422326397,0.0,0.0,0.39825139116,0.39825139116,0.115,2.6579671623224153,5.654162214899996,24.663428,0.0,1.0,0.0
2025-09-15T17:00:00+02:00,4.45800654,0.6959693262771082,0.12039999999999998,0.4,0.12039999999999998,0.12039999999999998,4.33760654,0.5755693262771082,0.0,0.0,1.7350426160000003,0.2302277305108433,0.365,4.290007673328863,11.104749133699997,24.252857,0.0,0.36019409,0.0
2025-09-15T18:00:00+02:00,10.916794607,0.8447725986880437,0.6153,0.4,0.6153,0.6153,10.301494607,0.2294725986880437,0.0,0.0,4.1205978428000005,0.0917890394752175,0.595,4.838917585019432,14.0259589197,24.50052,0.0,0.46658004,2.480000027560436e-07
2025-09-15T19:00:00+02:00,15.211512589,3.4433779136867235,0.30705,0.4,0.30705,0.30705,14.904462589,3.1363279136867237,0.0,0.0,5.9617850356,1.2545311654746896,0.635,4.838917585019432,16.158438552249997,24.50052,0.0,0.29991337,2.480000027560436e-07
2025-09-15T20:00:00+02:00,5.336789548,3.414662821689364,0.0,0.4,0.0,0.0,5.336789548,3.414662821689364,0.0,0.0,2.1347158191999998,1.3658651286757457,0.49,4.292313491207371,12.611746372249993,24.50052,0.0,0.13324671,2.480000027560436e-07
2025-09-15T21:00:00+02:00,0.831484647,0.831484647,0.0,0.4,0.0,0.0,0.831484647,0.831484647,0.0,0.0,0.33259385880000003,0.33259385880000003,0.265,2.64193103015789,8.64921595285,24.50052,0.0,0.0,2.480000027560436e-07
2025-09-15T22:00:00+02:00,0.800853178,0.7081526803957588,0.0,0.28,0.0,0.0,0.800853178,0.7081526803957588,0.0,0.0,0.22423888984,0.19828275051081248,0.08,1.8602302539758209,7.009905698549992,24.500433,0.0,0.049841187,0.0
2025-09-15T23:00:00+02:00,1.544286031,0.6247201225884397,0.0,0.28,0.0,0.0,1.544286031,0.6247201225884397,0.0,0.0,0.43240008868,0.17492163432476313,0.035,1.0509098522470584,2.8273414517999993,24.50052,0.0,0.016580041,2.480000027560436e-07
2025-09-16T00:00:00+02:00,0.602862627,9.879824897,0.0,0.18,0.0,0.0,0.602862627,9.879824897,0.0,0.0,0.10851527286,1.77836848146,0.015,1.0140171235364903,2.7327215528999997,24.50052,0.0,0.0,2.480000027560436e-07
2025-09-16T01:00:00+02:00,0.604223755,9.879824935,0.0,0.18,0.0,0.0,0.604223755,9.879824935,0.0,0.0,0.1087602759,1.7783684883,0.0,1.0140171235364903,0.6790323337999999,24.433766,0.0,0.0,0.0
2025-09-16T02:00:00+02:00,0.605492126,0.605492126,0.0,0.18,0.0,0.0,0.605492126,0.605492126,0.0,0.0,0.10898858268,0.10898858268,0.0,1.0140171235364903,0.67997710175,24.378139,0.0,0.0,0.0
2025-09-16T03:00:00+02:00,0.6065813,5.768124380000001,0.0,0.18,0.0,0.0,0.6065813,5.768124380000001,0.0,0.0,0.10918463399999999,1.0382623884000002,0.0,1.0140171235364903,0.6783444074,24.348449,0.0,0.0,0.0
2025-09-16T04:00:00+02:00,0.607417053,1.0968580681839777,0.0,0.18,0.0,0.0,0.607417053,1.0968580681839777,0.0,0.0,0.10933506954000001,0.19743445227311598,0.005,1.0140171235364903,0.66843691455,24.190374,0.0,0.0,0.0
2025-09-16T05:00:00+02:00,0.607942429,1.2237838481530612,0.0,0.18,0.0,0.0,0.607942429,1.2237838481530612,0.0,0.0,0.10942963721999999,0.220281092667551,0.005,1.0140171235364903,0.6728729857499999,24.058645,0.0,0.0,0.0
2025-09-16T06:00:00+02:00,0.608121625,0.608121625,0.0,0.28,0.0,0.0,0.608121625,0.608121625,0.0,0.0,0.170274055,0.170274055,0.005,1.0140171235364903,1.2564421673499988,23.898871,0.0,0.0,0.0
2025-09-16T07:00:00+02:00,0.607942429,0.607942429,0.0,0.28,0.0,0.0,0.607942429,0.607942429,0.0,0.0,0.17022388012,0.17022388012,0.02,1.0140171235364903,2.6960697135,23.699059,0.0,0.0,0.0
2025-09-16T08:00:00+02:00,0.201189159,0.201189159,0.05355,0.28,0.05355,0.05355,0.14763915900000002,0.14763915900000002,0.0,0.0,0.04133896452000001,0.04133896452000001,0.0,1.0140171235364903,2.411972352999998,23.599216,0.0,0.0,0.0
2025-09-16T09:00:00+02:00,0.200353406,1.056049996,1.05605,0.28,0.200353406,1.056049996,0.0,0.0,0.8556965939999999,3.999999886872274e-09,-0.06845572752,-3.1999999094978195e-10,0.015,1.0140171235364903,1.4028808437999998,23.516013,0.0,0.0,0.0
2025-09-16T10:00:00+02:00,0.876201237,1.7726000036759606,1.7726,0.28,0.876201237,1.7726,0.0,3.675960646987164e-09,0.896398763,0.0,-0.07171190104,1.029268981156406e-09,0.02,1.0140171235364903,1.4621184126999967,23.480011,0.0,0.0,0.0
2025-09-16T11:00:00+02:00,5.033088369,4.577860747703842,2.7308,0.28,2.7308,2.7308,2.302288369,1.8470607477038423,0.0,0.0,0.64464074332,0.5171770093570759,0.015,1.0140171235364903,1.3962087388999997,23.533343,0.0,0.0,0.0
2025-09-16T12:00:00+02:00,5.490401892,4.6098716137038425,3.108,0.28,3.108,3.108,2.3824018920000003,1.5018716137038424,0.0,0.0,0.6670725297600002,0.4205240518370759,0.025,0.9612041402269337,1.3761807033,23.694452,0.0,0.0,0.0
2025-09-16T13:00:00+02:00,5.679837035,4.799306756703842,3.5302999999999995,0.28,3.5302999999999995,3.5302999999999995,2.1495370350000007,1.2690067567038428,0.0,0.0,0.6018703698000003,0.355321891877076,0.035,0.9612041402269337,2.566081480799993,23.912043,0.0,0.0,0.0
2025-09-16T14:00:00+02:00,5.678568665,4.798038386703842,3.54935,0.28,3.54935,3.54935,2.1292186650000002,1.2486883867038423,0.0,0.0,0.5961812262000001,0.34963274827707586,0.03,0.9980968689375018,2.1811404255999993,24.04337,0.0,0.0,0.0
2025-09-16T15:00:00+02:00,6.708357972,3.4516500049493066,3.45165,0.28,3.45165,3.45165,3.256707972,4.949306742219051e-09,0.0,0.0,0.9118782321600001,1.3858058878213344e-09,0.025,1.3928173137870739,1.8858275878499857,24.152808,0.0,0.0,0.0
2025-09-16T16:00:00+02:00,1.049022497,2.717549987,2.7175499999999997,0.28,1.049022497,2.717549987,0.0,0.0,1.6685275029999997,1.2999999743357193e-08,-0.13348220024,-1.0399999794685756e-09,0.07,2.089139209121728,3.995859256299998,24.17734,0.0,0.0,0.0
2025-09-16T17:00:00+02:00,7.591554931,1.9441500010000001,1.94415,0.4,1.94415,1.94415,5.6474049310000005,1.000000082740371e-09,0.0,0.0,2.2589619724000003,4.000000330961484e-10,0.345,3.800259339759529,9.250687431749999,24.21445,0.0,0.0,0.0
2025-09-16T18:00:00+02:00,10.667323623,1.243397877,0.8869499999999999,0.4,0.8869499999999999,0.8869499999999999,9.780373623,0.35644787700000014,0.0,0.0,3.9121494491999997,0.14257915080000005,0.51,5.562286241300066,13.31586868615,24.245375,0.0,0.0,0.0
2025-09-16T19:00:00+02:00,16.628074464,1.828074464,0.15375,0.4,0.15375,0.15375,16.474324464000002,1.674324464,0.0,0.0,6.589729785600001,0.6697297856,0.51,5.562286241300066,13.589776568899989,24.187812,0.0,0.0,0.0
2025-09-16T20:00:00+02:00,2.349053867,0.612931669,0.0,0.4,0.0,0.0,2.349053867,0.612931669,0.0,0.0,0.9396215468,0.2451726676,0.425,4.353051160795693,13.444689719249999,24.073177,0.0,0.0,0.0
2025-09-16T21:00:00+02:00,0.824288263,0.824288263,0.0,0.4,0.0,0.0,0.824288263,0.824288263,0.0,0.0,0.32971530520000003,0.32971530520000003,0.26,2.64193103015789,8.644532828699997,23.894314,0.0,0.0,0.0
2025-09-16T22:00:00+02:00,0.804356285,0.600233128,0.0,0.28,0.0,0.0,0.804356285,0.600233128,0.0,0.0,0.22521975980000003,0.16806527584,0.1,1.8602302539758209,7.274210401999991,23.695262,0.0,0.0,0.0
2025-09-16T23:00:00+02:00,1.438780086,0.639235394,0.0,0.28,0.0,0.0,1.438780086,0.639235394,0.0,0.0,0.40285842408,0.17898591032,0.02,1.0509098522470584,1.4970039515999924,23.429385,0.0,0.0,0.0
2025-09-17T00:00:00+02:00,0.602862627,1.1878489870000002,0.0,0.18,0.0,0.0,0.602862627,1.1878489870000002,0.0,0.0,0.10851527286,0.21381281766000002,0.005,1.2581027710240382,0.70734331575,23.174487,0.0,0.0,0.0
2025-09-17T01:00:00+02:00,0.604223755,9.879824935,0.0,0.18,0.0,0.0,0.604223755,9.879824935,0.0,0.0,0.1087602759,1.7783684883,0.0,1.2581027710240382,0.6641660538999999,23.012073,0.0,0.0,0.0
2025-09-17T02:00:00+02:00,0.605492126,0.605492126,0.0,0.18,0.0,0.0,0.605492126,0.605492126,0.0,0.0,0.10898858268,0.10898858268,0.0,1.2581027710240382,0.6658584062499999,22.893394,0.0,0.0,0.0
2025-09-17T03:00:00+02:00,0.6065813,9.879824900000001,0.0,0.18,0.0,0.0,0.6065813,9.879824900000001,0.0,0.0,0.10918463399999999,1.778368482,0.0,1.2581027710240382,0.6673116620499999,22.694495,0.0,0.0,0.0
2025-09-17T04:00:00+02:00,0.607417053,6.639436749634292,0.0,0.18,0.0,0.0,0.607417053,6.639436749634292,0.0,0.0,0.10933506954000001,1.1950986149341725,0.0,1.2581027710240382,0.6684267837499999,22.495413,0.0,0.0,0.0
2025-09-17T05:00:00+02:00,0.607942429,9.879824901339576,0.0,0.18,0.0,0.0,0.607942429,9.879824901339576,0.0,0.0,0.10942963721999999,1.7783684822411236,0.0,1.2581027710240382,0.6691277791999999,22.262844,0.0,0.0,0.0
2025-09-17T06:00:00+02:00,0.608121625,0.608121625,0.0,0.28,0.0,0.0,0.608121625,0.608121625,0.0,0.0,0.170274055,0.170274055,0.005,1.2581027710240382,1.4962178494499991,22.019036,0.0,0.0,0.0
2025-09-17T07:00:00+02:00,0.789388184,0.607942429,0.0,0.28,0.0,0.0,0.789388184,0.607942429,0.0,0.0,0.22102869152000001,0.17022388012,0.02,1.2581027710240382,2.5386066548499993,21.815864,0.0,0.0,0.0
2025-09-17T08:00:00+02:00,4.76862863,1.583157411,0.12955,0.28,0.12955,0.12955,4.63907863,1.453607411,0.0,0.0,1.2989420164000003,0.40701007508000003,0.025,1.2581027710240382,2.7165392727999995,21.679886,0.0,0.0,0.0
2025-09-17T09:00:00+02:00,5.460748571,0.623499996,0.6235,0.28,0.6235,0.623499996,4.837248571,0.0,0.0,4.000000108916879e-09,1.3544295998800002,-3.200000087133503e-10,0.01,1.2581027710240382,1.36741869265,21.666572,0.0,0.0,0.0
2025-09-17T10:00:00+02:00,5.459659397,0.854500002,0.8545,0.28,0.8545,0.8545,4.605159397,1.999999943436137e-09,0.0,0.0,1.2894446311600003,5.599999841621184e-10,0.015,1.2581027710240382,1.3663223091999999,21.772143,0.0,0.0,0.0
2025-09-17T11:00:00+02:00,4.362513255,1.746650001,1.7466499999999998,0.28,1.7466499999999998,1.7466499999999998,2.615863255,1.000000082740371e-09,0.0,0.0,0.7324417114,2.8000002316730393e-10,0.005,1.386183490920272,1.3744102535999996,22.010119,0.0,0.0,0.0
2025-09-17T12:00:00+02:00,0.550390506,3.4815333980278815,2.91665,0.28,0.550390506,2.91665,0.0,0.5648833980278813,2.3662594940000004,0.0,-0.18930075952000003,0.1581673514478068,0.0,1.386183490920272,1.3664853075999999,22.458433,0.0,0.0,0.0
2025-09-17T13:00:00+02:00,0.195273604,4.575138490703842,3.4468500000000004,0.28,0.195273604,3.4468500000000004,0.0,1.1282884907038415,3.2515763960000004,0.0,-0.26012611168000005,0.31592077739707564,0.02,1.386183490920272,1.3902846118999999,23.115361,0.0,0.0,0.0
2025-09-17T14:00:00+02:00,1.594401324,4.573870120703842,3.5091500000000004,0.28,1.594401324,3.5091500000000004,0.0,1.0647201207038415,1.9147486760000005,0.0,-0.15317989408000005,0.2981216337970756,0.025,1.386183490920272,2.0158564169499993,23.796134,0.0,0.0,0.0
2025-09-17T15:00:00+02:00,1.877425009,3.3088500015291786,3.3088499999999996,0.28,1.877425009,3.3088499999999996,0.0,1.5291790056437549e-09,1.4314249909999996,0.0,-0.11451399927999997,4.281701215802514e-10,0.02,1.386183490920272,2.7734324050499994,24.430112,0.0,0.47457327,0.0
2025-09-17T16:00:00+02:00,2.473006676,2.764100000186723,2.7641000000000004,0.28,2.473006676,2.7641000000000004,0.0,1.8672263735197703e-10,0.29109332400000065,0.0,-0.023287465920000052,5.2282338458553574e-11,0.1,1.5105479948908476,5.9179606655,24.50052,0.0,0.54991337,2.480000027560436e-07
2025-09-17T17:00:00+02:00,1.072085209,1.9797499941162022,1.97975,0.4,1.072085209,1.9797499941162022,0.0,0.0,0.907664791,5.8837976713022044e-09,-0.07261318328,-4.707038137041764e-10,0.385,2.161348627213681,10.824096548399993,24.50052,0.0,0.74615647,2.480000027560436e-07
2025-09-17T18:00:00+02:00,2.497916245,1.009199993824109,1.0091999999999999,0.4,1.0091999999999999,1.009199993824109,1.488716245,0.0,0.0,6.17589090978754e-09,0.595486498,-4.940712727830033e-10,0.54,2.645134921026635,13.655110636299987,24.270943,0.0,0.56570432,0.0
2025-09-17T19:00:00+02:00,2.452045187,0.19753057599999999,0.1955,0.4,0.1955,0.1955,2.256545187,0.0020305759999999784,0.0,0.0,0.9026180748,0.0008122303999999914,0.555,3.8860309641170745,16.0385840111,24.176748,0.0,0.0,0.0
2025-09-17T20:00:00+02:00,1.469854801,1.469854801,0.0,0.4,0.0,0.0,1.469854801,1.469854801,0.0,0.0,0.5879419204,0.5879419204,0.415,3.0389685553162593,12.118453665149998,24.480624,0.0,0.0,0.0
2025-09-17T21:00:00+02:00,1.799430156,1.4725753849999998,0.0,0.4,0.0,0.0,1.799430156,1.4725753849999998,0.0,0.0,0.7197720624,0.5890301539999999,0.255,2.0045724178790976,8.554096099950002,24.50052,0.0,0.0,2.480000027560436e-07
2025-09-17T22:00:00+02:00,1.319827851,0.600233128,0.0,0.28,0.0,0.0,1.319827851,0.600233128,0.0,0.0,0.36955179828000007,0.16806527584,0.075,1.2581027710240382,5.835460441199986,24.383766,0.0,0.0,0.0
2025-09-17T23:00:00+02:00,0.601501498,0.601501498,0.0,0.28,0.0,0.0,0.601501498,0.601501498,0.0,0.0,0.16842041944,0.16842041944,0.02,1.386183490920272,1.2752924397999996,24.269805,0.0,0.0,0.0
2025-09-18T00:00:00+02:00,0.602862627,1.166482231199359,0.0,0.18,0.0,0.0,0.602862627,1.166482231199359,0.0,0.0,0.10851527286,0.2099668016158846,0.005,1.2287202971749507,0.8008213923499998,24.141504,0.0,0.0,0.0
2025-09-18T01:00:00+02:00,0.604223755,1.087053643878137,0.0,0.18,0.0,0.0,0.604223755,1.087053643878137,0.0,0.0,0.1087602759,0.19566965589806468,0.005,1.2287202971749507,0.67552491385,23.96792,0.0,0.0,0.0
2025-09-18T02:00:00+02:00,0.605492126,0.605492126,0.0,0.18,0.0,0.0,0.605492126,0.605492126,0.0,0.0,0.10898858268,0.10898858268,0.005,1.2287202971749507,0.6770379761499999,23.873267,0.0,0.0,0.0
2025-09-18T03:00:00+02:00,0.6065813,0.6065813,0.0,0.18,0.0,0.0,0.6065813,0.6065813,0.0,0.0,0.10918463399999999,0.10918463399999999,0.0,1.2287202971749507,0.6712997623999999,23.827723,0.0,0.0,0.0
2025-09-18T04:00:00+02:00,0.607417053,0.607417053,0.0,0.18,0.0,0.0,0.607417053,0.607417053,0.0,0.0,0.10933506954000001,0.10933506954000001,0.0,1.2287202971749507,0.6722657439499998,23.739769,0.0,0.0,0.0
2025-09-18T05:00:00+02:00,0.607942429,0.607942429,0.0,0.18,0.0,0.0,0.607942429,0.607942429,0.0,0.0,0.10942963721999999,0.10942963721999999,0.0,1.2287202971749507,0.6728729857499999,23.583141,0.0,0.0,0.0
2025-09-18T06:00:00+02:00,0.608121625,0.608121625,0.0,0.28,0.0,0.0,0.608121625,0.608121625,0.0,0.0,0.170274055,0.170274055,0.01,1.2287202971749507,1.497095351049999,23.369284,0.0,0.0,0.0
2025-09-18T07:00:00+02:00,1.164558971,0.62853605,0.0,0.28,0.0,0.0,1.164558971,0.62853605,0.0,0.0,0.32607651188000003,0.175990094,0.025,1.2287202971749507,2.443048163149995,23.14107,0.0,0.0,0.0
2025-09-18T08:00:00+02:00,2.138801261,1.2582709829999998,0.144,0.28,0.144,0.144,1.9948012609999999,1.114270983,0.0,0.0,0.5585443530800001,0.31199587524,0.02,1.2287202971749507,2.639718204299997,22.884225,0.0,0.0,0.0
2025-09-18T09:00:00+02:00,1.080883684,1.028799996,1.0288,0.28,1.0288,1.028799996,0.052083684000000074,0.0,0.0,3.999999886872274e-09,0.014583431520000023,-3.1999999094978195e-10,0.025,1.2287202971749507,1.37550729155,22.670187,0.0,0.0,0.0
2025-09-18T10:00:00+02:00,1.07979451,1.0797945119999999,1.96715,0.28,1.07979451,1.0797945119999999,0.0,0.0,0.88735549,0.8873554880000001,-0.0709884392,-0.07098843904,0.03,1.3584061502238087,1.3951623696,22.775156,0.0,0.0,0.0
2025-09-18T11:00:00+02:00,0.836692303,1.078526141,2.7842000000000002,0.28,0.836692303,1.078526141,0.0,0.0,1.9475076970000003,1.7056738590000002,-0.15580061576,-0.13645390872000002,0.02,1.3819898706204747,1.3929854423,23.129297,0.0,0.0,0.0
2025-09-18T12:00:00+02:00,0.196634733,1.0771650130000001,3.17305,0.28,0.196634733,1.0771650130000001,0.0,0.0,2.976415267,2.095884987,-0.23811322136000002,-0.16767079895999998,0.03,1.702943719833296,2.1360872578999968,23.707747,0.0,0.0,0.0
2025-09-18T13:00:00+02:00,0.195273604,2.476199974,3.6435,0.28,0.195273604,2.476199974,0.0,0.0,3.448226396,1.167300026,-0.27585811168,-0.09338400208,0.035,1.702943719833296,2.721731947099999,24.306456,0.0,1.0,0.0
2025-09-18T14:00:00+02:00,0.194005234,2.474931604,3.79695,0.28,0.194005234,2.474931604,0.0,0.0,3.602944766,1.3220183959999998,-0.28823558128,-0.10576147167999998,0.035,1.7548197274415573,3.260230090249999,23.872047,0.0,1.0,0.0
2025-09-18T15:00:00+02:00,0.192916059,2.4738424290000003,3.3223000000000003,0.28,0.192916059,2.4738424290000003,0.0,0.0,3.1293839410000004,0.848457571,-0.25035071528,-0.06787660568,0.02,2.0392679615265212,3.110679547199998,23.526706,0.0,1.0,0.0
2025-09-18T16:00:00+02:00,2.35511967,2.610100027,2.6100999999999996,0.28,2.35511967,2.6100999999999996,0.0,2.7000000457633178e-08,0.25498032999999953,0.0,-0.020398426399999964,7.560000128137291e-09,0.06,2.3678698272684193,3.9636065778999825,23.238921,0.0,0.0,0.0
2025-09-18T17:00:00+02:00,6.486014294,2.179600000346945,2.1796,0.4,2.1796,2.1796,4.306414294,3.469446951953614e-10,0.0,0.0,1.7225657176,1.3877787807814457e-10,0.275,4.198986028845384,9.952787266099998,23.965768,0.0,0.029682009,0.0
2025-09-18T18:00:00+02:00,13.171239836,1.1273000009575376,1.1273000000000002,0.4,1.1273000000000002,1.1273000000000002,12.043939836,9.575373827175326e-10,0.0,0.0,4.817575934400001,3.8301495308701305e-10,0.53,6.09390461840724,15.399028179799984,24.491791,0.0,0.65841086,0.0
2025-09-18T19:00:00+02:00,9.038335352,1.161271199,0.18405000000000002,0.4,0.18405000000000002,0.18405000000000002,8.854285352000002,0.9772211989999999,0.0,0.0,3.541714140800001,0.3908884796,0.56,6.09390461840724,15.361101951249998,24.184748,0.0,0.0,0.0
2025-09-18T20:00:00+02:00,6.469265554,2.616824576,0.0,0.4,0.0,0.0,6.469265554,2.616824576,0.0,0.0,2.5877062216,1.0467298304000001,0.39,4.522528711991158,11.786118529099996,24.420624,0.0,0.0,0.0
2025-09-18T21:00:00+02:00,1.023884329,1.023884329,0.0,0.4,0.0,0.0,1.023884329,1.023884329,0.0,0.0,0.40955373159999997,0.40955373159999997,0.23,2.541555013086763,8.7182367961,24.50052,0.0,0.0,2.480000027560436e-07
2025-09-18T22:00:00+02:00,0.611301691,0.611301691,0.0,0.28,0.0,0.0,0.611301691,0.611301691,0.0,0.0,0.17116447348000002,0.17116447348000002,0.105,2.011407750228332,7.924948458049998,24.450433,0.0,0.0,0.0
2025-09-18T23:00:00+02:00,0.601501498,0.601501498,0.0,0.28,0.0,0.0,0.601501498,0.601501498,0.0,0.0,0.16842041944,0.16842041944,0.04,1.280596304783212,2.246284030699992,24.358694,0.0,0.0,0.0
2025-09-19T00:00:00+02:00,0.602862627,1.280872677,0.0,0.18,0.0,0.0,0.602862627,1.280872677,0.0,0.0,0.10851527286,0.23055708186,0.005,1.2287202971749507,2.22636752785,24.198912,0.0,0.0,0.0
2025-09-19T01:00:00+02:00,0.604223755,8.884754035,0.0,0.18,0.0,0.0,0.604223755,8.884754035,0.0,0.0,0.1087602759,1.5992557263,0.0,1.2287202971749507,0.6685748573499999,23.999093,0.0,0.0,0.0
2025-09-19T02:00:00+02:00,0.605492126,9.119193216000001,0.0,0.18,0.0,0.0,0.605492126,9.119193216000001,0.0,0.0,0.10898858268,1.6414547788800002,0.005,1.2287202971749507,0.6700408691499999,23.815911,0.0,0.0,0.0
2025-09-19T03:00:00+02:00,0.6065813,2.61217628,0.0,0.18,0.0,0.0,0.6065813,2.61217628,0.0,0.0,0.10918463399999999,0.47019173039999995,0.005,1.2287202971749507,0.6712997623999999,23.563259,0.0,0.0,0.0
2025-09-19T04:00:00+02:00,0.607417053,0.607417053,0.0,0.18,0.0,0.0,0.607417053,0.607417053,0.0,0.0,0.10933506954000001,0.10933506954000001,0.0,1.2287202971749507,0.6684267837499999,23.336049,0.0,0.0,0.0
2025-09-19T05:00:00+02:00,0.607942429,0.607942429,0.0,0.18,0.0,0.0,0.607942429,0.607942429,0.0,0.0,0.10942963721999999,0.10942963721999999,0.0,1.2287202971749507,0.6691277791999999,23.113374,0.0,0.0,0.0
2025-09-19T06:00:00+02:00,0.608121625,0.608121625,0.0,0.28,0.0,0.0,0.608121625,0.608121625,0.0,0.0,0.170274055,0.170274055,0.005,1.2287202971749507,1.4261098511499988,22.894479,0.0,0.0,0.0
2025-09-19T07:00:00+02:00,1.147940829,0.607942429,0.0,0.28,0.0,0.0,1.147940829,0.607942429,0.0,0.0,0.32142343212,0.17022388012,0.01,1.2287202971749507,2.454649357799996,22.728732,0.0,0.0,0.0
2025-09-19T08:00:00+02:00,1.081719437,0.201189159,0.13055,0.28,0.13055,0.13055,0.9511694370000001,0.070639159,0.0,0.0,0.26632744236000006,0.019778964520000004,0.005,1.2287202971749507,2.7978773906499974,22.557277,0.0,0.0,0.0
2025-09-19T09:00:00+02:00,1.080883684,1.031899996,1.0319,0.28,1.0319,1.031899996,0.04898368399999997,0.0,0.0,4.000000108916879e-09,0.013715431519999993,-3.200000087133503e-10,0.015,1.2287202971749507,1.3557781848499997,22.381064,0.0,0.0,0.0
2025-09-19T10:00:00+02:00,1.07979451,1.367900002,1.3679,0.28,1.07979451,1.3679,0.0,2.000000165480742e-09,0.28810548999999996,0.0,-0.023048439199999996,5.600000463346079e-10,0.025,1.2287202971749507,1.474122114149999,22.367553,0.0,0.0,0.0
2025-09-19T11:00:00+02:00,1.078526139,2.197950041,2.19795,0.28,1.078526139,2.19795,0.0,4.099999983964153e-08,1.119423861,0.0,-0.08955390888,1.147999995509963e-08,0.045,1.3584061502238087,1.5014560102999999,22.522961,0.0,0.0,0.0
2025-09-19T12:00:00+02:00,1.077165011,2.203200013,2.2032,0.28,1.077165011,2.2032,0.0,1.3000000187446403e-08,1.1260349889999999,0.0,-0.09008279911999999,3.640000052484993e-09,0.035,1.3819898706204747,1.589562255699995,22.869134,0.0,0.0,0.0
2025-09-19T13:00:00+02:00,1.165208319,3.347100044,3.3470999999999993,0.28,1.165208319,3.3470999999999993,0.0,4.4000000531951855e-08,2.1818916809999993,0.0,-0.17455133447999996,1.232000014894652e-08,0.015,1.3819898706204747,1.5086649940499997,23.357612,0.0,0.0,0.0
2025-09-19T14:00:00+02:00,0.29999261,2.6607000056114294,2.6607,0.28,0.29999261,2.6607,0.0,5.611429543250779e-09,2.36070739,0.0,-0.1888565912,1.5712002721102183e-09,0.01,1.7548197274415573,2.037171386249999,23.914677,0.0,0.41680833,0.0
2025-09-19T15:00:00+02:00,1.593312149,1.2727500007510621,1.27275,0.28,1.27275,1.27275,0.3205621489999999,7.510621014006347e-10,0.0,0.0,0.08975740171999998,2.1029738839217773e-10,0.01,2.0392679615265212,2.6763031649999998,24.045422,0.0,0.7710918,0.0
2025-09-19T16:00:00+02:00,1.739939129,0.9562999939712731,0.9562999999999999,0.28,0.9562999999999999,0.9562999939712731,0.783639129,0.0,0.0,6.028726851070587e-09,0.21941895612,-4.82298148085647e-10,0.085,2.3678698272684193,4.429654118099998,23.833427,0.0,0.54571681,0.0
2025-09-19T17:00:00+02:00,1.072085209,0.27190000011236726,0.27190000000000003,0.4,0.27190000000000003,0.27190000000000003,0.8001852089999999,1.1236722663454657e-10,0.0,0.0,0.3200740836,4.494689065381863e-11,0.345,3.905191747699476,10.50020621605,23.815472,0.0,0.057373103,0.0
2025-09-19T18:00:00+02:00,1.108232441,0.21265000064322054,0.21265,0.4,0.21265,0.21265,0.895582441,6.432205323925189e-10,0.0,0.0,0.3582329764,2.5728821295700757e-10,0.565,5.424898312704568,15.01462346659999,24.238854,0.0,0.015191606,0.0
2025-09-19T19:00:00+02:00,9.8724813,0.3314732306887037,0.01665,0.4,0.01665,0.01665,9.8558313,0.3148232306887037,0.0,0.0,3.9423325200000003,0.1259292922754815,0.595,5.424898312704568,15.97458700325,24.50052,0.0,0.099913375,2.480000027560436e-07
2025-09-19T20:00:00+02:00,1.728010255,0.42976795599999995,0.0,0.4,0.0,0.0,1.728010255,0.42976795599999995,0.0,0.0,0.691204102,0.1719071824,0.405,4.336513136487586,14.496212116949986,24.50052,0.0,0.0,2.480000027560436e-07
2025-09-19T21:00:00+02:00,1.365096768,0.823312219,0.0,0.4,0.0,0.0,1.365096768,0.823312219,0.0,0.0,0.5460387072,0.3293248876,0.28,2.541555013086763,9.408882947999984,24.383766,0.0,0.0,0.0
2025-09-19T22:00:00+02:00,0.692476492,0.601386698,0.0,0.28,0.0,0.0,0.692476492,0.601386698,0.0,0.0,0.19389341776000005,0.16838827544,0.09,2.011407750228332,7.991205979049998,24.219805,0.0,0.0,0.0
2025-09-19T23:00:00+02:00,0.601501498,0.601501498,0.0,0.28,0.0,0.0,0.601501498,0.601501498,0.0,0.0,0.16842041944,0.16842041944,0.025,1.280596304783212,1.311753809299999,24.066504,0.0,0.0,0.0
2025-09-20T00:00:00+02:00,0.602862627,9.154285181639839,0.0,0.18,0.0,0.0,0.602862627,9.154285181639839,0.0,0.0,0.10851527286,1.6477713326951708,0.0,0.9897289543547926,0.83600946665,24.05542,0.0,0.0,0.0
2025-09-20T01:00:00+02:00,0.604223755,2.0265385842796753,0.0,0.18,0.0,0.0,0.604223755,2.0265385842796753,0.0,0.0,0.1087602759,0.36477694517034154,0.0,1.1996713209267236,0.6685748573499999,23.91285,0.0,0.0,0.0
2025-09-20T02:00:00+02:00,0.605492126,1.7322028757909513,0.0,0.18,0.0,0.0,0.605492126,1.7322028757909513,0.0,0.0,0.10898858268,0.3117965176423712,0.0,1.3036465687058114,0.6770379761499999,23.744042,0.0,0.0,0.0
2025-09-20T03:00:00+02:00,0.6065813,1.48711158,0.0,0.18,0.0,0.0,0.6065813,1.48711158,0.0,0.0,0.10918463399999999,0.2676800844,0.005,1.3036465687058114,0.67969919955,23.586702,0.0,0.0,0.0
2025-09-20T04:00:00+02:00,0.607417053,1.063793803,0.0,0.18,0.0,0.0,0.607417053,1.063793803,0.0,0.0,0.10933506954000001,0.19148288454,0.005,1.3036465687058114,0.6793282268999999,23.455585,0.0,0.0,0.0
2025-09-20T05:00:00+02:00,0.607942429,0.607942429,0.0,0.18,0.0,0.0,0.607942429,0.607942429,0.0,0.0,0.10942963721999999,0.10942963721999999,0.0,1.3036465687058114,0.6728729857499999,23.329654,0.0,0.0,0.0
2025-09-20T06:00:00+02:00,0.608121625,0.608121625,0.0,0.28,0.0,0.0,0.608121625,0.608121625,0.0,0.0,0.170274055,0.170274055,0.0,1.3036465687058114,1.45818934385,23.174712,0.0,0.0,0.0
2025-09-20T07:00:00+02:00,0.607942429,0.607942429,0.0,0.28,0.0,0.0,0.607942429,0.607942429,0.0,0.0,0.17022388012,0.17022388012,0.01,1.3657979780651799,2.483347257449999,23.028926,0.0,0.0,0.0
2025-09-20T08:00:00+02:00,0.201189159,0.201189159,0.0014999999999999998,0.28,0.0014999999999999998,0.0014999999999999998,0.199689159,0.199689159,0.0,0.0,0.055912964520000004,0.055912964520000004,0.02,1.3657979780651799,2.6186764729999994,22.857439,0.0,0.0,0.0
2025-09-20T09:00:00+02:00,0.200353406,0.20035340599999998,0.17715000000000003,0.28,0.17715000000000003,0.17715000000000003,0.023203405999999982,0.023203405999999954,0.0,0.0,0.006496953679999995,0.0064969536799999875,0.03,1.3657979780651799,1.3810835022999994,22.731199,0.0,0.0,0.0
2025-09-20T10:00:00+02:00,0.891457281,0.693400002,0.6934,0.28,0.6934,0.6934,0.19805728099999997,1.999999943436137e-09,0.0,0.0,0.05545603868,5.599999841621184e-10,0.03,1.3657979780651799,2.4312909221999965,22.759332,0.0,0.0,0.0
2025-09-20T11:00:00+02:00,1.078526139,2.567350001,2.56735,0.28,1.078526139,2.56735,0.0,1.000000082740371e-09,1.4888238609999997,0.0,-0.11910590887999999,2.8000002316730393e-10,0.04,1.3657979780651799,2.6344273137999945,22.96611,0.0,0.0,0.0
2025-09-20T12:00:00+02:00,1.077165011,0.871050003,0.87105,0.28,0.87105,0.87105,0.20611501099999996,3.000000026176508e-09,0.0,0.0,0.057712203079999996,8.400000073294223e-10,0.025,1.3657979780651799,2.619961156499999,23.355092,0.0,0.0,0.0
2025-09-20T13:00:00+02:00,1.075803882,0.883600004,0.8835999999999999,0.28,0.8835999999999999,0.8835999999999999,0.19220388200000005,4.000000108916879e-09,0.0,0.0,0.05381708696000002,1.1200000304967263e-09,0.01,1.3657979780651799,2.639759332799997,23.779243,0.0,0.0,0.0
2025-09-20T14:00:00+02:00,2.474931603,1.4335999983038281,1.4336000000000002,0.28,1.4336000000000002,1.4335999983038281,1.0413316029999997,0.0,0.0,1.6961720916697232e-09,0.29157284883999995,-1.3569376733357786e-10,0.01,1.3036465687058114,2.7071973332499986,24.166036,0.0,0.25640209,0.0
2025-09-20T15:00:00+02:00,2.473842428,0.9534999956305322,0.9534999999999999,0.28,0.9534999999999999,0.9534999956305322,1.5203424280000002,0.0,0.0,4.369467676568206e-09,0.42569587984000007,-3.495574141254565e-10,0.04,1.3657979780651799,2.879463973749989,24.215295,0.0,0.54312058,0.0
2025-09-20T16:00:00+02:00,3.477985299,0.3642500017186413,0.36424999999999996,0.28,0.36424999999999996,0.36424999999999996,3.113735299,1.7186413403535994e-09,0.0,0.0,0.87184588372,4.812195752990079e-10,0.145,1.6737960124866391,8.353815876699997,23.952958,0.0,0.12294357,0.0
2025-09-20T17:00:00+02:00,14.80883985,0.2545000002719362,0.2545,0.4,0.2545,0.2545,14.55433985,2.719361957836952e-10,0.0,0.0,5.82173594,1.0877447831347809e-10,0.19,2.2031317901881096,9.517522498899996,24.154522,0.0,0.044948047,0.0
2025-09-20T18:00:00+02:00,15.731906587,0.23939999985062496,0.23940000000000003,0.4,0.23940000000000003,0.23939999985062496,15.492506587,0.0,0.0,1.4937506787049415e-10,6.1970026348000005,-1.1950005429639532e-11,0.26,2.41646286630898,9.3384740595,24.367153,0.0,0.034293344,0.0
2025-09-20T19:00:00+02:00,16.391951021,0.22778325066889665,0.122,0.4,0.122,0.122,16.269951021,0.10578325066889666,0.0,0.0,6.507980408400001,0.04231330026755867,0.275,2.8130093972962196,10.187291467249999,24.471668,0.0,0.025870052,0.0
2025-09-20T20:00:00+02:00,17.316185669,2.095670547,0.0,0.4,0.0,0.0,17.316185669,2.095670547,0.0,0.0,6.9264742676,0.8382682188000001,0.335,2.351872848294578,10.574838524799995,24.50052,0.0,0.0,2.480000027560436e-07
2025-09-20T21:00:00+02:00,10.58461513,6.784847316209361,0.0,0.4,0.0,0.0,10.58461513,6.784847316209361,0.0,0.0,4.233846052,2.7139389264837446,0.3,1.7227556728082003,8.6322753263,24.400433,0.0,0.0,0.0
2025-09-20T22:00:00+02:00,0.666228011,4.585653763167667,0.0,0.28,0.0,0.0,0.666228011,4.585653763167667,0.0,0.0,0.18654384308,1.2839830536869468,0.19,1.3036465687058114,8.3778001437,24.383694,0.0,0.0,0.0
2025-09-20T23:00:00+02:00,0.616934904,0.6169349040000001,0.0,0.28,0.0,0.0,0.616934904,0.6169349040000001,0.0,0.0,0.17274177312,0.17274177312000003,0.105,1.3036465687058114,6.2982328127499745,24.336412,0.0,0.0,0.0
2025-09-21T00:00:00+02:00,0.602862627,7.274174207000001,0.0,0.18,0.0,0.0,0.602862627,7.274174207000001,0.0,0.0,0.10851527286,1.30935135726,0.035,1.0777236675511046,2.8187084467499983,24.263677,0.0,0.0,0.0
2025-09-21T01:00:00+02:00,0.604223755,9.01782084117152,0.0,0.18,0.0,0.0,0.604223755,9.01782084117152,0.0,0.0,0.1087602759,1.6232077514108736,0.015,1.0777236675511046,0.6985159463499999,24.236397,0.0,0.0,0.0
2025-09-21T02:00:00+02:00,0.605492126,1.137759350686078,0.0,0.18,0.0,0.0,0.605492126,1.137759350686078,0.0,0.0,0.10898858268,0.20479668312349403,0.0,1.0777236675511046,0.67997710175,24.196998,0.0,0.0,0.0
2025-09-21T03:00:00+02:00,0.6065813,9.269670654597558,0.0,0.18,0.0,0.0,0.6065813,9.269670654597558,0.0,0.0,0.10918463399999999,1.6685407178275604,0.0,1.0777236675511046,0.6798997658,24.130831,0.0,0.0,0.0
2025-09-21T04:00:00+02:00,0.607417053,0.607417053,0.0,0.18,0.0,0.0,0.607417053,0.607417053,0.0,0.0,0.10933506954000001,0.10933506954000001,0.0,1.0777236675511046,0.6722657439499998,24.025693,0.0,0.0,0.0
2025-09-21T05:00:00+02:00,0.607942429,7.208673809,0.0,0.18,0.0,0.0,0.607942429,7.208673809,0.0,0.0,0.10942963721999999,1.29756128562,0.0,1.0435689046245569,0.6728729857499999,23.954744,0.0,0.0,0.0
2025-09-21T06:00:00+02:00,0.608121625,0.608121625,0.0,0.28,0.0,0.0,0.608121625,0.608121625,0.0,0.0,0.170274055,0.170274055,0.0,1.0435689046245569,1.5193285337999998,23.74562,0.0,0.0,0.0
2025-09-21T07:00:00+02:00,0.607942429,0.607942429,0.0,0.28,0.0,0.0,0.607942429,0.607942429,0.0,0.0,0.17022388012,0.17022388012,0.01,1.0435689046245569,2.9746166684499995,23.554683,0.0,0.0,0.0
2025-09-21T08:00:00+02:00,0.787502844,0.787502844,0.005250000000000001,0.28,0.005250000000000001,0.005250000000000001,0.7822528440000001,0.7822528440000001,0.0,0.0,0.21903079632000003,0.21903079632000003,0.01,1.0435689046245569,2.4339471510999986,23.395569,0.0,0.0,0.0
2025-09-21T09:00:00+02:00,0.200353406,0.27915,0.27915,0.28,0.200353406,0.27915,0.0,0.0,0.078796594,0.0,-0.00630372752,0.0,0.03,1.0435689046245569,1.7764451016999998,23.262975,0.0,0.0,0.0
2025-09-21T10:00:00+02:00,0.199264232,0.405300002,0.40530000000000005,0.28,0.199264232,0.40530000000000005,0.0,1.999999943436137e-09,0.20603576800000004,0.0,-0.016482861440000003,5.599999841621184e-10,0.025,1.0777236675511046,2.0222693294999994,23.185812,0.0,0.0,0.0
2025-09-21T11:00:00+02:00,4.651833613,2.0163999610000003,2.0164,0.28,2.0164,2.0163999610000003,2.635433613,0.0,0.0,3.899999967416079e-08,0.73792141164,-3.1199999739328634e-09,0.02,1.0777236675511046,1.6192900264499936,23.22151,0.0,0.0,0.0
2025-09-21T12:00:00+02:00,5.457029898,2.676250013,2.67625,0.28,2.67625,2.67625,2.780779898,1.3000000187446403e-08,0.0,0.0,0.7786183714400001,3.640000052484993e-09,0.03,1.0777236675511046,1.8010031489,23.284592,0.0,0.0,0.0
2025-09-21T13:00:00+02:00,5.247518457,3.2478999983519214,3.2479000000000005,0.28,3.2479000000000005,3.2478999983519214,1.9996184569999995,0.0,0.0,1.6480790065998008e-09,0.5598931679599999,-1.3184632052798407e-10,0.025,1.2060428993063799,1.8058492956999925,23.420493,0.0,0.0,0.0
2025-09-21T14:00:00+02:00,1.298703778,4.798038386703842,3.2349,0.28,1.298703778,3.2349,0.0,1.5631383867038422,1.9361962220000002,0.0,-0.15489569776,0.43767874827707587,0.02,1.2589263075296664,2.2366400224999987,23.650411,0.0,0.0,0.0
2025-09-21T15:00:00+02:00,1.097802064,4.597136672703843,3.4491000000000005,0.28,1.097802064,3.4491000000000005,0.0,1.1480366727038422,2.351297936000001,0.0,-0.18810383488000007,0.32145026835707585,0.04,1.7033643928774862,3.5985111338499998,24.058676,0.0,0.0,0.0
2025-09-21T16:00:00+02:00,1.072610585,1.8986859944058674,1.86945,0.28,1.072610585,1.86945,0.0,0.029235994405867327,0.796839415,0.0,-0.0637471532,0.008186078433642852,0.105,2.069736805305395,7.448000710449999,24.23223,0.0,0.0,0.0
2025-09-21T17:00:00+02:00,1.072085209,1.348450001,1.34845,0.4,1.072085209,1.34845,0.0,1.000000082740371e-09,0.276364791,0.0,-0.02210918328,4.000000330961484e-10,0.145,3.2090855157088822,8.373317445649999,24.343525,0.0,0.0,0.0
2025-09-21T18:00:00+02:00,0.52541343,0.31560000499999996,0.3156,0.4,0.3156,0.3156,0.20981342999999997,4.999999969612645e-09,0.0,0.0,0.083925372,1.9999999878450583e-09,0.22,4.6225596673223555,8.482401944500001,24.336271,0.0,0.0,0.0
2025-09-21T19:00:00+02:00,1.533311308,1.533311308,0.1311,0.4,0.1311,0.1311,1.402211308,1.402211308,0.0,0.0,0.5608845232,0.5608845232,0.31,4.6225596673223555,10.167256080249999,24.196892,0.0,0.0,0.0
2025-09-21T20:00:00+02:00,0.77862687,0.38362889499999997,0.0,0.4,0.0,0.0,0.77862687,0.38362889499999997,0.0,0.0,0.311450748,0.153451558,0.38,3.530355879810193,10.035519149049996,23.814077,0.0,0.0,0.0
2025-09-21T21:00:00+02:00,1.484399504,0.787820879,0.0,0.4,0.0,0.0,1.484399504,0.787820879,0.0,0.0,0.5937598016,0.3151283516,0.37,2.299202212560777,10.719250234749973,23.395064,0.0,0.0,0.0
2025-09-21T22:00:00+02:00,0.638742697,0.600233128,0.0,0.28,0.0,0.0,0.638742697,0.600233128,0.0,0.0,0.17884795516000002,0.16806527584,0.215,1.7882675376284047,9.174349805749998,22.895887,0.0,0.0,0.0
2025-09-21T23:00:00+02:00,0.628689272,0.628689272,0.0,0.28,0.0,0.0,0.628689272,0.628689272,0.0,0.0,0.17603299616,0.17603299616,0.05,1.0964523128478434,3.805396496699985,22.379906,0.0,0.0,0.0
2025-09-22T00:00:00+02:00,0.602862627,9.405826875559171,0.0,0.18,0.0,0.0,0.602862627,9.405826875559171,0.0,0.0,0.10851527286,1.6930488376006507,0.035,1.0435689046245569,1.0527300822999912,21.949921,0.0,0.0,0.0
2025-09-22T01:00:00+02:00,0.604223755,9.492406235117514,0.0,0.18,0.0,0.0,0.604223755,9.492406235117514,0.0,0.0,0.1087602759,1.7086331223211524,0.01,1.0435689046245569,0.6784895468,21.724934,0.0,0.0,0.0
2025-09-22T02:00:00+02:00,0.605492126,8.886022406,0.0,0.18,0.0,0.0,0.605492126,8.886022406,0.0,0.0,0.10898858268,1.59948403308,0.015,1.0435689046245569,0.6853430948499999,21.520779,0.0,0.0,0.0
2025-09-22T03:00:00+02:00,0.6065813,0.6065813,0.0,0.18,0.0,0.0,0.6065813,0.6065813,0.0,0.0,0.10918463399999999,0.10918463399999999,0.03,1.0777236675511046,3.2913153016999996,21.350649,0.0,0.0,0.0
2025-09-22T04:00:00+02:00,0.607417053,0.607417053,0.0,0.18,0.0,0.0,0.607417053,0.607417053,0.0,0.0,0.10933506954000001,0.10933506954000001,0.025,1.0777236675511046,3.2002177335499997,21.125541,0.0,0.0,0.0
2025-09-22T05:00:00+02:00,0.607942429,9.879824848370678,0.0,0.18,0.0,0.0,0.607942429,9.879824848370678,0.0,0.0,0.10942963721999999,1.778368472706722,0.07,1.0777236675511046,3.9422639478999977,20.871284,0.80451335,0.0,0.0
2025-09-22T06:00:00+02:00,2.059448877,1.181873814,0.0,0.28,0.0,0.0,2.059448877,1.181873814,0.0,0.0,0.5766456855600001,0.33092466792,0.08,1.0777236675511046,4.0057024316,21.380583,0.0,0.0,0.0
2025-09-22T07:00:00+02:00,4.514822013,1.906963481,0.0,0.28,0.0,0.0,4.514822013,1.906963481,0.0,0.0,1.26415016364,0.53394977468,0.185,1.0777236675511046,4.850394262449994,20.883819,0.0,0.0,0.0
2025-09-22T08:00:00+02:00,2.809047691,0.201189159,0.1137,0.28,0.1137,0.1137,2.695347691,0.08748915900000001,0.0,0.0,0.75469735348,0.024496964520000004,0.275,1.0777236675511046,5.4665823371499975,20.36985,0.0,0.0,0.0
2025-09-22T09:00:00+02:00,1.572192058,1.029949996,1.02995,0.28,1.02995,1.029949996,0.542242058,0.0,0.0,3.999999886872274e-09,0.15182777624000002,-3.1999999094978195e-10,0.17,1.0777236675511046,4.6539100688999975,19.858208,0.0,0.0,0.0
2025-09-22T10:00:00+02:00,5.459659397,1.0797945119999999,2.10615,0.28,2.10615,1.0797945119999999,3.3535093970000003,0.0,0.0,1.026355488,0.9389826311600001,-0.08210843904000001,0.135,1.0777236675511046,4.503889999749998,19.515173,0.0,0.0,0.0
2025-09-22T11:00:00+02:00,5.289704777,1.078526141,2.8563,0.28,2.8563,1.078526141,2.433404777,0.0,0.0,1.777773859,0.68135333756,-0.14222190872,0.11,1.0777236675511046,4.697199568299997,19.379311,0.0,0.0,0.0
2025-09-22T12:00:00+02:00,3.639269497,3.267097456351921,3.4219,0.28,3.4219,3.267097456351921,0.21736949699999997,0.0,0.0,0.1548025436480791,0.060863459159999994,-0.01238420349184633,0.095,1.0483527069396041,4.946133107549996,19.416093,0.0,0.0,0.0
2025-09-22T13:00:00+02:00,0.195273604,4.575138490703842,3.7333,0.28,0.195273604,3.7333,0.0,0.8418384907038421,3.538026396,0.0,-0.28304211168,0.2357147773970758,0.085,1.0483527069396041,4.255805781649993,19.596744,0.0,0.0,0.0
2025-09-22T14:00:00+02:00,0.194005234,4.573870120703842,3.6042,0.28,0.194005234,3.6042,0.0,0.9696701207038418,3.410194766,0.0,-0.27281558128,0.27150763379707576,0.075,1.0613763442837822,4.042533115599999,19.813953,0.0,0.0,0.0
2025-09-22T15:00:00+02:00,0.192916059,2.8174570338247054,3.4295,0.28,0.192916059,2.8174570338247054,0.0,0.0,3.236583941,0.6120429661752946,-0.25892671528,-0.048963437294023575,0.05,1.4600228870435974,3.736444089649997,20.111628,0.0,0.0,0.0
2025-09-22T16:00:00+02:00,2.810940038,3.005950007,3.00595,0.28,2.810940038,3.00595,0.0,7.000000135093387e-09,0.19500996199999987,0.0,-0.01560079695999999,1.9600000378261487e-09,0.115,1.9620176905194546,4.845918554299998,20.40969,0.0,0.0,0.0
2025-09-22T17:00:00+02:00,8.258722839,2.2079000310000003,2.2079,0.4,2.2079,2.2079,6.050822839,3.100000034450545e-08,0.0,0.0,2.4203291356000003,1.240000013780218e-08,0.315,3.456997394384258,9.12282817145,20.674741,0.0,0.0,0.0
2025-09-22T18:00:00+02:00,8.471906013,1.1539000050000001,1.1539000000000001,0.4,1.1539000000000001,1.1539000000000001,7.318006013,4.999999969612645e-09,0.0,0.0,2.9272024052,1.9999999878450583e-09,0.43,5.588516675493751,13.881681765749994,20.862285,0.0,0.0,0.0
2025-09-22T19:00:00+02:00,11.406464743,0.608137054,0.19454999999999997,0.4,0.19454999999999997,0.19454999999999997,11.211914743000001,0.41358705399999995,0.0,0.0,4.484765897200001,0.1654348216,0.505,5.588516675493751,15.054528905199998,20.951904,0.0,0.0,0.0
2025-09-22T20:00:00+02:00,10.958412249,2.6778819709999997,0.0,0.4,0.0,0.0,10.958412249,2.6778819709999997,0.0,0.0,4.3833648996,1.0711527883999998,0.355,3.8566159126600086,11.062780211649999,20.926586,0.0,0.0,0.0
2025-09-22T21:00:00+02:00,8.585027883,1.082889854,0.0,0.4,0.0,0.0,8.585027883,1.082889854,0.0,0.0,3.4340111532,0.43315594160000004,0.23,2.3616362087952054,8.5722262553,20.838822,0.0,0.0,0.0
2025-09-22T22:00:00+02:00,8.164148019,0.7556674210000001,0.0,0.28,0.0,0.0,8.164148019,0.7556674210000001,0.0,0.0,2.2859614453200003,0.21158687788000002,0.155,1.793051339943452,8.0470289794,20.615685,0.0,0.0,0.0
2025-09-22T23:00:00+02:00,8.575785317,1.0392092237621222,0.0,0.28,0.0,0.0,8.575785317,1.0392092237621222,0.0,0.0,2.40121988876,0.29097858265339427,0.095,1.1306070757743911,4.322751416949999,20.379738,0.25340159,0.0,0.0
2025-09-23T00:00:00+02:00,5.843167412,9.879824949294278,0.0,0.18,0.0,0.0,5.843167412,9.879824949294278,0.0,0.0,1.0517701341599999,1.77836849087297,0.01,4.665950744791121,4.12251776905,20.36985,0.31164159,0.0,0.0
2025-09-23T01:00:00+02:00,2.331552008,1.8940785585947495,0.0,0.18,0.0,0.0,2.331552008,1.8940785585947495,0.0,0.0,0.41967936144,0.3409341405470549,0.005,2.7237563383727634,4.152460857,20.36985,0.41164159,0.0,0.0
2025-09-23T02:00:00+02:00,2.332820379,1.5468427024924147,0.0,0.18,0.0,0.0,2.332820379,1.5468427024924147,0.0,0.0,0.41990766822000003,0.27843168644863464,0.015,1.8942884375621634,4.16854333345,20.36985,0.54497492,0.0,0.0
2025-09-23T03:00:00+02:00,2.333909553,1.6918759090912696,0.0,0.18,0.0,0.0,2.333909553,1.6918759090912696,0.0,0.0,0.42010371954,0.30453766363642853,0.015,1.344166478771328,4.1487175413,20.36985,0.62830826,0.0,0.0
2025-09-23T04:00:00+02:00,0.607417053,2.3347453060000003,0.0,0.18,0.0,0.0,0.607417053,2.3347453060000003,0.0,0.0,0.10933506954000001,0.42025415508,0.015,1.344166478771328,4.2723501629,20.36985,1.0,0.0,0.0
2025-09-23T05:00:00+02:00,2.335270682,2.335270682,0.0,0.18,0.0,0.0,2.335270682,2.335270682,0.0,0.0,0.42034872275999996,0.42034872275999996,0.015,1.344166478771328,4.234130886249999,20.624875,1.0,0.0,0.0
2025-09-23T06:00:00+02:00,2.335449878,1.3562811249165558,0.0,0.28,0.0,0.0,2.335449878,1.3562811249165558,0.0,0.0,0.6539259658400001,0.37975871497663566,0.075,1.3860106659902678,4.671629790199999,20.804062,0.43313105,0.0,0.0
2025-09-23T07:00:00+02:00,3.192777361,2.8674205577168426,0.0,0.28,0.0,0.0,3.192777361,2.8674205577168426,0.0,0.0,0.8939776610800001,0.802877756160716,0.205,1.3860106659902678,5.656459278,20.36985,0.81164159,0.0,0.0
2025-09-23T08:00:00+02:00,1.928517412,1.660738211392415,0.10295,0.28,0.10295,0.10295,1.8255674119999998,1.5577882113924149,0.0,0.0,0.51115887536,0.4361806991898762,0.195,1.3860106659902678,5.640539657099999,20.36985,0.84497492,0.0,0.0
2025-09-23T09:00:00+02:00,1.927681659,1.314436807792415,1.05985,0.28,1.05985,1.05985,0.8678316590000001,0.25458680779241494,0.0,0.0,0.24299286452000007,0.07128430618187619,0.1,1.3860106659902678,4.935269911199999,20.36985,0.64497492,0.0,0.0
2025-09-23T10:00:00+02:00,2.66489275,2.0803499931924145,2.08035,0.28,2.08035,2.0803499931924145,0.5845427499999998,0.0,0.0,6.807585606338762e-09,0.16367196999999994,-5.44606848507101e-10,0.11,1.3860106659902678,5.7480244140000005,20.36985,0.44497492,0.0,0.0
2025-09-23T11:00:00+02:00,1.078526139,2.5976500141912697,2.59765,0.28,1.078526139,2.59765,0.0,1.4191269936958406e-08,1.5191238609999997,0.0,-0.12152990887999998,3.973555582348354e-09,0.18,1.3860106659902678,6.252691634999985,20.36985,0.32830826,0.0,0.0
2025-09-23T12:00:00+02:00,3.0238558,3.216000020616842,3.216,0.28,3.0238558,3.216,0.0,2.0616842011378367e-08,0.1921442,0.0,-0.015371536,5.772715763185943e-09,0.13,1.3860106659902678,6.093346108799992,20.36985,0.11164159,0.0,0.0
2025-09-23T13:00:00+02:00,1.299972148,3.8124000051743994,3.8124000000000002,0.28,1.299972148,3.8124000000000002,0.0,5.174399131391283e-09,2.512427852,0.0,-0.20099422816,1.4488317567895595e-09,0.055,1.344166478771328,4.603310475449998,20.36985,0.044974923,0.0,0.0
2025-09-23T14:00:00+02:00,1.195888122,3.7345000239999995,3.7345,0.28,1.195888122,3.7345,0.0,2.3999999321233645e-08,2.538611878,0.0,-0.20308895024,6.7199998099454215e-09,0.04,1.344166478771328,4.272566931099997,20.36985,0.0,0.0,0.0
2025-09-23T15:00:00+02:00,1.073446337,3.5919000389999995,3.5919,0.28,1.073446337,3.5919,0.0,3.899999967416079e-08,2.518453663,0.0,-0.20147629304,1.0919999908765022e-08,0.015,1.344166478771328,3.3237008613499985,20.408208,0.0,0.0,0.0
2025-09-23T16:00:00+02:00,1.072610585,3.0188,3.0187999999999997,0.28,1.072610585,3.0187999999999997,0.0,4.440892098500626e-16,1.9461894149999996,0.0,-0.15569515319999996,1.2434497875801754e-16,0.07,1.8011142438096919,4.779102637099998,20.373507,1.0,0.0,0.0
2025-09-23T17:00:00+02:00,2.799413463,2.2348000040000002,2.2348,0.4,2.2348,2.2348,0.5646134630000001,4.000000330961484e-09,0.0,0.0,0.22584538520000008,1.6000001323845936e-09,0.32,2.428787841705512,11.8593615449,21.261256,1.0,0.0,0.0
2025-09-23T18:00:00+02:00,2.613240156,1.1879999986950924,1.188,0.4,1.188,1.1879999986950924,1.4252401559999999,0.0,0.0,1.3049075153759304e-09,0.5700960624,-1.0439260123007443e-10,0.5,2.668296212299657,13.80209793439997,21.78438,0.57327831,0.0,0.0
2025-09-23T19:00:00+02:00,0.274314173,0.274314173,0.18185,0.4,0.18185,0.18185,0.09246417299999998,0.09246417299999998,0.0,0.0,0.036985669199999995,0.036985669199999995,0.6,4.007861135073007,16.706832505149993,21.743595,0.0,0.0,0.0
2025-09-23T20:00:00+02:00,4.349432991,0.6621393809046549,0.0,0.4,0.0,0.0,4.349432991,0.6621393809046549,0.0,0.0,1.7397731963999998,0.26485575236186193,0.5,3.429107570184758,13.529274330949997,20.952996,0.14235326,0.0,0.0
2025-09-23T21:00:00+02:00,9.06390163,4.008239168103487,0.0,0.4,0.0,0.0,9.06390163,4.008239168103487,0.0,0.0,3.6255606520000003,1.603295667241395,0.35,2.1236451713421034,11.974352590699993,20.36985,0.61164159,0.0,0.0
2025-09-23T22:00:00+02:00,5.508587503,8.2186462897065,0.0,0.28,0.0,0.0,5.508587503,8.2186462897065,0.0,0.0,1.5424045008400002,2.3012209611178203,0.165,1.54246299097057,10.692099574999999,20.36985,0.59497492,0.0,0.0
2025-09-23T23:00:00+02:00,0.601501498,4.896611020986102,0.0,0.28,0.0,0.0,0.601501498,4.896611020986102,0.0,0.0,0.16842041944,1.3710510858761087,0.085,1.3860106659902678,5.239765261049996,20.36985,0.64497492,0.0,0.0
2025-09-24T00:00:00+02:00,0.602862627,9.879824901416843,0.0,0.18,0.0,0.0,0.602862627,9.879824901416843,0.0,0.0,0.10851527286,1.7783684822550316,0.04,1.748918927584841,4.40754375395,20.36985,0.71164159,0.0,0.0
2025-09-24T01:00:00+02:00,2.331552008,8.118671922092416,0.0,0.18,0.0,0.0,2.331552008,8.118671922092416,0.0,0.0,0.41967936144,1.4613609459766348,0.02,1.748918927584841,4.283546124199999,20.36985,0.74497492,0.0,0.0
2025-09-24T02:00:00+02:00,2.332820379,9.234730750416842,0.0,0.18,0.0,0.0,2.332820379,9.234730750416842,0.0,0.0,0.41990766822000003,1.6622515350750315,0.025,1.748918927584841,4.3368497148,20.36985,0.71164159,0.0,0.0
2025-09-24T03:00:00+02:00,2.333909553,9.879824897066843,0.0,0.18,0.0,0.0,2.333909553,9.879824897066843,0.0,0.0,0.42010371954,1.7783684814720317,0.03,1.748918927584841,4.3785995838,20.36985,0.76164159,0.0,0.0
2025-09-24T04:00:00+02:00,2.334745306,9.879824896,0.0,0.18,0.0,0.0,2.334745306,9.879824896,0.0,0.0,0.42025415507999997,1.77836848128,0.025,1.748918927584841,4.33936328265,20.36985,1.0,0.0,0.0
2025-09-24T05:00:00+02:00,2.335270682,2.335270682,0.0,0.18,0.0,0.0,2.335270682,2.335270682,0.0,0.0,0.42034872275999996,0.42034872275999996,0.025,1.748918927584841,4.340049317849999,20.524875,1.0,0.0,0.0
2025-09-24T06:00:00+02:00,2.335449878,1.9224609450161738,0.0,0.28,0.0,0.0,2.335449878,1.9224609450161738,0.0,0.0,0.6539259658400001,0.5382890646045287,0.085,1.748918927584841,4.816489354749998,20.570729,0.76090883,0.0,0.0
2025-09-24T07:00:00+02:00,2.335270682,2.3265907193424145,0.0,0.28,0.0,0.0,2.335270682,2.3265907193424145,0.0,0.0,0.65387579096,0.6514454014158761,0.225,1.748918927584841,5.355686389449991,20.36985,0.99497492,0.0,0.0
2025-09-24T08:00:00+02:00,1.928517412,0.201189159,0.09685,0.28,0.09685,0.09685,1.8316674119999998,0.104339159,0.0,0.0,0.51286687536,0.029214964520000004,0.215,1.748918927584841,5.921250092199998,20.36985,0.0,0.0,0.0
2025-09-24T09:00:00+02:00,0.595627285,1.037399996,1.0373999999999999,0.28,0.595627285,1.037399996,0.0,0.0,0.4417727149999999,3.999999886872274e-09,-0.03534181719999999,-3.1999999094978195e-10,0.08,1.748918927584841,4.897852332449999,19.341541,0.0,0.0,0.0
2025-09-24T10:00:00+02:00,2.807122764,1.0797945119999999,2.0686500000000003,0.28,2.0686500000000003,1.0797945119999999,0.7384727639999995,0.0,0.0,0.9888554880000004,0.2067723739199999,-0.07910843904000003,0.17,1.748918927584841,5.528650682949992,18.601284,0.0,0.0,0.0
2025-09-24T11:00:00+02:00,2.805854393,1.078526141,2.85435,0.28,2.805854393,1.078526141,0.0,0.0,0.048495606999999996,1.7758238590000002,-0.00387964856,-0.14206590872000002,0.245,1.748918927584841,6.378090135999998,18.15107,0.0,0.0,0.0
2025-09-24T12:00:00+02:00,1.077165011,1.0771650130000001,3.4408999999999996,0.28,1.077165011,1.0771650130000001,0.0,0.0,2.3637349889999997,2.3637349869999995,-0.18909879911999997,-0.18909879895999995,0.155,1.748918927584841,6.018731604549998,17.925892,0.0,0.0,0.0
2025-09-24T13:00:00+02:00,1.075803882,2.803132137,3.7891000000000004,0.28,1.075803882,2.803132137,0.0,0.0,2.7132961180000006,0.9859678630000004,-0.21706368944000004,-0.07887742904000003,0.025,1.7832579306724834,4.2534427375499995,17.95491,1.0,0.0,0.0
2025-09-24T14:00:00+02:00,1.074535512,2.801863767,3.7842000000000002,0.28,1.074535512,2.801863767,0.0,0.0,2.7096644880000005,0.9823362330000003,-0.21677315904000005,-0.07858689864000003,0.04,1.8140850985013026,4.231687321999998,19.145758,1.0,0.0,0.0
2025-09-24T15:00:00+02:00,1.073446337,2.800774592,3.40675,0.28,1.073446337,2.800774592,0.0,0.0,2.333303663,0.6059754080000004,-0.18666429304,-0.04847803264000003,0.025,2.2632182536862486,3.6784075847499995,20.288132,1.0,0.0,0.0
2025-09-24T16:00:00+02:00,1.005679527,2.938400007,2.9383999999999997,0.28,1.005679527,2.9383999999999997,0.0,7.000000135093387e-09,1.9327204729999996,0.0,-0.15461763783999996,1.9600000378261487e-09,0.06,3.109047488307193,4.814180784199997,21.306777,0.0,0.0,0.0
2025-09-24T17:00:00+02:00,10.73815316,2.130100004,2.1300999999999997,0.4,2.1300999999999997,2.1300999999999997,8.60805316,4.000000330961484e-09,0.0,0.0,3.4432212640000004,1.6000001323845936e-09,0.275,5.184411216412185,9.583831535899998,21.205647,1.0,0.0,0.0
2025-09-24T18:00:00+02:00,11.606227355,1.414937433,1.13055,0.4,1.13055,1.13055,10.475677355,0.284387433,0.0,0.0,4.190270942000001,0.11375497320000001,0.495,6.692607443062861,14.625933745649995,22.054706,0.0,0.0,0.0
2025-09-24T19:00:00+02:00,0.765503668,0.765503668,0.16524999999999998,0.4,0.16524999999999998,0.16524999999999998,0.600253668,0.600253668,0.0,0.0,0.24010146720000003,0.24010146720000003,0.565,6.692607443062861,15.01779750219999,21.678922,0.0,0.0,0.0
2025-09-24T20:00:00+02:00,0.61398082,0.237441077,0.0,0.4,0.0,0.0,0.61398082,0.237441077,0.0,0.0,0.245592328,0.09497643080000001,0.41,5.254197662413478,11.83254061484998,21.282435,0.0,0.0,0.0
2025-09-24T21:00:00+02:00,1.148476954,0.7538067226304999,0.0,0.4,0.0,0.0,1.148476954,0.7538067226304999,0.0,0.0,0.4593907816,0.3015226890522,0.31,3.2406818957393178,10.992521505649997,20.802029,0.084825438,0.0,0.0
2025-09-24T22:00:00+02:00,2.350731492,1.5071762128168422,0.0,0.28,0.0,0.0,2.350731492,1.5071762128168422,0.0,0.0,0.6582048177600001,0.42200933958871584,0.175,2.3250662151170793,10.193295142499998,20.36985,0.51164159,0.0,0.0
2025-09-24T23:00:00+02:00,2.328829751,1.6292184871424147,0.0,0.28,0.0,0.0,2.328829751,1.6292184871424147,0.0,0.0,0.65207233028,0.45618117639987615,0.08,1.8140850985013026,4.791036468699997,20.36985,0.59497492,0.0,0.0
2025-09-25T00:00:00+02:00,0.602862627,9.879824900034615,0.0,0.18,0.0,0.0,0.602862627,9.879824900034615,0.0,0.0,0.10851527286,1.7783684820062307,0.025,1.748918927584841,4.167703194399999,20.36985,0.51164159,0.0,0.0
2025-09-25T01:00:00+02:00,0.604223755,2.0181201215315907,0.0,0.18,0.0,0.0,0.604223755,2.0181201215315907,0.0,0.0,0.1087602759,0.36326162187568634,0.005,1.748918927584841,4.1371648734,20.36985,0.57830826,0.0,0.0
2025-09-25T02:00:00+02:00,2.332820379,1.6044203224412699,0.0,0.18,0.0,0.0,2.332820379,1.6044203224412699,0.0,0.0,0.41990766822000003,0.2887956580394286,0.02,1.748918927584841,4.213080048899999,20.36985,0.57830826,0.0,0.0
2025-09-25T03:00:00+02:00,2.333909553,8.265800946466843,0.0,0.18,0.0,0.0,2.333909553,8.265800946466843,0.0,0.0,0.42010371954,1.4878441703640317,0.015,1.748918927584841,4.17021926445,20.36985,0.56164159,0.0,0.0
2025-09-25T04:00:00+02:00,2.334745306,2.3347453060000003,0.0,0.18,0.0,0.0,2.334745306,2.3347453060000003,0.0,0.0,0.42025415507999997,0.42025415508,0.005,1.748918927584841,4.2325755025,20.36985,1.0,0.0,0.0
2025-09-25T05:00:00+02:00,0.607942429,2.335270682,0.0,0.18,0.0,0.0,0.607942429,2.335270682,0.0,0.0,0.10942963721999999,0.42034872275999996,0.015,1.748918927584841,4.216322881499999,20.774875,1.0,0.0,0.0
2025-09-25T06:00:00+02:00,2.335449878,0.9988201469032923,0.0,0.28,0.0,0.0,2.335449878,0.9988201469032923,0.0,0.0,0.6539259658400001,0.27966964113292186,0.04,1.6130836596656797,4.4486885496,21.012396,0.22618661,0.0,0.0
2025-09-25T07:00:00+02:00,2.335270682,2.0099138787168425,0.0,0.28,0.0,0.0,2.335270682,2.0099138787168425,0.0,0.0,0.65387579096,0.5627758860407159,0.185,1.6130836596656797,5.62991610765,20.36985,0.81164159,0.0,0.0
2025-09-25T08:00:00+02:00,2.773187734,0.201189159,0.08355,0.28,0.08355,0.08355,2.689637734,0.11763915900000001,0.0,0.0,0.7530985655200001,0.03293896452,0.14,1.6130836596656797,5.466700516249992,20.36985,0.0,0.0,0.0
2025-09-25T09:00:00+02:00,1.080883684,0.20035340599999998,0.9752,0.28,0.9752,0.20035340599999998,0.10568368400000006,0.0,0.0,0.774846594,0.029591431520000017,-0.06198772752,0.085,1.748918927584841,4.91750304505,19.558208,0.0,0.0,0.0
2025-09-25T10:00:00+02:00,1.07979451,1.0797945119999999,1.5130000000000001,0.28,1.07979451,1.0797945119999999,0.0,0.0,0.4332054900000002,0.43320548800000025,-0.034656439200000014,-0.03465643904000002,0.095,1.748918927584841,5.897877582599998,19.03184,0.0,0.0,0.0
2025-09-25T11:00:00+02:00,0.850637521,1.078526141,2.9428,0.28,0.850637521,1.078526141,0.0,0.0,2.092162479,1.864273859,-0.16737299832000002,-0.14914190872000002,0.125,1.748918927584841,5.683643179199998,18.809867,0.0,0.0,0.0
2025-09-25T12:00:00+02:00,0.196634733,1.0771650130000001,3.4570499999999997,0.28,0.196634733,1.0771650130000001,0.0,0.0,3.260415267,2.3798849869999996,-0.26083322136,-0.19039079895999997,0.11,1.748918927584841,5.065100541649999,18.758222,0.0,0.0,0.0
2025-09-25T13:00:00+02:00,0.195273604,2.4910700092618594,3.77295,0.28,0.195273604,2.4910700092618594,0.0,0.0,3.5776763959999998,1.2818799907381404,-0.28621411168,-0.10255039925905124,0.045,1.7832579306724834,4.4544238180999995,18.798518,0.81933826,0.0,0.0
2025-09-25T14:00:00+02:00,1.921333487,2.801863767,3.78185,0.28,1.921333487,2.801863767,0.0,0.0,1.8605165129999999,0.979986233,-0.14884132104,-0.07839889864,0.065,1.8140850985013026,4.782742463649997,19.668104,1.0,0.0,0.0
2025-09-25T15:00:00+02:00,0.192916059,2.688252802,3.5776999999999997,0.28,0.192916059,2.688252802,0.0,0.0,3.384783941,0.8894471979999996,-0.27078271528,-0.07115577583999998,0.06,2.2632182536862486,4.533272740199999,20.590086,1.0,0.0,0.0
2025-09-25T16:00:00+02:00,0.604433977,2.7999388400000003,2.9472500000000004,0.28,0.604433977,2.7999388400000003,0.0,0.0,2.342816023,0.1473111600000001,-0.18742528184,-0.011784892800000009,0.09,2.783188301817905,5.703968071299995,21.375072,1.0,0.0,0.0
2025-09-25T17:00:00+02:00,1.072085209,2.113450004,2.1134500000000003,0.4,1.072085209,2.1134500000000003,0.0,3.999999886872274e-09,1.0413647910000003,0.0,-0.08330918328000003,1.5999999547489097e-09,0.315,5.184411216412185,11.994493353849993,22.01256,1.0,0.0,0.0
2025-09-25T18:00:00+02:00,5.404877807,2.797019275,1.10835,0.4,1.10835,1.10835,4.296527807,1.6886692749999999,0.0,0.0,1.7186111228000003,0.6754677099999999,0.51,6.692607443062861,14.364845950699992,22.4938,0.0,0.0,0.0
2025-09-25T19:00:00+02:00,11.255165035,2.6585926690000004,0.1323,0.4,0.1323,0.1323,11.122865034999998,2.5262926690000005,0.0,0.0,4.449146013999999,1.0105170676000002,0.575,6.692607443062861,13.833059851949997,21.8615,0.0,0.0,0.0
2025-09-25T20:00:00+02:00,7.643062954,0.243062954,0.0,0.4,0.0,0.0,7.643062954,0.243062954,0.0,0.0,3.0572251816000002,0.0972251816,0.44,5.254197662413478,12.8148529697,21.284583,0.0,0.0,0.0
2025-09-25T21:00:00+02:00,8.015377815,0.615377815,0.0,0.4,0.0,0.0,8.015377815,0.615377815,0.0,0.0,3.2061511260000004,0.246151126,0.3,2.7854246689868303,11.321236315199995,20.803819,0.0,0.0,0.0
2025-09-25T22:00:00+02:00,5.119602718,1.1961180538924148,0.0,0.28,0.0,0.0,5.119602718,1.1961180538924148,0.0,0.0,1.4334887610400002,0.3349130550898762,0.14,2.3250662151170793,8.427305437199998,20.36985,0.34497492,0.0,0.0
2025-09-25T23:00:00+02:00,0.601501498,1.3989080591668421,0.0,0.28,0.0,0.0,0.601501498,1.3989080591668421,0.0,0.0,0.16842041944,0.39169425656671586,0.075,1.8140850985013026,4.653898399549998,20.36985,0.46164159,0.0,0.0
2025-09-26T00:00:00+02:00,2.33019088,8.800269188166842,0.0,0.18,0.0,0.0,2.33019088,8.800269188166842,0.0,0.0,0.4194343584,1.5840484538700315,0.005,1.0251347519692304,4.21847399455,20.36985,0.46164159,0.0,0.0
2025-09-26T01:00:00+02:00,2.331552008,2.9065231188424145,0.0,0.18,0.0,0.0,2.331552008,2.9065231188424145,0.0,0.0,0.41967936144,0.5231741613916346,0.0,1.2159887328555232,4.21140143605,20.36985,0.49497492,0.0,0.0
2025-09-26T02:00:00+02:00,2.332820379,8.860476289842415,0.0,0.18,0.0,0.0,2.332820379,8.860476289842415,0.0,0.0,0.41990766822000003,1.5948857321716348,0.005,1.428763561595639,4.213080048899999,20.36985,0.49497492,0.0,0.0
2025-09-26T03:00:00+02:00,0.6065813,8.91914308379127,0.0,0.18,0.0,0.0,0.6065813,8.91914308379127,0.0,0.0,0.10918463399999999,1.6054457550824286,0.005,1.428763561595639,4.195249039499999,20.36985,0.52830826,0.0,0.0
2025-09-26T04:00:00+02:00,0.607417053,2.3347453060000003,0.0,0.18,0.0,0.0,0.607417053,2.3347453060000003,0.0,0.0,0.10933506954000001,0.42025415508,0.01,1.428763561595639,4.1729909023,20.36985,1.0,0.0,0.0
2025-09-26T05:00:00+02:00,2.335270682,2.335270682,0.0,0.18,0.0,0.0,2.335270682,2.335270682,0.0,0.0,0.42034872275999996,0.42034872275999996,0.01,1.3298877314800333,4.340049317849999,20.791541,1.0,0.0,0.0
2025-09-26T06:00:00+02:00,2.960049955,0.8204894998406651,0.0,0.28,0.0,0.0,2.960049955,0.8204894998406651,0.0,0.0,0.8288139874000001,0.22973705995538626,0.035,1.428763561595639,4.635639634999999,21.076284,0.12294587,0.0,0.0
2025-09-26T07:00:00+02:00,4.097654154,2.6614566437412694,0.0,0.28,0.0,0.0,4.097654154,2.6614566437412694,0.0,0.0,1.14734316312,0.7452078602475555,0.125,1.428763561595639,5.4717119684,20.36985,0.67830826,0.0,0.0
2025-09-26T08:00:00+02:00,2.949635872,1.3407055364412699,0.0817,0.28,0.0817,0.0817,2.867935872,1.2590055364412698,0.0,0.0,0.80302204416,0.3525215502035556,0.115,1.489038060918909,5.6486807838999935,20.36985,0.57830826,0.0,0.0
2025-09-26T09:00:00+02:00,2.808211938,1.0841263798168423,1.0342500000000001,0.28,1.0342500000000001,1.0342500000000001,1.7739619379999998,0.04987637981684223,0.0,0.0,0.49670934264,0.013965386348715827,0.06,1.3568433541085325,4.887561906349999,20.36985,0.51164159,0.0,0.0
2025-09-26T10:00:00+02:00,0.673031298,1.5893130252424146,2.0947,0.28,0.673031298,1.5893130252424146,0.0,0.0,1.421668702,0.5053869747575854,-0.11373349616,-0.040430957980606835,0.065,1.3568433541085325,4.9576991461499995,20.36985,0.29497492,0.0,0.0
2025-09-26T11:00:00+02:00,0.197995861,1.2137902040319568,2.83195,0.28,0.197995861,1.2137902040319568,0.0,0.0,2.633954139,1.6181597959680432,-0.21071633112000002,-0.12945278367744345,0.04,1.3298877314800333,4.6105332280499995,20.36985,0.078308256,0.0,0.0
2025-09-26T12:00:00+02:00,0.196634733,1.0771650130000001,3.4119499999999996,0.28,0.196634733,1.0771650130000001,0.0,0.0,3.2153152669999994,2.3347849869999995,-0.25722522136,-0.18678279895999997,0.035,1.3298877314800333,4.545222542999999,20.36985,0.0,0.0,0.0
2025-09-26T13:00:00+02:00,0.195273604,1.075803884,3.6569999999999996,0.28,0.195273604,1.075803884,0.0,0.0,3.4617263959999995,2.5811961159999997,-0.27693811168,-0.20649568927999998,0.02,1.3298877314800333,3.801206619549999,20.508208,0.0,0.0,0.0
2025-09-26T14:00:00+02:00,0.194005234,1.074535514,3.7533,0.28,0.194005234,1.074535514,0.0,0.0,3.559294766,2.678764486,-0.28474358128,-0.21430115888,0.02,1.428763561595639,3.9563957718499987,20.640173,0.0,0.0,0.0
2025-09-26T15:00:00+02:00,0.29356567,1.073446339,3.5759500000000006,0.28,0.29356567,1.073446339,0.0,0.0,3.2823843300000006,2.5025036610000004,-0.2625907464000001,-0.20020029288000005,0.01,1.3298877314800333,2.4051959363499935,20.833478,0.0,0.0,0.0
2025-09-26T16:00:00+02:00,1.204898405,1.2048984068573887,2.9333,0.28,1.204898405,1.2048984068573887,0.0,0.0,1.728401595,1.7284015931426113,-0.13827212760000002,-0.1382721274514089,0.055,1.6714766695857037,4.73074614785,21.011231,0.0,0.0,0.0
2025-09-26T17:00:00+02:00,4.07438978,2.0522500085677873,2.05225,0.4,2.05225,2.05225,2.02213978,8.567787368463087e-09,0.0,0.0,0.808855912,3.427114947385235e-09,0.3,2.4819051303218593,8.619728405550001,21.192693,0.19273598,0.0,0.0
2025-09-26T18:00:00+02:00,6.473537784,1.0944999949559726,1.0945,0.4,1.0945,1.0944999949559726,5.379037784,0.0,0.0,5.04402741796639e-09,2.1516151136,-4.0352219343731125e-10,0.43,3.3851663193280843,13.541547519999986,21.553313,0.31971341,0.0,0.0
2025-09-26T19:00:00+02:00,1.082327575,0.201797297,0.12119999999999999,0.4,0.12119999999999999,0.12119999999999999,0.9611275750000001,0.080597297,0.0,0.0,0.3844510300000001,0.0322389188,0.46,3.3851663193280843,13.849985575099993,21.947475,0.0,0.0,0.0
2025-09-26T20:00:00+02:00,1.329668887,1.3034761559999999,0.0,0.4,0.0,0.0,1.329668887,1.3034761559999999,0.0,0.0,0.5318675548,0.5213904624,0.335,2.364600440660834,11.492684185299998,21.856229,0.0,0.0,0.0
2025-09-26T21:00:00+02:00,2.205448436,2.205448436,0.0,0.4,0.0,0.0,2.205448436,2.205448436,0.0,0.0,0.8821793744000002,0.8821793744000002,0.205,1.8041833567560555,9.548041310899997,21.480191,0.0,0.0,0.0
2025-09-26T22:00:00+02:00,2.592530595,0.711165487,0.0,0.28,0.0,0.0,2.592530595,0.711165487,0.0,0.0,0.7259085666,0.19912633636000002,0.1,1.489038060918909,6.861055610299993,21.066826,0.0,0.0,0.0
2025-09-26T23:00:00+02:00,2.941973674,1.2740313042774445,0.0,0.28,0.0,0.0,2.941973674,1.2740313042774445,0.0,0.0,0.8237526287200001,0.3567287651976845,0.03,1.3298877314800333,4.468836076049999,20.522355,0.38455401,0.0,0.0
2025-09-27T00:00:00+02:00,0.723471412,2.8783923254095427,0.0,0.18,0.0,0.0,0.723471412,2.8783923254095427,0.0,0.0,0.13022485416,0.5181106185737177,0.005,1.5823560960201626,4.193245123899999,20.36985,0.54497492,0.0,0.0
2025-09-27T01:00:00+02:00,2.331552008,3.0246993574893732,0.0,0.18,0.0,0.0,2.331552008,3.0246993574893732,0.0,0.0,0.41967936144,0.5444458843480872,0.0,1.5823560960201626,4.19181683535,20.36985,0.64497492,0.0,0.0
2025-09-27T02:00:00+02:00,2.332820379,2.3073636277668426,0.0,0.18,0.0,0.0,2.332820379,2.3073636277668426,0.0,0.0,0.41990766822000003,0.41532545299803164,0.0,1.6709560151934642,4.253249380049999,20.36985,0.66164159,0.0,0.0
2025-09-27T03:00:00+02:00,2.333909553,2.5724061890912697,0.0,0.18,0.0,0.0,2.333909553,2.5724061890912697,0.0,0.0,0.42010371954,0.46303311403642855,0.0,1.6709560151934642,4.2317130441,20.36985,0.62830826,0.0,0.0
2025-09-27T04:00:00+02:00,0.607417053,2.3347453060000003,0.0,0.18,0.0,0.0,0.607417053,2.3347453060000003,0.0,0.0,0.10933506954000001,0.42025415508,0.01,1.6709560151934642,4.2723501629,20.36985,1.0,0.0,0.0
2025-09-27T05:00:00+02:00,2.335270682,3.215800962,0.0,0.18,0.0,0.0,2.335270682,3.215800962,0.0,0.0,0.42034872275999996,0.5788441731599999,0.005,1.6709560151934642,4.174741040049999,20.774875,1.0,0.0,0.0
2025-09-27T06:00:00+02:00,2.408735934,0.6485563618833305,0.0,0.28,0.0,0.0,2.408735934,0.6485563618833305,0.0,0.0,0.6744460615200001,0.18159578132733256,0.02,1.6709560151934642,4.5097732398499994,21.095729,0.023408832,0.0,0.0
2025-09-27T07:00:00+02:00,3.215800961,1.6068706254412697,0.0,0.28,0.0,0.0,3.215800961,1.6068706254412697,0.0,0.0,0.9004242690800001,0.4499237751235556,0.13,1.6709560151934642,5.26699009425,20.36985,0.57830826,0.0,0.0
2025-09-27T08:00:00+02:00,1.081719437,1.2576949581168422,0.08015000000000001,0.28,0.08015000000000001,0.08015000000000001,1.0015694370000001,1.1775449581168422,0.0,0.0,0.28043944236000007,0.3297125882727159,0.11,1.6709560151934642,5.759168877849996,20.36985,0.61164159,0.0,0.0
2025-09-27T09:00:00+02:00,2.808211938,1.0297000011668422,1.0296999999999998,0.28,1.0296999999999998,1.0296999999999998,1.778511938,1.1668424004795952e-09,0.0,0.0,0.49798334264000005,3.267158721342867e-10,0.2,1.6709560151934642,8.186177033249997,20.36985,0.46164159,0.0,0.0
2025-09-27T10:00:00+02:00,2.807122764,1.0797945119999999,2.0698,0.28,2.0698,1.0797945119999999,0.737322764,0.0,0.0,0.990005488,0.20645037392,-0.07920043904,0.19,1.6709560151934642,7.9261547197999995,20.36985,0.0,0.0,0.0
2025-09-27T11:00:00+02:00,2.930626569,1.078526141,2.88715,0.28,2.88715,1.078526141,0.043476569000000076,0.0,0.0,1.8086238590000001,0.012173439320000022,-0.14468990872,0.125,1.3721625809608509,5.8472021876,20.091541,0.0,0.0,0.0
2025-09-27T12:00:00+02:00,4.900277824,1.0771650130000001,3.4505999999999997,0.28,3.4505999999999997,1.0771650130000001,1.4496778240000001,0.0,0.0,2.3734349869999996,0.40590979072000005,-0.18987479895999998,0.085,1.3721625809608509,5.321432953799999,20.076284,0.0,0.0,0.0
2025-09-27T13:00:00+02:00,4.575138491,3.709249999027882,3.70925,0.28,3.70925,3.709249999027882,0.8658884909999998,0.0,0.0,9.721179416999348e-10,0.24244877747999996,-7.776943533599479e-11,0.055,1.3721625809608509,4.8283548491,20.16357,0.0,0.0,0.0
2025-09-27T14:00:00+02:00,1.166214855,4.573870120703842,3.7528500000000005,0.28,1.166214855,3.7528500000000005,0.0,0.8210201207038414,2.5866351450000007,0.0,-0.20693081160000007,0.22988563379707563,0.055,1.403778836164789,4.855631266099999,20.336309,0.0,0.0,0.0
2025-09-27T15:00:00+02:00,0.892921714,4.112192330646338,3.6159,0.28,0.892921714,3.6159,0.0,0.49629233064633826,2.722978286,0.0,-0.21783826288,0.13896185258097474,0.045,2.0493053758077306,4.501138696499997,20.513591,0.0,0.0,0.0
2025-09-27T16:00:00+02:00,1.072610585,1.072610587,2.9152999999999993,0.28,1.072610585,1.072610587,0.0,0.0,1.8426894149999993,1.8426894129999993,-0.14741515319999995,-0.14741515303999994,0.07,2.6905098193014743,6.269741215549998,20.694659,0.0,0.0,0.0
2025-09-27T17:00:00+02:00,1.072085209,1.072085211,2.02745,0.4,1.072085209,1.072085211,0.0,0.0,0.955364791,0.9553647889999999,-0.07642918328000001,-0.07642918312,0.145,4.459609991515114,8.257479386199996,20.845549,0.0,0.0,0.0
2025-09-27T18:00:00+02:00,4.041729453,1.723561315,1.0424,0.4,1.0424,1.0424,2.9993294530000005,0.681161315,0.0,0.0,1.1997317812000003,0.272464526,0.19,5.854815183004974,8.470329655549998,21.021291,0.0,0.0,0.0
2025-09-27T19:00:00+02:00,11.129941916,3.126464497,0.1159,0.4,0.1159,0.1159,11.014041916,3.0105644970000003,0.0,0.0,4.4056167664000006,1.2042257988000002,0.24,5.854815183004974,9.321664467999996,21.184409,0.0,0.0,0.0
2025-09-27T20:00:00+02:00,7.625329806,0.225329806,0.0,0.4,0.0,0.0,7.625329806,0.225329806,0.0,0.0,3.0501319224000003,0.09013192240000001,0.27,4.102441018098121,11.160532691199997,21.253674,0.0,0.0,0.0
2025-09-27T21:00:00+02:00,8.223312219,0.823312219,0.0,0.4,0.0,0.0,8.223312219,0.823312219,0.0,0.0,3.2893248876000003,0.3293248876,0.28,2.6854116338016993,10.316216874899995,21.144728,0.0,0.0,0.0
2025-09-27T22:00:00+02:00,8.209827031,0.809827031,0.0,0.28,0.0,0.0,8.209827031,0.809827031,0.0,0.0,2.29875156868,0.22675156868000002,0.175,2.0493053758077306,8.3189875923,21.20394,0.0,0.0,0.0
2025-09-27T23:00:00+02:00,2.417273432,0.613632346,0.0,0.28,0.0,0.0,2.417273432,0.613632346,0.0,0.0,0.6768365609600001,0.17181705688000004,0.075,1.403778836164789,7.160034881349989,21.236617,0.0,0.0,0.0
2025-09-28T00:00:00+02:00,0.602862627,0.602862627,0.0,0.18,0.0,0.0,0.602862627,0.602862627,0.0,0.0,0.10851527286,0.10851527286,0.01,1.3721625809608509,2.8313710995999943,21.247181,0.0,0.0,0.0
2025-09-28T01:00:00+02:00,0.604223755,6.406516155,0.0,0.18,0.0,0.0,0.604223755,6.406516155,0.0,0.0,0.1087602759,1.1531729079,0.005,1.2835626617875497,2.0491639629999976,21.172651,0.0,0.0,0.0
2025-09-28T02:00:00+02:00,0.605492126,0.605492126,0.0,0.18,0.0,0.0,0.605492126,0.605492126,0.0,0.0,0.10898858268,0.10898858268,0.0,1.2835626617875497,0.7913346972499716,21.060542,0.0,0.0,0.0
2025-09-28T03:00:00+02:00,0.6065813,8.195257380000001,0.0,0.18,0.0,0.0,0.6065813,8.195257380000001,0.0,0.0,0.10918463399999999,1.4751463284000002,0.0,1.3721625809608509,0.8052910064999673,20.983785,0.0,0.0,0.0
2025-09-28T04:00:00+02:00,0.607417053,8.887947333000001,0.0,0.18,0.0,0.0,0.607417053,8.887947333000001,0.0,0.0,0.10933506954000001,1.5998305199400003,0.0,1.3721625809608509,0.68084417825,20.886488,0.0,0.0,0.0
2025-09-28T05:00:00+02:00,0.607942429,8.007942429,0.0,0.18,0.0,0.0,0.607942429,8.007942429,0.0,0.0,0.10942963721999999,1.44142963722,0.0,1.3721625809608509,3.730294516199999,20.78874,0.0,0.0,0.0
2025-09-28T06:00:00+02:00,0.608121625,0.608121625,0.0,0.28,0.0,0.0,0.608121625,0.608121625,0.0,0.0,0.170274055,0.170274055,0.005,1.3721625809608509,3.18281668265,20.67395,0.0,0.0,0.0
2025-09-28T07:00:00+02:00,1.471047218,1.323134548,0.0,0.28,0.0,0.0,1.471047218,1.323134548,0.0,0.0,0.41189322104000003,0.37047767344000004,0.025,1.3721625809608509,4.151447537849995,20.611625,0.0,0.0,0.0
2025-09-28T08:00:00+02:00,1.748722485,0.868192207,0.029849999999999998,0.28,0.029849999999999998,0.029849999999999998,1.7188724850000001,0.838342207,0.0,0.0,0.4812842958000001,0.23473581796,0.035,1.3721625809608509,4.175688510699999,20.543021,0.0,0.0,0.0
2025-09-28T09:00:00+02:00,2.808211938,0.683799996,0.6838,0.28,0.6838,0.683799996,2.1244119379999997,0.0,0.0,3.999999997894577e-09,0.5948353426399999,-3.1999999983156616e-10,0.03,1.2835626617875497,4.03572055205,20.485851,0.0,0.0,0.0
2025-09-28T10:00:00+02:00,1.07979451,1.9474500319999999,1.94745,0.28,1.07979451,1.94745,0.0,3.199999998315661e-08,0.86765549,0.0,-0.0694124392,8.959999995283852e-09,0.005,1.3721625809608509,3.7613250382499985,20.404875,0.0,0.0,0.0
2025-09-28T11:00:00+02:00,1.078526139,2.8053499609999997,2.8053500000000002,0.28,1.078526139,2.8053499609999997,0.0,0.0,1.7268238610000002,3.900000056233921e-08,-0.13814590888000003,-3.120000044987137e-09,0.03,1.3721625809608509,4.20870041205,20.404063,0.0,0.0,0.0
2025-09-28T12:00:00+02:00,1.077165011,3.2917000130000003,3.2917,0.28,1.077165011,3.2917,0.0,1.3000000187446403e-08,2.214534989,0.0,-0.17716279912000002,3.640000052484993e-09,0.02,1.3721625809608509,1.8489428431999932,20.553386,0.0,0.0,0.0
2025-09-28T13:00:00+02:00,0.595704424,3.667550018,3.66755,0.28,0.595704424,3.66755,0.0,1.800000015705905e-08,3.071845576,0.0,-0.24574764608,5.040000043976534e-09,0.01,1.3721625809608509,2.0876386318499995,20.727821,0.0,0.0,0.0
2025-09-28T14:00:00+02:00,0.4181735,3.41955278,3.7354000000000003,0.28,0.4181735,3.41955278,0.0,0.0,3.3172265000000003,0.3158472200000002,-0.26537812000000005,-0.025267777600000017,0.015,1.403778836164789,1.4028497559499997,20.956518,0.0,0.0,0.0
2025-09-28T15:00:00+02:00,1.066384148,1.221389974,3.58055,0.28,1.066384148,1.221389974,0.0,0.0,2.514165852,2.359160026,-0.20113326816000002,-0.18873280208,0.02,2.0493053758077306,2.7010325486999975,21.230432,0.0,0.0,0.0
2025-09-28T16:00:00+02:00,1.072610585,1.072610587,2.87325,0.28,1.072610585,1.072610587,0.0,0.0,1.800639415,1.800639413,-0.1440511532,-0.14405115304000002,0.085,2.5309865223248105,6.7531120360499814,21.442026,0.0,0.0,0.0
2025-09-28T17:00:00+02:00,0.750267741,1.968750001,1.96875,0.4,0.750267741,1.96875,0.0,1.000000082740371e-09,1.218482259,0.0,-0.09747858072,4.000000330961484e-10,0.15,3.948015906621234,8.38314340365,21.601689,0.0,0.0,0.0
2025-09-28T18:00:00+02:00,0.191375735,0.881450005,0.8814500000000001,0.4,0.191375735,0.8814500000000001,0.0,4.999999969612645e-09,0.690074265,0.0,-0.055205941200000004,1.9999999878450583e-09,0.18,4.346312344834403,8.439152324799998,21.718074,0.0,0.0,0.0
2025-09-28T19:00:00+02:00,1.500790774,1.500790774,0.07715,0.4,0.07715,0.07715,1.4236407739999999,1.4236407739999999,0.0,0.0,0.5694563095999999,0.5694563095999999,0.225,4.346312344834403,10.013051633049997,21.748395,0.0,0.0,0.0
2025-09-28T20:00:00+02:00,1.896701359,0.38362889499999997,0.0,0.4,0.0,0.0,1.896701359,0.38362889499999997,0.0,0.0,0.7586805436,0.153451558,0.25,4.102441018098121,10.590017704049998,21.690329,0.0,0.0,0.0
2025-09-28T21:00:00+02:00,13.803698005,0.770770087,0.0,0.4,0.0,0.0,13.803698005,0.770770087,0.0,0.0,5.521479202,0.3083080348,0.23,2.6854116338016993,9.466899077399994,21.591941,0.0,0.0,0.0
2025-09-28T22:00:00+02:00,13.803691127,7.198453936564086,0.0,0.28,0.0,0.0,13.803691127,7.198453936564086,0.0,0.0,3.8650335155600004,2.015567102237944,0.14,2.0493053758077306,8.5694265509,21.476617,0.0,0.0,0.0
2025-09-28T23:00:00+02:00,0.823190236,4.399427731689447,0.0,0.28,0.0,0.0,0.823190236,4.399427731689447,0.0,0.0,0.23049326608,1.2318397648730453,0.06,1.403778836164789,5.718791632599995,21.313848,0.0,0.0,0.0
2025-09-29T00:00:00+02:00,2.33019088,1.264136805812334,0.0,0.18,0.0,0.0,2.33019088,1.264136805812334,0.0,0.0,0.4194343584,0.22754462504622008,0.015,1.1563257968218694,3.6610032797999987,21.11154,0.0,0.0,0.0
2025-09-29T01:00:00+02:00,0.604223755,0.9831884509342348,0.0,0.18,0.0,0.0,0.604223755,0.9831884509342348,0.0,0.0,0.1087602759,0.17697392116816227,0.005,1.46335166597202,3.6739640248499956,20.926283,0.0,0.0,0.0
2025-09-29T02:00:00+02:00,0.605492126,0.669558029,0.0,0.18,0.0,0.0,0.605492126,0.669558029,0.0,0.0,0.10898858268,0.12052044522000001,0.0,1.46335166597202,3.5533734905999994,20.705236,0.0,0.0,0.0
2025-09-29T03:00:00+02:00,2.333909553,0.8073200237437552,0.0,0.18,0.0,0.0,2.333909553,0.8073200237437552,0.0,0.0,0.42010371954,0.14531760427387594,0.0,1.46335166597202,3.6459424405999994,20.504363,0.11621342,0.0,0.0
2025-09-29T04:00:00+02:00,0.607417053,1.0881467735412698,0.0,0.18,0.0,0.0,0.607417053,1.0881467735412698,0.0,0.0,0.10933506954000001,0.19586641923742856,0.005,1.46335166597202,4.1707604979,20.36985,0.27830826,0.0,0.0
2025-09-29T05:00:00+02:00,2.335270682,2.335270682,0.0,0.18,0.0,0.0,2.335270682,2.335270682,0.0,0.0,0.42034872275999996,0.42034872275999996,0.005,1.46335166597202,4.14065716355,20.36985,1.0,0.0,0.0
2025-09-29T06:00:00+02:00,2.335449878,0.608121625,0.0,0.28,0.0,0.0,2.335449878,0.608121625,0.0,0.0,0.6539259658400001,0.170274055,0.04,1.46335166597202,4.380177335,20.974875,0.0,0.0,0.0
2025-09-29T07:00:00+02:00,1.193773413,1.2145569825282925,0.0,0.28,0.0,0.0,1.193773413,1.2145569825282925,0.0,0.0,0.33425655564,0.34007595510792193,0.085,1.5385236981702821,5.180826657899997,20.462396,0.35118661,0.0,0.0
2025-09-29T08:00:00+02:00,1.081719437,0.9985957201668423,0.058899999999999994,0.28,0.058899999999999994,0.058899999999999994,1.022819437,0.9396957201668423,0.0,0.0,0.2863894423600001,0.26311480164671586,0.07,1.5385236981702821,5.006584848399999,20.36985,0.46164159,0.0,0.0
2025-09-29T09:00:00+02:00,2.808211938,0.9473999955424148,0.9473999999999999,0.28,0.9473999999999999,0.9473999955424148,1.8608119379999999,0.0,0.0,4.457585078831983e-09,0.5210273426400001,-3.566068063065586e-10,0.03,1.6379002811271892,4.064259196849997,20.36985,0.39497492,0.0,0.0
2025-09-29T10:00:00+02:00,2.807122764,1.9557499972924148,1.95575,0.28,1.95575,1.9557499972924148,0.8513727639999997,0.0,0.0,2.7075852671032408e-09,0.23838437391999995,-2.1660682136825927e-10,0.05,1.4837240866750168,4.424746523399994,20.36985,0.14497492,0.0,0.0
2025-09-29T11:00:00+02:00,1.078526139,2.675700041,2.6757,0.28,1.078526139,2.6757,0.0,4.099999983964153e-08,1.597173861,0.0,-0.12777390888,1.147999995509963e-08,0.035,1.4837240866750168,4.018277973249997,20.36985,0.0,0.0,0.0
2025-09-29T12:00:00+02:00,0.682303078,3.209150013,3.20915,0.28,0.682303078,3.20915,0.0,1.2999999743357193e-08,2.5268469220000003,0.0,-0.20214775376000002,3.6399999281400146e-09,0.005,1.4837240866750168,1.9941744945999986,20.491541,0.0,0.0,0.0
2025-09-29T13:00:00+02:00,0.195273604,3.516899984,3.5169,0.28,0.195273604,3.516899984,0.0,0.0,3.321626396,1.5999999991578306e-08,-0.26573011168,-1.2799999993262646e-09,0.01,1.46335166597202,1.4191785228499998,20.742951,0.0,0.0,0.0
2025-09-29T14:00:00+02:00,0.194005234,3.609450014,3.6094500000000003,0.28,0.194005234,3.6094500000000003,0.0,1.3999999826097564e-08,3.4154447660000002,0.0,-0.27323558128000003,3.919999951307318e-09,0.01,1.46335166597202,1.9746679296999994,21.035793,0.0,0.0,0.0
2025-09-29T15:00:00+02:00,0.192916059,2.4147973389999997,3.4362,0.28,0.192916059,2.4147973389999997,0.0,0.0,3.243283941,1.0214026610000002,-0.25946271528000003,-0.08171221288000002,0.01,1.46335166597202,1.3728586168499999,21.379827,0.0,0.0,0.0
2025-09-29T16:00:00+02:00,5.943935144,2.822699987,2.8226999999999998,0.28,2.8226999999999998,2.822699987,3.1212351440000003,0.0,0.0,1.2999999743357193e-08,0.8739458403200002,-1.0399999794685756e-09,0.03,1.7559389618099548,4.055726515949996,21.699856,0.0,0.0,0.0
2025-09-29T17:00:00+02:00,5.020878515,1.948950001,1.9489500000000002,0.4,1.9489500000000002,1.9489500000000002,3.0719285149999997,9.99999860695766e-10,0.0,0.0,1.228771406,3.9999994427830645e-10,0.26,2.5286326977622684,8.586985336649999,21.983213,0.0,0.0,0.0
2025-09-29T18:00:00+02:00,1.071906013,0.976450005,0.9764499999999999,0.4,0.9764499999999999,0.9764499999999999,0.09545601300000006,5.000000080634948e-09,0.0,0.0,0.038182405200000026,2.000000032253979e-09,0.445,3.3734024299006093,12.473151347749994,22.186011,0.0,0.0,0.0
2025-09-29T19:00:00+02:00,1.083811572,0.203281294,0.07150000000000001,0.4,0.07150000000000001,0.07150000000000001,1.0123115719999998,0.131781294,0.0,0.0,0.4049246287999999,0.0527125176,0.465,3.5602419711347455,13.622725897899993,22.238343,0.0,0.0,0.0
2025-09-29T20:00:00+02:00,1.084039625,0.397774689,0.0,0.4,0.0,0.0,1.084039625,0.397774689,0.0,0.0,0.43361585,0.1591098756,0.405,3.4798114040036054,13.440043233999992,22.131952,0.0,0.0,0.0
2025-09-29T21:00:00+02:00,2.124156417,1.4469772170000001,0.0,0.4,0.0,0.0,2.124156417,1.4469772170000001,0.0,0.0,0.8496625668000001,0.5787908868000001,0.21,3.418118045814211,9.490078585049993,21.826627,0.0,0.0,0.0
2025-09-29T22:00:00+02:00,0.94007378,0.61788523,0.0,0.28,0.0,0.0,0.94007378,0.61788523,0.0,0.0,0.26322065840000003,0.17300786440000002,0.06,2.087188008229545,6.445491502199993,21.522189,0.0,0.0,0.0
2025-09-29T23:00:00+02:00,0.601501498,0.601501498,0.0,0.28,0.0,0.0,0.601501498,0.601501498,0.0,0.0,0.16842041944,0.16842041944,0.035,1.6220292222493902,3.9258799028499993,21.301824,0.0,0.0,0.0
2025-09-30T00:00:00+02:00,0.602862627,0.602862627,0.0,0.18,0.0,0.0,0.602862627,0.602862627,0.0,0.0,0.10851527286,0.10851527286,,,,21.034853,0.0,0.0,0.0
2025-09-30T01:00:00+02:00,2.331552008,0.604223755,0.0,0.18,0.0,0.0,2.331552008,0.604223755,0.0,0.0,0.41967936144,0.1087602759,,,,20.712378,0.0,0.0,0.0
2025-09-30T02:00:00+02:00,2.332820379,1.1335333155710923,0.0,0.18,0.0,0.0,2.332820379,1.1335333155710923,0.0,0.0,0.41990766822000003,0.2040359968027966,,,,20.376982,0.30569823,0.0,0.0
2025-09-30T03:00:00+02:00,0.6065813,1.3176214485168423,0.0,0.18,0.0,0.0,0.6065813,1.3176214485168423,0.0,0.0,0.10918463399999999,0.2371718607330316,,,,20.36985,0.41164159,0.0,0.0
2025-09-30T04:00:00+02:00,0.607417053,2.0590710832870496,0.0,0.18,0.0,0.0,0.607417053,2.0590710832870496,0.0,0.0,0.10933506954000001,0.3706327949916689,,,,20.36985,0.54637538,0.0,0.0
2025-09-30T05:00:00+02:00,2.335270682,2.8419178000897345,0.0,0.18,0.0,0.0,2.335270682,2.8419178000897345,0.0,0.0,0.42034872275999996,0.5115452040161522,,,,20.504583,1.0,0.0,0.0
2025-09-30T06:00:00+02:00,2.335449878,0.608121625,0.0,0.28,0.0,0.0,2.335449878,0.608121625,0.0,0.0,0.6539259658400001,0.170274055,,,,21.003819,0.0,0.0,0.0
2025-09-30T07:00:00+02:00,2.335270682,1.6068706254412697,0.0,0.28,0.0,0.0,2.335270682,1.6068706254412697,0.0,0.0,0.65387579096,0.4499237751235556,,,,20.36985,0.57830826,0.0,0.0
2025-09-30T08:00:00+02:00,0.631663698,0.201189159,0.0535,0.28,0.0535,0.0535,0.578163698,0.14768915900000001,0.0,0.0,0.16188583544000001,0.04135296452000001,,,,20.36985,0.0,0.0,0.0
2025-09-30T09:00:00+02:00,1.080883684,0.9491499959999999,0.9491499999999999,0.28,0.9491499999999999,0.9491499959999999,0.13173368400000007,0.0,0.0,3.999999997894577e-09,0.036885431520000025,-3.1999999983156616e-10,,,,19.824875,0.0,0.0,0.0
2025-09-30T10:00:00+02:00,1.07979451,1.964599972,1.9646,0.28,1.07979451,1.964599972,0.0,0.0,0.88480549,2.7999999874239734e-08,-0.0707844392,-2.239999989939179e-09,,,,19.637396,0.0,0.0,0.0
2025-09-30T11:00:00+02:00,1.078526139,2.753799961,2.7538,0.28,1.078526139,2.753799961,0.0,0.0,1.675273861,3.900000011825e-08,-0.13402190888,-3.12000000946e-09,,,,19.781163,0.0,0.0,0.0
2025-09-30T12:00:00+02:00,0.348368878,3.3412500329999997,3.34125,0.28,0.348368878,3.34125,0.0,3.2999999621807774e-08,2.992881122,0.0,-0.23943048976,9.239999894106178e-09,,,,20.134302,0.0,0.0,0.0
2025-09-30T13:00:00+02:00,0.195273604,2.938849684,3.6538500000000003,0.28,0.195273604,2.938849684,0.0,0.0,3.458576396,0.7150003160000002,-0.27668611168,-0.05720002528000002,,,,20.578585,0.0,0.0,0.0
2025-09-30T14:00:00+02:00,0.194005234,1.074535514,3.6765499999999998,0.28,0.194005234,1.074535514,0.0,0.0,3.4825447659999997,2.602014486,-0.27860358128,-0.20816115888,,,,21.048821,0.0,0.0,0.0
2025-09-30T15:00:00+02:00,0.192916059,1.073446339,3.49155,0.28,0.192916059,1.073446339,0.0,0.0,3.2986339410000003,2.418103661,-0.26389071528,-0.19344829288,,,,21.490684,0.0,0.0,0.0
2025-09-30T16:00:00+02:00,1.026182829,2.843949987,2.84395,0.28,1.026182829,2.843949987,0.0,0.0,1.817767171,1.3000000187446403e-08,-0.14542137368000002,-1.0400000149957122e-09,,,,21.842237,0.0,0.0,0.0
2025-09-30T17:00:00+02:00,1.072085209,1.9704000009999998,1.9704,0.4,1.072085209,1.9704,0.0,9.99999860695766e-10,0.898314791,0.0,-0.07186518328000001,3.9999994427830645e-10,,,,22.135197,0.0,0.0,0.0
2025-09-30T18:00:00+02:00,0.301237549,0.9743000049999999,0.9743,0.4,0.301237549,0.9743,0.0,4.999999858590343e-09,0.6730624510000001,0.0,-0.053844996080000006,1.999999943436137e-09,,,,22.229331,0.0,0.0,0.0
2025-09-30T19:00:00+02:00,0.191554931,0.19155493099999998,0.06290000000000001,0.4,0.06290000000000001,0.06290000000000001,0.128654931,0.12865493099999997,0.0,0.0,0.0514619724,0.05146197239999999,,,,22.207776,0.0,0.0,0.0
2025-09-30T20:00:00+02:00,0.192080307,0.192080307,0.0,0.4,0.0,0.0,0.192080307,0.192080307,0.0,0.0,0.07683212280000001,0.07683212280000001,,,,22.05648,0.0,0.0,0.0
2025-09-30T21:00:00+02:00,0.274161638,0.274161638,0.0,0.4,0.0,0.0,0.274161638,0.274161638,0.0,0.0,0.1096646552,0.1096646552,,,,21.8304,0.0,0.0,0.0
2025-09-30T22:00:00+02:00,0.275250813,0.275250813,0.0,0.28,0.0,0.0,0.275250813,0.275250813,0.0,0.0,0.07707022764,0.07707022764,,,,21.642,0.0,0.0,0.0
2025-09-30T23:00:00+02:00,0.276519183,0.276519183,0.0,0.28,0.0,0.0,0.276519183,0.276519183,0.0,0.0,0.07742537124000001,0.07742537124000001,,,,21.468333,0.0,0.0,0.0
