timestamp,reference_capacity_kwp,pv_generation_kwh_per_kwp,pvgis_power_w_per_kwp,pvgis_sun_height_degrees,pvgis_source_year,pvgis_utc_timestamp,pvgis_local_timestamp,timezone_treatment,source
2025-08-01T00:00:00+02:00,1.0,0.0,0.0,0.0,2023,2023-07-31T22:10:00+00:00,2023-08-01T00:10:00+02:00,PVGIS UTC converted to Europe/Madrid; local HH:10 assigned to containing local clock hour,PVGIS 5.3 seriescalc
2025-08-01T01:00:00+02:00,1.0,0.0,0.0,0.0,2023,2023-07-31T23:10:00+00:00,2023-08-01T01:10:00+02:00,PVGIS UTC converted to Europe/Madrid; local HH:10 assigned to containing local clock hour,PVGIS 5.3 seriescalc
2025-08-01T02:00:00+02:00,1.0,0.0,0.0,0.0,2023,2023-08-01T00:10:00+00:00,2023-08-01T02:10:00+02:00,PVGIS UTC converted to Europe/Madrid; local HH:10 assigned to containing local clock hour,PVGIS 5.3 seriescalc
2025-08-01T03:00:00+02:00,1.0,0.0,0.0,0.0,2023,2023-08-01T01:10:00+00:00,2023-08-01T03:10:00+02:00,PVGIS UTC converted to Europe/Madrid; local HH:10 assigned to containing local clock hour,PVGIS 5.3 seriescalc
2025-08-01T04:00:00+02:00,1.0,0.0,0.0,0.0,2023,2023-08-01T02:10:00+00:00,2023-08-01T04:10:00+02:00,PVGIS UTC converted to Europe/Madrid; local HH:10 assigned to containing local clock hour,PVGIS 5.3 seriescalc
2025-08-01T05:00:00+02:00,1.0,0.0,0.0,0.0,2023,2023-08-01T03:10:00+00:00,2023-08-01T05:10:00+02:00,PVGIS UTC converted to Europe/Madrid; local HH:10 assigned to containing local clock hour,PVGIS 5.3 seriescalc
2025-08-01T06:00:00+02:00,1.0,0.0,0.0,0.0,2023,2023-08-01T04:10:00+00:00,2023-08-01T06:10:00+02:00,PVGIS UTC converted to Europe/Madrid; local HH:10 assigned to containing local clock hour,PVGIS 5.3 seriescalc
2025-08-01T07:00:00+02:00,1.0,0.00394,3.94,3.38,2023,2023-08-01T05:10:00+00:00,2023-08-01T07:10:00+02:00,PVGIS UTC converted to Europe/Madrid; local HH:10 assigned to containing local clock hour,PVGIS 5.3 seriescalc
2025-08-01T08:00:00+02:00,1.0,0.06484000000000001,64.84,14.16,2023,2023-08-01T06:10:00+00:00,2023-08-01T08:10:00+02:00,PVGIS UTC converted to Europe/Madrid; local HH:10 assigned to containing local clock hour,PVGIS 5.3 seriescalc
2025-08-01T09:00:00+02:00,1.0,0.16126,161.26,25.32,2023,2023-08-01T07:10:00+00:00,2023-08-01T09:10:00+02:00,PVGIS UTC converted to Europe/Madrid; local HH:10 assigned to containing local clock hour,PVGIS 5.3 seriescalc
2025-08-01T10:00:00+02:00,1.0,0.38645,386.45,36.54,2023,2023-08-01T08:10:00+00:00,2023-08-01T10:10:00+02:00,PVGIS UTC converted to Europe/Madrid; local HH:10 assigned to containing local clock hour,PVGIS 5.3 seriescalc
2025-08-01T11:00:00+02:00,1.0,0.54311,543.11,47.44,2023,2023-08-01T09:10:00+00:00,2023-08-01T11:10:00+02:00,PVGIS UTC converted to Europe/Madrid; local HH:10 assigned to containing local clock hour,PVGIS 5.3 seriescalc
2025-08-01T12:00:00+02:00,1.0,0.6498200000000001,649.82,57.31,2023,2023-08-01T10:10:00+00:00,2023-08-01T12:10:00+02:00,PVGIS UTC converted to Europe/Madrid; local HH:10 assigned to containing local clock hour,PVGIS 5.3 seriescalc
2025-08-01T13:00:00+02:00,1.0,0.73923,739.23,64.58,2023,2023-08-01T11:10:00+00:00,2023-08-01T13:10:00+02:00,PVGIS UTC converted to Europe/Madrid; local HH:10 assigned to containing local clock hour,PVGIS 5.3 seriescalc
2025-08-01T14:00:00+02:00,1.0,0.77066,770.66,66.51,2023,2023-08-01T12:10:00+00:00,2023-08-01T14:10:00+02:00,PVGIS UTC converted to Europe/Madrid; local HH:10 assigned to containing local clock hour,PVGIS 5.3 seriescalc
2025-08-01T15:00:00+02:00,1.0,0.73527,735.27,61.96,2023,2023-08-01T13:10:00+00:00,2023-08-01T15:10:00+02:00,PVGIS UTC converted to Europe/Madrid; local HH:10 assigned to containing local clock hour,PVGIS 5.3 seriescalc
2025-08-01T16:00:00+02:00,1.0,0.64755,647.55,53.31,2023,2023-08-01T14:10:00+00:00,2023-08-01T16:10:00+02:00,PVGIS UTC converted to Europe/Madrid; local HH:10 assigned to containing local clock hour,PVGIS 5.3 seriescalc
2025-08-01T17:00:00+02:00,1.0,0.51442,514.42,42.88,2023,2023-08-01T15:10:00+00:00,2023-08-01T17:10:00+02:00,PVGIS UTC converted to Europe/Madrid; local HH:10 assigned to containing local clock hour,PVGIS 5.3 seriescalc
2025-08-01T18:00:00+02:00,1.0,0.35118,351.18,31.78,2023,2023-08-01T16:10:00+00:00,2023-08-01T18:10:00+02:00,PVGIS UTC converted to Europe/Madrid; local HH:10 assigned to containing local clock hour,PVGIS 5.3 seriescalc
2025-08-01T19:00:00+02:00,1.0,0.14818,148.18,20.55,2023,2023-08-01T17:10:00+00:00,2023-08-01T19:10:00+02:00,PVGIS UTC converted to Europe/Madrid; local HH:10 assigned to containing local clock hour,PVGIS 5.3 seriescalc
2025-08-01T20:00:00+02:00,1.0,0.029920000000000002,29.92,9.52,2023,2023-08-01T18:10:00+00:00,2023-08-01T20:10:00+02:00,PVGIS UTC converted to Europe/Madrid; local HH:10 assigned to containing local clock hour,PVGIS 5.3 seriescalc
2025-08-01T21:00:00+02:00,1.0,0.0,0.0,0.0,2023,2023-08-01T19:10:00+00:00,2023-08-01T21:10:00+02:00,PVGIS UTC converted to Europe/Madrid; local HH:10 assigned to containing local clock hour,PVGIS 5.3 seriescalc
2025-08-01T22:00:00+02:00,1.0,0.0,0.0,0.0,2023,2023-08-01T20:10:00+00:00,2023-08-01T22:10:00+02:00,PVGIS UTC converted to Europe/Madrid; local HH:10 assigned to containing local clock hour,PVGIS 5.3 seriescalc
2025-08-01T23:00:00+02:00,1.0,0.0,0.0,0.0,2023,2023-08-01T21:10:00+00:00,2023-08-01T23:10:00+02:00,PVGIS UTC converted to Europe/Madrid; local HH:10 assigned to containing local clock hour,PVGIS 5.3 seriescalc
2025-08-02T00:00:00+02:00,1.0,0.0,0.0,0.0,2023,2023-08-01T22:10:00+00:00,2023-08-02T00:10:00+02:00,PVGIS UTC converted to Europe/Madrid; local HH:10 assigned to containing local clock hour,PVGIS 5.3 seriescalc
2025-08-02T01:00:00+02:00,1.0,0.0,0.0,0.0,2023,2023-08-01T23:10:00+00:00,2023-08-02T01:10:00+02:00,PVGIS UTC converted to Europe/Madrid; local HH:10 assigned to containing local clock hour,PVGIS 5.3 seriescalc
2025-08-02T02:00:00+02:00,1.0,0.0,0.0,0.0,2023,2023-08-02T00:10:00+00:00,2023-08-02T02:10:00+02:00,PVGIS UTC converted to Europe/Madrid; local HH:10 assigned to containing local clock hour,PVGIS 5.3 seriescalc
2025-08-02T03:00:00+02:00,1.0,0.0,0.0,0.0,2023,2023-08-02T01:10:00+00:00,2023-08-02T03:10:00+02:00,PVGIS UTC converted to Europe/Madrid; local HH:10 assigned to containing local clock hour,PVGIS 5.3 seriescalc
2025-08-02T04:00:00+02:00,1.0,0.0,0.0,0.0,2023,2023-08-02T02:10:00+00:00,2023-08-02T04:10:00+02:00,PVGIS UTC converted to Europe/Madrid; local HH:10 assigned to containing local clock hour,PVGIS 5.3 seriescalc
2025-08-02T05:00:00+02:00,1.0,0.0,0.0,0.0,2023,2023-08-02T03:10:00+00:00,2023-08-02T05:10:00+02:00,PVGIS UTC converted to Europe/Madrid; local HH:10 assigned to containing local clock hour,PVGIS 5.3 seriescalc
2025-08-02T06:00:00+02:00,1.0,0.0,0.0,0.0,2023,2023-08-02T04:10:00+00:00,2023-08-02T06:10:00+02:00,PVGIS UTC converted to Europe/Madrid; local HH:10 assigned to containing local clock hour,PVGIS 5.3 seriescalc
2025-08-02T07:00:00+02:00,1.0,0.0034500000000000004,3.45,3.22,2023,2023-08-02T05:10:00+00:00,2023-08-02T07:10:00+02:00,PVGIS UTC converted to Europe/Madrid; local HH:10 assigned to containing local clock hour,PVGIS 5.3 seriescalc
2025-08-02T08:00:00+02:00,1.0,0.05682,56.82,14.01,2023,2023-08-02T06:10:00+00:00,2023-08-02T08:10:00+02:00,PVGIS UTC converted to Europe/Madrid; local HH:10 assigned to containing local clock hour,PVGIS 5.3 seriescalc
2025-08-02T09:00:00+02:00,1.0,0.23043,230.43,25.17,2023,2023-08-02T07:10:00+00:00,2023-08-02T09:10:00+02:00,PVGIS UTC converted to Europe/Madrid; local HH:10 assigned to containing local clock hour,PVGIS 5.3 seriescalc
2025-08-02T10:00:00+02:00,1.0,0.39311,393.11,36.4,2023,2023-08-02T08:10:00+00:00,2023-08-02T10:10:00+02:00,PVGIS UTC converted to Europe/Madrid; local HH:10 assigned to containing local clock hour,PVGIS 5.3 seriescalc
2025-08-02T11:00:00+02:00,1.0,0.5498099999999999,549.81,47.28,2023,2023-08-02T09:10:00+00:00,2023-08-02T11:10:00+02:00,PVGIS UTC converted to Europe/Madrid; local HH:10 assigned to containing local clock hour,PVGIS 5.3 seriescalc
2025-08-02T12:00:00+02:00,1.0,0.65176,651.76,57.12,2023,2023-08-02T10:10:00+00:00,2023-08-02T12:10:00+02:00,PVGIS UTC converted to Europe/Madrid; local HH:10 assigned to containing local clock hour,PVGIS 5.3 seriescalc
2025-08-02T13:00:00+02:00,1.0,0.74842,748.42,64.35,2023,2023-08-02T11:10:00+00:00,2023-08-02T13:10:00+02:00,PVGIS UTC converted to Europe/Madrid; local HH:10 assigned to containing local clock hour,PVGIS 5.3 seriescalc
2025-08-02T14:00:00+02:00,1.0,0.78549,785.49,66.26,2023,2023-08-02T12:10:00+00:00,2023-08-02T14:10:00+02:00,PVGIS UTC converted to Europe/Madrid; local HH:10 assigned to containing local clock hour,PVGIS 5.3 seriescalc
2025-08-02T15:00:00+02:00,1.0,0.75294,752.94,61.73,2023,2023-08-02T13:10:00+00:00,2023-08-02T15:10:00+02:00,PVGIS UTC converted to Europe/Madrid; local HH:10 assigned to containing local clock hour,PVGIS 5.3 seriescalc
2025-08-02T16:00:00+02:00,1.0,0.6567799999999999,656.78,53.12,2023,2023-08-02T14:10:00+00:00,2023-08-02T16:10:00+02:00,PVGIS UTC converted to Europe/Madrid; local HH:10 assigned to containing local clock hour,PVGIS 5.3 seriescalc
2025-08-02T17:00:00+02:00,1.0,0.5203,520.3,42.71,2023,2023-08-02T15:10:00+00:00,2023-08-02T17:10:00+02:00,PVGIS UTC converted to Europe/Madrid; local HH:10 assigned to containing local clock hour,PVGIS 5.3 seriescalc
2025-08-02T18:00:00+02:00,1.0,0.34431,344.31,31.62,2023,2023-08-02T16:10:00+00:00,2023-08-02T18:10:00+02:00,PVGIS UTC converted to Europe/Madrid; local HH:10 assigned to containing local clock hour,PVGIS 5.3 seriescalc
2025-08-02T19:00:00+02:00,1.0,0.14833000000000002,148.33,20.38,2023,2023-08-02T17:10:00+00:00,2023-08-02T19:10:00+02:00,PVGIS UTC converted to Europe/Madrid; local HH:10 assigned to containing local clock hour,PVGIS 5.3 seriescalc
2025-08-02T20:00:00+02:00,1.0,0.02526,25.26,9.34,2023,2023-08-02T18:10:00+00:00,2023-08-02T20:10:00+02:00,PVGIS UTC converted to Europe/Madrid; local HH:10 assigned to containing local clock hour,PVGIS 5.3 seriescalc
2025-08-02T21:00:00+02:00,1.0,0.0,0.0,0.0,2023,2023-08-02T19:10:00+00:00,2023-08-02T21:10:00+02:00,PVGIS UTC converted to Europe/Madrid; local HH:10 assigned to containing local clock hour,PVGIS 5.3 seriescalc
2025-08-02T22:00:00+02:00,1.0,0.0,0.0,0.0,2023,2023-08-02T20:10:00+00:00,2023-08-02T22:10:00+02:00,PVGIS UTC converted to Europe/Madrid; local HH:10 assigned to containing local clock hour,PVGIS 5.3 seriescalc
2025-08-02T23:00:00+02:00,1.0,0.0,0.0,0.0,2023,2023-08-02T21:10:00+00:00,2023-08-02T23:10:00+02:00,PVGIS UTC converted to Europe/Madrid; local HH:10 assigned to containing local clock hour,PVGIS 5.3 seriescalc
2025-08-03T00:00:00+02:00,1.0,0.0,0.0,0.0,2023,2023-08-02T22:10:00+00:00,2023-08-03T00:10:00+02:00,PVGIS UTC converted to Europe/Madrid; local HH:10 assigned to containing local clock hour,PVGIS 5.3 seriescalc
2025-08-03T01:00:00+02:00,1.0,0.0,0.0,0.0,2023,2023-08-02T23:10:00+00:00,2023-08-03T01:10:00+02:00,PVGIS UTC converted to Europe/Madrid; local HH:10 assigned to containing local clock hour,PVGIS 5.3 seriescalc
2025-08-03T02:00:00+02:00,1.0,0.0,0.0,0.0,2023,2023-08-03T00:10:00+00:00,2023-08-03T02:10:00+02:00,PVGIS UTC converted to Europe/Madrid; local HH:10 assigned to containing local clock hour,PVGIS 5.3 seriescalc
2025-08-03T03:00:00+02:00,1.0,0.0,0.0,0.0,2023,2023-08-03T01:10:00+00:00,2023-08-03T03:10:00+02:00,PVGIS UTC converted to Europe/Madrid; local HH:10 assigned to containing local clock hour,PVGIS 5.3 seriescalc
2025-08-03T04:00:00+02:00,1.0,0.0,0.0,0.0,2023,2023-08-03T02:10:00+00:00,2023-08-03T04:10:00+02:00,PVGIS UTC converted to Europe/Madrid; local HH:10 assigned to containing local clock hour,PVGIS 5.3 seriescalc
2025-08-03T05:00:00+02:00,1.0,0.0,0.0,0.0,2023,2023-08-03T03:10:00+00:00,2023-08-03T05:10:00+02:00,PVGIS UTC converted to Europe/Madrid; local HH:10 assigned to containing local clock hour,PVGIS 5.3 seriescalc
2025-08-03T06:00:00+02:00,1.0,0.0,0.0,0.0,2023,2023-08-03T04:10:00+00:00,2023-08-03T06:10:00+02:00,PVGIS UTC converted to Europe/Madrid; local HH:10 assigned to containing local clock hour,PVGIS 5.3 seriescalc
2025-08-03T07:00:00+02:00,1.0,0.0016799999999999999,1.68,3.06,2023,2023-08-03T05:10:00+00:00,2023-08-03T07:10:00+02:00,PVGIS UTC converted to Europe/Madrid; local HH:10 assigned to containing local clock hour,PVGIS 5.3 seriescalc
2025-08-03T08:00:00+02:00,1.0,0.04519,45.19,13.86,2023,2023-08-03T06:10:00+00:00,2023-08-03T08:10:00+02:00,PVGIS UTC converted to Europe/Madrid; local HH:10 assigned to containing local clock hour,PVGIS 5.3 seriescalc
2025-08-03T09:00:00+02:00,1.0,0.08733,87.33,25.03,2023,2023-08-03T07:10:00+00:00,2023-08-03T09:10:00+02:00,PVGIS UTC converted to Europe/Madrid; local HH:10 assigned to containing local clock hour,PVGIS 5.3 seriescalc
2025-08-03T10:00:00+02:00,1.0,0.07834,78.34,36.25,2023,2023-08-03T08:10:00+00:00,2023-08-03T10:10:00+02:00,PVGIS UTC converted to Europe/Madrid; local HH:10 assigned to containing local clock hour,PVGIS 5.3 seriescalc
2025-08-03T11:00:00+02:00,1.0,0.07372,73.72,47.12,2023,2023-08-03T09:10:00+00:00,2023-08-03T11:10:00+02:00,PVGIS UTC converted to Europe/Madrid; local HH:10 assigned to containing local clock hour,PVGIS 5.3 seriescalc
2025-08-03T12:00:00+02:00,1.0,0.07948999999999999,79.49,56.93,2023,2023-08-03T10:10:00+00:00,2023-08-03T12:10:00+02:00,PVGIS UTC converted to Europe/Madrid; local HH:10 assigned to containing local clock hour,PVGIS 5.3 seriescalc
2025-08-03T13:00:00+02:00,1.0,0.095,95.0,64.11,2023,2023-08-03T11:10:00+00:00,2023-08-03T13:10:00+02:00,PVGIS UTC converted to Europe/Madrid; local HH:10 assigned to containing local clock hour,PVGIS 5.3 seriescalc
2025-08-03T14:00:00+02:00,1.0,0.10598,105.98,66.0,2023,2023-08-03T12:10:00+00:00,2023-08-03T14:10:00+02:00,PVGIS UTC converted to Europe/Madrid; local HH:10 assigned to containing local clock hour,PVGIS 5.3 seriescalc
2025-08-03T15:00:00+02:00,1.0,0.54929,549.29,61.5,2023,2023-08-03T13:10:00+00:00,2023-08-03T15:10:00+02:00,PVGIS UTC converted to Europe/Madrid; local HH:10 assigned to containing local clock hour,PVGIS 5.3 seriescalc
2025-08-03T16:00:00+02:00,1.0,0.6663300000000001,666.33,52.92,2023,2023-08-03T14:10:00+00:00,2023-08-03T16:10:00+02:00,PVGIS UTC converted to Europe/Madrid; local HH:10 assigned to containing local clock hour,PVGIS 5.3 seriescalc
2025-08-03T17:00:00+02:00,1.0,0.52506,525.06,42.53,2023,2023-08-03T15:10:00+00:00,2023-08-03T17:10:00+02:00,PVGIS UTC converted to Europe/Madrid; local HH:10 assigned to containing local clock hour,PVGIS 5.3 seriescalc
2025-08-03T18:00:00+02:00,1.0,0.34873000000000004,348.73,31.44,2023,2023-08-03T16:10:00+00:00,2023-08-03T18:10:00+02:00,PVGIS UTC converted to Europe/Madrid; local HH:10 assigned to containing local clock hour,PVGIS 5.3 seriescalc
2025-08-03T19:00:00+02:00,1.0,0.15002000000000001,150.02,20.21,2023,2023-08-03T17:10:00+00:00,2023-08-03T19:10:00+02:00,PVGIS UTC converted to Europe/Madrid; local HH:10 assigned to containing local clock hour,PVGIS 5.3 seriescalc
2025-08-03T20:00:00+02:00,1.0,0.023059999999999997,23.06,9.16,2023,2023-08-03T18:10:00+00:00,2023-08-03T20:10:00+02:00,PVGIS UTC converted to Europe/Madrid; local HH:10 assigned to containing local clock hour,PVGIS 5.3 seriescalc
2025-08-03T21:00:00+02:00,1.0,0.0,0.0,0.0,2023,2023-08-03T19:10:00+00:00,2023-08-03T21:10:00+02:00,PVGIS UTC converted to Europe/Madrid; local HH:10 assigned to containing local clock hour,PVGIS 5.3 seriescalc
2025-08-03T22:00:00+02:00,1.0,0.0,0.0,0.0,2023,2023-08-03T20:10:00+00:00,2023-08-03T22:10:00+02:00,PVGIS UTC converted to Europe/Madrid; local HH:10 assigned to containing local clock hour,PVGIS 5.3 seriescalc
2025-08-03T23:00:00+02:00,1.0,0.0,0.0,0.0,2023,2023-08-03T21:10:00+00:00,2023-08-03T23:10:00+02:00,PVGIS UTC converted to Europe/Madrid; local HH:10 assigned to containing local clock hour,PVGIS 5.3 seriescalc
2025-08-04T00:00:00+02:00,1.0,0.0,0.0,0.0,2023,2023-08-03T22:10:00+00:00,2023-08-04T00:10:00+02:00,PVGIS UTC converted to Europe/Madrid; local HH:10 assigned to containing local clock hour,PVGIS 5.3 seriescalc
2025-08-04T01:00:00+02:00,1.0,0.0,0.0,0.0,2023,2023-08-03T23:10:00+00:00,2023-08-04T01:10:00+02:00,PVGIS UTC converted to Europe/Madrid; local HH:10 assigned to containing local clock hour,PVGIS 5.3 seriescalc
2025-08-04T02:00:00+02:00,1.0,0.0,0.0,0.0,2023,2023-08-04T00:10:00+00:00,2023-08-04T02:10:00+02:00,PVGIS UTC converted to Europe/Madrid; local HH:10 assigned to containing local clock hour,PVGIS 5.3 seriescalc
2025-08-04T03:00:00+02:00,1.0,0.0,0.0,0.0,2023,2023-08-04T01:10:00+00:00,2023-08-04T03:10:00+02:00,PVGIS UTC converted to Europe/Madrid; local HH:10 assigned to containing local clock hour,PVGIS 5.3 seriescalc
2025-08-04T04:00:00+02:00,1.0,0.0,0.0,0.0,2023,2023-08-04T02:10:00+00:00,2023-08-04T04:10:00+02:00,PVGIS UTC converted to Europe/Madrid; local HH:10 assigned to containing local clock hour,PVGIS 5.3 seriescalc
2025-08-04T05:00:00+02:00,1.0,0.0,0.0,0.0,2023,2023-08-04T03:10:00+00:00,2023-08-04T05:10:00+02:00,PVGIS UTC converted to Europe/Madrid; local HH:10 assigned to containing local clock hour,PVGIS 5.3 seriescalc
2025-08-04T06:00:00+02:00,1.0,0.0,0.0,0.0,2023,2023-08-04T04:10:00+00:00,2023-08-04T06:10:00+02:00,PVGIS UTC converted to Europe/Madrid; local HH:10 assigned to containing local clock hour,PVGIS 5.3 seriescalc
2025-08-04T07:00:00+02:00,1.0,0.00307,3.07,2.89,2023,2023-08-04T05:10:00+00:00,2023-08-04T07:10:00+02:00,PVGIS UTC converted to Europe/Madrid; local HH:10 assigned to containing local clock hour,PVGIS 5.3 seriescalc
2025-08-04T08:00:00+02:00,1.0,0.05568,55.68,13.71,2023,2023-08-04T06:10:00+00:00,2023-08-04T08:10:00+02:00,PVGIS UTC converted to Europe/Madrid; local HH:10 assigned to containing local clock hour,PVGIS 5.3 seriescalc
2025-08-04T09:00:00+02:00,1.0,0.24258000000000002,242.58,24.88,2023,2023-08-04T07:10:00+00:00,2023-08-04T09:10:00+02:00,PVGIS UTC converted to Europe/Madrid; local HH:10 assigned to containing local clock hour,PVGIS 5.3 seriescalc
2025-08-04T10:00:00+02:00,1.0,0.43341,433.41,36.1,2023,2023-08-04T08:10:00+00:00,2023-08-04T10:10:00+02:00,PVGIS UTC converted to Europe/Madrid; local HH:10 assigned to containing local clock hour,PVGIS 5.3 seriescalc
2025-08-04T11:00:00+02:00,1.0,0.59027,590.27,46.96,2023,2023-08-04T09:10:00+00:00,2023-08-04T11:10:00+02:00,PVGIS UTC converted to Europe/Madrid; local HH:10 assigned to containing local clock hour,PVGIS 5.3 seriescalc
2025-08-04T12:00:00+02:00,1.0,0.70392,703.92,56.73,2023,2023-08-04T10:10:00+00:00,2023-08-04T12:10:00+02:00,PVGIS UTC converted to Europe/Madrid; local HH:10 assigned to containing local clock hour,PVGIS 5.3 seriescalc
2025-08-04T13:00:00+02:00,1.0,0.7868999999999999,786.9,63.87,2023,2023-08-04T11:10:00+00:00,2023-08-04T13:10:00+02:00,PVGIS UTC converted to Europe/Madrid; local HH:10 assigned to containing local clock hour,PVGIS 5.3 seriescalc
2025-08-04T14:00:00+02:00,1.0,0.81975,819.75,65.74,2023,2023-08-04T12:10:00+00:00,2023-08-04T14:10:00+02:00,PVGIS UTC converted to Europe/Madrid; local HH:10 assigned to containing local clock hour,PVGIS 5.3 seriescalc
2025-08-04T15:00:00+02:00,1.0,0.7780199999999999,778.02,61.26,2023,2023-08-04T13:10:00+00:00,2023-08-04T15:10:00+02:00,PVGIS UTC converted to Europe/Madrid; local HH:10 assigned to containing local clock hour,PVGIS 5.3 seriescalc
2025-08-04T16:00:00+02:00,1.0,0.6798,679.8,52.71,2023,2023-08-04T14:10:00+00:00,2023-08-04T16:10:00+02:00,PVGIS UTC converted to Europe/Madrid; local HH:10 assigned to containing local clock hour,PVGIS 5.3 seriescalc
2025-08-04T17:00:00+02:00,1.0,0.54712,547.12,42.34,2023,2023-08-04T15:10:00+00:00,2023-08-04T17:10:00+02:00,PVGIS UTC converted to Europe/Madrid; local HH:10 assigned to containing local clock hour,PVGIS 5.3 seriescalc
2025-08-04T18:00:00+02:00,1.0,0.36075,360.75,31.27,2023,2023-08-04T16:10:00+00:00,2023-08-04T18:10:00+02:00,PVGIS UTC converted to Europe/Madrid; local HH:10 assigned to containing local clock hour,PVGIS 5.3 seriescalc
2025-08-04T19:00:00+02:00,1.0,0.15431999999999998,154.32,20.03,2023,2023-08-04T17:10:00+00:00,2023-08-04T19:10:00+02:00,PVGIS UTC converted to Europe/Madrid; local HH:10 assigned to containing local clock hour,PVGIS 5.3 seriescalc
2025-08-04T20:00:00+02:00,1.0,0.02112,21.12,8.97,2023,2023-08-04T18:10:00+00:00,2023-08-04T20:10:00+02:00,PVGIS UTC converted to Europe/Madrid; local HH:10 assigned to containing local clock hour,PVGIS 5.3 seriescalc
2025-08-04T21:00:00+02:00,1.0,0.0,0.0,0.0,2023,2023-08-04T19:10:00+00:00,2023-08-04T21:10:00+02:00,PVGIS UTC converted to Europe/Madrid; local HH:10 assigned to containing local clock hour,PVGIS 5.3 seriescalc
2025-08-04T22:00:00+02:00,1.0,0.0,0.0,0.0,2023,2023-08-04T20:10:00+00:00,2023-08-04T22:10:00+02:00,PVGIS UTC converted to Europe/Madrid; local HH:10 assigned to containing local clock hour,PVGIS 5.3 seriescalc
2025-08-04T23:00:00+02:00,1.0,0.0,0.0,0.0,2023,2023-08-04T21:10:00+00:00,2023-08-04T23:10:00+02:00,PVGIS UTC converted to Europe/Madrid; local HH:10 assigned to containing local clock hour,PVGIS 5.3 seriescalc
2025-08-05T00:00:00+02:00,1.0,0.0,0.0,0.0,2023,2023-08-04T22:10:00+00:00,2023-08-05T00:10:00+02:00,PVGIS UTC converted to Europe/Madrid; local HH:10 assigned to containing local clock hour,PVGIS 5.3 seriescalc
2025-08-05T01:00:00+02:00,1.0,0.0,0.0,0.0,2023,2023-08-04T23:10:00+00:00,2023-08-05T01:10:00+02:00,PVGIS UTC converted to Europe/Madrid; local HH:10 assigned to containing local clock hour,PVGIS 5.3 seriescalc
2025-08-05T02:00:00+02:00,1.0,0.0,0.0,0.0,2023,2023-08-05T00:10:00+00:00,2023-08-05T02:10:00+02:00,PVGIS UTC converted to Europe/Madrid; local HH:10 assigned to containing local clock hour,PVGIS 5.3 seriescalc
2025-08-05T03:00:00+02:00,1.0,0.0,0.0,0.0,2023,2023-08-05T01:10:00+00:00,2023-08-05T03:10:00+02:00,PVGIS UTC converted to Europe/Madrid; local HH:10 assigned to containing local clock hour,PVGIS 5.3 seriescalc
2025-08-05T04:00:00+02:00,1.0,0.0,0.0,0.0,2023,2023-08-05T02:10:00+00:00,2023-08-05T04:10:00+02:00,PVGIS UTC converted to Europe/Madrid; local HH:10 assigned to containing local clock hour,PVGIS 5.3 seriescalc
2025-08-05T05:00:00+02:00,1.0,0.0,0.0,0.0,2023,2023-08-05T03:10:00+00:00,2023-08-05T05:10:00+02:00,PVGIS UTC converted to Europe/Madrid; local HH:10 assigned to containing local clock hour,PVGIS 5.3 seriescalc
2025-08-05T06:00:00+02:00,1.0,0.0,0.0,0.0,2023,2023-08-05T04:10:00+00:00,2023-08-05T06:10:00+02:00,PVGIS UTC converted to Europe/Madrid; local HH:10 assigned to containing local clock hour,PVGIS 5.3 seriescalc
2025-08-05T07:00:00+02:00,1.0,0.0017,1.7,2.73,2023,2023-08-05T05:10:00+00:00,2023-08-05T07:10:00+02:00,PVGIS UTC converted to Europe/Madrid; local HH:10 assigned to containing local clock hour,PVGIS 5.3 seriescalc
2025-08-05T08:00:00+02:00,1.0,0.05529,55.29,13.56,2023,2023-08-05T06:10:00+00:00,2023-08-05T08:10:00+02:00,PVGIS UTC converted to Europe/Madrid; local HH:10 assigned to containing local clock hour,PVGIS 5.3 seriescalc
2025-08-05T09:00:00+02:00,1.0,0.22916999999999998,229.17,24.73,2023,2023-08-05T07:10:00+00:00,2023-08-05T09:10:00+02:00,PVGIS UTC converted to Europe/Madrid; local HH:10 assigned to containing local clock hour,PVGIS 5.3 seriescalc
2025-08-05T10:00:00+02:00,1.0,0.40573000000000004,405.73,35.95,2023,2023-08-05T08:10:00+00:00,2023-08-05T10:10:00+02:00,PVGIS UTC converted to Europe/Madrid; local HH:10 assigned to containing local clock hour,PVGIS 5.3 seriescalc
2025-08-05T11:00:00+02:00,1.0,0.5717300000000001,571.73,46.79,2023,2023-08-05T09:10:00+00:00,2023-08-05T11:10:00+02:00,PVGIS UTC converted to Europe/Madrid; local HH:10 assigned to containing local clock hour,PVGIS 5.3 seriescalc
2025-08-05T12:00:00+02:00,1.0,0.67272,672.72,56.54,2023,2023-08-05T10:10:00+00:00,2023-08-05T12:10:00+02:00,PVGIS UTC converted to Europe/Madrid; local HH:10 assigned to containing local clock hour,PVGIS 5.3 seriescalc
2025-08-05T13:00:00+02:00,1.0,0.7690499999999999,769.05,63.63,2023,2023-08-05T11:10:00+00:00,2023-08-05T13:10:00+02:00,PVGIS UTC converted to Europe/Madrid; local HH:10 assigned to containing local clock hour,PVGIS 5.3 seriescalc
2025-08-05T14:00:00+02:00,1.0,0.8039700000000001,803.97,65.47,2023,2023-08-05T12:10:00+00:00,2023-08-05T14:10:00+02:00,PVGIS UTC converted to Europe/Madrid; local HH:10 assigned to containing local clock hour,PVGIS 5.3 seriescalc
2025-08-05T15:00:00+02:00,1.0,0.76555,765.55,61.02,2023,2023-08-05T13:10:00+00:00,2023-08-05T15:10:00+02:00,PVGIS UTC converted to Europe/Madrid; local HH:10 assigned to containing local clock hour,PVGIS 5.3 seriescalc
2025-08-05T16:00:00+02:00,1.0,0.67365,673.65,52.5,2023,2023-08-05T14:10:00+00:00,2023-08-05T16:10:00+02:00,PVGIS UTC converted to Europe/Madrid; local HH:10 assigned to containing local clock hour,PVGIS 5.3 seriescalc
2025-08-05T17:00:00+02:00,1.0,0.53892,538.92,42.15,2023,2023-08-05T15:10:00+00:00,2023-08-05T17:10:00+02:00,PVGIS UTC converted to Europe/Madrid; local HH:10 assigned to containing local clock hour,PVGIS 5.3 seriescalc
2025-08-05T18:00:00+02:00,1.0,0.35619,356.19,31.08,2023,2023-08-05T16:10:00+00:00,2023-08-05T18:10:00+02:00,PVGIS UTC converted to Europe/Madrid; local HH:10 assigned to containing local clock hour,PVGIS 5.3 seriescalc
2025-08-05T19:00:00+02:00,1.0,0.1514,151.4,19.84,2023,2023-08-05T17:10:00+00:00,2023-08-05T19:10:00+02:00,PVGIS UTC converted to Europe/Madrid; local HH:10 assigned to containing local clock hour,PVGIS 5.3 seriescalc
2025-08-05T20:00:00+02:00,1.0,0.0205,20.5,8.78,2023,2023-08-05T18:10:00+00:00,2023-08-05T20:10:00+02:00,PVGIS UTC converted to Europe/Madrid; local HH:10 assigned to containing local clock hour,PVGIS 5.3 seriescalc
2025-08-05T21:00:00+02:00,1.0,0.0,0.0,0.0,2023,2023-08-05T19:10:00+00:00,2023-08-05T21:10:00+02:00,PVGIS UTC converted to Europe/Madrid; local HH:10 assigned to containing local clock hour,PVGIS 5.3 seriescalc
2025-08-05T22:00:00+02:00,1.0,0.0,0.0,0.0,2023,2023-08-05T20:10:00+00:00,2023-08-05T22:10:00+02:00,PVGIS UTC converted to Europe/Madrid; local HH:10 assigned to containing local clock hour,PVGIS 5.3 seriescalc
2025-08-05T23:00:00+02:00,1.0,0.0,0.0,0.0,2023,2023-08-05T21:10:00+00:00,2023-08-05T23:10:00+02:00,PVGIS UTC converted to Europe/Madrid; local HH:10 assigned to containing local clock hour,PVGIS 5.3 seriescalc
2025-08-06T00:00:00+02:00,1.0,0.0,0.0,0.0,2023,2023-08-05T22:10:00+00:00,2023-08-06T00:10:00+02:00,PVGIS UTC converted to Europe/Madrid; local HH:10 assigned to containing local clock hour,PVGIS 5.3 seriescalc
2025-08-06T01:00:00+02:00,1.0,0.0,0.0,0.0,2023,2023-08-05T23:10:00+00:00,2023-08-06T01:10:00+02:00,PVGIS UTC converted to Europe/Madrid; local HH:10 assigned to containing local clock hour,PVGIS 5.3 seriescalc
2025-08-06T02:00:00+02:00,1.0,0.0,0.0,0.0,2023,2023-08-06T00:10:00+00:00,2023-08-06T02:10:00+02:00,PVGIS UTC converted to Europe/Madrid; local HH:10 assigned to containing local clock hour,PVGIS 5.3 seriescalc
2025-08-06T03:00:00+02:00,1.0,0.0,0.0,0.0,2023,2023-08-06T01:10:00+00:00,2023-08-06T03:10:00+02:00,PVGIS UTC converted to Europe/Madrid; local HH:10 assigned to containing local clock hour,PVGIS 5.3 seriescalc
2025-08-06T04:00:00+02:00,1.0,0.0,0.0,0.0,2023,2023-08-06T02:10:00+00:00,2023-08-06T04:10:00+02:00,PVGIS UTC converted to Europe/Madrid; local HH:10 assigned to containing local clock hour,PVGIS 5.3 seriescalc
2025-08-06T05:00:00+02:00,1.0,0.0,0.0,0.0,2023,2023-08-06T03:10:00+00:00,2023-08-06T05:10:00+02:00,PVGIS UTC converted to Europe/Madrid; local HH:10 assigned to containing local clock hour,PVGIS 5.3 seriescalc
2025-08-06T06:00:00+02:00,1.0,0.0,0.0,0.0,2023,2023-08-06T04:10:00+00:00,2023-08-06T06:10:00+02:00,PVGIS UTC converted to Europe/Madrid; local HH:10 assigned to containing local clock hour,PVGIS 5.3 seriescalc
2025-08-06T07:00:00+02:00,1.0,0.0,0.0,2.56,2023,2023-08-06T05:10:00+00:00,2023-08-06T07:10:00+02:00,PVGIS UTC converted to Europe/Madrid; local HH:10 assigned to containing local clock hour,PVGIS 5.3 seriescalc
2025-08-06T08:00:00+02:00,1.0,0.00764,7.64,13.4,2023,2023-08-06T06:10:00+00:00,2023-08-06T08:10:00+02:00,PVGIS UTC converted to Europe/Madrid; local HH:10 assigned to containing local clock hour,PVGIS 5.3 seriescalc
2025-08-06T09:00:00+02:00,1.0,0.04445,44.45,24.58,2023,2023-08-06T07:10:00+00:00,2023-08-06T09:10:00+02:00,PVGIS UTC converted to Europe/Madrid; local HH:10 assigned to containing local clock hour,PVGIS 5.3 seriescalc
2025-08-06T10:00:00+02:00,1.0,0.1415,141.5,35.79,2023,2023-08-06T08:10:00+00:00,2023-08-06T10:10:00+02:00,PVGIS UTC converted to Europe/Madrid; local HH:10 assigned to containing local clock hour,PVGIS 5.3 seriescalc
2025-08-06T11:00:00+02:00,1.0,0.08803,88.03,46.62,2023,2023-08-06T09:10:00+00:00,2023-08-06T11:10:00+02:00,PVGIS UTC converted to Europe/Madrid; local HH:10 assigned to containing local clock hour,PVGIS 5.3 seriescalc
2025-08-06T12:00:00+02:00,1.0,0.15222999999999998,152.23,56.34,2023,2023-08-06T10:10:00+00:00,2023-08-06T12:10:00+02:00,PVGIS UTC converted to Europe/Madrid; local HH:10 assigned to containing local clock hour,PVGIS 5.3 seriescalc
2025-08-06T13:00:00+02:00,1.0,0.13955,139.55,63.38,2023,2023-08-06T11:10:00+00:00,2023-08-06T13:10:00+02:00,PVGIS UTC converted to Europe/Madrid; local HH:10 assigned to containing local clock hour,PVGIS 5.3 seriescalc
2025-08-06T14:00:00+02:00,1.0,0.73687,736.87,65.2,2023,2023-08-06T12:10:00+00:00,2023-08-06T14:10:00+02:00,PVGIS UTC converted to Europe/Madrid; local HH:10 assigned to containing local clock hour,PVGIS 5.3 seriescalc
2025-08-06T15:00:00+02:00,1.0,0.64146,641.46,60.77,2023,2023-08-06T13:10:00+00:00,2023-08-06T15:10:00+02:00,PVGIS UTC converted to Europe/Madrid; local HH:10 assigned to containing local clock hour,PVGIS 5.3 seriescalc
2025-08-06T16:00:00+02:00,1.0,0.35819999999999996,358.2,52.29,2023,2023-08-06T14:10:00+00:00,2023-08-06T16:10:00+02:00,PVGIS UTC converted to Europe/Madrid; local HH:10 assigned to containing local clock hour,PVGIS 5.3 seriescalc
2025-08-06T17:00:00+02:00,1.0,0.0835,83.5,41.96,2023,2023-08-06T15:10:00+00:00,2023-08-06T17:10:00+02:00,PVGIS UTC converted to Europe/Madrid; local HH:10 assigned to containing local clock hour,PVGIS 5.3 seriescalc
2025-08-06T18:00:00+02:00,1.0,0.12735,127.35,30.89,2023,2023-08-06T16:10:00+00:00,2023-08-06T18:10:00+02:00,PVGIS UTC converted to Europe/Madrid; local HH:10 assigned to containing local clock hour,PVGIS 5.3 seriescalc
2025-08-06T19:00:00+02:00,1.0,0.08593,85.93,19.65,2023,2023-08-06T17:10:00+00:00,2023-08-06T19:10:00+02:00,PVGIS UTC converted to Europe/Madrid; local HH:10 assigned to containing local clock hour,PVGIS 5.3 seriescalc
2025-08-06T20:00:00+02:00,1.0,0.02775,27.75,8.59,2023,2023-08-06T18:10:00+00:00,2023-08-06T20:10:00+02:00,PVGIS UTC converted to Europe/Madrid; local HH:10 assigned to containing local clock hour,PVGIS 5.3 seriescalc
2025-08-06T21:00:00+02:00,1.0,0.0,0.0,0.0,2023,2023-08-06T19:10:00+00:00,2023-08-06T21:10:00+02:00,PVGIS UTC converted to Europe/Madrid; local HH:10 assigned to containing local clock hour,PVGIS 5.3 seriescalc
2025-08-06T22:00:00+02:00,1.0,0.0,0.0,0.0,2023,2023-08-06T20:10:00+00:00,2023-08-06T22:10:00+02:00,PVGIS UTC converted to Europe/Madrid; local HH:10 assigned to containing local clock hour,PVGIS 5.3 seriescalc
2025-08-06T23:00:00+02:00,1.0,0.0,0.0,0.0,2023,2023-08-06T21:10:00+00:00,2023-08-06T23:10:00+02:00,PVGIS UTC converted to Europe/Madrid; local HH:10 assigned to containing local clock hour,PVGIS 5.3 seriescalc
2025-08-07T00:00:00+02:00,1.0,0.0,0.0,0.0,2023,2023-08-06T22:10:00+00:00,2023-08-07T00:10:00+02:00,PVGIS UTC converted to Europe/Madrid; local HH:10 assigned to containing local clock hour,PVGIS 5.3 seriescalc
2025-08-07T01:00:00+02:00,1.0,0.0,0.0,0.0,2023,2023-08-06T23:10:00+00:00,2023-08-07T01:10:00+02:00,PVGIS UTC converted to Europe/Madrid; local HH:10 assigned to containing local clock hour,PVGIS 5.3 seriescalc
2025-08-07T02:00:00+02:00,1.0,0.0,0.0,0.0,2023,2023-08-07T00:10:00+00:00,2023-08-07T02:10:00+02:00,PVGIS UTC converted to Europe/Madrid; local HH:10 assigned to containing local clock hour,PVGIS 5.3 seriescalc
2025-08-07T03:00:00+02:00,1.0,0.0,0.0,0.0,2023,2023-08-07T01:10:00+00:00,2023-08-07T03:10:00+02:00,PVGIS UTC converted to Europe/Madrid; local HH:10 assigned to containing local clock hour,PVGIS 5.3 seriescalc
2025-08-07T04:00:00+02:00,1.0,0.0,0.0,0.0,2023,2023-08-07T02:10:00+00:00,2023-08-07T04:10:00+02:00,PVGIS UTC converted to Europe/Madrid; local HH:10 assigned to containing local clock hour,PVGIS 5.3 seriescalc
2025-08-07T05:00:00+02:00,1.0,0.0,0.0,0.0,2023,2023-08-07T03:10:00+00:00,2023-08-07T05:10:00+02:00,PVGIS UTC converted to Europe/Madrid; local HH:10 assigned to containing local clock hour,PVGIS 5.3 seriescalc
2025-08-07T06:00:00+02:00,1.0,0.0,0.0,0.0,2023,2023-08-07T04:10:00+00:00,2023-08-07T06:10:00+02:00,PVGIS UTC converted to Europe/Madrid; local HH:10 assigned to containing local clock hour,PVGIS 5.3 seriescalc
2025-08-07T07:00:00+02:00,1.0,0.0012900000000000001,1.29,2.4,2023,2023-08-07T05:10:00+00:00,2023-08-07T07:10:00+02:00,PVGIS UTC converted to Europe/Madrid; local HH:10 assigned to containing local clock hour,PVGIS 5.3 seriescalc
2025-08-07T08:00:00+02:00,1.0,0.056850000000000005,56.85,13.25,2023,2023-08-07T06:10:00+00:00,2023-08-07T08:10:00+02:00,PVGIS UTC converted to Europe/Madrid; local HH:10 assigned to containing local clock hour,PVGIS 5.3 seriescalc
2025-08-07T09:00:00+02:00,1.0,0.21813999999999997,218.14,24.43,2023,2023-08-07T07:10:00+00:00,2023-08-07T09:10:00+02:00,PVGIS UTC converted to Europe/Madrid; local HH:10 assigned to containing local clock hour,PVGIS 5.3 seriescalc
2025-08-07T10:00:00+02:00,1.0,0.39916,399.16,35.64,2023,2023-08-07T08:10:00+00:00,2023-08-07T10:10:00+02:00,PVGIS UTC converted to Europe/Madrid; local HH:10 assigned to containing local clock hour,PVGIS 5.3 seriescalc
2025-08-07T11:00:00+02:00,1.0,0.51132,511.32,46.45,2023,2023-08-07T09:10:00+00:00,2023-08-07T11:10:00+02:00,PVGIS UTC converted to Europe/Madrid; local HH:10 assigned to containing local clock hour,PVGIS 5.3 seriescalc
2025-08-07T12:00:00+02:00,1.0,0.65977,659.77,56.13,2023,2023-08-07T10:10:00+00:00,2023-08-07T12:10:00+02:00,PVGIS UTC converted to Europe/Madrid; local HH:10 assigned to containing local clock hour,PVGIS 5.3 seriescalc
2025-08-07T13:00:00+02:00,1.0,0.7584099999999999,758.41,63.13,2023,2023-08-07T11:10:00+00:00,2023-08-07T13:10:00+02:00,PVGIS UTC converted to Europe/Madrid; local HH:10 assigned to containing local clock hour,PVGIS 5.3 seriescalc
2025-08-07T14:00:00+02:00,1.0,0.76127,761.27,64.92,2023,2023-08-07T12:10:00+00:00,2023-08-07T14:10:00+02:00,PVGIS UTC converted to Europe/Madrid; local HH:10 assigned to containing local clock hour,PVGIS 5.3 seriescalc
2025-08-07T15:00:00+02:00,1.0,0.73885,738.85,60.52,2023,2023-08-07T13:10:00+00:00,2023-08-07T15:10:00+02:00,PVGIS UTC converted to Europe/Madrid; local HH:10 assigned to containing local clock hour,PVGIS 5.3 seriescalc
2025-08-07T16:00:00+02:00,1.0,0.64202,642.02,52.06,2023,2023-08-07T14:10:00+00:00,2023-08-07T16:10:00+02:00,PVGIS UTC converted to Europe/Madrid; local HH:10 assigned to containing local clock hour,PVGIS 5.3 seriescalc
2025-08-07T17:00:00+02:00,1.0,0.5211399999999999,521.14,41.75,2023,2023-08-07T15:10:00+00:00,2023-08-07T17:10:00+02:00,PVGIS UTC converted to Europe/Madrid; local HH:10 assigned to containing local clock hour,PVGIS 5.3 seriescalc
2025-08-07T18:00:00+02:00,1.0,0.33369,333.69,30.7,2023,2023-08-07T16:10:00+00:00,2023-08-07T18:10:00+02:00,PVGIS UTC converted to Europe/Madrid; local HH:10 assigned to containing local clock hour,PVGIS 5.3 seriescalc
2025-08-07T19:00:00+02:00,1.0,0.14445,144.45,19.46,2023,2023-08-07T17:10:00+00:00,2023-08-07T19:10:00+02:00,PVGIS UTC converted to Europe/Madrid; local HH:10 assigned to containing local clock hour,PVGIS 5.3 seriescalc
2025-08-07T20:00:00+02:00,1.0,0.02723,27.23,8.39,2023,2023-08-07T18:10:00+00:00,2023-08-07T20:10:00+02:00,PVGIS UTC converted to Europe/Madrid; local HH:10 assigned to containing local clock hour,PVGIS 5.3 seriescalc
2025-08-07T21:00:00+02:00,1.0,0.0,0.0,0.0,2023,2023-08-07T19:10:00+00:00,2023-08-07T21:10:00+02:00,PVGIS UTC converted to Europe/Madrid; local HH:10 assigned to containing local clock hour,PVGIS 5.3 seriescalc
2025-08-07T22:00:00+02:00,1.0,0.0,0.0,0.0,2023,2023-08-07T20:10:00+00:00,2023-08-07T22:10:00+02:00,PVGIS UTC converted to Europe/Madrid; local HH:10 assigned to containing local clock hour,PVGIS 5.3 seriescalc
2025-08-07T23:00:00+02:00,1.0,0.0,0.0,0.0,2023,2023-08-07T21:10:00+00:00,2023-08-07T23:10:00+02:00,PVGIS UTC converted to Europe/Madrid; local HH:10 assigned to containing local clock hour,PVGIS 5.3 seriescalc
2025-08-08T00:00:00+02:00,1.0,0.0,0.0,0.0,2023,2023-08-07T22:10:00+00:00,2023-08-08T00:10:00+02:00,PVGIS UTC converted to Europe/Madrid; local HH:10 assigned to containing local clock hour,PVGIS 5.3 seriescalc
2025-08-08T01:00:00+02:00,1.0,0.0,0.0,0.0,2023,2023-08-07T23:10:00+00:00,2023-08-08T01:10:00+02:00,PVGIS UTC converted to Europe/Madrid; local HH:10 assigned to containing local clock hour,PVGIS 5.3 seriescalc
2025-08-08T02:00:00+02:00,1.0,0.0,0.0,0.0,2023,2023-08-08T00:10:00+00:00,2023-08-08T02:10:00+02:00,PVGIS UTC converted to Europe/Madrid; local HH:10 assigned to containing local clock hour,PVGIS 5.3 seriescalc
2025-08-08T03:00:00+02:00,1.0,0.0,0.0,0.0,2023,2023-08-08T01:10:00+00:00,2023-08-08T03:10:00+02:00,PVGIS UTC converted to Europe/Madrid; local HH:10 assigned to containing local clock hour,PVGIS 5.3 seriescalc
2025-08-08T04:00:00+02:00,1.0,0.0,0.0,0.0,2023,2023-08-08T02:10:00+00:00,2023-08-08T04:10:00+02:00,PVGIS UTC converted to Europe/Madrid; local HH:10 assigned to containing local clock hour,PVGIS 5.3 seriescalc
2025-08-08T05:00:00+02:00,1.0,0.0,0.0,0.0,2023,2023-08-08T03:10:00+00:00,2023-08-08T05:10:00+02:00,PVGIS UTC converted to Europe/Madrid; local HH:10 assigned to containing local clock hour,PVGIS 5.3 seriescalc
2025-08-08T06:00:00+02:00,1.0,0.0,0.0,0.0,2023,2023-08-08T04:10:00+00:00,2023-08-08T06:10:00+02:00,PVGIS UTC converted to Europe/Madrid; local HH:10 assigned to containing local clock hour,PVGIS 5.3 seriescalc
2025-08-08T07:00:00+02:00,1.0,0.0,0.0,2.23,2023,2023-08-08T05:10:00+00:00,2023-08-08T07:10:00+02:00,PVGIS UTC converted to Europe/Madrid; local HH:10 assigned to containing local clock hour,PVGIS 5.3 seriescalc
2025-08-08T08:00:00+02:00,1.0,0.060090000000000005,60.09,13.09,2023,2023-08-08T06:10:00+00:00,2023-08-08T08:10:00+02:00,PVGIS UTC converted to Europe/Madrid; local HH:10 assigned to containing local clock hour,PVGIS 5.3 seriescalc
2025-08-08T09:00:00+02:00,1.0,0.19375,193.75,24.28,2023,2023-08-08T07:10:00+00:00,2023-08-08T09:10:00+02:00,PVGIS UTC converted to Europe/Madrid; local HH:10 assigned to containing local clock hour,PVGIS 5.3 seriescalc
2025-08-08T10:00:00+02:00,1.0,0.32329,323.29,35.48,2023,2023-08-08T08:10:00+00:00,2023-08-08T10:10:00+02:00,PVGIS UTC converted to Europe/Madrid; local HH:10 assigned to containing local clock hour,PVGIS 5.3 seriescalc
2025-08-08T11:00:00+02:00,1.0,0.33024000000000003,330.24,46.28,2023,2023-08-08T09:10:00+00:00,2023-08-08T11:10:00+02:00,PVGIS UTC converted to Europe/Madrid; local HH:10 assigned to containing local clock hour,PVGIS 5.3 seriescalc
2025-08-08T12:00:00+02:00,1.0,0.28485000000000005,284.85,55.93,2023,2023-08-08T10:10:00+00:00,2023-08-08T12:10:00+02:00,PVGIS UTC converted to Europe/Madrid; local HH:10 assigned to containing local clock hour,PVGIS 5.3 seriescalc
2025-08-08T13:00:00+02:00,1.0,0.45435000000000003,454.35,62.88,2023,2023-08-08T11:10:00+00:00,2023-08-08T13:10:00+02:00,PVGIS UTC converted to Europe/Madrid; local HH:10 assigned to containing local clock hour,PVGIS 5.3 seriescalc
2025-08-08T14:00:00+02:00,1.0,0.6524099999999999,652.41,64.64,2023,2023-08-08T12:10:00+00:00,2023-08-08T14:10:00+02:00,PVGIS UTC converted to Europe/Madrid; local HH:10 assigned to containing local clock hour,PVGIS 5.3 seriescalc
2025-08-08T15:00:00+02:00,1.0,0.61879,618.79,60.26,2023,2023-08-08T13:10:00+00:00,2023-08-08T15:10:00+02:00,PVGIS UTC converted to Europe/Madrid; local HH:10 assigned to containing local clock hour,PVGIS 5.3 seriescalc
2025-08-08T16:00:00+02:00,1.0,0.64958,649.58,51.83,2023,2023-08-08T14:10:00+00:00,2023-08-08T16:10:00+02:00,PVGIS UTC converted to Europe/Madrid; local HH:10 assigned to containing local clock hour,PVGIS 5.3 seriescalc
2025-08-08T17:00:00+02:00,1.0,0.51083,510.83,41.55,2023,2023-08-08T15:10:00+00:00,2023-08-08T17:10:00+02:00,PVGIS UTC converted to Europe/Madrid; local HH:10 assigned to containing local clock hour,PVGIS 5.3 seriescalc
2025-08-08T18:00:00+02:00,1.0,0.33381,333.81,30.5,2023,2023-08-08T16:10:00+00:00,2023-08-08T18:10:00+02:00,PVGIS UTC converted to Europe/Madrid; local HH:10 assigned to containing local clock hour,PVGIS 5.3 seriescalc
2025-08-08T19:00:00+02:00,1.0,0.14318999999999998,143.19,19.26,2023,2023-08-08T17:10:00+00:00,2023-08-08T19:10:00+02:00,PVGIS UTC converted to Europe/Madrid; local HH:10 assigned to containing local clock hour,PVGIS 5.3 seriescalc
2025-08-08T20:00:00+02:00,1.0,0.02229,22.29,8.18,2023,2023-08-08T18:10:00+00:00,2023-08-08T20:10:00+02:00,PVGIS UTC converted to Europe/Madrid; local HH:10 assigned to containing local clock hour,PVGIS 5.3 seriescalc
2025-08-08T21:00:00+02:00,1.0,0.0,0.0,0.0,2023,2023-08-08T19:10:00+00:00,2023-08-08T21:10:00+02:00,PVGIS UTC converted to Europe/Madrid; local HH:10 assigned to containing local clock hour,PVGIS 5.3 seriescalc
2025-08-08T22:00:00+02:00,1.0,0.0,0.0,0.0,2023,2023-08-08T20:10:00+00:00,2023-08-08T22:10:00+02:00,PVGIS UTC converted to Europe/Madrid; local HH:10 assigned to containing local clock hour,PVGIS 5.3 seriescalc
2025-08-08T23:00:00+02:00,1.0,0.0,0.0,0.0,2023,2023-08-08T21:10:00+00:00,2023-08-08T23:10:00+02:00,PVGIS UTC converted to Europe/Madrid; local HH:10 assigned to containing local clock hour,PVGIS 5.3 seriescalc
2025-08-09T00:00:00+02:00,1.0,0.0,0.0,0.0,2023,2023-08-08T22:10:00+00:00,2023-08-09T00:10:00+02:00,PVGIS UTC converted to Europe/Madrid; local HH:10 assigned to containing local clock hour,PVGIS 5.3 seriescalc
2025-08-09T01:00:00+02:00,1.0,0.0,0.0,0.0,2023,2023-08-08T23:10:00+00:00,2023-08-09T01:10:00+02:00,PVGIS UTC converted to Europe/Madrid; local HH:10 assigned to containing local clock hour,PVGIS 5.3 seriescalc
2025-08-09T02:00:00+02:00,1.0,0.0,0.0,0.0,2023,2023-08-09T00:10:00+00:00,2023-08-09T02:10:00+02:00,PVGIS UTC converted to Europe/Madrid; local HH:10 assigned to containing local clock hour,PVGIS 5.3 seriescalc
2025-08-09T03:00:00+02:00,1.0,0.0,0.0,0.0,2023,2023-08-09T01:10:00+00:00,2023-08-09T03:10:00+02:00,PVGIS UTC converted to Europe/Madrid; local HH:10 assigned to containing local clock hour,PVGIS 5.3 seriescalc
2025-08-09T04:00:00+02:00,1.0,0.0,0.0,0.0,2023,2023-08-09T02:10:00+00:00,2023-08-09T04:10:00+02:00,PVGIS UTC converted to Europe/Madrid; local HH:10 assigned to containing local clock hour,PVGIS 5.3 seriescalc
2025-08-09T05:00:00+02:00,1.0,0.0,0.0,0.0,2023,2023-08-09T03:10:00+00:00,2023-08-09T05:10:00+02:00,PVGIS UTC converted to Europe/Madrid; local HH:10 assigned to containing local clock hour,PVGIS 5.3 seriescalc
2025-08-09T06:00:00+02:00,1.0,0.0,0.0,0.0,2023,2023-08-09T04:10:00+00:00,2023-08-09T06:10:00+02:00,PVGIS UTC converted to Europe/Madrid; local HH:10 assigned to containing local clock hour,PVGIS 5.3 seriescalc
2025-08-09T07:00:00+02:00,1.0,0.0,0.0,2.06,2023,2023-08-09T05:10:00+00:00,2023-08-09T07:10:00+02:00,PVGIS UTC converted to Europe/Madrid; local HH:10 assigned to containing local clock hour,PVGIS 5.3 seriescalc
2025-08-09T08:00:00+02:00,1.0,0.053899999999999997,53.9,12.93,2023,2023-08-09T06:10:00+00:00,2023-08-09T08:10:00+02:00,PVGIS UTC converted to Europe/Madrid; local HH:10 assigned to containing local clock hour,PVGIS 5.3 seriescalc
2025-08-09T09:00:00+02:00,1.0,0.22877,228.77,24.13,2023,2023-08-09T07:10:00+00:00,2023-08-09T09:10:00+02:00,PVGIS UTC converted to Europe/Madrid; local HH:10 assigned to containing local clock hour,PVGIS 5.3 seriescalc
2025-08-09T10:00:00+02:00,1.0,0.41833,418.33,35.33,2023,2023-08-09T08:10:00+00:00,2023-08-09T10:10:00+02:00,PVGIS UTC converted to Europe/Madrid; local HH:10 assigned to containing local clock hour,PVGIS 5.3 seriescalc
2025-08-09T11:00:00+02:00,1.0,0.57141,571.41,46.11,2023,2023-08-09T09:10:00+00:00,2023-08-09T11:10:00+02:00,PVGIS UTC converted to Europe/Madrid; local HH:10 assigned to containing local clock hour,PVGIS 5.3 seriescalc
2025-08-09T12:00:00+02:00,1.0,0.6808,680.8,55.72,2023,2023-08-09T10:10:00+00:00,2023-08-09T12:10:00+02:00,PVGIS UTC converted to Europe/Madrid; local HH:10 assigned to containing local clock hour,PVGIS 5.3 seriescalc
2025-08-09T13:00:00+02:00,1.0,0.75462,754.62,62.62,2023,2023-08-09T11:10:00+00:00,2023-08-09T13:10:00+02:00,PVGIS UTC converted to Europe/Madrid; local HH:10 assigned to containing local clock hour,PVGIS 5.3 seriescalc
2025-08-09T14:00:00+02:00,1.0,0.78049,780.49,64.36,2023,2023-08-09T12:10:00+00:00,2023-08-09T14:10:00+02:00,PVGIS UTC converted to Europe/Madrid; local HH:10 assigned to containing local clock hour,PVGIS 5.3 seriescalc
2025-08-09T15:00:00+02:00,1.0,0.74881,748.81,59.99,2023,2023-08-09T13:10:00+00:00,2023-08-09T15:10:00+02:00,PVGIS UTC converted to Europe/Madrid; local HH:10 assigned to containing local clock hour,PVGIS 5.3 seriescalc
2025-08-09T16:00:00+02:00,1.0,0.65676,656.76,51.6,2023,2023-08-09T14:10:00+00:00,2023-08-09T16:10:00+02:00,PVGIS UTC converted to Europe/Madrid; local HH:10 assigned to containing local clock hour,PVGIS 5.3 seriescalc
2025-08-09T17:00:00+02:00,1.0,0.51001,510.01,41.33,2023,2023-08-09T15:10:00+00:00,2023-08-09T17:10:00+02:00,PVGIS UTC converted to Europe/Madrid; local HH:10 assigned to containing local clock hour,PVGIS 5.3 seriescalc
2025-08-09T18:00:00+02:00,1.0,0.3332,333.2,30.3,2023,2023-08-09T16:10:00+00:00,2023-08-09T18:10:00+02:00,PVGIS UTC converted to Europe/Madrid; local HH:10 assigned to containing local clock hour,PVGIS 5.3 seriescalc
2025-08-09T19:00:00+02:00,1.0,0.14016,140.16,19.06,2023,2023-08-09T17:10:00+00:00,2023-08-09T19:10:00+02:00,PVGIS UTC converted to Europe/Madrid; local HH:10 assigned to containing local clock hour,PVGIS 5.3 seriescalc
2025-08-09T20:00:00+02:00,1.0,0.02487,24.87,7.97,2023,2023-08-09T18:10:00+00:00,2023-08-09T20:10:00+02:00,PVGIS UTC converted to Europe/Madrid; local HH:10 assigned to containing local clock hour,PVGIS 5.3 seriescalc
2025-08-09T21:00:00+02:00,1.0,0.0,0.0,0.0,2023,2023-08-09T19:10:00+00:00,2023-08-09T21:10:00+02:00,PVGIS UTC converted to Europe/Madrid; local HH:10 assigned to containing local clock hour,PVGIS 5.3 seriescalc
2025-08-09T22:00:00+02:00,1.0,0.0,0.0,0.0,2023,2023-08-09T20:10:00+00:00,2023-08-09T22:10:00+02:00,PVGIS UTC converted to Europe/Madrid; local HH:10 assigned to containing local clock hour,PVGIS 5.3 seriescalc
2025-08-09T23:00:00+02:00,1.0,0.0,0.0,0.0,2023,2023-08-09T21:10:00+00:00,2023-08-09T23:10:00+02:00,PVGIS UTC converted to Europe/Madrid; local HH:10 assigned to containing local clock hour,PVGIS 5.3 seriescalc
2025-08-10T00:00:00+02:00,1.0,0.0,0.0,0.0,2023,2023-08-09T22:10:00+00:00,2023-08-10T00:10:00+02:00,PVGIS UTC converted to Europe/Madrid; local HH:10 assigned to containing local clock hour,PVGIS 5.3 seriescalc
2025-08-10T01:00:00+02:00,1.0,0.0,0.0,0.0,2023,2023-08-09T23:10:00+00:00,2023-08-10T01:10:00+02:00,PVGIS UTC converted to Europe/Madrid; local HH:10 assigned to containing local clock hour,PVGIS 5.3 seriescalc
2025-08-10T02:00:00+02:00,1.0,0.0,0.0,0.0,2023,2023-08-10T00:10:00+00:00,2023-08-10T02:10:00+02:00,PVGIS UTC converted to Europe/Madrid; local HH:10 assigned to containing local clock hour,PVGIS 5.3 seriescalc
2025-08-10T03:00:00+02:00,1.0,0.0,0.0,0.0,2023,2023-08-10T01:10:00+00:00,2023-08-10T03:10:00+02:00,PVGIS UTC converted to Europe/Madrid; local HH:10 assigned to containing local clock hour,PVGIS 5.3 seriescalc
2025-08-10T04:00:00+02:00,1.0,0.0,0.0,0.0,2023,2023-08-10T02:10:00+00:00,2023-08-10T04:10:00+02:00,PVGIS UTC converted to Europe/Madrid; local HH:10 assigned to containing local clock hour,PVGIS 5.3 seriescalc
2025-08-10T05:00:00+02:00,1.0,0.0,0.0,0.0,2023,2023-08-10T03:10:00+00:00,2023-08-10T05:10:00+02:00,PVGIS UTC converted to Europe/Madrid; local HH:10 assigned to containing local clock hour,PVGIS 5.3 seriescalc
2025-08-10T06:00:00+02:00,1.0,0.0,0.0,0.0,2023,2023-08-10T04:10:00+00:00,2023-08-10T06:10:00+02:00,PVGIS UTC converted to Europe/Madrid; local HH:10 assigned to containing local clock hour,PVGIS 5.3 seriescalc
2025-08-10T07:00:00+02:00,1.0,0.0,0.0,1.89,2023,2023-08-10T05:10:00+00:00,2023-08-10T07:10:00+02:00,PVGIS UTC converted to Europe/Madrid; local HH:10 assigned to containing local clock hour,PVGIS 5.3 seriescalc
2025-08-10T08:00:00+02:00,1.0,0.058159999999999996,58.16,12.78,2023,2023-08-10T06:10:00+00:00,2023-08-10T08:10:00+02:00,PVGIS UTC converted to Europe/Madrid; local HH:10 assigned to containing local clock hour,PVGIS 5.3 seriescalc
2025-08-10T09:00:00+02:00,1.0,0.2011,201.1,23.97,2023,2023-08-10T07:10:00+00:00,2023-08-10T09:10:00+02:00,PVGIS UTC converted to Europe/Madrid; local HH:10 assigned to containing local clock hour,PVGIS 5.3 seriescalc
2025-08-10T10:00:00+02:00,1.0,0.37063,370.63,35.17,2023,2023-08-10T08:10:00+00:00,2023-08-10T10:10:00+02:00,PVGIS UTC converted to Europe/Madrid; local HH:10 assigned to containing local clock hour,PVGIS 5.3 seriescalc
2025-08-10T11:00:00+02:00,1.0,0.52077,520.77,45.93,2023,2023-08-10T09:10:00+00:00,2023-08-10T11:10:00+02:00,PVGIS UTC converted to Europe/Madrid; local HH:10 assigned to containing local clock hour,PVGIS 5.3 seriescalc
2025-08-10T12:00:00+02:00,1.0,0.64954,649.54,55.51,2023,2023-08-10T10:10:00+00:00,2023-08-10T12:10:00+02:00,PVGIS UTC converted to Europe/Madrid; local HH:10 assigned to containing local clock hour,PVGIS 5.3 seriescalc
2025-08-10T13:00:00+02:00,1.0,0.7317400000000001,731.74,62.36,2023,2023-08-10T11:10:00+00:00,2023-08-10T13:10:00+02:00,PVGIS UTC converted to Europe/Madrid; local HH:10 assigned to containing local clock hour,PVGIS 5.3 seriescalc
2025-08-10T14:00:00+02:00,1.0,0.7172000000000001,717.2,64.06,2023,2023-08-10T12:10:00+00:00,2023-08-10T14:10:00+02:00,PVGIS UTC converted to Europe/Madrid; local HH:10 assigned to containing local clock hour,PVGIS 5.3 seriescalc
2025-08-10T15:00:00+02:00,1.0,0.66853,668.53,59.72,2023,2023-08-10T13:10:00+00:00,2023-08-10T15:10:00+02:00,PVGIS UTC converted to Europe/Madrid; local HH:10 assigned to containing local clock hour,PVGIS 5.3 seriescalc
2025-08-10T16:00:00+02:00,1.0,0.54755,547.55,51.36,2023,2023-08-10T14:10:00+00:00,2023-08-10T16:10:00+02:00,PVGIS UTC converted to Europe/Madrid; local HH:10 assigned to containing local clock hour,PVGIS 5.3 seriescalc
2025-08-10T17:00:00+02:00,1.0,0.5105,510.5,41.11,2023,2023-08-10T15:10:00+00:00,2023-08-10T17:10:00+02:00,PVGIS UTC converted to Europe/Madrid; local HH:10 assigned to containing local clock hour,PVGIS 5.3 seriescalc
2025-08-10T18:00:00+02:00,1.0,0.314,314.0,30.09,2023,2023-08-10T16:10:00+00:00,2023-08-10T18:10:00+02:00,PVGIS UTC converted to Europe/Madrid; local HH:10 assigned to containing local clock hour,PVGIS 5.3 seriescalc
2025-08-10T19:00:00+02:00,1.0,0.12395,123.95,18.85,2023,2023-08-10T17:10:00+00:00,2023-08-10T19:10:00+02:00,PVGIS UTC converted to Europe/Madrid; local HH:10 assigned to containing local clock hour,PVGIS 5.3 seriescalc
2025-08-10T20:00:00+02:00,1.0,0.02409,24.09,7.75,2023,2023-08-10T18:10:00+00:00,2023-08-10T20:10:00+02:00,PVGIS UTC converted to Europe/Madrid; local HH:10 assigned to containing local clock hour,PVGIS 5.3 seriescalc
2025-08-10T21:00:00+02:00,1.0,0.0,0.0,0.0,2023,2023-08-10T19:10:00+00:00,2023-08-10T21:10:00+02:00,PVGIS UTC converted to Europe/Madrid; local HH:10 assigned to containing local clock hour,PVGIS 5.3 seriescalc
2025-08-10T22:00:00+02:00,1.0,0.0,0.0,0.0,2023,2023-08-10T20:10:00+00:00,2023-08-10T22:10:00+02:00,PVGIS UTC converted to Europe/Madrid; local HH:10 assigned to containing local clock hour,PVGIS 5.3 seriescalc
2025-08-10T23:00:00+02:00,1.0,0.0,0.0,0.0,2023,2023-08-10T21:10:00+00:00,2023-08-10T23:10:00+02:00,PVGIS UTC converted to Europe/Madrid; local HH:10 assigned to containing local clock hour,PVGIS 5.3 seriescalc
2025-08-11T00:00:00+02:00,1.0,0.0,0.0,0.0,2023,2023-08-10T22:10:00+00:00,2023-08-11T00:10:00+02:00,PVGIS UTC converted to Europe/Madrid; local HH:10 assigned to containing local clock hour,PVGIS 5.3 seriescalc
2025-08-11T01:00:00+02:00,1.0,0.0,0.0,0.0,2023,2023-08-10T23:10:00+00:00,2023-08-11T01:10:00+02:00,PVGIS UTC converted to Europe/Madrid; local HH:10 assigned to containing local clock hour,PVGIS 5.3 seriescalc
2025-08-11T02:00:00+02:00,1.0,0.0,0.0,0.0,2023,2023-08-11T00:10:00+00:00,2023-08-11T02:10:00+02:00,PVGIS UTC converted to Europe/Madrid; local HH:10 assigned to containing local clock hour,PVGIS 5.3 seriescalc
2025-08-11T03:00:00+02:00,1.0,0.0,0.0,0.0,2023,2023-08-11T01:10:00+00:00,2023-08-11T03:10:00+02:00,PVGIS UTC converted to Europe/Madrid; local HH:10 assigned to containing local clock hour,PVGIS 5.3 seriescalc
2025-08-11T04:00:00+02:00,1.0,0.0,0.0,0.0,2023,2023-08-11T02:10:00+00:00,2023-08-11T04:10:00+02:00,PVGIS UTC converted to Europe/Madrid; local HH:10 assigned to containing local clock hour,PVGIS 5.3 seriescalc
2025-08-11T05:00:00+02:00,1.0,0.0,0.0,0.0,2023,2023-08-11T03:10:00+00:00,2023-08-11T05:10:00+02:00,PVGIS UTC converted to Europe/Madrid; local HH:10 assigned to containing local clock hour,PVGIS 5.3 seriescalc
2025-08-11T06:00:00+02:00,1.0,0.0,0.0,0.0,2023,2023-08-11T04:10:00+00:00,2023-08-11T06:10:00+02:00,PVGIS UTC converted to Europe/Madrid; local HH:10 assigned to containing local clock hour,PVGIS 5.3 seriescalc
2025-08-11T07:00:00+02:00,1.0,0.0,0.0,1.72,2023,2023-08-11T05:10:00+00:00,2023-08-11T07:10:00+02:00,PVGIS UTC converted to Europe/Madrid; local HH:10 assigned to containing local clock hour,PVGIS 5.3 seriescalc
2025-08-11T08:00:00+02:00,1.0,0.05169,51.69,12.62,2023,2023-08-11T06:10:00+00:00,2023-08-11T08:10:00+02:00,PVGIS UTC converted to Europe/Madrid; local HH:10 assigned to containing local clock hour,PVGIS 5.3 seriescalc
2025-08-11T09:00:00+02:00,1.0,0.22457,224.57,23.82,2023,2023-08-11T07:10:00+00:00,2023-08-11T09:10:00+02:00,PVGIS UTC converted to Europe/Madrid; local HH:10 assigned to containing local clock hour,PVGIS 5.3 seriescalc
2025-08-11T10:00:00+02:00,1.0,0.40785000000000005,407.85,35.01,2023,2023-08-11T08:10:00+00:00,2023-08-11T10:10:00+02:00,PVGIS UTC converted to Europe/Madrid; local HH:10 assigned to containing local clock hour,PVGIS 5.3 seriescalc
2025-08-11T11:00:00+02:00,1.0,0.55706,557.06,45.75,2023,2023-08-11T09:10:00+00:00,2023-08-11T11:10:00+02:00,PVGIS UTC converted to Europe/Madrid; local HH:10 assigned to containing local clock hour,PVGIS 5.3 seriescalc
2025-08-11T12:00:00+02:00,1.0,0.67976,679.76,55.29,2023,2023-08-11T10:10:00+00:00,2023-08-11T12:10:00+02:00,PVGIS UTC converted to Europe/Madrid; local HH:10 assigned to containing local clock hour,PVGIS 5.3 seriescalc
2025-08-11T13:00:00+02:00,1.0,0.76336,763.36,62.09,2023,2023-08-11T11:10:00+00:00,2023-08-11T13:10:00+02:00,PVGIS UTC converted to Europe/Madrid; local HH:10 assigned to containing local clock hour,PVGIS 5.3 seriescalc
2025-08-11T14:00:00+02:00,1.0,0.7859400000000001,785.94,63.77,2023,2023-08-11T12:10:00+00:00,2023-08-11T14:10:00+02:00,PVGIS UTC converted to Europe/Madrid; local HH:10 assigned to containing local clock hour,PVGIS 5.3 seriescalc
2025-08-11T15:00:00+02:00,1.0,0.74494,744.94,59.44,2023,2023-08-11T13:10:00+00:00,2023-08-11T15:10:00+02:00,PVGIS UTC converted to Europe/Madrid; local HH:10 assigned to containing local clock hour,PVGIS 5.3 seriescalc
2025-08-11T16:00:00+02:00,1.0,0.65012,650.12,51.12,2023,2023-08-11T14:10:00+00:00,2023-08-11T16:10:00+02:00,PVGIS UTC converted to Europe/Madrid; local HH:10 assigned to containing local clock hour,PVGIS 5.3 seriescalc
2025-08-11T17:00:00+02:00,1.0,0.5144299999999999,514.43,40.89,2023,2023-08-11T15:10:00+00:00,2023-08-11T17:10:00+02:00,PVGIS UTC converted to Europe/Madrid; local HH:10 assigned to containing local clock hour,PVGIS 5.3 seriescalc
2025-08-11T18:00:00+02:00,1.0,0.33397000000000004,333.97,29.87,2023,2023-08-11T16:10:00+00:00,2023-08-11T18:10:00+02:00,PVGIS UTC converted to Europe/Madrid; local HH:10 assigned to containing local clock hour,PVGIS 5.3 seriescalc
2025-08-11T19:00:00+02:00,1.0,0.13887,138.87,18.63,2023,2023-08-11T17:10:00+00:00,2023-08-11T19:10:00+02:00,PVGIS UTC converted to Europe/Madrid; local HH:10 assigned to containing local clock hour,PVGIS 5.3 seriescalc
2025-08-11T20:00:00+02:00,1.0,0.022109999999999998,22.11,7.53,2023,2023-08-11T18:10:00+00:00,2023-08-11T20:10:00+02:00,PVGIS UTC converted to Europe/Madrid; local HH:10 assigned to containing local clock hour,PVGIS 5.3 seriescalc
2025-08-11T21:00:00+02:00,1.0,0.0,0.0,0.0,2023,2023-08-11T19:10:00+00:00,2023-08-11T21:10:00+02:00,PVGIS UTC converted to Europe/Madrid; local HH:10 assigned to containing local clock hour,PVGIS 5.3 seriescalc
2025-08-11T22:00:00+02:00,1.0,0.0,0.0,0.0,2023,2023-08-11T20:10:00+00:00,2023-08-11T22:10:00+02:00,PVGIS UTC converted to Europe/Madrid; local HH:10 assigned to containing local clock hour,PVGIS 5.3 seriescalc
2025-08-11T23:00:00+02:00,1.0,0.0,0.0,0.0,2023,2023-08-11T21:10:00+00:00,2023-08-11T23:10:00+02:00,PVGIS UTC converted to Europe/Madrid; local HH:10 assigned to containing local clock hour,PVGIS 5.3 seriescalc
2025-08-12T00:00:00+02:00,1.0,0.0,0.0,0.0,2023,2023-08-11T22:10:00+00:00,2023-08-12T00:10:00+02:00,PVGIS UTC converted to Europe/Madrid; local HH:10 assigned to containing local clock hour,PVGIS 5.3 seriescalc
2025-08-12T01:00:00+02:00,1.0,0.0,0.0,0.0,2023,2023-08-11T23:10:00+00:00,2023-08-12T01:10:00+02:00,PVGIS UTC converted to Europe/Madrid; local HH:10 assigned to containing local clock hour,PVGIS 5.3 seriescalc
2025-08-12T02:00:00+02:00,1.0,0.0,0.0,0.0,2023,2023-08-12T00:10:00+00:00,2023-08-12T02:10:00+02:00,PVGIS UTC converted to Europe/Madrid; local HH:10 assigned to containing local clock hour,PVGIS 5.3 seriescalc
2025-08-12T03:00:00+02:00,1.0,0.0,0.0,0.0,2023,2023-08-12T01:10:00+00:00,2023-08-12T03:10:00+02:00,PVGIS UTC converted to Europe/Madrid; local HH:10 assigned to containing local clock hour,PVGIS 5.3 seriescalc
2025-08-12T04:00:00+02:00,1.0,0.0,0.0,0.0,2023,2023-08-12T02:10:00+00:00,2023-08-12T04:10:00+02:00,PVGIS UTC converted to Europe/Madrid; local HH:10 assigned to containing local clock hour,PVGIS 5.3 seriescalc
2025-08-12T05:00:00+02:00,1.0,0.0,0.0,0.0,2023,2023-08-12T03:10:00+00:00,2023-08-12T05:10:00+02:00,PVGIS UTC converted to Europe/Madrid; local HH:10 assigned to containing local clock hour,PVGIS 5.3 seriescalc
2025-08-12T06:00:00+02:00,1.0,0.0,0.0,0.0,2023,2023-08-12T04:10:00+00:00,2023-08-12T06:10:00+02:00,PVGIS UTC converted to Europe/Madrid; local HH:10 assigned to containing local clock hour,PVGIS 5.3 seriescalc
2025-08-12T07:00:00+02:00,1.0,0.0,0.0,1.55,2023,2023-08-12T05:10:00+00:00,2023-08-12T07:10:00+02:00,PVGIS UTC converted to Europe/Madrid; local HH:10 assigned to containing local clock hour,PVGIS 5.3 seriescalc
2025-08-12T08:00:00+02:00,1.0,0.05211,52.11,12.46,2023,2023-08-12T06:10:00+00:00,2023-08-12T08:10:00+02:00,PVGIS UTC converted to Europe/Madrid; local HH:10 assigned to containing local clock hour,PVGIS 5.3 seriescalc
2025-08-12T09:00:00+02:00,1.0,0.22146000000000002,221.46,23.66,2023,2023-08-12T07:10:00+00:00,2023-08-12T09:10:00+02:00,PVGIS UTC converted to Europe/Madrid; local HH:10 assigned to containing local clock hour,PVGIS 5.3 seriescalc
2025-08-12T10:00:00+02:00,1.0,0.40408999999999995,404.09,34.85,2023,2023-08-12T08:10:00+00:00,2023-08-12T10:10:00+02:00,PVGIS UTC converted to Europe/Madrid; local HH:10 assigned to containing local clock hour,PVGIS 5.3 seriescalc
2025-08-12T11:00:00+02:00,1.0,0.56456,564.56,45.57,2023,2023-08-12T09:10:00+00:00,2023-08-12T11:10:00+02:00,PVGIS UTC converted to Europe/Madrid; local HH:10 assigned to containing local clock hour,PVGIS 5.3 seriescalc
2025-08-12T12:00:00+02:00,1.0,0.6831,683.1,55.08,2023,2023-08-12T10:10:00+00:00,2023-08-12T12:10:00+02:00,PVGIS UTC converted to Europe/Madrid; local HH:10 assigned to containing local clock hour,PVGIS 5.3 seriescalc
2025-08-12T13:00:00+02:00,1.0,0.76083,760.83,61.82,2023,2023-08-12T11:10:00+00:00,2023-08-12T13:10:00+02:00,PVGIS UTC converted to Europe/Madrid; local HH:10 assigned to containing local clock hour,PVGIS 5.3 seriescalc
2025-08-12T14:00:00+02:00,1.0,0.77537,775.37,63.47,2023,2023-08-12T12:10:00+00:00,2023-08-12T14:10:00+02:00,PVGIS UTC converted to Europe/Madrid; local HH:10 assigned to containing local clock hour,PVGIS 5.3 seriescalc
2025-08-12T15:00:00+02:00,1.0,0.73439,734.39,59.16,2023,2023-08-12T13:10:00+00:00,2023-08-12T15:10:00+02:00,PVGIS UTC converted to Europe/Madrid; local HH:10 assigned to containing local clock hour,PVGIS 5.3 seriescalc
2025-08-12T16:00:00+02:00,1.0,0.60611,606.11,50.87,2023,2023-08-12T14:10:00+00:00,2023-08-12T16:10:00+02:00,PVGIS UTC converted to Europe/Madrid; local HH:10 assigned to containing local clock hour,PVGIS 5.3 seriescalc
2025-08-12T17:00:00+02:00,1.0,0.44165,441.65,40.66,2023,2023-08-12T15:10:00+00:00,2023-08-12T17:10:00+02:00,PVGIS UTC converted to Europe/Madrid; local HH:10 assigned to containing local clock hour,PVGIS 5.3 seriescalc
2025-08-12T18:00:00+02:00,1.0,0.22104,221.04,29.65,2023,2023-08-12T16:10:00+00:00,2023-08-12T18:10:00+02:00,PVGIS UTC converted to Europe/Madrid; local HH:10 assigned to containing local clock hour,PVGIS 5.3 seriescalc
2025-08-12T19:00:00+02:00,1.0,0.13833,138.33,18.42,2023,2023-08-12T17:10:00+00:00,2023-08-12T19:10:00+02:00,PVGIS UTC converted to Europe/Madrid; local HH:10 assigned to containing local clock hour,PVGIS 5.3 seriescalc
2025-08-12T20:00:00+02:00,1.0,0.02027,20.27,7.31,2023,2023-08-12T18:10:00+00:00,2023-08-12T20:10:00+02:00,PVGIS UTC converted to Europe/Madrid; local HH:10 assigned to containing local clock hour,PVGIS 5.3 seriescalc
2025-08-12T21:00:00+02:00,1.0,0.0,0.0,0.0,2023,2023-08-12T19:10:00+00:00,2023-08-12T21:10:00+02:00,PVGIS UTC converted to Europe/Madrid; local HH:10 assigned to containing local clock hour,PVGIS 5.3 seriescalc
2025-08-12T22:00:00+02:00,1.0,0.0,0.0,0.0,2023,2023-08-12T20:10:00+00:00,2023-08-12T22:10:00+02:00,PVGIS UTC converted to Europe/Madrid; local HH:10 assigned to containing local clock hour,PVGIS 5.3 seriescalc
2025-08-12T23:00:00+02:00,1.0,0.0,0.0,0.0,2023,2023-08-12T21:10:00+00:00,2023-08-12T23:10:00+02:00,PVGIS UTC converted to Europe/Madrid; local HH:10 assigned to containing local clock hour,PVGIS 5.3 seriescalc
2025-08-13T00:00:00+02:00,1.0,0.0,0.0,0.0,2023,2023-08-12T22:10:00+00:00,2023-08-13T00:10:00+02:00,PVGIS UTC converted to Europe/Madrid; local HH:10 assigned to containing local clock hour,PVGIS 5.3 seriescalc
2025-08-13T01:00:00+02:00,1.0,0.0,0.0,0.0,2023,2023-08-12T23:10:00+00:00,2023-08-13T01:10:00+02:00,PVGIS UTC converted to Europe/Madrid; local HH:10 assigned to containing local clock hour,PVGIS 5.3 seriescalc
2025-08-13T02:00:00+02:00,1.0,0.0,0.0,0.0,2023,2023-08-13T00:10:00+00:00,2023-08-13T02:10:00+02:00,PVGIS UTC converted to Europe/Madrid; local HH:10 assigned to containing local clock hour,PVGIS 5.3 seriescalc
2025-08-13T03:00:00+02:00,1.0,0.0,0.0,0.0,2023,2023-08-13T01:10:00+00:00,2023-08-13T03:10:00+02:00,PVGIS UTC converted to Europe/Madrid; local HH:10 assigned to containing local clock hour,PVGIS 5.3 seriescalc
2025-08-13T04:00:00+02:00,1.0,0.0,0.0,0.0,2023,2023-08-13T02:10:00+00:00,2023-08-13T04:10:00+02:00,PVGIS UTC converted to Europe/Madrid; local HH:10 assigned to containing local clock hour,PVGIS 5.3 seriescalc
2025-08-13T05:00:00+02:00,1.0,0.0,0.0,0.0,2023,2023-08-13T03:10:00+00:00,2023-08-13T05:10:00+02:00,PVGIS UTC converted to Europe/Madrid; local HH:10 assigned to containing local clock hour,PVGIS 5.3 seriescalc
2025-08-13T06:00:00+02:00,1.0,0.0,0.0,0.0,2023,2023-08-13T04:10:00+00:00,2023-08-13T06:10:00+02:00,PVGIS UTC converted to Europe/Madrid; local HH:10 assigned to containing local clock hour,PVGIS 5.3 seriescalc
2025-08-13T07:00:00+02:00,1.0,0.0,0.0,0.0,2023,2023-08-13T05:10:00+00:00,2023-08-13T07:10:00+02:00,PVGIS UTC converted to Europe/Madrid; local HH:10 assigned to containing local clock hour,PVGIS 5.3 seriescalc
2025-08-13T08:00:00+02:00,1.0,0.052700000000000004,52.7,12.3,2023,2023-08-13T06:10:00+00:00,2023-08-13T08:10:00+02:00,PVGIS UTC converted to Europe/Madrid; local HH:10 assigned to containing local clock hour,PVGIS 5.3 seriescalc
2025-08-13T09:00:00+02:00,1.0,0.20781,207.81,23.51,2023,2023-08-13T07:10:00+00:00,2023-08-13T09:10:00+02:00,PVGIS UTC converted to Europe/Madrid; local HH:10 assigned to containing local clock hour,PVGIS 5.3 seriescalc
2025-08-13T10:00:00+02:00,1.0,0.39271,392.71,34.68,2023,2023-08-13T08:10:00+00:00,2023-08-13T10:10:00+02:00,PVGIS UTC converted to Europe/Madrid; local HH:10 assigned to containing local clock hour,PVGIS 5.3 seriescalc
2025-08-13T11:00:00+02:00,1.0,0.54549,545.49,45.39,2023,2023-08-13T09:10:00+00:00,2023-08-13T11:10:00+02:00,PVGIS UTC converted to Europe/Madrid; local HH:10 assigned to containing local clock hour,PVGIS 5.3 seriescalc
2025-08-13T12:00:00+02:00,1.0,0.66998,669.98,54.86,2023,2023-08-13T10:10:00+00:00,2023-08-13T12:10:00+02:00,PVGIS UTC converted to Europe/Madrid; local HH:10 assigned to containing local clock hour,PVGIS 5.3 seriescalc
2025-08-13T13:00:00+02:00,1.0,0.7451599999999999,745.16,61.55,2023,2023-08-13T11:10:00+00:00,2023-08-13T13:10:00+02:00,PVGIS UTC converted to Europe/Madrid; local HH:10 assigned to containing local clock hour,PVGIS 5.3 seriescalc
2025-08-13T14:00:00+02:00,1.0,0.76121,761.21,63.16,2023,2023-08-13T12:10:00+00:00,2023-08-13T14:10:00+02:00,PVGIS UTC converted to Europe/Madrid; local HH:10 assigned to containing local clock hour,PVGIS 5.3 seriescalc
2025-08-13T15:00:00+02:00,1.0,0.72046,720.46,58.87,2023,2023-08-13T13:10:00+00:00,2023-08-13T15:10:00+02:00,PVGIS UTC converted to Europe/Madrid; local HH:10 assigned to containing local clock hour,PVGIS 5.3 seriescalc
2025-08-13T16:00:00+02:00,1.0,0.63989,639.89,50.61,2023,2023-08-13T14:10:00+00:00,2023-08-13T16:10:00+02:00,PVGIS UTC converted to Europe/Madrid; local HH:10 assigned to containing local clock hour,PVGIS 5.3 seriescalc
2025-08-13T17:00:00+02:00,1.0,0.49542,495.42,40.43,2023,2023-08-13T15:10:00+00:00,2023-08-13T17:10:00+02:00,PVGIS UTC converted to Europe/Madrid; local HH:10 assigned to containing local clock hour,PVGIS 5.3 seriescalc
2025-08-13T18:00:00+02:00,1.0,0.32748,327.48,29.43,2023,2023-08-13T16:10:00+00:00,2023-08-13T18:10:00+02:00,PVGIS UTC converted to Europe/Madrid; local HH:10 assigned to containing local clock hour,PVGIS 5.3 seriescalc
2025-08-13T19:00:00+02:00,1.0,0.12825,128.25,18.19,2023,2023-08-13T17:10:00+00:00,2023-08-13T19:10:00+02:00,PVGIS UTC converted to Europe/Madrid; local HH:10 assigned to containing local clock hour,PVGIS 5.3 seriescalc
2025-08-13T20:00:00+02:00,1.0,0.02087,20.87,7.08,2023,2023-08-13T18:10:00+00:00,2023-08-13T20:10:00+02:00,PVGIS UTC converted to Europe/Madrid; local HH:10 assigned to containing local clock hour,PVGIS 5.3 seriescalc
2025-08-13T21:00:00+02:00,1.0,0.0,0.0,0.0,2023,2023-08-13T19:10:00+00:00,2023-08-13T21:10:00+02:00,PVGIS UTC converted to Europe/Madrid; local HH:10 assigned to containing local clock hour,PVGIS 5.3 seriescalc
2025-08-13T22:00:00+02:00,1.0,0.0,0.0,0.0,2023,2023-08-13T20:10:00+00:00,2023-08-13T22:10:00+02:00,PVGIS UTC converted to Europe/Madrid; local HH:10 assigned to containing local clock hour,PVGIS 5.3 seriescalc
2025-08-13T23:00:00+02:00,1.0,0.0,0.0,0.0,2023,2023-08-13T21:10:00+00:00,2023-08-13T23:10:00+02:00,PVGIS UTC converted to Europe/Madrid; local HH:10 assigned to containing local clock hour,PVGIS 5.3 seriescalc
2025-08-14T00:00:00+02:00,1.0,0.0,0.0,0.0,2023,2023-08-13T22:10:00+00:00,2023-08-14T00:10:00+02:00,PVGIS UTC converted to Europe/Madrid; local HH:10 assigned to containing local clock hour,PVGIS 5.3 seriescalc
2025-08-14T01:00:00+02:00,1.0,0.0,0.0,0.0,2023,2023-08-13T23:10:00+00:00,2023-08-14T01:10:00+02:00,PVGIS UTC converted to Europe/Madrid; local HH:10 assigned to containing local clock hour,PVGIS 5.3 seriescalc
2025-08-14T02:00:00+02:00,1.0,0.0,0.0,0.0,2023,2023-08-14T00:10:00+00:00,2023-08-14T02:10:00+02:00,PVGIS UTC converted to Europe/Madrid; local HH:10 assigned to containing local clock hour,PVGIS 5.3 seriescalc
2025-08-14T03:00:00+02:00,1.0,0.0,0.0,0.0,2023,2023-08-14T01:10:00+00:00,2023-08-14T03:10:00+02:00,PVGIS UTC converted to Europe/Madrid; local HH:10 assigned to containing local clock hour,PVGIS 5.3 seriescalc
2025-08-14T04:00:00+02:00,1.0,0.0,0.0,0.0,2023,2023-08-14T02:10:00+00:00,2023-08-14T04:10:00+02:00,PVGIS UTC converted to Europe/Madrid; local HH:10 assigned to containing local clock hour,PVGIS 5.3 seriescalc
2025-08-14T05:00:00+02:00,1.0,0.0,0.0,0.0,2023,2023-08-14T03:10:00+00:00,2023-08-14T05:10:00+02:00,PVGIS UTC converted to Europe/Madrid; local HH:10 assigned to containing local clock hour,PVGIS 5.3 seriescalc
2025-08-14T06:00:00+02:00,1.0,0.0,0.0,0.0,2023,2023-08-14T04:10:00+00:00,2023-08-14T06:10:00+02:00,PVGIS UTC converted to Europe/Madrid; local HH:10 assigned to containing local clock hour,PVGIS 5.3 seriescalc
2025-08-14T07:00:00+02:00,1.0,0.0,0.0,0.0,2023,2023-08-14T05:10:00+00:00,2023-08-14T07:10:00+02:00,PVGIS UTC converted to Europe/Madrid; local HH:10 assigned to containing local clock hour,PVGIS 5.3 seriescalc
2025-08-14T08:00:00+02:00,1.0,0.05107,51.07,12.13,2023,2023-08-14T06:10:00+00:00,2023-08-14T08:10:00+02:00,PVGIS UTC converted to Europe/Madrid; local HH:10 assigned to containing local clock hour,PVGIS 5.3 seriescalc
2025-08-14T09:00:00+02:00,1.0,0.22078,220.78,23.35,2023,2023-08-14T07:10:00+00:00,2023-08-14T09:10:00+02:00,PVGIS UTC converted to Europe/Madrid; local HH:10 assigned to containing local clock hour,PVGIS 5.3 seriescalc
2025-08-14T10:00:00+02:00,1.0,0.40626999999999996,406.27,34.52,2023,2023-08-14T08:10:00+00:00,2023-08-14T10:10:00+02:00,PVGIS UTC converted to Europe/Madrid; local HH:10 assigned to containing local clock hour,PVGIS 5.3 seriescalc
2025-08-14T11:00:00+02:00,1.0,0.56811,568.11,45.21,2023,2023-08-14T09:10:00+00:00,2023-08-14T11:10:00+02:00,PVGIS UTC converted to Europe/Madrid; local HH:10 assigned to containing local clock hour,PVGIS 5.3 seriescalc
2025-08-14T12:00:00+02:00,1.0,0.68057,680.57,54.63,2023,2023-08-14T10:10:00+00:00,2023-08-14T12:10:00+02:00,PVGIS UTC converted to Europe/Madrid; local HH:10 assigned to containing local clock hour,PVGIS 5.3 seriescalc
2025-08-14T13:00:00+02:00,1.0,0.73377,733.77,61.27,2023,2023-08-14T11:10:00+00:00,2023-08-14T13:10:00+02:00,PVGIS UTC converted to Europe/Madrid; local HH:10 assigned to containing local clock hour,PVGIS 5.3 seriescalc
2025-08-14T14:00:00+02:00,1.0,0.7501599999999999,750.16,62.86,2023,2023-08-14T12:10:00+00:00,2023-08-14T14:10:00+02:00,PVGIS UTC converted to Europe/Madrid; local HH:10 assigned to containing local clock hour,PVGIS 5.3 seriescalc
2025-08-14T15:00:00+02:00,1.0,0.7084199999999999,708.42,58.58,2023,2023-08-14T13:10:00+00:00,2023-08-14T15:10:00+02:00,PVGIS UTC converted to Europe/Madrid; local HH:10 assigned to containing local clock hour,PVGIS 5.3 seriescalc
2025-08-14T16:00:00+02:00,1.0,0.6295499999999999,629.55,50.35,2023,2023-08-14T14:10:00+00:00,2023-08-14T16:10:00+02:00,PVGIS UTC converted to Europe/Madrid; local HH:10 assigned to containing local clock hour,PVGIS 5.3 seriescalc
2025-08-14T17:00:00+02:00,1.0,0.49625,496.25,40.19,2023,2023-08-14T15:10:00+00:00,2023-08-14T17:10:00+02:00,PVGIS UTC converted to Europe/Madrid; local HH:10 assigned to containing local clock hour,PVGIS 5.3 seriescalc
2025-08-14T18:00:00+02:00,1.0,0.31906,319.06,29.2,2023,2023-08-14T16:10:00+00:00,2023-08-14T18:10:00+02:00,PVGIS UTC converted to Europe/Madrid; local HH:10 assigned to containing local clock hour,PVGIS 5.3 seriescalc
2025-08-14T19:00:00+02:00,1.0,0.13146000000000002,131.46,17.96,2023,2023-08-14T17:10:00+00:00,2023-08-14T19:10:00+02:00,PVGIS UTC converted to Europe/Madrid; local HH:10 assigned to containing local clock hour,PVGIS 5.3 seriescalc
2025-08-14T20:00:00+02:00,1.0,0.019489999999999997,19.49,6.85,2023,2023-08-14T18:10:00+00:00,2023-08-14T20:10:00+02:00,PVGIS UTC converted to Europe/Madrid; local HH:10 assigned to containing local clock hour,PVGIS 5.3 seriescalc
2025-08-14T21:00:00+02:00,1.0,0.0,0.0,0.0,2023,2023-08-14T19:10:00+00:00,2023-08-14T21:10:00+02:00,PVGIS UTC converted to Europe/Madrid; local HH:10 assigned to containing local clock hour,PVGIS 5.3 seriescalc
2025-08-14T22:00:00+02:00,1.0,0.0,0.0,0.0,2023,2023-08-14T20:10:00+00:00,2023-08-14T22:10:00+02:00,PVGIS UTC converted to Europe/Madrid; local HH:10 assigned to containing local clock hour,PVGIS 5.3 seriescalc
2025-08-14T23:00:00+02:00,1.0,0.0,0.0,0.0,2023,2023-08-14T21:10:00+00:00,2023-08-14T23:10:00+02:00,PVGIS UTC converted to Europe/Madrid; local HH:10 assigned to containing local clock hour,PVGIS 5.3 seriescalc
2025-08-15T00:00:00+02:00,1.0,0.0,0.0,0.0,2023,2023-08-14T22:10:00+00:00,2023-08-15T00:10:00+02:00,PVGIS UTC converted to Europe/Madrid; local HH:10 assigned to containing local clock hour,PVGIS 5.3 seriescalc
2025-08-15T01:00:00+02:00,1.0,0.0,0.0,0.0,2023,2023-08-14T23:10:00+00:00,2023-08-15T01:10:00+02:00,PVGIS UTC converted to Europe/Madrid; local HH:10 assigned to containing local clock hour,PVGIS 5.3 seriescalc
2025-08-15T02:00:00+02:00,1.0,0.0,0.0,0.0,2023,2023-08-15T00:10:00+00:00,2023-08-15T02:10:00+02:00,PVGIS UTC converted to Europe/Madrid; local HH:10 assigned to containing local clock hour,PVGIS 5.3 seriescalc
2025-08-15T03:00:00+02:00,1.0,0.0,0.0,0.0,2023,2023-08-15T01:10:00+00:00,2023-08-15T03:10:00+02:00,PVGIS UTC converted to Europe/Madrid; local HH:10 assigned to containing local clock hour,PVGIS 5.3 seriescalc
2025-08-15T04:00:00+02:00,1.0,0.0,0.0,0.0,2023,2023-08-15T02:10:00+00:00,2023-08-15T04:10:00+02:00,PVGIS UTC converted to Europe/Madrid; local HH:10 assigned to containing local clock hour,PVGIS 5.3 seriescalc
2025-08-15T05:00:00+02:00,1.0,0.0,0.0,0.0,2023,2023-08-15T03:10:00+00:00,2023-08-15T05:10:00+02:00,PVGIS UTC converted to Europe/Madrid; local HH:10 assigned to containing local clock hour,PVGIS 5.3 seriescalc
2025-08-15T06:00:00+02:00,1.0,0.0,0.0,0.0,2023,2023-08-15T04:10:00+00:00,2023-08-15T06:10:00+02:00,PVGIS UTC converted to Europe/Madrid; local HH:10 assigned to containing local clock hour,PVGIS 5.3 seriescalc
2025-08-15T07:00:00+02:00,1.0,0.0,0.0,0.0,2023,2023-08-15T05:10:00+00:00,2023-08-15T07:10:00+02:00,PVGIS UTC converted to Europe/Madrid; local HH:10 assigned to containing local clock hour,PVGIS 5.3 seriescalc
2025-08-15T08:00:00+02:00,1.0,0.05004,50.04,11.97,2023,2023-08-15T06:10:00+00:00,2023-08-15T08:10:00+02:00,PVGIS UTC converted to Europe/Madrid; local HH:10 assigned to containing local clock hour,PVGIS 5.3 seriescalc
2025-08-15T09:00:00+02:00,1.0,0.2299,229.9,23.19,2023,2023-08-15T07:10:00+00:00,2023-08-15T09:10:00+02:00,PVGIS UTC converted to Europe/Madrid; local HH:10 assigned to containing local clock hour,PVGIS 5.3 seriescalc
2025-08-15T10:00:00+02:00,1.0,0.34989,349.89,34.35,2023,2023-08-15T08:10:00+00:00,2023-08-15T10:10:00+02:00,PVGIS UTC converted to Europe/Madrid; local HH:10 assigned to containing local clock hour,PVGIS 5.3 seriescalc
2025-08-15T11:00:00+02:00,1.0,0.57031,570.31,45.02,2023,2023-08-15T09:10:00+00:00,2023-08-15T11:10:00+02:00,PVGIS UTC converted to Europe/Madrid; local HH:10 assigned to containing local clock hour,PVGIS 5.3 seriescalc
2025-08-15T12:00:00+02:00,1.0,0.55838,558.38,54.41,2023,2023-08-15T10:10:00+00:00,2023-08-15T12:10:00+02:00,PVGIS UTC converted to Europe/Madrid; local HH:10 assigned to containing local clock hour,PVGIS 5.3 seriescalc
2025-08-15T13:00:00+02:00,1.0,0.75301,753.01,61.0,2023,2023-08-15T11:10:00+00:00,2023-08-15T13:10:00+02:00,PVGIS UTC converted to Europe/Madrid; local HH:10 assigned to containing local clock hour,PVGIS 5.3 seriescalc
2025-08-15T14:00:00+02:00,1.0,0.76176,761.76,62.54,2023,2023-08-15T12:10:00+00:00,2023-08-15T14:10:00+02:00,PVGIS UTC converted to Europe/Madrid; local HH:10 assigned to containing local clock hour,PVGIS 5.3 seriescalc
2025-08-15T15:00:00+02:00,1.0,0.7199800000000001,719.98,58.29,2023,2023-08-15T13:10:00+00:00,2023-08-15T15:10:00+02:00,PVGIS UTC converted to Europe/Madrid; local HH:10 assigned to containing local clock hour,PVGIS 5.3 seriescalc
2025-08-15T16:00:00+02:00,1.0,0.6332300000000001,633.23,50.08,2023,2023-08-15T14:10:00+00:00,2023-08-15T16:10:00+02:00,PVGIS UTC converted to Europe/Madrid; local HH:10 assigned to containing local clock hour,PVGIS 5.3 seriescalc
2025-08-15T17:00:00+02:00,1.0,0.49797,497.97,39.94,2023,2023-08-15T15:10:00+00:00,2023-08-15T17:10:00+02:00,PVGIS UTC converted to Europe/Madrid; local HH:10 assigned to containing local clock hour,PVGIS 5.3 seriescalc
2025-08-15T18:00:00+02:00,1.0,0.32309,323.09,28.97,2023,2023-08-15T16:10:00+00:00,2023-08-15T18:10:00+02:00,PVGIS UTC converted to Europe/Madrid; local HH:10 assigned to containing local clock hour,PVGIS 5.3 seriescalc
2025-08-15T19:00:00+02:00,1.0,0.13138999999999998,131.39,17.73,2023,2023-08-15T17:10:00+00:00,2023-08-15T19:10:00+02:00,PVGIS UTC converted to Europe/Madrid; local HH:10 assigned to containing local clock hour,PVGIS 5.3 seriescalc
2025-08-15T20:00:00+02:00,1.0,0.01824,18.24,6.61,2023,2023-08-15T18:10:00+00:00,2023-08-15T20:10:00+02:00,PVGIS UTC converted to Europe/Madrid; local HH:10 assigned to containing local clock hour,PVGIS 5.3 seriescalc
2025-08-15T21:00:00+02:00,1.0,0.0,0.0,0.0,2023,2023-08-15T19:10:00+00:00,2023-08-15T21:10:00+02:00,PVGIS UTC converted to Europe/Madrid; local HH:10 assigned to containing local clock hour,PVGIS 5.3 seriescalc
2025-08-15T22:00:00+02:00,1.0,0.0,0.0,0.0,2023,2023-08-15T20:10:00+00:00,2023-08-15T22:10:00+02:00,PVGIS UTC converted to Europe/Madrid; local HH:10 assigned to containing local clock hour,PVGIS 5.3 seriescalc
2025-08-15T23:00:00+02:00,1.0,0.0,0.0,0.0,2023,2023-08-15T21:10:00+00:00,2023-08-15T23:10:00+02:00,PVGIS UTC converted to Europe/Madrid; local HH:10 assigned to containing local clock hour,PVGIS 5.3 seriescalc
2025-08-16T00:00:00+02:00,1.0,0.0,0.0,0.0,2023,2023-08-15T22:10:00+00:00,2023-08-16T00:10:00+02:00,PVGIS UTC converted to Europe/Madrid; local HH:10 assigned to containing local clock hour,PVGIS 5.3 seriescalc
2025-08-16T01:00:00+02:00,1.0,0.0,0.0,0.0,2023,2023-08-15T23:10:00+00:00,2023-08-16T01:10:00+02:00,PVGIS UTC converted to Europe/Madrid; local HH:10 assigned to containing local clock hour,PVGIS 5.3 seriescalc
2025-08-16T02:00:00+02:00,1.0,0.0,0.0,0.0,2023,2023-08-16T00:10:00+00:00,2023-08-16T02:10:00+02:00,PVGIS UTC converted to Europe/Madrid; local HH:10 assigned to containing local clock hour,PVGIS 5.3 seriescalc
2025-08-16T03:00:00+02:00,1.0,0.0,0.0,0.0,2023,2023-08-16T01:10:00+00:00,2023-08-16T03:10:00+02:00,PVGIS UTC converted to Europe/Madrid; local HH:10 assigned to containing local clock hour,PVGIS 5.3 seriescalc
2025-08-16T04:00:00+02:00,1.0,0.0,0.0,0.0,2023,2023-08-16T02:10:00+00:00,2023-08-16T04:10:00+02:00,PVGIS UTC converted to Europe/Madrid; local HH:10 assigned to containing local clock hour,PVGIS 5.3 seriescalc
2025-08-16T05:00:00+02:00,1.0,0.0,0.0,0.0,2023,2023-08-16T03:10:00+00:00,2023-08-16T05:10:00+02:00,PVGIS UTC converted to Europe/Madrid; local HH:10 assigned to containing local clock hour,PVGIS 5.3 seriescalc
2025-08-16T06:00:00+02:00,1.0,0.0,0.0,0.0,2023,2023-08-16T04:10:00+00:00,2023-08-16T06:10:00+02:00,PVGIS UTC converted to Europe/Madrid; local HH:10 assigned to containing local clock hour,PVGIS 5.3 seriescalc
2025-08-16T07:00:00+02:00,1.0,0.0,0.0,0.0,2023,2023-08-16T05:10:00+00:00,2023-08-16T07:10:00+02:00,PVGIS UTC converted to Europe/Madrid; local HH:10 assigned to containing local clock hour,PVGIS 5.3 seriescalc
2025-08-16T08:00:00+02:00,1.0,0.05189,51.89,11.81,2023,2023-08-16T06:10:00+00:00,2023-08-16T08:10:00+02:00,PVGIS UTC converted to Europe/Madrid; local HH:10 assigned to containing local clock hour,PVGIS 5.3 seriescalc
2025-08-16T09:00:00+02:00,1.0,0.17836000000000002,178.36,23.03,2023,2023-08-16T07:10:00+00:00,2023-08-16T09:10:00+02:00,PVGIS UTC converted to Europe/Madrid; local HH:10 assigned to containing local clock hour,PVGIS 5.3 seriescalc
2025-08-16T10:00:00+02:00,1.0,0.32194,321.94,34.19,2023,2023-08-16T08:10:00+00:00,2023-08-16T10:10:00+02:00,PVGIS UTC converted to Europe/Madrid; local HH:10 assigned to containing local clock hour,PVGIS 5.3 seriescalc
2025-08-16T11:00:00+02:00,1.0,0.49168,491.68,44.83,2023,2023-08-16T09:10:00+00:00,2023-08-16T11:10:00+02:00,PVGIS UTC converted to Europe/Madrid; local HH:10 assigned to containing local clock hour,PVGIS 5.3 seriescalc
2025-08-16T12:00:00+02:00,1.0,0.29879,298.79,54.18,2023,2023-08-16T10:10:00+00:00,2023-08-16T12:10:00+02:00,PVGIS UTC converted to Europe/Madrid; local HH:10 assigned to containing local clock hour,PVGIS 5.3 seriescalc
2025-08-16T13:00:00+02:00,1.0,0.25593,255.93,60.71,2023,2023-08-16T11:10:00+00:00,2023-08-16T13:10:00+02:00,PVGIS UTC converted to Europe/Madrid; local HH:10 assigned to containing local clock hour,PVGIS 5.3 seriescalc
2025-08-16T14:00:00+02:00,1.0,0.26846,268.46,62.23,2023,2023-08-16T12:10:00+00:00,2023-08-16T14:10:00+02:00,PVGIS UTC converted to Europe/Madrid; local HH:10 assigned to containing local clock hour,PVGIS 5.3 seriescalc
2025-08-16T15:00:00+02:00,1.0,0.45732,457.32,57.98,2023,2023-08-16T13:10:00+00:00,2023-08-16T15:10:00+02:00,PVGIS UTC converted to Europe/Madrid; local HH:10 assigned to containing local clock hour,PVGIS 5.3 seriescalc
2025-08-16T16:00:00+02:00,1.0,0.5871000000000001,587.1,49.81,2023,2023-08-16T14:10:00+00:00,2023-08-16T16:10:00+02:00,PVGIS UTC converted to Europe/Madrid; local HH:10 assigned to containing local clock hour,PVGIS 5.3 seriescalc
2025-08-16T17:00:00+02:00,1.0,0.49111,491.11,39.69,2023,2023-08-16T15:10:00+00:00,2023-08-16T17:10:00+02:00,PVGIS UTC converted to Europe/Madrid; local HH:10 assigned to containing local clock hour,PVGIS 5.3 seriescalc
2025-08-16T18:00:00+02:00,1.0,0.31645999999999996,316.46,28.73,2023,2023-08-16T16:10:00+00:00,2023-08-16T18:10:00+02:00,PVGIS UTC converted to Europe/Madrid; local HH:10 assigned to containing local clock hour,PVGIS 5.3 seriescalc
2025-08-16T19:00:00+02:00,1.0,0.11981,119.81,17.49,2023,2023-08-16T17:10:00+00:00,2023-08-16T19:10:00+02:00,PVGIS UTC converted to Europe/Madrid; local HH:10 assigned to containing local clock hour,PVGIS 5.3 seriescalc
2025-08-16T20:00:00+02:00,1.0,0.01769,17.69,6.36,2023,2023-08-16T18:10:00+00:00,2023-08-16T20:10:00+02:00,PVGIS UTC converted to Europe/Madrid; local HH:10 assigned to containing local clock hour,PVGIS 5.3 seriescalc
2025-08-16T21:00:00+02:00,1.0,0.0,0.0,0.0,2023,2023-08-16T19:10:00+00:00,2023-08-16T21:10:00+02:00,PVGIS UTC converted to Europe/Madrid; local HH:10 assigned to containing local clock hour,PVGIS 5.3 seriescalc
2025-08-16T22:00:00+02:00,1.0,0.0,0.0,0.0,2023,2023-08-16T20:10:00+00:00,2023-08-16T22:10:00+02:00,PVGIS UTC converted to Europe/Madrid; local HH:10 assigned to containing local clock hour,PVGIS 5.3 seriescalc
2025-08-16T23:00:00+02:00,1.0,0.0,0.0,0.0,2023,2023-08-16T21:10:00+00:00,2023-08-16T23:10:00+02:00,PVGIS UTC converted to Europe/Madrid; local HH:10 assigned to containing local clock hour,PVGIS 5.3 seriescalc
2025-08-17T00:00:00+02:00,1.0,0.0,0.0,0.0,2023,2023-08-16T22:10:00+00:00,2023-08-17T00:10:00+02:00,PVGIS UTC converted to Europe/Madrid; local HH:10 assigned to containing local clock hour,PVGIS 5.3 seriescalc
2025-08-17T01:00:00+02:00,1.0,0.0,0.0,0.0,2023,2023-08-16T23:10:00+00:00,2023-08-17T01:10:00+02:00,PVGIS UTC converted to Europe/Madrid; local HH:10 assigned to containing local clock hour,PVGIS 5.3 seriescalc
2025-08-17T02:00:00+02:00,1.0,0.0,0.0,0.0,2023,2023-08-17T00:10:00+00:00,2023-08-17T02:10:00+02:00,PVGIS UTC converted to Europe/Madrid; local HH:10 assigned to containing local clock hour,PVGIS 5.3 seriescalc
2025-08-17T03:00:00+02:00,1.0,0.0,0.0,0.0,2023,2023-08-17T01:10:00+00:00,2023-08-17T03:10:00+02:00,PVGIS UTC converted to Europe/Madrid; local HH:10 assigned to containing local clock hour,PVGIS 5.3 seriescalc
2025-08-17T04:00:00+02:00,1.0,0.0,0.0,0.0,2023,2023-08-17T02:10:00+00:00,2023-08-17T04:10:00+02:00,PVGIS UTC converted to Europe/Madrid; local HH:10 assigned to containing local clock hour,PVGIS 5.3 seriescalc
2025-08-17T05:00:00+02:00,1.0,0.0,0.0,0.0,2023,2023-08-17T03:10:00+00:00,2023-08-17T05:10:00+02:00,PVGIS UTC converted to Europe/Madrid; local HH:10 assigned to containing local clock hour,PVGIS 5.3 seriescalc
2025-08-17T06:00:00+02:00,1.0,0.0,0.0,0.0,2023,2023-08-17T04:10:00+00:00,2023-08-17T06:10:00+02:00,PVGIS UTC converted to Europe/Madrid; local HH:10 assigned to containing local clock hour,PVGIS 5.3 seriescalc
2025-08-17T07:00:00+02:00,1.0,0.0,0.0,0.0,2023,2023-08-17T05:10:00+00:00,2023-08-17T07:10:00+02:00,PVGIS UTC converted to Europe/Madrid; local HH:10 assigned to containing local clock hour,PVGIS 5.3 seriescalc
2025-08-17T08:00:00+02:00,1.0,0.05135,51.35,11.64,2023,2023-08-17T06:10:00+00:00,2023-08-17T08:10:00+02:00,PVGIS UTC converted to Europe/Madrid; local HH:10 assigned to containing local clock hour,PVGIS 5.3 seriescalc
2025-08-17T09:00:00+02:00,1.0,0.22019,220.19,22.87,2023,2023-08-17T07:10:00+00:00,2023-08-17T09:10:00+02:00,PVGIS UTC converted to Europe/Madrid; local HH:10 assigned to containing local clock hour,PVGIS 5.3 seriescalc
2025-08-17T10:00:00+02:00,1.0,0.41970999999999997,419.71,34.02,2023,2023-08-17T08:10:00+00:00,2023-08-17T10:10:00+02:00,PVGIS UTC converted to Europe/Madrid; local HH:10 assigned to containing local clock hour,PVGIS 5.3 seriescalc
2025-08-17T11:00:00+02:00,1.0,0.5784900000000001,578.49,44.64,2023,2023-08-17T09:10:00+00:00,2023-08-17T11:10:00+02:00,PVGIS UTC converted to Europe/Madrid; local HH:10 assigned to containing local clock hour,PVGIS 5.3 seriescalc
2025-08-17T12:00:00+02:00,1.0,0.69865,698.65,53.95,2023,2023-08-17T10:10:00+00:00,2023-08-17T12:10:00+02:00,PVGIS UTC converted to Europe/Madrid; local HH:10 assigned to containing local clock hour,PVGIS 5.3 seriescalc
2025-08-17T13:00:00+02:00,1.0,0.7676900000000001,767.69,60.43,2023,2023-08-17T11:10:00+00:00,2023-08-17T13:10:00+02:00,PVGIS UTC converted to Europe/Madrid; local HH:10 assigned to containing local clock hour,PVGIS 5.3 seriescalc
2025-08-17T14:00:00+02:00,1.0,0.7703300000000001,770.33,61.91,2023,2023-08-17T12:10:00+00:00,2023-08-17T14:10:00+02:00,PVGIS UTC converted to Europe/Madrid; local HH:10 assigned to containing local clock hour,PVGIS 5.3 seriescalc
2025-08-17T15:00:00+02:00,1.0,0.7257100000000001,725.71,57.68,2023,2023-08-17T13:10:00+00:00,2023-08-17T15:10:00+02:00,PVGIS UTC converted to Europe/Madrid; local HH:10 assigned to containing local clock hour,PVGIS 5.3 seriescalc
2025-08-17T16:00:00+02:00,1.0,0.6244500000000001,624.45,49.54,2023,2023-08-17T14:10:00+00:00,2023-08-17T16:10:00+02:00,PVGIS UTC converted to Europe/Madrid; local HH:10 assigned to containing local clock hour,PVGIS 5.3 seriescalc
2025-08-17T17:00:00+02:00,1.0,0.47158999999999995,471.59,39.44,2023,2023-08-17T15:10:00+00:00,2023-08-17T17:10:00+02:00,PVGIS UTC converted to Europe/Madrid; local HH:10 assigned to containing local clock hour,PVGIS 5.3 seriescalc
2025-08-17T18:00:00+02:00,1.0,0.30277,302.77,28.48,2023,2023-08-17T16:10:00+00:00,2023-08-17T18:10:00+02:00,PVGIS UTC converted to Europe/Madrid; local HH:10 assigned to containing local clock hour,PVGIS 5.3 seriescalc
2025-08-17T19:00:00+02:00,1.0,0.12634,126.34,17.25,2023,2023-08-17T17:10:00+00:00,2023-08-17T19:10:00+02:00,PVGIS UTC converted to Europe/Madrid; local HH:10 assigned to containing local clock hour,PVGIS 5.3 seriescalc
2025-08-17T20:00:00+02:00,1.0,0.016390000000000002,16.39,6.12,2023,2023-08-17T18:10:00+00:00,2023-08-17T20:10:00+02:00,PVGIS UTC converted to Europe/Madrid; local HH:10 assigned to containing local clock hour,PVGIS 5.3 seriescalc
2025-08-17T21:00:00+02:00,1.0,0.0,0.0,0.0,2023,2023-08-17T19:10:00+00:00,2023-08-17T21:10:00+02:00,PVGIS UTC converted to Europe/Madrid; local HH:10 assigned to containing local clock hour,PVGIS 5.3 seriescalc
2025-08-17T22:00:00+02:00,1.0,0.0,0.0,0.0,2023,2023-08-17T20:10:00+00:00,2023-08-17T22:10:00+02:00,PVGIS UTC converted to Europe/Madrid; local HH:10 assigned to containing local clock hour,PVGIS 5.3 seriescalc
2025-08-17T23:00:00+02:00,1.0,0.0,0.0,0.0,2023,2023-08-17T21:10:00+00:00,2023-08-17T23:10:00+02:00,PVGIS UTC converted to Europe/Madrid; local HH:10 assigned to containing local clock hour,PVGIS 5.3 seriescalc
2025-08-18T00:00:00+02:00,1.0,0.0,0.0,0.0,2023,2023-08-17T22:10:00+00:00,2023-08-18T00:10:00+02:00,PVGIS UTC converted to Europe/Madrid; local HH:10 assigned to containing local clock hour,PVGIS 5.3 seriescalc
2025-08-18T01:00:00+02:00,1.0,0.0,0.0,0.0,2023,2023-08-17T23:10:00+00:00,2023-08-18T01:10:00+02:00,PVGIS UTC converted to Europe/Madrid; local HH:10 assigned to containing local clock hour,PVGIS 5.3 seriescalc
2025-08-18T02:00:00+02:00,1.0,0.0,0.0,0.0,2023,2023-08-18T00:10:00+00:00,2023-08-18T02:10:00+02:00,PVGIS UTC converted to Europe/Madrid; local HH:10 assigned to containing local clock hour,PVGIS 5.3 seriescalc
2025-08-18T03:00:00+02:00,1.0,0.0,0.0,0.0,2023,2023-08-18T01:10:00+00:00,2023-08-18T03:10:00+02:00,PVGIS UTC converted to Europe/Madrid; local HH:10 assigned to containing local clock hour,PVGIS 5.3 seriescalc
2025-08-18T04:00:00+02:00,1.0,0.0,0.0,0.0,2023,2023-08-18T02:10:00+00:00,2023-08-18T04:10:00+02:00,PVGIS UTC converted to Europe/Madrid; local HH:10 assigned to containing local clock hour,PVGIS 5.3 seriescalc
2025-08-18T05:00:00+02:00,1.0,0.0,0.0,0.0,2023,2023-08-18T03:10:00+00:00,2023-08-18T05:10:00+02:00,PVGIS UTC converted to Europe/Madrid; local HH:10 assigned to containing local clock hour,PVGIS 5.3 seriescalc
2025-08-18T06:00:00+02:00,1.0,0.0,0.0,0.0,2023,2023-08-18T04:10:00+00:00,2023-08-18T06:10:00+02:00,PVGIS UTC converted to Europe/Madrid; local HH:10 assigned to containing local clock hour,PVGIS 5.3 seriescalc
2025-08-18T07:00:00+02:00,1.0,0.0,0.0,0.0,2023,2023-08-18T05:10:00+00:00,2023-08-18T07:10:00+02:00,PVGIS UTC converted to Europe/Madrid; local HH:10 assigned to containing local clock hour,PVGIS 5.3 seriescalc
2025-08-18T08:00:00+02:00,1.0,0.04944,49.44,11.48,2023,2023-08-18T06:10:00+00:00,2023-08-18T08:10:00+02:00,PVGIS UTC converted to Europe/Madrid; local HH:10 assigned to containing local clock hour,PVGIS 5.3 seriescalc
2025-08-18T09:00:00+02:00,1.0,0.21965,219.65,22.71,2023,2023-08-18T07:10:00+00:00,2023-08-18T09:10:00+02:00,PVGIS UTC converted to Europe/Madrid; local HH:10 assigned to containing local clock hour,PVGIS 5.3 seriescalc
2025-08-18T10:00:00+02:00,1.0,0.40976,409.76,33.85,2023,2023-08-18T08:10:00+00:00,2023-08-18T10:10:00+02:00,PVGIS UTC converted to Europe/Madrid; local HH:10 assigned to containing local clock hour,PVGIS 5.3 seriescalc
2025-08-18T11:00:00+02:00,1.0,0.5584,558.4,44.45,2023,2023-08-18T09:10:00+00:00,2023-08-18T11:10:00+02:00,PVGIS UTC converted to Europe/Madrid; local HH:10 assigned to containing local clock hour,PVGIS 5.3 seriescalc
2025-08-18T12:00:00+02:00,1.0,0.6748099999999999,674.81,53.71,2023,2023-08-18T10:10:00+00:00,2023-08-18T12:10:00+02:00,PVGIS UTC converted to Europe/Madrid; local HH:10 assigned to containing local clock hour,PVGIS 5.3 seriescalc
2025-08-18T13:00:00+02:00,1.0,0.73026,730.26,60.14,2023,2023-08-18T11:10:00+00:00,2023-08-18T13:10:00+02:00,PVGIS UTC converted to Europe/Madrid; local HH:10 assigned to containing local clock hour,PVGIS 5.3 seriescalc
2025-08-18T14:00:00+02:00,1.0,0.67227,672.27,61.58,2023,2023-08-18T12:10:00+00:00,2023-08-18T14:10:00+02:00,PVGIS UTC converted to Europe/Madrid; local HH:10 assigned to containing local clock hour,PVGIS 5.3 seriescalc
2025-08-18T15:00:00+02:00,1.0,0.24147,241.47,57.37,2023,2023-08-18T13:10:00+00:00,2023-08-18T15:10:00+02:00,PVGIS UTC converted to Europe/Madrid; local HH:10 assigned to containing local clock hour,PVGIS 5.3 seriescalc
2025-08-18T16:00:00+02:00,1.0,0.58626,586.26,49.26,2023,2023-08-18T14:10:00+00:00,2023-08-18T16:10:00+02:00,PVGIS UTC converted to Europe/Madrid; local HH:10 assigned to containing local clock hour,PVGIS 5.3 seriescalc
2025-08-18T17:00:00+02:00,1.0,0.48956,489.56,39.18,2023,2023-08-18T15:10:00+00:00,2023-08-18T17:10:00+02:00,PVGIS UTC converted to Europe/Madrid; local HH:10 assigned to containing local clock hour,PVGIS 5.3 seriescalc
2025-08-18T18:00:00+02:00,1.0,0.26033,260.33,28.24,2023,2023-08-18T16:10:00+00:00,2023-08-18T18:10:00+02:00,PVGIS UTC converted to Europe/Madrid; local HH:10 assigned to containing local clock hour,PVGIS 5.3 seriescalc
2025-08-18T19:00:00+02:00,1.0,0.09179999999999999,91.8,17.01,2023,2023-08-18T17:10:00+00:00,2023-08-18T19:10:00+02:00,PVGIS UTC converted to Europe/Madrid; local HH:10 assigned to containing local clock hour,PVGIS 5.3 seriescalc
2025-08-18T20:00:00+02:00,1.0,0.01453,14.53,5.86,2023,2023-08-18T18:10:00+00:00,2023-08-18T20:10:00+02:00,PVGIS UTC converted to Europe/Madrid; local HH:10 assigned to containing local clock hour,PVGIS 5.3 seriescalc
2025-08-18T21:00:00+02:00,1.0,0.0,0.0,0.0,2023,2023-08-18T19:10:00+00:00,2023-08-18T21:10:00+02:00,PVGIS UTC converted to Europe/Madrid; local HH:10 assigned to containing local clock hour,PVGIS 5.3 seriescalc
2025-08-18T22:00:00+02:00,1.0,0.0,0.0,0.0,2023,2023-08-18T20:10:00+00:00,2023-08-18T22:10:00+02:00,PVGIS UTC converted to Europe/Madrid; local HH:10 assigned to containing local clock hour,PVGIS 5.3 seriescalc
2025-08-18T23:00:00+02:00,1.0,0.0,0.0,0.0,2023,2023-08-18T21:10:00+00:00,2023-08-18T23:10:00+02:00,PVGIS UTC converted to Europe/Madrid; local HH:10 assigned to containing local clock hour,PVGIS 5.3 seriescalc
2025-08-19T00:00:00+02:00,1.0,0.0,0.0,0.0,2023,2023-08-18T22:10:00+00:00,2023-08-19T00:10:00+02:00,PVGIS UTC converted to Europe/Madrid; local HH:10 assigned to containing local clock hour,PVGIS 5.3 seriescalc
2025-08-19T01:00:00+02:00,1.0,0.0,0.0,0.0,2023,2023-08-18T23:10:00+00:00,2023-08-19T01:10:00+02:00,PVGIS UTC converted to Europe/Madrid; local HH:10 assigned to containing local clock hour,PVGIS 5.3 seriescalc
2025-08-19T02:00:00+02:00,1.0,0.0,0.0,0.0,2023,2023-08-19T00:10:00+00:00,2023-08-19T02:10:00+02:00,PVGIS UTC converted to Europe/Madrid; local HH:10 assigned to containing local clock hour,PVGIS 5.3 seriescalc
2025-08-19T03:00:00+02:00,1.0,0.0,0.0,0.0,2023,2023-08-19T01:10:00+00:00,2023-08-19T03:10:00+02:00,PVGIS UTC converted to Europe/Madrid; local HH:10 assigned to containing local clock hour,PVGIS 5.3 seriescalc
2025-08-19T04:00:00+02:00,1.0,0.0,0.0,0.0,2023,2023-08-19T02:10:00+00:00,2023-08-19T04:10:00+02:00,PVGIS UTC converted to Europe/Madrid; local HH:10 assigned to containing local clock hour,PVGIS 5.3 seriescalc
2025-08-19T05:00:00+02:00,1.0,0.0,0.0,0.0,2023,2023-08-19T03:10:00+00:00,2023-08-19T05:10:00+02:00,PVGIS UTC converted to Europe/Madrid; local HH:10 assigned to containing local clock hour,PVGIS 5.3 seriescalc
2025-08-19T06:00:00+02:00,1.0,0.0,0.0,0.0,2023,2023-08-19T04:10:00+00:00,2023-08-19T06:10:00+02:00,PVGIS UTC converted to Europe/Madrid; local HH:10 assigned to containing local clock hour,PVGIS 5.3 seriescalc
2025-08-19T07:00:00+02:00,1.0,0.0,0.0,0.0,2023,2023-08-19T05:10:00+00:00,2023-08-19T07:10:00+02:00,PVGIS UTC converted to Europe/Madrid; local HH:10 assigned to containing local clock hour,PVGIS 5.3 seriescalc
2025-08-19T08:00:00+02:00,1.0,0.04022,40.22,11.31,2023,2023-08-19T06:10:00+00:00,2023-08-19T08:10:00+02:00,PVGIS UTC converted to Europe/Madrid; local HH:10 assigned to containing local clock hour,PVGIS 5.3 seriescalc
2025-08-19T09:00:00+02:00,1.0,0.13206,132.06,22.54,2023,2023-08-19T07:10:00+00:00,2023-08-19T09:10:00+02:00,PVGIS UTC converted to Europe/Madrid; local HH:10 assigned to containing local clock hour,PVGIS 5.3 seriescalc
2025-08-19T10:00:00+02:00,1.0,0.2345,234.5,33.68,2023,2023-08-19T08:10:00+00:00,2023-08-19T10:10:00+02:00,PVGIS UTC converted to Europe/Madrid; local HH:10 assigned to containing local clock hour,PVGIS 5.3 seriescalc
2025-08-19T11:00:00+02:00,1.0,0.44005,440.05,44.25,2023,2023-08-19T09:10:00+00:00,2023-08-19T11:10:00+02:00,PVGIS UTC converted to Europe/Madrid; local HH:10 assigned to containing local clock hour,PVGIS 5.3 seriescalc
2025-08-19T12:00:00+02:00,1.0,0.6633,663.3,53.48,2023,2023-08-19T10:10:00+00:00,2023-08-19T12:10:00+02:00,PVGIS UTC converted to Europe/Madrid; local HH:10 assigned to containing local clock hour,PVGIS 5.3 seriescalc
2025-08-19T13:00:00+02:00,1.0,0.7290099999999999,729.01,59.84,2023,2023-08-19T11:10:00+00:00,2023-08-19T13:10:00+02:00,PVGIS UTC converted to Europe/Madrid; local HH:10 assigned to containing local clock hour,PVGIS 5.3 seriescalc
2025-08-19T14:00:00+02:00,1.0,0.7448400000000001,744.84,61.26,2023,2023-08-19T12:10:00+00:00,2023-08-19T14:10:00+02:00,PVGIS UTC converted to Europe/Madrid; local HH:10 assigned to containing local clock hour,PVGIS 5.3 seriescalc
2025-08-19T15:00:00+02:00,1.0,0.7179099999999999,717.91,57.05,2023,2023-08-19T13:10:00+00:00,2023-08-19T15:10:00+02:00,PVGIS UTC converted to Europe/Madrid; local HH:10 assigned to containing local clock hour,PVGIS 5.3 seriescalc
2025-08-19T16:00:00+02:00,1.0,0.63471,634.71,48.97,2023,2023-08-19T14:10:00+00:00,2023-08-19T16:10:00+02:00,PVGIS UTC converted to Europe/Madrid; local HH:10 assigned to containing local clock hour,PVGIS 5.3 seriescalc
2025-08-19T17:00:00+02:00,1.0,0.49356,493.56,38.92,2023,2023-08-19T15:10:00+00:00,2023-08-19T17:10:00+02:00,PVGIS UTC converted to Europe/Madrid; local HH:10 assigned to containing local clock hour,PVGIS 5.3 seriescalc
2025-08-19T18:00:00+02:00,1.0,0.30538,305.38,27.98,2023,2023-08-19T16:10:00+00:00,2023-08-19T18:10:00+02:00,PVGIS UTC converted to Europe/Madrid; local HH:10 assigned to containing local clock hour,PVGIS 5.3 seriescalc
2025-08-19T19:00:00+02:00,1.0,0.12073,120.73,16.76,2023,2023-08-19T17:10:00+00:00,2023-08-19T19:10:00+02:00,PVGIS UTC converted to Europe/Madrid; local HH:10 assigned to containing local clock hour,PVGIS 5.3 seriescalc
2025-08-19T20:00:00+02:00,1.0,0.014539999999999999,14.54,5.61,2023,2023-08-19T18:10:00+00:00,2023-08-19T20:10:00+02:00,PVGIS UTC converted to Europe/Madrid; local HH:10 assigned to containing local clock hour,PVGIS 5.3 seriescalc
2025-08-19T21:00:00+02:00,1.0,0.0,0.0,0.0,2023,2023-08-19T19:10:00+00:00,2023-08-19T21:10:00+02:00,PVGIS UTC converted to Europe/Madrid; local HH:10 assigned to containing local clock hour,PVGIS 5.3 seriescalc
2025-08-19T22:00:00+02:00,1.0,0.0,0.0,0.0,2023,2023-08-19T20:10:00+00:00,2023-08-19T22:10:00+02:00,PVGIS UTC converted to Europe/Madrid; local HH:10 assigned to containing local clock hour,PVGIS 5.3 seriescalc
2025-08-19T23:00:00+02:00,1.0,0.0,0.0,0.0,2023,2023-08-19T21:10:00+00:00,2023-08-19T23:10:00+02:00,PVGIS UTC converted to Europe/Madrid; local HH:10 assigned to containing local clock hour,PVGIS 5.3 seriescalc
2025-08-20T00:00:00+02:00,1.0,0.0,0.0,0.0,2023,2023-08-19T22:10:00+00:00,2023-08-20T00:10:00+02:00,PVGIS UTC converted to Europe/Madrid; local HH:10 assigned to containing local clock hour,PVGIS 5.3 seriescalc
2025-08-20T01:00:00+02:00,1.0,0.0,0.0,0.0,2023,2023-08-19T23:10:00+00:00,2023-08-20T01:10:00+02:00,PVGIS UTC converted to Europe/Madrid; local HH:10 assigned to containing local clock hour,PVGIS 5.3 seriescalc
2025-08-20T02:00:00+02:00,1.0,0.0,0.0,0.0,2023,2023-08-20T00:10:00+00:00,2023-08-20T02:10:00+02:00,PVGIS UTC converted to Europe/Madrid; local HH:10 assigned to containing local clock hour,PVGIS 5.3 seriescalc
2025-08-20T03:00:00+02:00,1.0,0.0,0.0,0.0,2023,2023-08-20T01:10:00+00:00,2023-08-20T03:10:00+02:00,PVGIS UTC converted to Europe/Madrid; local HH:10 assigned to containing local clock hour,PVGIS 5.3 seriescalc
2025-08-20T04:00:00+02:00,1.0,0.0,0.0,0.0,2023,2023-08-20T02:10:00+00:00,2023-08-20T04:10:00+02:00,PVGIS UTC converted to Europe/Madrid; local HH:10 assigned to containing local clock hour,PVGIS 5.3 seriescalc
2025-08-20T05:00:00+02:00,1.0,0.0,0.0,0.0,2023,2023-08-20T03:10:00+00:00,2023-08-20T05:10:00+02:00,PVGIS UTC converted to Europe/Madrid; local HH:10 assigned to containing local clock hour,PVGIS 5.3 seriescalc
2025-08-20T06:00:00+02:00,1.0,0.0,0.0,0.0,2023,2023-08-20T04:10:00+00:00,2023-08-20T06:10:00+02:00,PVGIS UTC converted to Europe/Madrid; local HH:10 assigned to containing local clock hour,PVGIS 5.3 seriescalc
2025-08-20T07:00:00+02:00,1.0,0.0,0.0,0.0,2023,2023-08-20T05:10:00+00:00,2023-08-20T07:10:00+02:00,PVGIS UTC converted to Europe/Madrid; local HH:10 assigned to containing local clock hour,PVGIS 5.3 seriescalc
2025-08-20T08:00:00+02:00,1.0,0.04759,47.59,11.15,2023,2023-08-20T06:10:00+00:00,2023-08-20T08:10:00+02:00,PVGIS UTC converted to Europe/Madrid; local HH:10 assigned to containing local clock hour,PVGIS 5.3 seriescalc
2025-08-20T09:00:00+02:00,1.0,0.20875,208.75,22.38,2023,2023-08-20T07:10:00+00:00,2023-08-20T09:10:00+02:00,PVGIS UTC converted to Europe/Madrid; local HH:10 assigned to containing local clock hour,PVGIS 5.3 seriescalc
2025-08-20T10:00:00+02:00,1.0,0.39067,390.67,33.5,2023,2023-08-20T08:10:00+00:00,2023-08-20T10:10:00+02:00,PVGIS UTC converted to Europe/Madrid; local HH:10 assigned to containing local clock hour,PVGIS 5.3 seriescalc
2025-08-20T11:00:00+02:00,1.0,0.53654,536.54,44.06,2023,2023-08-20T09:10:00+00:00,2023-08-20T11:10:00+02:00,PVGIS UTC converted to Europe/Madrid; local HH:10 assigned to containing local clock hour,PVGIS 5.3 seriescalc
2025-08-20T12:00:00+02:00,1.0,0.6633300000000001,663.33,53.24,2023,2023-08-20T10:10:00+00:00,2023-08-20T12:10:00+02:00,PVGIS UTC converted to Europe/Madrid; local HH:10 assigned to containing local clock hour,PVGIS 5.3 seriescalc
2025-08-20T13:00:00+02:00,1.0,0.72837,728.37,59.55,2023,2023-08-20T11:10:00+00:00,2023-08-20T13:10:00+02:00,PVGIS UTC converted to Europe/Madrid; local HH:10 assigned to containing local clock hour,PVGIS 5.3 seriescalc
2025-08-20T14:00:00+02:00,1.0,0.74036,740.36,60.93,2023,2023-08-20T12:10:00+00:00,2023-08-20T14:10:00+02:00,PVGIS UTC converted to Europe/Madrid; local HH:10 assigned to containing local clock hour,PVGIS 5.3 seriescalc
2025-08-20T15:00:00+02:00,1.0,0.70147,701.47,56.73,2023,2023-08-20T13:10:00+00:00,2023-08-20T15:10:00+02:00,PVGIS UTC converted to Europe/Madrid; local HH:10 assigned to containing local clock hour,PVGIS 5.3 seriescalc
2025-08-20T16:00:00+02:00,1.0,0.61801,618.01,48.68,2023,2023-08-20T14:10:00+00:00,2023-08-20T16:10:00+02:00,PVGIS UTC converted to Europe/Madrid; local HH:10 assigned to containing local clock hour,PVGIS 5.3 seriescalc
2025-08-20T17:00:00+02:00,1.0,0.48289,482.89,38.65,2023,2023-08-20T15:10:00+00:00,2023-08-20T17:10:00+02:00,PVGIS UTC converted to Europe/Madrid; local HH:10 assigned to containing local clock hour,PVGIS 5.3 seriescalc
2025-08-20T18:00:00+02:00,1.0,0.3025,302.5,27.73,2023,2023-08-20T16:10:00+00:00,2023-08-20T18:10:00+02:00,PVGIS UTC converted to Europe/Madrid; local HH:10 assigned to containing local clock hour,PVGIS 5.3 seriescalc
2025-08-20T19:00:00+02:00,1.0,0.11629,116.29,16.5,2023,2023-08-20T17:10:00+00:00,2023-08-20T19:10:00+02:00,PVGIS UTC converted to Europe/Madrid; local HH:10 assigned to containing local clock hour,PVGIS 5.3 seriescalc
2025-08-20T20:00:00+02:00,1.0,0.01323,13.23,5.35,2023,2023-08-20T18:10:00+00:00,2023-08-20T20:10:00+02:00,PVGIS UTC converted to Europe/Madrid; local HH:10 assigned to containing local clock hour,PVGIS 5.3 seriescalc
2025-08-20T21:00:00+02:00,1.0,0.0,0.0,0.0,2023,2023-08-20T19:10:00+00:00,2023-08-20T21:10:00+02:00,PVGIS UTC converted to Europe/Madrid; local HH:10 assigned to containing local clock hour,PVGIS 5.3 seriescalc
2025-08-20T22:00:00+02:00,1.0,0.0,0.0,0.0,2023,2023-08-20T20:10:00+00:00,2023-08-20T22:10:00+02:00,PVGIS UTC converted to Europe/Madrid; local HH:10 assigned to containing local clock hour,PVGIS 5.3 seriescalc
2025-08-20T23:00:00+02:00,1.0,0.0,0.0,0.0,2023,2023-08-20T21:10:00+00:00,2023-08-20T23:10:00+02:00,PVGIS UTC converted to Europe/Madrid; local HH:10 assigned to containing local clock hour,PVGIS 5.3 seriescalc
2025-08-21T00:00:00+02:00,1.0,0.0,0.0,0.0,2023,2023-08-20T22:10:00+00:00,2023-08-21T00:10:00+02:00,PVGIS UTC converted to Europe/Madrid; local HH:10 assigned to containing local clock hour,PVGIS 5.3 seriescalc
2025-08-21T01:00:00+02:00,1.0,0.0,0.0,0.0,2023,2023-08-20T23:10:00+00:00,2023-08-21T01:10:00+02:00,PVGIS UTC converted to Europe/Madrid; local HH:10 assigned to containing local clock hour,PVGIS 5.3 seriescalc
2025-08-21T02:00:00+02:00,1.0,0.0,0.0,0.0,2023,2023-08-21T00:10:00+00:00,2023-08-21T02:10:00+02:00,PVGIS UTC converted to Europe/Madrid; local HH:10 assigned to containing local clock hour,PVGIS 5.3 seriescalc
2025-08-21T03:00:00+02:00,1.0,0.0,0.0,0.0,2023,2023-08-21T01:10:00+00:00,2023-08-21T03:10:00+02:00,PVGIS UTC converted to Europe/Madrid; local HH:10 assigned to containing local clock hour,PVGIS 5.3 seriescalc
2025-08-21T04:00:00+02:00,1.0,0.0,0.0,0.0,2023,2023-08-21T02:10:00+00:00,2023-08-21T04:10:00+02:00,PVGIS UTC converted to Europe/Madrid; local HH:10 assigned to containing local clock hour,PVGIS 5.3 seriescalc
2025-08-21T05:00:00+02:00,1.0,0.0,0.0,0.0,2023,2023-08-21T03:10:00+00:00,2023-08-21T05:10:00+02:00,PVGIS UTC converted to Europe/Madrid; local HH:10 assigned to containing local clock hour,PVGIS 5.3 seriescalc
2025-08-21T06:00:00+02:00,1.0,0.0,0.0,0.0,2023,2023-08-21T04:10:00+00:00,2023-08-21T06:10:00+02:00,PVGIS UTC converted to Europe/Madrid; local HH:10 assigned to containing local clock hour,PVGIS 5.3 seriescalc
2025-08-21T07:00:00+02:00,1.0,0.0,0.0,0.0,2023,2023-08-21T05:10:00+00:00,2023-08-21T07:10:00+02:00,PVGIS UTC converted to Europe/Madrid; local HH:10 assigned to containing local clock hour,PVGIS 5.3 seriescalc
2025-08-21T08:00:00+02:00,1.0,0.04686,46.86,10.98,2023,2023-08-21T06:10:00+00:00,2023-08-21T08:10:00+02:00,PVGIS UTC converted to Europe/Madrid; local HH:10 assigned to containing local clock hour,PVGIS 5.3 seriescalc
2025-08-21T09:00:00+02:00,1.0,0.21056999999999998,210.57,22.22,2023,2023-08-21T07:10:00+00:00,2023-08-21T09:10:00+02:00,PVGIS UTC converted to Europe/Madrid; local HH:10 assigned to containing local clock hour,PVGIS 5.3 seriescalc
2025-08-21T10:00:00+02:00,1.0,0.38938,389.38,33.33,2023,2023-08-21T08:10:00+00:00,2023-08-21T10:10:00+02:00,PVGIS UTC converted to Europe/Madrid; local HH:10 assigned to containing local clock hour,PVGIS 5.3 seriescalc
2025-08-21T11:00:00+02:00,1.0,0.54548,545.48,43.86,2023,2023-08-21T09:10:00+00:00,2023-08-21T11:10:00+02:00,PVGIS UTC converted to Europe/Madrid; local HH:10 assigned to containing local clock hour,PVGIS 5.3 seriescalc
2025-08-21T12:00:00+02:00,1.0,0.65773,657.73,53.0,2023,2023-08-21T10:10:00+00:00,2023-08-21T12:10:00+02:00,PVGIS UTC converted to Europe/Madrid; local HH:10 assigned to containing local clock hour,PVGIS 5.3 seriescalc
2025-08-21T13:00:00+02:00,1.0,0.72229,722.29,59.25,2023,2023-08-21T11:10:00+00:00,2023-08-21T13:10:00+02:00,PVGIS UTC converted to Europe/Madrid; local HH:10 assigned to containing local clock hour,PVGIS 5.3 seriescalc
2025-08-21T14:00:00+02:00,1.0,0.7323099999999999,732.31,60.59,2023,2023-08-21T12:10:00+00:00,2023-08-21T14:10:00+02:00,PVGIS UTC converted to Europe/Madrid; local HH:10 assigned to containing local clock hour,PVGIS 5.3 seriescalc
2025-08-21T15:00:00+02:00,1.0,0.68889,688.89,56.41,2023,2023-08-21T13:10:00+00:00,2023-08-21T15:10:00+02:00,PVGIS UTC converted to Europe/Madrid; local HH:10 assigned to containing local clock hour,PVGIS 5.3 seriescalc
2025-08-21T16:00:00+02:00,1.0,0.61342,613.42,48.39,2023,2023-08-21T14:10:00+00:00,2023-08-21T16:10:00+02:00,PVGIS UTC converted to Europe/Madrid; local HH:10 assigned to containing local clock hour,PVGIS 5.3 seriescalc
2025-08-21T17:00:00+02:00,1.0,0.48102,481.02,38.38,2023,2023-08-21T15:10:00+00:00,2023-08-21T17:10:00+02:00,PVGIS UTC converted to Europe/Madrid; local HH:10 assigned to containing local clock hour,PVGIS 5.3 seriescalc
2025-08-21T18:00:00+02:00,1.0,0.30538,305.38,27.47,2023,2023-08-21T16:10:00+00:00,2023-08-21T18:10:00+02:00,PVGIS UTC converted to Europe/Madrid; local HH:10 assigned to containing local clock hour,PVGIS 5.3 seriescalc
2025-08-21T19:00:00+02:00,1.0,0.11524,115.24,16.24,2023,2023-08-21T17:10:00+00:00,2023-08-21T19:10:00+02:00,PVGIS UTC converted to Europe/Madrid; local HH:10 assigned to containing local clock hour,PVGIS 5.3 seriescalc
2025-08-21T20:00:00+02:00,1.0,0.011970000000000001,11.97,5.08,2023,2023-08-21T18:10:00+00:00,2023-08-21T20:10:00+02:00,PVGIS UTC converted to Europe/Madrid; local HH:10 assigned to containing local clock hour,PVGIS 5.3 seriescalc
2025-08-21T21:00:00+02:00,1.0,0.0,0.0,0.0,2023,2023-08-21T19:10:00+00:00,2023-08-21T21:10:00+02:00,PVGIS UTC converted to Europe/Madrid; local HH:10 assigned to containing local clock hour,PVGIS 5.3 seriescalc
2025-08-21T22:00:00+02:00,1.0,0.0,0.0,0.0,2023,2023-08-21T20:10:00+00:00,2023-08-21T22:10:00+02:00,PVGIS UTC converted to Europe/Madrid; local HH:10 assigned to containing local clock hour,PVGIS 5.3 seriescalc
2025-08-21T23:00:00+02:00,1.0,0.0,0.0,0.0,2023,2023-08-21T21:10:00+00:00,2023-08-21T23:10:00+02:00,PVGIS UTC converted to Europe/Madrid; local HH:10 assigned to containing local clock hour,PVGIS 5.3 seriescalc
2025-08-22T00:00:00+02:00,1.0,0.0,0.0,0.0,2023,2023-08-21T22:10:00+00:00,2023-08-22T00:10:00+02:00,PVGIS UTC converted to Europe/Madrid; local HH:10 assigned to containing local clock hour,PVGIS 5.3 seriescalc
2025-08-22T01:00:00+02:00,1.0,0.0,0.0,0.0,2023,2023-08-21T23:10:00+00:00,2023-08-22T01:10:00+02:00,PVGIS UTC converted to Europe/Madrid; local HH:10 assigned to containing local clock hour,PVGIS 5.3 seriescalc
2025-08-22T02:00:00+02:00,1.0,0.0,0.0,0.0,2023,2023-08-22T00:10:00+00:00,2023-08-22T02:10:00+02:00,PVGIS UTC converted to Europe/Madrid; local HH:10 assigned to containing local clock hour,PVGIS 5.3 seriescalc
2025-08-22T03:00:00+02:00,1.0,0.0,0.0,0.0,2023,2023-08-22T01:10:00+00:00,2023-08-22T03:10:00+02:00,PVGIS UTC converted to Europe/Madrid; local HH:10 assigned to containing local clock hour,PVGIS 5.3 seriescalc
2025-08-22T04:00:00+02:00,1.0,0.0,0.0,0.0,2023,2023-08-22T02:10:00+00:00,2023-08-22T04:10:00+02:00,PVGIS UTC converted to Europe/Madrid; local HH:10 assigned to containing local clock hour,PVGIS 5.3 seriescalc
2025-08-22T05:00:00+02:00,1.0,0.0,0.0,0.0,2023,2023-08-22T03:10:00+00:00,2023-08-22T05:10:00+02:00,PVGIS UTC converted to Europe/Madrid; local HH:10 assigned to containing local clock hour,PVGIS 5.3 seriescalc
2025-08-22T06:00:00+02:00,1.0,0.0,0.0,0.0,2023,2023-08-22T04:10:00+00:00,2023-08-22T06:10:00+02:00,PVGIS UTC converted to Europe/Madrid; local HH:10 assigned to containing local clock hour,PVGIS 5.3 seriescalc
2025-08-22T07:00:00+02:00,1.0,0.0,0.0,0.0,2023,2023-08-22T05:10:00+00:00,2023-08-22T07:10:00+02:00,PVGIS UTC converted to Europe/Madrid; local HH:10 assigned to containing local clock hour,PVGIS 5.3 seriescalc
2025-08-22T08:00:00+02:00,1.0,0.046329999999999996,46.33,10.81,2023,2023-08-22T06:10:00+00:00,2023-08-22T08:10:00+02:00,PVGIS UTC converted to Europe/Madrid; local HH:10 assigned to containing local clock hour,PVGIS 5.3 seriescalc
2025-08-22T09:00:00+02:00,1.0,0.20931,209.31,22.05,2023,2023-08-22T07:10:00+00:00,2023-08-22T09:10:00+02:00,PVGIS UTC converted to Europe/Madrid; local HH:10 assigned to containing local clock hour,PVGIS 5.3 seriescalc
2025-08-22T10:00:00+02:00,1.0,0.39764,397.64,33.15,2023,2023-08-22T08:10:00+00:00,2023-08-22T10:10:00+02:00,PVGIS UTC converted to Europe/Madrid; local HH:10 assigned to containing local clock hour,PVGIS 5.3 seriescalc
2025-08-22T11:00:00+02:00,1.0,0.5588200000000001,558.82,43.66,2023,2023-08-22T09:10:00+00:00,2023-08-22T11:10:00+02:00,PVGIS UTC converted to Europe/Madrid; local HH:10 assigned to containing local clock hour,PVGIS 5.3 seriescalc
2025-08-22T12:00:00+02:00,1.0,0.67444,674.44,52.75,2023,2023-08-22T10:10:00+00:00,2023-08-22T12:10:00+02:00,PVGIS UTC converted to Europe/Madrid; local HH:10 assigned to containing local clock hour,PVGIS 5.3 seriescalc
2025-08-22T13:00:00+02:00,1.0,0.72787,727.87,58.95,2023,2023-08-22T11:10:00+00:00,2023-08-22T13:10:00+02:00,PVGIS UTC converted to Europe/Madrid; local HH:10 assigned to containing local clock hour,PVGIS 5.3 seriescalc
2025-08-22T14:00:00+02:00,1.0,0.72781,727.81,60.25,2023,2023-08-22T12:10:00+00:00,2023-08-22T14:10:00+02:00,PVGIS UTC converted to Europe/Madrid; local HH:10 assigned to containing local clock hour,PVGIS 5.3 seriescalc
2025-08-22T15:00:00+02:00,1.0,0.70433,704.33,56.08,2023,2023-08-22T13:10:00+00:00,2023-08-22T15:10:00+02:00,PVGIS UTC converted to Europe/Madrid; local HH:10 assigned to containing local clock hour,PVGIS 5.3 seriescalc
2025-08-22T16:00:00+02:00,1.0,0.62303,623.03,48.09,2023,2023-08-22T14:10:00+00:00,2023-08-22T16:10:00+02:00,PVGIS UTC converted to Europe/Madrid; local HH:10 assigned to containing local clock hour,PVGIS 5.3 seriescalc
2025-08-22T17:00:00+02:00,1.0,0.48214,482.14,38.1,2023,2023-08-22T15:10:00+00:00,2023-08-22T17:10:00+02:00,PVGIS UTC converted to Europe/Madrid; local HH:10 assigned to containing local clock hour,PVGIS 5.3 seriescalc
2025-08-22T18:00:00+02:00,1.0,0.30437000000000003,304.37,27.2,2023,2023-08-22T16:10:00+00:00,2023-08-22T18:10:00+02:00,PVGIS UTC converted to Europe/Madrid; local HH:10 assigned to containing local clock hour,PVGIS 5.3 seriescalc
2025-08-22T19:00:00+02:00,1.0,0.11624,116.24,15.98,2023,2023-08-22T17:10:00+00:00,2023-08-22T19:10:00+02:00,PVGIS UTC converted to Europe/Madrid; local HH:10 assigned to containing local clock hour,PVGIS 5.3 seriescalc
2025-08-22T20:00:00+02:00,1.0,0.01087,10.87,4.82,2023,2023-08-22T18:10:00+00:00,2023-08-22T20:10:00+02:00,PVGIS UTC converted to Europe/Madrid; local HH:10 assigned to containing local clock hour,PVGIS 5.3 seriescalc
2025-08-22T21:00:00+02:00,1.0,0.0,0.0,0.0,2023,2023-08-22T19:10:00+00:00,2023-08-22T21:10:00+02:00,PVGIS UTC converted to Europe/Madrid; local HH:10 assigned to containing local clock hour,PVGIS 5.3 seriescalc
2025-08-22T22:00:00+02:00,1.0,0.0,0.0,0.0,2023,2023-08-22T20:10:00+00:00,2023-08-22T22:10:00+02:00,PVGIS UTC converted to Europe/Madrid; local HH:10 assigned to containing local clock hour,PVGIS 5.3 seriescalc
2025-08-22T23:00:00+02:00,1.0,0.0,0.0,0.0,2023,2023-08-22T21:10:00+00:00,2023-08-22T23:10:00+02:00,PVGIS UTC converted to Europe/Madrid; local HH:10 assigned to containing local clock hour,PVGIS 5.3 seriescalc
2025-08-23T00:00:00+02:00,1.0,0.0,0.0,0.0,2023,2023-08-22T22:10:00+00:00,2023-08-23T00:10:00+02:00,PVGIS UTC converted to Europe/Madrid; local HH:10 assigned to containing local clock hour,PVGIS 5.3 seriescalc
2025-08-23T01:00:00+02:00,1.0,0.0,0.0,0.0,2023,2023-08-22T23:10:00+00:00,2023-08-23T01:10:00+02:00,PVGIS UTC converted to Europe/Madrid; local HH:10 assigned to containing local clock hour,PVGIS 5.3 seriescalc
2025-08-23T02:00:00+02:00,1.0,0.0,0.0,0.0,2023,2023-08-23T00:10:00+00:00,2023-08-23T02:10:00+02:00,PVGIS UTC converted to Europe/Madrid; local HH:10 assigned to containing local clock hour,PVGIS 5.3 seriescalc
2025-08-23T03:00:00+02:00,1.0,0.0,0.0,0.0,2023,2023-08-23T01:10:00+00:00,2023-08-23T03:10:00+02:00,PVGIS UTC converted to Europe/Madrid; local HH:10 assigned to containing local clock hour,PVGIS 5.3 seriescalc
2025-08-23T04:00:00+02:00,1.0,0.0,0.0,0.0,2023,2023-08-23T02:10:00+00:00,2023-08-23T04:10:00+02:00,PVGIS UTC converted to Europe/Madrid; local HH:10 assigned to containing local clock hour,PVGIS 5.3 seriescalc
2025-08-23T05:00:00+02:00,1.0,0.0,0.0,0.0,2023,2023-08-23T03:10:00+00:00,2023-08-23T05:10:00+02:00,PVGIS UTC converted to Europe/Madrid; local HH:10 assigned to containing local clock hour,PVGIS 5.3 seriescalc
2025-08-23T06:00:00+02:00,1.0,0.0,0.0,0.0,2023,2023-08-23T04:10:00+00:00,2023-08-23T06:10:00+02:00,PVGIS UTC converted to Europe/Madrid; local HH:10 assigned to containing local clock hour,PVGIS 5.3 seriescalc
2025-08-23T07:00:00+02:00,1.0,0.0,0.0,0.0,2023,2023-08-23T05:10:00+00:00,2023-08-23T07:10:00+02:00,PVGIS UTC converted to Europe/Madrid; local HH:10 assigned to containing local clock hour,PVGIS 5.3 seriescalc
2025-08-23T08:00:00+02:00,1.0,0.04614,46.14,10.65,2023,2023-08-23T06:10:00+00:00,2023-08-23T08:10:00+02:00,PVGIS UTC converted to Europe/Madrid; local HH:10 assigned to containing local clock hour,PVGIS 5.3 seriescalc
2025-08-23T09:00:00+02:00,1.0,0.21156,211.56,21.88,2023,2023-08-23T07:10:00+00:00,2023-08-23T09:10:00+02:00,PVGIS UTC converted to Europe/Madrid; local HH:10 assigned to containing local clock hour,PVGIS 5.3 seriescalc
2025-08-23T10:00:00+02:00,1.0,0.396,396.0,32.98,2023,2023-08-23T08:10:00+00:00,2023-08-23T10:10:00+02:00,PVGIS UTC converted to Europe/Madrid; local HH:10 assigned to containing local clock hour,PVGIS 5.3 seriescalc
2025-08-23T11:00:00+02:00,1.0,0.55335,553.35,43.45,2023,2023-08-23T09:10:00+00:00,2023-08-23T11:10:00+02:00,PVGIS UTC converted to Europe/Madrid; local HH:10 assigned to containing local clock hour,PVGIS 5.3 seriescalc
2025-08-23T12:00:00+02:00,1.0,0.6604800000000001,660.48,52.5,2023,2023-08-23T10:10:00+00:00,2023-08-23T12:10:00+02:00,PVGIS UTC converted to Europe/Madrid; local HH:10 assigned to containing local clock hour,PVGIS 5.3 seriescalc
2025-08-23T13:00:00+02:00,1.0,0.72074,720.74,58.64,2023,2023-08-23T11:10:00+00:00,2023-08-23T13:10:00+02:00,PVGIS UTC converted to Europe/Madrid; local HH:10 assigned to containing local clock hour,PVGIS 5.3 seriescalc
2025-08-23T14:00:00+02:00,1.0,0.7265499999999999,726.55,59.91,2023,2023-08-23T12:10:00+00:00,2023-08-23T14:10:00+02:00,PVGIS UTC converted to Europe/Madrid; local HH:10 assigned to containing local clock hour,PVGIS 5.3 seriescalc
2025-08-23T15:00:00+02:00,1.0,0.69178,691.78,55.75,2023,2023-08-23T13:10:00+00:00,2023-08-23T15:10:00+02:00,PVGIS UTC converted to Europe/Madrid; local HH:10 assigned to containing local clock hour,PVGIS 5.3 seriescalc
2025-08-23T16:00:00+02:00,1.0,0.6031599999999999,603.16,47.79,2023,2023-08-23T14:10:00+00:00,2023-08-23T16:10:00+02:00,PVGIS UTC converted to Europe/Madrid; local HH:10 assigned to containing local clock hour,PVGIS 5.3 seriescalc
2025-08-23T17:00:00+02:00,1.0,0.48769999999999997,487.7,37.82,2023,2023-08-23T15:10:00+00:00,2023-08-23T17:10:00+02:00,PVGIS UTC converted to Europe/Madrid; local HH:10 assigned to containing local clock hour,PVGIS 5.3 seriescalc
2025-08-23T18:00:00+02:00,1.0,0.27182999999999996,271.83,26.93,2023,2023-08-23T16:10:00+00:00,2023-08-23T18:10:00+02:00,PVGIS UTC converted to Europe/Madrid; local HH:10 assigned to containing local clock hour,PVGIS 5.3 seriescalc
2025-08-23T19:00:00+02:00,1.0,0.10543000000000001,105.43,15.71,2023,2023-08-23T17:10:00+00:00,2023-08-23T19:10:00+02:00,PVGIS UTC converted to Europe/Madrid; local HH:10 assigned to containing local clock hour,PVGIS 5.3 seriescalc
2025-08-23T20:00:00+02:00,1.0,0.008539999999999999,8.54,4.55,2023,2023-08-23T18:10:00+00:00,2023-08-23T20:10:00+02:00,PVGIS UTC converted to Europe/Madrid; local HH:10 assigned to containing local clock hour,PVGIS 5.3 seriescalc
2025-08-23T21:00:00+02:00,1.0,0.0,0.0,0.0,2023,2023-08-23T19:10:00+00:00,2023-08-23T21:10:00+02:00,PVGIS UTC converted to Europe/Madrid; local HH:10 assigned to containing local clock hour,PVGIS 5.3 seriescalc
2025-08-23T22:00:00+02:00,1.0,0.0,0.0,0.0,2023,2023-08-23T20:10:00+00:00,2023-08-23T22:10:00+02:00,PVGIS UTC converted to Europe/Madrid; local HH:10 assigned to containing local clock hour,PVGIS 5.3 seriescalc
2025-08-23T23:00:00+02:00,1.0,0.0,0.0,0.0,2023,2023-08-23T21:10:00+00:00,2023-08-23T23:10:00+02:00,PVGIS UTC converted to Europe/Madrid; local HH:10 assigned to containing local clock hour,PVGIS 5.3 seriescalc
2025-08-24T00:00:00+02:00,1.0,0.0,0.0,0.0,2023,2023-08-23T22:10:00+00:00,2023-08-24T00:10:00+02:00,PVGIS UTC converted to Europe/Madrid; local HH:10 assigned to containing local clock hour,PVGIS 5.3 seriescalc
2025-08-24T01:00:00+02:00,1.0,0.0,0.0,0.0,2023,2023-08-23T23:10:00+00:00,2023-08-24T01:10:00+02:00,PVGIS UTC converted to Europe/Madrid; local HH:10 assigned to containing local clock hour,PVGIS 5.3 seriescalc
2025-08-24T02:00:00+02:00,1.0,0.0,0.0,0.0,2023,2023-08-24T00:10:00+00:00,2023-08-24T02:10:00+02:00,PVGIS UTC converted to Europe/Madrid; local HH:10 assigned to containing local clock hour,PVGIS 5.3 seriescalc
2025-08-24T03:00:00+02:00,1.0,0.0,0.0,0.0,2023,2023-08-24T01:10:00+00:00,2023-08-24T03:10:00+02:00,PVGIS UTC converted to Europe/Madrid; local HH:10 assigned to containing local clock hour,PVGIS 5.3 seriescalc
2025-08-24T04:00:00+02:00,1.0,0.0,0.0,0.0,2023,2023-08-24T02:10:00+00:00,2023-08-24T04:10:00+02:00,PVGIS UTC converted to Europe/Madrid; local HH:10 assigned to containing local clock hour,PVGIS 5.3 seriescalc
2025-08-24T05:00:00+02:00,1.0,0.0,0.0,0.0,2023,2023-08-24T03:10:00+00:00,2023-08-24T05:10:00+02:00,PVGIS UTC converted to Europe/Madrid; local HH:10 assigned to containing local clock hour,PVGIS 5.3 seriescalc
2025-08-24T06:00:00+02:00,1.0,0.0,0.0,0.0,2023,2023-08-24T04:10:00+00:00,2023-08-24T06:10:00+02:00,PVGIS UTC converted to Europe/Madrid; local HH:10 assigned to containing local clock hour,PVGIS 5.3 seriescalc
2025-08-24T07:00:00+02:00,1.0,0.0,0.0,0.0,2023,2023-08-24T05:10:00+00:00,2023-08-24T07:10:00+02:00,PVGIS UTC converted to Europe/Madrid; local HH:10 assigned to containing local clock hour,PVGIS 5.3 seriescalc
2025-08-24T08:00:00+02:00,1.0,0.04511,45.11,10.48,2023,2023-08-24T06:10:00+00:00,2023-08-24T08:10:00+02:00,PVGIS UTC converted to Europe/Madrid; local HH:10 assigned to containing local clock hour,PVGIS 5.3 seriescalc
2025-08-24T09:00:00+02:00,1.0,0.20418,204.18,21.72,2023,2023-08-24T07:10:00+00:00,2023-08-24T09:10:00+02:00,PVGIS UTC converted to Europe/Madrid; local HH:10 assigned to containing local clock hour,PVGIS 5.3 seriescalc
2025-08-24T10:00:00+02:00,1.0,0.4055,405.5,32.8,2023,2023-08-24T08:10:00+00:00,2023-08-24T10:10:00+02:00,PVGIS UTC converted to Europe/Madrid; local HH:10 assigned to containing local clock hour,PVGIS 5.3 seriescalc
2025-08-24T11:00:00+02:00,1.0,0.56514,565.14,43.25,2023,2023-08-24T09:10:00+00:00,2023-08-24T11:10:00+02:00,PVGIS UTC converted to Europe/Madrid; local HH:10 assigned to containing local clock hour,PVGIS 5.3 seriescalc
2025-08-24T12:00:00+02:00,1.0,0.67647,676.47,52.25,2023,2023-08-24T10:10:00+00:00,2023-08-24T12:10:00+02:00,PVGIS UTC converted to Europe/Madrid; local HH:10 assigned to containing local clock hour,PVGIS 5.3 seriescalc
2025-08-24T13:00:00+02:00,1.0,0.72888,728.88,58.33,2023,2023-08-24T11:10:00+00:00,2023-08-24T13:10:00+02:00,PVGIS UTC converted to Europe/Madrid; local HH:10 assigned to containing local clock hour,PVGIS 5.3 seriescalc
2025-08-24T14:00:00+02:00,1.0,0.73563,735.63,59.57,2023,2023-08-24T12:10:00+00:00,2023-08-24T14:10:00+02:00,PVGIS UTC converted to Europe/Madrid; local HH:10 assigned to containing local clock hour,PVGIS 5.3 seriescalc
2025-08-24T15:00:00+02:00,1.0,0.71369,713.69,55.42,2023,2023-08-24T13:10:00+00:00,2023-08-24T15:10:00+02:00,PVGIS UTC converted to Europe/Madrid; local HH:10 assigned to containing local clock hour,PVGIS 5.3 seriescalc
2025-08-24T16:00:00+02:00,1.0,0.61982,619.82,47.48,2023,2023-08-24T14:10:00+00:00,2023-08-24T16:10:00+02:00,PVGIS UTC converted to Europe/Madrid; local HH:10 assigned to containing local clock hour,PVGIS 5.3 seriescalc
2025-08-24T17:00:00+02:00,1.0,0.48084,480.84,37.54,2023,2023-08-24T15:10:00+00:00,2023-08-24T17:10:00+02:00,PVGIS UTC converted to Europe/Madrid; local HH:10 assigned to containing local clock hour,PVGIS 5.3 seriescalc
2025-08-24T18:00:00+02:00,1.0,0.30712,307.12,26.66,2023,2023-08-24T16:10:00+00:00,2023-08-24T18:10:00+02:00,PVGIS UTC converted to Europe/Madrid; local HH:10 assigned to containing local clock hour,PVGIS 5.3 seriescalc
2025-08-24T19:00:00+02:00,1.0,0.11259000000000001,112.59,15.44,2023,2023-08-24T17:10:00+00:00,2023-08-24T19:10:00+02:00,PVGIS UTC converted to Europe/Madrid; local HH:10 assigned to containing local clock hour,PVGIS 5.3 seriescalc
2025-08-24T20:00:00+02:00,1.0,0.00915,9.15,4.27,2023,2023-08-24T18:10:00+00:00,2023-08-24T20:10:00+02:00,PVGIS UTC converted to Europe/Madrid; local HH:10 assigned to containing local clock hour,PVGIS 5.3 seriescalc
2025-08-24T21:00:00+02:00,1.0,0.0,0.0,0.0,2023,2023-08-24T19:10:00+00:00,2023-08-24T21:10:00+02:00,PVGIS UTC converted to Europe/Madrid; local HH:10 assigned to containing local clock hour,PVGIS 5.3 seriescalc
2025-08-24T22:00:00+02:00,1.0,0.0,0.0,0.0,2023,2023-08-24T20:10:00+00:00,2023-08-24T22:10:00+02:00,PVGIS UTC converted to Europe/Madrid; local HH:10 assigned to containing local clock hour,PVGIS 5.3 seriescalc
2025-08-24T23:00:00+02:00,1.0,0.0,0.0,0.0,2023,2023-08-24T21:10:00+00:00,2023-08-24T23:10:00+02:00,PVGIS UTC converted to Europe/Madrid; local HH:10 assigned to containing local clock hour,PVGIS 5.3 seriescalc
2025-08-25T00:00:00+02:00,1.0,0.0,0.0,0.0,2023,2023-08-24T22:10:00+00:00,2023-08-25T00:10:00+02:00,PVGIS UTC converted to Europe/Madrid; local HH:10 assigned to containing local clock hour,PVGIS 5.3 seriescalc
2025-08-25T01:00:00+02:00,1.0,0.0,0.0,0.0,2023,2023-08-24T23:10:00+00:00,2023-08-25T01:10:00+02:00,PVGIS UTC converted to Europe/Madrid; local HH:10 assigned to containing local clock hour,PVGIS 5.3 seriescalc
2025-08-25T02:00:00+02:00,1.0,0.0,0.0,0.0,2023,2023-08-25T00:10:00+00:00,2023-08-25T02:10:00+02:00,PVGIS UTC converted to Europe/Madrid; local HH:10 assigned to containing local clock hour,PVGIS 5.3 seriescalc
2025-08-25T03:00:00+02:00,1.0,0.0,0.0,0.0,2023,2023-08-25T01:10:00+00:00,2023-08-25T03:10:00+02:00,PVGIS UTC converted to Europe/Madrid; local HH:10 assigned to containing local clock hour,PVGIS 5.3 seriescalc
2025-08-25T04:00:00+02:00,1.0,0.0,0.0,0.0,2023,2023-08-25T02:10:00+00:00,2023-08-25T04:10:00+02:00,PVGIS UTC converted to Europe/Madrid; local HH:10 assigned to containing local clock hour,PVGIS 5.3 seriescalc
2025-08-25T05:00:00+02:00,1.0,0.0,0.0,0.0,2023,2023-08-25T03:10:00+00:00,2023-08-25T05:10:00+02:00,PVGIS UTC converted to Europe/Madrid; local HH:10 assigned to containing local clock hour,PVGIS 5.3 seriescalc
2025-08-25T06:00:00+02:00,1.0,0.0,0.0,0.0,2023,2023-08-25T04:10:00+00:00,2023-08-25T06:10:00+02:00,PVGIS UTC converted to Europe/Madrid; local HH:10 assigned to containing local clock hour,PVGIS 5.3 seriescalc
2025-08-25T07:00:00+02:00,1.0,0.0,0.0,0.0,2023,2023-08-25T05:10:00+00:00,2023-08-25T07:10:00+02:00,PVGIS UTC converted to Europe/Madrid; local HH:10 assigned to containing local clock hour,PVGIS 5.3 seriescalc
2025-08-25T08:00:00+02:00,1.0,0.044899999999999995,44.9,10.31,2023,2023-08-25T06:10:00+00:00,2023-08-25T08:10:00+02:00,PVGIS UTC converted to Europe/Madrid; local HH:10 assigned to containing local clock hour,PVGIS 5.3 seriescalc
2025-08-25T09:00:00+02:00,1.0,0.2071,207.1,21.55,2023,2023-08-25T07:10:00+00:00,2023-08-25T09:10:00+02:00,PVGIS UTC converted to Europe/Madrid; local HH:10 assigned to containing local clock hour,PVGIS 5.3 seriescalc
2025-08-25T10:00:00+02:00,1.0,0.39748,397.48,32.62,2023,2023-08-25T08:10:00+00:00,2023-08-25T10:10:00+02:00,PVGIS UTC converted to Europe/Madrid; local HH:10 assigned to containing local clock hour,PVGIS 5.3 seriescalc
2025-08-25T11:00:00+02:00,1.0,0.5646,564.6,43.04,2023,2023-08-25T09:10:00+00:00,2023-08-25T11:10:00+02:00,PVGIS UTC converted to Europe/Madrid; local HH:10 assigned to containing local clock hour,PVGIS 5.3 seriescalc
2025-08-25T12:00:00+02:00,1.0,0.6726599999999999,672.66,52.0,2023,2023-08-25T10:10:00+00:00,2023-08-25T12:10:00+02:00,PVGIS UTC converted to Europe/Madrid; local HH:10 assigned to containing local clock hour,PVGIS 5.3 seriescalc
2025-08-25T13:00:00+02:00,1.0,0.73124,731.24,58.02,2023,2023-08-25T11:10:00+00:00,2023-08-25T13:10:00+02:00,PVGIS UTC converted to Europe/Madrid; local HH:10 assigned to containing local clock hour,PVGIS 5.3 seriescalc
2025-08-25T14:00:00+02:00,1.0,0.7465,746.5,59.22,2023,2023-08-25T12:10:00+00:00,2023-08-25T14:10:00+02:00,PVGIS UTC converted to Europe/Madrid; local HH:10 assigned to containing local clock hour,PVGIS 5.3 seriescalc
2025-08-25T15:00:00+02:00,1.0,0.70502,705.02,55.08,2023,2023-08-25T13:10:00+00:00,2023-08-25T15:10:00+02:00,PVGIS UTC converted to Europe/Madrid; local HH:10 assigned to containing local clock hour,PVGIS 5.3 seriescalc
2025-08-25T16:00:00+02:00,1.0,0.6226499999999999,622.65,47.17,2023,2023-08-25T14:10:00+00:00,2023-08-25T16:10:00+02:00,PVGIS UTC converted to Europe/Madrid; local HH:10 assigned to containing local clock hour,PVGIS 5.3 seriescalc
2025-08-25T17:00:00+02:00,1.0,0.47927,479.27,37.25,2023,2023-08-25T15:10:00+00:00,2023-08-25T17:10:00+02:00,PVGIS UTC converted to Europe/Madrid; local HH:10 assigned to containing local clock hour,PVGIS 5.3 seriescalc
2025-08-25T18:00:00+02:00,1.0,0.30012,300.12,26.38,2023,2023-08-25T16:10:00+00:00,2023-08-25T18:10:00+02:00,PVGIS UTC converted to Europe/Madrid; local HH:10 assigned to containing local clock hour,PVGIS 5.3 seriescalc
2025-08-25T19:00:00+02:00,1.0,0.11031999999999999,110.32,15.17,2023,2023-08-25T17:10:00+00:00,2023-08-25T19:10:00+02:00,PVGIS UTC converted to Europe/Madrid; local HH:10 assigned to containing local clock hour,PVGIS 5.3 seriescalc
2025-08-25T20:00:00+02:00,1.0,0.00751,7.51,3.99,2023,2023-08-25T18:10:00+00:00,2023-08-25T20:10:00+02:00,PVGIS UTC converted to Europe/Madrid; local HH:10 assigned to containing local clock hour,PVGIS 5.3 seriescalc
2025-08-25T21:00:00+02:00,1.0,0.0,0.0,0.0,2023,2023-08-25T19:10:00+00:00,2023-08-25T21:10:00+02:00,PVGIS UTC converted to Europe/Madrid; local HH:10 assigned to containing local clock hour,PVGIS 5.3 seriescalc
2025-08-25T22:00:00+02:00,1.0,0.0,0.0,0.0,2023,2023-08-25T20:10:00+00:00,2023-08-25T22:10:00+02:00,PVGIS UTC converted to Europe/Madrid; local HH:10 assigned to containing local clock hour,PVGIS 5.3 seriescalc
2025-08-25T23:00:00+02:00,1.0,0.0,0.0,0.0,2023,2023-08-25T21:10:00+00:00,2023-08-25T23:10:00+02:00,PVGIS UTC converted to Europe/Madrid; local HH:10 assigned to containing local clock hour,PVGIS 5.3 seriescalc
2025-08-26T00:00:00+02:00,1.0,0.0,0.0,0.0,2023,2023-08-25T22:10:00+00:00,2023-08-26T00:10:00+02:00,PVGIS UTC converted to Europe/Madrid; local HH:10 assigned to containing local clock hour,PVGIS 5.3 seriescalc
2025-08-26T01:00:00+02:00,1.0,0.0,0.0,0.0,2023,2023-08-25T23:10:00+00:00,2023-08-26T01:10:00+02:00,PVGIS UTC converted to Europe/Madrid; local HH:10 assigned to containing local clock hour,PVGIS 5.3 seriescalc
2025-08-26T02:00:00+02:00,1.0,0.0,0.0,0.0,2023,2023-08-26T00:10:00+00:00,2023-08-26T02:10:00+02:00,PVGIS UTC converted to Europe/Madrid; local HH:10 assigned to containing local clock hour,PVGIS 5.3 seriescalc
2025-08-26T03:00:00+02:00,1.0,0.0,0.0,0.0,2023,2023-08-26T01:10:00+00:00,2023-08-26T03:10:00+02:00,PVGIS UTC converted to Europe/Madrid; local HH:10 assigned to containing local clock hour,PVGIS 5.3 seriescalc
2025-08-26T04:00:00+02:00,1.0,0.0,0.0,0.0,2023,2023-08-26T02:10:00+00:00,2023-08-26T04:10:00+02:00,PVGIS UTC converted to Europe/Madrid; local HH:10 assigned to containing local clock hour,PVGIS 5.3 seriescalc
2025-08-26T05:00:00+02:00,1.0,0.0,0.0,0.0,2023,2023-08-26T03:10:00+00:00,2023-08-26T05:10:00+02:00,PVGIS UTC converted to Europe/Madrid; local HH:10 assigned to containing local clock hour,PVGIS 5.3 seriescalc
2025-08-26T06:00:00+02:00,1.0,0.0,0.0,0.0,2023,2023-08-26T04:10:00+00:00,2023-08-26T06:10:00+02:00,PVGIS UTC converted to Europe/Madrid; local HH:10 assigned to containing local clock hour,PVGIS 5.3 seriescalc
2025-08-26T07:00:00+02:00,1.0,0.0,0.0,0.0,2023,2023-08-26T05:10:00+00:00,2023-08-26T07:10:00+02:00,PVGIS UTC converted to Europe/Madrid; local HH:10 assigned to containing local clock hour,PVGIS 5.3 seriescalc
2025-08-26T08:00:00+02:00,1.0,0.03472,34.72,10.14,2023,2023-08-26T06:10:00+00:00,2023-08-26T08:10:00+02:00,PVGIS UTC converted to Europe/Madrid; local HH:10 assigned to containing local clock hour,PVGIS 5.3 seriescalc
2025-08-26T09:00:00+02:00,1.0,0.1279,127.9,21.38,2023,2023-08-26T07:10:00+00:00,2023-08-26T09:10:00+02:00,PVGIS UTC converted to Europe/Madrid; local HH:10 assigned to containing local clock hour,PVGIS 5.3 seriescalc
2025-08-26T10:00:00+02:00,1.0,0.11816,118.16,32.44,2023,2023-08-26T08:10:00+00:00,2023-08-26T10:10:00+02:00,PVGIS UTC converted to Europe/Madrid; local HH:10 assigned to containing local clock hour,PVGIS 5.3 seriescalc
2025-08-26T11:00:00+02:00,1.0,0.5225,522.5,42.83,2023,2023-08-26T09:10:00+00:00,2023-08-26T11:10:00+02:00,PVGIS UTC converted to Europe/Madrid; local HH:10 assigned to containing local clock hour,PVGIS 5.3 seriescalc
2025-08-26T12:00:00+02:00,1.0,0.4046,404.6,51.74,2023,2023-08-26T10:10:00+00:00,2023-08-26T12:10:00+02:00,PVGIS UTC converted to Europe/Madrid; local HH:10 assigned to containing local clock hour,PVGIS 5.3 seriescalc
2025-08-26T13:00:00+02:00,1.0,0.70705,707.05,57.71,2023,2023-08-26T11:10:00+00:00,2023-08-26T13:10:00+02:00,PVGIS UTC converted to Europe/Madrid; local HH:10 assigned to containing local clock hour,PVGIS 5.3 seriescalc
2025-08-26T14:00:00+02:00,1.0,0.16785,167.85,58.87,2023,2023-08-26T12:10:00+00:00,2023-08-26T14:10:00+02:00,PVGIS UTC converted to Europe/Madrid; local HH:10 assigned to containing local clock hour,PVGIS 5.3 seriescalc
2025-08-26T15:00:00+02:00,1.0,0.43661,436.61,54.74,2023,2023-08-26T13:10:00+00:00,2023-08-26T15:10:00+02:00,PVGIS UTC converted to Europe/Madrid; local HH:10 assigned to containing local clock hour,PVGIS 5.3 seriescalc
2025-08-26T16:00:00+02:00,1.0,0.48214,482.14,46.85,2023,2023-08-26T14:10:00+00:00,2023-08-26T16:10:00+02:00,PVGIS UTC converted to Europe/Madrid; local HH:10 assigned to containing local clock hour,PVGIS 5.3 seriescalc
2025-08-26T17:00:00+02:00,1.0,0.04371,43.71,36.95,2023,2023-08-26T15:10:00+00:00,2023-08-26T17:10:00+02:00,PVGIS UTC converted to Europe/Madrid; local HH:10 assigned to containing local clock hour,PVGIS 5.3 seriescalc
2025-08-26T18:00:00+02:00,1.0,0.020030000000000003,20.03,26.1,2023,2023-08-26T16:10:00+00:00,2023-08-26T18:10:00+02:00,PVGIS UTC converted to Europe/Madrid; local HH:10 assigned to containing local clock hour,PVGIS 5.3 seriescalc
2025-08-26T19:00:00+02:00,1.0,0.011699999999999999,11.7,14.89,2023,2023-08-26T17:10:00+00:00,2023-08-26T19:10:00+02:00,PVGIS UTC converted to Europe/Madrid; local HH:10 assigned to containing local clock hour,PVGIS 5.3 seriescalc
2025-08-26T20:00:00+02:00,1.0,0.00085,0.85,3.71,2023,2023-08-26T18:10:00+00:00,2023-08-26T20:10:00+02:00,PVGIS UTC converted to Europe/Madrid; local HH:10 assigned to containing local clock hour,PVGIS 5.3 seriescalc
2025-08-26T21:00:00+02:00,1.0,0.0,0.0,0.0,2023,2023-08-26T19:10:00+00:00,2023-08-26T21:10:00+02:00,PVGIS UTC converted to Europe/Madrid; local HH:10 assigned to containing local clock hour,PVGIS 5.3 seriescalc
2025-08-26T22:00:00+02:00,1.0,0.0,0.0,0.0,2023,2023-08-26T20:10:00+00:00,2023-08-26T22:10:00+02:00,PVGIS UTC converted to Europe/Madrid; local HH:10 assigned to containing local clock hour,PVGIS 5.3 seriescalc
2025-08-26T23:00:00+02:00,1.0,0.0,0.0,0.0,2023,2023-08-26T21:10:00+00:00,2023-08-26T23:10:00+02:00,PVGIS UTC converted to Europe/Madrid; local HH:10 assigned to containing local clock hour,PVGIS 5.3 seriescalc
2025-08-27T00:00:00+02:00,1.0,0.0,0.0,0.0,2023,2023-08-26T22:10:00+00:00,2023-08-27T00:10:00+02:00,PVGIS UTC converted to Europe/Madrid; local HH:10 assigned to containing local clock hour,PVGIS 5.3 seriescalc
2025-08-27T01:00:00+02:00,1.0,0.0,0.0,0.0,2023,2023-08-26T23:10:00+00:00,2023-08-27T01:10:00+02:00,PVGIS UTC converted to Europe/Madrid; local HH:10 assigned to containing local clock hour,PVGIS 5.3 seriescalc
2025-08-27T02:00:00+02:00,1.0,0.0,0.0,0.0,2023,2023-08-27T00:10:00+00:00,2023-08-27T02:10:00+02:00,PVGIS UTC converted to Europe/Madrid; local HH:10 assigned to containing local clock hour,PVGIS 5.3 seriescalc
2025-08-27T03:00:00+02:00,1.0,0.0,0.0,0.0,2023,2023-08-27T01:10:00+00:00,2023-08-27T03:10:00+02:00,PVGIS UTC converted to Europe/Madrid; local HH:10 assigned to containing local clock hour,PVGIS 5.3 seriescalc
2025-08-27T04:00:00+02:00,1.0,0.0,0.0,0.0,2023,2023-08-27T02:10:00+00:00,2023-08-27T04:10:00+02:00,PVGIS UTC converted to Europe/Madrid; local HH:10 assigned to containing local clock hour,PVGIS 5.3 seriescalc
2025-08-27T05:00:00+02:00,1.0,0.0,0.0,0.0,2023,2023-08-27T03:10:00+00:00,2023-08-27T05:10:00+02:00,PVGIS UTC converted to Europe/Madrid; local HH:10 assigned to containing local clock hour,PVGIS 5.3 seriescalc
2025-08-27T06:00:00+02:00,1.0,0.0,0.0,0.0,2023,2023-08-27T04:10:00+00:00,2023-08-27T06:10:00+02:00,PVGIS UTC converted to Europe/Madrid; local HH:10 assigned to containing local clock hour,PVGIS 5.3 seriescalc
2025-08-27T07:00:00+02:00,1.0,0.0,0.0,0.0,2023,2023-08-27T05:10:00+00:00,2023-08-27T07:10:00+02:00,PVGIS UTC converted to Europe/Madrid; local HH:10 assigned to containing local clock hour,PVGIS 5.3 seriescalc
2025-08-27T08:00:00+02:00,1.0,0.0019,1.9,9.97,2023,2023-08-27T06:10:00+00:00,2023-08-27T08:10:00+02:00,PVGIS UTC converted to Europe/Madrid; local HH:10 assigned to containing local clock hour,PVGIS 5.3 seriescalc
2025-08-27T09:00:00+02:00,1.0,0.01071,10.71,21.21,2023,2023-08-27T07:10:00+00:00,2023-08-27T09:10:00+02:00,PVGIS UTC converted to Europe/Madrid; local HH:10 assigned to containing local clock hour,PVGIS 5.3 seriescalc
2025-08-27T10:00:00+02:00,1.0,0.0248,24.8,32.25,2023,2023-08-27T08:10:00+00:00,2023-08-27T10:10:00+02:00,PVGIS UTC converted to Europe/Madrid; local HH:10 assigned to containing local clock hour,PVGIS 5.3 seriescalc
2025-08-27T11:00:00+02:00,1.0,0.032170000000000004,32.17,42.62,2023,2023-08-27T09:10:00+00:00,2023-08-27T11:10:00+02:00,PVGIS UTC converted to Europe/Madrid; local HH:10 assigned to containing local clock hour,PVGIS 5.3 seriescalc
2025-08-27T12:00:00+02:00,1.0,0.040170000000000004,40.17,51.49,2023,2023-08-27T10:10:00+00:00,2023-08-27T12:10:00+02:00,PVGIS UTC converted to Europe/Madrid; local HH:10 assigned to containing local clock hour,PVGIS 5.3 seriescalc
2025-08-27T13:00:00+02:00,1.0,0.04542,45.42,57.39,2023,2023-08-27T11:10:00+00:00,2023-08-27T13:10:00+02:00,PVGIS UTC converted to Europe/Madrid; local HH:10 assigned to containing local clock hour,PVGIS 5.3 seriescalc
2025-08-27T14:00:00+02:00,1.0,0.06451000000000001,64.51,58.51,2023,2023-08-27T12:10:00+00:00,2023-08-27T14:10:00+02:00,PVGIS UTC converted to Europe/Madrid; local HH:10 assigned to containing local clock hour,PVGIS 5.3 seriescalc
2025-08-27T15:00:00+02:00,1.0,0.10714,107.14,54.39,2023,2023-08-27T13:10:00+00:00,2023-08-27T15:10:00+02:00,PVGIS UTC converted to Europe/Madrid; local HH:10 assigned to containing local clock hour,PVGIS 5.3 seriescalc
2025-08-27T16:00:00+02:00,1.0,0.057,57.0,46.53,2023,2023-08-27T14:10:00+00:00,2023-08-27T16:10:00+02:00,PVGIS UTC converted to Europe/Madrid; local HH:10 assigned to containing local clock hour,PVGIS 5.3 seriescalc
2025-08-27T17:00:00+02:00,1.0,0.047060000000000005,47.06,36.66,2023,2023-08-27T15:10:00+00:00,2023-08-27T17:10:00+02:00,PVGIS UTC converted to Europe/Madrid; local HH:10 assigned to containing local clock hour,PVGIS 5.3 seriescalc
2025-08-27T18:00:00+02:00,1.0,0.10367,103.67,25.82,2023,2023-08-27T16:10:00+00:00,2023-08-27T18:10:00+02:00,PVGIS UTC converted to Europe/Madrid; local HH:10 assigned to containing local clock hour,PVGIS 5.3 seriescalc
2025-08-27T19:00:00+02:00,1.0,0.01083,10.83,14.61,2023,2023-08-27T17:10:00+00:00,2023-08-27T19:10:00+02:00,PVGIS UTC converted to Europe/Madrid; local HH:10 assigned to containing local clock hour,PVGIS 5.3 seriescalc
2025-08-27T20:00:00+02:00,1.0,0.00053,0.53,3.42,2023,2023-08-27T18:10:00+00:00,2023-08-27T20:10:00+02:00,PVGIS UTC converted to Europe/Madrid; local HH:10 assigned to containing local clock hour,PVGIS 5.3 seriescalc
2025-08-27T21:00:00+02:00,1.0,0.0,0.0,0.0,2023,2023-08-27T19:10:00+00:00,2023-08-27T21:10:00+02:00,PVGIS UTC converted to Europe/Madrid; local HH:10 assigned to containing local clock hour,PVGIS 5.3 seriescalc
2025-08-27T22:00:00+02:00,1.0,0.0,0.0,0.0,2023,2023-08-27T20:10:00+00:00,2023-08-27T22:10:00+02:00,PVGIS UTC converted to Europe/Madrid; local HH:10 assigned to containing local clock hour,PVGIS 5.3 seriescalc
2025-08-27T23:00:00+02:00,1.0,0.0,0.0,0.0,2023,2023-08-27T21:10:00+00:00,2023-08-27T23:10:00+02:00,PVGIS UTC converted to Europe/Madrid; local HH:10 assigned to containing local clock hour,PVGIS 5.3 seriescalc
2025-08-28T00:00:00+02:00,1.0,0.0,0.0,0.0,2023,2023-08-27T22:10:00+00:00,2023-08-28T00:10:00+02:00,PVGIS UTC converted to Europe/Madrid; local HH:10 assigned to containing local clock hour,PVGIS 5.3 seriescalc
2025-08-28T01:00:00+02:00,1.0,0.0,0.0,0.0,2023,2023-08-27T23:10:00+00:00,2023-08-28T01:10:00+02:00,PVGIS UTC converted to Europe/Madrid; local HH:10 assigned to containing local clock hour,PVGIS 5.3 seriescalc
2025-08-28T02:00:00+02:00,1.0,0.0,0.0,0.0,2023,2023-08-28T00:10:00+00:00,2023-08-28T02:10:00+02:00,PVGIS UTC converted to Europe/Madrid; local HH:10 assigned to containing local clock hour,PVGIS 5.3 seriescalc
2025-08-28T03:00:00+02:00,1.0,0.0,0.0,0.0,2023,2023-08-28T01:10:00+00:00,2023-08-28T03:10:00+02:00,PVGIS UTC converted to Europe/Madrid; local HH:10 assigned to containing local clock hour,PVGIS 5.3 seriescalc
2025-08-28T04:00:00+02:00,1.0,0.0,0.0,0.0,2023,2023-08-28T02:10:00+00:00,2023-08-28T04:10:00+02:00,PVGIS UTC converted to Europe/Madrid; local HH:10 assigned to containing local clock hour,PVGIS 5.3 seriescalc
2025-08-28T05:00:00+02:00,1.0,0.0,0.0,0.0,2023,2023-08-28T03:10:00+00:00,2023-08-28T05:10:00+02:00,PVGIS UTC converted to Europe/Madrid; local HH:10 assigned to containing local clock hour,PVGIS 5.3 seriescalc
2025-08-28T06:00:00+02:00,1.0,0.0,0.0,0.0,2023,2023-08-28T04:10:00+00:00,2023-08-28T06:10:00+02:00,PVGIS UTC converted to Europe/Madrid; local HH:10 assigned to containing local clock hour,PVGIS 5.3 seriescalc
2025-08-28T07:00:00+02:00,1.0,0.0,0.0,0.0,2023,2023-08-28T05:10:00+00:00,2023-08-28T07:10:00+02:00,PVGIS UTC converted to Europe/Madrid; local HH:10 assigned to containing local clock hour,PVGIS 5.3 seriescalc
2025-08-28T08:00:00+02:00,1.0,0.045259999999999995,45.26,9.8,2023,2023-08-28T06:10:00+00:00,2023-08-28T08:10:00+02:00,PVGIS UTC converted to Europe/Madrid; local HH:10 assigned to containing local clock hour,PVGIS 5.3 seriescalc
2025-08-28T09:00:00+02:00,1.0,0.11345999999999999,113.46,21.04,2023,2023-08-28T07:10:00+00:00,2023-08-28T09:10:00+02:00,PVGIS UTC converted to Europe/Madrid; local HH:10 assigned to containing local clock hour,PVGIS 5.3 seriescalc
2025-08-28T10:00:00+02:00,1.0,0.21412,214.12,32.07,2023,2023-08-28T08:10:00+00:00,2023-08-28T10:10:00+02:00,PVGIS UTC converted to Europe/Madrid; local HH:10 assigned to containing local clock hour,PVGIS 5.3 seriescalc
2025-08-28T11:00:00+02:00,1.0,0.32111,321.11,42.41,2023,2023-08-28T09:10:00+00:00,2023-08-28T11:10:00+02:00,PVGIS UTC converted to Europe/Madrid; local HH:10 assigned to containing local clock hour,PVGIS 5.3 seriescalc
2025-08-28T12:00:00+02:00,1.0,0.6147100000000001,614.71,51.22,2023,2023-08-28T10:10:00+00:00,2023-08-28T12:10:00+02:00,PVGIS UTC converted to Europe/Madrid; local HH:10 assigned to containing local clock hour,PVGIS 5.3 seriescalc
2025-08-28T13:00:00+02:00,1.0,0.75925,759.25,57.07,2023,2023-08-28T11:10:00+00:00,2023-08-28T13:10:00+02:00,PVGIS UTC converted to Europe/Madrid; local HH:10 assigned to containing local clock hour,PVGIS 5.3 seriescalc
2025-08-28T14:00:00+02:00,1.0,0.76361,763.61,58.16,2023,2023-08-28T12:10:00+00:00,2023-08-28T14:10:00+02:00,PVGIS UTC converted to Europe/Madrid; local HH:10 assigned to containing local clock hour,PVGIS 5.3 seriescalc
2025-08-28T15:00:00+02:00,1.0,0.68531,685.31,54.04,2023,2023-08-28T13:10:00+00:00,2023-08-28T15:10:00+02:00,PVGIS UTC converted to Europe/Madrid; local HH:10 assigned to containing local clock hour,PVGIS 5.3 seriescalc
2025-08-28T16:00:00+02:00,1.0,0.60893,608.93,46.21,2023,2023-08-28T14:10:00+00:00,2023-08-28T16:10:00+02:00,PVGIS UTC converted to Europe/Madrid; local HH:10 assigned to containing local clock hour,PVGIS 5.3 seriescalc
2025-08-28T17:00:00+02:00,1.0,0.45404,454.04,36.35,2023,2023-08-28T15:10:00+00:00,2023-08-28T17:10:00+02:00,PVGIS UTC converted to Europe/Madrid; local HH:10 assigned to containing local clock hour,PVGIS 5.3 seriescalc
2025-08-28T18:00:00+02:00,1.0,0.18800999999999998,188.01,25.53,2023,2023-08-28T16:10:00+00:00,2023-08-28T18:10:00+02:00,PVGIS UTC converted to Europe/Madrid; local HH:10 assigned to containing local clock hour,PVGIS 5.3 seriescalc
2025-08-28T19:00:00+02:00,1.0,0.10547,105.47,14.32,2023,2023-08-28T17:10:00+00:00,2023-08-28T19:10:00+02:00,PVGIS UTC converted to Europe/Madrid; local HH:10 assigned to containing local clock hour,PVGIS 5.3 seriescalc
2025-08-28T20:00:00+02:00,1.0,0.004889999999999999,4.89,3.13,2023,2023-08-28T18:10:00+00:00,2023-08-28T20:10:00+02:00,PVGIS UTC converted to Europe/Madrid; local HH:10 assigned to containing local clock hour,PVGIS 5.3 seriescalc
2025-08-28T21:00:00+02:00,1.0,0.0,0.0,0.0,2023,2023-08-28T19:10:00+00:00,2023-08-28T21:10:00+02:00,PVGIS UTC converted to Europe/Madrid; local HH:10 assigned to containing local clock hour,PVGIS 5.3 seriescalc
2025-08-28T22:00:00+02:00,1.0,0.0,0.0,0.0,2023,2023-08-28T20:10:00+00:00,2023-08-28T22:10:00+02:00,PVGIS UTC converted to Europe/Madrid; local HH:10 assigned to containing local clock hour,PVGIS 5.3 seriescalc
2025-08-28T23:00:00+02:00,1.0,0.0,0.0,0.0,2023,2023-08-28T21:10:00+00:00,2023-08-28T23:10:00+02:00,PVGIS UTC converted to Europe/Madrid; local HH:10 assigned to containing local clock hour,PVGIS 5.3 seriescalc
2025-08-29T00:00:00+02:00,1.0,0.0,0.0,0.0,2023,2023-08-28T22:10:00+00:00,2023-08-29T00:10:00+02:00,PVGIS UTC converted to Europe/Madrid; local HH:10 assigned to containing local clock hour,PVGIS 5.3 seriescalc
2025-08-29T01:00:00+02:00,1.0,0.0,0.0,0.0,2023,2023-08-28T23:10:00+00:00,2023-08-29T01:10:00+02:00,PVGIS UTC converted to Europe/Madrid; local HH:10 assigned to containing local clock hour,PVGIS 5.3 seriescalc
2025-08-29T02:00:00+02:00,1.0,0.0,0.0,0.0,2023,2023-08-29T00:10:00+00:00,2023-08-29T02:10:00+02:00,PVGIS UTC converted to Europe/Madrid; local HH:10 assigned to containing local clock hour,PVGIS 5.3 seriescalc
2025-08-29T03:00:00+02:00,1.0,0.0,0.0,0.0,2023,2023-08-29T01:10:00+00:00,2023-08-29T03:10:00+02:00,PVGIS UTC converted to Europe/Madrid; local HH:10 assigned to containing local clock hour,PVGIS 5.3 seriescalc
2025-08-29T04:00:00+02:00,1.0,0.0,0.0,0.0,2023,2023-08-29T02:10:00+00:00,2023-08-29T04:10:00+02:00,PVGIS UTC converted to Europe/Madrid; local HH:10 assigned to containing local clock hour,PVGIS 5.3 seriescalc
2025-08-29T05:00:00+02:00,1.0,0.0,0.0,0.0,2023,2023-08-29T03:10:00+00:00,2023-08-29T05:10:00+02:00,PVGIS UTC converted to Europe/Madrid; local HH:10 assigned to containing local clock hour,PVGIS 5.3 seriescalc
2025-08-29T06:00:00+02:00,1.0,0.0,0.0,0.0,2023,2023-08-29T04:10:00+00:00,2023-08-29T06:10:00+02:00,PVGIS UTC converted to Europe/Madrid; local HH:10 assigned to containing local clock hour,PVGIS 5.3 seriescalc
2025-08-29T07:00:00+02:00,1.0,0.0,0.0,0.0,2023,2023-08-29T05:10:00+00:00,2023-08-29T07:10:00+02:00,PVGIS UTC converted to Europe/Madrid; local HH:10 assigned to containing local clock hour,PVGIS 5.3 seriescalc
2025-08-29T08:00:00+02:00,1.0,0.04389,43.89,9.62,2023,2023-08-29T06:10:00+00:00,2023-08-29T08:10:00+02:00,PVGIS UTC converted to Europe/Madrid; local HH:10 assigned to containing local clock hour,PVGIS 5.3 seriescalc
2025-08-29T09:00:00+02:00,1.0,0.22886,228.86,20.86,2023,2023-08-29T07:10:00+00:00,2023-08-29T09:10:00+02:00,PVGIS UTC converted to Europe/Madrid; local HH:10 assigned to containing local clock hour,PVGIS 5.3 seriescalc
2025-08-29T10:00:00+02:00,1.0,0.43582,435.82,31.88,2023,2023-08-29T08:10:00+00:00,2023-08-29T10:10:00+02:00,PVGIS UTC converted to Europe/Madrid; local HH:10 assigned to containing local clock hour,PVGIS 5.3 seriescalc
2025-08-29T11:00:00+02:00,1.0,0.60349,603.49,42.19,2023,2023-08-29T09:10:00+00:00,2023-08-29T11:10:00+02:00,PVGIS UTC converted to Europe/Madrid; local HH:10 assigned to containing local clock hour,PVGIS 5.3 seriescalc
2025-08-29T12:00:00+02:00,1.0,0.68878,688.78,50.96,2023,2023-08-29T10:10:00+00:00,2023-08-29T12:10:00+02:00,PVGIS UTC converted to Europe/Madrid; local HH:10 assigned to containing local clock hour,PVGIS 5.3 seriescalc
2025-08-29T13:00:00+02:00,1.0,0.75875,758.75,56.74,2023,2023-08-29T11:10:00+00:00,2023-08-29T13:10:00+02:00,PVGIS UTC converted to Europe/Madrid; local HH:10 assigned to containing local clock hour,PVGIS 5.3 seriescalc
2025-08-29T14:00:00+02:00,1.0,0.75862,758.62,57.8,2023,2023-08-29T12:10:00+00:00,2023-08-29T14:10:00+02:00,PVGIS UTC converted to Europe/Madrid; local HH:10 assigned to containing local clock hour,PVGIS 5.3 seriescalc
2025-08-29T15:00:00+02:00,1.0,0.69925,699.25,53.69,2023,2023-08-29T13:10:00+00:00,2023-08-29T15:10:00+02:00,PVGIS UTC converted to Europe/Madrid; local HH:10 assigned to containing local clock hour,PVGIS 5.3 seriescalc
2025-08-29T16:00:00+02:00,1.0,0.65366,653.66,45.88,2023,2023-08-29T14:10:00+00:00,2023-08-29T16:10:00+02:00,PVGIS UTC converted to Europe/Madrid; local HH:10 assigned to containing local clock hour,PVGIS 5.3 seriescalc
2025-08-29T17:00:00+02:00,1.0,0.51137,511.37,36.05,2023,2023-08-29T15:10:00+00:00,2023-08-29T17:10:00+02:00,PVGIS UTC converted to Europe/Madrid; local HH:10 assigned to containing local clock hour,PVGIS 5.3 seriescalc
2025-08-29T18:00:00+02:00,1.0,0.31515,315.15,25.24,2023,2023-08-29T16:10:00+00:00,2023-08-29T18:10:00+02:00,PVGIS UTC converted to Europe/Madrid; local HH:10 assigned to containing local clock hour,PVGIS 5.3 seriescalc
2025-08-29T19:00:00+02:00,1.0,0.10742,107.42,14.04,2023,2023-08-29T17:10:00+00:00,2023-08-29T19:10:00+02:00,PVGIS UTC converted to Europe/Madrid; local HH:10 assigned to containing local clock hour,PVGIS 5.3 seriescalc
2025-08-29T20:00:00+02:00,1.0,0.0016899999999999999,1.69,2.84,2023,2023-08-29T18:10:00+00:00,2023-08-29T20:10:00+02:00,PVGIS UTC converted to Europe/Madrid; local HH:10 assigned to containing local clock hour,PVGIS 5.3 seriescalc
2025-08-29T21:00:00+02:00,1.0,0.0,0.0,0.0,2023,2023-08-29T19:10:00+00:00,2023-08-29T21:10:00+02:00,PVGIS UTC converted to Europe/Madrid; local HH:10 assigned to containing local clock hour,PVGIS 5.3 seriescalc
2025-08-29T22:00:00+02:00,1.0,0.0,0.0,0.0,2023,2023-08-29T20:10:00+00:00,2023-08-29T22:10:00+02:00,PVGIS UTC converted to Europe/Madrid; local HH:10 assigned to containing local clock hour,PVGIS 5.3 seriescalc
2025-08-29T23:00:00+02:00,1.0,0.0,0.0,0.0,2023,2023-08-29T21:10:00+00:00,2023-08-29T23:10:00+02:00,PVGIS UTC converted to Europe/Madrid; local HH:10 assigned to containing local clock hour,PVGIS 5.3 seriescalc
2025-08-30T00:00:00+02:00,1.0,0.0,0.0,0.0,2023,2023-08-29T22:10:00+00:00,2023-08-30T00:10:00+02:00,PVGIS UTC converted to Europe/Madrid; local HH:10 assigned to containing local clock hour,PVGIS 5.3 seriescalc
2025-08-30T01:00:00+02:00,1.0,0.0,0.0,0.0,2023,2023-08-29T23:10:00+00:00,2023-08-30T01:10:00+02:00,PVGIS UTC converted to Europe/Madrid; local HH:10 assigned to containing local clock hour,PVGIS 5.3 seriescalc
2025-08-30T02:00:00+02:00,1.0,0.0,0.0,0.0,2023,2023-08-30T00:10:00+00:00,2023-08-30T02:10:00+02:00,PVGIS UTC converted to Europe/Madrid; local HH:10 assigned to containing local clock hour,PVGIS 5.3 seriescalc
2025-08-30T03:00:00+02:00,1.0,0.0,0.0,0.0,2023,2023-08-30T01:10:00+00:00,2023-08-30T03:10:00+02:00,PVGIS UTC converted to Europe/Madrid; local HH:10 assigned to containing local clock hour,PVGIS 5.3 seriescalc
2025-08-30T04:00:00+02:00,1.0,0.0,0.0,0.0,2023,2023-08-30T02:10:00+00:00,2023-08-30T04:10:00+02:00,PVGIS UTC converted to Europe/Madrid; local HH:10 assigned to containing local clock hour,PVGIS 5.3 seriescalc
2025-08-30T05:00:00+02:00,1.0,0.0,0.0,0.0,2023,2023-08-30T03:10:00+00:00,2023-08-30T05:10:00+02:00,PVGIS UTC converted to Europe/Madrid; local HH:10 assigned to containing local clock hour,PVGIS 5.3 seriescalc
2025-08-30T06:00:00+02:00,1.0,0.0,0.0,0.0,2023,2023-08-30T04:10:00+00:00,2023-08-30T06:10:00+02:00,PVGIS UTC converted to Europe/Madrid; local HH:10 assigned to containing local clock hour,PVGIS 5.3 seriescalc
2025-08-30T07:00:00+02:00,1.0,0.0,0.0,0.0,2023,2023-08-30T05:10:00+00:00,2023-08-30T07:10:00+02:00,PVGIS UTC converted to Europe/Madrid; local HH:10 assigned to containing local clock hour,PVGIS 5.3 seriescalc
2025-08-30T08:00:00+02:00,1.0,0.033960000000000004,33.96,9.45,2023,2023-08-30T06:10:00+00:00,2023-08-30T08:10:00+02:00,PVGIS UTC converted to Europe/Madrid; local HH:10 assigned to containing local clock hour,PVGIS 5.3 seriescalc
2025-08-30T09:00:00+02:00,1.0,0.10908,109.08,20.69,2023,2023-08-30T07:10:00+00:00,2023-08-30T09:10:00+02:00,PVGIS UTC converted to Europe/Madrid; local HH:10 assigned to containing local clock hour,PVGIS 5.3 seriescalc
2025-08-30T10:00:00+02:00,1.0,0.20598,205.98,31.7,2023,2023-08-30T08:10:00+00:00,2023-08-30T10:10:00+02:00,PVGIS UTC converted to Europe/Madrid; local HH:10 assigned to containing local clock hour,PVGIS 5.3 seriescalc
2025-08-30T11:00:00+02:00,1.0,0.36744,367.44,41.98,2023,2023-08-30T09:10:00+00:00,2023-08-30T11:10:00+02:00,PVGIS UTC converted to Europe/Madrid; local HH:10 assigned to containing local clock hour,PVGIS 5.3 seriescalc
2025-08-30T12:00:00+02:00,1.0,0.6474,647.4,50.69,2023,2023-08-30T10:10:00+00:00,2023-08-30T12:10:00+02:00,PVGIS UTC converted to Europe/Madrid; local HH:10 assigned to containing local clock hour,PVGIS 5.3 seriescalc
2025-08-30T13:00:00+02:00,1.0,0.58725,587.25,56.42,2023,2023-08-30T11:10:00+00:00,2023-08-30T13:10:00+02:00,PVGIS UTC converted to Europe/Madrid; local HH:10 assigned to containing local clock hour,PVGIS 5.3 seriescalc
2025-08-30T14:00:00+02:00,1.0,0.68267,682.67,57.43,2023,2023-08-30T12:10:00+00:00,2023-08-30T14:10:00+02:00,PVGIS UTC converted to Europe/Madrid; local HH:10 assigned to containing local clock hour,PVGIS 5.3 seriescalc
2025-08-30T15:00:00+02:00,1.0,0.6897000000000001,689.7,53.33,2023,2023-08-30T13:10:00+00:00,2023-08-30T15:10:00+02:00,PVGIS UTC converted to Europe/Madrid; local HH:10 assigned to containing local clock hour,PVGIS 5.3 seriescalc
2025-08-30T16:00:00+02:00,1.0,0.5528500000000001,552.85,45.55,2023,2023-08-30T14:10:00+00:00,2023-08-30T16:10:00+02:00,PVGIS UTC converted to Europe/Madrid; local HH:10 assigned to containing local clock hour,PVGIS 5.3 seriescalc
2025-08-30T17:00:00+02:00,1.0,0.30994,309.94,35.74,2023,2023-08-30T15:10:00+00:00,2023-08-30T17:10:00+02:00,PVGIS UTC converted to Europe/Madrid; local HH:10 assigned to containing local clock hour,PVGIS 5.3 seriescalc
2025-08-30T18:00:00+02:00,1.0,0.28268,282.68,24.94,2023,2023-08-30T16:10:00+00:00,2023-08-30T18:10:00+02:00,PVGIS UTC converted to Europe/Madrid; local HH:10 assigned to containing local clock hour,PVGIS 5.3 seriescalc
2025-08-30T19:00:00+02:00,1.0,0.08696,86.96,13.75,2023,2023-08-30T17:10:00+00:00,2023-08-30T19:10:00+02:00,PVGIS UTC converted to Europe/Madrid; local HH:10 assigned to containing local clock hour,PVGIS 5.3 seriescalc
2025-08-30T20:00:00+02:00,1.0,0.00304,3.04,2.55,2023,2023-08-30T18:10:00+00:00,2023-08-30T20:10:00+02:00,PVGIS UTC converted to Europe/Madrid; local HH:10 assigned to containing local clock hour,PVGIS 5.3 seriescalc
2025-08-30T21:00:00+02:00,1.0,0.0,0.0,0.0,2023,2023-08-30T19:10:00+00:00,2023-08-30T21:10:00+02:00,PVGIS UTC converted to Europe/Madrid; local HH:10 assigned to containing local clock hour,PVGIS 5.3 seriescalc
2025-08-30T22:00:00+02:00,1.0,0.0,0.0,0.0,2023,2023-08-30T20:10:00+00:00,2023-08-30T22:10:00+02:00,PVGIS UTC converted to Europe/Madrid; local HH:10 assigned to containing local clock hour,PVGIS 5.3 seriescalc
2025-08-30T23:00:00+02:00,1.0,0.0,0.0,0.0,2023,2023-08-30T21:10:00+00:00,2023-08-30T23:10:00+02:00,PVGIS UTC converted to Europe/Madrid; local HH:10 assigned to containing local clock hour,PVGIS 5.3 seriescalc
2025-08-31T00:00:00+02:00,1.0,0.0,0.0,0.0,2023,2023-08-30T22:10:00+00:00,2023-08-31T00:10:00+02:00,PVGIS UTC converted to Europe/Madrid; local HH:10 assigned to containing local clock hour,PVGIS 5.3 seriescalc
2025-08-31T01:00:00+02:00,1.0,0.0,0.0,0.0,2023,2023-08-30T23:10:00+00:00,2023-08-31T01:10:00+02:00,PVGIS UTC converted to Europe/Madrid; local HH:10 assigned to containing local clock hour,PVGIS 5.3 seriescalc
2025-08-31T02:00:00+02:00,1.0,0.0,0.0,0.0,2023,2023-08-31T00:10:00+00:00,2023-08-31T02:10:00+02:00,PVGIS UTC converted to Europe/Madrid; local HH:10 assigned to containing local clock hour,PVGIS 5.3 seriescalc
2025-08-31T03:00:00+02:00,1.0,0.0,0.0,0.0,2023,2023-08-31T01:10:00+00:00,2023-08-31T03:10:00+02:00,PVGIS UTC converted to Europe/Madrid; local HH:10 assigned to containing local clock hour,PVGIS 5.3 seriescalc
2025-08-31T04:00:00+02:00,1.0,0.0,0.0,0.0,2023,2023-08-31T02:10:00+00:00,2023-08-31T04:10:00+02:00,PVGIS UTC converted to Europe/Madrid; local HH:10 assigned to containing local clock hour,PVGIS 5.3 seriescalc
2025-08-31T05:00:00+02:00,1.0,0.0,0.0,0.0,2023,2023-08-31T03:10:00+00:00,2023-08-31T05:10:00+02:00,PVGIS UTC converted to Europe/Madrid; local HH:10 assigned to containing local clock hour,PVGIS 5.3 seriescalc
2025-08-31T06:00:00+02:00,1.0,0.0,0.0,0.0,2023,2023-08-31T04:10:00+00:00,2023-08-31T06:10:00+02:00,PVGIS UTC converted to Europe/Madrid; local HH:10 assigned to containing local clock hour,PVGIS 5.3 seriescalc
2025-08-31T07:00:00+02:00,1.0,0.0,0.0,0.0,2023,2023-08-31T05:10:00+00:00,2023-08-31T07:10:00+02:00,PVGIS UTC converted to Europe/Madrid; local HH:10 assigned to containing local clock hour,PVGIS 5.3 seriescalc
2025-08-31T08:00:00+02:00,1.0,0.04056,40.56,9.28,2023,2023-08-31T06:10:00+00:00,2023-08-31T08:10:00+02:00,PVGIS UTC converted to Europe/Madrid; local HH:10 assigned to containing local clock hour,PVGIS 5.3 seriescalc
2025-08-31T09:00:00+02:00,1.0,0.20968,209.68,20.52,2023,2023-08-31T07:10:00+00:00,2023-08-31T09:10:00+02:00,PVGIS UTC converted to Europe/Madrid; local HH:10 assigned to containing local clock hour,PVGIS 5.3 seriescalc
2025-08-31T10:00:00+02:00,1.0,0.41064999999999996,410.65,31.51,2023,2023-08-31T08:10:00+00:00,2023-08-31T10:10:00+02:00,PVGIS UTC converted to Europe/Madrid; local HH:10 assigned to containing local clock hour,PVGIS 5.3 seriescalc
2025-08-31T11:00:00+02:00,1.0,0.58689,586.89,41.76,2023,2023-08-31T09:10:00+00:00,2023-08-31T11:10:00+02:00,PVGIS UTC converted to Europe/Madrid; local HH:10 assigned to containing local clock hour,PVGIS 5.3 seriescalc
2025-08-31T12:00:00+02:00,1.0,0.6830900000000001,683.09,50.43,2023,2023-08-31T10:10:00+00:00,2023-08-31T12:10:00+02:00,PVGIS UTC converted to Europe/Madrid; local HH:10 assigned to containing local clock hour,PVGIS 5.3 seriescalc
2025-08-31T13:00:00+02:00,1.0,0.7396900000000001,739.69,56.09,2023,2023-08-31T11:10:00+00:00,2023-08-31T13:10:00+02:00,PVGIS UTC converted to Europe/Madrid; local HH:10 assigned to containing local clock hour,PVGIS 5.3 seriescalc
2025-08-31T14:00:00+02:00,1.0,0.75337,753.37,57.07,2023,2023-08-31T12:10:00+00:00,2023-08-31T14:10:00+02:00,PVGIS UTC converted to Europe/Madrid; local HH:10 assigned to containing local clock hour,PVGIS 5.3 seriescalc
2025-08-31T15:00:00+02:00,1.0,0.7165,716.5,52.97,2023,2023-08-31T13:10:00+00:00,2023-08-31T15:10:00+02:00,PVGIS UTC converted to Europe/Madrid; local HH:10 assigned to containing local clock hour,PVGIS 5.3 seriescalc
2025-08-31T16:00:00+02:00,1.0,0.63683,636.83,45.22,2023,2023-08-31T14:10:00+00:00,2023-08-31T16:10:00+02:00,PVGIS UTC converted to Europe/Madrid; local HH:10 assigned to containing local clock hour,PVGIS 5.3 seriescalc
2025-08-31T17:00:00+02:00,1.0,0.49824,498.24,35.43,2023,2023-08-31T15:10:00+00:00,2023-08-31T17:10:00+02:00,PVGIS UTC converted to Europe/Madrid; local HH:10 assigned to containing local clock hour,PVGIS 5.3 seriescalc
2025-08-31T18:00:00+02:00,1.0,0.31005,310.05,24.64,2023,2023-08-31T16:10:00+00:00,2023-08-31T18:10:00+02:00,PVGIS UTC converted to Europe/Madrid; local HH:10 assigned to containing local clock hour,PVGIS 5.3 seriescalc
2025-08-31T19:00:00+02:00,1.0,0.10016,100.16,13.45,2023,2023-08-31T17:10:00+00:00,2023-08-31T19:10:00+02:00,PVGIS UTC converted to Europe/Madrid; local HH:10 assigned to containing local clock hour,PVGIS 5.3 seriescalc
2025-08-31T20:00:00+02:00,1.0,0.0016799999999999999,1.68,2.25,2023,2023-08-31T18:10:00+00:00,2023-08-31T20:10:00+02:00,PVGIS UTC converted to Europe/Madrid; local HH:10 assigned to containing local clock hour,PVGIS 5.3 seriescalc
2025-08-31T21:00:00+02:00,1.0,0.0,0.0,0.0,2023,2023-08-31T19:10:00+00:00,2023-08-31T21:10:00+02:00,PVGIS UTC converted to Europe/Madrid; local HH:10 assigned to containing local clock hour,PVGIS 5.3 seriescalc
2025-08-31T22:00:00+02:00,1.0,0.0,0.0,0.0,2023,2023-08-31T20:10:00+00:00,2023-08-31T22:10:00+02:00,PVGIS UTC converted to Europe/Madrid; local HH:10 assigned to containing local clock hour,PVGIS 5.3 seriescalc
2025-08-31T23:00:00+02:00,1.0,0.0,0.0,0.0,2023,2023-08-31T21:10:00+00:00,2023-08-31T23:10:00+02:00,PVGIS UTC converted to Europe/Madrid; local HH:10 assigned to containing local clock hour,PVGIS 5.3 seriescalc
2025-09-01T00:00:00+02:00,1.0,0.0,0.0,0.0,2023,2023-08-31T22:10:00+00:00,2023-09-01T00:10:00+02:00,PVGIS UTC converted to Europe/Madrid; local HH:10 assigned to containing local clock hour,PVGIS 5.3 seriescalc
2025-09-01T01:00:00+02:00,1.0,0.0,0.0,0.0,2023,2023-08-31T23:10:00+00:00,2023-09-01T01:10:00+02:00,PVGIS UTC converted to Europe/Madrid; local HH:10 assigned to containing local clock hour,PVGIS 5.3 seriescalc
2025-09-01T02:00:00+02:00,1.0,0.0,0.0,0.0,2023,2023-09-01T00:10:00+00:00,2023-09-01T02:10:00+02:00,PVGIS UTC converted to Europe/Madrid; local HH:10 assigned to containing local clock hour,PVGIS 5.3 seriescalc
2025-09-01T03:00:00+02:00,1.0,0.0,0.0,0.0,2023,2023-09-01T01:10:00+00:00,2023-09-01T03:10:00+02:00,PVGIS UTC converted to Europe/Madrid; local HH:10 assigned to containing local clock hour,PVGIS 5.3 seriescalc
2025-09-01T04:00:00+02:00,1.0,0.0,0.0,0.0,2023,2023-09-01T02:10:00+00:00,2023-09-01T04:10:00+02:00,PVGIS UTC converted to Europe/Madrid; local HH:10 assigned to containing local clock hour,PVGIS 5.3 seriescalc
2025-09-01T05:00:00+02:00,1.0,0.0,0.0,0.0,2023,2023-09-01T03:10:00+00:00,2023-09-01T05:10:00+02:00,PVGIS UTC converted to Europe/Madrid; local HH:10 assigned to containing local clock hour,PVGIS 5.3 seriescalc
2025-09-01T06:00:00+02:00,1.0,0.0,0.0,0.0,2023,2023-09-01T04:10:00+00:00,2023-09-01T06:10:00+02:00,PVGIS UTC converted to Europe/Madrid; local HH:10 assigned to containing local clock hour,PVGIS 5.3 seriescalc
2025-09-01T07:00:00+02:00,1.0,0.0,0.0,0.0,2023,2023-09-01T05:10:00+00:00,2023-09-01T07:10:00+02:00,PVGIS UTC converted to Europe/Madrid; local HH:10 assigned to containing local clock hour,PVGIS 5.3 seriescalc
2025-09-01T08:00:00+02:00,1.0,0.04057,40.57,9.11,2023,2023-09-01T06:10:00+00:00,2023-09-01T08:10:00+02:00,PVGIS UTC converted to Europe/Madrid; local HH:10 assigned to containing local clock hour,PVGIS 5.3 seriescalc
2025-09-01T09:00:00+02:00,1.0,0.18786000000000003,187.86,20.34,2023,2023-09-01T07:10:00+00:00,2023-09-01T09:10:00+02:00,PVGIS UTC converted to Europe/Madrid; local HH:10 assigned to containing local clock hour,PVGIS 5.3 seriescalc
2025-09-01T10:00:00+02:00,1.0,0.40001,400.01,31.32,2023,2023-09-01T08:10:00+00:00,2023-09-01T10:10:00+02:00,PVGIS UTC converted to Europe/Madrid; local HH:10 assigned to containing local clock hour,PVGIS 5.3 seriescalc
2025-09-01T11:00:00+02:00,1.0,0.54332,543.32,41.54,2023,2023-09-01T09:10:00+00:00,2023-09-01T11:10:00+02:00,PVGIS UTC converted to Europe/Madrid; local HH:10 assigned to containing local clock hour,PVGIS 5.3 seriescalc
2025-09-01T12:00:00+02:00,1.0,0.64976,649.76,50.15,2023,2023-09-01T10:10:00+00:00,2023-09-01T12:10:00+02:00,PVGIS UTC converted to Europe/Madrid; local HH:10 assigned to containing local clock hour,PVGIS 5.3 seriescalc
2025-09-01T13:00:00+02:00,1.0,0.72721,727.21,55.76,2023,2023-09-01T11:10:00+00:00,2023-09-01T13:10:00+02:00,PVGIS UTC converted to Europe/Madrid; local HH:10 assigned to containing local clock hour,PVGIS 5.3 seriescalc
2025-09-01T14:00:00+02:00,1.0,0.73795,737.95,56.7,2023,2023-09-01T12:10:00+00:00,2023-09-01T14:10:00+02:00,PVGIS UTC converted to Europe/Madrid; local HH:10 assigned to containing local clock hour,PVGIS 5.3 seriescalc
2025-09-01T15:00:00+02:00,1.0,0.46668,466.68,52.61,2023,2023-09-01T13:10:00+00:00,2023-09-01T15:10:00+02:00,PVGIS UTC converted to Europe/Madrid; local HH:10 assigned to containing local clock hour,PVGIS 5.3 seriescalc
2025-09-01T16:00:00+02:00,1.0,0.5001,500.1,44.88,2023,2023-09-01T14:10:00+00:00,2023-09-01T16:10:00+02:00,PVGIS UTC converted to Europe/Madrid; local HH:10 assigned to containing local clock hour,PVGIS 5.3 seriescalc
2025-09-01T17:00:00+02:00,1.0,0.47576,475.76,35.12,2023,2023-09-01T15:10:00+00:00,2023-09-01T17:10:00+02:00,PVGIS UTC converted to Europe/Madrid; local HH:10 assigned to containing local clock hour,PVGIS 5.3 seriescalc
2025-09-01T18:00:00+02:00,1.0,0.28858,288.58,24.34,2023,2023-09-01T16:10:00+00:00,2023-09-01T18:10:00+02:00,PVGIS UTC converted to Europe/Madrid; local HH:10 assigned to containing local clock hour,PVGIS 5.3 seriescalc
2025-09-01T19:00:00+02:00,1.0,0.05799,57.99,13.15,2023,2023-09-01T17:10:00+00:00,2023-09-01T19:10:00+02:00,PVGIS UTC converted to Europe/Madrid; local HH:10 assigned to containing local clock hour,PVGIS 5.3 seriescalc
2025-09-01T20:00:00+02:00,1.0,0.0,0.0,1.95,2023,2023-09-01T18:10:00+00:00,2023-09-01T20:10:00+02:00,PVGIS UTC converted to Europe/Madrid; local HH:10 assigned to containing local clock hour,PVGIS 5.3 seriescalc
2025-09-01T21:00:00+02:00,1.0,0.0,0.0,0.0,2023,2023-09-01T19:10:00+00:00,2023-09-01T21:10:00+02:00,PVGIS UTC converted to Europe/Madrid; local HH:10 assigned to containing local clock hour,PVGIS 5.3 seriescalc
2025-09-01T22:00:00+02:00,1.0,0.0,0.0,0.0,2023,2023-09-01T20:10:00+00:00,2023-09-01T22:10:00+02:00,PVGIS UTC converted to Europe/Madrid; local HH:10 assigned to containing local clock hour,PVGIS 5.3 seriescalc
2025-09-01T23:00:00+02:00,1.0,0.0,0.0,0.0,2023,2023-09-01T21:10:00+00:00,2023-09-01T23:10:00+02:00,PVGIS UTC converted to Europe/Madrid; local HH:10 assigned to containing local clock hour,PVGIS 5.3 seriescalc
2025-09-02T00:00:00+02:00,1.0,0.0,0.0,0.0,2023,2023-09-01T22:10:00+00:00,2023-09-02T00:10:00+02:00,PVGIS UTC converted to Europe/Madrid; local HH:10 assigned to containing local clock hour,PVGIS 5.3 seriescalc
2025-09-02T01:00:00+02:00,1.0,0.0,0.0,0.0,2023,2023-09-01T23:10:00+00:00,2023-09-02T01:10:00+02:00,PVGIS UTC converted to Europe/Madrid; local HH:10 assigned to containing local clock hour,PVGIS 5.3 seriescalc
2025-09-02T02:00:00+02:00,1.0,0.0,0.0,0.0,2023,2023-09-02T00:10:00+00:00,2023-09-02T02:10:00+02:00,PVGIS UTC converted to Europe/Madrid; local HH:10 assigned to containing local clock hour,PVGIS 5.3 seriescalc
2025-09-02T03:00:00+02:00,1.0,0.0,0.0,0.0,2023,2023-09-02T01:10:00+00:00,2023-09-02T03:10:00+02:00,PVGIS UTC converted to Europe/Madrid; local HH:10 assigned to containing local clock hour,PVGIS 5.3 seriescalc
2025-09-02T04:00:00+02:00,1.0,0.0,0.0,0.0,2023,2023-09-02T02:10:00+00:00,2023-09-02T04:10:00+02:00,PVGIS UTC converted to Europe/Madrid; local HH:10 assigned to containing local clock hour,PVGIS 5.3 seriescalc
2025-09-02T05:00:00+02:00,1.0,0.0,0.0,0.0,2023,2023-09-02T03:10:00+00:00,2023-09-02T05:10:00+02:00,PVGIS UTC converted to Europe/Madrid; local HH:10 assigned to containing local clock hour,PVGIS 5.3 seriescalc
2025-09-02T06:00:00+02:00,1.0,0.0,0.0,0.0,2023,2023-09-02T04:10:00+00:00,2023-09-02T06:10:00+02:00,PVGIS UTC converted to Europe/Madrid; local HH:10 assigned to containing local clock hour,PVGIS 5.3 seriescalc
2025-09-02T07:00:00+02:00,1.0,0.0,0.0,0.0,2023,2023-09-02T05:10:00+00:00,2023-09-02T07:10:00+02:00,PVGIS UTC converted to Europe/Madrid; local HH:10 assigned to containing local clock hour,PVGIS 5.3 seriescalc
2025-09-02T08:00:00+02:00,1.0,0.032549999999999996,32.55,8.93,2023,2023-09-02T06:10:00+00:00,2023-09-02T08:10:00+02:00,PVGIS UTC converted to Europe/Madrid; local HH:10 assigned to containing local clock hour,PVGIS 5.3 seriescalc
2025-09-02T09:00:00+02:00,1.0,0.17906,179.06,20.16,2023,2023-09-02T07:10:00+00:00,2023-09-02T09:10:00+02:00,PVGIS UTC converted to Europe/Madrid; local HH:10 assigned to containing local clock hour,PVGIS 5.3 seriescalc
2025-09-02T10:00:00+02:00,1.0,0.31457999999999997,314.58,31.13,2023,2023-09-02T08:10:00+00:00,2023-09-02T10:10:00+02:00,PVGIS UTC converted to Europe/Madrid; local HH:10 assigned to containing local clock hour,PVGIS 5.3 seriescalc
2025-09-02T11:00:00+02:00,1.0,0.32049,320.49,41.31,2023,2023-09-02T09:10:00+00:00,2023-09-02T11:10:00+02:00,PVGIS UTC converted to Europe/Madrid; local HH:10 assigned to containing local clock hour,PVGIS 5.3 seriescalc
2025-09-02T12:00:00+02:00,1.0,0.33701,337.01,49.88,2023,2023-09-02T10:10:00+00:00,2023-09-02T12:10:00+02:00,PVGIS UTC converted to Europe/Madrid; local HH:10 assigned to containing local clock hour,PVGIS 5.3 seriescalc
2025-09-02T13:00:00+02:00,1.0,0.23096,230.96,55.43,2023,2023-09-02T11:10:00+00:00,2023-09-02T13:10:00+02:00,PVGIS UTC converted to Europe/Madrid; local HH:10 assigned to containing local clock hour,PVGIS 5.3 seriescalc
2025-09-02T14:00:00+02:00,1.0,0.25943,259.43,56.33,2023,2023-09-02T12:10:00+00:00,2023-09-02T14:10:00+02:00,PVGIS UTC converted to Europe/Madrid; local HH:10 assigned to containing local clock hour,PVGIS 5.3 seriescalc
2025-09-02T15:00:00+02:00,1.0,0.08795,87.95,52.25,2023,2023-09-02T13:10:00+00:00,2023-09-02T15:10:00+02:00,PVGIS UTC converted to Europe/Madrid; local HH:10 assigned to containing local clock hour,PVGIS 5.3 seriescalc
2025-09-02T16:00:00+02:00,1.0,0.03372,33.72,44.54,2023,2023-09-02T14:10:00+00:00,2023-09-02T16:10:00+02:00,PVGIS UTC converted to Europe/Madrid; local HH:10 assigned to containing local clock hour,PVGIS 5.3 seriescalc
2025-09-02T17:00:00+02:00,1.0,0.12269,122.69,34.8,2023,2023-09-02T15:10:00+00:00,2023-09-02T17:10:00+02:00,PVGIS UTC converted to Europe/Madrid; local HH:10 assigned to containing local clock hour,PVGIS 5.3 seriescalc
2025-09-02T18:00:00+02:00,1.0,0.03664,36.64,24.04,2023,2023-09-02T16:10:00+00:00,2023-09-02T18:10:00+02:00,PVGIS UTC converted to Europe/Madrid; local HH:10 assigned to containing local clock hour,PVGIS 5.3 seriescalc
2025-09-02T19:00:00+02:00,1.0,0.04268,42.68,12.85,2023,2023-09-02T17:10:00+00:00,2023-09-02T19:10:00+02:00,PVGIS UTC converted to Europe/Madrid; local HH:10 assigned to containing local clock hour,PVGIS 5.3 seriescalc
2025-09-02T20:00:00+02:00,1.0,0.0,0.0,1.65,2023,2023-09-02T18:10:00+00:00,2023-09-02T20:10:00+02:00,PVGIS UTC converted to Europe/Madrid; local HH:10 assigned to containing local clock hour,PVGIS 5.3 seriescalc
2025-09-02T21:00:00+02:00,1.0,0.0,0.0,0.0,2023,2023-09-02T19:10:00+00:00,2023-09-02T21:10:00+02:00,PVGIS UTC converted to Europe/Madrid; local HH:10 assigned to containing local clock hour,PVGIS 5.3 seriescalc
2025-09-02T22:00:00+02:00,1.0,0.0,0.0,0.0,2023,2023-09-02T20:10:00+00:00,2023-09-02T22:10:00+02:00,PVGIS UTC converted to Europe/Madrid; local HH:10 assigned to containing local clock hour,PVGIS 5.3 seriescalc
2025-09-02T23:00:00+02:00,1.0,0.0,0.0,0.0,2023,2023-09-02T21:10:00+00:00,2023-09-02T23:10:00+02:00,PVGIS UTC converted to Europe/Madrid; local HH:10 assigned to containing local clock hour,PVGIS 5.3 seriescalc
2025-09-03T00:00:00+02:00,1.0,0.0,0.0,0.0,2023,2023-09-02T22:10:00+00:00,2023-09-03T00:10:00+02:00,PVGIS UTC converted to Europe/Madrid; local HH:10 assigned to containing local clock hour,PVGIS 5.3 seriescalc
2025-09-03T01:00:00+02:00,1.0,0.0,0.0,0.0,2023,2023-09-02T23:10:00+00:00,2023-09-03T01:10:00+02:00,PVGIS UTC converted to Europe/Madrid; local HH:10 assigned to containing local clock hour,PVGIS 5.3 seriescalc
2025-09-03T02:00:00+02:00,1.0,0.0,0.0,0.0,2023,2023-09-03T00:10:00+00:00,2023-09-03T02:10:00+02:00,PVGIS UTC converted to Europe/Madrid; local HH:10 assigned to containing local clock hour,PVGIS 5.3 seriescalc
2025-09-03T03:00:00+02:00,1.0,0.0,0.0,0.0,2023,2023-09-03T01:10:00+00:00,2023-09-03T03:10:00+02:00,PVGIS UTC converted to Europe/Madrid; local HH:10 assigned to containing local clock hour,PVGIS 5.3 seriescalc
2025-09-03T04:00:00+02:00,1.0,0.0,0.0,0.0,2023,2023-09-03T02:10:00+00:00,2023-09-03T04:10:00+02:00,PVGIS UTC converted to Europe/Madrid; local HH:10 assigned to containing local clock hour,PVGIS 5.3 seriescalc
2025-09-03T05:00:00+02:00,1.0,0.0,0.0,0.0,2023,2023-09-03T03:10:00+00:00,2023-09-03T05:10:00+02:00,PVGIS UTC converted to Europe/Madrid; local HH:10 assigned to containing local clock hour,PVGIS 5.3 seriescalc
2025-09-03T06:00:00+02:00,1.0,0.0,0.0,0.0,2023,2023-09-03T04:10:00+00:00,2023-09-03T06:10:00+02:00,PVGIS UTC converted to Europe/Madrid; local HH:10 assigned to containing local clock hour,PVGIS 5.3 seriescalc
2025-09-03T07:00:00+02:00,1.0,0.0,0.0,0.0,2023,2023-09-03T05:10:00+00:00,2023-09-03T07:10:00+02:00,PVGIS UTC converted to Europe/Madrid; local HH:10 assigned to containing local clock hour,PVGIS 5.3 seriescalc
2025-09-03T08:00:00+02:00,1.0,0.0010500000000000002,1.05,8.76,2023,2023-09-03T06:10:00+00:00,2023-09-03T08:10:00+02:00,PVGIS UTC converted to Europe/Madrid; local HH:10 assigned to containing local clock hour,PVGIS 5.3 seriescalc
2025-09-03T09:00:00+02:00,1.0,0.05319,53.19,19.99,2023,2023-09-03T07:10:00+00:00,2023-09-03T09:10:00+02:00,PVGIS UTC converted to Europe/Madrid; local HH:10 assigned to containing local clock hour,PVGIS 5.3 seriescalc
2025-09-03T10:00:00+02:00,1.0,0.05917,59.17,30.93,2023,2023-09-03T08:10:00+00:00,2023-09-03T10:10:00+02:00,PVGIS UTC converted to Europe/Madrid; local HH:10 assigned to containing local clock hour,PVGIS 5.3 seriescalc
2025-09-03T11:00:00+02:00,1.0,0.12927000000000002,129.27,41.09,2023,2023-09-03T09:10:00+00:00,2023-09-03T11:10:00+02:00,PVGIS UTC converted to Europe/Madrid; local HH:10 assigned to containing local clock hour,PVGIS 5.3 seriescalc
2025-09-03T12:00:00+02:00,1.0,0.10685,106.85,49.6,2023,2023-09-03T10:10:00+00:00,2023-09-03T12:10:00+02:00,PVGIS UTC converted to Europe/Madrid; local HH:10 assigned to containing local clock hour,PVGIS 5.3 seriescalc
2025-09-03T13:00:00+02:00,1.0,0.45075,450.75,55.09,2023,2023-09-03T11:10:00+00:00,2023-09-03T13:10:00+02:00,PVGIS UTC converted to Europe/Madrid; local HH:10 assigned to containing local clock hour,PVGIS 5.3 seriescalc
2025-09-03T14:00:00+02:00,1.0,0.44075,440.75,55.96,2023,2023-09-03T12:10:00+00:00,2023-09-03T14:10:00+02:00,PVGIS UTC converted to Europe/Madrid; local HH:10 assigned to containing local clock hour,PVGIS 5.3 seriescalc
2025-09-03T15:00:00+02:00,1.0,0.66926,669.26,51.88,2023,2023-09-03T13:10:00+00:00,2023-09-03T15:10:00+02:00,PVGIS UTC converted to Europe/Madrid; local HH:10 assigned to containing local clock hour,PVGIS 5.3 seriescalc
2025-09-03T16:00:00+02:00,1.0,0.52259,522.59,44.2,2023,2023-09-03T14:10:00+00:00,2023-09-03T16:10:00+02:00,PVGIS UTC converted to Europe/Madrid; local HH:10 assigned to containing local clock hour,PVGIS 5.3 seriescalc
2025-09-03T17:00:00+02:00,1.0,0.44177,441.77,34.48,2023,2023-09-03T15:10:00+00:00,2023-09-03T17:10:00+02:00,PVGIS UTC converted to Europe/Madrid; local HH:10 assigned to containing local clock hour,PVGIS 5.3 seriescalc
2025-09-03T18:00:00+02:00,1.0,0.25191,251.91,23.73,2023,2023-09-03T16:10:00+00:00,2023-09-03T18:10:00+02:00,PVGIS UTC converted to Europe/Madrid; local HH:10 assigned to containing local clock hour,PVGIS 5.3 seriescalc
2025-09-03T19:00:00+02:00,1.0,0.06576,65.76,12.55,2023,2023-09-03T17:10:00+00:00,2023-09-03T19:10:00+02:00,PVGIS UTC converted to Europe/Madrid; local HH:10 assigned to containing local clock hour,PVGIS 5.3 seriescalc
2025-09-03T20:00:00+02:00,1.0,0.0,0.0,1.34,2023,2023-09-03T18:10:00+00:00,2023-09-03T20:10:00+02:00,PVGIS UTC converted to Europe/Madrid; local HH:10 assigned to containing local clock hour,PVGIS 5.3 seriescalc
2025-09-03T21:00:00+02:00,1.0,0.0,0.0,0.0,2023,2023-09-03T19:10:00+00:00,2023-09-03T21:10:00+02:00,PVGIS UTC converted to Europe/Madrid; local HH:10 assigned to containing local clock hour,PVGIS 5.3 seriescalc
2025-09-03T22:00:00+02:00,1.0,0.0,0.0,0.0,2023,2023-09-03T20:10:00+00:00,2023-09-03T22:10:00+02:00,PVGIS UTC converted to Europe/Madrid; local HH:10 assigned to containing local clock hour,PVGIS 5.3 seriescalc
2025-09-03T23:00:00+02:00,1.0,0.0,0.0,0.0,2023,2023-09-03T21:10:00+00:00,2023-09-03T23:10:00+02:00,PVGIS UTC converted to Europe/Madrid; local HH:10 assigned to containing local clock hour,PVGIS 5.3 seriescalc
2025-09-04T00:00:00+02:00,1.0,0.0,0.0,0.0,2023,2023-09-03T22:10:00+00:00,2023-09-04T00:10:00+02:00,PVGIS UTC converted to Europe/Madrid; local HH:10 assigned to containing local clock hour,PVGIS 5.3 seriescalc
2025-09-04T01:00:00+02:00,1.0,0.0,0.0,0.0,2023,2023-09-03T23:10:00+00:00,2023-09-04T01:10:00+02:00,PVGIS UTC converted to Europe/Madrid; local HH:10 assigned to containing local clock hour,PVGIS 5.3 seriescalc
2025-09-04T02:00:00+02:00,1.0,0.0,0.0,0.0,2023,2023-09-04T00:10:00+00:00,2023-09-04T02:10:00+02:00,PVGIS UTC converted to Europe/Madrid; local HH:10 assigned to containing local clock hour,PVGIS 5.3 seriescalc
2025-09-04T03:00:00+02:00,1.0,0.0,0.0,0.0,2023,2023-09-04T01:10:00+00:00,2023-09-04T03:10:00+02:00,PVGIS UTC converted to Europe/Madrid; local HH:10 assigned to containing local clock hour,PVGIS 5.3 seriescalc
2025-09-04T04:00:00+02:00,1.0,0.0,0.0,0.0,2023,2023-09-04T02:10:00+00:00,2023-09-04T04:10:00+02:00,PVGIS UTC converted to Europe/Madrid; local HH:10 assigned to containing local clock hour,PVGIS 5.3 seriescalc
2025-09-04T05:00:00+02:00,1.0,0.0,0.0,0.0,2023,2023-09-04T03:10:00+00:00,2023-09-04T05:10:00+02:00,PVGIS UTC converted to Europe/Madrid; local HH:10 assigned to containing local clock hour,PVGIS 5.3 seriescalc
2025-09-04T06:00:00+02:00,1.0,0.0,0.0,0.0,2023,2023-09-04T04:10:00+00:00,2023-09-04T06:10:00+02:00,PVGIS UTC converted to Europe/Madrid; local HH:10 assigned to containing local clock hour,PVGIS 5.3 seriescalc
2025-09-04T07:00:00+02:00,1.0,0.0,0.0,0.0,2023,2023-09-04T05:10:00+00:00,2023-09-04T07:10:00+02:00,PVGIS UTC converted to Europe/Madrid; local HH:10 assigned to containing local clock hour,PVGIS 5.3 seriescalc
2025-09-04T08:00:00+02:00,1.0,0.03294,32.94,8.58,2023,2023-09-04T06:10:00+00:00,2023-09-04T08:10:00+02:00,PVGIS UTC converted to Europe/Madrid; local HH:10 assigned to containing local clock hour,PVGIS 5.3 seriescalc
2025-09-04T09:00:00+02:00,1.0,0.15685,156.85,19.81,2023,2023-09-04T07:10:00+00:00,2023-09-04T09:10:00+02:00,PVGIS UTC converted to Europe/Madrid; local HH:10 assigned to containing local clock hour,PVGIS 5.3 seriescalc
2025-09-04T10:00:00+02:00,1.0,0.35287999999999997,352.88,30.74,2023,2023-09-04T08:10:00+00:00,2023-09-04T10:10:00+02:00,PVGIS UTC converted to Europe/Madrid; local HH:10 assigned to containing local clock hour,PVGIS 5.3 seriescalc
2025-09-04T11:00:00+02:00,1.0,0.50248,502.48,40.86,2023,2023-09-04T09:10:00+00:00,2023-09-04T11:10:00+02:00,PVGIS UTC converted to Europe/Madrid; local HH:10 assigned to containing local clock hour,PVGIS 5.3 seriescalc
2025-09-04T12:00:00+02:00,1.0,0.60972,609.72,49.33,2023,2023-09-04T10:10:00+00:00,2023-09-04T12:10:00+02:00,PVGIS UTC converted to Europe/Madrid; local HH:10 assigned to containing local clock hour,PVGIS 5.3 seriescalc
2025-09-04T13:00:00+02:00,1.0,0.67231,672.31,54.75,2023,2023-09-04T11:10:00+00:00,2023-09-04T13:10:00+02:00,PVGIS UTC converted to Europe/Madrid; local HH:10 assigned to containing local clock hour,PVGIS 5.3 seriescalc
2025-09-04T14:00:00+02:00,1.0,0.6810900000000001,681.09,55.58,2023,2023-09-04T12:10:00+00:00,2023-09-04T14:10:00+02:00,PVGIS UTC converted to Europe/Madrid; local HH:10 assigned to containing local clock hour,PVGIS 5.3 seriescalc
2025-09-04T15:00:00+02:00,1.0,0.66399,663.99,51.51,2023,2023-09-04T13:10:00+00:00,2023-09-04T15:10:00+02:00,PVGIS UTC converted to Europe/Madrid; local HH:10 assigned to containing local clock hour,PVGIS 5.3 seriescalc
2025-09-04T16:00:00+02:00,1.0,0.56629,566.29,43.85,2023,2023-09-04T14:10:00+00:00,2023-09-04T16:10:00+02:00,PVGIS UTC converted to Europe/Madrid; local HH:10 assigned to containing local clock hour,PVGIS 5.3 seriescalc
2025-09-04T17:00:00+02:00,1.0,0.42213,422.13,34.15,2023,2023-09-04T15:10:00+00:00,2023-09-04T17:10:00+02:00,PVGIS UTC converted to Europe/Madrid; local HH:10 assigned to containing local clock hour,PVGIS 5.3 seriescalc
2025-09-04T18:00:00+02:00,1.0,0.23228000000000001,232.28,23.42,2023,2023-09-04T16:10:00+00:00,2023-09-04T18:10:00+02:00,PVGIS UTC converted to Europe/Madrid; local HH:10 assigned to containing local clock hour,PVGIS 5.3 seriescalc
2025-09-04T19:00:00+02:00,1.0,0.07701000000000001,77.01,12.25,2023,2023-09-04T17:10:00+00:00,2023-09-04T19:10:00+02:00,PVGIS UTC converted to Europe/Madrid; local HH:10 assigned to containing local clock hour,PVGIS 5.3 seriescalc
2025-09-04T20:00:00+02:00,1.0,0.0,0.0,0.0,2023,2023-09-04T18:10:00+00:00,2023-09-04T20:10:00+02:00,PVGIS UTC converted to Europe/Madrid; local HH:10 assigned to containing local clock hour,PVGIS 5.3 seriescalc
2025-09-04T21:00:00+02:00,1.0,0.0,0.0,0.0,2023,2023-09-04T19:10:00+00:00,2023-09-04T21:10:00+02:00,PVGIS UTC converted to Europe/Madrid; local HH:10 assigned to containing local clock hour,PVGIS 5.3 seriescalc
2025-09-04T22:00:00+02:00,1.0,0.0,0.0,0.0,2023,2023-09-04T20:10:00+00:00,2023-09-04T22:10:00+02:00,PVGIS UTC converted to Europe/Madrid; local HH:10 assigned to containing local clock hour,PVGIS 5.3 seriescalc
2025-09-04T23:00:00+02:00,1.0,0.0,0.0,0.0,2023,2023-09-04T21:10:00+00:00,2023-09-04T23:10:00+02:00,PVGIS UTC converted to Europe/Madrid; local HH:10 assigned to containing local clock hour,PVGIS 5.3 seriescalc
2025-09-05T00:00:00+02:00,1.0,0.0,0.0,0.0,2023,2023-09-04T22:10:00+00:00,2023-09-05T00:10:00+02:00,PVGIS UTC converted to Europe/Madrid; local HH:10 assigned to containing local clock hour,PVGIS 5.3 seriescalc
2025-09-05T01:00:00+02:00,1.0,0.0,0.0,0.0,2023,2023-09-04T23:10:00+00:00,2023-09-05T01:10:00+02:00,PVGIS UTC converted to Europe/Madrid; local HH:10 assigned to containing local clock hour,PVGIS 5.3 seriescalc
2025-09-05T02:00:00+02:00,1.0,0.0,0.0,0.0,2023,2023-09-05T00:10:00+00:00,2023-09-05T02:10:00+02:00,PVGIS UTC converted to Europe/Madrid; local HH:10 assigned to containing local clock hour,PVGIS 5.3 seriescalc
2025-09-05T03:00:00+02:00,1.0,0.0,0.0,0.0,2023,2023-09-05T01:10:00+00:00,2023-09-05T03:10:00+02:00,PVGIS UTC converted to Europe/Madrid; local HH:10 assigned to containing local clock hour,PVGIS 5.3 seriescalc
2025-09-05T04:00:00+02:00,1.0,0.0,0.0,0.0,2023,2023-09-05T02:10:00+00:00,2023-09-05T04:10:00+02:00,PVGIS UTC converted to Europe/Madrid; local HH:10 assigned to containing local clock hour,PVGIS 5.3 seriescalc
2025-09-05T05:00:00+02:00,1.0,0.0,0.0,0.0,2023,2023-09-05T03:10:00+00:00,2023-09-05T05:10:00+02:00,PVGIS UTC converted to Europe/Madrid; local HH:10 assigned to containing local clock hour,PVGIS 5.3 seriescalc
2025-09-05T06:00:00+02:00,1.0,0.0,0.0,0.0,2023,2023-09-05T04:10:00+00:00,2023-09-05T06:10:00+02:00,PVGIS UTC converted to Europe/Madrid; local HH:10 assigned to containing local clock hour,PVGIS 5.3 seriescalc
2025-09-05T07:00:00+02:00,1.0,0.0,0.0,0.0,2023,2023-09-05T05:10:00+00:00,2023-09-05T07:10:00+02:00,PVGIS UTC converted to Europe/Madrid; local HH:10 assigned to containing local clock hour,PVGIS 5.3 seriescalc
2025-09-05T08:00:00+02:00,1.0,0.03694,36.94,8.41,2023,2023-09-05T06:10:00+00:00,2023-09-05T08:10:00+02:00,PVGIS UTC converted to Europe/Madrid; local HH:10 assigned to containing local clock hour,PVGIS 5.3 seriescalc
2025-09-05T09:00:00+02:00,1.0,0.17368,173.68,19.63,2023,2023-09-05T07:10:00+00:00,2023-09-05T09:10:00+02:00,PVGIS UTC converted to Europe/Madrid; local HH:10 assigned to containing local clock hour,PVGIS 5.3 seriescalc
2025-09-05T10:00:00+02:00,1.0,0.36366000000000004,363.66,30.54,2023,2023-09-05T08:10:00+00:00,2023-09-05T10:10:00+02:00,PVGIS UTC converted to Europe/Madrid; local HH:10 assigned to containing local clock hour,PVGIS 5.3 seriescalc
2025-09-05T11:00:00+02:00,1.0,0.53131,531.31,40.63,2023,2023-09-05T09:10:00+00:00,2023-09-05T11:10:00+02:00,PVGIS UTC converted to Europe/Madrid; local HH:10 assigned to containing local clock hour,PVGIS 5.3 seriescalc
2025-09-05T12:00:00+02:00,1.0,0.6509299999999999,650.93,49.04,2023,2023-09-05T10:10:00+00:00,2023-09-05T12:10:00+02:00,PVGIS UTC converted to Europe/Madrid; local HH:10 assigned to containing local clock hour,PVGIS 5.3 seriescalc
2025-09-05T13:00:00+02:00,1.0,0.71193,711.93,54.41,2023,2023-09-05T11:10:00+00:00,2023-09-05T13:10:00+02:00,PVGIS UTC converted to Europe/Madrid; local HH:10 assigned to containing local clock hour,PVGIS 5.3 seriescalc
2025-09-05T14:00:00+02:00,1.0,0.7182999999999999,718.3,55.21,2023,2023-09-05T12:10:00+00:00,2023-09-05T14:10:00+02:00,PVGIS UTC converted to Europe/Madrid; local HH:10 assigned to containing local clock hour,PVGIS 5.3 seriescalc
2025-09-05T15:00:00+02:00,1.0,0.67806,678.06,51.14,2023,2023-09-05T13:10:00+00:00,2023-09-05T15:10:00+02:00,PVGIS UTC converted to Europe/Madrid; local HH:10 assigned to containing local clock hour,PVGIS 5.3 seriescalc
2025-09-05T16:00:00+02:00,1.0,0.58414,584.14,43.51,2023,2023-09-05T14:10:00+00:00,2023-09-05T16:10:00+02:00,PVGIS UTC converted to Europe/Madrid; local HH:10 assigned to containing local clock hour,PVGIS 5.3 seriescalc
2025-09-05T17:00:00+02:00,1.0,0.43467,434.67,33.83,2023,2023-09-05T15:10:00+00:00,2023-09-05T17:10:00+02:00,PVGIS UTC converted to Europe/Madrid; local HH:10 assigned to containing local clock hour,PVGIS 5.3 seriescalc
2025-09-05T18:00:00+02:00,1.0,0.24956,249.56,23.11,2023,2023-09-05T16:10:00+00:00,2023-09-05T18:10:00+02:00,PVGIS UTC converted to Europe/Madrid; local HH:10 assigned to containing local clock hour,PVGIS 5.3 seriescalc
2025-09-05T19:00:00+02:00,1.0,0.07412,74.12,11.94,2023,2023-09-05T17:10:00+00:00,2023-09-05T19:10:00+02:00,PVGIS UTC converted to Europe/Madrid; local HH:10 assigned to containing local clock hour,PVGIS 5.3 seriescalc
2025-09-05T20:00:00+02:00,1.0,0.0,0.0,0.0,2023,2023-09-05T18:10:00+00:00,2023-09-05T20:10:00+02:00,PVGIS UTC converted to Europe/Madrid; local HH:10 assigned to containing local clock hour,PVGIS 5.3 seriescalc
2025-09-05T21:00:00+02:00,1.0,0.0,0.0,0.0,2023,2023-09-05T19:10:00+00:00,2023-09-05T21:10:00+02:00,PVGIS UTC converted to Europe/Madrid; local HH:10 assigned to containing local clock hour,PVGIS 5.3 seriescalc
2025-09-05T22:00:00+02:00,1.0,0.0,0.0,0.0,2023,2023-09-05T20:10:00+00:00,2023-09-05T22:10:00+02:00,PVGIS UTC converted to Europe/Madrid; local HH:10 assigned to containing local clock hour,PVGIS 5.3 seriescalc
2025-09-05T23:00:00+02:00,1.0,0.0,0.0,0.0,2023,2023-09-05T21:10:00+00:00,2023-09-05T23:10:00+02:00,PVGIS UTC converted to Europe/Madrid; local HH:10 assigned to containing local clock hour,PVGIS 5.3 seriescalc
2025-09-06T00:00:00+02:00,1.0,0.0,0.0,0.0,2023,2023-09-05T22:10:00+00:00,2023-09-06T00:10:00+02:00,PVGIS UTC converted to Europe/Madrid; local HH:10 assigned to containing local clock hour,PVGIS 5.3 seriescalc
2025-09-06T01:00:00+02:00,1.0,0.0,0.0,0.0,2023,2023-09-05T23:10:00+00:00,2023-09-06T01:10:00+02:00,PVGIS UTC converted to Europe/Madrid; local HH:10 assigned to containing local clock hour,PVGIS 5.3 seriescalc
2025-09-06T02:00:00+02:00,1.0,0.0,0.0,0.0,2023,2023-09-06T00:10:00+00:00,2023-09-06T02:10:00+02:00,PVGIS UTC converted to Europe/Madrid; local HH:10 assigned to containing local clock hour,PVGIS 5.3 seriescalc
2025-09-06T03:00:00+02:00,1.0,0.0,0.0,0.0,2023,2023-09-06T01:10:00+00:00,2023-09-06T03:10:00+02:00,PVGIS UTC converted to Europe/Madrid; local HH:10 assigned to containing local clock hour,PVGIS 5.3 seriescalc
2025-09-06T04:00:00+02:00,1.0,0.0,0.0,0.0,2023,2023-09-06T02:10:00+00:00,2023-09-06T04:10:00+02:00,PVGIS UTC converted to Europe/Madrid; local HH:10 assigned to containing local clock hour,PVGIS 5.3 seriescalc
2025-09-06T05:00:00+02:00,1.0,0.0,0.0,0.0,2023,2023-09-06T03:10:00+00:00,2023-09-06T05:10:00+02:00,PVGIS UTC converted to Europe/Madrid; local HH:10 assigned to containing local clock hour,PVGIS 5.3 seriescalc
2025-09-06T06:00:00+02:00,1.0,0.0,0.0,0.0,2023,2023-09-06T04:10:00+00:00,2023-09-06T06:10:00+02:00,PVGIS UTC converted to Europe/Madrid; local HH:10 assigned to containing local clock hour,PVGIS 5.3 seriescalc
2025-09-06T07:00:00+02:00,1.0,0.0,0.0,0.0,2023,2023-09-06T05:10:00+00:00,2023-09-06T07:10:00+02:00,PVGIS UTC converted to Europe/Madrid; local HH:10 assigned to containing local clock hour,PVGIS 5.3 seriescalc
2025-09-06T08:00:00+02:00,1.0,0.03435,34.35,8.23,2023,2023-09-06T06:10:00+00:00,2023-09-06T08:10:00+02:00,PVGIS UTC converted to Europe/Madrid; local HH:10 assigned to containing local clock hour,PVGIS 5.3 seriescalc
2025-09-06T09:00:00+02:00,1.0,0.18738,187.38,19.45,2023,2023-09-06T07:10:00+00:00,2023-09-06T09:10:00+02:00,PVGIS UTC converted to Europe/Madrid; local HH:10 assigned to containing local clock hour,PVGIS 5.3 seriescalc
2025-09-06T10:00:00+02:00,1.0,0.39186,391.86,30.34,2023,2023-09-06T08:10:00+00:00,2023-09-06T10:10:00+02:00,PVGIS UTC converted to Europe/Madrid; local HH:10 assigned to containing local clock hour,PVGIS 5.3 seriescalc
2025-09-06T11:00:00+02:00,1.0,0.54375,543.75,40.4,2023,2023-09-06T09:10:00+00:00,2023-09-06T11:10:00+02:00,PVGIS UTC converted to Europe/Madrid; local HH:10 assigned to containing local clock hour,PVGIS 5.3 seriescalc
2025-09-06T12:00:00+02:00,1.0,0.66234,662.34,48.76,2023,2023-09-06T10:10:00+00:00,2023-09-06T12:10:00+02:00,PVGIS UTC converted to Europe/Madrid; local HH:10 assigned to containing local clock hour,PVGIS 5.3 seriescalc
2025-09-06T13:00:00+02:00,1.0,0.7041799999999999,704.18,54.07,2023,2023-09-06T11:10:00+00:00,2023-09-06T13:10:00+02:00,PVGIS UTC converted to Europe/Madrid; local HH:10 assigned to containing local clock hour,PVGIS 5.3 seriescalc
2025-09-06T14:00:00+02:00,1.0,0.73354,733.54,54.83,2023,2023-09-06T12:10:00+00:00,2023-09-06T14:10:00+02:00,PVGIS UTC converted to Europe/Madrid; local HH:10 assigned to containing local clock hour,PVGIS 5.3 seriescalc
2025-09-06T15:00:00+02:00,1.0,0.69253,692.53,50.76,2023,2023-09-06T13:10:00+00:00,2023-09-06T15:10:00+02:00,PVGIS UTC converted to Europe/Madrid; local HH:10 assigned to containing local clock hour,PVGIS 5.3 seriescalc
2025-09-06T16:00:00+02:00,1.0,0.6049800000000001,604.98,43.16,2023,2023-09-06T14:10:00+00:00,2023-09-06T16:10:00+02:00,PVGIS UTC converted to Europe/Madrid; local HH:10 assigned to containing local clock hour,PVGIS 5.3 seriescalc
2025-09-06T17:00:00+02:00,1.0,0.46152,461.52,33.5,2023,2023-09-06T15:10:00+00:00,2023-09-06T17:10:00+02:00,PVGIS UTC converted to Europe/Madrid; local HH:10 assigned to containing local clock hour,PVGIS 5.3 seriescalc
2025-09-06T18:00:00+02:00,1.0,0.26899,268.99,22.79,2023,2023-09-06T16:10:00+00:00,2023-09-06T18:10:00+02:00,PVGIS UTC converted to Europe/Madrid; local HH:10 assigned to containing local clock hour,PVGIS 5.3 seriescalc
2025-09-06T19:00:00+02:00,1.0,0.07934999999999999,79.35,11.63,2023,2023-09-06T17:10:00+00:00,2023-09-06T19:10:00+02:00,PVGIS UTC converted to Europe/Madrid; local HH:10 assigned to containing local clock hour,PVGIS 5.3 seriescalc
2025-09-06T20:00:00+02:00,1.0,0.0,0.0,0.0,2023,2023-09-06T18:10:00+00:00,2023-09-06T20:10:00+02:00,PVGIS UTC converted to Europe/Madrid; local HH:10 assigned to containing local clock hour,PVGIS 5.3 seriescalc
2025-09-06T21:00:00+02:00,1.0,0.0,0.0,0.0,2023,2023-09-06T19:10:00+00:00,2023-09-06T21:10:00+02:00,PVGIS UTC converted to Europe/Madrid; local HH:10 assigned to containing local clock hour,PVGIS 5.3 seriescalc
2025-09-06T22:00:00+02:00,1.0,0.0,0.0,0.0,2023,2023-09-06T20:10:00+00:00,2023-09-06T22:10:00+02:00,PVGIS UTC converted to Europe/Madrid; local HH:10 assigned to containing local clock hour,PVGIS 5.3 seriescalc
2025-09-06T23:00:00+02:00,1.0,0.0,0.0,0.0,2023,2023-09-06T21:10:00+00:00,2023-09-06T23:10:00+02:00,PVGIS UTC converted to Europe/Madrid; local HH:10 assigned to containing local clock hour,PVGIS 5.3 seriescalc
2025-09-07T00:00:00+02:00,1.0,0.0,0.0,0.0,2023,2023-09-06T22:10:00+00:00,2023-09-07T00:10:00+02:00,PVGIS UTC converted to Europe/Madrid; local HH:10 assigned to containing local clock hour,PVGIS 5.3 seriescalc
2025-09-07T01:00:00+02:00,1.0,0.0,0.0,0.0,2023,2023-09-06T23:10:00+00:00,2023-09-07T01:10:00+02:00,PVGIS UTC converted to Europe/Madrid; local HH:10 assigned to containing local clock hour,PVGIS 5.3 seriescalc
2025-09-07T02:00:00+02:00,1.0,0.0,0.0,0.0,2023,2023-09-07T00:10:00+00:00,2023-09-07T02:10:00+02:00,PVGIS UTC converted to Europe/Madrid; local HH:10 assigned to containing local clock hour,PVGIS 5.3 seriescalc
2025-09-07T03:00:00+02:00,1.0,0.0,0.0,0.0,2023,2023-09-07T01:10:00+00:00,2023-09-07T03:10:00+02:00,PVGIS UTC converted to Europe/Madrid; local HH:10 assigned to containing local clock hour,PVGIS 5.3 seriescalc
2025-09-07T04:00:00+02:00,1.0,0.0,0.0,0.0,2023,2023-09-07T02:10:00+00:00,2023-09-07T04:10:00+02:00,PVGIS UTC converted to Europe/Madrid; local HH:10 assigned to containing local clock hour,PVGIS 5.3 seriescalc
2025-09-07T05:00:00+02:00,1.0,0.0,0.0,0.0,2023,2023-09-07T03:10:00+00:00,2023-09-07T05:10:00+02:00,PVGIS UTC converted to Europe/Madrid; local HH:10 assigned to containing local clock hour,PVGIS 5.3 seriescalc
2025-09-07T06:00:00+02:00,1.0,0.0,0.0,0.0,2023,2023-09-07T04:10:00+00:00,2023-09-07T06:10:00+02:00,PVGIS UTC converted to Europe/Madrid; local HH:10 assigned to containing local clock hour,PVGIS 5.3 seriescalc
2025-09-07T07:00:00+02:00,1.0,0.0,0.0,0.0,2023,2023-09-07T05:10:00+00:00,2023-09-07T07:10:00+02:00,PVGIS UTC converted to Europe/Madrid; local HH:10 assigned to containing local clock hour,PVGIS 5.3 seriescalc
2025-09-07T08:00:00+02:00,1.0,0.03797,37.97,8.05,2023,2023-09-07T06:10:00+00:00,2023-09-07T08:10:00+02:00,PVGIS UTC converted to Europe/Madrid; local HH:10 assigned to containing local clock hour,PVGIS 5.3 seriescalc
2025-09-07T09:00:00+02:00,1.0,0.22422999999999998,224.23,19.26,2023,2023-09-07T07:10:00+00:00,2023-09-07T09:10:00+02:00,PVGIS UTC converted to Europe/Madrid; local HH:10 assigned to containing local clock hour,PVGIS 5.3 seriescalc
2025-09-07T10:00:00+02:00,1.0,0.43347,433.47,30.14,2023,2023-09-07T08:10:00+00:00,2023-09-07T10:10:00+02:00,PVGIS UTC converted to Europe/Madrid; local HH:10 assigned to containing local clock hour,PVGIS 5.3 seriescalc
2025-09-07T11:00:00+02:00,1.0,0.5791799999999999,579.18,40.16,2023,2023-09-07T09:10:00+00:00,2023-09-07T11:10:00+02:00,PVGIS UTC converted to Europe/Madrid; local HH:10 assigned to containing local clock hour,PVGIS 5.3 seriescalc
2025-09-07T12:00:00+02:00,1.0,0.68778,687.78,48.48,2023,2023-09-07T10:10:00+00:00,2023-09-07T12:10:00+02:00,PVGIS UTC converted to Europe/Madrid; local HH:10 assigned to containing local clock hour,PVGIS 5.3 seriescalc
2025-09-07T13:00:00+02:00,1.0,0.741,741.0,53.72,2023,2023-09-07T11:10:00+00:00,2023-09-07T13:10:00+02:00,PVGIS UTC converted to Europe/Madrid; local HH:10 assigned to containing local clock hour,PVGIS 5.3 seriescalc
2025-09-07T14:00:00+02:00,1.0,0.75358,753.58,54.45,2023,2023-09-07T12:10:00+00:00,2023-09-07T14:10:00+02:00,PVGIS UTC converted to Europe/Madrid; local HH:10 assigned to containing local clock hour,PVGIS 5.3 seriescalc
2025-09-07T15:00:00+02:00,1.0,0.7128,712.8,50.39,2023,2023-09-07T13:10:00+00:00,2023-09-07T15:10:00+02:00,PVGIS UTC converted to Europe/Madrid; local HH:10 assigned to containing local clock hour,PVGIS 5.3 seriescalc
2025-09-07T16:00:00+02:00,1.0,0.63158,631.58,42.8,2023,2023-09-07T14:10:00+00:00,2023-09-07T16:10:00+02:00,PVGIS UTC converted to Europe/Madrid; local HH:10 assigned to containing local clock hour,PVGIS 5.3 seriescalc
2025-09-07T17:00:00+02:00,1.0,0.48145,481.45,33.17,2023,2023-09-07T15:10:00+00:00,2023-09-07T17:10:00+02:00,PVGIS UTC converted to Europe/Madrid; local HH:10 assigned to containing local clock hour,PVGIS 5.3 seriescalc
2025-09-07T18:00:00+02:00,1.0,0.2837,283.7,22.48,2023,2023-09-07T16:10:00+00:00,2023-09-07T18:10:00+02:00,PVGIS UTC converted to Europe/Madrid; local HH:10 assigned to containing local clock hour,PVGIS 5.3 seriescalc
2025-09-07T19:00:00+02:00,1.0,0.08327,83.27,11.32,2023,2023-09-07T17:10:00+00:00,2023-09-07T19:10:00+02:00,PVGIS UTC converted to Europe/Madrid; local HH:10 assigned to containing local clock hour,PVGIS 5.3 seriescalc
2025-09-07T20:00:00+02:00,1.0,0.0,0.0,0.0,2023,2023-09-07T18:10:00+00:00,2023-09-07T20:10:00+02:00,PVGIS UTC converted to Europe/Madrid; local HH:10 assigned to containing local clock hour,PVGIS 5.3 seriescalc
2025-09-07T21:00:00+02:00,1.0,0.0,0.0,0.0,2023,2023-09-07T19:10:00+00:00,2023-09-07T21:10:00+02:00,PVGIS UTC converted to Europe/Madrid; local HH:10 assigned to containing local clock hour,PVGIS 5.3 seriescalc
2025-09-07T22:00:00+02:00,1.0,0.0,0.0,0.0,2023,2023-09-07T20:10:00+00:00,2023-09-07T22:10:00+02:00,PVGIS UTC converted to Europe/Madrid; local HH:10 assigned to containing local clock hour,PVGIS 5.3 seriescalc
2025-09-07T23:00:00+02:00,1.0,0.0,0.0,0.0,2023,2023-09-07T21:10:00+00:00,2023-09-07T23:10:00+02:00,PVGIS UTC converted to Europe/Madrid; local HH:10 assigned to containing local clock hour,PVGIS 5.3 seriescalc
2025-09-08T00:00:00+02:00,1.0,0.0,0.0,0.0,2023,2023-09-07T22:10:00+00:00,2023-09-08T00:10:00+02:00,PVGIS UTC converted to Europe/Madrid; local HH:10 assigned to containing local clock hour,PVGIS 5.3 seriescalc
2025-09-08T01:00:00+02:00,1.0,0.0,0.0,0.0,2023,2023-09-07T23:10:00+00:00,2023-09-08T01:10:00+02:00,PVGIS UTC converted to Europe/Madrid; local HH:10 assigned to containing local clock hour,PVGIS 5.3 seriescalc
2025-09-08T02:00:00+02:00,1.0,0.0,0.0,0.0,2023,2023-09-08T00:10:00+00:00,2023-09-08T02:10:00+02:00,PVGIS UTC converted to Europe/Madrid; local HH:10 assigned to containing local clock hour,PVGIS 5.3 seriescalc
2025-09-08T03:00:00+02:00,1.0,0.0,0.0,0.0,2023,2023-09-08T01:10:00+00:00,2023-09-08T03:10:00+02:00,PVGIS UTC converted to Europe/Madrid; local HH:10 assigned to containing local clock hour,PVGIS 5.3 seriescalc
2025-09-08T04:00:00+02:00,1.0,0.0,0.0,0.0,2023,2023-09-08T02:10:00+00:00,2023-09-08T04:10:00+02:00,PVGIS UTC converted to Europe/Madrid; local HH:10 assigned to containing local clock hour,PVGIS 5.3 seriescalc
2025-09-08T05:00:00+02:00,1.0,0.0,0.0,0.0,2023,2023-09-08T03:10:00+00:00,2023-09-08T05:10:00+02:00,PVGIS UTC converted to Europe/Madrid; local HH:10 assigned to containing local clock hour,PVGIS 5.3 seriescalc
2025-09-08T06:00:00+02:00,1.0,0.0,0.0,0.0,2023,2023-09-08T04:10:00+00:00,2023-09-08T06:10:00+02:00,PVGIS UTC converted to Europe/Madrid; local HH:10 assigned to containing local clock hour,PVGIS 5.3 seriescalc
2025-09-08T07:00:00+02:00,1.0,0.0,0.0,0.0,2023,2023-09-08T05:10:00+00:00,2023-09-08T07:10:00+02:00,PVGIS UTC converted to Europe/Madrid; local HH:10 assigned to containing local clock hour,PVGIS 5.3 seriescalc
2025-09-08T08:00:00+02:00,1.0,0.037380000000000004,37.38,7.87,2023,2023-09-08T06:10:00+00:00,2023-09-08T08:10:00+02:00,PVGIS UTC converted to Europe/Madrid; local HH:10 assigned to containing local clock hour,PVGIS 5.3 seriescalc
2025-09-08T09:00:00+02:00,1.0,0.22250999999999999,222.51,19.08,2023,2023-09-08T07:10:00+00:00,2023-09-08T09:10:00+02:00,PVGIS UTC converted to Europe/Madrid; local HH:10 assigned to containing local clock hour,PVGIS 5.3 seriescalc
2025-09-08T10:00:00+02:00,1.0,0.43188,431.88,29.94,2023,2023-09-08T08:10:00+00:00,2023-09-08T10:10:00+02:00,PVGIS UTC converted to Europe/Madrid; local HH:10 assigned to containing local clock hour,PVGIS 5.3 seriescalc
2025-09-08T11:00:00+02:00,1.0,0.587,587.0,39.93,2023,2023-09-08T09:10:00+00:00,2023-09-08T11:10:00+02:00,PVGIS UTC converted to Europe/Madrid; local HH:10 assigned to containing local clock hour,PVGIS 5.3 seriescalc
2025-09-08T12:00:00+02:00,1.0,0.68916,689.16,48.19,2023,2023-09-08T10:10:00+00:00,2023-09-08T12:10:00+02:00,PVGIS UTC converted to Europe/Madrid; local HH:10 assigned to containing local clock hour,PVGIS 5.3 seriescalc
2025-09-08T13:00:00+02:00,1.0,0.7337899999999999,733.79,53.38,2023,2023-09-08T11:10:00+00:00,2023-09-08T13:10:00+02:00,PVGIS UTC converted to Europe/Madrid; local HH:10 assigned to containing local clock hour,PVGIS 5.3 seriescalc
2025-09-08T14:00:00+02:00,1.0,0.7456,745.6,54.06,2023,2023-09-08T12:10:00+00:00,2023-09-08T14:10:00+02:00,PVGIS UTC converted to Europe/Madrid; local HH:10 assigned to containing local clock hour,PVGIS 5.3 seriescalc
2025-09-08T15:00:00+02:00,1.0,0.71368,713.68,50.01,2023,2023-09-08T13:10:00+00:00,2023-09-08T15:10:00+02:00,PVGIS UTC converted to Europe/Madrid; local HH:10 assigned to containing local clock hour,PVGIS 5.3 seriescalc
2025-09-08T16:00:00+02:00,1.0,0.63242,632.42,42.45,2023,2023-09-08T14:10:00+00:00,2023-09-08T16:10:00+02:00,PVGIS UTC converted to Europe/Madrid; local HH:10 assigned to containing local clock hour,PVGIS 5.3 seriescalc
2025-09-08T17:00:00+02:00,1.0,0.47791,477.91,32.83,2023,2023-09-08T15:10:00+00:00,2023-09-08T17:10:00+02:00,PVGIS UTC converted to Europe/Madrid; local HH:10 assigned to containing local clock hour,PVGIS 5.3 seriescalc
2025-09-08T18:00:00+02:00,1.0,0.28358,283.58,22.16,2023,2023-09-08T16:10:00+00:00,2023-09-08T18:10:00+02:00,PVGIS UTC converted to Europe/Madrid; local HH:10 assigned to containing local clock hour,PVGIS 5.3 seriescalc
2025-09-08T19:00:00+02:00,1.0,0.07817,78.17,11.0,2023,2023-09-08T17:10:00+00:00,2023-09-08T19:10:00+02:00,PVGIS UTC converted to Europe/Madrid; local HH:10 assigned to containing local clock hour,PVGIS 5.3 seriescalc
2025-09-08T20:00:00+02:00,1.0,0.0,0.0,0.0,2023,2023-09-08T18:10:00+00:00,2023-09-08T20:10:00+02:00,PVGIS UTC converted to Europe/Madrid; local HH:10 assigned to containing local clock hour,PVGIS 5.3 seriescalc
2025-09-08T21:00:00+02:00,1.0,0.0,0.0,0.0,2023,2023-09-08T19:10:00+00:00,2023-09-08T21:10:00+02:00,PVGIS UTC converted to Europe/Madrid; local HH:10 assigned to containing local clock hour,PVGIS 5.3 seriescalc
2025-09-08T22:00:00+02:00,1.0,0.0,0.0,0.0,2023,2023-09-08T20:10:00+00:00,2023-09-08T22:10:00+02:00,PVGIS UTC converted to Europe/Madrid; local HH:10 assigned to containing local clock hour,PVGIS 5.3 seriescalc
2025-09-08T23:00:00+02:00,1.0,0.0,0.0,0.0,2023,2023-09-08T21:10:00+00:00,2023-09-08T23:10:00+02:00,PVGIS UTC converted to Europe/Madrid; local HH:10 assigned to containing local clock hour,PVGIS 5.3 seriescalc
2025-09-09T00:00:00+02:00,1.0,0.0,0.0,0.0,2023,2023-09-08T22:10:00+00:00,2023-09-09T00:10:00+02:00,PVGIS UTC converted to Europe/Madrid; local HH:10 assigned to containing local clock hour,PVGIS 5.3 seriescalc
2025-09-09T01:00:00+02:00,1.0,0.0,0.0,0.0,2023,2023-09-08T23:10:00+00:00,2023-09-09T01:10:00+02:00,PVGIS UTC converted to Europe/Madrid; local HH:10 assigned to containing local clock hour,PVGIS 5.3 seriescalc
2025-09-09T02:00:00+02:00,1.0,0.0,0.0,0.0,2023,2023-09-09T00:10:00+00:00,2023-09-09T02:10:00+02:00,PVGIS UTC converted to Europe/Madrid; local HH:10 assigned to containing local clock hour,PVGIS 5.3 seriescalc
2025-09-09T03:00:00+02:00,1.0,0.0,0.0,0.0,2023,2023-09-09T01:10:00+00:00,2023-09-09T03:10:00+02:00,PVGIS UTC converted to Europe/Madrid; local HH:10 assigned to containing local clock hour,PVGIS 5.3 seriescalc
2025-09-09T04:00:00+02:00,1.0,0.0,0.0,0.0,2023,2023-09-09T02:10:00+00:00,2023-09-09T04:10:00+02:00,PVGIS UTC converted to Europe/Madrid; local HH:10 assigned to containing local clock hour,PVGIS 5.3 seriescalc
2025-09-09T05:00:00+02:00,1.0,0.0,0.0,0.0,2023,2023-09-09T03:10:00+00:00,2023-09-09T05:10:00+02:00,PVGIS UTC converted to Europe/Madrid; local HH:10 assigned to containing local clock hour,PVGIS 5.3 seriescalc
2025-09-09T06:00:00+02:00,1.0,0.0,0.0,0.0,2023,2023-09-09T04:10:00+00:00,2023-09-09T06:10:00+02:00,PVGIS UTC converted to Europe/Madrid; local HH:10 assigned to containing local clock hour,PVGIS 5.3 seriescalc
2025-09-09T07:00:00+02:00,1.0,0.0,0.0,0.0,2023,2023-09-09T05:10:00+00:00,2023-09-09T07:10:00+02:00,PVGIS UTC converted to Europe/Madrid; local HH:10 assigned to containing local clock hour,PVGIS 5.3 seriescalc
2025-09-09T08:00:00+02:00,1.0,0.03651,36.51,7.69,2023,2023-09-09T06:10:00+00:00,2023-09-09T08:10:00+02:00,PVGIS UTC converted to Europe/Madrid; local HH:10 assigned to containing local clock hour,PVGIS 5.3 seriescalc
2025-09-09T09:00:00+02:00,1.0,0.22208,222.08,18.9,2023,2023-09-09T07:10:00+00:00,2023-09-09T09:10:00+02:00,PVGIS UTC converted to Europe/Madrid; local HH:10 assigned to containing local clock hour,PVGIS 5.3 seriescalc
2025-09-09T10:00:00+02:00,1.0,0.40745,407.45,29.74,2023,2023-09-09T08:10:00+00:00,2023-09-09T10:10:00+02:00,PVGIS UTC converted to Europe/Madrid; local HH:10 assigned to containing local clock hour,PVGIS 5.3 seriescalc
2025-09-09T11:00:00+02:00,1.0,0.57688,576.88,39.69,2023,2023-09-09T09:10:00+00:00,2023-09-09T11:10:00+02:00,PVGIS UTC converted to Europe/Madrid; local HH:10 assigned to containing local clock hour,PVGIS 5.3 seriescalc
2025-09-09T12:00:00+02:00,1.0,0.67783,677.83,47.9,2023,2023-09-09T10:10:00+00:00,2023-09-09T12:10:00+02:00,PVGIS UTC converted to Europe/Madrid; local HH:10 assigned to containing local clock hour,PVGIS 5.3 seriescalc
2025-09-09T13:00:00+02:00,1.0,0.72014,720.14,53.03,2023,2023-09-09T11:10:00+00:00,2023-09-09T13:10:00+02:00,PVGIS UTC converted to Europe/Madrid; local HH:10 assigned to containing local clock hour,PVGIS 5.3 seriescalc
2025-09-09T14:00:00+02:00,1.0,0.74078,740.78,53.68,2023,2023-09-09T12:10:00+00:00,2023-09-09T14:10:00+02:00,PVGIS UTC converted to Europe/Madrid; local HH:10 assigned to containing local clock hour,PVGIS 5.3 seriescalc
2025-09-09T15:00:00+02:00,1.0,0.71205,712.05,49.63,2023,2023-09-09T13:10:00+00:00,2023-09-09T15:10:00+02:00,PVGIS UTC converted to Europe/Madrid; local HH:10 assigned to containing local clock hour,PVGIS 5.3 seriescalc
2025-09-09T16:00:00+02:00,1.0,0.61958,619.58,42.09,2023,2023-09-09T14:10:00+00:00,2023-09-09T16:10:00+02:00,PVGIS UTC converted to Europe/Madrid; local HH:10 assigned to containing local clock hour,PVGIS 5.3 seriescalc
2025-09-09T17:00:00+02:00,1.0,0.47356,473.56,32.5,2023,2023-09-09T15:10:00+00:00,2023-09-09T17:10:00+02:00,PVGIS UTC converted to Europe/Madrid; local HH:10 assigned to containing local clock hour,PVGIS 5.3 seriescalc
2025-09-09T18:00:00+02:00,1.0,0.27727999999999997,277.28,21.83,2023,2023-09-09T16:10:00+00:00,2023-09-09T18:10:00+02:00,PVGIS UTC converted to Europe/Madrid; local HH:10 assigned to containing local clock hour,PVGIS 5.3 seriescalc
2025-09-09T19:00:00+02:00,1.0,0.07684,76.84,10.69,2023,2023-09-09T17:10:00+00:00,2023-09-09T19:10:00+02:00,PVGIS UTC converted to Europe/Madrid; local HH:10 assigned to containing local clock hour,PVGIS 5.3 seriescalc
2025-09-09T20:00:00+02:00,1.0,0.0,0.0,0.0,2023,2023-09-09T18:10:00+00:00,2023-09-09T20:10:00+02:00,PVGIS UTC converted to Europe/Madrid; local HH:10 assigned to containing local clock hour,PVGIS 5.3 seriescalc
2025-09-09T21:00:00+02:00,1.0,0.0,0.0,0.0,2023,2023-09-09T19:10:00+00:00,2023-09-09T21:10:00+02:00,PVGIS UTC converted to Europe/Madrid; local HH:10 assigned to containing local clock hour,PVGIS 5.3 seriescalc
2025-09-09T22:00:00+02:00,1.0,0.0,0.0,0.0,2023,2023-09-09T20:10:00+00:00,2023-09-09T22:10:00+02:00,PVGIS UTC converted to Europe/Madrid; local HH:10 assigned to containing local clock hour,PVGIS 5.3 seriescalc
2025-09-09T23:00:00+02:00,1.0,0.0,0.0,0.0,2023,2023-09-09T21:10:00+00:00,2023-09-09T23:10:00+02:00,PVGIS UTC converted to Europe/Madrid; local HH:10 assigned to containing local clock hour,PVGIS 5.3 seriescalc
2025-09-10T00:00:00+02:00,1.0,0.0,0.0,0.0,2023,2023-09-09T22:10:00+00:00,2023-09-10T00:10:00+02:00,PVGIS UTC converted to Europe/Madrid; local HH:10 assigned to containing local clock hour,PVGIS 5.3 seriescalc
2025-09-10T01:00:00+02:00,1.0,0.0,0.0,0.0,2023,2023-09-09T23:10:00+00:00,2023-09-10T01:10:00+02:00,PVGIS UTC converted to Europe/Madrid; local HH:10 assigned to containing local clock hour,PVGIS 5.3 seriescalc
2025-09-10T02:00:00+02:00,1.0,0.0,0.0,0.0,2023,2023-09-10T00:10:00+00:00,2023-09-10T02:10:00+02:00,PVGIS UTC converted to Europe/Madrid; local HH:10 assigned to containing local clock hour,PVGIS 5.3 seriescalc
2025-09-10T03:00:00+02:00,1.0,0.0,0.0,0.0,2023,2023-09-10T01:10:00+00:00,2023-09-10T03:10:00+02:00,PVGIS UTC converted to Europe/Madrid; local HH:10 assigned to containing local clock hour,PVGIS 5.3 seriescalc
2025-09-10T04:00:00+02:00,1.0,0.0,0.0,0.0,2023,2023-09-10T02:10:00+00:00,2023-09-10T04:10:00+02:00,PVGIS UTC converted to Europe/Madrid; local HH:10 assigned to containing local clock hour,PVGIS 5.3 seriescalc
2025-09-10T05:00:00+02:00,1.0,0.0,0.0,0.0,2023,2023-09-10T03:10:00+00:00,2023-09-10T05:10:00+02:00,PVGIS UTC converted to Europe/Madrid; local HH:10 assigned to containing local clock hour,PVGIS 5.3 seriescalc
2025-09-10T06:00:00+02:00,1.0,0.0,0.0,0.0,2023,2023-09-10T04:10:00+00:00,2023-09-10T06:10:00+02:00,PVGIS UTC converted to Europe/Madrid; local HH:10 assigned to containing local clock hour,PVGIS 5.3 seriescalc
2025-09-10T07:00:00+02:00,1.0,0.0,0.0,0.0,2023,2023-09-10T05:10:00+00:00,2023-09-10T07:10:00+02:00,PVGIS UTC converted to Europe/Madrid; local HH:10 assigned to containing local clock hour,PVGIS 5.3 seriescalc
2025-09-10T08:00:00+02:00,1.0,0.0351,35.1,7.52,2023,2023-09-10T06:10:00+00:00,2023-09-10T08:10:00+02:00,PVGIS UTC converted to Europe/Madrid; local HH:10 assigned to containing local clock hour,PVGIS 5.3 seriescalc
2025-09-10T09:00:00+02:00,1.0,0.21393,213.93,18.71,2023,2023-09-10T07:10:00+00:00,2023-09-10T09:10:00+02:00,PVGIS UTC converted to Europe/Madrid; local HH:10 assigned to containing local clock hour,PVGIS 5.3 seriescalc
2025-09-10T10:00:00+02:00,1.0,0.40042,400.42,29.53,2023,2023-09-10T08:10:00+00:00,2023-09-10T10:10:00+02:00,PVGIS UTC converted to Europe/Madrid; local HH:10 assigned to containing local clock hour,PVGIS 5.3 seriescalc
2025-09-10T11:00:00+02:00,1.0,0.5457799999999999,545.78,39.45,2023,2023-09-10T09:10:00+00:00,2023-09-10T11:10:00+02:00,PVGIS UTC converted to Europe/Madrid; local HH:10 assigned to containing local clock hour,PVGIS 5.3 seriescalc
2025-09-10T12:00:00+02:00,1.0,0.6584,658.4,47.6,2023,2023-09-10T10:10:00+00:00,2023-09-10T12:10:00+02:00,PVGIS UTC converted to Europe/Madrid; local HH:10 assigned to containing local clock hour,PVGIS 5.3 seriescalc
2025-09-10T13:00:00+02:00,1.0,0.70721,707.21,52.68,2023,2023-09-10T11:10:00+00:00,2023-09-10T13:10:00+02:00,PVGIS UTC converted to Europe/Madrid; local HH:10 assigned to containing local clock hour,PVGIS 5.3 seriescalc
2025-09-10T14:00:00+02:00,1.0,0.71348,713.48,53.29,2023,2023-09-10T12:10:00+00:00,2023-09-10T14:10:00+02:00,PVGIS UTC converted to Europe/Madrid; local HH:10 assigned to containing local clock hour,PVGIS 5.3 seriescalc
2025-09-10T15:00:00+02:00,1.0,0.6911,691.1,49.24,2023,2023-09-10T13:10:00+00:00,2023-09-10T15:10:00+02:00,PVGIS UTC converted to Europe/Madrid; local HH:10 assigned to containing local clock hour,PVGIS 5.3 seriescalc
2025-09-10T16:00:00+02:00,1.0,0.6023200000000001,602.32,41.73,2023,2023-09-10T14:10:00+00:00,2023-09-10T16:10:00+02:00,PVGIS UTC converted to Europe/Madrid; local HH:10 assigned to containing local clock hour,PVGIS 5.3 seriescalc
2025-09-10T17:00:00+02:00,1.0,0.44633999999999996,446.34,32.16,2023,2023-09-10T15:10:00+00:00,2023-09-10T17:10:00+02:00,PVGIS UTC converted to Europe/Madrid; local HH:10 assigned to containing local clock hour,PVGIS 5.3 seriescalc
2025-09-10T18:00:00+02:00,1.0,0.23811000000000002,238.11,21.51,2023,2023-09-10T16:10:00+00:00,2023-09-10T18:10:00+02:00,PVGIS UTC converted to Europe/Madrid; local HH:10 assigned to containing local clock hour,PVGIS 5.3 seriescalc
2025-09-10T19:00:00+02:00,1.0,0.06652,66.52,10.37,2023,2023-09-10T17:10:00+00:00,2023-09-10T19:10:00+02:00,PVGIS UTC converted to Europe/Madrid; local HH:10 assigned to containing local clock hour,PVGIS 5.3 seriescalc
2025-09-10T20:00:00+02:00,1.0,0.0,0.0,0.0,2023,2023-09-10T18:10:00+00:00,2023-09-10T20:10:00+02:00,PVGIS UTC converted to Europe/Madrid; local HH:10 assigned to containing local clock hour,PVGIS 5.3 seriescalc
2025-09-10T21:00:00+02:00,1.0,0.0,0.0,0.0,2023,2023-09-10T19:10:00+00:00,2023-09-10T21:10:00+02:00,PVGIS UTC converted to Europe/Madrid; local HH:10 assigned to containing local clock hour,PVGIS 5.3 seriescalc
2025-09-10T22:00:00+02:00,1.0,0.0,0.0,0.0,2023,2023-09-10T20:10:00+00:00,2023-09-10T22:10:00+02:00,PVGIS UTC converted to Europe/Madrid; local HH:10 assigned to containing local clock hour,PVGIS 5.3 seriescalc
2025-09-10T23:00:00+02:00,1.0,0.0,0.0,0.0,2023,2023-09-10T21:10:00+00:00,2023-09-10T23:10:00+02:00,PVGIS UTC converted to Europe/Madrid; local HH:10 assigned to containing local clock hour,PVGIS 5.3 seriescalc
2025-09-11T00:00:00+02:00,1.0,0.0,0.0,0.0,2023,2023-09-10T22:10:00+00:00,2023-09-11T00:10:00+02:00,PVGIS UTC converted to Europe/Madrid; local HH:10 assigned to containing local clock hour,PVGIS 5.3 seriescalc
2025-09-11T01:00:00+02:00,1.0,0.0,0.0,0.0,2023,2023-09-10T23:10:00+00:00,2023-09-11T01:10:00+02:00,PVGIS UTC converted to Europe/Madrid; local HH:10 assigned to containing local clock hour,PVGIS 5.3 seriescalc
2025-09-11T02:00:00+02:00,1.0,0.0,0.0,0.0,2023,2023-09-11T00:10:00+00:00,2023-09-11T02:10:00+02:00,PVGIS UTC converted to Europe/Madrid; local HH:10 assigned to containing local clock hour,PVGIS 5.3 seriescalc
2025-09-11T03:00:00+02:00,1.0,0.0,0.0,0.0,2023,2023-09-11T01:10:00+00:00,2023-09-11T03:10:00+02:00,PVGIS UTC converted to Europe/Madrid; local HH:10 assigned to containing local clock hour,PVGIS 5.3 seriescalc
2025-09-11T04:00:00+02:00,1.0,0.0,0.0,0.0,2023,2023-09-11T02:10:00+00:00,2023-09-11T04:10:00+02:00,PVGIS UTC converted to Europe/Madrid; local HH:10 assigned to containing local clock hour,PVGIS 5.3 seriescalc
2025-09-11T05:00:00+02:00,1.0,0.0,0.0,0.0,2023,2023-09-11T03:10:00+00:00,2023-09-11T05:10:00+02:00,PVGIS UTC converted to Europe/Madrid; local HH:10 assigned to containing local clock hour,PVGIS 5.3 seriescalc
2025-09-11T06:00:00+02:00,1.0,0.0,0.0,0.0,2023,2023-09-11T04:10:00+00:00,2023-09-11T06:10:00+02:00,PVGIS UTC converted to Europe/Madrid; local HH:10 assigned to containing local clock hour,PVGIS 5.3 seriescalc
2025-09-11T07:00:00+02:00,1.0,0.0,0.0,0.0,2023,2023-09-11T05:10:00+00:00,2023-09-11T07:10:00+02:00,PVGIS UTC converted to Europe/Madrid; local HH:10 assigned to containing local clock hour,PVGIS 5.3 seriescalc
2025-09-11T08:00:00+02:00,1.0,0.03091,30.91,7.34,2023,2023-09-11T06:10:00+00:00,2023-09-11T08:10:00+02:00,PVGIS UTC converted to Europe/Madrid; local HH:10 assigned to containing local clock hour,PVGIS 5.3 seriescalc
2025-09-11T09:00:00+02:00,1.0,0.19426,194.26,18.53,2023,2023-09-11T07:10:00+00:00,2023-09-11T09:10:00+02:00,PVGIS UTC converted to Europe/Madrid; local HH:10 assigned to containing local clock hour,PVGIS 5.3 seriescalc
2025-09-11T10:00:00+02:00,1.0,0.39792,397.92,29.33,2023,2023-09-11T08:10:00+00:00,2023-09-11T10:10:00+02:00,PVGIS UTC converted to Europe/Madrid; local HH:10 assigned to containing local clock hour,PVGIS 5.3 seriescalc
2025-09-11T11:00:00+02:00,1.0,0.5445599999999999,544.56,39.21,2023,2023-09-11T09:10:00+00:00,2023-09-11T11:10:00+02:00,PVGIS UTC converted to Europe/Madrid; local HH:10 assigned to containing local clock hour,PVGIS 5.3 seriescalc
2025-09-11T12:00:00+02:00,1.0,0.62042,620.42,47.31,2023,2023-09-11T10:10:00+00:00,2023-09-11T12:10:00+02:00,PVGIS UTC converted to Europe/Madrid; local HH:10 assigned to containing local clock hour,PVGIS 5.3 seriescalc
2025-09-11T13:00:00+02:00,1.0,0.6954199999999999,695.42,52.32,2023,2023-09-11T11:10:00+00:00,2023-09-11T13:10:00+02:00,PVGIS UTC converted to Europe/Madrid; local HH:10 assigned to containing local clock hour,PVGIS 5.3 seriescalc
2025-09-11T14:00:00+02:00,1.0,0.69111,691.11,52.91,2023,2023-09-11T12:10:00+00:00,2023-09-11T14:10:00+02:00,PVGIS UTC converted to Europe/Madrid; local HH:10 assigned to containing local clock hour,PVGIS 5.3 seriescalc
2025-09-11T15:00:00+02:00,1.0,0.58185,581.85,48.86,2023,2023-09-11T13:10:00+00:00,2023-09-11T15:10:00+02:00,PVGIS UTC converted to Europe/Madrid; local HH:10 assigned to containing local clock hour,PVGIS 5.3 seriescalc
2025-09-11T16:00:00+02:00,1.0,0.28804,288.04,41.37,2023,2023-09-11T14:10:00+00:00,2023-09-11T16:10:00+02:00,PVGIS UTC converted to Europe/Madrid; local HH:10 assigned to containing local clock hour,PVGIS 5.3 seriescalc
2025-09-11T17:00:00+02:00,1.0,0.41293,412.93,31.82,2023,2023-09-11T15:10:00+00:00,2023-09-11T17:10:00+02:00,PVGIS UTC converted to Europe/Madrid; local HH:10 assigned to containing local clock hour,PVGIS 5.3 seriescalc
2025-09-11T18:00:00+02:00,1.0,0.25995,259.95,21.19,2023,2023-09-11T16:10:00+00:00,2023-09-11T18:10:00+02:00,PVGIS UTC converted to Europe/Madrid; local HH:10 assigned to containing local clock hour,PVGIS 5.3 seriescalc
2025-09-11T19:00:00+02:00,1.0,0.06945,69.45,10.05,2023,2023-09-11T17:10:00+00:00,2023-09-11T19:10:00+02:00,PVGIS UTC converted to Europe/Madrid; local HH:10 assigned to containing local clock hour,PVGIS 5.3 seriescalc
2025-09-11T20:00:00+02:00,1.0,0.0,0.0,0.0,2023,2023-09-11T18:10:00+00:00,2023-09-11T20:10:00+02:00,PVGIS UTC converted to Europe/Madrid; local HH:10 assigned to containing local clock hour,PVGIS 5.3 seriescalc
2025-09-11T21:00:00+02:00,1.0,0.0,0.0,0.0,2023,2023-09-11T19:10:00+00:00,2023-09-11T21:10:00+02:00,PVGIS UTC converted to Europe/Madrid; local HH:10 assigned to containing local clock hour,PVGIS 5.3 seriescalc
2025-09-11T22:00:00+02:00,1.0,0.0,0.0,0.0,2023,2023-09-11T20:10:00+00:00,2023-09-11T22:10:00+02:00,PVGIS UTC converted to Europe/Madrid; local HH:10 assigned to containing local clock hour,PVGIS 5.3 seriescalc
2025-09-11T23:00:00+02:00,1.0,0.0,0.0,0.0,2023,2023-09-11T21:10:00+00:00,2023-09-11T23:10:00+02:00,PVGIS UTC converted to Europe/Madrid; local HH:10 assigned to containing local clock hour,PVGIS 5.3 seriescalc
2025-09-12T00:00:00+02:00,1.0,0.0,0.0,0.0,2023,2023-09-11T22:10:00+00:00,2023-09-12T00:10:00+02:00,PVGIS UTC converted to Europe/Madrid; local HH:10 assigned to containing local clock hour,PVGIS 5.3 seriescalc
2025-09-12T01:00:00+02:00,1.0,0.0,0.0,0.0,2023,2023-09-11T23:10:00+00:00,2023-09-12T01:10:00+02:00,PVGIS UTC converted to Europe/Madrid; local HH:10 assigned to containing local clock hour,PVGIS 5.3 seriescalc
2025-09-12T02:00:00+02:00,1.0,0.0,0.0,0.0,2023,2023-09-12T00:10:00+00:00,2023-09-12T02:10:00+02:00,PVGIS UTC converted to Europe/Madrid; local HH:10 assigned to containing local clock hour,PVGIS 5.3 seriescalc
2025-09-12T03:00:00+02:00,1.0,0.0,0.0,0.0,2023,2023-09-12T01:10:00+00:00,2023-09-12T03:10:00+02:00,PVGIS UTC converted to Europe/Madrid; local HH:10 assigned to containing local clock hour,PVGIS 5.3 seriescalc
2025-09-12T04:00:00+02:00,1.0,0.0,0.0,0.0,2023,2023-09-12T02:10:00+00:00,2023-09-12T04:10:00+02:00,PVGIS UTC converted to Europe/Madrid; local HH:10 assigned to containing local clock hour,PVGIS 5.3 seriescalc
2025-09-12T05:00:00+02:00,1.0,0.0,0.0,0.0,2023,2023-09-12T03:10:00+00:00,2023-09-12T05:10:00+02:00,PVGIS UTC converted to Europe/Madrid; local HH:10 assigned to containing local clock hour,PVGIS 5.3 seriescalc
2025-09-12T06:00:00+02:00,1.0,0.0,0.0,0.0,2023,2023-09-12T04:10:00+00:00,2023-09-12T06:10:00+02:00,PVGIS UTC converted to Europe/Madrid; local HH:10 assigned to containing local clock hour,PVGIS 5.3 seriescalc
2025-09-12T07:00:00+02:00,1.0,0.0,0.0,0.0,2023,2023-09-12T05:10:00+00:00,2023-09-12T07:10:00+02:00,PVGIS UTC converted to Europe/Madrid; local HH:10 assigned to containing local clock hour,PVGIS 5.3 seriescalc
2025-09-12T08:00:00+02:00,1.0,0.03236,32.36,7.15,2023,2023-09-12T06:10:00+00:00,2023-09-12T08:10:00+02:00,PVGIS UTC converted to Europe/Madrid; local HH:10 assigned to containing local clock hour,PVGIS 5.3 seriescalc
2025-09-12T09:00:00+02:00,1.0,0.19856000000000001,198.56,18.34,2023,2023-09-12T07:10:00+00:00,2023-09-12T09:10:00+02:00,PVGIS UTC converted to Europe/Madrid; local HH:10 assigned to containing local clock hour,PVGIS 5.3 seriescalc
2025-09-12T10:00:00+02:00,1.0,0.38953,389.53,29.12,2023,2023-09-12T08:10:00+00:00,2023-09-12T10:10:00+02:00,PVGIS UTC converted to Europe/Madrid; local HH:10 assigned to containing local clock hour,PVGIS 5.3 seriescalc
2025-09-12T11:00:00+02:00,1.0,0.1418,141.8,38.96,2023,2023-09-12T09:10:00+00:00,2023-09-12T11:10:00+02:00,PVGIS UTC converted to Europe/Madrid; local HH:10 assigned to containing local clock hour,PVGIS 5.3 seriescalc
2025-09-12T12:00:00+02:00,1.0,0.20328,203.28,47.01,2023,2023-09-12T10:10:00+00:00,2023-09-12T12:10:00+02:00,PVGIS UTC converted to Europe/Madrid; local HH:10 assigned to containing local clock hour,PVGIS 5.3 seriescalc
2025-09-12T13:00:00+02:00,1.0,0.69208,692.08,51.97,2023,2023-09-12T11:10:00+00:00,2023-09-12T13:10:00+02:00,PVGIS UTC converted to Europe/Madrid; local HH:10 assigned to containing local clock hour,PVGIS 5.3 seriescalc
2025-09-12T14:00:00+02:00,1.0,0.6837799999999999,683.78,52.52,2023,2023-09-12T12:10:00+00:00,2023-09-12T14:10:00+02:00,PVGIS UTC converted to Europe/Madrid; local HH:10 assigned to containing local clock hour,PVGIS 5.3 seriescalc
2025-09-12T15:00:00+02:00,1.0,0.67267,672.67,48.47,2023,2023-09-12T13:10:00+00:00,2023-09-12T15:10:00+02:00,PVGIS UTC converted to Europe/Madrid; local HH:10 assigned to containing local clock hour,PVGIS 5.3 seriescalc
2025-09-12T16:00:00+02:00,1.0,0.17725,177.25,41.0,2023,2023-09-12T14:10:00+00:00,2023-09-12T16:10:00+02:00,PVGIS UTC converted to Europe/Madrid; local HH:10 assigned to containing local clock hour,PVGIS 5.3 seriescalc
2025-09-12T17:00:00+02:00,1.0,0.03989,39.89,31.48,2023,2023-09-12T15:10:00+00:00,2023-09-12T17:10:00+02:00,PVGIS UTC converted to Europe/Madrid; local HH:10 assigned to containing local clock hour,PVGIS 5.3 seriescalc
2025-09-12T18:00:00+02:00,1.0,0.01627,16.27,20.86,2023,2023-09-12T16:10:00+00:00,2023-09-12T18:10:00+02:00,PVGIS UTC converted to Europe/Madrid; local HH:10 assigned to containing local clock hour,PVGIS 5.3 seriescalc
2025-09-12T19:00:00+02:00,1.0,0.01821,18.21,9.73,2023,2023-09-12T17:10:00+00:00,2023-09-12T19:10:00+02:00,PVGIS UTC converted to Europe/Madrid; local HH:10 assigned to containing local clock hour,PVGIS 5.3 seriescalc
2025-09-12T20:00:00+02:00,1.0,0.0,0.0,0.0,2023,2023-09-12T18:10:00+00:00,2023-09-12T20:10:00+02:00,PVGIS UTC converted to Europe/Madrid; local HH:10 assigned to containing local clock hour,PVGIS 5.3 seriescalc
2025-09-12T21:00:00+02:00,1.0,0.0,0.0,0.0,2023,2023-09-12T19:10:00+00:00,2023-09-12T21:10:00+02:00,PVGIS UTC converted to Europe/Madrid; local HH:10 assigned to containing local clock hour,PVGIS 5.3 seriescalc
2025-09-12T22:00:00+02:00,1.0,0.0,0.0,0.0,2023,2023-09-12T20:10:00+00:00,2023-09-12T22:10:00+02:00,PVGIS UTC converted to Europe/Madrid; local HH:10 assigned to containing local clock hour,PVGIS 5.3 seriescalc
2025-09-12T23:00:00+02:00,1.0,0.0,0.0,0.0,2023,2023-09-12T21:10:00+00:00,2023-09-12T23:10:00+02:00,PVGIS UTC converted to Europe/Madrid; local HH:10 assigned to containing local clock hour,PVGIS 5.3 seriescalc
2025-09-13T00:00:00+02:00,1.0,0.0,0.0,0.0,2023,2023-09-12T22:10:00+00:00,2023-09-13T00:10:00+02:00,PVGIS UTC converted to Europe/Madrid; local HH:10 assigned to containing local clock hour,PVGIS 5.3 seriescalc
2025-09-13T01:00:00+02:00,1.0,0.0,0.0,0.0,2023,2023-09-12T23:10:00+00:00,2023-09-13T01:10:00+02:00,PVGIS UTC converted to Europe/Madrid; local HH:10 assigned to containing local clock hour,PVGIS 5.3 seriescalc
2025-09-13T02:00:00+02:00,1.0,0.0,0.0,0.0,2023,2023-09-13T00:10:00+00:00,2023-09-13T02:10:00+02:00,PVGIS UTC converted to Europe/Madrid; local HH:10 assigned to containing local clock hour,PVGIS 5.3 seriescalc
2025-09-13T03:00:00+02:00,1.0,0.0,0.0,0.0,2023,2023-09-13T01:10:00+00:00,2023-09-13T03:10:00+02:00,PVGIS UTC converted to Europe/Madrid; local HH:10 assigned to containing local clock hour,PVGIS 5.3 seriescalc
2025-09-13T04:00:00+02:00,1.0,0.0,0.0,0.0,2023,2023-09-13T02:10:00+00:00,2023-09-13T04:10:00+02:00,PVGIS UTC converted to Europe/Madrid; local HH:10 assigned to containing local clock hour,PVGIS 5.3 seriescalc
2025-09-13T05:00:00+02:00,1.0,0.0,0.0,0.0,2023,2023-09-13T03:10:00+00:00,2023-09-13T05:10:00+02:00,PVGIS UTC converted to Europe/Madrid; local HH:10 assigned to containing local clock hour,PVGIS 5.3 seriescalc
2025-09-13T06:00:00+02:00,1.0,0.0,0.0,0.0,2023,2023-09-13T04:10:00+00:00,2023-09-13T06:10:00+02:00,PVGIS UTC converted to Europe/Madrid; local HH:10 assigned to containing local clock hour,PVGIS 5.3 seriescalc
2025-09-13T07:00:00+02:00,1.0,0.0,0.0,0.0,2023,2023-09-13T05:10:00+00:00,2023-09-13T07:10:00+02:00,PVGIS UTC converted to Europe/Madrid; local HH:10 assigned to containing local clock hour,PVGIS 5.3 seriescalc
2025-09-13T08:00:00+02:00,1.0,0.03438,34.38,6.97,2023,2023-09-13T06:10:00+00:00,2023-09-13T08:10:00+02:00,PVGIS UTC converted to Europe/Madrid; local HH:10 assigned to containing local clock hour,PVGIS 5.3 seriescalc
2025-09-13T09:00:00+02:00,1.0,0.19646,196.46,18.15,2023,2023-09-13T07:10:00+00:00,2023-09-13T09:10:00+02:00,PVGIS UTC converted to Europe/Madrid; local HH:10 assigned to containing local clock hour,PVGIS 5.3 seriescalc
2025-09-13T10:00:00+02:00,1.0,0.41048,410.48,28.91,2023,2023-09-13T08:10:00+00:00,2023-09-13T10:10:00+02:00,PVGIS UTC converted to Europe/Madrid; local HH:10 assigned to containing local clock hour,PVGIS 5.3 seriescalc
2025-09-13T11:00:00+02:00,1.0,0.56794,567.94,38.72,2023,2023-09-13T09:10:00+00:00,2023-09-13T11:10:00+02:00,PVGIS UTC converted to Europe/Madrid; local HH:10 assigned to containing local clock hour,PVGIS 5.3 seriescalc
2025-09-13T12:00:00+02:00,1.0,0.67825,678.25,46.71,2023,2023-09-13T10:10:00+00:00,2023-09-13T12:10:00+02:00,PVGIS UTC converted to Europe/Madrid; local HH:10 assigned to containing local clock hour,PVGIS 5.3 seriescalc
2025-09-13T13:00:00+02:00,1.0,0.7375900000000001,737.59,51.61,2023,2023-09-13T11:10:00+00:00,2023-09-13T13:10:00+02:00,PVGIS UTC converted to Europe/Madrid; local HH:10 assigned to containing local clock hour,PVGIS 5.3 seriescalc
2025-09-13T14:00:00+02:00,1.0,0.7468400000000001,746.84,52.13,2023,2023-09-13T12:10:00+00:00,2023-09-13T14:10:00+02:00,PVGIS UTC converted to Europe/Madrid; local HH:10 assigned to containing local clock hour,PVGIS 5.3 seriescalc
2025-09-13T15:00:00+02:00,1.0,0.70443,704.43,48.09,2023,2023-09-13T13:10:00+00:00,2023-09-13T15:10:00+02:00,PVGIS UTC converted to Europe/Madrid; local HH:10 assigned to containing local clock hour,PVGIS 5.3 seriescalc
2025-09-13T16:00:00+02:00,1.0,0.5873700000000001,587.37,40.64,2023,2023-09-13T14:10:00+00:00,2023-09-13T16:10:00+02:00,PVGIS UTC converted to Europe/Madrid; local HH:10 assigned to containing local clock hour,PVGIS 5.3 seriescalc
2025-09-13T17:00:00+02:00,1.0,0.44095999999999996,440.96,31.14,2023,2023-09-13T15:10:00+00:00,2023-09-13T17:10:00+02:00,PVGIS UTC converted to Europe/Madrid; local HH:10 assigned to containing local clock hour,PVGIS 5.3 seriescalc
2025-09-13T18:00:00+02:00,1.0,0.25014,250.14,20.53,2023,2023-09-13T16:10:00+00:00,2023-09-13T18:10:00+02:00,PVGIS UTC converted to Europe/Madrid; local HH:10 assigned to containing local clock hour,PVGIS 5.3 seriescalc
2025-09-13T19:00:00+02:00,1.0,0.06173,61.73,9.41,2023,2023-09-13T17:10:00+00:00,2023-09-13T19:10:00+02:00,PVGIS UTC converted to Europe/Madrid; local HH:10 assigned to containing local clock hour,PVGIS 5.3 seriescalc
2025-09-13T20:00:00+02:00,1.0,0.0,0.0,0.0,2023,2023-09-13T18:10:00+00:00,2023-09-13T20:10:00+02:00,PVGIS UTC converted to Europe/Madrid; local HH:10 assigned to containing local clock hour,PVGIS 5.3 seriescalc
2025-09-13T21:00:00+02:00,1.0,0.0,0.0,0.0,2023,2023-09-13T19:10:00+00:00,2023-09-13T21:10:00+02:00,PVGIS UTC converted to Europe/Madrid; local HH:10 assigned to containing local clock hour,PVGIS 5.3 seriescalc
2025-09-13T22:00:00+02:00,1.0,0.0,0.0,0.0,2023,2023-09-13T20:10:00+00:00,2023-09-13T22:10:00+02:00,PVGIS UTC converted to Europe/Madrid; local HH:10 assigned to containing local clock hour,PVGIS 5.3 seriescalc
2025-09-13T23:00:00+02:00,1.0,0.0,0.0,0.0,2023,2023-09-13T21:10:00+00:00,2023-09-13T23:10:00+02:00,PVGIS UTC converted to Europe/Madrid; local HH:10 assigned to containing local clock hour,PVGIS 5.3 seriescalc
2025-09-14T00:00:00+02:00,1.0,0.0,0.0,0.0,2023,2023-09-13T22:10:00+00:00,2023-09-14T00:10:00+02:00,PVGIS UTC converted to Europe/Madrid; local HH:10 assigned to containing local clock hour,PVGIS 5.3 seriescalc
2025-09-14T01:00:00+02:00,1.0,0.0,0.0,0.0,2023,2023-09-13T23:10:00+00:00,2023-09-14T01:10:00+02:00,PVGIS UTC converted to Europe/Madrid; local HH:10 assigned to containing local clock hour,PVGIS 5.3 seriescalc
2025-09-14T02:00:00+02:00,1.0,0.0,0.0,0.0,2023,2023-09-14T00:10:00+00:00,2023-09-14T02:10:00+02:00,PVGIS UTC converted to Europe/Madrid; local HH:10 assigned to containing local clock hour,PVGIS 5.3 seriescalc
2025-09-14T03:00:00+02:00,1.0,0.0,0.0,0.0,2023,2023-09-14T01:10:00+00:00,2023-09-14T03:10:00+02:00,PVGIS UTC converted to Europe/Madrid; local HH:10 assigned to containing local clock hour,PVGIS 5.3 seriescalc
2025-09-14T04:00:00+02:00,1.0,0.0,0.0,0.0,2023,2023-09-14T02:10:00+00:00,2023-09-14T04:10:00+02:00,PVGIS UTC converted to Europe/Madrid; local HH:10 assigned to containing local clock hour,PVGIS 5.3 seriescalc
2025-09-14T05:00:00+02:00,1.0,0.0,0.0,0.0,2023,2023-09-14T03:10:00+00:00,2023-09-14T05:10:00+02:00,PVGIS UTC converted to Europe/Madrid; local HH:10 assigned to containing local clock hour,PVGIS 5.3 seriescalc
2025-09-14T06:00:00+02:00,1.0,0.0,0.0,0.0,2023,2023-09-14T04:10:00+00:00,2023-09-14T06:10:00+02:00,PVGIS UTC converted to Europe/Madrid; local HH:10 assigned to containing local clock hour,PVGIS 5.3 seriescalc
2025-09-14T07:00:00+02:00,1.0,0.0,0.0,0.0,2023,2023-09-14T05:10:00+00:00,2023-09-14T07:10:00+02:00,PVGIS UTC converted to Europe/Madrid; local HH:10 assigned to containing local clock hour,PVGIS 5.3 seriescalc
2025-09-14T08:00:00+02:00,1.0,0.02542,25.42,6.79,2023,2023-09-14T06:10:00+00:00,2023-09-14T08:10:00+02:00,PVGIS UTC converted to Europe/Madrid; local HH:10 assigned to containing local clock hour,PVGIS 5.3 seriescalc
2025-09-14T09:00:00+02:00,1.0,0.21337,213.37,17.96,2023,2023-09-14T07:10:00+00:00,2023-09-14T09:10:00+02:00,PVGIS UTC converted to Europe/Madrid; local HH:10 assigned to containing local clock hour,PVGIS 5.3 seriescalc
2025-09-14T10:00:00+02:00,1.0,0.40405,404.05,28.7,2023,2023-09-14T08:10:00+00:00,2023-09-14T10:10:00+02:00,PVGIS UTC converted to Europe/Madrid; local HH:10 assigned to containing local clock hour,PVGIS 5.3 seriescalc
2025-09-14T11:00:00+02:00,1.0,0.51662,516.62,38.47,2023,2023-09-14T09:10:00+00:00,2023-09-14T11:10:00+02:00,PVGIS UTC converted to Europe/Madrid; local HH:10 assigned to containing local clock hour,PVGIS 5.3 seriescalc
2025-09-14T12:00:00+02:00,1.0,0.65816,658.16,46.41,2023,2023-09-14T10:10:00+00:00,2023-09-14T12:10:00+02:00,PVGIS UTC converted to Europe/Madrid; local HH:10 assigned to containing local clock hour,PVGIS 5.3 seriescalc
2025-09-14T13:00:00+02:00,1.0,0.71411,714.11,51.25,2023,2023-09-14T11:10:00+00:00,2023-09-14T13:10:00+02:00,PVGIS UTC converted to Europe/Madrid; local HH:10 assigned to containing local clock hour,PVGIS 5.3 seriescalc
2025-09-14T14:00:00+02:00,1.0,0.72403,724.03,51.73,2023,2023-09-14T12:10:00+00:00,2023-09-14T14:10:00+02:00,PVGIS UTC converted to Europe/Madrid; local HH:10 assigned to containing local clock hour,PVGIS 5.3 seriescalc
2025-09-14T15:00:00+02:00,1.0,0.6781,678.1,47.7,2023,2023-09-14T13:10:00+00:00,2023-09-14T15:10:00+02:00,PVGIS UTC converted to Europe/Madrid; local HH:10 assigned to containing local clock hour,PVGIS 5.3 seriescalc
2025-09-14T16:00:00+02:00,1.0,0.59827,598.27,40.27,2023,2023-09-14T14:10:00+00:00,2023-09-14T16:10:00+02:00,PVGIS UTC converted to Europe/Madrid; local HH:10 assigned to containing local clock hour,PVGIS 5.3 seriescalc
2025-09-14T17:00:00+02:00,1.0,0.4224,422.4,30.79,2023,2023-09-14T15:10:00+00:00,2023-09-14T17:10:00+02:00,PVGIS UTC converted to Europe/Madrid; local HH:10 assigned to containing local clock hour,PVGIS 5.3 seriescalc
2025-09-14T18:00:00+02:00,1.0,0.24778999999999998,247.79,20.2,2023,2023-09-14T16:10:00+00:00,2023-09-14T18:10:00+02:00,PVGIS UTC converted to Europe/Madrid; local HH:10 assigned to containing local clock hour,PVGIS 5.3 seriescalc
2025-09-14T19:00:00+02:00,1.0,0.05999,59.99,9.08,2023,2023-09-14T17:10:00+00:00,2023-09-14T19:10:00+02:00,PVGIS UTC converted to Europe/Madrid; local HH:10 assigned to containing local clock hour,PVGIS 5.3 seriescalc
2025-09-14T20:00:00+02:00,1.0,0.0,0.0,0.0,2023,2023-09-14T18:10:00+00:00,2023-09-14T20:10:00+02:00,PVGIS UTC converted to Europe/Madrid; local HH:10 assigned to containing local clock hour,PVGIS 5.3 seriescalc
2025-09-14T21:00:00+02:00,1.0,0.0,0.0,0.0,2023,2023-09-14T19:10:00+00:00,2023-09-14T21:10:00+02:00,PVGIS UTC converted to Europe/Madrid; local HH:10 assigned to containing local clock hour,PVGIS 5.3 seriescalc
2025-09-14T22:00:00+02:00,1.0,0.0,0.0,0.0,2023,2023-09-14T20:10:00+00:00,2023-09-14T22:10:00+02:00,PVGIS UTC converted to Europe/Madrid; local HH:10 assigned to containing local clock hour,PVGIS 5.3 seriescalc
2025-09-14T23:00:00+02:00,1.0,0.0,0.0,0.0,2023,2023-09-14T21:10:00+00:00,2023-09-14T23:10:00+02:00,PVGIS UTC converted to Europe/Madrid; local HH:10 assigned to containing local clock hour,PVGIS 5.3 seriescalc
2025-09-15T00:00:00+02:00,1.0,0.0,0.0,0.0,2023,2023-09-14T22:10:00+00:00,2023-09-15T00:10:00+02:00,PVGIS UTC converted to Europe/Madrid; local HH:10 assigned to containing local clock hour,PVGIS 5.3 seriescalc
2025-09-15T01:00:00+02:00,1.0,0.0,0.0,0.0,2023,2023-09-14T23:10:00+00:00,2023-09-15T01:10:00+02:00,PVGIS UTC converted to Europe/Madrid; local HH:10 assigned to containing local clock hour,PVGIS 5.3 seriescalc
2025-09-15T02:00:00+02:00,1.0,0.0,0.0,0.0,2023,2023-09-15T00:10:00+00:00,2023-09-15T02:10:00+02:00,PVGIS UTC converted to Europe/Madrid; local HH:10 assigned to containing local clock hour,PVGIS 5.3 seriescalc
2025-09-15T03:00:00+02:00,1.0,0.0,0.0,0.0,2023,2023-09-15T01:10:00+00:00,2023-09-15T03:10:00+02:00,PVGIS UTC converted to Europe/Madrid; local HH:10 assigned to containing local clock hour,PVGIS 5.3 seriescalc
2025-09-15T04:00:00+02:00,1.0,0.0,0.0,0.0,2023,2023-09-15T02:10:00+00:00,2023-09-15T04:10:00+02:00,PVGIS UTC converted to Europe/Madrid; local HH:10 assigned to containing local clock hour,PVGIS 5.3 seriescalc
2025-09-15T05:00:00+02:00,1.0,0.0,0.0,0.0,2023,2023-09-15T03:10:00+00:00,2023-09-15T05:10:00+02:00,PVGIS UTC converted to Europe/Madrid; local HH:10 assigned to containing local clock hour,PVGIS 5.3 seriescalc
2025-09-15T06:00:00+02:00,1.0,0.0,0.0,0.0,2023,2023-09-15T04:10:00+00:00,2023-09-15T06:10:00+02:00,PVGIS UTC converted to Europe/Madrid; local HH:10 assigned to containing local clock hour,PVGIS 5.3 seriescalc
2025-09-15T07:00:00+02:00,1.0,0.0,0.0,0.0,2023,2023-09-15T05:10:00+00:00,2023-09-15T07:10:00+02:00,PVGIS UTC converted to Europe/Madrid; local HH:10 assigned to containing local clock hour,PVGIS 5.3 seriescalc
2025-09-15T08:00:00+02:00,1.0,0.026199999999999998,26.2,6.61,2023,2023-09-15T06:10:00+00:00,2023-09-15T08:10:00+02:00,PVGIS UTC converted to Europe/Madrid; local HH:10 assigned to containing local clock hour,PVGIS 5.3 seriescalc
2025-09-15T09:00:00+02:00,1.0,0.18852000000000002,188.52,17.77,2023,2023-09-15T07:10:00+00:00,2023-09-15T09:10:00+02:00,PVGIS UTC converted to Europe/Madrid; local HH:10 assigned to containing local clock hour,PVGIS 5.3 seriescalc
2025-09-15T10:00:00+02:00,1.0,0.34497000000000005,344.97,28.49,2023,2023-09-15T08:10:00+00:00,2023-09-15T10:10:00+02:00,PVGIS UTC converted to Europe/Madrid; local HH:10 assigned to containing local clock hour,PVGIS 5.3 seriescalc
2025-09-15T11:00:00+02:00,1.0,0.28832,288.32,38.22,2023,2023-09-15T09:10:00+00:00,2023-09-15T11:10:00+02:00,PVGIS UTC converted to Europe/Madrid; local HH:10 assigned to containing local clock hour,PVGIS 5.3 seriescalc
2025-09-15T12:00:00+02:00,1.0,0.25445,254.45,46.11,2023,2023-09-15T10:10:00+00:00,2023-09-15T12:10:00+02:00,PVGIS UTC converted to Europe/Madrid; local HH:10 assigned to containing local clock hour,PVGIS 5.3 seriescalc
2025-09-15T13:00:00+02:00,1.0,0.052829999999999995,52.83,50.89,2023,2023-09-15T11:10:00+00:00,2023-09-15T13:10:00+02:00,PVGIS UTC converted to Europe/Madrid; local HH:10 assigned to containing local clock hour,PVGIS 5.3 seriescalc
2025-09-15T14:00:00+02:00,1.0,0.06063,60.63,51.34,2023,2023-09-15T12:10:00+00:00,2023-09-15T14:10:00+02:00,PVGIS UTC converted to Europe/Madrid; local HH:10 assigned to containing local clock hour,PVGIS 5.3 seriescalc
2025-09-15T15:00:00+02:00,1.0,0.04272,42.72,47.31,2023,2023-09-15T13:10:00+00:00,2023-09-15T15:10:00+02:00,PVGIS UTC converted to Europe/Madrid; local HH:10 assigned to containing local clock hour,PVGIS 5.3 seriescalc
2025-09-15T16:00:00+02:00,1.0,0.03403,34.03,39.9,2023,2023-09-15T14:10:00+00:00,2023-09-15T16:10:00+02:00,PVGIS UTC converted to Europe/Madrid; local HH:10 assigned to containing local clock hour,PVGIS 5.3 seriescalc
2025-09-15T17:00:00+02:00,1.0,0.024079999999999997,24.08,30.45,2023,2023-09-15T15:10:00+00:00,2023-09-15T17:10:00+02:00,PVGIS UTC converted to Europe/Madrid; local HH:10 assigned to containing local clock hour,PVGIS 5.3 seriescalc
2025-09-15T18:00:00+02:00,1.0,0.12306,123.06,19.87,2023,2023-09-15T16:10:00+00:00,2023-09-15T18:10:00+02:00,PVGIS UTC converted to Europe/Madrid; local HH:10 assigned to containing local clock hour,PVGIS 5.3 seriescalc
2025-09-15T19:00:00+02:00,1.0,0.06141,61.41,8.76,2023,2023-09-15T17:10:00+00:00,2023-09-15T19:10:00+02:00,PVGIS UTC converted to Europe/Madrid; local HH:10 assigned to containing local clock hour,PVGIS 5.3 seriescalc
2025-09-15T20:00:00+02:00,1.0,0.0,0.0,0.0,2023,2023-09-15T18:10:00+00:00,2023-09-15T20:10:00+02:00,PVGIS UTC converted to Europe/Madrid; local HH:10 assigned to containing local clock hour,PVGIS 5.3 seriescalc
2025-09-15T21:00:00+02:00,1.0,0.0,0.0,0.0,2023,2023-09-15T19:10:00+00:00,2023-09-15T21:10:00+02:00,PVGIS UTC converted to Europe/Madrid; local HH:10 assigned to containing local clock hour,PVGIS 5.3 seriescalc
2025-09-15T22:00:00+02:00,1.0,0.0,0.0,0.0,2023,2023-09-15T20:10:00+00:00,2023-09-15T22:10:00+02:00,PVGIS UTC converted to Europe/Madrid; local HH:10 assigned to containing local clock hour,PVGIS 5.3 seriescalc
2025-09-15T23:00:00+02:00,1.0,0.0,0.0,0.0,2023,2023-09-15T21:10:00+00:00,2023-09-15T23:10:00+02:00,PVGIS UTC converted to Europe/Madrid; local HH:10 assigned to containing local clock hour,PVGIS 5.3 seriescalc
2025-09-16T00:00:00+02:00,1.0,0.0,0.0,0.0,2023,2023-09-15T22:10:00+00:00,2023-09-16T00:10:00+02:00,PVGIS UTC converted to Europe/Madrid; local HH:10 assigned to containing local clock hour,PVGIS 5.3 seriescalc
2025-09-16T01:00:00+02:00,1.0,0.0,0.0,0.0,2023,2023-09-15T23:10:00+00:00,2023-09-16T01:10:00+02:00,PVGIS UTC converted to Europe/Madrid; local HH:10 assigned to containing local clock hour,PVGIS 5.3 seriescalc
2025-09-16T02:00:00+02:00,1.0,0.0,0.0,0.0,2023,2023-09-16T00:10:00+00:00,2023-09-16T02:10:00+02:00,PVGIS UTC converted to Europe/Madrid; local HH:10 assigned to containing local clock hour,PVGIS 5.3 seriescalc
2025-09-16T03:00:00+02:00,1.0,0.0,0.0,0.0,2023,2023-09-16T01:10:00+00:00,2023-09-16T03:10:00+02:00,PVGIS UTC converted to Europe/Madrid; local HH:10 assigned to containing local clock hour,PVGIS 5.3 seriescalc
2025-09-16T04:00:00+02:00,1.0,0.0,0.0,0.0,2023,2023-09-16T02:10:00+00:00,2023-09-16T04:10:00+02:00,PVGIS UTC converted to Europe/Madrid; local HH:10 assigned to containing local clock hour,PVGIS 5.3 seriescalc
2025-09-16T05:00:00+02:00,1.0,0.0,0.0,0.0,2023,2023-09-16T03:10:00+00:00,2023-09-16T05:10:00+02:00,PVGIS UTC converted to Europe/Madrid; local HH:10 assigned to containing local clock hour,PVGIS 5.3 seriescalc
2025-09-16T06:00:00+02:00,1.0,0.0,0.0,0.0,2023,2023-09-16T04:10:00+00:00,2023-09-16T06:10:00+02:00,PVGIS UTC converted to Europe/Madrid; local HH:10 assigned to containing local clock hour,PVGIS 5.3 seriescalc
2025-09-16T07:00:00+02:00,1.0,0.0,0.0,0.0,2023,2023-09-16T05:10:00+00:00,2023-09-16T07:10:00+02:00,PVGIS UTC converted to Europe/Madrid; local HH:10 assigned to containing local clock hour,PVGIS 5.3 seriescalc
2025-09-16T08:00:00+02:00,1.0,0.01071,10.71,6.42,2023,2023-09-16T06:10:00+00:00,2023-09-16T08:10:00+02:00,PVGIS UTC converted to Europe/Madrid; local HH:10 assigned to containing local clock hour,PVGIS 5.3 seriescalc
2025-09-16T09:00:00+02:00,1.0,0.21121,211.21,17.58,2023,2023-09-16T07:10:00+00:00,2023-09-16T09:10:00+02:00,PVGIS UTC converted to Europe/Madrid; local HH:10 assigned to containing local clock hour,PVGIS 5.3 seriescalc
2025-09-16T10:00:00+02:00,1.0,0.35452,354.52,28.27,2023,2023-09-16T08:10:00+00:00,2023-09-16T10:10:00+02:00,PVGIS UTC converted to Europe/Madrid; local HH:10 assigned to containing local clock hour,PVGIS 5.3 seriescalc
2025-09-16T11:00:00+02:00,1.0,0.54616,546.16,37.97,2023,2023-09-16T09:10:00+00:00,2023-09-16T11:10:00+02:00,PVGIS UTC converted to Europe/Madrid; local HH:10 assigned to containing local clock hour,PVGIS 5.3 seriescalc
2025-09-16T12:00:00+02:00,1.0,0.6216,621.6,45.8,2023,2023-09-16T10:10:00+00:00,2023-09-16T12:10:00+02:00,PVGIS UTC converted to Europe/Madrid; local HH:10 assigned to containing local clock hour,PVGIS 5.3 seriescalc
2025-09-16T13:00:00+02:00,1.0,0.7060599999999999,706.06,50.53,2023,2023-09-16T11:10:00+00:00,2023-09-16T13:10:00+02:00,PVGIS UTC converted to Europe/Madrid; local HH:10 assigned to containing local clock hour,PVGIS 5.3 seriescalc
2025-09-16T14:00:00+02:00,1.0,0.70987,709.87,50.95,2023,2023-09-16T12:10:00+00:00,2023-09-16T14:10:00+02:00,PVGIS UTC converted to Europe/Madrid; local HH:10 assigned to containing local clock hour,PVGIS 5.3 seriescalc
2025-09-16T15:00:00+02:00,1.0,0.69033,690.33,46.92,2023,2023-09-16T13:10:00+00:00,2023-09-16T15:10:00+02:00,PVGIS UTC converted to Europe/Madrid; local HH:10 assigned to containing local clock hour,PVGIS 5.3 seriescalc
2025-09-16T16:00:00+02:00,1.0,0.5435099999999999,543.51,39.54,2023,2023-09-16T14:10:00+00:00,2023-09-16T16:10:00+02:00,PVGIS UTC converted to Europe/Madrid; local HH:10 assigned to containing local clock hour,PVGIS 5.3 seriescalc
2025-09-16T17:00:00+02:00,1.0,0.38883,388.83,30.1,2023,2023-09-16T15:10:00+00:00,2023-09-16T17:10:00+02:00,PVGIS UTC converted to Europe/Madrid; local HH:10 assigned to containing local clock hour,PVGIS 5.3 seriescalc
2025-09-16T18:00:00+02:00,1.0,0.17739,177.39,19.54,2023,2023-09-16T16:10:00+00:00,2023-09-16T18:10:00+02:00,PVGIS UTC converted to Europe/Madrid; local HH:10 assigned to containing local clock hour,PVGIS 5.3 seriescalc
2025-09-16T19:00:00+02:00,1.0,0.03075,30.75,8.43,2023,2023-09-16T17:10:00+00:00,2023-09-16T19:10:00+02:00,PVGIS UTC converted to Europe/Madrid; local HH:10 assigned to containing local clock hour,PVGIS 5.3 seriescalc
2025-09-16T20:00:00+02:00,1.0,0.0,0.0,0.0,2023,2023-09-16T18:10:00+00:00,2023-09-16T20:10:00+02:00,PVGIS UTC converted to Europe/Madrid; local HH:10 assigned to containing local clock hour,PVGIS 5.3 seriescalc
2025-09-16T21:00:00+02:00,1.0,0.0,0.0,0.0,2023,2023-09-16T19:10:00+00:00,2023-09-16T21:10:00+02:00,PVGIS UTC converted to Europe/Madrid; local HH:10 assigned to containing local clock hour,PVGIS 5.3 seriescalc
2025-09-16T22:00:00+02:00,1.0,0.0,0.0,0.0,2023,2023-09-16T20:10:00+00:00,2023-09-16T22:10:00+02:00,PVGIS UTC converted to Europe/Madrid; local HH:10 assigned to containing local clock hour,PVGIS 5.3 seriescalc
2025-09-16T23:00:00+02:00,1.0,0.0,0.0,0.0,2023,2023-09-16T21:10:00+00:00,2023-09-16T23:10:00+02:00,PVGIS UTC converted to Europe/Madrid; local HH:10 assigned to containing local clock hour,PVGIS 5.3 seriescalc
2025-09-17T00:00:00+02:00,1.0,0.0,0.0,0.0,2023,2023-09-16T22:10:00+00:00,2023-09-17T00:10:00+02:00,PVGIS UTC converted to Europe/Madrid; local HH:10 assigned to containing local clock hour,PVGIS 5.3 seriescalc
2025-09-17T01:00:00+02:00,1.0,0.0,0.0,0.0,2023,2023-09-16T23:10:00+00:00,2023-09-17T01:10:00+02:00,PVGIS UTC converted to Europe/Madrid; local HH:10 assigned to containing local clock hour,PVGIS 5.3 seriescalc
2025-09-17T02:00:00+02:00,1.0,0.0,0.0,0.0,2023,2023-09-17T00:10:00+00:00,2023-09-17T02:10:00+02:00,PVGIS UTC converted to Europe/Madrid; local HH:10 assigned to containing local clock hour,PVGIS 5.3 seriescalc
2025-09-17T03:00:00+02:00,1.0,0.0,0.0,0.0,2023,2023-09-17T01:10:00+00:00,2023-09-17T03:10:00+02:00,PVGIS UTC converted to Europe/Madrid; local HH:10 assigned to containing local clock hour,PVGIS 5.3 seriescalc
2025-09-17T04:00:00+02:00,1.0,0.0,0.0,0.0,2023,2023-09-17T02:10:00+00:00,2023-09-17T04:10:00+02:00,PVGIS UTC converted to Europe/Madrid; local HH:10 assigned to containing local clock hour,PVGIS 5.3 seriescalc
2025-09-17T05:00:00+02:00,1.0,0.0,0.0,0.0,2023,2023-09-17T03:10:00+00:00,2023-09-17T05:10:00+02:00,PVGIS UTC converted to Europe/Madrid; local HH:10 assigned to containing local clock hour,PVGIS 5.3 seriescalc
2025-09-17T06:00:00+02:00,1.0,0.0,0.0,0.0,2023,2023-09-17T04:10:00+00:00,2023-09-17T06:10:00+02:00,PVGIS UTC converted to Europe/Madrid; local HH:10 assigned to containing local clock hour,PVGIS 5.3 seriescalc
2025-09-17T07:00:00+02:00,1.0,0.0,0.0,0.0,2023,2023-09-17T05:10:00+00:00,2023-09-17T07:10:00+02:00,PVGIS UTC converted to Europe/Madrid; local HH:10 assigned to containing local clock hour,PVGIS 5.3 seriescalc
2025-09-17T08:00:00+02:00,1.0,0.02591,25.91,6.24,2023,2023-09-17T06:10:00+00:00,2023-09-17T08:10:00+02:00,PVGIS UTC converted to Europe/Madrid; local HH:10 assigned to containing local clock hour,PVGIS 5.3 seriescalc
2025-09-17T09:00:00+02:00,1.0,0.1247,124.7,17.38,2023,2023-09-17T07:10:00+00:00,2023-09-17T09:10:00+02:00,PVGIS UTC converted to Europe/Madrid; local HH:10 assigned to containing local clock hour,PVGIS 5.3 seriescalc
2025-09-17T10:00:00+02:00,1.0,0.1709,170.9,28.06,2023,2023-09-17T08:10:00+00:00,2023-09-17T10:10:00+02:00,PVGIS UTC converted to Europe/Madrid; local HH:10 assigned to containing local clock hour,PVGIS 5.3 seriescalc
2025-09-17T11:00:00+02:00,1.0,0.34933,349.33,37.71,2023,2023-09-17T09:10:00+00:00,2023-09-17T11:10:00+02:00,PVGIS UTC converted to Europe/Madrid; local HH:10 assigned to containing local clock hour,PVGIS 5.3 seriescalc
2025-09-17T12:00:00+02:00,1.0,0.58333,583.33,45.5,2023,2023-09-17T10:10:00+00:00,2023-09-17T12:10:00+02:00,PVGIS UTC converted to Europe/Madrid; local HH:10 assigned to containing local clock hour,PVGIS 5.3 seriescalc
2025-09-17T13:00:00+02:00,1.0,0.68937,689.37,50.17,2023,2023-09-17T11:10:00+00:00,2023-09-17T13:10:00+02:00,PVGIS UTC converted to Europe/Madrid; local HH:10 assigned to containing local clock hour,PVGIS 5.3 seriescalc
2025-09-17T14:00:00+02:00,1.0,0.7018300000000001,701.83,50.55,2023,2023-09-17T12:10:00+00:00,2023-09-17T14:10:00+02:00,PVGIS UTC converted to Europe/Madrid; local HH:10 assigned to containing local clock hour,PVGIS 5.3 seriescalc
2025-09-17T15:00:00+02:00,1.0,0.66177,661.77,46.53,2023,2023-09-17T13:10:00+00:00,2023-09-17T15:10:00+02:00,PVGIS UTC converted to Europe/Madrid; local HH:10 assigned to containing local clock hour,PVGIS 5.3 seriescalc
2025-09-17T16:00:00+02:00,1.0,0.5528200000000001,552.82,39.17,2023,2023-09-17T14:10:00+00:00,2023-09-17T16:10:00+02:00,PVGIS UTC converted to Europe/Madrid; local HH:10 assigned to containing local clock hour,PVGIS 5.3 seriescalc
2025-09-17T17:00:00+02:00,1.0,0.39594999999999997,395.95,29.75,2023,2023-09-17T15:10:00+00:00,2023-09-17T17:10:00+02:00,PVGIS UTC converted to Europe/Madrid; local HH:10 assigned to containing local clock hour,PVGIS 5.3 seriescalc
2025-09-17T18:00:00+02:00,1.0,0.20184,201.84,19.2,2023,2023-09-17T16:10:00+00:00,2023-09-17T18:10:00+02:00,PVGIS UTC converted to Europe/Madrid; local HH:10 assigned to containing local clock hour,PVGIS 5.3 seriescalc
2025-09-17T19:00:00+02:00,1.0,0.0391,39.1,8.11,2023,2023-09-17T17:10:00+00:00,2023-09-17T19:10:00+02:00,PVGIS UTC converted to Europe/Madrid; local HH:10 assigned to containing local clock hour,PVGIS 5.3 seriescalc
2025-09-17T20:00:00+02:00,1.0,0.0,0.0,0.0,2023,2023-09-17T18:10:00+00:00,2023-09-17T20:10:00+02:00,PVGIS UTC converted to Europe/Madrid; local HH:10 assigned to containing local clock hour,PVGIS 5.3 seriescalc
2025-09-17T21:00:00+02:00,1.0,0.0,0.0,0.0,2023,2023-09-17T19:10:00+00:00,2023-09-17T21:10:00+02:00,PVGIS UTC converted to Europe/Madrid; local HH:10 assigned to containing local clock hour,PVGIS 5.3 seriescalc
2025-09-17T22:00:00+02:00,1.0,0.0,0.0,0.0,2023,2023-09-17T20:10:00+00:00,2023-09-17T22:10:00+02:00,PVGIS UTC converted to Europe/Madrid; local HH:10 assigned to containing local clock hour,PVGIS 5.3 seriescalc
2025-09-17T23:00:00+02:00,1.0,0.0,0.0,0.0,2023,2023-09-17T21:10:00+00:00,2023-09-17T23:10:00+02:00,PVGIS UTC converted to Europe/Madrid; local HH:10 assigned to containing local clock hour,PVGIS 5.3 seriescalc
2025-09-18T00:00:00+02:00,1.0,0.0,0.0,0.0,2023,2023-09-17T22:10:00+00:00,2023-09-18T00:10:00+02:00,PVGIS UTC converted to Europe/Madrid; local HH:10 assigned to containing local clock hour,PVGIS 5.3 seriescalc
2025-09-18T01:00:00+02:00,1.0,0.0,0.0,0.0,2023,2023-09-17T23:10:00+00:00,2023-09-18T01:10:00+02:00,PVGIS UTC converted to Europe/Madrid; local HH:10 assigned to containing local clock hour,PVGIS 5.3 seriescalc
2025-09-18T02:00:00+02:00,1.0,0.0,0.0,0.0,2023,2023-09-18T00:10:00+00:00,2023-09-18T02:10:00+02:00,PVGIS UTC converted to Europe/Madrid; local HH:10 assigned to containing local clock hour,PVGIS 5.3 seriescalc
2025-09-18T03:00:00+02:00,1.0,0.0,0.0,0.0,2023,2023-09-18T01:10:00+00:00,2023-09-18T03:10:00+02:00,PVGIS UTC converted to Europe/Madrid; local HH:10 assigned to containing local clock hour,PVGIS 5.3 seriescalc
2025-09-18T04:00:00+02:00,1.0,0.0,0.0,0.0,2023,2023-09-18T02:10:00+00:00,2023-09-18T04:10:00+02:00,PVGIS UTC converted to Europe/Madrid; local HH:10 assigned to containing local clock hour,PVGIS 5.3 seriescalc
2025-09-18T05:00:00+02:00,1.0,0.0,0.0,0.0,2023,2023-09-18T03:10:00+00:00,2023-09-18T05:10:00+02:00,PVGIS UTC converted to Europe/Madrid; local HH:10 assigned to containing local clock hour,PVGIS 5.3 seriescalc
2025-09-18T06:00:00+02:00,1.0,0.0,0.0,0.0,2023,2023-09-18T04:10:00+00:00,2023-09-18T06:10:00+02:00,PVGIS UTC converted to Europe/Madrid; local HH:10 assigned to containing local clock hour,PVGIS 5.3 seriescalc
2025-09-18T07:00:00+02:00,1.0,0.0,0.0,0.0,2023,2023-09-18T05:10:00+00:00,2023-09-18T07:10:00+02:00,PVGIS UTC converted to Europe/Madrid; local HH:10 assigned to containing local clock hour,PVGIS 5.3 seriescalc
2025-09-18T08:00:00+02:00,1.0,0.0288,28.8,6.05,2023,2023-09-18T06:10:00+00:00,2023-09-18T08:10:00+02:00,PVGIS UTC converted to Europe/Madrid; local HH:10 assigned to containing local clock hour,PVGIS 5.3 seriescalc
2025-09-18T09:00:00+02:00,1.0,0.20576,205.76,17.19,2023,2023-09-18T07:10:00+00:00,2023-09-18T09:10:00+02:00,PVGIS UTC converted to Europe/Madrid; local HH:10 assigned to containing local clock hour,PVGIS 5.3 seriescalc
2025-09-18T10:00:00+02:00,1.0,0.39343,393.43,27.84,2023,2023-09-18T08:10:00+00:00,2023-09-18T10:10:00+02:00,PVGIS UTC converted to Europe/Madrid; local HH:10 assigned to containing local clock hour,PVGIS 5.3 seriescalc
2025-09-18T11:00:00+02:00,1.0,0.55684,556.84,37.45,2023,2023-09-18T09:10:00+00:00,2023-09-18T11:10:00+02:00,PVGIS UTC converted to Europe/Madrid; local HH:10 assigned to containing local clock hour,PVGIS 5.3 seriescalc
2025-09-18T12:00:00+02:00,1.0,0.63461,634.61,45.19,2023,2023-09-18T10:10:00+00:00,2023-09-18T12:10:00+02:00,PVGIS UTC converted to Europe/Madrid; local HH:10 assigned to containing local clock hour,PVGIS 5.3 seriescalc
2025-09-18T13:00:00+02:00,1.0,0.7287,728.7,49.81,2023,2023-09-18T11:10:00+00:00,2023-09-18T13:10:00+02:00,PVGIS UTC converted to Europe/Madrid; local HH:10 assigned to containing local clock hour,PVGIS 5.3 seriescalc
2025-09-18T14:00:00+02:00,1.0,0.75939,759.39,50.16,2023,2023-09-18T12:10:00+00:00,2023-09-18T14:10:00+02:00,PVGIS UTC converted to Europe/Madrid; local HH:10 assigned to containing local clock hour,PVGIS 5.3 seriescalc
2025-09-18T15:00:00+02:00,1.0,0.66446,664.46,46.13,2023,2023-09-18T13:10:00+00:00,2023-09-18T15:10:00+02:00,PVGIS UTC converted to Europe/Madrid; local HH:10 assigned to containing local clock hour,PVGIS 5.3 seriescalc
2025-09-18T16:00:00+02:00,1.0,0.5220199999999999,522.02,38.79,2023,2023-09-18T14:10:00+00:00,2023-09-18T16:10:00+02:00,PVGIS UTC converted to Europe/Madrid; local HH:10 assigned to containing local clock hour,PVGIS 5.3 seriescalc
2025-09-18T17:00:00+02:00,1.0,0.43592000000000003,435.92,29.4,2023,2023-09-18T15:10:00+00:00,2023-09-18T17:10:00+02:00,PVGIS UTC converted to Europe/Madrid; local HH:10 assigned to containing local clock hour,PVGIS 5.3 seriescalc
2025-09-18T18:00:00+02:00,1.0,0.22546000000000002,225.46,18.87,2023,2023-09-18T16:10:00+00:00,2023-09-18T18:10:00+02:00,PVGIS UTC converted to Europe/Madrid; local HH:10 assigned to containing local clock hour,PVGIS 5.3 seriescalc
2025-09-18T19:00:00+02:00,1.0,0.03681,36.81,7.78,2023,2023-09-18T17:10:00+00:00,2023-09-18T19:10:00+02:00,PVGIS UTC converted to Europe/Madrid; local HH:10 assigned to containing local clock hour,PVGIS 5.3 seriescalc
2025-09-18T20:00:00+02:00,1.0,0.0,0.0,0.0,2023,2023-09-18T18:10:00+00:00,2023-09-18T20:10:00+02:00,PVGIS UTC converted to Europe/Madrid; local HH:10 assigned to containing local clock hour,PVGIS 5.3 seriescalc
2025-09-18T21:00:00+02:00,1.0,0.0,0.0,0.0,2023,2023-09-18T19:10:00+00:00,2023-09-18T21:10:00+02:00,PVGIS UTC converted to Europe/Madrid; local HH:10 assigned to containing local clock hour,PVGIS 5.3 seriescalc
2025-09-18T22:00:00+02:00,1.0,0.0,0.0,0.0,2023,2023-09-18T20:10:00+00:00,2023-09-18T22:10:00+02:00,PVGIS UTC converted to Europe/Madrid; local HH:10 assigned to containing local clock hour,PVGIS 5.3 seriescalc
2025-09-18T23:00:00+02:00,1.0,0.0,0.0,0.0,2023,2023-09-18T21:10:00+00:00,2023-09-18T23:10:00+02:00,PVGIS UTC converted to Europe/Madrid; local HH:10 assigned to containing local clock hour,PVGIS 5.3 seriescalc
2025-09-19T00:00:00+02:00,1.0,0.0,0.0,0.0,2023,2023-09-18T22:10:00+00:00,2023-09-19T00:10:00+02:00,PVGIS UTC converted to Europe/Madrid; local HH:10 assigned to containing local clock hour,PVGIS 5.3 seriescalc
2025-09-19T01:00:00+02:00,1.0,0.0,0.0,0.0,2023,2023-09-18T23:10:00+00:00,2023-09-19T01:10:00+02:00,PVGIS UTC converted to Europe/Madrid; local HH:10 assigned to containing local clock hour,PVGIS 5.3 seriescalc
2025-09-19T02:00:00+02:00,1.0,0.0,0.0,0.0,2023,2023-09-19T00:10:00+00:00,2023-09-19T02:10:00+02:00,PVGIS UTC converted to Europe/Madrid; local HH:10 assigned to containing local clock hour,PVGIS 5.3 seriescalc
2025-09-19T03:00:00+02:00,1.0,0.0,0.0,0.0,2023,2023-09-19T01:10:00+00:00,2023-09-19T03:10:00+02:00,PVGIS UTC converted to Europe/Madrid; local HH:10 assigned to containing local clock hour,PVGIS 5.3 seriescalc
2025-09-19T04:00:00+02:00,1.0,0.0,0.0,0.0,2023,2023-09-19T02:10:00+00:00,2023-09-19T04:10:00+02:00,PVGIS UTC converted to Europe/Madrid; local HH:10 assigned to containing local clock hour,PVGIS 5.3 seriescalc
2025-09-19T05:00:00+02:00,1.0,0.0,0.0,0.0,2023,2023-09-19T03:10:00+00:00,2023-09-19T05:10:00+02:00,PVGIS UTC converted to Europe/Madrid; local HH:10 assigned to containing local clock hour,PVGIS 5.3 seriescalc
2025-09-19T06:00:00+02:00,1.0,0.0,0.0,0.0,2023,2023-09-19T04:10:00+00:00,2023-09-19T06:10:00+02:00,PVGIS UTC converted to Europe/Madrid; local HH:10 assigned to containing local clock hour,PVGIS 5.3 seriescalc
2025-09-19T07:00:00+02:00,1.0,0.0,0.0,0.0,2023,2023-09-19T05:10:00+00:00,2023-09-19T07:10:00+02:00,PVGIS UTC converted to Europe/Madrid; local HH:10 assigned to containing local clock hour,PVGIS 5.3 seriescalc
2025-09-19T08:00:00+02:00,1.0,0.026109999999999998,26.11,5.87,2023,2023-09-19T06:10:00+00:00,2023-09-19T08:10:00+02:00,PVGIS UTC converted to Europe/Madrid; local HH:10 assigned to containing local clock hour,PVGIS 5.3 seriescalc
2025-09-19T09:00:00+02:00,1.0,0.20638,206.38,16.99,2023,2023-09-19T07:10:00+00:00,2023-09-19T09:10:00+02:00,PVGIS UTC converted to Europe/Madrid; local HH:10 assigned to containing local clock hour,PVGIS 5.3 seriescalc
2025-09-19T10:00:00+02:00,1.0,0.27358,273.58,27.62,2023,2023-09-19T08:10:00+00:00,2023-09-19T10:10:00+02:00,PVGIS UTC converted to Europe/Madrid; local HH:10 assigned to containing local clock hour,PVGIS 5.3 seriescalc
2025-09-19T11:00:00+02:00,1.0,0.43959,439.59,37.2,2023,2023-09-19T09:10:00+00:00,2023-09-19T11:10:00+02:00,PVGIS UTC converted to Europe/Madrid; local HH:10 assigned to containing local clock hour,PVGIS 5.3 seriescalc
2025-09-19T12:00:00+02:00,1.0,0.44064,440.64,44.88,2023,2023-09-19T10:10:00+00:00,2023-09-19T12:10:00+02:00,PVGIS UTC converted to Europe/Madrid; local HH:10 assigned to containing local clock hour,PVGIS 5.3 seriescalc
2025-09-19T13:00:00+02:00,1.0,0.6694199999999999,669.42,49.44,2023,2023-09-19T11:10:00+00:00,2023-09-19T13:10:00+02:00,PVGIS UTC converted to Europe/Madrid; local HH:10 assigned to containing local clock hour,PVGIS 5.3 seriescalc
2025-09-19T14:00:00+02:00,1.0,0.53214,532.14,49.76,2023,2023-09-19T12:10:00+00:00,2023-09-19T14:10:00+02:00,PVGIS UTC converted to Europe/Madrid; local HH:10 assigned to containing local clock hour,PVGIS 5.3 seriescalc
2025-09-19T15:00:00+02:00,1.0,0.25455,254.55,45.74,2023,2023-09-19T13:10:00+00:00,2023-09-19T15:10:00+02:00,PVGIS UTC converted to Europe/Madrid; local HH:10 assigned to containing local clock hour,PVGIS 5.3 seriescalc
2025-09-19T16:00:00+02:00,1.0,0.19125999999999999,191.26,38.42,2023,2023-09-19T14:10:00+00:00,2023-09-19T16:10:00+02:00,PVGIS UTC converted to Europe/Madrid; local HH:10 assigned to containing local clock hour,PVGIS 5.3 seriescalc
2025-09-19T17:00:00+02:00,1.0,0.054380000000000005,54.38,29.05,2023,2023-09-19T15:10:00+00:00,2023-09-19T17:10:00+02:00,PVGIS UTC converted to Europe/Madrid; local HH:10 assigned to containing local clock hour,PVGIS 5.3 seriescalc
2025-09-19T18:00:00+02:00,1.0,0.04253,42.53,18.54,2023,2023-09-19T16:10:00+00:00,2023-09-19T18:10:00+02:00,PVGIS UTC converted to Europe/Madrid; local HH:10 assigned to containing local clock hour,PVGIS 5.3 seriescalc
2025-09-19T19:00:00+02:00,1.0,0.00333,3.33,7.46,2023,2023-09-19T17:10:00+00:00,2023-09-19T19:10:00+02:00,PVGIS UTC converted to Europe/Madrid; local HH:10 assigned to containing local clock hour,PVGIS 5.3 seriescalc
2025-09-19T20:00:00+02:00,1.0,0.0,0.0,0.0,2023,2023-09-19T18:10:00+00:00,2023-09-19T20:10:00+02:00,PVGIS UTC converted to Europe/Madrid; local HH:10 assigned to containing local clock hour,PVGIS 5.3 seriescalc
2025-09-19T21:00:00+02:00,1.0,0.0,0.0,0.0,2023,2023-09-19T19:10:00+00:00,2023-09-19T21:10:00+02:00,PVGIS UTC converted to Europe/Madrid; local HH:10 assigned to containing local clock hour,PVGIS 5.3 seriescalc
2025-09-19T22:00:00+02:00,1.0,0.0,0.0,0.0,2023,2023-09-19T20:10:00+00:00,2023-09-19T22:10:00+02:00,PVGIS UTC converted to Europe/Madrid; local HH:10 assigned to containing local clock hour,PVGIS 5.3 seriescalc
2025-09-19T23:00:00+02:00,1.0,0.0,0.0,0.0,2023,2023-09-19T21:10:00+00:00,2023-09-19T23:10:00+02:00,PVGIS UTC converted to Europe/Madrid; local HH:10 assigned to containing local clock hour,PVGIS 5.3 seriescalc
2025-09-20T00:00:00+02:00,1.0,0.0,0.0,0.0,2023,2023-09-19T22:10:00+00:00,2023-09-20T00:10:00+02:00,PVGIS UTC converted to Europe/Madrid; local HH:10 assigned to containing local clock hour,PVGIS 5.3 seriescalc
2025-09-20T01:00:00+02:00,1.0,0.0,0.0,0.0,2023,2023-09-19T23:10:00+00:00,2023-09-20T01:10:00+02:00,PVGIS UTC converted to Europe/Madrid; local HH:10 assigned to containing local clock hour,PVGIS 5.3 seriescalc
2025-09-20T02:00:00+02:00,1.0,0.0,0.0,0.0,2023,2023-09-20T00:10:00+00:00,2023-09-20T02:10:00+02:00,PVGIS UTC converted to Europe/Madrid; local HH:10 assigned to containing local clock hour,PVGIS 5.3 seriescalc
2025-09-20T03:00:00+02:00,1.0,0.0,0.0,0.0,2023,2023-09-20T01:10:00+00:00,2023-09-20T03:10:00+02:00,PVGIS UTC converted to Europe/Madrid; local HH:10 assigned to containing local clock hour,PVGIS 5.3 seriescalc
2025-09-20T04:00:00+02:00,1.0,0.0,0.0,0.0,2023,2023-09-20T02:10:00+00:00,2023-09-20T04:10:00+02:00,PVGIS UTC converted to Europe/Madrid; local HH:10 assigned to containing local clock hour,PVGIS 5.3 seriescalc
2025-09-20T05:00:00+02:00,1.0,0.0,0.0,0.0,2023,2023-09-20T03:10:00+00:00,2023-09-20T05:10:00+02:00,PVGIS UTC converted to Europe/Madrid; local HH:10 assigned to containing local clock hour,PVGIS 5.3 seriescalc
2025-09-20T06:00:00+02:00,1.0,0.0,0.0,0.0,2023,2023-09-20T04:10:00+00:00,2023-09-20T06:10:00+02:00,PVGIS UTC converted to Europe/Madrid; local HH:10 assigned to containing local clock hour,PVGIS 5.3 seriescalc
2025-09-20T07:00:00+02:00,1.0,0.0,0.0,0.0,2023,2023-09-20T05:10:00+00:00,2023-09-20T07:10:00+02:00,PVGIS UTC converted to Europe/Madrid; local HH:10 assigned to containing local clock hour,PVGIS 5.3 seriescalc
2025-09-20T08:00:00+02:00,1.0,0.0003,0.3,5.68,2023,2023-09-20T06:10:00+00:00,2023-09-20T08:10:00+02:00,PVGIS UTC converted to Europe/Madrid; local HH:10 assigned to containing local clock hour,PVGIS 5.3 seriescalc
2025-09-20T09:00:00+02:00,1.0,0.03543,35.43,16.79,2023,2023-09-20T07:10:00+00:00,2023-09-20T09:10:00+02:00,PVGIS UTC converted to Europe/Madrid; local HH:10 assigned to containing local clock hour,PVGIS 5.3 seriescalc
2025-09-20T10:00:00+02:00,1.0,0.13868,138.68,27.4,2023,2023-09-20T08:10:00+00:00,2023-09-20T10:10:00+02:00,PVGIS UTC converted to Europe/Madrid; local HH:10 assigned to containing local clock hour,PVGIS 5.3 seriescalc
2025-09-20T11:00:00+02:00,1.0,0.51347,513.47,36.94,2023,2023-09-20T09:10:00+00:00,2023-09-20T11:10:00+02:00,PVGIS UTC converted to Europe/Madrid; local HH:10 assigned to containing local clock hour,PVGIS 5.3 seriescalc
2025-09-20T12:00:00+02:00,1.0,0.17421,174.21,44.56,2023,2023-09-20T10:10:00+00:00,2023-09-20T12:10:00+02:00,PVGIS UTC converted to Europe/Madrid; local HH:10 assigned to containing local clock hour,PVGIS 5.3 seriescalc
2025-09-20T13:00:00+02:00,1.0,0.17672,176.72,49.07,2023,2023-09-20T11:10:00+00:00,2023-09-20T13:10:00+02:00,PVGIS UTC converted to Europe/Madrid; local HH:10 assigned to containing local clock hour,PVGIS 5.3 seriescalc
2025-09-20T14:00:00+02:00,1.0,0.28672000000000003,286.72,49.36,2023,2023-09-20T12:10:00+00:00,2023-09-20T14:10:00+02:00,PVGIS UTC converted to Europe/Madrid; local HH:10 assigned to containing local clock hour,PVGIS 5.3 seriescalc
2025-09-20T15:00:00+02:00,1.0,0.19069999999999998,190.7,45.35,2023,2023-09-20T13:10:00+00:00,2023-09-20T15:10:00+02:00,PVGIS UTC converted to Europe/Madrid; local HH:10 assigned to containing local clock hour,PVGIS 5.3 seriescalc
2025-09-20T16:00:00+02:00,1.0,0.07285,72.85,38.05,2023,2023-09-20T14:10:00+00:00,2023-09-20T16:10:00+02:00,PVGIS UTC converted to Europe/Madrid; local HH:10 assigned to containing local clock hour,PVGIS 5.3 seriescalc
2025-09-20T17:00:00+02:00,1.0,0.0509,50.9,28.7,2023,2023-09-20T15:10:00+00:00,2023-09-20T17:10:00+02:00,PVGIS UTC converted to Europe/Madrid; local HH:10 assigned to containing local clock hour,PVGIS 5.3 seriescalc
2025-09-20T18:00:00+02:00,1.0,0.047880000000000006,47.88,18.2,2023,2023-09-20T16:10:00+00:00,2023-09-20T18:10:00+02:00,PVGIS UTC converted to Europe/Madrid; local HH:10 assigned to containing local clock hour,PVGIS 5.3 seriescalc
2025-09-20T19:00:00+02:00,1.0,0.024399999999999998,24.4,7.13,2023,2023-09-20T17:10:00+00:00,2023-09-20T19:10:00+02:00,PVGIS UTC converted to Europe/Madrid; local HH:10 assigned to containing local clock hour,PVGIS 5.3 seriescalc
2025-09-20T20:00:00+02:00,1.0,0.0,0.0,0.0,2023,2023-09-20T18:10:00+00:00,2023-09-20T20:10:00+02:00,PVGIS UTC converted to Europe/Madrid; local HH:10 assigned to containing local clock hour,PVGIS 5.3 seriescalc
2025-09-20T21:00:00+02:00,1.0,0.0,0.0,0.0,2023,2023-09-20T19:10:00+00:00,2023-09-20T21:10:00+02:00,PVGIS UTC converted to Europe/Madrid; local HH:10 assigned to containing local clock hour,PVGIS 5.3 seriescalc
2025-09-20T22:00:00+02:00,1.0,0.0,0.0,0.0,2023,2023-09-20T20:10:00+00:00,2023-09-20T22:10:00+02:00,PVGIS UTC converted to Europe/Madrid; local HH:10 assigned to containing local clock hour,PVGIS 5.3 seriescalc
2025-09-20T23:00:00+02:00,1.0,0.0,0.0,0.0,2023,2023-09-20T21:10:00+00:00,2023-09-20T23:10:00+02:00,PVGIS UTC converted to Europe/Madrid; local HH:10 assigned to containing local clock hour,PVGIS 5.3 seriescalc
2025-09-21T00:00:00+02:00,1.0,0.0,0.0,0.0,2023,2023-09-20T22:10:00+00:00,2023-09-21T00:10:00+02:00,PVGIS UTC converted to Europe/Madrid; local HH:10 assigned to containing local clock hour,PVGIS 5.3 seriescalc
2025-09-21T01:00:00+02:00,1.0,0.0,0.0,0.0,2023,2023-09-20T23:10:00+00:00,2023-09-21T01:10:00+02:00,PVGIS UTC converted to Europe/Madrid; local HH:10 assigned to containing local clock hour,PVGIS 5.3 seriescalc
2025-09-21T02:00:00+02:00,1.0,0.0,0.0,0.0,2023,2023-09-21T00:10:00+00:00,2023-09-21T02:10:00+02:00,PVGIS UTC converted to Europe/Madrid; local HH:10 assigned to containing local clock hour,PVGIS 5.3 seriescalc
2025-09-21T03:00:00+02:00,1.0,0.0,0.0,0.0,2023,2023-09-21T01:10:00+00:00,2023-09-21T03:10:00+02:00,PVGIS UTC converted to Europe/Madrid; local HH:10 assigned to containing local clock hour,PVGIS 5.3 seriescalc
2025-09-21T04:00:00+02:00,1.0,0.0,0.0,0.0,2023,2023-09-21T02:10:00+00:00,2023-09-21T04:10:00+02:00,PVGIS UTC converted to Europe/Madrid; local HH:10 assigned to containing local clock hour,PVGIS 5.3 seriescalc
2025-09-21T05:00:00+02:00,1.0,0.0,0.0,0.0,2023,2023-09-21T03:10:00+00:00,2023-09-21T05:10:00+02:00,PVGIS UTC converted to Europe/Madrid; local HH:10 assigned to containing local clock hour,PVGIS 5.3 seriescalc
2025-09-21T06:00:00+02:00,1.0,0.0,0.0,0.0,2023,2023-09-21T04:10:00+00:00,2023-09-21T06:10:00+02:00,PVGIS UTC converted to Europe/Madrid; local HH:10 assigned to containing local clock hour,PVGIS 5.3 seriescalc
2025-09-21T07:00:00+02:00,1.0,0.0,0.0,0.0,2023,2023-09-21T05:10:00+00:00,2023-09-21T07:10:00+02:00,PVGIS UTC converted to Europe/Madrid; local HH:10 assigned to containing local clock hour,PVGIS 5.3 seriescalc
2025-09-21T08:00:00+02:00,1.0,0.0010500000000000002,1.05,5.49,2023,2023-09-21T06:10:00+00:00,2023-09-21T08:10:00+02:00,PVGIS UTC converted to Europe/Madrid; local HH:10 assigned to containing local clock hour,PVGIS 5.3 seriescalc
2025-09-21T09:00:00+02:00,1.0,0.05583,55.83,16.6,2023,2023-09-21T07:10:00+00:00,2023-09-21T09:10:00+02:00,PVGIS UTC converted to Europe/Madrid; local HH:10 assigned to containing local clock hour,PVGIS 5.3 seriescalc
2025-09-21T10:00:00+02:00,1.0,0.08106000000000001,81.06,27.17,2023,2023-09-21T08:10:00+00:00,2023-09-21T10:10:00+02:00,PVGIS UTC converted to Europe/Madrid; local HH:10 assigned to containing local clock hour,PVGIS 5.3 seriescalc
2025-09-21T11:00:00+02:00,1.0,0.40327999999999997,403.28,36.67,2023,2023-09-21T09:10:00+00:00,2023-09-21T11:10:00+02:00,PVGIS UTC converted to Europe/Madrid; local HH:10 assigned to containing local clock hour,PVGIS 5.3 seriescalc
2025-09-21T12:00:00+02:00,1.0,0.53525,535.25,44.25,2023,2023-09-21T10:10:00+00:00,2023-09-21T12:10:00+02:00,PVGIS UTC converted to Europe/Madrid; local HH:10 assigned to containing local clock hour,PVGIS 5.3 seriescalc
2025-09-21T13:00:00+02:00,1.0,0.64958,649.58,48.71,2023,2023-09-21T11:10:00+00:00,2023-09-21T13:10:00+02:00,PVGIS UTC converted to Europe/Madrid; local HH:10 assigned to containing local clock hour,PVGIS 5.3 seriescalc
2025-09-21T14:00:00+02:00,1.0,0.64698,646.98,48.97,2023,2023-09-21T12:10:00+00:00,2023-09-21T14:10:00+02:00,PVGIS UTC converted to Europe/Madrid; local HH:10 assigned to containing local clock hour,PVGIS 5.3 seriescalc
2025-09-21T15:00:00+02:00,1.0,0.6898200000000001,689.82,44.95,2023,2023-09-21T13:10:00+00:00,2023-09-21T15:10:00+02:00,PVGIS UTC converted to Europe/Madrid; local HH:10 assigned to containing local clock hour,PVGIS 5.3 seriescalc
2025-09-21T16:00:00+02:00,1.0,0.37389,373.89,37.68,2023,2023-09-21T14:10:00+00:00,2023-09-21T16:10:00+02:00,PVGIS UTC converted to Europe/Madrid; local HH:10 assigned to containing local clock hour,PVGIS 5.3 seriescalc
2025-09-21T17:00:00+02:00,1.0,0.26969,269.69,28.35,2023,2023-09-21T15:10:00+00:00,2023-09-21T17:10:00+02:00,PVGIS UTC converted to Europe/Madrid; local HH:10 assigned to containing local clock hour,PVGIS 5.3 seriescalc
2025-09-21T18:00:00+02:00,1.0,0.06312,63.12,17.87,2023,2023-09-21T16:10:00+00:00,2023-09-21T18:10:00+02:00,PVGIS UTC converted to Europe/Madrid; local HH:10 assigned to containing local clock hour,PVGIS 5.3 seriescalc
2025-09-21T19:00:00+02:00,1.0,0.02622,26.22,6.8,2023,2023-09-21T17:10:00+00:00,2023-09-21T19:10:00+02:00,PVGIS UTC converted to Europe/Madrid; local HH:10 assigned to containing local clock hour,PVGIS 5.3 seriescalc
2025-09-21T20:00:00+02:00,1.0,0.0,0.0,0.0,2023,2023-09-21T18:10:00+00:00,2023-09-21T20:10:00+02:00,PVGIS UTC converted to Europe/Madrid; local HH:10 assigned to containing local clock hour,PVGIS 5.3 seriescalc
2025-09-21T21:00:00+02:00,1.0,0.0,0.0,0.0,2023,2023-09-21T19:10:00+00:00,2023-09-21T21:10:00+02:00,PVGIS UTC converted to Europe/Madrid; local HH:10 assigned to containing local clock hour,PVGIS 5.3 seriescalc
2025-09-21T22:00:00+02:00,1.0,0.0,0.0,0.0,2023,2023-09-21T20:10:00+00:00,2023-09-21T22:10:00+02:00,PVGIS UTC converted to Europe/Madrid; local HH:10 assigned to containing local clock hour,PVGIS 5.3 seriescalc
2025-09-21T23:00:00+02:00,1.0,0.0,0.0,0.0,2023,2023-09-21T21:10:00+00:00,2023-09-21T23:10:00+02:00,PVGIS UTC converted to Europe/Madrid; local HH:10 assigned to containing local clock hour,PVGIS 5.3 seriescalc
2025-09-22T00:00:00+02:00,1.0,0.0,0.0,0.0,2023,2023-09-21T22:10:00+00:00,2023-09-22T00:10:00+02:00,PVGIS UTC converted to Europe/Madrid; local HH:10 assigned to containing local clock hour,PVGIS 5.3 seriescalc
2025-09-22T01:00:00+02:00,1.0,0.0,0.0,0.0,2023,2023-09-21T23:10:00+00:00,2023-09-22T01:10:00+02:00,PVGIS UTC converted to Europe/Madrid; local HH:10 assigned to containing local clock hour,PVGIS 5.3 seriescalc
2025-09-22T02:00:00+02:00,1.0,0.0,0.0,0.0,2023,2023-09-22T00:10:00+00:00,2023-09-22T02:10:00+02:00,PVGIS UTC converted to Europe/Madrid; local HH:10 assigned to containing local clock hour,PVGIS 5.3 seriescalc
2025-09-22T03:00:00+02:00,1.0,0.0,0.0,0.0,2023,2023-09-22T01:10:00+00:00,2023-09-22T03:10:00+02:00,PVGIS UTC converted to Europe/Madrid; local HH:10 assigned to containing local clock hour,PVGIS 5.3 seriescalc
2025-09-22T04:00:00+02:00,1.0,0.0,0.0,0.0,2023,2023-09-22T02:10:00+00:00,2023-09-22T04:10:00+02:00,PVGIS UTC converted to Europe/Madrid; local HH:10 assigned to containing local clock hour,PVGIS 5.3 seriescalc
2025-09-22T05:00:00+02:00,1.0,0.0,0.0,0.0,2023,2023-09-22T03:10:00+00:00,2023-09-22T05:10:00+02:00,PVGIS UTC converted to Europe/Madrid; local HH:10 assigned to containing local clock hour,PVGIS 5.3 seriescalc
2025-09-22T06:00:00+02:00,1.0,0.0,0.0,0.0,2023,2023-09-22T04:10:00+00:00,2023-09-22T06:10:00+02:00,PVGIS UTC converted to Europe/Madrid; local HH:10 assigned to containing local clock hour,PVGIS 5.3 seriescalc
2025-09-22T07:00:00+02:00,1.0,0.0,0.0,0.0,2023,2023-09-22T05:10:00+00:00,2023-09-22T07:10:00+02:00,PVGIS UTC converted to Europe/Madrid; local HH:10 assigned to containing local clock hour,PVGIS 5.3 seriescalc
2025-09-22T08:00:00+02:00,1.0,0.02274,22.74,5.3,2023,2023-09-22T06:10:00+00:00,2023-09-22T08:10:00+02:00,PVGIS UTC converted to Europe/Madrid; local HH:10 assigned to containing local clock hour,PVGIS 5.3 seriescalc
2025-09-22T09:00:00+02:00,1.0,0.20599,205.99,16.4,2023,2023-09-22T07:10:00+00:00,2023-09-22T09:10:00+02:00,PVGIS UTC converted to Europe/Madrid; local HH:10 assigned to containing local clock hour,PVGIS 5.3 seriescalc
2025-09-22T10:00:00+02:00,1.0,0.42123,421.23,26.95,2023,2023-09-22T08:10:00+00:00,2023-09-22T10:10:00+02:00,PVGIS UTC converted to Europe/Madrid; local HH:10 assigned to containing local clock hour,PVGIS 5.3 seriescalc
2025-09-22T11:00:00+02:00,1.0,0.57126,571.26,36.41,2023,2023-09-22T09:10:00+00:00,2023-09-22T11:10:00+02:00,PVGIS UTC converted to Europe/Madrid; local HH:10 assigned to containing local clock hour,PVGIS 5.3 seriescalc
2025-09-22T12:00:00+02:00,1.0,0.68438,684.38,43.93,2023,2023-09-22T10:10:00+00:00,2023-09-22T12:10:00+02:00,PVGIS UTC converted to Europe/Madrid; local HH:10 assigned to containing local clock hour,PVGIS 5.3 seriescalc
2025-09-22T13:00:00+02:00,1.0,0.74666,746.66,48.34,2023,2023-09-22T11:10:00+00:00,2023-09-22T13:10:00+02:00,PVGIS UTC converted to Europe/Madrid; local HH:10 assigned to containing local clock hour,PVGIS 5.3 seriescalc
2025-09-22T14:00:00+02:00,1.0,0.72084,720.84,48.57,2023,2023-09-22T12:10:00+00:00,2023-09-22T14:10:00+02:00,PVGIS UTC converted to Europe/Madrid; local HH:10 assigned to containing local clock hour,PVGIS 5.3 seriescalc
2025-09-22T15:00:00+02:00,1.0,0.6859,685.9,44.56,2023,2023-09-22T13:10:00+00:00,2023-09-22T15:10:00+02:00,PVGIS UTC converted to Europe/Madrid; local HH:10 assigned to containing local clock hour,PVGIS 5.3 seriescalc
2025-09-22T16:00:00+02:00,1.0,0.60119,601.19,37.3,2023,2023-09-22T14:10:00+00:00,2023-09-22T16:10:00+02:00,PVGIS UTC converted to Europe/Madrid; local HH:10 assigned to containing local clock hour,PVGIS 5.3 seriescalc
2025-09-22T17:00:00+02:00,1.0,0.44158,441.58,28.0,2023,2023-09-22T15:10:00+00:00,2023-09-22T17:10:00+02:00,PVGIS UTC converted to Europe/Madrid; local HH:10 assigned to containing local clock hour,PVGIS 5.3 seriescalc
2025-09-22T18:00:00+02:00,1.0,0.23078,230.78,17.53,2023,2023-09-22T16:10:00+00:00,2023-09-22T18:10:00+02:00,PVGIS UTC converted to Europe/Madrid; local HH:10 assigned to containing local clock hour,PVGIS 5.3 seriescalc
2025-09-22T19:00:00+02:00,1.0,0.03890999999999999,38.91,6.47,2023,2023-09-22T17:10:00+00:00,2023-09-22T19:10:00+02:00,PVGIS UTC converted to Europe/Madrid; local HH:10 assigned to containing local clock hour,PVGIS 5.3 seriescalc
2025-09-22T20:00:00+02:00,1.0,0.0,0.0,0.0,2023,2023-09-22T18:10:00+00:00,2023-09-22T20:10:00+02:00,PVGIS UTC converted to Europe/Madrid; local HH:10 assigned to containing local clock hour,PVGIS 5.3 seriescalc
2025-09-22T21:00:00+02:00,1.0,0.0,0.0,0.0,2023,2023-09-22T19:10:00+00:00,2023-09-22T21:10:00+02:00,PVGIS UTC converted to Europe/Madrid; local HH:10 assigned to containing local clock hour,PVGIS 5.3 seriescalc
2025-09-22T22:00:00+02:00,1.0,0.0,0.0,0.0,2023,2023-09-22T20:10:00+00:00,2023-09-22T22:10:00+02:00,PVGIS UTC converted to Europe/Madrid; local HH:10 assigned to containing local clock hour,PVGIS 5.3 seriescalc
2025-09-22T23:00:00+02:00,1.0,0.0,0.0,0.0,2023,2023-09-22T21:10:00+00:00,2023-09-22T23:10:00+02:00,PVGIS UTC converted to Europe/Madrid; local HH:10 assigned to containing local clock hour,PVGIS 5.3 seriescalc
2025-09-23T00:00:00+02:00,1.0,0.0,0.0,0.0,2023,2023-09-22T22:10:00+00:00,2023-09-23T00:10:00+02:00,PVGIS UTC converted to Europe/Madrid; local HH:10 assigned to containing local clock hour,PVGIS 5.3 seriescalc
2025-09-23T01:00:00+02:00,1.0,0.0,0.0,0.0,2023,2023-09-22T23:10:00+00:00,2023-09-23T01:10:00+02:00,PVGIS UTC converted to Europe/Madrid; local HH:10 assigned to containing local clock hour,PVGIS 5.3 seriescalc
2025-09-23T02:00:00+02:00,1.0,0.0,0.0,0.0,2023,2023-09-23T00:10:00+00:00,2023-09-23T02:10:00+02:00,PVGIS UTC converted to Europe/Madrid; local HH:10 assigned to containing local clock hour,PVGIS 5.3 seriescalc
2025-09-23T03:00:00+02:00,1.0,0.0,0.0,0.0,2023,2023-09-23T01:10:00+00:00,2023-09-23T03:10:00+02:00,PVGIS UTC converted to Europe/Madrid; local HH:10 assigned to containing local clock hour,PVGIS 5.3 seriescalc
2025-09-23T04:00:00+02:00,1.0,0.0,0.0,0.0,2023,2023-09-23T02:10:00+00:00,2023-09-23T04:10:00+02:00,PVGIS UTC converted to Europe/Madrid; local HH:10 assigned to containing local clock hour,PVGIS 5.3 seriescalc
2025-09-23T05:00:00+02:00,1.0,0.0,0.0,0.0,2023,2023-09-23T03:10:00+00:00,2023-09-23T05:10:00+02:00,PVGIS UTC converted to Europe/Madrid; local HH:10 assigned to containing local clock hour,PVGIS 5.3 seriescalc
2025-09-23T06:00:00+02:00,1.0,0.0,0.0,0.0,2023,2023-09-23T04:10:00+00:00,2023-09-23T06:10:00+02:00,PVGIS UTC converted to Europe/Madrid; local HH:10 assigned to containing local clock hour,PVGIS 5.3 seriescalc
2025-09-23T07:00:00+02:00,1.0,0.0,0.0,0.0,2023,2023-09-23T05:10:00+00:00,2023-09-23T07:10:00+02:00,PVGIS UTC converted to Europe/Madrid; local HH:10 assigned to containing local clock hour,PVGIS 5.3 seriescalc
2025-09-23T08:00:00+02:00,1.0,0.02059,20.59,5.11,2023,2023-09-23T06:10:00+00:00,2023-09-23T08:10:00+02:00,PVGIS UTC converted to Europe/Madrid; local HH:10 assigned to containing local clock hour,PVGIS 5.3 seriescalc
2025-09-23T09:00:00+02:00,1.0,0.21197,211.97,16.19,2023,2023-09-23T07:10:00+00:00,2023-09-23T09:10:00+02:00,PVGIS UTC converted to Europe/Madrid; local HH:10 assigned to containing local clock hour,PVGIS 5.3 seriescalc
2025-09-23T10:00:00+02:00,1.0,0.41607,416.07,26.72,2023,2023-09-23T08:10:00+00:00,2023-09-23T10:10:00+02:00,PVGIS UTC converted to Europe/Madrid; local HH:10 assigned to containing local clock hour,PVGIS 5.3 seriescalc
2025-09-23T11:00:00+02:00,1.0,0.5195299999999999,519.53,36.14,2023,2023-09-23T09:10:00+00:00,2023-09-23T11:10:00+02:00,PVGIS UTC converted to Europe/Madrid; local HH:10 assigned to containing local clock hour,PVGIS 5.3 seriescalc
2025-09-23T12:00:00+02:00,1.0,0.6432,643.2,43.61,2023,2023-09-23T10:10:00+00:00,2023-09-23T12:10:00+02:00,PVGIS UTC converted to Europe/Madrid; local HH:10 assigned to containing local clock hour,PVGIS 5.3 seriescalc
2025-09-23T13:00:00+02:00,1.0,0.76248,762.48,47.97,2023,2023-09-23T11:10:00+00:00,2023-09-23T13:10:00+02:00,PVGIS UTC converted to Europe/Madrid; local HH:10 assigned to containing local clock hour,PVGIS 5.3 seriescalc
2025-09-23T14:00:00+02:00,1.0,0.7469,746.9,48.17,2023,2023-09-23T12:10:00+00:00,2023-09-23T14:10:00+02:00,PVGIS UTC converted to Europe/Madrid; local HH:10 assigned to containing local clock hour,PVGIS 5.3 seriescalc
2025-09-23T15:00:00+02:00,1.0,0.71838,718.38,44.17,2023,2023-09-23T13:10:00+00:00,2023-09-23T15:10:00+02:00,PVGIS UTC converted to Europe/Madrid; local HH:10 assigned to containing local clock hour,PVGIS 5.3 seriescalc
2025-09-23T16:00:00+02:00,1.0,0.60376,603.76,36.93,2023,2023-09-23T14:10:00+00:00,2023-09-23T16:10:00+02:00,PVGIS UTC converted to Europe/Madrid; local HH:10 assigned to containing local clock hour,PVGIS 5.3 seriescalc
2025-09-23T17:00:00+02:00,1.0,0.44695999999999997,446.96,27.65,2023,2023-09-23T15:10:00+00:00,2023-09-23T17:10:00+02:00,PVGIS UTC converted to Europe/Madrid; local HH:10 assigned to containing local clock hour,PVGIS 5.3 seriescalc
2025-09-23T18:00:00+02:00,1.0,0.2376,237.6,17.2,2023,2023-09-23T16:10:00+00:00,2023-09-23T18:10:00+02:00,PVGIS UTC converted to Europe/Madrid; local HH:10 assigned to containing local clock hour,PVGIS 5.3 seriescalc
2025-09-23T19:00:00+02:00,1.0,0.03637,36.37,6.15,2023,2023-09-23T17:10:00+00:00,2023-09-23T19:10:00+02:00,PVGIS UTC converted to Europe/Madrid; local HH:10 assigned to containing local clock hour,PVGIS 5.3 seriescalc
2025-09-23T20:00:00+02:00,1.0,0.0,0.0,0.0,2023,2023-09-23T18:10:00+00:00,2023-09-23T20:10:00+02:00,PVGIS UTC converted to Europe/Madrid; local HH:10 assigned to containing local clock hour,PVGIS 5.3 seriescalc
2025-09-23T21:00:00+02:00,1.0,0.0,0.0,0.0,2023,2023-09-23T19:10:00+00:00,2023-09-23T21:10:00+02:00,PVGIS UTC converted to Europe/Madrid; local HH:10 assigned to containing local clock hour,PVGIS 5.3 seriescalc
2025-09-23T22:00:00+02:00,1.0,0.0,0.0,0.0,2023,2023-09-23T20:10:00+00:00,2023-09-23T22:10:00+02:00,PVGIS UTC converted to Europe/Madrid; local HH:10 assigned to containing local clock hour,PVGIS 5.3 seriescalc
2025-09-23T23:00:00+02:00,1.0,0.0,0.0,0.0,2023,2023-09-23T21:10:00+00:00,2023-09-23T23:10:00+02:00,PVGIS UTC converted to Europe/Madrid; local HH:10 assigned to containing local clock hour,PVGIS 5.3 seriescalc
2025-09-24T00:00:00+02:00,1.0,0.0,0.0,0.0,2023,2023-09-23T22:10:00+00:00,2023-09-24T00:10:00+02:00,PVGIS UTC converted to Europe/Madrid; local HH:10 assigned to containing local clock hour,PVGIS 5.3 seriescalc
2025-09-24T01:00:00+02:00,1.0,0.0,0.0,0.0,2023,2023-09-23T23:10:00+00:00,2023-09-24T01:10:00+02:00,PVGIS UTC converted to Europe/Madrid; local HH:10 assigned to containing local clock hour,PVGIS 5.3 seriescalc
2025-09-24T02:00:00+02:00,1.0,0.0,0.0,0.0,2023,2023-09-24T00:10:00+00:00,2023-09-24T02:10:00+02:00,PVGIS UTC converted to Europe/Madrid; local HH:10 assigned to containing local clock hour,PVGIS 5.3 seriescalc
2025-09-24T03:00:00+02:00,1.0,0.0,0.0,0.0,2023,2023-09-24T01:10:00+00:00,2023-09-24T03:10:00+02:00,PVGIS UTC converted to Europe/Madrid; local HH:10 assigned to containing local clock hour,PVGIS 5.3 seriescalc
2025-09-24T04:00:00+02:00,1.0,0.0,0.0,0.0,2023,2023-09-24T02:10:00+00:00,2023-09-24T04:10:00+02:00,PVGIS UTC converted to Europe/Madrid; local HH:10 assigned to containing local clock hour,PVGIS 5.3 seriescalc
2025-09-24T05:00:00+02:00,1.0,0.0,0.0,0.0,2023,2023-09-24T03:10:00+00:00,2023-09-24T05:10:00+02:00,PVGIS UTC converted to Europe/Madrid; local HH:10 assigned to containing local clock hour,PVGIS 5.3 seriescalc
2025-09-24T06:00:00+02:00,1.0,0.0,0.0,0.0,2023,2023-09-24T04:10:00+00:00,2023-09-24T06:10:00+02:00,PVGIS UTC converted to Europe/Madrid; local HH:10 assigned to containing local clock hour,PVGIS 5.3 seriescalc
2025-09-24T07:00:00+02:00,1.0,0.0,0.0,0.0,2023,2023-09-24T05:10:00+00:00,2023-09-24T07:10:00+02:00,PVGIS UTC converted to Europe/Madrid; local HH:10 assigned to containing local clock hour,PVGIS 5.3 seriescalc
2025-09-24T08:00:00+02:00,1.0,0.019370000000000002,19.37,4.92,2023,2023-09-24T06:10:00+00:00,2023-09-24T08:10:00+02:00,PVGIS UTC converted to Europe/Madrid; local HH:10 assigned to containing local clock hour,PVGIS 5.3 seriescalc
2025-09-24T09:00:00+02:00,1.0,0.20748,207.48,15.99,2023,2023-09-24T07:10:00+00:00,2023-09-24T09:10:00+02:00,PVGIS UTC converted to Europe/Madrid; local HH:10 assigned to containing local clock hour,PVGIS 5.3 seriescalc
2025-09-24T10:00:00+02:00,1.0,0.41373000000000004,413.73,26.49,2023,2023-09-24T08:10:00+00:00,2023-09-24T10:10:00+02:00,PVGIS UTC converted to Europe/Madrid; local HH:10 assigned to containing local clock hour,PVGIS 5.3 seriescalc
2025-09-24T11:00:00+02:00,1.0,0.57087,570.87,35.88,2023,2023-09-24T09:10:00+00:00,2023-09-24T11:10:00+02:00,PVGIS UTC converted to Europe/Madrid; local HH:10 assigned to containing local clock hour,PVGIS 5.3 seriescalc
2025-09-24T12:00:00+02:00,1.0,0.6881799999999999,688.18,43.29,2023,2023-09-24T10:10:00+00:00,2023-09-24T12:10:00+02:00,PVGIS UTC converted to Europe/Madrid; local HH:10 assigned to containing local clock hour,PVGIS 5.3 seriescalc
2025-09-24T13:00:00+02:00,1.0,0.75782,757.82,47.6,2023,2023-09-24T11:10:00+00:00,2023-09-24T13:10:00+02:00,PVGIS UTC converted to Europe/Madrid; local HH:10 assigned to containing local clock hour,PVGIS 5.3 seriescalc
2025-09-24T14:00:00+02:00,1.0,0.7568400000000001,756.84,47.77,2023,2023-09-24T12:10:00+00:00,2023-09-24T14:10:00+02:00,PVGIS UTC converted to Europe/Madrid; local HH:10 assigned to containing local clock hour,PVGIS 5.3 seriescalc
2025-09-24T15:00:00+02:00,1.0,0.68135,681.35,43.77,2023,2023-09-24T13:10:00+00:00,2023-09-24T15:10:00+02:00,PVGIS UTC converted to Europe/Madrid; local HH:10 assigned to containing local clock hour,PVGIS 5.3 seriescalc
2025-09-24T16:00:00+02:00,1.0,0.58768,587.68,36.56,2023,2023-09-24T14:10:00+00:00,2023-09-24T16:10:00+02:00,PVGIS UTC converted to Europe/Madrid; local HH:10 assigned to containing local clock hour,PVGIS 5.3 seriescalc
2025-09-24T17:00:00+02:00,1.0,0.42601999999999995,426.02,27.3,2023,2023-09-24T15:10:00+00:00,2023-09-24T17:10:00+02:00,PVGIS UTC converted to Europe/Madrid; local HH:10 assigned to containing local clock hour,PVGIS 5.3 seriescalc
2025-09-24T18:00:00+02:00,1.0,0.22611,226.11,16.86,2023,2023-09-24T16:10:00+00:00,2023-09-24T18:10:00+02:00,PVGIS UTC converted to Europe/Madrid; local HH:10 assigned to containing local clock hour,PVGIS 5.3 seriescalc
2025-09-24T19:00:00+02:00,1.0,0.033049999999999996,33.05,5.82,2023,2023-09-24T17:10:00+00:00,2023-09-24T19:10:00+02:00,PVGIS UTC converted to Europe/Madrid; local HH:10 assigned to containing local clock hour,PVGIS 5.3 seriescalc
2025-09-24T20:00:00+02:00,1.0,0.0,0.0,0.0,2023,2023-09-24T18:10:00+00:00,2023-09-24T20:10:00+02:00,PVGIS UTC converted to Europe/Madrid; local HH:10 assigned to containing local clock hour,PVGIS 5.3 seriescalc
2025-09-24T21:00:00+02:00,1.0,0.0,0.0,0.0,2023,2023-09-24T19:10:00+00:00,2023-09-24T21:10:00+02:00,PVGIS UTC converted to Europe/Madrid; local HH:10 assigned to containing local clock hour,PVGIS 5.3 seriescalc
2025-09-24T22:00:00+02:00,1.0,0.0,0.0,0.0,2023,2023-09-24T20:10:00+00:00,2023-09-24T22:10:00+02:00,PVGIS UTC converted to Europe/Madrid; local HH:10 assigned to containing local clock hour,PVGIS 5.3 seriescalc
2025-09-24T23:00:00+02:00,1.0,0.0,0.0,0.0,2023,2023-09-24T21:10:00+00:00,2023-09-24T23:10:00+02:00,PVGIS UTC converted to Europe/Madrid; local HH:10 assigned to containing local clock hour,PVGIS 5.3 seriescalc
2025-09-25T00:00:00+02:00,1.0,0.0,0.0,0.0,2023,2023-09-24T22:10:00+00:00,2023-09-25T00:10:00+02:00,PVGIS UTC converted to Europe/Madrid; local HH:10 assigned to containing local clock hour,PVGIS 5.3 seriescalc
2025-09-25T01:00:00+02:00,1.0,0.0,0.0,0.0,2023,2023-09-24T23:10:00+00:00,2023-09-25T01:10:00+02:00,PVGIS UTC converted to Europe/Madrid; local HH:10 assigned to containing local clock hour,PVGIS 5.3 seriescalc
2025-09-25T02:00:00+02:00,1.0,0.0,0.0,0.0,2023,2023-09-25T00:10:00+00:00,2023-09-25T02:10:00+02:00,PVGIS UTC converted to Europe/Madrid; local HH:10 assigned to containing local clock hour,PVGIS 5.3 seriescalc
2025-09-25T03:00:00+02:00,1.0,0.0,0.0,0.0,2023,2023-09-25T01:10:00+00:00,2023-09-25T03:10:00+02:00,PVGIS UTC converted to Europe/Madrid; local HH:10 assigned to containing local clock hour,PVGIS 5.3 seriescalc
2025-09-25T04:00:00+02:00,1.0,0.0,0.0,0.0,2023,2023-09-25T02:10:00+00:00,2023-09-25T04:10:00+02:00,PVGIS UTC converted to Europe/Madrid; local HH:10 assigned to containing local clock hour,PVGIS 5.3 seriescalc
2025-09-25T05:00:00+02:00,1.0,0.0,0.0,0.0,2023,2023-09-25T03:10:00+00:00,2023-09-25T05:10:00+02:00,PVGIS UTC converted to Europe/Madrid; local HH:10 assigned to containing local clock hour,PVGIS 5.3 seriescalc
2025-09-25T06:00:00+02:00,1.0,0.0,0.0,0.0,2023,2023-09-25T04:10:00+00:00,2023-09-25T06:10:00+02:00,PVGIS UTC converted to Europe/Madrid; local HH:10 assigned to containing local clock hour,PVGIS 5.3 seriescalc
2025-09-25T07:00:00+02:00,1.0,0.0,0.0,0.0,2023,2023-09-25T05:10:00+00:00,2023-09-25T07:10:00+02:00,PVGIS UTC converted to Europe/Madrid; local HH:10 assigned to containing local clock hour,PVGIS 5.3 seriescalc
2025-09-25T08:00:00+02:00,1.0,0.01671,16.71,4.73,2023,2023-09-25T06:10:00+00:00,2023-09-25T08:10:00+02:00,PVGIS UTC converted to Europe/Madrid; local HH:10 assigned to containing local clock hour,PVGIS 5.3 seriescalc
2025-09-25T09:00:00+02:00,1.0,0.19504,195.04,15.79,2023,2023-09-25T07:10:00+00:00,2023-09-25T09:10:00+02:00,PVGIS UTC converted to Europe/Madrid; local HH:10 assigned to containing local clock hour,PVGIS 5.3 seriescalc
2025-09-25T10:00:00+02:00,1.0,0.30260000000000004,302.6,26.27,2023,2023-09-25T08:10:00+00:00,2023-09-25T10:10:00+02:00,PVGIS UTC converted to Europe/Madrid; local HH:10 assigned to containing local clock hour,PVGIS 5.3 seriescalc
2025-09-25T11:00:00+02:00,1.0,0.58856,588.56,35.61,2023,2023-09-25T09:10:00+00:00,2023-09-25T11:10:00+02:00,PVGIS UTC converted to Europe/Madrid; local HH:10 assigned to containing local clock hour,PVGIS 5.3 seriescalc
2025-09-25T12:00:00+02:00,1.0,0.69141,691.41,42.97,2023,2023-09-25T10:10:00+00:00,2023-09-25T12:10:00+02:00,PVGIS UTC converted to Europe/Madrid; local HH:10 assigned to containing local clock hour,PVGIS 5.3 seriescalc
2025-09-25T13:00:00+02:00,1.0,0.75459,754.59,47.23,2023,2023-09-25T11:10:00+00:00,2023-09-25T13:10:00+02:00,PVGIS UTC converted to Europe/Madrid; local HH:10 assigned to containing local clock hour,PVGIS 5.3 seriescalc
2025-09-25T14:00:00+02:00,1.0,0.75637,756.37,47.37,2023,2023-09-25T12:10:00+00:00,2023-09-25T14:10:00+02:00,PVGIS UTC converted to Europe/Madrid; local HH:10 assigned to containing local clock hour,PVGIS 5.3 seriescalc
2025-09-25T15:00:00+02:00,1.0,0.71554,715.54,43.38,2023,2023-09-25T13:10:00+00:00,2023-09-25T15:10:00+02:00,PVGIS UTC converted to Europe/Madrid; local HH:10 assigned to containing local clock hour,PVGIS 5.3 seriescalc
2025-09-25T16:00:00+02:00,1.0,0.58945,589.45,36.19,2023,2023-09-25T14:10:00+00:00,2023-09-25T16:10:00+02:00,PVGIS UTC converted to Europe/Madrid; local HH:10 assigned to containing local clock hour,PVGIS 5.3 seriescalc
2025-09-25T17:00:00+02:00,1.0,0.42269,422.69,26.95,2023,2023-09-25T15:10:00+00:00,2023-09-25T17:10:00+02:00,PVGIS UTC converted to Europe/Madrid; local HH:10 assigned to containing local clock hour,PVGIS 5.3 seriescalc
2025-09-25T18:00:00+02:00,1.0,0.22166999999999998,221.67,16.53,2023,2023-09-25T16:10:00+00:00,2023-09-25T18:10:00+02:00,PVGIS UTC converted to Europe/Madrid; local HH:10 assigned to containing local clock hour,PVGIS 5.3 seriescalc
2025-09-25T19:00:00+02:00,1.0,0.02646,26.46,5.49,2023,2023-09-25T17:10:00+00:00,2023-09-25T19:10:00+02:00,PVGIS UTC converted to Europe/Madrid; local HH:10 assigned to containing local clock hour,PVGIS 5.3 seriescalc
2025-09-25T20:00:00+02:00,1.0,0.0,0.0,0.0,2023,2023-09-25T18:10:00+00:00,2023-09-25T20:10:00+02:00,PVGIS UTC converted to Europe/Madrid; local HH:10 assigned to containing local clock hour,PVGIS 5.3 seriescalc
2025-09-25T21:00:00+02:00,1.0,0.0,0.0,0.0,2023,2023-09-25T19:10:00+00:00,2023-09-25T21:10:00+02:00,PVGIS UTC converted to Europe/Madrid; local HH:10 assigned to containing local clock hour,PVGIS 5.3 seriescalc
2025-09-25T22:00:00+02:00,1.0,0.0,0.0,0.0,2023,2023-09-25T20:10:00+00:00,2023-09-25T22:10:00+02:00,PVGIS UTC converted to Europe/Madrid; local HH:10 assigned to containing local clock hour,PVGIS 5.3 seriescalc
2025-09-25T23:00:00+02:00,1.0,0.0,0.0,0.0,2023,2023-09-25T21:10:00+00:00,2023-09-25T23:10:00+02:00,PVGIS UTC converted to Europe/Madrid; local HH:10 assigned to containing local clock hour,PVGIS 5.3 seriescalc
2025-09-26T00:00:00+02:00,1.0,0.0,0.0,0.0,2023,2023-09-25T22:10:00+00:00,2023-09-26T00:10:00+02:00,PVGIS UTC converted to Europe/Madrid; local HH:10 assigned to containing local clock hour,PVGIS 5.3 seriescalc
2025-09-26T01:00:00+02:00,1.0,0.0,0.0,0.0,2023,2023-09-25T23:10:00+00:00,2023-09-26T01:10:00+02:00,PVGIS UTC converted to Europe/Madrid; local HH:10 assigned to containing local clock hour,PVGIS 5.3 seriescalc
2025-09-26T02:00:00+02:00,1.0,0.0,0.0,0.0,2023,2023-09-26T00:10:00+00:00,2023-09-26T02:10:00+02:00,PVGIS UTC converted to Europe/Madrid; local HH:10 assigned to containing local clock hour,PVGIS 5.3 seriescalc
2025-09-26T03:00:00+02:00,1.0,0.0,0.0,0.0,2023,2023-09-26T01:10:00+00:00,2023-09-26T03:10:00+02:00,PVGIS UTC converted to Europe/Madrid; local HH:10 assigned to containing local clock hour,PVGIS 5.3 seriescalc
2025-09-26T04:00:00+02:00,1.0,0.0,0.0,0.0,2023,2023-09-26T02:10:00+00:00,2023-09-26T04:10:00+02:00,PVGIS UTC converted to Europe/Madrid; local HH:10 assigned to containing local clock hour,PVGIS 5.3 seriescalc
2025-09-26T05:00:00+02:00,1.0,0.0,0.0,0.0,2023,2023-09-26T03:10:00+00:00,2023-09-26T05:10:00+02:00,PVGIS UTC converted to Europe/Madrid; local HH:10 assigned to containing local clock hour,PVGIS 5.3 seriescalc
2025-09-26T06:00:00+02:00,1.0,0.0,0.0,0.0,2023,2023-09-26T04:10:00+00:00,2023-09-26T06:10:00+02:00,PVGIS UTC converted to Europe/Madrid; local HH:10 assigned to containing local clock hour,PVGIS 5.3 seriescalc
2025-09-26T07:00:00+02:00,1.0,0.0,0.0,0.0,2023,2023-09-26T05:10:00+00:00,2023-09-26T07:10:00+02:00,PVGIS UTC converted to Europe/Madrid; local HH:10 assigned to containing local clock hour,PVGIS 5.3 seriescalc
2025-09-26T08:00:00+02:00,1.0,0.01634,16.34,4.54,2023,2023-09-26T06:10:00+00:00,2023-09-26T08:10:00+02:00,PVGIS UTC converted to Europe/Madrid; local HH:10 assigned to containing local clock hour,PVGIS 5.3 seriescalc
2025-09-26T09:00:00+02:00,1.0,0.20685,206.85,15.58,2023,2023-09-26T07:10:00+00:00,2023-09-26T09:10:00+02:00,PVGIS UTC converted to Europe/Madrid; local HH:10 assigned to containing local clock hour,PVGIS 5.3 seriescalc
2025-09-26T10:00:00+02:00,1.0,0.41894,418.94,26.03,2023,2023-09-26T08:10:00+00:00,2023-09-26T10:10:00+02:00,PVGIS UTC converted to Europe/Madrid; local HH:10 assigned to containing local clock hour,PVGIS 5.3 seriescalc
2025-09-26T11:00:00+02:00,1.0,0.56639,566.39,35.34,2023,2023-09-26T09:10:00+00:00,2023-09-26T11:10:00+02:00,PVGIS UTC converted to Europe/Madrid; local HH:10 assigned to containing local clock hour,PVGIS 5.3 seriescalc
2025-09-26T12:00:00+02:00,1.0,0.6823899999999999,682.39,42.65,2023,2023-09-26T10:10:00+00:00,2023-09-26T12:10:00+02:00,PVGIS UTC converted to Europe/Madrid; local HH:10 assigned to containing local clock hour,PVGIS 5.3 seriescalc
2025-09-26T13:00:00+02:00,1.0,0.7313999999999999,731.4,46.85,2023,2023-09-26T11:10:00+00:00,2023-09-26T13:10:00+02:00,PVGIS UTC converted to Europe/Madrid; local HH:10 assigned to containing local clock hour,PVGIS 5.3 seriescalc
2025-09-26T14:00:00+02:00,1.0,0.75066,750.66,46.98,2023,2023-09-26T12:10:00+00:00,2023-09-26T14:10:00+02:00,PVGIS UTC converted to Europe/Madrid; local HH:10 assigned to containing local clock hour,PVGIS 5.3 seriescalc
2025-09-26T15:00:00+02:00,1.0,0.7151900000000001,715.19,42.98,2023,2023-09-26T13:10:00+00:00,2023-09-26T15:10:00+02:00,PVGIS UTC converted to Europe/Madrid; local HH:10 assigned to containing local clock hour,PVGIS 5.3 seriescalc
2025-09-26T16:00:00+02:00,1.0,0.58666,586.66,35.81,2023,2023-09-26T14:10:00+00:00,2023-09-26T16:10:00+02:00,PVGIS UTC converted to Europe/Madrid; local HH:10 assigned to containing local clock hour,PVGIS 5.3 seriescalc
2025-09-26T17:00:00+02:00,1.0,0.41045,410.45,26.6,2023,2023-09-26T15:10:00+00:00,2023-09-26T17:10:00+02:00,PVGIS UTC converted to Europe/Madrid; local HH:10 assigned to containing local clock hour,PVGIS 5.3 seriescalc
2025-09-26T18:00:00+02:00,1.0,0.2189,218.9,16.19,2023,2023-09-26T16:10:00+00:00,2023-09-26T18:10:00+02:00,PVGIS UTC converted to Europe/Madrid; local HH:10 assigned to containing local clock hour,PVGIS 5.3 seriescalc
2025-09-26T19:00:00+02:00,1.0,0.024239999999999998,24.24,5.17,2023,2023-09-26T17:10:00+00:00,2023-09-26T19:10:00+02:00,PVGIS UTC converted to Europe/Madrid; local HH:10 assigned to containing local clock hour,PVGIS 5.3 seriescalc
2025-09-26T20:00:00+02:00,1.0,0.0,0.0,0.0,2023,2023-09-26T18:10:00+00:00,2023-09-26T20:10:00+02:00,PVGIS UTC converted to Europe/Madrid; local HH:10 assigned to containing local clock hour,PVGIS 5.3 seriescalc
2025-09-26T21:00:00+02:00,1.0,0.0,0.0,0.0,2023,2023-09-26T19:10:00+00:00,2023-09-26T21:10:00+02:00,PVGIS UTC converted to Europe/Madrid; local HH:10 assigned to containing local clock hour,PVGIS 5.3 seriescalc
2025-09-26T22:00:00+02:00,1.0,0.0,0.0,0.0,2023,2023-09-26T20:10:00+00:00,2023-09-26T22:10:00+02:00,PVGIS UTC converted to Europe/Madrid; local HH:10 assigned to containing local clock hour,PVGIS 5.3 seriescalc
2025-09-26T23:00:00+02:00,1.0,0.0,0.0,0.0,2023,2023-09-26T21:10:00+00:00,2023-09-26T23:10:00+02:00,PVGIS UTC converted to Europe/Madrid; local HH:10 assigned to containing local clock hour,PVGIS 5.3 seriescalc
2025-09-27T00:00:00+02:00,1.0,0.0,0.0,0.0,2023,2023-09-26T22:10:00+00:00,2023-09-27T00:10:00+02:00,PVGIS UTC converted to Europe/Madrid; local HH:10 assigned to containing local clock hour,PVGIS 5.3 seriescalc
2025-09-27T01:00:00+02:00,1.0,0.0,0.0,0.0,2023,2023-09-26T23:10:00+00:00,2023-09-27T01:10:00+02:00,PVGIS UTC converted to Europe/Madrid; local HH:10 assigned to containing local clock hour,PVGIS 5.3 seriescalc
2025-09-27T02:00:00+02:00,1.0,0.0,0.0,0.0,2023,2023-09-27T00:10:00+00:00,2023-09-27T02:10:00+02:00,PVGIS UTC converted to Europe/Madrid; local HH:10 assigned to containing local clock hour,PVGIS 5.3 seriescalc
2025-09-27T03:00:00+02:00,1.0,0.0,0.0,0.0,2023,2023-09-27T01:10:00+00:00,2023-09-27T03:10:00+02:00,PVGIS UTC converted to Europe/Madrid; local HH:10 assigned to containing local clock hour,PVGIS 5.3 seriescalc
2025-09-27T04:00:00+02:00,1.0,0.0,0.0,0.0,2023,2023-09-27T02:10:00+00:00,2023-09-27T04:10:00+02:00,PVGIS UTC converted to Europe/Madrid; local HH:10 assigned to containing local clock hour,PVGIS 5.3 seriescalc
2025-09-27T05:00:00+02:00,1.0,0.0,0.0,0.0,2023,2023-09-27T03:10:00+00:00,2023-09-27T05:10:00+02:00,PVGIS UTC converted to Europe/Madrid; local HH:10 assigned to containing local clock hour,PVGIS 5.3 seriescalc
2025-09-27T06:00:00+02:00,1.0,0.0,0.0,0.0,2023,2023-09-27T04:10:00+00:00,2023-09-27T06:10:00+02:00,PVGIS UTC converted to Europe/Madrid; local HH:10 assigned to containing local clock hour,PVGIS 5.3 seriescalc
2025-09-27T07:00:00+02:00,1.0,0.0,0.0,0.0,2023,2023-09-27T05:10:00+00:00,2023-09-27T07:10:00+02:00,PVGIS UTC converted to Europe/Madrid; local HH:10 assigned to containing local clock hour,PVGIS 5.3 seriescalc
2025-09-27T08:00:00+02:00,1.0,0.016030000000000003,16.03,4.34,2023,2023-09-27T06:10:00+00:00,2023-09-27T08:10:00+02:00,PVGIS UTC converted to Europe/Madrid; local HH:10 assigned to containing local clock hour,PVGIS 5.3 seriescalc
2025-09-27T09:00:00+02:00,1.0,0.20593999999999998,205.94,15.37,2023,2023-09-27T07:10:00+00:00,2023-09-27T09:10:00+02:00,PVGIS UTC converted to Europe/Madrid; local HH:10 assigned to containing local clock hour,PVGIS 5.3 seriescalc
2025-09-27T10:00:00+02:00,1.0,0.41396,413.96,25.8,2023,2023-09-27T08:10:00+00:00,2023-09-27T10:10:00+02:00,PVGIS UTC converted to Europe/Madrid; local HH:10 assigned to containing local clock hour,PVGIS 5.3 seriescalc
2025-09-27T11:00:00+02:00,1.0,0.57743,577.43,35.06,2023,2023-09-27T09:10:00+00:00,2023-09-27T11:10:00+02:00,PVGIS UTC converted to Europe/Madrid; local HH:10 assigned to containing local clock hour,PVGIS 5.3 seriescalc
2025-09-27T12:00:00+02:00,1.0,0.69012,690.12,42.33,2023,2023-09-27T10:10:00+00:00,2023-09-27T12:10:00+02:00,PVGIS UTC converted to Europe/Madrid; local HH:10 assigned to containing local clock hour,PVGIS 5.3 seriescalc
2025-09-27T13:00:00+02:00,1.0,0.74185,741.85,46.48,2023,2023-09-27T11:10:00+00:00,2023-09-27T13:10:00+02:00,PVGIS UTC converted to Europe/Madrid; local HH:10 assigned to containing local clock hour,PVGIS 5.3 seriescalc
2025-09-27T14:00:00+02:00,1.0,0.7505700000000001,750.57,46.58,2023,2023-09-27T12:10:00+00:00,2023-09-27T14:10:00+02:00,PVGIS UTC converted to Europe/Madrid; local HH:10 assigned to containing local clock hour,PVGIS 5.3 seriescalc
2025-09-27T15:00:00+02:00,1.0,0.7231799999999999,723.18,42.59,2023,2023-09-27T13:10:00+00:00,2023-09-27T15:10:00+02:00,PVGIS UTC converted to Europe/Madrid; local HH:10 assigned to containing local clock hour,PVGIS 5.3 seriescalc
2025-09-27T16:00:00+02:00,1.0,0.5830599999999999,583.06,35.44,2023,2023-09-27T14:10:00+00:00,2023-09-27T16:10:00+02:00,PVGIS UTC converted to Europe/Madrid; local HH:10 assigned to containing local clock hour,PVGIS 5.3 seriescalc
2025-09-27T17:00:00+02:00,1.0,0.40549,405.49,26.25,2023,2023-09-27T15:10:00+00:00,2023-09-27T17:10:00+02:00,PVGIS UTC converted to Europe/Madrid; local HH:10 assigned to containing local clock hour,PVGIS 5.3 seriescalc
2025-09-27T18:00:00+02:00,1.0,0.20848,208.48,15.86,2023,2023-09-27T16:10:00+00:00,2023-09-27T18:10:00+02:00,PVGIS UTC converted to Europe/Madrid; local HH:10 assigned to containing local clock hour,PVGIS 5.3 seriescalc
2025-09-27T19:00:00+02:00,1.0,0.02318,23.18,4.84,2023,2023-09-27T17:10:00+00:00,2023-09-27T19:10:00+02:00,PVGIS UTC converted to Europe/Madrid; local HH:10 assigned to containing local clock hour,PVGIS 5.3 seriescalc
2025-09-27T20:00:00+02:00,1.0,0.0,0.0,0.0,2023,2023-09-27T18:10:00+00:00,2023-09-27T20:10:00+02:00,PVGIS UTC converted to Europe/Madrid; local HH:10 assigned to containing local clock hour,PVGIS 5.3 seriescalc
2025-09-27T21:00:00+02:00,1.0,0.0,0.0,0.0,2023,2023-09-27T19:10:00+00:00,2023-09-27T21:10:00+02:00,PVGIS UTC converted to Europe/Madrid; local HH:10 assigned to containing local clock hour,PVGIS 5.3 seriescalc
2025-09-27T22:00:00+02:00,1.0,0.0,0.0,0.0,2023,2023-09-27T20:10:00+00:00,2023-09-27T22:10:00+02:00,PVGIS UTC converted to Europe/Madrid; local HH:10 assigned to containing local clock hour,PVGIS 5.3 seriescalc
2025-09-27T23:00:00+02:00,1.0,0.0,0.0,0.0,2023,2023-09-27T21:10:00+00:00,2023-09-27T23:10:00+02:00,PVGIS UTC converted to Europe/Madrid; local HH:10 assigned to containing local clock hour,PVGIS 5.3 seriescalc
2025-09-28T00:00:00+02:00,1.0,0.0,0.0,0.0,2023,2023-09-27T22:10:00+00:00,2023-09-28T00:10:00+02:00,PVGIS UTC converted to Europe/Madrid; local HH:10 assigned to containing local clock hour,PVGIS 5.3 seriescalc
2025-09-28T01:00:00+02:00,1.0,0.0,0.0,0.0,2023,2023-09-27T23:10:00+00:00,2023-09-28T01:10:00+02:00,PVGIS UTC converted to Europe/Madrid; local HH:10 assigned to containing local clock hour,PVGIS 5.3 seriescalc
2025-09-28T02:00:00+02:00,1.0,0.0,0.0,0.0,2023,2023-09-28T00:10:00+00:00,2023-09-28T02:10:00+02:00,PVGIS UTC converted to Europe/Madrid; local HH:10 assigned to containing local clock hour,PVGIS 5.3 seriescalc
2025-09-28T03:00:00+02:00,1.0,0.0,0.0,0.0,2023,2023-09-28T01:10:00+00:00,2023-09-28T03:10:00+02:00,PVGIS UTC converted to Europe/Madrid; local HH:10 assigned to containing local clock hour,PVGIS 5.3 seriescalc
2025-09-28T04:00:00+02:00,1.0,0.0,0.0,0.0,2023,2023-09-28T02:10:00+00:00,2023-09-28T04:10:00+02:00,PVGIS UTC converted to Europe/Madrid; local HH:10 assigned to containing local clock hour,PVGIS 5.3 seriescalc
2025-09-28T05:00:00+02:00,1.0,0.0,0.0,0.0,2023,2023-09-28T03:10:00+00:00,2023-09-28T05:10:00+02:00,PVGIS UTC converted to Europe/Madrid; local HH:10 assigned to containing local clock hour,PVGIS 5.3 seriescalc
2025-09-28T06:00:00+02:00,1.0,0.0,0.0,0.0,2023,2023-09-28T04:10:00+00:00,2023-09-28T06:10:00+02:00,PVGIS UTC converted to Europe/Madrid; local HH:10 assigned to containing local clock hour,PVGIS 5.3 seriescalc
2025-09-28T07:00:00+02:00,1.0,0.0,0.0,0.0,2023,2023-09-28T05:10:00+00:00,2023-09-28T07:10:00+02:00,PVGIS UTC converted to Europe/Madrid; local HH:10 assigned to containing local clock hour,PVGIS 5.3 seriescalc
2025-09-28T08:00:00+02:00,1.0,0.00597,5.97,4.15,2023,2023-09-28T06:10:00+00:00,2023-09-28T08:10:00+02:00,PVGIS UTC converted to Europe/Madrid; local HH:10 assigned to containing local clock hour,PVGIS 5.3 seriescalc
2025-09-28T09:00:00+02:00,1.0,0.13676,136.76,15.17,2023,2023-09-28T07:10:00+00:00,2023-09-28T09:10:00+02:00,PVGIS UTC converted to Europe/Madrid; local HH:10 assigned to containing local clock hour,PVGIS 5.3 seriescalc
2025-09-28T10:00:00+02:00,1.0,0.38949,389.49,25.57,2023,2023-09-28T08:10:00+00:00,2023-09-28T10:10:00+02:00,PVGIS UTC converted to Europe/Madrid; local HH:10 assigned to containing local clock hour,PVGIS 5.3 seriescalc
2025-09-28T11:00:00+02:00,1.0,0.5610700000000001,561.07,34.79,2023,2023-09-28T09:10:00+00:00,2023-09-28T11:10:00+02:00,PVGIS UTC converted to Europe/Madrid; local HH:10 assigned to containing local clock hour,PVGIS 5.3 seriescalc
2025-09-28T12:00:00+02:00,1.0,0.65834,658.34,42.0,2023,2023-09-28T10:10:00+00:00,2023-09-28T12:10:00+02:00,PVGIS UTC converted to Europe/Madrid; local HH:10 assigned to containing local clock hour,PVGIS 5.3 seriescalc
2025-09-28T13:00:00+02:00,1.0,0.73351,733.51,46.11,2023,2023-09-28T11:10:00+00:00,2023-09-28T13:10:00+02:00,PVGIS UTC converted to Europe/Madrid; local HH:10 assigned to containing local clock hour,PVGIS 5.3 seriescalc
2025-09-28T14:00:00+02:00,1.0,0.7470800000000001,747.08,46.18,2023,2023-09-28T12:10:00+00:00,2023-09-28T14:10:00+02:00,PVGIS UTC converted to Europe/Madrid; local HH:10 assigned to containing local clock hour,PVGIS 5.3 seriescalc
2025-09-28T15:00:00+02:00,1.0,0.71611,716.11,42.2,2023,2023-09-28T13:10:00+00:00,2023-09-28T15:10:00+02:00,PVGIS UTC converted to Europe/Madrid; local HH:10 assigned to containing local clock hour,PVGIS 5.3 seriescalc
2025-09-28T16:00:00+02:00,1.0,0.57465,574.65,35.07,2023,2023-09-28T14:10:00+00:00,2023-09-28T16:10:00+02:00,PVGIS UTC converted to Europe/Madrid; local HH:10 assigned to containing local clock hour,PVGIS 5.3 seriescalc
2025-09-28T17:00:00+02:00,1.0,0.39375,393.75,25.9,2023,2023-09-28T15:10:00+00:00,2023-09-28T17:10:00+02:00,PVGIS UTC converted to Europe/Madrid; local HH:10 assigned to containing local clock hour,PVGIS 5.3 seriescalc
2025-09-28T18:00:00+02:00,1.0,0.17629,176.29,15.52,2023,2023-09-28T16:10:00+00:00,2023-09-28T18:10:00+02:00,PVGIS UTC converted to Europe/Madrid; local HH:10 assigned to containing local clock hour,PVGIS 5.3 seriescalc
2025-09-28T19:00:00+02:00,1.0,0.01543,15.43,4.52,2023,2023-09-28T17:10:00+00:00,2023-09-28T19:10:00+02:00,PVGIS UTC converted to Europe/Madrid; local HH:10 assigned to containing local clock hour,PVGIS 5.3 seriescalc
2025-09-28T20:00:00+02:00,1.0,0.0,0.0,0.0,2023,2023-09-28T18:10:00+00:00,2023-09-28T20:10:00+02:00,PVGIS UTC converted to Europe/Madrid; local HH:10 assigned to containing local clock hour,PVGIS 5.3 seriescalc
2025-09-28T21:00:00+02:00,1.0,0.0,0.0,0.0,2023,2023-09-28T19:10:00+00:00,2023-09-28T21:10:00+02:00,PVGIS UTC converted to Europe/Madrid; local HH:10 assigned to containing local clock hour,PVGIS 5.3 seriescalc
2025-09-28T22:00:00+02:00,1.0,0.0,0.0,0.0,2023,2023-09-28T20:10:00+00:00,2023-09-28T22:10:00+02:00,PVGIS UTC converted to Europe/Madrid; local HH:10 assigned to containing local clock hour,PVGIS 5.3 seriescalc
2025-09-28T23:00:00+02:00,1.0,0.0,0.0,0.0,2023,2023-09-28T21:10:00+00:00,2023-09-28T23:10:00+02:00,PVGIS UTC converted to Europe/Madrid; local HH:10 assigned to containing local clock hour,PVGIS 5.3 seriescalc
2025-09-29T00:00:00+02:00,1.0,0.0,0.0,0.0,2023,2023-09-28T22:10:00+00:00,2023-09-29T00:10:00+02:00,PVGIS UTC converted to Europe/Madrid; local HH:10 assigned to containing local clock hour,PVGIS 5.3 seriescalc
2025-09-29T01:00:00+02:00,1.0,0.0,0.0,0.0,2023,2023-09-28T23:10:00+00:00,2023-09-29T01:10:00+02:00,PVGIS UTC converted to Europe/Madrid; local HH:10 assigned to containing local clock hour,PVGIS 5.3 seriescalc
2025-09-29T02:00:00+02:00,1.0,0.0,0.0,0.0,2023,2023-09-29T00:10:00+00:00,2023-09-29T02:10:00+02:00,PVGIS UTC converted to Europe/Madrid; local HH:10 assigned to containing local clock hour,PVGIS 5.3 seriescalc
2025-09-29T03:00:00+02:00,1.0,0.0,0.0,0.0,2023,2023-09-29T01:10:00+00:00,2023-09-29T03:10:00+02:00,PVGIS UTC converted to Europe/Madrid; local HH:10 assigned to containing local clock hour,PVGIS 5.3 seriescalc
2025-09-29T04:00:00+02:00,1.0,0.0,0.0,0.0,2023,2023-09-29T02:10:00+00:00,2023-09-29T04:10:00+02:00,PVGIS UTC converted to Europe/Madrid; local HH:10 assigned to containing local clock hour,PVGIS 5.3 seriescalc
2025-09-29T05:00:00+02:00,1.0,0.0,0.0,0.0,2023,2023-09-29T03:10:00+00:00,2023-09-29T05:10:00+02:00,PVGIS UTC converted to Europe/Madrid; local HH:10 assigned to containing local clock hour,PVGIS 5.3 seriescalc
2025-09-29T06:00:00+02:00,1.0,0.0,0.0,0.0,2023,2023-09-29T04:10:00+00:00,2023-09-29T06:10:00+02:00,PVGIS UTC converted to Europe/Madrid; local HH:10 assigned to containing local clock hour,PVGIS 5.3 seriescalc
2025-09-29T07:00:00+02:00,1.0,0.0,0.0,0.0,2023,2023-09-29T05:10:00+00:00,2023-09-29T07:10:00+02:00,PVGIS UTC converted to Europe/Madrid; local HH:10 assigned to containing local clock hour,PVGIS 5.3 seriescalc
2025-09-29T08:00:00+02:00,1.0,0.011779999999999999,11.78,3.95,2023,2023-09-29T06:10:00+00:00,2023-09-29T08:10:00+02:00,PVGIS UTC converted to Europe/Madrid; local HH:10 assigned to containing local clock hour,PVGIS 5.3 seriescalc
2025-09-29T09:00:00+02:00,1.0,0.18947999999999998,189.48,14.96,2023,2023-09-29T07:10:00+00:00,2023-09-29T09:10:00+02:00,PVGIS UTC converted to Europe/Madrid; local HH:10 assigned to containing local clock hour,PVGIS 5.3 seriescalc
2025-09-29T10:00:00+02:00,1.0,0.39115,391.15,25.33,2023,2023-09-29T08:10:00+00:00,2023-09-29T10:10:00+02:00,PVGIS UTC converted to Europe/Madrid; local HH:10 assigned to containing local clock hour,PVGIS 5.3 seriescalc
2025-09-29T11:00:00+02:00,1.0,0.53514,535.14,34.52,2023,2023-09-29T09:10:00+00:00,2023-09-29T11:10:00+02:00,PVGIS UTC converted to Europe/Madrid; local HH:10 assigned to containing local clock hour,PVGIS 5.3 seriescalc
2025-09-29T12:00:00+02:00,1.0,0.64183,641.83,41.68,2023,2023-09-29T10:10:00+00:00,2023-09-29T12:10:00+02:00,PVGIS UTC converted to Europe/Madrid; local HH:10 assigned to containing local clock hour,PVGIS 5.3 seriescalc
2025-09-29T13:00:00+02:00,1.0,0.70338,703.38,45.74,2023,2023-09-29T11:10:00+00:00,2023-09-29T13:10:00+02:00,PVGIS UTC converted to Europe/Madrid; local HH:10 assigned to containing local clock hour,PVGIS 5.3 seriescalc
2025-09-29T14:00:00+02:00,1.0,0.72189,721.89,45.78,2023,2023-09-29T12:10:00+00:00,2023-09-29T14:10:00+02:00,PVGIS UTC converted to Europe/Madrid; local HH:10 assigned to containing local clock hour,PVGIS 5.3 seriescalc
2025-09-29T15:00:00+02:00,1.0,0.68724,687.24,41.8,2023,2023-09-29T13:10:00+00:00,2023-09-29T15:10:00+02:00,PVGIS UTC converted to Europe/Madrid; local HH:10 assigned to containing local clock hour,PVGIS 5.3 seriescalc
2025-09-29T16:00:00+02:00,1.0,0.5645399999999999,564.54,34.7,2023,2023-09-29T14:10:00+00:00,2023-09-29T16:10:00+02:00,PVGIS UTC converted to Europe/Madrid; local HH:10 assigned to containing local clock hour,PVGIS 5.3 seriescalc
2025-09-29T17:00:00+02:00,1.0,0.38979,389.79,25.55,2023,2023-09-29T15:10:00+00:00,2023-09-29T17:10:00+02:00,PVGIS UTC converted to Europe/Madrid; local HH:10 assigned to containing local clock hour,PVGIS 5.3 seriescalc
2025-09-29T18:00:00+02:00,1.0,0.19529,195.29,15.19,2023,2023-09-29T16:10:00+00:00,2023-09-29T18:10:00+02:00,PVGIS UTC converted to Europe/Madrid; local HH:10 assigned to containing local clock hour,PVGIS 5.3 seriescalc
2025-09-29T19:00:00+02:00,1.0,0.0143,14.3,4.2,2023,2023-09-29T17:10:00+00:00,2023-09-29T19:10:00+02:00,PVGIS UTC converted to Europe/Madrid; local HH:10 assigned to containing local clock hour,PVGIS 5.3 seriescalc
2025-09-29T20:00:00+02:00,1.0,0.0,0.0,0.0,2023,2023-09-29T18:10:00+00:00,2023-09-29T20:10:00+02:00,PVGIS UTC converted to Europe/Madrid; local HH:10 assigned to containing local clock hour,PVGIS 5.3 seriescalc
2025-09-29T21:00:00+02:00,1.0,0.0,0.0,0.0,2023,2023-09-29T19:10:00+00:00,2023-09-29T21:10:00+02:00,PVGIS UTC converted to Europe/Madrid; local HH:10 assigned to containing local clock hour,PVGIS 5.3 seriescalc
2025-09-29T22:00:00+02:00,1.0,0.0,0.0,0.0,2023,2023-09-29T20:10:00+00:00,2023-09-29T22:10:00+02:00,PVGIS UTC converted to Europe/Madrid; local HH:10 assigned to containing local clock hour,PVGIS 5.3 seriescalc
2025-09-29T23:00:00+02:00,1.0,0.0,0.0,0.0,2023,2023-09-29T21:10:00+00:00,2023-09-29T23:10:00+02:00,PVGIS UTC converted to Europe/Madrid; local HH:10 assigned to containing local clock hour,PVGIS 5.3 seriescalc
2025-09-30T00:00:00+02:00,1.0,0.0,0.0,0.0,2023,2023-09-29T22:10:00+00:00,2023-09-30T00:10:00+02:00,PVGIS UTC converted to Europe/Madrid; local HH:10 assigned to containing local clock hour,PVGIS 5.3 seriescalc
2025-09-30T01:00:00+02:00,1.0,0.0,0.0,0.0,2023,2023-09-29T23:10:00+00:00,2023-09-30T01:10:00+02:00,PVGIS UTC converted to Europe/Madrid; local HH:10 assigned to containing local clock hour,PVGIS 5.3 seriescalc
2025-09-30T02:00:00+02:00,1.0,0.0,0.0,0.0,2023,2023-09-30T00:10:00+00:00,2023-09-30T02:10:00+02:00,PVGIS UTC converted to Europe/Madrid; local HH:10 assigned to containing local clock hour,PVGIS 5.3 seriescalc
2025-09-30T03:00:00+02:00,1.0,0.0,0.0,0.0,2023,2023-09-30T01:10:00+00:00,2023-09-30T03:10:00+02:00,PVGIS UTC converted to Europe/Madrid; local HH:10 assigned to containing local clock hour,PVGIS 5.3 seriescalc
2025-09-30T04:00:00+02:00,1.0,0.0,0.0,0.0,2023,2023-09-30T02:10:00+00:00,2023-09-30T04:10:00+02:00,PVGIS UTC converted to Europe/Madrid; local HH:10 assigned to containing local clock hour,PVGIS 5.3 seriescalc
2025-09-30T05:00:00+02:00,1.0,0.0,0.0,0.0,2023,2023-09-30T03:10:00+00:00,2023-09-30T05:10:00+02:00,PVGIS UTC converted to Europe/Madrid; local HH:10 assigned to containing local clock hour,PVGIS 5.3 seriescalc
2025-09-30T06:00:00+02:00,1.0,0.0,0.0,0.0,2023,2023-09-30T04:10:00+00:00,2023-09-30T06:10:00+02:00,PVGIS UTC converted to Europe/Madrid; local HH:10 assigned to containing local clock hour,PVGIS 5.3 seriescalc
2025-09-30T07:00:00+02:00,1.0,0.0,0.0,0.0,2023,2023-09-30T05:10:00+00:00,2023-09-30T07:10:00+02:00,PVGIS UTC converted to Europe/Madrid; local HH:10 assigned to containing local clock hour,PVGIS 5.3 seriescalc
2025-09-30T08:00:00+02:00,1.0,0.0107,10.7,3.76,2023,2023-09-30T06:10:00+00:00,2023-09-30T08:10:00+02:00,PVGIS UTC converted to Europe/Madrid; local HH:10 assigned to containing local clock hour,PVGIS 5.3 seriescalc
2025-09-30T09:00:00+02:00,1.0,0.18983,189.83,14.75,2023,2023-09-30T07:10:00+00:00,2023-09-30T09:10:00+02:00,PVGIS UTC converted to Europe/Madrid; local HH:10 assigned to containing local clock hour,PVGIS 5.3 seriescalc
2025-09-30T10:00:00+02:00,1.0,0.39292,392.92,25.09,2023,2023-09-30T08:10:00+00:00,2023-09-30T10:10:00+02:00,PVGIS UTC converted to Europe/Madrid; local HH:10 assigned to containing local clock hour,PVGIS 5.3 seriescalc
2025-09-30T11:00:00+02:00,1.0,0.55076,550.76,34.24,2023,2023-09-30T09:10:00+00:00,2023-09-30T11:10:00+02:00,PVGIS UTC converted to Europe/Madrid; local HH:10 assigned to containing local clock hour,PVGIS 5.3 seriescalc
2025-09-30T12:00:00+02:00,1.0,0.66825,668.25,41.35,2023,2023-09-30T10:10:00+00:00,2023-09-30T12:10:00+02:00,PVGIS UTC converted to Europe/Madrid; local HH:10 assigned to containing local clock hour,PVGIS 5.3 seriescalc
2025-09-30T13:00:00+02:00,1.0,0.73077,730.77,45.36,2023,2023-09-30T11:10:00+00:00,2023-09-30T13:10:00+02:00,PVGIS UTC converted to Europe/Madrid; local HH:10 assigned to containing local clock hour,PVGIS 5.3 seriescalc
2025-09-30T14:00:00+02:00,1.0,0.7353099999999999,735.31,45.39,2023,2023-09-30T12:10:00+00:00,2023-09-30T14:10:00+02:00,PVGIS UTC converted to Europe/Madrid; local HH:10 assigned to containing local clock hour,PVGIS 5.3 seriescalc
2025-09-30T15:00:00+02:00,1.0,0.69831,698.31,41.41,2023,2023-09-30T13:10:00+00:00,2023-09-30T15:10:00+02:00,PVGIS UTC converted to Europe/Madrid; local HH:10 assigned to containing local clock hour,PVGIS 5.3 seriescalc
2025-09-30T16:00:00+02:00,1.0,0.56879,568.79,34.33,2023,2023-09-30T14:10:00+00:00,2023-09-30T16:10:00+02:00,PVGIS UTC converted to Europe/Madrid; local HH:10 assigned to containing local clock hour,PVGIS 5.3 seriescalc
2025-09-30T17:00:00+02:00,1.0,0.39408,394.08,25.2,2023,2023-09-30T15:10:00+00:00,2023-09-30T17:10:00+02:00,PVGIS UTC converted to Europe/Madrid; local HH:10 assigned to containing local clock hour,PVGIS 5.3 seriescalc
2025-09-30T18:00:00+02:00,1.0,0.19486,194.86,14.86,2023,2023-09-30T16:10:00+00:00,2023-09-30T18:10:00+02:00,PVGIS UTC converted to Europe/Madrid; local HH:10 assigned to containing local clock hour,PVGIS 5.3 seriescalc
2025-09-30T19:00:00+02:00,1.0,0.012580000000000001,12.58,3.87,2023,2023-09-30T17:10:00+00:00,2023-09-30T19:10:00+02:00,PVGIS UTC converted to Europe/Madrid; local HH:10 assigned to containing local clock hour,PVGIS 5.3 seriescalc
2025-09-30T20:00:00+02:00,1.0,0.0,0.0,0.0,2023,2023-09-30T18:10:00+00:00,2023-09-30T20:10:00+02:00,PVGIS UTC converted to Europe/Madrid; local HH:10 assigned to containing local clock hour,PVGIS 5.3 seriescalc
2025-09-30T21:00:00+02:00,1.0,0.0,0.0,0.0,2023,2023-09-30T19:10:00+00:00,2023-09-30T21:10:00+02:00,PVGIS UTC converted to Europe/Madrid; local HH:10 assigned to containing local clock hour,PVGIS 5.3 seriescalc
2025-09-30T22:00:00+02:00,1.0,0.0,0.0,0.0,2023,2023-09-30T20:10:00+00:00,2023-09-30T22:10:00+02:00,PVGIS UTC converted to Europe/Madrid; local HH:10 assigned to containing local clock hour,PVGIS 5.3 seriescalc
2025-09-30T23:00:00+02:00,1.0,0.0,0.0,0.0,2023,2023-09-30T21:10:00+00:00,2023-09-30T23:10:00+02:00,PVGIS UTC converted to Europe/Madrid; local HH:10 assigned to containing local clock hour,PVGIS 5.3 seriescalc
