timestamp,temperature_2m,relative_humidity_2m,precipitation,cloud_cover,wind_speed_10m,shortwave_radiation,direct_radiation,diffuse_radiation,day_type,base_day_type,is_weekend,daytime_occupancy_state,occupancy_state,away,away_event_id,guest_event,guest_event_id,household_departure,household_return,daily_stage3b_classification,indoor_temperature_c,effective_heating_target_c,effective_cooling_target_c,hvac_mode,ev1_home,ev2_home,ev1_home_fraction,ev2_home_fraction,refrigerator_kwh,smart_home_base_kwh,cooking_kwh,dishwasher_kwh,washer_kwh,dryer_kwh,electronics_kwh,phone_tablet_kwh,interior_lighting_kwh,exterior_security_lighting_kwh,stage3a_total_kwh,heating_kwh,cooling_kwh,hvac_kwh,ev1_charging_kwh,ev2_charging_kwh,ev_total_kwh,pool_circulation_kwh,pool_heating_kwh,sauna_kwh,stage3b_total_kwh,base_fixed_kwh,routine_behavior_kwh,ev_kwh,pool_kwh,household_total_kwh
2025-08-01T00:00:00+02:00,24.3,78,0.0,6,2.7,0.0,0.0,0.0,WD_HOME,WD_HOME,False,EMPTY,FULL,False,,False,,2025-08-01T08:34:23.829963+02:00,2025-08-01T17:00:38.630003+02:00,WD_HOME,22.3188748,21.253539692,23.384209909,off,True,True,1.0,1.0,0.065737476,0.130897257,0.0,0.0,0.0,0.0,0.0,0.0,0.324982315,0.081245579,0.602862627,0.0,0.0,0.0,0.0,0.0,0.0,0.0,0.0,0.0,0.0,0.196634733,0.406227894,0.0,0.0,0.602862627
2025-08-01T01:00:00+02:00,23.9,81,0.0,4,1.2,0.0,0.0,0.0,WD_HOME,WD_HOME,False,EMPTY,FULL,False,,False,,2025-08-01T08:34:23.829963+02:00,2025-08-01T17:00:38.630003+02:00,WD_HOME,22.649062333,21.253539692,23.384209909,off,True,True,1.0,1.0,0.067098604,0.130897257,0.0,0.0,0.0,0.0,0.0,0.0,0.324982315,0.081245579,0.604223755,0.0,0.0,0.0,0.0,0.0,0.0,0.0,0.0,0.0,0.0,0.197995861,0.406227894,0.0,0.0,0.604223755
2025-08-01T02:00:00+02:00,23.5,84,0.0,8,2.8,0.0,0.0,0.0,WD_HOME,WD_HOME,False,EMPTY,FULL,False,,False,,2025-08-01T08:34:23.829963+02:00,2025-08-01T17:00:38.630003+02:00,WD_HOME,22.857551945,21.253539692,23.384209909,off,True,True,1.0,1.0,0.068366975,0.130897257,0.0,0.0,0.0,0.0,0.0,0.0,0.324982315,0.081245579,0.605492126,0.0,0.0,0.0,0.0,0.0,0.0,0.0,0.0,0.0,0.0,0.199264232,0.406227894,0.0,0.0,0.605492126
2025-08-01T03:00:00+02:00,23.2,85,0.0,32,4.6,0.0,0.0,0.0,WD_HOME,WD_HOME,False,EMPTY,FULL,False,,False,,2025-08-01T08:34:23.829963+02:00,2025-08-01T17:00:38.630003+02:00,WD_HOME,22.96462662,21.253539692,23.384209909,off,True,True,1.0,1.0,0.069456149,0.130897257,0.0,0.0,0.0,0.0,0.0,0.0,0.324982315,0.081245579,0.6065813,0.0,0.0,0.0,0.0,0.0,0.0,0.0,0.0,0.0,0.0,0.200353406,0.406227894,0.0,0.0,0.6065813
2025-08-01T04:00:00+02:00,22.9,86,0.0,31,4.4,0.0,0.0,0.0,WD_HOME,WD_HOME,False,EMPTY,FULL,False,,False,,2025-08-01T08:34:23.829963+02:00,2025-08-01T17:00:38.630003+02:00,WD_HOME,23.003855517,21.253539692,23.384209909,off,True,True,1.0,1.0,0.070291902,0.130897257,0.0,0.0,0.0,0.0,0.0,0.0,0.324982315,0.081245579,0.607417053,0.0,0.0,0.0,0.0,0.0,0.0,0.0,0.0,0.0,0.0,0.201189159,0.406227894,0.0,0.0,0.607417053
2025-08-01T05:00:00+02:00,22.8,87,0.0,9,4.5,0.0,0.0,0.0,WD_HOME,WD_HOME,False,EMPTY,FULL,False,,False,,2025-08-01T08:34:23.829963+02:00,2025-08-01T17:00:38.630003+02:00,WD_HOME,22.986546264,21.253539692,23.384209909,off,True,True,1.0,1.0,0.070817278,0.130897257,0.0,0.0,0.0,0.0,0.0,0.0,0.324982315,0.081245579,0.607942429,0.0,0.0,0.0,0.0,0.0,0.0,0.0,0.0,0.0,0.0,0.201714535,0.406227894,0.0,0.0,0.607942429
2025-08-01T06:00:00+02:00,22.1,88,0.0,9,4.2,0.0,0.0,0.0,WD_HOME,WD_HOME,False,EMPTY,FULL,False,,False,,2025-08-01T08:34:23.829963+02:00,2025-08-01T17:00:38.630003+02:00,WD_HOME,22.95545522,21.253539692,23.384209909,off,True,True,1.0,1.0,0.070996474,0.130897257,0.0,0.0,0.0,0.0,0.0,0.0,0.324982315,0.081245579,0.608121625,0.0,0.0,0.0,0.0,0.0,0.0,0.0,0.0,0.0,0.0,0.201893731,0.406227894,0.0,0.0,0.608121625
2025-08-01T07:00:00+02:00,21.7,89,0.0,6,3.6,1.0,0.0,1.0,WD_HOME,WD_HOME,False,EMPTY,FULL,False,,False,,2025-08-01T08:34:23.829963+02:00,2025-08-01T17:00:38.630003+02:00,WD_HOME,22.81287935,21.253539692,23.384209909,off,True,True,1.0,1.0,0.070817278,0.130897257,0.0,0.0,0.0,0.0,0.0,0.0,0.0,0.0,0.201714535,0.0,0.0,0.0,0.0,0.0,0.0,0.0,0.0,0.0,0.0,0.201714535,0.0,0.0,0.0,0.201714535
2025-08-01T08:00:00+02:00,22.6,86,0.0,14,2.9,68.0,35.0,33.0,WD_HOME,WD_HOME,False,EMPTY,FULL,False,,False,,2025-08-01T08:34:23.829963+02:00,2025-08-01T17:00:38.630003+02:00,WD_HOME,22.627399458,21.253539692,23.384209909,off,True,True,1.0,0.804066552,0.070291902,0.130897257,0.0,0.0,0.0,0.0,0.0,0.0,0.0,0.0,0.201189159,0.0,0.0,0.0,0.0,0.0,0.0,0.346935892,0.0,0.0,0.346935892,0.201189159,0.0,0.0,0.346935892,0.548125051
2025-08-01T09:00:00+02:00,24.2,78,0.0,22,5.3,201.0,127.0,74.0,WD_HOME,WD_HOME,False,EMPTY,EMPTY,False,,False,,2025-08-01T08:34:23.829963+02:00,2025-08-01T17:00:38.630003+02:00,WD_HOME,22.622832882,20.253539692,24.384209909,off,True,False,1.0,0.0,0.069456149,0.130897257,0.0,0.0,0.0,0.0,0.0,0.0,0.0,0.0,0.200353406,0.0,0.0,0.0,0.0,0.0,0.0,0.880530278,0.0,0.0,0.880530278,0.200353406,0.0,0.0,0.880530278,1.080883684
2025-08-01T10:00:00+02:00,25.2,75,0.0,19,7.6,349.0,238.0,111.0,WD_HOME,WD_HOME,False,EMPTY,EMPTY,False,,False,,2025-08-01T08:34:23.829963+02:00,2025-08-01T17:00:38.630003+02:00,WD_HOME,22.885694068,20.253539692,24.384209909,off,True,False,1.0,0.0,0.068366975,0.130897257,0.0,0.0,0.0,0.0,0.0,0.0,0.0,0.0,0.199264232,0.0,0.0,0.0,0.0,0.0,0.0,0.880530278,0.0,0.0,0.880530278,0.199264232,0.0,0.0,0.880530278,1.079794510
2025-08-01T11:00:00+02:00,26.1,69,0.0,35,8.5,462.0,322.0,140.0,WD_HOME,WD_HOME,False,EMPTY,EMPTY,False,,False,,2025-08-01T08:34:23.829963+02:00,2025-08-01T17:00:38.630003+02:00,WD_HOME,23.271411724,20.253539692,24.384209909,off,True,False,1.0,0.0,0.067098604,0.130897257,0.0,0.0,0.0,0.0,0.0,0.0,0.0,0.0,0.197995861,0.0,0.0,0.0,0.0,0.0,0.0,0.880530278,0.0,0.0,0.880530278,0.197995861,0.0,0.0,0.880530278,1.078526139
2025-08-01T12:00:00+02:00,26.9,68,0.1,32,8.4,653.0,522.0,131.0,WD_HOME,WD_HOME,False,EMPTY,EMPTY,False,,False,,2025-08-01T08:34:23.829963+02:00,2025-08-01T17:00:38.630003+02:00,WD_HOME,23.742843103,20.253539692,24.384209909,off,True,False,1.0,0.0,0.065737476,0.130897257,0.0,0.0,0.0,0.0,0.0,0.0,0.0,0.0,0.196634733,0.0,0.0,0.0,0.0,0.0,0.0,0.880530278,0.0,0.0,0.880530278,0.196634733,0.0,0.0,0.880530278,1.077165011
2025-08-01T13:00:00+02:00,27.2,69,0.1,31,9.9,692.0,519.0,173.0,WD_HOME,WD_HOME,False,EMPTY,EMPTY,False,,False,,2025-08-01T08:34:23.829963+02:00,2025-08-01T17:00:38.630003+02:00,WD_HOME,24.269035919,20.253539692,24.384209909,off,True,False,1.0,0.0,0.064376347,0.130897257,0.0,0.0,0.0,0.0,0.0,0.0,0.0,0.0,0.195273604,0.0,0.0,0.0,0.0,0.0,0.0,0.383743758,0.0,0.0,0.383743758,0.195273604,0.0,0.0,0.383743758,0.579017362
2025-08-01T14:00:00+02:00,27.2,69,0.1,50,13.2,738.0,485.0,253.0,WD_HOME,WD_HOME,False,EMPTY,EMPTY,False,,False,,2025-08-01T08:34:23.829963+02:00,2025-08-01T17:00:38.630003+02:00,WD_HOME,24.757529933,20.253539692,24.384209909,off,True,False,1.0,0.0,0.063107977,0.130897257,0.0,0.0,0.0,0.0,0.0,0.0,0.0,0.0,0.194005234,0.0,0.0,0.0,0.0,0.0,0.0,0.0,0.0,0.0,0.0,0.194005234,0.0,0.0,0.0,0.194005234
2025-08-01T15:00:00+02:00,26.8,72,0.1,70,13.0,646.0,403.0,243.0,WD_HOME,WD_HOME,False,EMPTY,EMPTY,False,,False,,2025-08-01T08:34:23.829963+02:00,2025-08-01T17:00:38.630003+02:00,WD_HOME,25.164608277,20.253539692,24.384209909,cool,True,False,1.0,0.0,0.062018802,0.130897257,0.0,0.0,0.0,0.0,0.0,0.0,0.0,0.0,0.192916059,0.0,1.40039609,1.40039609,0.0,0.0,0.0,0.0,0.0,0.0,1.40039609,0.192916059,0.0,0.0,0.0,1.593312149
2025-08-01T16:00:00+02:00,26.8,72,0.1,40,15.0,633.0,464.0,169.0,WD_HOME,WD_HOME,False,EMPTY,EMPTY,False,,False,,2025-08-01T08:34:23.829963+02:00,2025-08-01T17:00:38.630003+02:00,WD_HOME,24.437173564,20.253539692,24.384209909,cool,True,True,1.0,0.118028858,0.06118305,0.130897257,0.0,0.0,0.0,0.0,0.0,0.0,0.0,0.0,0.192080307,0.0,1.40039609,1.40039609,0.0,0.0,0.0,0.522267461,0.0,0.0,1.922663552,0.192080307,0.0,0.0,0.522267461,2.114743859
2025-08-01T17:00:00+02:00,26.9,71,0.0,36,15.1,589.0,450.0,139.0,WD_HOME,WD_HOME,False,EMPTY,FULL,False,,False,,2025-08-01T08:34:23.829963+02:00,2025-08-01T17:00:38.630003+02:00,WD_HOME,23.83097797,21.253539692,23.384209909,cool,True,True,1.0,1.0,0.060657674,0.130897257,0.0,0.0,0.0,0.0,0.0,0.0,0.0,0.0,0.191554931,0.0,1.40039609,1.40039609,0.0,2.288614083,2.288614083,0.880530278,0.0,0.0,4.569540451,0.191554931,0.0,2.288614083,0.880530278,4.761095382
2025-08-01T18:00:00+02:00,26.8,70,0.0,45,13.8,423.0,246.0,177.0,WD_HOME,WD_HOME,False,EMPTY,FULL,False,,False,,2025-08-01T08:34:23.829963+02:00,2025-08-01T17:00:38.630003+02:00,WD_HOME,23.342481642,21.253539692,23.384209909,off,True,True,1.0,1.0,0.060478478,0.130897257,0.32125982,0.0,0.0,0.0,0.0,0.016942348,0.0,0.0,0.529577903,0.0,0.0,0.0,0.0,7.4,7.4,0.880530278,0.0,0.0,8.280530278,0.191375735,0.338202168,7.4,0.880530278,8.810108181
2025-08-01T19:00:00+02:00,26.0,75,0.1,30,10.5,306.0,204.0,102.0,WD_HOME,WD_HOME,False,EMPTY,FULL,False,,False,,2025-08-01T08:34:23.829963+02:00,2025-08-01T17:00:38.630003+02:00,WD_HOME,23.918734702,21.253539692,23.384209909,cool,True,True,1.0,1.0,0.060657674,0.130897257,1.043935148,0.0,0.0,0.0,0.0,0.0,0.0,0.0,1.235490079,0.0,1.40039609,1.40039609,0.0,2.229424936,2.229424936,0.550999454,0.0,0.0,4.18082048,0.191554931,1.043935148,2.229424936,0.550999454,5.416310559
2025-08-01T20:00:00+02:00,25.3,79,0.2,17,8.8,116.0,63.0,53.0,WD_HOME,WD_HOME,False,EMPTY,FULL,False,,False,,2025-08-01T08:34:23.829963+02:00,2025-08-01T17:00:38.630003+02:00,WD_HOME,23.265612251,21.253539692,23.384209909,off,True,True,1.0,1.0,0.06118305,0.130897257,0.0,0.0,0.0,0.0,0.0,0.0,0.0,0.0,0.192080307,0.0,0.0,0.0,0.0,0.0,0.0,0.0,0.0,0.0,0.0,0.192080307,0.0,0.0,0.0,0.192080307
2025-08-01T21:00:00+02:00,24.8,80,0.0,99,6.1,46.0,21.0,25.0,WD_HOME,WD_HOME,False,EMPTY,FULL,False,,False,,2025-08-01T08:34:23.829963+02:00,2025-08-01T17:00:38.630003+02:00,WD_HOME,23.604676876,21.253539692,23.384209909,off,True,True,1.0,1.0,0.062018802,0.130897257,0.0,0.0,0.0,0.0,0.0,0.0,0.0,0.0,0.192916059,0.0,0.0,0.0,0.0,0.0,0.0,0.0,0.0,0.0,0.0,0.192916059,0.0,0.0,0.0,0.192916059
2025-08-01T22:00:00+02:00,24.4,83,0.0,99,4.7,0.0,0.0,0.0,WD_HOME,WD_HOME,False,EMPTY,FULL,False,,False,,2025-08-01T08:34:23.829963+02:00,2025-08-01T17:00:38.630003+02:00,WD_HOME,23.803897397,21.253539692,23.384209909,off,True,True,1.0,1.0,0.063107977,0.130897257,0.0,0.0,0.0,0.0,0.0,0.006999054,0.324982315,0.081245579,0.607232182,0.0,0.0,0.0,0.0,0.0,0.0,0.0,0.0,0.0,0.0,0.194005234,0.413226948,0.0,0.0,0.607232182
2025-08-01T23:00:00+02:00,24.4,83,0.0,90,4.3,0.0,0.0,0.0,WD_HOME,WD_HOME,False,EMPTY,FULL,False,,False,,2025-08-01T08:34:23.829963+02:00,2025-08-01T17:00:38.630003+02:00,WD_HOME,23.903247831,21.253539692,23.384209909,cool,True,True,1.0,1.0,0.064376347,0.130897257,0.0,0.0,0.0,0.0,0.0,0.01367957,0.324982315,0.081245579,0.615181068,0.0,1.40039609,1.40039609,0.0,0.0,0.0,0.0,0.0,0.0,1.40039609,0.195273604,0.419907464,0.0,0.0,2.015577158
2025-08-02T00:00:00+02:00,23.4,89,0.0,70,4.0,0.0,0.0,0.0,WE_HOME,WE_HOME,True,FULL,FULL,False,,False,,,,WE_HOME,22.986039859,20.893786814,23.024457031,off,True,True,1.0,1.0,0.065737476,0.130897257,0.0,0.0,0.0,0.0,0.0,0.0,0.324982315,0.081245579,0.602862627,0.0,0.0,0.0,0.0,0.0,0.0,0.0,0.0,0.0,0.0,0.196634733,0.406227894,0.0,0.0,0.602862627
2025-08-02T01:00:00+02:00,24.1,85,0.0,52,3.8,0.0,0.0,0.0,WE_HOME,WE_HOME,True,FULL,FULL,False,,False,,,,WE_HOME,23.055033216,20.893786814,23.024457031,off,True,True,1.0,1.0,0.067098604,0.130897257,0.0,0.0,0.0,0.0,0.0,0.0,0.324982315,0.081245579,0.604223755,0.0,0.0,0.0,0.0,0.0,0.0,0.0,0.0,0.0,0.0,0.197995861,0.406227894,0.0,0.0,0.604223755
2025-08-02T02:00:00+02:00,23.8,87,0.0,29,3.5,0.0,0.0,0.0,WE_HOME,WE_HOME,True,FULL,FULL,False,,False,,,,WE_HOME,23.229194346,20.893786814,23.024457031,off,True,True,1.0,1.0,0.068366975,0.130897257,0.0,0.0,0.0,0.0,0.0,0.0,0.324982315,0.081245579,0.605492126,0.0,0.0,0.0,0.0,0.0,0.0,0.0,0.0,0.0,0.0,0.199264232,0.406227894,0.0,0.0,0.605492126
2025-08-02T03:00:00+02:00,23.4,89,0.0,18,4.6,0.0,0.0,0.0,WE_HOME,WE_HOME,True,FULL,FULL,False,,False,,,,WE_HOME,23.324328622,20.893786814,23.024457031,off,True,True,1.0,1.0,0.069456149,0.130897257,0.0,0.0,0.0,0.0,0.0,0.0,0.324982315,0.081245579,0.6065813,0.0,0.0,0.0,0.0,0.0,0.0,0.0,0.0,0.0,0.0,0.200353406,0.406227894,0.0,0.0,0.6065813
2025-08-02T04:00:00+02:00,23.2,92,0.0,8,4.9,0.0,0.0,0.0,WE_HOME,WE_HOME,True,FULL,FULL,False,,False,,,,WE_HOME,23.336940518,20.893786814,23.024457031,off,True,True,1.0,1.0,0.070291902,0.130897257,0.0,0.0,0.0,0.0,0.0,0.0,0.324982315,0.081245579,0.607417053,0.0,0.0,0.0,0.0,0.0,0.0,0.0,0.0,0.0,0.0,0.201189159,0.406227894,0.0,0.0,0.607417053
2025-08-02T05:00:00+02:00,22.4,94,0.2,14,5.4,0.0,0.0,0.0,WE_HOME,WE_HOME,True,FULL,FULL,False,,False,,,,WE_HOME,23.314117099,20.893786814,23.024457031,off,True,True,1.0,1.0,0.070817278,0.130897257,0.0,0.0,0.0,0.0,0.0,0.0,0.324982315,0.081245579,0.607942429,0.0,0.0,0.0,0.0,0.0,0.0,0.0,0.0,0.0,0.0,0.201714535,0.406227894,0.0,0.0,0.607942429
2025-08-02T06:00:00+02:00,22.3,93,0.1,57,4.3,0.0,0.0,0.0,WE_HOME,WE_HOME,True,FULL,FULL,False,,False,,,,WE_HOME,23.161764249,20.893786814,23.024457031,off,True,True,1.0,1.0,0.070996474,0.130897257,0.0,0.0,0.0,0.0,0.0,0.0,0.324982315,0.081245579,0.608121625,0.0,0.0,0.0,0.0,0.0,0.0,0.0,0.0,0.0,0.0,0.201893731,0.406227894,0.0,0.0,0.608121625
2025-08-02T07:00:00+02:00,22.3,92,0.3,98,5.0,0.0,0.0,0.0,WE_HOME,WE_HOME,True,FULL,FULL,False,,False,,,,WE_HOME,23.018136874,20.893786814,23.024457031,off,True,True,1.0,1.0,0.070817278,0.130897257,0.0,0.0,0.0,0.0,0.0,0.0,0.324982315,0.081245579,0.607942429,0.0,0.0,0.0,0.0,0.0,0.0,0.0,0.0,0.0,0.0,0.201714535,0.406227894,0.0,0.0,0.607942429
2025-08-02T08:00:00+02:00,22.9,88,0.3,86,6.7,34.0,12.0,22.0,WE_HOME,WE_HOME,True,FULL,FULL,False,,False,,,,WE_HOME,22.898447395,20.893786814,23.024457031,off,True,True,1.0,1.0,0.070291902,0.130897257,0.0,0.0,0.0,0.0,0.0,0.0,0.0,0.0,0.201189159,0.0,0.0,0.0,0.0,0.0,0.0,0.659310043,0.0,0.0,0.659310043,0.201189159,0.0,0.0,0.659310043,0.860499202
2025-08-02T09:00:00+02:00,23.9,85,0.4,87,8.1,107.0,36.0,71.0,WE_HOME,WE_HOME,True,FULL,FULL,False,,False,,,,WE_HOME,22.898706163,20.893786814,23.024457031,off,True,True,0.325195611,1.0,0.069456149,0.130897257,0.0,0.0,0.0,0.0,0.0,0.0,0.0,0.0,0.200353406,0.0,0.0,0.0,0.0,0.0,0.0,0.880530278,0.0,0.0,0.880530278,0.200353406,0.0,0.0,0.880530278,1.080883684
2025-08-02T10:00:00+02:00,24.5,84,0.4,92,10.7,171.0,46.0,125.0,WE_HOME,WE_HOME,True,FULL,FULL,False,,False,,,,WE_HOME,23.065588469,20.893786814,23.024457031,off,False,True,0.0,1.0,0.068366975,0.130897257,0.0,0.0,0.0,0.0,0.0,0.0,0.0,0.0,0.199264232,0.0,0.0,0.0,0.0,0.0,0.0,0.880530278,0.0,0.0,0.880530278,0.199264232,0.0,0.0,0.880530278,1.079794510
2025-08-02T11:00:00+02:00,24.6,83,0.3,92,12.5,393.0,202.0,191.0,WE_HOME,WE_HOME,True,FULL,FULL,False,,False,,,,WE_HOME,23.304657057,20.893786814,23.024457031,off,False,True,0.0,1.0,0.067098604,0.130897257,0.0,0.0,0.0,0.0,0.0,0.0,0.0,0.0,0.197995861,0.0,0.0,0.0,0.0,0.0,0.0,0.880530278,0.0,0.0,0.880530278,0.197995861,0.0,0.0,0.880530278,1.078526139
2025-08-02T12:00:00+02:00,25.1,81,0.4,69,15.0,416.0,171.0,245.0,WE_HOME,WE_HOME,True,FULL,FULL,False,,False,,,,WE_HOME,23.520547548,20.893786814,23.024457031,off,False,True,0.0,1.0,0.065737476,0.130897257,0.0,0.0,0.0,0.0,0.0,0.0,0.0,0.0,0.196634733,0.0,0.0,0.0,0.0,0.0,0.0,0.880530278,0.0,0.0,0.880530278,0.196634733,0.0,0.0,0.880530278,1.077165011
2025-08-02T13:00:00+02:00,25.4,80,0.3,65,15.1,568.0,336.0,232.0,WE_HOME,WE_HOME,True,FULL,FULL,False,,False,,,,WE_HOME,23.783789623,20.893786814,23.024457031,cool,False,True,0.0,1.0,0.064376347,0.130897257,0.0,0.0,0.0,0.0,0.0,0.0,0.0,0.0,0.195273604,0.0,1.40039609,1.40039609,0.0,0.0,0.0,0.880530278,0.0,0.0,2.280926369,0.195273604,0.0,0.0,0.880530278,2.476199973
2025-08-02T14:00:00+02:00,25.5,80,0.4,65,14.5,572.0,323.0,249.0,WE_HOME,WE_HOME,True,FULL,FULL,False,,False,,,,WE_HOME,23.053158019,20.893786814,23.024457031,cool,False,True,0.0,1.0,0.063107977,0.130897257,0.0,0.0,0.0,0.0,0.0,0.0,0.0,0.0,0.194005234,0.0,1.40039609,1.40039609,0.0,0.0,0.0,0.880530278,0.0,0.0,2.280926369,0.194005234,0.0,0.0,0.880530278,2.474931603
2025-08-02T15:00:00+02:00,25.4,80,0.3,84,14.0,578.0,356.0,222.0,WE_HOME,WE_HOME,True,FULL,FULL,False,,False,,,,WE_HOME,22.460965016,20.893786814,23.024457031,off,False,True,0.0,1.0,0.062018802,0.130897257,0.0,0.0,0.0,0.0,0.0,0.0,0.0,0.0,0.192916059,0.0,0.0,0.0,0.0,0.0,0.0,0.880530278,0.0,0.0,0.880530278,0.192916059,0.0,0.0,0.880530278,1.073446337
2025-08-02T16:00:00+02:00,25.4,80,0.2,84,13.2,612.0,425.0,187.0,WE_HOME,WE_HOME,True,FULL,FULL,False,,False,,,,WE_HOME,22.95080418,20.893786814,23.024457031,off,False,True,0.0,1.0,0.06118305,0.130897257,0.0,0.0,0.0,0.0,0.0,0.0,0.0,0.0,0.192080307,0.0,0.0,0.0,0.0,0.0,0.0,0.337945303,0.0,0.0,0.337945303,0.192080307,0.0,0.0,0.337945303,0.530025610
2025-08-02T17:00:00+02:00,25.4,79,0.1,61,13.7,534.0,376.0,158.0,WE_HOME,WE_HOME,True,FULL,FULL,False,,False,,,,WE_HOME,23.359003483,20.893786814,23.024457031,off,True,True,0.013816969,1.0,0.060657674,0.130897257,0.0,0.0,0.0,0.0,0.0,0.0,0.0,0.0,0.191554931,0.0,0.0,0.0,0.0,0.0,0.0,0.0,0.0,0.0,0.0,0.191554931,0.0,0.0,0.0,0.191554931
2025-08-02T18:00:00+02:00,25.5,78,0.1,33,13.6,395.0,231.0,164.0,WE_HOME,WE_HOME,True,FULL,FULL,False,,False,,,,WE_HOME,23.699169569,20.893786814,23.024457031,cool,True,True,1.0,1.0,0.060478478,0.130897257,0.0,0.0,0.0,0.0,0.0,0.0,0.0,0.0,0.191375735,0.0,1.40039609,1.40039609,6.094548195,0.0,6.094548195,0.0,0.0,0.0,7.494944285,0.191375735,0.0,6.094548195,0.0,7.686320020
2025-08-02T19:00:00+02:00,25.6,76,0.0,38,13.0,293.0,187.0,106.0,WE_HOME,WE_HOME,True,FULL,FULL,False,,False,,,,WE_HOME,22.999307975,20.893786814,23.024457031,off,True,True,1.0,1.0,0.060657674,0.130897257,0.965381102,0.0,0.0,0.0,0.087347981,0.0,0.0,0.0,1.244284014,0.0,0.0,0.0,2.571949379,0.0,2.571949379,0.0,0.0,0.0,2.571949379,0.191554931,1.052729083,2.571949379,0.0,3.816233393
2025-08-02T20:00:00+02:00,25.1,77,0.0,37,12.0,132.0,73.0,59.0,WE_HOME,WE_HOME,True,FULL,FULL,False,,False,,,,WE_HOME,23.432756645,20.893786814,23.024457031,off,True,True,1.0,1.0,0.06118305,0.130897257,1.444140116,0.0,0.0,0.0,0.179430887,0.0,0.0,0.0,1.81565131,0.0,0.0,0.0,0.0,0.0,0.0,0.0,0.0,0.0,0.0,0.192080307,1.623571003,0.0,0.0,1.81565131
2025-08-02T21:00:00+02:00,24.5,81,0.0,32,9.9,38.0,17.0,21.0,WE_HOME,WE_HOME,True,FULL,FULL,False,,False,,,,WE_HOME,23.710630538,20.893786814,23.024457031,cool,True,True,1.0,1.0,0.062018802,0.130897257,0.0,0.0,0.0,0.0,0.0,0.0,0.0,0.0,0.192916059,0.0,1.40039609,1.40039609,0.0,0.0,0.0,0.0,0.0,0.0,1.40039609,0.192916059,0.0,0.0,0.0,1.593312149
2025-08-02T22:00:00+02:00,24.3,83,0.0,31,8.6,0.0,0.0,0.0,WE_HOME,WE_HOME,True,FULL,FULL,False,,False,,,,WE_HOME,22.842192115,20.893786814,23.024457031,off,True,True,1.0,1.0,0.063107977,0.130897257,0.0,0.0,0.0,0.0,0.0,0.007842095,0.324982315,0.081245579,0.608075223,0.0,0.0,0.0,0.0,0.0,0.0,0.0,0.0,0.0,0.0,0.194005234,0.414069989,0.0,0.0,0.608075223
2025-08-02T23:00:00+02:00,24.0,85,0.0,23,8.3,0.0,0.0,0.0,WE_HOME,WE_HOME,True,FULL,FULL,False,,False,,,,WE_HOME,23.085160096,20.893786814,23.024457031,off,True,True,1.0,1.0,0.064376347,0.130897257,0.0,0.0,0.0,0.0,0.0,0.016514512,0.324982315,0.081245579,0.61801601,0.0,0.0,0.0,0.0,0.0,0.0,0.0,0.0,0.0,0.0,0.195273604,0.422742406,0.0,0.0,0.61801601
2025-08-03T00:00:00+02:00,23.4,89,0.0,74,6.0,0.0,0.0,0.0,WE_HOME,WE_HOME,True,PARTIAL,FULL,False,,False,,2025-08-03T11:25:51.883009+02:00,2025-08-03T15:20:51.248803+02:00,WE_HOME,23.237633413,21.460865027,23.591535243,off,True,True,1.0,1.0,0.065737476,0.130897257,0.0,0.0,0.0,0.0,0.0,0.0,0.324982315,0.081245579,0.602862627,0.0,0.0,0.0,0.0,0.0,0.0,0.0,0.0,0.0,0.0,0.196634733,0.406227894,0.0,0.0,0.602862627
2025-08-03T01:00:00+02:00,23.0,90,0.0,90,7.4,0.0,0.0,0.0,WE_HOME,WE_HOME,True,PARTIAL,FULL,False,,False,,2025-08-03T11:25:51.883009+02:00,2025-08-03T15:20:51.248803+02:00,WE_HOME,23.264694511,21.460865027,23.591535243,off,True,True,1.0,1.0,0.067098604,0.130897257,0.0,0.0,0.0,0.0,0.0,0.0,0.324982315,0.081245579,0.604223755,0.0,0.0,0.0,0.0,0.0,0.0,0.0,0.0,0.0,0.0,0.197995861,0.406227894,0.0,0.0,0.604223755
2025-08-03T02:00:00+02:00,22.6,91,0.0,83,5.9,0.0,0.0,0.0,WE_HOME,WE_HOME,True,PARTIAL,FULL,False,,False,,2025-08-03T11:25:51.883009+02:00,2025-08-03T15:20:51.248803+02:00,WE_HOME,23.220578759,21.460865027,23.591535243,off,True,True,1.0,1.0,0.068366975,0.130897257,0.0,0.0,0.0,0.0,0.0,0.0,0.324982315,0.081245579,0.605492126,0.0,0.0,0.0,0.0,0.0,0.0,0.0,0.0,0.0,0.0,0.199264232,0.406227894,0.0,0.0,0.605492126
2025-08-03T03:00:00+02:00,22.2,91,0.1,48,4.4,0.0,0.0,0.0,WE_HOME,WE_HOME,True,PARTIAL,FULL,False,,False,,2025-08-03T11:25:51.883009+02:00,2025-08-03T15:20:51.248803+02:00,WE_HOME,23.117148966,21.460865027,23.591535243,off,True,True,1.0,1.0,0.069456149,0.130897257,0.0,0.0,0.0,0.0,0.0,0.0,0.324982315,0.081245579,0.6065813,0.0,0.0,0.0,0.0,0.0,0.0,0.0,0.0,0.0,0.0,0.200353406,0.406227894,0.0,0.0,0.6065813
2025-08-03T04:00:00+02:00,22.0,92,0.1,79,4.0,0.0,0.0,0.0,WE_HOME,WE_HOME,True,PARTIAL,FULL,False,,False,,2025-08-03T11:25:51.883009+02:00,2025-08-03T15:20:51.248803+02:00,WE_HOME,22.964290805,21.460865027,23.591535243,off,True,True,1.0,1.0,0.070291902,0.130897257,0.0,0.0,0.0,0.0,0.0,0.0,0.324982315,0.081245579,0.607417053,0.0,0.0,0.0,0.0,0.0,0.0,0.0,0.0,0.0,0.0,0.201189159,0.406227894,0.0,0.0,0.607417053
2025-08-03T05:00:00+02:00,21.5,91,0.1,98,5.9,0.0,0.0,0.0,WE_HOME,WE_HOME,True,PARTIAL,FULL,False,,False,,2025-08-03T11:25:51.883009+02:00,2025-08-03T15:20:51.248803+02:00,WE_HOME,22.803575671,21.460865027,23.591535243,off,True,True,1.0,1.0,0.070817278,0.130897257,0.0,0.0,0.0,0.0,0.0,0.0,0.324982315,0.081245579,0.607942429,0.0,0.0,0.0,0.0,0.0,0.0,0.0,0.0,0.0,0.0,0.201714535,0.406227894,0.0,0.0,0.607942429
2025-08-03T06:00:00+02:00,21.6,87,0.2,99,8.3,0.0,0.0,0.0,WE_HOME,WE_HOME,True,PARTIAL,FULL,False,,False,,2025-08-03T11:25:51.883009+02:00,2025-08-03T15:20:51.248803+02:00,WE_HOME,22.586313059,21.460865027,23.591535243,off,True,True,1.0,1.0,0.070996474,0.130897257,0.0,0.0,0.0,0.0,0.0,0.0,0.324982315,0.081245579,0.608121625,0.0,0.0,0.0,0.0,0.0,0.0,0.290626899,0.0,0.0,0.290626899,0.201893731,0.406227894,0.0,0.290626899,0.898748524
2025-08-03T07:00:00+02:00,21.6,84,0.0,80,10.9,0.0,0.0,0.0,WE_HOME,WE_HOME,True,PARTIAL,FULL,False,,False,,2025-08-03T11:25:51.883009+02:00,2025-08-03T15:20:51.248803+02:00,WE_HOME,22.421927549,21.460865027,23.591535243,off,True,True,1.0,1.0,0.070817278,0.130897257,0.0,0.0,0.0,0.0,0.0,0.0,0.324982315,0.081245579,0.607942429,0.0,0.0,0.0,0.0,0.0,0.0,0.880530278,0.0,0.0,0.880530278,0.201714535,0.406227894,0.0,0.880530278,1.488472707
2025-08-03T08:00:00+02:00,22.3,79,0.0,76,11.7,39.0,17.0,22.0,WE_HOME,WE_HOME,True,PARTIAL,FULL,False,,False,,2025-08-03T11:25:51.883009+02:00,2025-08-03T15:20:51.248803+02:00,WE_HOME,22.284939624,21.460865027,23.591535243,off,True,True,1.0,1.0,0.070291902,0.130897257,0.0,0.0,0.0,0.0,0.0,0.0,0.0,0.0,0.201189159,0.0,0.0,0.0,0.0,0.0,0.0,0.880530278,0.0,0.0,0.880530278,0.201189159,0.0,0.0,0.880530278,1.081719437
2025-08-03T09:00:00+02:00,23.6,70,0.0,76,11.7,83.0,23.0,60.0,WE_HOME,WE_HOME,True,PARTIAL,FULL,False,,False,,2025-08-03T11:25:51.883009+02:00,2025-08-03T15:20:51.248803+02:00,WE_HOME,22.287449687,21.460865027,23.591535243,off,True,True,1.0,1.0,0.069456149,0.130897257,0.0,0.0,0.0,0.0,0.0,0.0,0.0,0.0,0.200353406,0.0,0.0,0.0,0.0,0.0,0.0,0.880530278,0.0,0.0,0.880530278,0.200353406,0.0,0.0,0.880530278,1.080883684
2025-08-03T10:00:00+02:00,24.1,64,0.0,92,10.7,118.0,24.0,94.0,WE_HOME,WE_HOME,True,PARTIAL,FULL,False,,False,,2025-08-03T11:25:51.883009+02:00,2025-08-03T15:20:51.248803+02:00,WE_HOME,22.506208072,21.460865027,23.591535243,off,True,True,1.0,1.0,0.068366975,0.130897257,0.0,0.0,0.0,0.0,0.0,0.0,0.0,0.0,0.199264232,0.0,0.0,0.0,0.0,0.0,0.0,0.880530278,0.0,0.0,0.880530278,0.199264232,0.0,0.0,0.880530278,1.079794510
2025-08-03T11:00:00+02:00,24.5,59,0.1,93,8.1,263.0,123.0,140.0,WE_HOME,WE_HOME,True,PARTIAL,PARTIAL,False,,False,,2025-08-03T11:25:51.883009+02:00,2025-08-03T15:20:51.248803+02:00,WE_HOME,22.77184006,21.460865027,23.591535243,off,True,True,1.0,1.0,0.067098604,0.130897257,0.0,0.0,0.0,0.0,0.0,0.0,0.0,0.0,0.197995861,0.0,0.0,0.0,0.0,0.0,0.0,0.880530278,0.0,0.0,0.880530278,0.197995861,0.0,0.0,0.880530278,1.078526139
2025-08-03T12:00:00+02:00,24.4,62,0.0,81,2.5,232.0,47.0,185.0,WE_HOME,WE_HOME,True,PARTIAL,PARTIAL,False,,False,,2025-08-03T11:25:51.883009+02:00,2025-08-03T15:20:51.248803+02:00,WE_HOME,23.059866717,21.460865027,23.591535243,off,True,True,1.0,1.0,0.065737476,0.130897257,0.0,0.0,0.0,0.0,0.0,0.0,0.0,0.0,0.196634733,0.0,0.0,0.0,0.0,0.0,0.0,0.027953737,0.0,0.0,0.027953737,0.196634733,0.0,0.0,0.027953737,0.224588470
2025-08-03T13:00:00+02:00,24.7,62,0.0,74,5.6,309.0,79.0,230.0,WE_HOME,WE_HOME,True,PARTIAL,PARTIAL,False,,False,,2025-08-03T11:25:51.883009+02:00,2025-08-03T15:20:51.248803+02:00,WE_HOME,23.283222264,21.460865027,23.591535243,off,True,True,1.0,1.0,0.064376347,0.130897257,0.0,0.0,0.0,0.0,0.0,0.0,0.0,0.0,0.195273604,0.0,0.0,0.0,0.0,0.0,0.0,0.0,0.0,0.0,0.0,0.195273604,0.0,0.0,0.0,0.195273604
2025-08-03T14:00:00+02:00,25.2,61,0.0,55,9.2,504.0,226.0,278.0,WE_HOME,WE_HOME,True,PARTIAL,PARTIAL,False,,False,,2025-08-03T11:25:51.883009+02:00,2025-08-03T15:20:51.248803+02:00,WE_HOME,23.519351887,21.460865027,23.591535243,off,True,True,1.0,1.0,0.063107977,0.130897257,0.0,0.0,0.0,0.0,0.0,0.0,0.0,0.0,0.194005234,0.0,0.0,0.0,0.0,0.0,0.0,0.0,0.0,0.0,0.0,0.194005234,0.0,0.0,0.0,0.194005234
2025-08-03T15:00:00+02:00,26.0,60,0.0,71,11.2,590.0,380.0,210.0,WE_HOME,WE_HOME,True,PARTIAL,FULL,False,,False,,2025-08-03T11:25:51.883009+02:00,2025-08-03T15:20:51.248803+02:00,WE_HOME,23.799459906,21.460865027,23.591535243,off,True,True,1.0,1.0,0.062018802,0.130897257,0.0,0.0,0.0,0.0,0.0,0.0,0.0,0.0,0.192916059,0.0,0.0,0.0,0.0,0.0,0.0,0.666027569,0.0,0.0,0.666027569,0.192916059,0.0,0.0,0.666027569,0.858943628
2025-08-03T16:00:00+02:00,26.5,59,0.0,31,12.5,585.0,345.0,240.0,WE_HOME,WE_HOME,True,PARTIAL,FULL,False,,False,,2025-08-03T11:25:51.883009+02:00,2025-08-03T15:20:51.248803+02:00,WE_HOME,24.166216588,21.460865027,23.591535243,cool,True,True,1.0,1.0,0.06118305,0.130897257,0.0,0.0,0.0,0.0,0.0,0.0,0.0,0.0,0.192080307,0.0,1.40039609,1.40039609,0.0,0.0,0.0,0.880530278,0.0,0.0,2.280926369,0.192080307,0.0,0.0,0.880530278,2.473006676
2025-08-03T17:00:00+02:00,26.6,59,0.0,15,13.8,600.0,428.0,172.0,WE_HOME,WE_HOME,True,PARTIAL,FULL,False,,False,,2025-08-03T11:25:51.883009+02:00,2025-08-03T15:20:51.248803+02:00,WE_HOME,23.55518049,21.460865027,23.591535243,off,True,True,1.0,1.0,0.060657674,0.130897257,0.0,0.0,0.0,0.0,0.0,0.0,0.0,0.0,0.191554931,0.0,0.0,0.0,0.0,0.0,0.0,0.674869936,0.0,0.0,0.674869936,0.191554931,0.0,0.0,0.674869936,0.866424867
2025-08-03T18:00:00+02:00,26.5,60,0.0,7,13.3,481.0,322.0,159.0,WE_HOME,WE_HOME,True,PARTIAL,FULL,False,,False,,2025-08-03T11:25:51.883009+02:00,2025-08-03T15:20:51.248803+02:00,WE_HOME,24.062650408,21.460865027,23.591535243,off,True,True,1.0,1.0,0.060478478,0.130897257,0.847419449,0.0,0.0,0.0,0.0,0.0,0.0,0.0,1.038795184,0.0,0.0,0.0,0.0,0.0,0.0,0.0,0.0,0.0,0.0,0.191375735,0.847419449,0.0,0.0,1.038795184
2025-08-03T19:00:00+02:00,26.3,61,0.0,3,12.9,373.0,272.0,101.0,WE_HOME,WE_HOME,True,PARTIAL,FULL,False,,False,,2025-08-03T11:25:51.883009+02:00,2025-08-03T15:20:51.248803+02:00,WE_HOME,24.46887534,21.460865027,23.591535243,cool,True,True,1.0,1.0,0.060657674,0.130897257,1.663851951,0.0,0.0,0.0,0.0,0.010528654,0.0,0.0,1.865935536,0.0,1.40039609,1.40039609,0.0,0.0,0.0,0.0,0.0,0.0,1.40039609,0.191554931,1.674380605,0.0,0.0,3.266331626
2025-08-03T20:00:00+02:00,25.8,63,0.0,1,11.8,202.0,136.0,66.0,WE_HOME,WE_HOME,True,PARTIAL,FULL,False,,False,,2025-08-03T11:25:51.883009+02:00,2025-08-03T15:20:51.248803+02:00,WE_HOME,23.774062784,21.460865027,23.591535243,cool,True,True,1.0,1.0,0.06118305,0.130897257,0.0,0.0,0.0,0.0,0.0,0.0,0.0,0.0,0.192080307,0.0,1.40039609,1.40039609,0.0,0.0,0.0,0.0,0.0,0.0,1.40039609,0.192080307,0.0,0.0,0.0,1.592476397
2025-08-03T21:00:00+02:00,24.7,68,0.0,1,9.3,52.0,27.0,25.0,WE_HOME,WE_HOME,True,PARTIAL,FULL,False,,False,,2025-08-03T11:25:51.883009+02:00,2025-08-03T15:20:51.248803+02:00,WE_HOME,23.111718986,21.460865027,23.591535243,off,True,True,1.0,1.0,0.062018802,0.130897257,0.0,0.766008243,0.0,0.0,0.0,0.01449271,0.0,0.0,0.973417012,0.0,0.0,0.0,0.0,0.0,0.0,0.0,0.0,0.0,0.0,0.192916059,0.780500953,0.0,0.0,0.973417012
2025-08-03T22:00:00+02:00,24.2,74,0.0,1,8.2,0.0,0.0,0.0,WE_HOME,WE_HOME,True,PARTIAL,FULL,False,,False,,2025-08-03T11:25:51.883009+02:00,2025-08-03T15:20:51.248803+02:00,WE_HOME,23.376432489,21.460865027,23.591535243,off,True,True,1.0,1.0,0.063107977,0.130897257,0.0,0.278011058,0.0,0.0,0.0,0.0,0.324982315,0.081245579,0.878244186,0.0,0.0,0.0,0.0,0.0,0.0,0.0,0.0,0.0,0.0,0.194005234,0.684238952,0.0,0.0,0.878244186
2025-08-03T23:00:00+02:00,23.4,78,0.0,0,7.1,0.0,0.0,0.0,WE_HOME,WE_HOME,True,PARTIAL,FULL,False,,False,,2025-08-03T11:25:51.883009+02:00,2025-08-03T15:20:51.248803+02:00,WE_HOME,23.513693741,21.460865027,23.591535243,off,True,True,1.0,1.0,0.064376347,0.130897257,0.0,0.0,0.0,0.0,0.0,0.0,0.324982315,0.081245579,0.601501498,0.0,0.0,0.0,0.0,0.0,0.0,0.0,0.0,0.0,0.0,0.195273604,0.406227894,0.0,0.0,0.601501498
2025-08-04T00:00:00+02:00,22.7,85,0.0,3,6.7,0.0,0.0,0.0,WD_HOME,WD_HOME,False,EMPTY,FULL,False,,False,,2025-08-04T08:47:04.046638+02:00,2025-08-04T16:25:31.981802+02:00,WD_HOME,23.494744784,21.743646916,23.874317133,off,True,True,1.0,1.0,0.065737476,0.130897257,0.0,0.0,0.0,0.0,0.0,0.0,0.324982315,0.081245579,0.602862627,0.0,0.0,0.0,0.0,0.0,0.0,0.0,0.0,0.0,0.0,0.196634733,0.406227894,0.0,0.0,0.602862627
2025-08-04T01:00:00+02:00,22.5,85,0.0,3,6.5,0.0,0.0,0.0,WD_HOME,WD_HOME,False,EMPTY,FULL,False,,False,,2025-08-04T08:47:04.046638+02:00,2025-08-04T16:25:31.981802+02:00,WD_HOME,23.36228732,21.743646916,23.874317133,off,True,True,1.0,1.0,0.067098604,0.130897257,0.0,0.0,0.0,0.0,0.0,0.0,0.324982315,0.081245579,0.604223755,0.0,0.0,0.0,0.0,0.0,0.0,0.0,0.0,0.0,0.0,0.197995861,0.406227894,0.0,0.0,0.604223755
2025-08-04T02:00:00+02:00,22.4,85,0.0,4,6.0,0.0,0.0,0.0,WD_HOME,WD_HOME,False,EMPTY,FULL,False,,False,,2025-08-04T08:47:04.046638+02:00,2025-08-04T16:25:31.981802+02:00,WD_HOME,23.218572766,21.743646916,23.874317133,off,True,True,1.0,1.0,0.068366975,0.130897257,0.0,0.0,0.0,0.0,0.0,0.0,0.324982315,0.081245579,0.605492126,0.0,0.0,0.0,0.0,0.0,0.0,0.0,0.0,0.0,0.0,0.199264232,0.406227894,0.0,0.0,0.605492126
2025-08-04T03:00:00+02:00,22.1,87,0.0,15,5.8,0.0,0.0,0.0,WD_HOME,WD_HOME,False,EMPTY,FULL,False,,False,,2025-08-04T08:47:04.046638+02:00,2025-08-04T16:25:31.981802+02:00,WD_HOME,23.082143972,21.743646916,23.874317133,off,True,True,1.0,1.0,0.069456149,0.130897257,0.0,0.0,0.0,0.0,0.0,0.0,0.324982315,0.081245579,0.6065813,0.0,0.0,0.0,0.0,0.0,0.0,0.0,0.0,0.0,0.0,0.200353406,0.406227894,0.0,0.0,0.6065813
2025-08-04T04:00:00+02:00,22.1,85,0.0,28,6.7,0.0,0.0,0.0,WD_HOME,WD_HOME,False,EMPTY,FULL,False,,False,,2025-08-04T08:47:04.046638+02:00,2025-08-04T16:25:31.981802+02:00,WD_HOME,22.91845331,21.743646916,23.874317133,off,True,True,1.0,1.0,0.070291902,0.130897257,0.0,0.0,0.0,0.0,0.0,0.0,0.324982315,0.081245579,0.607417053,0.0,0.0,0.0,0.0,0.0,0.0,0.0,0.0,0.0,0.0,0.201189159,0.406227894,0.0,0.0,0.607417053
2025-08-04T05:00:00+02:00,22.0,85,0.0,30,8.3,0.0,0.0,0.0,WD_HOME,WD_HOME,False,EMPTY,FULL,False,,False,,2025-08-04T08:47:04.046638+02:00,2025-08-04T16:25:31.981802+02:00,WD_HOME,22.782044425,21.743646916,23.874317133,off,True,True,1.0,1.0,0.070817278,0.130897257,0.0,0.0,0.0,0.0,0.0,0.0,0.324982315,0.081245579,0.607942429,0.0,0.0,0.0,0.0,0.0,0.0,0.0,0.0,0.0,0.0,0.201714535,0.406227894,0.0,0.0,0.607942429
2025-08-04T06:00:00+02:00,21.8,86,0.0,39,8.6,0.0,0.0,0.0,WD_HOME,WD_HOME,False,EMPTY,FULL,False,,False,,2025-08-04T08:47:04.046638+02:00,2025-08-04T16:25:31.981802+02:00,WD_HOME,22.651703688,21.743646916,23.874317133,off,True,True,1.0,1.0,0.070996474,0.130897257,0.0,0.0,0.0,0.0,0.0,0.0,0.324982315,0.081245579,0.608121625,0.0,0.0,0.0,0.0,0.0,0.0,0.0,0.0,0.0,0.0,0.201893731,0.406227894,0.0,0.0,0.608121625
2025-08-04T07:00:00+02:00,21.8,86,0.0,43,8.6,0.0,0.0,0.0,WD_HOME,WD_HOME,False,EMPTY,FULL,False,,False,,2025-08-04T08:47:04.046638+02:00,2025-08-04T16:25:31.981802+02:00,WD_HOME,22.509753073,21.743646916,23.874317133,off,True,True,1.0,1.0,0.070817278,0.130897257,0.0,0.0,0.0,0.0,0.0,0.0,0.324982315,0.081245579,0.607942429,0.0,0.0,0.0,0.0,0.0,0.0,0.0,0.0,0.0,0.0,0.201714535,0.406227894,0.0,0.0,0.607942429
2025-08-04T08:00:00+02:00,22.9,83,0.0,40,9.3,59.0,31.0,28.0,WD_HOME,WD_HOME,False,EMPTY,FULL,False,,False,,2025-08-04T08:47:04.046638+02:00,2025-08-04T16:25:31.981802+02:00,WD_HOME,22.391460894,21.743646916,23.874317133,off,True,True,0.705389459,0.634929789,0.070291902,0.130897257,0.0,0.0,0.0,0.0,0.0,0.0,0.0,0.0,0.201189159,0.0,0.0,0.0,0.0,0.0,0.0,0.794926583,0.0,0.0,0.794926583,0.201189159,0.0,0.0,0.794926583,0.996115742
2025-08-04T09:00:00+02:00,24.1,76,0.0,64,10.1,199.0,126.0,73.0,WD_HOME,WD_HOME,False,EMPTY,EMPTY,False,,False,,2025-08-04T08:47:04.046638+02:00,2025-08-04T16:25:31.981802+02:00,WD_HOME,22.476217412,20.743646916,24.874317133,off,False,False,0.0,0.0,0.069456149,0.130897257,0.0,0.0,0.0,0.0,0.0,0.0,0.0,0.0,0.200353406,0.0,0.0,0.0,0.0,0.0,0.0,0.880530278,0.0,0.0,0.880530278,0.200353406,0.0,0.0,0.880530278,1.080883684
2025-08-04T10:00:00+02:00,25.6,73,0.0,95,10.5,373.0,244.0,129.0,WD_HOME,WD_HOME,False,EMPTY,EMPTY,False,,False,,2025-08-04T08:47:04.046638+02:00,2025-08-04T16:25:31.981802+02:00,WD_HOME,22.746847843,20.743646916,24.874317133,off,False,False,0.0,0.0,0.068366975,0.130897257,0.0,0.0,0.4761549,0.0,0.0,0.0,0.0,0.0,0.675419132,0.0,0.0,0.0,0.0,0.0,0.0,0.880530278,0.0,0.0,0.880530278,0.199264232,0.4761549,0.0,0.880530278,1.555949410
2025-08-04T11:00:00+02:00,26.9,69,0.0,97,10.6,552.0,412.0,140.0,WD_HOME,WD_HOME,False,EMPTY,EMPTY,False,,False,,2025-08-04T08:47:04.046638+02:00,2025-08-04T16:25:31.981802+02:00,WD_HOME,23.222373203,20.743646916,24.874317133,off,False,False,0.0,0.0,0.067098604,0.130897257,0.0,0.0,0.174004032,0.549131922,0.0,0.0,0.0,0.0,0.921131815,0.0,0.0,0.0,0.0,0.0,0.0,0.880530278,0.0,0.0,0.880530278,0.197995861,0.723135954,0.0,0.880530278,1.801662093
2025-08-04T12:00:00+02:00,28.4,63,0.0,85,9.2,675.0,523.0,152.0,WD_HOME,WD_HOME,False,EMPTY,EMPTY,False,,False,,2025-08-04T08:47:04.046638+02:00,2025-08-04T16:25:31.981802+02:00,WD_HOME,23.835311002,20.743646916,24.874317133,off,False,False,0.0,0.0,0.065737476,0.130897257,0.0,0.0,0.0,1.637198343,0.0,0.0,0.0,0.0,1.833833076,0.0,0.0,0.0,0.0,0.0,0.0,0.626004162,0.0,0.0,0.626004162,0.196634733,1.637198343,0.0,0.626004162,2.459837238
2025-08-04T13:00:00+02:00,29.2,59,0.0,99,10.3,745.0,536.0,209.0,WD_HOME,WD_HOME,False,EMPTY,EMPTY,False,,False,,2025-08-04T08:47:04.046638+02:00,2025-08-04T16:25:31.981802+02:00,WD_HOME,24.596092502,20.743646916,24.874317133,off,False,False,0.0,0.0,0.064376347,0.130897257,0.0,0.0,0.0,0.12726703,0.0,0.0,0.0,0.0,0.322540634,0.0,0.0,0.0,0.0,0.0,0.0,0.0,0.0,0.0,0.0,0.195273604,0.12726703,0.0,0.0,0.322540634
2025-08-04T14:00:00+02:00,29.7,57,0.0,97,12.6,721.0,499.0,222.0,WD_HOME,WD_HOME,False,EMPTY,EMPTY,False,,False,,2025-08-04T08:47:04.046638+02:00,2025-08-04T16:25:31.981802+02:00,WD_HOME,25.363410418,20.743646916,24.874317133,off,False,False,0.0,0.0,0.063107977,0.130897257,0.0,0.0,0.0,0.0,0.0,0.0,0.0,0.0,0.194005234,0.0,0.0,0.0,0.0,0.0,0.0,0.0,0.0,0.0,0.0,0.194005234,0.0,0.0,0.0,0.194005234
2025-08-04T15:00:00+02:00,29.7,61,0.0,99,14.9,748.0,516.0,232.0,WD_HOME,WD_HOME,False,EMPTY,EMPTY,False,,False,,2025-08-04T08:47:04.046638+02:00,2025-08-04T16:25:31.981802+02:00,WD_HOME,26.086175348,20.743646916,24.874317133,cool,False,False,0.0,0.0,0.062018802,0.130897257,0.0,0.0,0.0,0.0,0.0,0.0,0.0,0.0,0.192916059,0.0,1.40039609,1.40039609,0.0,0.0,0.0,0.0,0.0,0.0,1.40039609,0.192916059,0.0,0.0,0.0,1.593312149
2025-08-04T16:00:00+02:00,29.1,66,0.0,86,18.4,715.0,510.0,205.0,WD_HOME,WD_HOME,False,EMPTY,FULL,False,,False,,2025-08-04T08:47:04.046638+02:00,2025-08-04T16:25:31.981802+02:00,WD_HOME,25.688479457,21.743646916,23.874317133,cool,False,False,0.0,0.0,0.06118305,0.130897257,0.0,0.0,0.0,0.0,0.0,0.0,0.0,0.0,0.192080307,0.0,1.40039609,1.40039609,0.0,0.0,0.0,0.0,0.0,0.0,1.40039609,0.192080307,0.0,0.0,0.0,1.592476397
2025-08-04T17:00:00+02:00,28.8,68,0.0,33,19.7,667.0,505.0,162.0,WD_HOME,WD_HOME,False,EMPTY,FULL,False,,False,,2025-08-04T08:47:04.046638+02:00,2025-08-04T16:25:31.981802+02:00,WD_HOME,25.257066214,21.743646916,23.874317133,cool,False,False,0.0,0.0,0.060657674,0.130897257,0.0,0.0,0.0,0.0,0.0,0.0,0.0,0.0,0.191554931,0.0,1.40039609,1.40039609,0.0,0.0,0.0,0.678402795,0.0,0.0,2.078798885,0.191554931,0.0,0.0,0.678402795,2.270353816
2025-08-04T18:00:00+02:00,28.4,69,0.0,18,20.0,544.0,415.0,129.0,WD_HOME,WD_HOME,False,EMPTY,FULL,False,,False,,2025-08-04T08:47:04.046638+02:00,2025-08-04T16:25:31.981802+02:00,WD_HOME,24.847555179,21.743646916,23.874317133,cool,True,True,0.270481539,0.623965132,0.060478478,0.130897257,0.0,0.0,0.0,0.0,0.0,0.0,0.0,0.0,0.191375735,0.0,1.40039609,1.40039609,0.0,0.588796047,0.588796047,0.880530278,0.0,0.0,2.869722415,0.191375735,0.0,0.588796047,0.880530278,3.061098150
2025-08-04T19:00:00+02:00,27.9,69,0.0,24,19.7,378.0,281.0,97.0,WD_HOME,WD_HOME,False,EMPTY,FULL,False,,False,,2025-08-04T08:47:04.046638+02:00,2025-08-04T16:25:31.981802+02:00,WD_HOME,24.439629315,21.743646916,23.874317133,cool,True,True,1.0,1.0,0.060657674,0.130897257,0.233592273,0.0,0.0,0.0,0.0,0.010291543,0.0,0.0,0.435438747,0.0,1.40039609,1.40039609,2.223752587,7.4,9.623752587,0.525294361,0.0,0.0,11.549443039,0.191554931,0.243883816,9.623752587,0.525294361,11.984881786
2025-08-04T20:00:00+02:00,27.1,69,0.0,21,17.2,195.0,127.0,68.0,WD_HOME,WD_HOME,False,EMPTY,FULL,False,,False,,2025-08-04T08:47:04.046638+02:00,2025-08-04T16:25:31.981802+02:00,WD_HOME,24.016357763,21.743646916,23.874317133,cool,True,True,1.0,1.0,0.06118305,0.130897257,1.139925495,0.926444773,0.0,0.0,0.0,0.0,0.0,0.0,2.258450575,0.0,1.40039609,1.40039609,7.4,7.4,14.8,0.0,0.0,0.0,16.20039609,0.192080307,2.066370268,14.8,0.0,18.458846665
2025-08-04T21:00:00+02:00,25.8,75,0.0,8,13.3,50.0,26.0,24.0,WD_HOME,WD_HOME,False,EMPTY,FULL,False,,False,,2025-08-04T08:47:04.046638+02:00,2025-08-04T16:25:31.981802+02:00,WD_HOME,23.530298136,21.743646916,23.874317133,off,True,True,1.0,1.0,0.062018802,0.130897257,0.0,0.221100019,0.0,0.0,0.0,0.0,0.0,0.0,0.414016078,0.0,0.0,0.0,3.105534665,7.4,10.505534665,0.0,0.0,0.0,10.505534665,0.192916059,0.221100019,10.505534665,0.0,10.919550743
2025-08-04T22:00:00+02:00,24.9,79,0.0,3,10.2,0.0,0.0,0.0,WD_HOME,WD_HOME,False,EMPTY,FULL,False,,False,,2025-08-04T08:47:04.046638+02:00,2025-08-04T16:25:31.981802+02:00,WD_HOME,23.90858178,21.743646916,23.874317133,off,True,True,1.0,1.0,0.063107977,0.130897257,0.0,0.0,0.0,0.0,0.0,0.012781647,0.324982315,0.081245579,0.613014775,0.0,0.0,0.0,0.0,7.4,7.4,0.0,0.0,0.0,7.4,0.194005234,0.419009541,7.4,0.0,8.013014775
2025-08-04T23:00:00+02:00,24.2,81,0.0,2,7.6,0.0,0.0,0.0,WD_HOME,WD_HOME,False,EMPTY,FULL,False,,False,,2025-08-04T08:47:04.046638+02:00,2025-08-04T16:25:31.981802+02:00,WD_HOME,24.07381815,21.743646916,23.874317133,off,True,True,1.0,1.0,0.064376347,0.130897257,0.0,0.0,0.0,0.0,0.0,0.0,0.324982315,0.081245579,0.601501498,0.0,0.0,0.0,0.0,0.289214482,0.289214482,0.0,0.0,0.0,0.289214482,0.195273604,0.406227894,0.289214482,0.0,0.890715980
2025-08-05T00:00:00+02:00,24.0,83,0.0,0,6.5,0.0,0.0,0.0,WD_HOME,WD_HOME,False,EMPTY,FULL,False,,False,,2025-08-05T08:44:18.469436+02:00,2025-08-05T18:47:54.669406+02:00,WD_HOME,24.094848458,21.013753578,23.144423794,cool,True,True,1.0,1.0,0.065737476,0.130897257,0.0,0.0,0.0,0.0,0.0,0.0,0.324982315,0.081245579,0.602862627,0.0,1.40039609,1.40039609,0.0,0.0,0.0,0.0,0.0,0.0,1.40039609,0.196634733,0.406227894,0.0,0.0,2.003258717
2025-08-05T01:00:00+02:00,23.7,85,0.0,3,6.3,0.0,0.0,0.0,WD_HOME,WD_HOME,False,EMPTY,FULL,False,,False,,2025-08-05T08:44:18.469436+02:00,2025-08-05T18:47:54.669406+02:00,WD_HOME,23.079040382,21.013753578,23.144423794,off,True,True,1.0,1.0,0.067098604,0.130897257,0.0,0.0,0.0,0.0,0.0,0.0,0.324982315,0.081245579,0.604223755,0.0,0.0,0.0,0.0,0.0,0.0,0.0,0.0,0.0,0.0,0.197995861,0.406227894,0.0,0.0,0.604223755
2025-08-05T02:00:00+02:00,23.5,86,0.0,7,6.3,0.0,0.0,0.0,WD_HOME,WD_HOME,False,EMPTY,FULL,False,,False,,2025-08-05T08:44:18.469436+02:00,2025-08-05T18:47:54.669406+02:00,WD_HOME,23.182533652,21.013753578,23.144423794,off,True,True,1.0,1.0,0.068366975,0.130897257,0.0,0.0,0.0,0.0,0.0,0.0,0.324982315,0.081245579,0.605492126,0.0,0.0,0.0,0.0,0.0,0.0,0.0,0.0,0.0,0.0,0.199264232,0.406227894,0.0,0.0,0.605492126
2025-08-05T03:00:00+02:00,23.3,89,0.0,4,6.8,0.0,0.0,0.0,WD_HOME,WD_HOME,False,EMPTY,FULL,False,,False,,2025-08-05T08:44:18.469436+02:00,2025-08-05T18:47:54.669406+02:00,WD_HOME,23.23544471,21.013753578,23.144423794,off,True,True,1.0,1.0,0.069456149,0.130897257,0.0,0.0,0.0,0.0,0.0,0.0,0.324982315,0.081245579,0.6065813,0.0,0.0,0.0,0.0,0.0,0.0,0.0,0.0,0.0,0.0,0.200353406,0.406227894,0.0,0.0,0.6065813
2025-08-05T04:00:00+02:00,23.0,89,0.0,31,6.9,0.0,0.0,0.0,WD_HOME,WD_HOME,False,EMPTY,FULL,False,,False,,2025-08-05T08:44:18.469436+02:00,2025-08-05T18:47:54.669406+02:00,WD_HOME,23.246203925,21.013753578,23.144423794,off,True,True,1.0,1.0,0.070291902,0.130897257,0.0,0.0,0.0,0.0,0.0,0.0,0.324982315,0.081245579,0.607417053,0.0,0.0,0.0,0.0,0.0,0.0,0.0,0.0,0.0,0.0,0.201189159,0.406227894,0.0,0.0,0.607417053
2025-08-05T05:00:00+02:00,22.8,90,0.0,20,7.4,0.0,0.0,0.0,WD_HOME,WD_HOME,False,EMPTY,FULL,False,,False,,2025-08-05T08:44:18.469436+02:00,2025-08-05T18:47:54.669406+02:00,WD_HOME,23.205169937,21.013753578,23.144423794,off,True,True,1.0,1.0,0.070817278,0.130897257,0.0,0.0,0.0,0.0,0.0,0.0,0.324982315,0.081245579,0.607942429,0.0,0.0,0.0,0.0,0.0,0.0,0.0,0.0,0.0,0.0,0.201714535,0.406227894,0.0,0.0,0.607942429
2025-08-05T06:00:00+02:00,22.6,90,0.0,61,7.9,0.0,0.0,0.0,WD_HOME,WD_HOME,False,EMPTY,FULL,False,,False,,2025-08-05T08:44:18.469436+02:00,2025-08-05T18:47:54.669406+02:00,WD_HOME,23.137641614,21.013753578,23.144423794,off,True,True,1.0,1.0,0.070996474,0.130897257,0.0,0.0,0.0,0.0,0.0,0.0,0.324982315,0.081245579,0.608121625,0.0,0.0,0.0,0.0,0.0,0.0,0.0,0.0,0.0,0.0,0.201893731,0.406227894,0.0,0.0,0.608121625
2025-08-05T07:00:00+02:00,22.6,89,0.0,76,8.0,0.0,0.0,0.0,WD_HOME,WD_HOME,False,EMPTY,FULL,False,,False,,2025-08-05T08:44:18.469436+02:00,2025-08-05T18:47:54.669406+02:00,WD_HOME,23.048034679,21.013753578,23.144423794,off,True,True,1.0,1.0,0.070817278,0.130897257,0.0,0.0,0.0,0.0,0.0,0.0,0.324982315,0.081245579,0.607942429,0.0,0.0,0.0,0.0,0.0,0.0,0.0,0.0,0.0,0.0,0.201714535,0.406227894,0.0,0.0,0.607942429
2025-08-05T08:00:00+02:00,23.9,84,0.0,64,7.4,60.0,32.0,28.0,WD_HOME,WD_HOME,False,EMPTY,FULL,False,,False,,2025-08-05T08:44:18.469436+02:00,2025-08-05T18:47:54.669406+02:00,WD_HOME,22.973362232,21.013753578,23.144423794,off,True,True,0.601046149,0.77348157,0.070291902,0.130897257,0.0,0.0,0.0,0.0,0.0,0.0,0.0,0.0,0.201189159,0.0,0.0,0.0,0.0,0.0,0.0,0.141877728,0.0,0.0,0.141877728,0.201189159,0.0,0.0,0.141877728,0.343066887
2025-08-05T09:00:00+02:00,25.9,76,0.0,0,5.3,186.0,101.0,85.0,WD_HOME,WD_HOME,False,EMPTY,EMPTY,False,,False,,2025-08-05T08:44:18.469436+02:00,2025-08-05T18:47:54.669406+02:00,WD_HOME,23.12780186,20.013753578,24.144423794,off,False,False,0.0,0.0,0.069456149,0.130897257,0.0,0.0,0.0,0.0,0.0,0.0,0.0,0.0,0.200353406,0.0,0.0,0.0,0.0,0.0,0.0,0.880530278,0.0,0.0,0.880530278,0.200353406,0.0,0.0,0.880530278,1.080883684
2025-08-05T10:00:00+02:00,27.8,67,0.0,0,1.2,376.0,256.0,120.0,WD_HOME,WD_HOME,False,EMPTY,EMPTY,False,,False,,2025-08-05T08:44:18.469436+02:00,2025-08-05T18:47:54.669406+02:00,WD_HOME,23.589834883,20.013753578,24.144423794,off,False,False,0.0,0.0,0.068366975,0.130897257,0.0,0.0,0.0,0.0,0.0,0.0,0.0,0.0,0.199264232,0.0,0.0,0.0,0.0,0.0,0.0,0.880530278,0.0,0.0,0.880530278,0.199264232,0.0,0.0,0.880530278,1.079794510
2025-08-05T11:00:00+02:00,29.4,63,0.0,0,3.5,574.0,469.0,105.0,WD_HOME,WD_HOME,False,EMPTY,EMPTY,False,,False,,2025-08-05T08:44:18.469436+02:00,2025-08-05T18:47:54.669406+02:00,WD_HOME,24.29152907,20.013753578,24.144423794,off,False,False,0.0,0.0,0.067098604,0.130897257,0.0,0.0,0.0,0.0,0.0,0.0,0.0,0.0,0.197995861,0.0,0.0,0.0,0.0,0.0,0.0,0.880530278,0.0,0.0,0.880530278,0.197995861,0.0,0.0,0.880530278,1.078526139
2025-08-05T12:00:00+02:00,30.1,64,0.0,0,7.6,723.0,610.0,113.0,WD_HOME,WD_HOME,False,EMPTY,EMPTY,False,,False,,2025-08-05T08:44:18.469436+02:00,2025-08-05T18:47:54.669406+02:00,WD_HOME,25.142940891,20.013753578,24.144423794,cool,False,False,0.0,0.0,0.065737476,0.130897257,0.0,0.0,0.0,0.0,0.0,0.0,0.0,0.0,0.196634733,0.0,1.40039609,1.40039609,0.0,0.0,0.0,0.708983186,0.0,0.0,2.109379276,0.196634733,0.0,0.0,0.708983186,2.306014009
2025-08-05T13:00:00+02:00,30.2,63,0.0,4,10.7,828.0,710.0,118.0,WD_HOME,WD_HOME,False,EMPTY,EMPTY,False,,False,,2025-08-05T08:44:18.469436+02:00,2025-08-05T18:47:54.669406+02:00,WD_HOME,24.969117409,20.013753578,24.144423794,cool,False,False,0.0,0.0,0.064376347,0.130897257,0.0,0.0,0.0,0.0,0.0,0.0,0.0,0.0,0.195273604,0.0,1.40039609,1.40039609,0.0,0.0,0.0,0.0,0.0,0.0,1.40039609,0.195273604,0.0,0.0,0.0,1.595669694
2025-08-05T14:00:00+02:00,30.2,63,0.0,27,12.1,881.0,761.0,120.0,WD_HOME,WD_HOME,False,EMPTY,EMPTY,False,,False,,2025-08-05T08:44:18.469436+02:00,2025-08-05T18:47:54.669406+02:00,WD_HOME,24.840931175,20.013753578,24.144423794,cool,False,False,0.0,0.0,0.063107977,0.130897257,0.0,0.0,0.0,0.0,0.0,0.0,0.0,0.0,0.194005234,0.0,1.40039609,1.40039609,0.0,0.0,0.0,0.0,0.0,0.0,1.40039609,0.194005234,0.0,0.0,0.0,1.594401324
2025-08-05T15:00:00+02:00,30.1,63,0.0,15,12.5,814.0,674.0,140.0,WD_HOME,WD_HOME,False,EMPTY,EMPTY,False,,False,,2025-08-05T08:44:18.469436+02:00,2025-08-05T18:47:54.669406+02:00,WD_HOME,24.734109312,20.013753578,24.144423794,cool,False,False,0.0,0.0,0.062018802,0.130897257,0.0,0.0,0.0,0.0,0.0,0.0,0.0,0.0,0.192916059,0.0,1.40039609,1.40039609,0.0,0.0,0.0,0.529271503,0.0,0.0,1.929667593,0.192916059,0.0,0.0,0.529271503,2.122583652
2025-08-05T16:00:00+02:00,29.6,64,0.0,21,11.4,698.0,520.0,178.0,WD_HOME,WD_HOME,False,EMPTY,EMPTY,False,,False,,2025-08-05T08:44:18.469436+02:00,2025-08-05T18:47:54.669406+02:00,WD_HOME,24.628424427,20.013753578,24.144423794,cool,False,True,0.0,0.580607112,0.06118305,0.130897257,0.0,0.0,0.0,0.0,0.0,0.0,0.0,0.0,0.192080307,0.0,1.40039609,1.40039609,0.0,3.587781563,3.587781563,0.880530278,0.0,0.0,5.868707932,0.192080307,0.0,3.587781563,0.880530278,6.060788239
2025-08-05T17:00:00+02:00,29.8,62,0.0,24,9.0,584.0,442.0,142.0,WD_HOME,WD_HOME,False,EMPTY,EMPTY,False,,False,,2025-08-05T08:44:18.469436+02:00,2025-08-05T18:47:54.669406+02:00,WD_HOME,24.457020356,20.013753578,24.144423794,cool,False,True,0.0,1.0,0.060657674,0.130897257,0.0,0.0,0.0,0.0,0.0,0.0,0.0,0.0,0.191554931,0.0,1.40039609,1.40039609,0.0,7.4,7.4,0.880530278,0.0,0.0,9.680926369,0.191554931,0.0,7.4,0.880530278,9.872481300
2025-08-05T18:00:00+02:00,29.9,61,0.0,20,7.4,516.0,403.0,113.0,WD_HOME,WD_HOME,False,EMPTY,EMPTY,False,,False,,2025-08-05T08:44:18.469436+02:00,2025-08-05T18:47:54.669406+02:00,WD_HOME,24.347516963,20.013753578,24.144423794,cool,True,True,0.946355934,1.0,0.060478478,0.130897257,0.0,0.0,0.0,0.0,0.0,0.0,0.0,0.0,0.191375735,0.0,1.40039609,1.40039609,2.238966247,0.464333221,2.703299468,0.880530278,0.0,0.0,4.984225836,0.191375735,0.0,2.703299468,0.880530278,5.175601571
2025-08-05T19:00:00+02:00,29.2,62,0.0,21,6.9,337.0,240.0,97.0,WD_HOME,WD_HOME,False,EMPTY,FULL,False,,False,,2025-08-05T08:44:18.469436+02:00,2025-08-05T18:47:54.669406+02:00,WD_HOME,24.272930803,21.013753578,23.144423794,cool,True,True,1.0,1.0,0.060657674,0.130897257,0.0,0.0,0.0,0.0,0.0,0.0,0.0,0.0,0.191554931,0.0,1.40039609,1.40039609,7.4,0.0,7.4,0.240749717,0.0,0.0,9.041145808,0.191554931,0.0,7.4,0.240749717,9.232700739
2025-08-05T20:00:00+02:00,28.4,64,0.0,29,5.8,157.0,89.0,68.0,WD_HOME,WD_HOME,False,EMPTY,FULL,False,,False,,2025-08-05T08:44:18.469436+02:00,2025-08-05T18:47:54.669406+02:00,WD_HOME,24.094109002,21.013753578,23.144423794,cool,True,True,1.0,1.0,0.06118305,0.130897257,1.631938831,0.0,0.0,0.0,0.038978528,0.0,0.0,0.0,1.862997666,0.0,1.40039609,1.40039609,7.4,0.0,7.4,0.0,0.0,0.0,8.80039609,0.192080307,1.670917359,7.4,0.0,10.663393756
2025-08-05T21:00:00+02:00,27.3,71,0.0,16,4.3,39.0,20.0,19.0,WD_HOME,WD_HOME,False,EMPTY,FULL,False,,False,,2025-08-05T08:44:18.469436+02:00,2025-08-05T18:47:54.669406+02:00,WD_HOME,23.811757502,21.013753578,23.144423794,cool,True,True,1.0,1.0,0.062018802,0.130897257,0.199602818,0.0,0.0,0.0,0.224168266,0.0,0.0,0.0,0.616687143,0.0,1.40039609,1.40039609,6.041298644,0.0,6.041298644,0.0,0.0,0.0,7.441694734,0.192916059,0.423771084,6.041298644,0.0,8.058381877
2025-08-05T22:00:00+02:00,26.4,78,0.0,8,4.9,0.0,0.0,0.0,WD_HOME,WD_HOME,False,EMPTY,FULL,False,,False,,2025-08-05T08:44:18.469436+02:00,2025-08-05T18:47:54.669406+02:00,WD_HOME,23.393131251,21.013753578,23.144423794,cool,True,True,1.0,1.0,0.063107977,0.130897257,0.0,0.105439495,0.0,0.0,0.08861496,0.0,0.324982315,0.081245579,0.794287583,0.0,1.40039609,1.40039609,0.0,0.0,0.0,0.0,0.0,0.0,1.40039609,0.194005234,0.600282349,0.0,0.0,2.194683673
2025-08-05T23:00:00+02:00,25.7,83,0.0,6,5.6,0.0,0.0,0.0,WD_HOME,WD_HOME,False,EMPTY,FULL,False,,False,,2025-08-05T08:44:18.469436+02:00,2025-08-05T18:47:54.669406+02:00,WD_HOME,22.894276043,21.013753578,23.144423794,off,True,True,1.0,1.0,0.064376347,0.130897257,0.0,1.062376626,0.0,0.0,0.0,0.029504279,0.324982315,0.081245579,1.693382403,0.0,0.0,0.0,0.0,0.0,0.0,0.0,0.0,0.0,0.0,0.195273604,1.498108799,0.0,0.0,1.693382403
2025-08-06T00:00:00+02:00,25.6,82,0.0,4,5.3,0.0,0.0,0.0,WD_HOME,WD_HOME,False,PARTIAL,FULL,False,,False,,2025-08-06T08:37:00.901947+02:00,2025-08-06T16:28:03.252291+02:00,WD_HOME,23.361896702,21.318314156,23.448984373,off,True,True,1.0,1.0,0.065737476,0.130897257,0.0,0.0,0.0,0.0,0.0,0.0,0.324982315,0.081245579,0.602862627,0.0,0.0,0.0,0.0,0.0,0.0,0.0,0.0,0.0,0.0,0.196634733,0.406227894,0.0,0.0,0.602862627
2025-08-06T01:00:00+02:00,25.3,84,0.0,4,5.4,0.0,0.0,0.0,WD_HOME,WD_HOME,False,PARTIAL,FULL,False,,False,,2025-08-06T08:37:00.901947+02:00,2025-08-06T16:28:03.252291+02:00,WD_HOME,23.734913919,21.318314156,23.448984373,off,True,True,1.0,1.0,0.067098604,0.130897257,0.0,0.0,0.0,0.0,0.0,0.0,0.324982315,0.081245579,0.604223755,0.0,0.0,0.0,0.0,0.0,0.0,0.0,0.0,0.0,0.0,0.197995861,0.406227894,0.0,0.0,0.604223755
2025-08-06T02:00:00+02:00,24.8,86,0.0,12,6.0,0.0,0.0,0.0,WD_HOME,WD_HOME,False,PARTIAL,FULL,False,,False,,2025-08-06T08:37:00.901947+02:00,2025-08-06T16:28:03.252291+02:00,WD_HOME,23.995761599,21.318314156,23.448984373,cool,True,True,1.0,1.0,0.068366975,0.130897257,0.0,0.0,0.0,0.0,0.0,0.0,0.324982315,0.081245579,0.605492126,0.0,1.40039609,1.40039609,0.0,0.0,0.0,0.0,0.0,0.0,1.40039609,0.199264232,0.406227894,0.0,0.0,2.005888216
2025-08-06T03:00:00+02:00,24.1,88,0.0,19,6.2,0.0,0.0,0.0,WD_HOME,WD_HOME,False,PARTIAL,FULL,False,,False,,2025-08-06T08:37:00.901947+02:00,2025-08-06T16:28:03.252291+02:00,WD_HOME,23.129801332,21.318314156,23.448984373,off,True,True,1.0,1.0,0.069456149,0.130897257,0.0,0.0,0.0,0.0,0.0,0.0,0.324982315,0.081245579,0.6065813,0.0,0.0,0.0,0.0,0.0,0.0,0.0,0.0,0.0,0.0,0.200353406,0.406227894,0.0,0.0,0.6065813
2025-08-06T04:00:00+02:00,23.2,91,0.0,25,5.8,0.0,0.0,0.0,WD_HOME,WD_HOME,False,PARTIAL,FULL,False,,False,,2025-08-06T08:37:00.901947+02:00,2025-08-06T16:28:03.252291+02:00,WD_HOME,23.29150111,21.318314156,23.448984373,off,True,True,1.0,1.0,0.070291902,0.130897257,0.0,0.0,0.0,0.0,0.0,0.0,0.324982315,0.081245579,0.607417053,0.0,0.0,0.0,0.0,0.0,0.0,0.0,0.0,0.0,0.0,0.201189159,0.406227894,0.0,0.0,0.607417053
2025-08-06T05:00:00+02:00,23.1,91,0.0,29,4.0,0.0,0.0,0.0,WD_HOME,WD_HOME,False,PARTIAL,FULL,False,,False,,2025-08-06T08:37:00.901947+02:00,2025-08-06T16:28:03.252291+02:00,WD_HOME,23.276250925,21.318314156,23.448984373,off,True,True,1.0,1.0,0.070817278,0.130897257,0.0,0.0,0.0,0.0,0.0,0.0,0.324982315,0.081245579,0.607942429,0.0,0.0,0.0,0.0,0.0,0.0,0.0,0.0,0.0,0.0,0.201714535,0.406227894,0.0,0.0,0.607942429
2025-08-06T06:00:00+02:00,23.0,89,0.0,37,2.8,0.0,0.0,0.0,WD_HOME,WD_HOME,False,PARTIAL,FULL,False,,False,,2025-08-06T08:37:00.901947+02:00,2025-08-06T16:28:03.252291+02:00,WD_HOME,23.246875771,21.318314156,23.448984373,off,True,True,1.0,1.0,0.070996474,0.130897257,0.0,0.0,0.0,0.0,0.0,0.0,0.324982315,0.081245579,0.608121625,0.0,0.0,0.0,0.0,0.0,0.0,0.0,0.0,0.0,0.0,0.201893731,0.406227894,0.0,0.0,0.608121625
2025-08-06T07:00:00+02:00,22.5,89,0.0,30,6.8,0.0,0.0,0.0,WD_HOME,WD_HOME,False,PARTIAL,FULL,False,,False,,2025-08-06T08:37:00.901947+02:00,2025-08-06T16:28:03.252291+02:00,WD_HOME,23.205729809,21.318314156,23.448984373,off,True,True,1.0,1.0,0.070817278,0.130897257,0.0,0.0,0.0,0.0,0.0,0.0,0.324982315,0.081245579,0.607942429,0.0,0.0,0.0,0.0,0.0,0.0,0.310318882,0.0,0.0,0.310318882,0.201714535,0.406227894,0.0,0.310318882,0.918261311
2025-08-06T08:00:00+02:00,23.9,84,0.0,7,7.6,60.0,32.0,28.0,WD_HOME,WD_HOME,False,PARTIAL,FULL,False,,False,,2025-08-06T08:37:00.901947+02:00,2025-08-06T16:28:03.252291+02:00,WD_HOME,23.088108174,21.318314156,23.448984373,off,True,True,0.836984293,0.802356826,0.070291902,0.130897257,0.0,0.0,0.0,0.0,0.0,0.0,0.0,0.0,0.201189159,0.0,0.0,0.0,0.0,0.0,0.0,0.880530278,0.0,0.0,0.880530278,0.201189159,0.0,0.0,0.880530278,1.081719437
2025-08-06T09:00:00+02:00,25.4,72,0.0,11,8.2,218.0,151.0,67.0,WD_HOME,WD_HOME,False,PARTIAL,PARTIAL,False,,False,,2025-08-06T08:37:00.901947+02:00,2025-08-06T16:28:03.252291+02:00,WD_HOME,23.223423479,21.318314156,23.448984373,off,False,False,0.0,0.0,0.069456149,0.130897257,0.0,0.0,0.0,0.0,0.0,0.0,0.0,0.0,0.200353406,0.0,0.0,0.0,0.0,0.0,0.0,0.880530278,0.0,0.0,0.880530278,0.200353406,0.0,0.0,0.880530278,1.080883684
2025-08-06T10:00:00+02:00,26.8,65,0.0,5,10.5,409.0,323.0,86.0,WD_HOME,WD_HOME,False,PARTIAL,PARTIAL,False,,False,,2025-08-06T08:37:00.901947+02:00,2025-08-06T16:28:03.252291+02:00,WD_HOME,23.586186232,21.318314156,23.448984373,off,False,False,0.0,0.0,0.068366975,0.130897257,0.0,0.0,0.0,0.0,0.0,0.0,0.0,0.0,0.199264232,0.0,0.0,0.0,0.0,0.0,0.0,0.880530278,0.0,0.0,0.880530278,0.199264232,0.0,0.0,0.880530278,1.079794510
2025-08-06T11:00:00+02:00,27.6,61,0.0,3,11.5,586.0,487.0,99.0,WD_HOME,WD_HOME,False,PARTIAL,PARTIAL,False,,False,,2025-08-06T08:37:00.901947+02:00,2025-08-06T16:28:03.252291+02:00,WD_HOME,24.12182186,21.318314156,23.448984373,cool,False,False,0.0,0.0,0.067098604,0.130897257,0.0,0.0,0.0,0.0,0.0,0.0,0.0,0.0,0.197995861,0.0,1.40039609,1.40039609,0.0,0.0,0.0,0.880530278,0.0,0.0,2.280926369,0.197995861,0.0,0.0,0.880530278,2.478922230
2025-08-06T12:00:00+02:00,28.4,62,0.0,23,11.9,731.0,626.0,105.0,WD_HOME,WD_HOME,False,PARTIAL,PARTIAL,False,,False,,2025-08-06T08:37:00.901947+02:00,2025-08-06T16:28:03.252291+02:00,WD_HOME,23.701518217,21.318314156,23.448984373,cool,False,False,0.0,0.0,0.065737476,0.130897257,0.0,0.0,0.0,0.0,0.0,0.0,0.0,0.0,0.196634733,0.0,1.40039609,1.40039609,0.0,0.0,0.0,0.336120662,0.0,0.0,1.736516752,0.196634733,0.0,0.0,0.336120662,1.933151485
2025-08-06T13:00:00+02:00,28.4,62,0.0,40,12.3,811.0,690.0,121.0,WD_HOME,WD_HOME,False,PARTIAL,PARTIAL,False,,False,,2025-08-06T08:37:00.901947+02:00,2025-08-06T16:28:03.252291+02:00,WD_HOME,23.484598514,21.318314156,23.448984373,cool,False,False,0.0,0.0,0.064376347,0.130897257,0.0,0.0,0.0,0.0,0.0,0.0,0.0,0.0,0.195273604,0.0,1.40039609,1.40039609,0.0,0.0,0.0,0.0,0.0,0.0,1.40039609,0.195273604,0.0,0.0,0.0,1.595669694
2025-08-06T14:00:00+02:00,28.4,62,0.0,54,12.3,879.0,749.0,130.0,WD_HOME,WD_HOME,False,PARTIAL,PARTIAL,False,,False,,2025-08-06T08:37:00.901947+02:00,2025-08-06T16:28:03.252291+02:00,WD_HOME,23.303832095,21.318314156,23.448984373,off,False,False,0.0,0.0,0.063107977,0.130897257,0.0,0.0,0.0,0.0,0.0,0.0,0.0,0.0,0.194005234,0.0,0.0,0.0,0.0,0.0,0.0,0.0,0.0,0.0,0.0,0.194005234,0.0,0.0,0.0,0.194005234
2025-08-06T15:00:00+02:00,27.8,64,0.0,72,12.6,832.0,706.0,126.0,WD_HOME,WD_HOME,False,PARTIAL,PARTIAL,False,,False,,2025-08-06T08:37:00.901947+02:00,2025-08-06T16:28:03.252291+02:00,WD_HOME,24.153193412,21.318314156,23.448984373,cool,False,False,0.0,0.0,0.062018802,0.130897257,0.0,0.0,0.0,0.0,0.0,0.0,0.0,0.0,0.192916059,0.0,1.40039609,1.40039609,0.0,0.0,0.0,0.0,0.0,0.0,1.40039609,0.192916059,0.0,0.0,0.0,1.593312149
2025-08-06T16:00:00+02:00,27.7,64,0.0,95,14.6,810.0,699.0,111.0,WD_HOME,WD_HOME,False,PARTIAL,FULL,False,,False,,2025-08-06T08:37:00.901947+02:00,2025-08-06T16:28:03.252291+02:00,WD_HOME,23.76099451,21.318314156,23.448984373,cool,False,False,0.0,0.0,0.06118305,0.130897257,0.0,0.0,0.0,0.0,0.0,0.0,0.0,0.0,0.192080307,0.0,1.40039609,1.40039609,0.0,0.0,0.0,0.0,0.0,0.0,1.40039609,0.192080307,0.0,0.0,0.0,1.592476397
2025-08-06T17:00:00+02:00,27.6,65,0.0,99,14.9,705.0,576.0,129.0,WD_HOME,WD_HOME,False,PARTIAL,FULL,False,,False,,2025-08-06T08:37:00.901947+02:00,2025-08-06T16:28:03.252291+02:00,WD_HOME,23.417495425,21.318314156,23.448984373,off,False,True,0.0,0.466068862,0.060657674,0.130897257,0.0,0.0,0.0,0.0,0.0,0.0,0.0,0.0,0.191554931,0.0,0.0,0.0,0.0,0.0,0.0,0.172229402,0.0,0.0,0.172229402,0.191554931,0.0,0.0,0.172229402,0.363784333
2025-08-06T18:00:00+02:00,27.7,66,0.0,96,14.8,518.0,352.0,166.0,WD_HOME,WD_HOME,False,PARTIAL,FULL,False,,False,,2025-08-06T08:37:00.901947+02:00,2025-08-06T16:28:03.252291+02:00,WD_HOME,24.114579521,21.318314156,23.448984373,cool,True,True,0.847509775,1.0,0.060478478,0.130897257,0.0,0.0,0.0,0.0,0.0,0.0058081,0.0,0.0,0.197183835,0.0,1.40039609,1.40039609,0.0,3.849451344,3.849451344,0.880530278,0.0,0.0,6.130377712,0.191375735,0.0058081,3.849451344,0.880530278,6.327561547
2025-08-06T19:00:00+02:00,27.2,69,0.0,54,14.8,345.0,224.0,121.0,WD_HOME,WD_HOME,False,PARTIAL,FULL,False,,False,,2025-08-06T08:37:00.901947+02:00,2025-08-06T16:28:03.252291+02:00,WD_HOME,23.712149601,21.318314156,23.448984373,cool,True,True,1.0,1.0,0.060657674,0.130897257,0.0,0.0,0.0,0.0,0.0,0.0,0.0,0.0,0.191554931,0.0,1.40039609,1.40039609,0.0,5.991447323,5.991447323,0.880530278,0.0,0.0,8.272373691,0.191554931,0.0,5.991447323,0.880530278,8.463928622
2025-08-06T20:00:00+02:00,26.4,72,0.0,32,13.2,179.0,96.0,83.0,WD_HOME,WD_HOME,False,PARTIAL,FULL,False,,False,,2025-08-06T08:37:00.901947+02:00,2025-08-06T16:28:03.252291+02:00,WD_HOME,23.293458001,21.318314156,23.448984373,off,True,True,1.0,1.0,0.06118305,0.130897257,0.0,0.0,0.0,0.0,0.027679942,0.0,0.0,0.0,0.219760249,0.0,0.0,0.0,0.0,0.0,0.0,0.507480247,0.0,0.0,0.507480247,0.192080307,0.027679942,0.0,0.507480247,0.727240496
2025-08-06T21:00:00+02:00,25.5,78,0.0,26,10.0,39.0,16.0,23.0,WD_HOME,WD_HOME,False,PARTIAL,FULL,False,,False,,2025-08-06T08:37:00.901947+02:00,2025-08-06T16:28:03.252291+02:00,WD_HOME,23.811215001,21.318314156,23.448984373,off,True,True,1.0,1.0,0.062018802,0.130897257,0.0,0.0,0.0,0.0,0.415716855,0.017278268,0.0,0.0,0.625911182,0.0,0.0,0.0,0.0,0.0,0.0,0.0,0.0,0.0,0.0,0.192916059,0.432995123,0.0,0.0,0.625911182
2025-08-06T22:00:00+02:00,24.4,85,0.0,21,8.0,0.0,0.0,0.0,WD_HOME,WD_HOME,False,PARTIAL,FULL,False,,False,,2025-08-06T08:37:00.901947+02:00,2025-08-06T16:28:03.252291+02:00,WD_HOME,24.092679167,21.318314156,23.448984373,cool,True,True,1.0,1.0,0.063107977,0.130897257,0.0,0.653701204,0.0,0.0,0.411612966,0.0,0.324982315,0.081245579,1.665547298,0.0,1.40039609,1.40039609,0.0,0.0,0.0,0.0,0.0,0.0,1.40039609,0.194005234,1.471542064,0.0,0.0,3.065943388
2025-08-06T23:00:00+02:00,24.2,86,0.0,17,6.1,0.0,0.0,0.0,WD_HOME,WD_HOME,False,PARTIAL,FULL,False,,False,,2025-08-06T08:37:00.901947+02:00,2025-08-06T16:28:03.252291+02:00,WD_HOME,23.143899306,21.318314156,23.448984373,off,True,True,1.0,1.0,0.064376347,0.130897257,0.0,0.420670392,0.0,0.0,0.0,0.006379507,0.324982315,0.081245579,1.028551397,0.0,0.0,0.0,0.0,0.0,0.0,0.0,0.0,0.0,0.0,0.195273604,0.833277793,0.0,0.0,1.028551397
2025-08-07T00:00:00+02:00,23.9,88,0.0,38,5.4,0.0,0.0,0.0,WD_HOME,WD_HOME,False,EMPTY,FULL,False,,False,,2025-08-07T08:44:35.258154+02:00,2025-08-07T17:13:25.229632+02:00,WD_HOME,23.319916088,21.024255295,23.154925512,off,True,True,1.0,1.0,0.065737476,0.130897257,0.0,0.0,0.0,0.0,0.0,0.0,0.324982315,0.081245579,0.602862627,0.0,0.0,0.0,0.0,0.0,0.0,0.0,0.0,0.0,0.0,0.196634733,0.406227894,0.0,0.0,0.602862627
2025-08-07T01:00:00+02:00,24.1,86,0.0,45,5.2,0.0,0.0,0.0,WD_HOME,WD_HOME,False,EMPTY,FULL,False,,False,,2025-08-07T08:44:35.258154+02:00,2025-08-07T17:13:25.229632+02:00,WD_HOME,23.41659674,21.024255295,23.154925512,off,True,True,1.0,1.0,0.067098604,0.130897257,0.0,0.0,0.0,0.0,0.0,0.0,0.324982315,0.081245579,0.604223755,0.0,0.0,0.0,0.0,0.0,0.0,0.0,0.0,0.0,0.0,0.197995861,0.406227894,0.0,0.0,0.604223755
2025-08-07T02:00:00+02:00,23.3,88,0.0,47,4.0,0.0,0.0,0.0,WD_HOME,WD_HOME,False,EMPTY,FULL,False,,False,,2025-08-07T08:44:35.258154+02:00,2025-08-07T17:13:25.229632+02:00,WD_HOME,23.530497284,21.024255295,23.154925512,off,True,True,1.0,1.0,0.068366975,0.130897257,0.0,0.0,0.0,0.0,0.0,0.0,0.324982315,0.081245579,0.605492126,0.0,0.0,0.0,0.0,0.0,0.0,0.0,0.0,0.0,0.0,0.199264232,0.406227894,0.0,0.0,0.605492126
2025-08-07T03:00:00+02:00,22.7,90,0.0,57,4.6,0.0,0.0,0.0,WD_HOME,WD_HOME,False,EMPTY,FULL,False,,False,,2025-08-07T08:44:35.258154+02:00,2025-08-07T17:13:25.229632+02:00,WD_HOME,23.49208107,21.024255295,23.154925512,off,True,True,1.0,1.0,0.069456149,0.130897257,0.0,0.0,0.0,0.0,0.0,0.0,0.324982315,0.081245579,0.6065813,0.0,0.0,0.0,0.0,0.0,0.0,0.0,0.0,0.0,0.0,0.200353406,0.406227894,0.0,0.0,0.6065813
2025-08-07T04:00:00+02:00,22.3,91,0.0,77,5.2,0.0,0.0,0.0,WD_HOME,WD_HOME,False,EMPTY,FULL,False,,False,,2025-08-07T08:44:35.258154+02:00,2025-08-07T17:13:25.229632+02:00,WD_HOME,23.360067558,21.024255295,23.154925512,off,True,True,1.0,1.0,0.070291902,0.130897257,0.0,0.0,0.0,0.0,0.0,0.0,0.324982315,0.081245579,0.607417053,0.0,0.0,0.0,0.0,0.0,0.0,0.0,0.0,0.0,0.0,0.201189159,0.406227894,0.0,0.0,0.607417053
2025-08-07T05:00:00+02:00,22.2,90,0.0,82,5.8,0.0,0.0,0.0,WD_HOME,WD_HOME,False,EMPTY,FULL,False,,False,,2025-08-07T08:44:35.258154+02:00,2025-08-07T17:13:25.229632+02:00,WD_HOME,23.183389632,21.024255295,23.154925512,off,True,True,1.0,1.0,0.070817278,0.130897257,0.0,0.0,0.0,0.0,0.0,0.0,0.324982315,0.081245579,0.607942429,0.0,0.0,0.0,0.0,0.0,0.0,0.0,0.0,0.0,0.0,0.201714535,0.406227894,0.0,0.0,0.607942429
2025-08-07T06:00:00+02:00,22.1,91,0.0,83,6.5,0.0,0.0,0.0,WD_HOME,WD_HOME,False,EMPTY,FULL,False,,False,,2025-08-07T08:44:35.258154+02:00,2025-08-07T17:13:25.229632+02:00,WD_HOME,23.01949136,21.024255295,23.154925512,off,True,True,1.0,1.0,0.070996474,0.130897257,0.0,0.0,0.0,0.0,0.0,0.0,0.324982315,0.081245579,0.608121625,0.0,0.0,0.0,0.0,0.0,0.0,0.0,0.0,0.0,0.0,0.201893731,0.406227894,0.0,0.0,0.608121625
2025-08-07T07:00:00+02:00,22.0,90,0.0,61,6.8,0.0,0.0,0.0,WD_HOME,WD_HOME,False,EMPTY,FULL,False,,False,,2025-08-07T08:44:35.258154+02:00,2025-08-07T17:13:25.229632+02:00,WD_HOME,22.8662428,21.024255295,23.154925512,off,True,True,1.0,1.0,0.070817278,0.130897257,0.0,0.0,0.0,0.0,0.0,0.0,0.324982315,0.081245579,0.607942429,0.0,0.0,0.0,0.0,0.0,0.0,0.0,0.0,0.0,0.0,0.201714535,0.406227894,0.0,0.0,0.607942429
2025-08-07T08:00:00+02:00,22.1,88,0.0,53,6.2,48.0,20.0,28.0,WD_HOME,WD_HOME,False,EMPTY,FULL,False,,False,,2025-08-07T08:44:35.258154+02:00,2025-08-07T17:13:25.229632+02:00,WD_HOME,22.721869,21.024255295,23.154925512,off,True,True,0.517605485,1.0,0.070291902,0.130897257,0.0,0.0,0.0,0.0,0.0,0.0,0.0,0.0,0.201189159,0.0,0.0,0.0,0.0,0.0,0.0,0.0,0.0,0.0,0.0,0.201189159,0.0,0.0,0.0,0.201189159
2025-08-07T09:00:00+02:00,24.0,79,0.0,1,4.3,199.0,124.0,75.0,WD_HOME,WD_HOME,False,EMPTY,EMPTY,False,,False,,2025-08-07T08:44:35.258154+02:00,2025-08-07T17:13:25.229632+02:00,WD_HOME,22.618224167,20.024255295,24.154925512,off,False,True,0.0,1.0,0.069456149,0.130897257,0.0,0.0,0.0,0.0,0.0,0.0,0.0,0.0,0.200353406,0.0,0.0,0.0,0.0,0.0,0.0,0.0,0.0,0.0,0.0,0.200353406,0.0,0.0,0.0,0.200353406
2025-08-07T10:00:00+02:00,26.3,65,0.0,1,0.6,390.0,301.0,89.0,WD_HOME,WD_HOME,False,EMPTY,EMPTY,False,,False,,2025-08-07T08:44:35.258154+02:00,2025-08-07T17:13:25.229632+02:00,WD_HOME,22.848520139,20.024255295,24.154925512,off,False,True,0.0,1.0,0.068366975,0.130897257,0.0,0.0,0.0,0.0,0.0,0.0,0.0,0.0,0.199264232,0.0,0.0,0.0,0.0,0.0,0.0,0.425448522,0.0,0.0,0.425448522,0.199264232,0.0,0.0,0.425448522,0.624712754
2025-08-07T11:00:00+02:00,27.9,57,0.0,2,4.2,564.0,453.0,111.0,WD_HOME,WD_HOME,False,EMPTY,EMPTY,False,,False,,2025-08-07T08:44:35.258154+02:00,2025-08-07T17:13:25.229632+02:00,WD_HOME,23.423766782,20.024255295,24.154925512,off,False,True,0.0,1.0,0.067098604,0.130897257,0.0,0.0,0.0,0.0,0.0,0.0,0.0,0.0,0.197995861,0.0,0.0,0.0,0.0,0.0,0.0,0.880530278,0.0,0.0,0.880530278,0.197995861,0.0,0.0,0.880530278,1.078526139
2025-08-07T12:00:00+02:00,29.1,55,0.0,1,7.2,730.0,623.0,107.0,WD_HOME,WD_HOME,False,EMPTY,EMPTY,False,,False,,2025-08-07T08:44:35.258154+02:00,2025-08-07T17:13:25.229632+02:00,WD_HOME,24.169805652,20.024255295,24.154925512,off,False,True,0.0,1.0,0.065737476,0.130897257,0.0,0.0,0.0,0.0,0.0,0.0,0.0,0.0,0.196634733,0.0,0.0,0.0,0.0,0.0,0.0,0.880530278,0.0,0.0,0.880530278,0.196634733,0.0,0.0,0.880530278,1.077165011
2025-08-07T13:00:00+02:00,29.7,53,0.0,3,9.8,838.0,727.0,111.0,WD_HOME,WD_HOME,False,EMPTY,EMPTY,False,,False,,2025-08-07T08:44:35.258154+02:00,2025-08-07T17:13:25.229632+02:00,WD_HOME,24.99150471,20.024255295,24.154925512,cool,False,True,0.0,1.0,0.064376347,0.130897257,0.0,0.0,0.0,0.0,0.0,0.0,0.0,0.0,0.195273604,0.0,1.40039609,1.40039609,0.0,0.0,0.0,0.880530278,0.0,0.0,2.280926369,0.195273604,0.0,0.0,0.880530278,2.476199973
2025-08-07T14:00:00+02:00,30.1,54,0.0,2,11.0,892.0,779.0,113.0,WD_HOME,WD_HOME,False,EMPTY,EMPTY,False,,False,,2025-08-07T08:44:35.258154+02:00,2025-08-07T17:13:25.229632+02:00,WD_HOME,24.776253925,20.024255295,24.154925512,cool,False,True,0.0,1.0,0.063107977,0.130897257,0.0,0.0,0.0,0.0,0.0,0.0,0.0,0.0,0.194005234,0.0,1.40039609,1.40039609,0.0,0.0,0.0,0.880530278,0.0,0.0,2.280926369,0.194005234,0.0,0.0,0.880530278,2.474931603
2025-08-07T15:00:00+02:00,30.1,54,0.0,3,11.1,884.0,772.0,112.0,WD_HOME,WD_HOME,False,EMPTY,EMPTY,False,,False,,2025-08-07T08:44:35.258154+02:00,2025-08-07T17:13:25.229632+02:00,WD_HOME,24.663544937,20.024255295,24.154925512,cool,False,True,0.0,1.0,0.062018802,0.130897257,0.0,0.0,0.0,0.0,0.0,0.0,0.0,0.0,0.192916059,0.0,1.40039609,1.40039609,0.0,0.0,0.0,0.880530278,0.0,0.0,2.280926369,0.192916059,0.0,0.0,0.880530278,2.473842428
2025-08-07T16:00:00+02:00,29.9,55,0.0,2,10.3,832.0,721.0,111.0,WD_HOME,WD_HOME,False,EMPTY,EMPTY,False,,False,,2025-08-07T08:44:35.258154+02:00,2025-08-07T17:13:25.229632+02:00,WD_HOME,24.569620781,20.024255295,24.154925512,cool,False,True,0.0,1.0,0.06118305,0.130897257,0.0,0.0,0.0,0.0,0.0,0.0,0.0,0.0,0.192080307,0.0,1.40039609,1.40039609,0.0,0.0,0.0,0.880530278,0.0,0.0,2.280926369,0.192080307,0.0,0.0,0.880530278,2.473006676
2025-08-07T17:00:00+02:00,29.8,55,0.0,2,11.9,720.0,615.0,105.0,WD_HOME,WD_HOME,False,EMPTY,FULL,False,,False,,2025-08-07T08:44:35.258154+02:00,2025-08-07T17:13:25.229632+02:00,WD_HOME,24.458017318,21.024255295,23.154925512,cool,False,True,0.0,1.0,0.060657674,0.130897257,0.0,0.0,0.0,0.0,0.0,0.0,0.0,0.0,0.191554931,0.0,1.40039609,1.40039609,0.0,0.0,0.0,0.880530278,0.0,0.0,2.280926369,0.191554931,0.0,0.0,0.880530278,2.472481300
2025-08-07T18:00:00+02:00,29.4,58,0.0,1,12.0,567.0,470.0,97.0,WD_HOME,WD_HOME,False,EMPTY,FULL,False,,False,,2025-08-07T08:44:35.258154+02:00,2025-08-07T17:13:25.229632+02:00,WD_HOME,24.348347765,21.024255295,23.154925512,cool,True,True,0.31030497,1.0,0.060478478,0.130897257,0.0,0.0,0.0,0.0,0.0,0.0,0.0,0.0,0.191375735,0.0,1.40039609,1.40039609,0.044819009,0.0,0.044819009,0.880530278,0.0,0.0,2.325745377,0.191375735,0.0,0.044819009,0.880530278,2.517121112
2025-08-07T19:00:00+02:00,28.6,63,0.0,0,12.2,386.0,303.0,83.0,WD_HOME,WD_HOME,False,EMPTY,FULL,False,,False,,2025-08-07T08:44:35.258154+02:00,2025-08-07T17:13:25.229632+02:00,WD_HOME,24.190289804,21.024255295,23.154925512,cool,True,True,1.0,1.0,0.060657674,0.130897257,0.0,0.0,0.0,0.0,0.0,0.0,0.0,0.0,0.191554931,0.0,1.40039609,1.40039609,7.4,0.0,7.4,0.557405012,0.0,0.0,9.357801103,0.191554931,0.0,7.4,0.557405012,9.549356034
2025-08-07T20:00:00+02:00,27.5,69,0.0,0,11.2,197.0,136.0,61.0,WD_HOME,WD_HOME,False,EMPTY,FULL,False,,False,,2025-08-07T08:44:35.258154+02:00,2025-08-07T17:13:25.229632+02:00,WD_HOME,23.925241503,21.024255295,23.154925512,cool,True,True,1.0,1.0,0.06118305,0.130897257,0.643333726,0.0,0.0,0.0,0.087868232,0.0,0.0,0.0,0.923282265,0.0,1.40039609,1.40039609,7.4,0.0,7.4,0.0,0.0,0.0,8.80039609,0.192080307,0.731201958,7.4,0.0,9.723678355
2025-08-07T21:00:00+02:00,26.2,77,0.0,0,8.4,43.0,22.0,21.0,WD_HOME,WD_HOME,False,EMPTY,FULL,False,,False,,2025-08-07T08:44:35.258154+02:00,2025-08-07T17:13:25.229632+02:00,WD_HOME,23.521034586,21.024255295,23.154925512,cool,True,True,1.0,1.0,0.062018802,0.130897257,2.009027414,0.0,0.0,0.0,0.191548588,0.0,0.0,0.0,2.393492061,0.0,1.40039609,1.40039609,7.4,0.0,7.4,0.0,0.0,0.0,8.80039609,0.192916059,2.200576002,7.4,0.0,11.193888151
2025-08-07T22:00:00+02:00,25.1,85,0.0,2,5.4,0.0,0.0,0.0,WD_HOME,WD_HOME,False,EMPTY,FULL,False,,False,,2025-08-07T08:44:35.258154+02:00,2025-08-07T17:13:25.229632+02:00,WD_HOME,22.967528822,21.024255295,23.154925512,off,True,True,1.0,1.0,0.063107977,0.130897257,0.252582996,0.507360217,0.0,0.0,0.136524183,0.010483076,0.324982315,0.081245579,1.5071836,0.0,0.0,0.0,7.4,0.0,7.4,0.0,0.0,0.0,7.4,0.194005234,1.313178366,7.4,0.0,8.9071836
2025-08-07T23:00:00+02:00,25.4,83,0.0,0,4.2,0.0,0.0,0.0,WD_HOME,WD_HOME,False,EMPTY,FULL,False,,False,,2025-08-07T08:44:35.258154+02:00,2025-08-07T17:13:25.229632+02:00,WD_HOME,23.322940685,21.024255295,23.154925512,off,True,True,1.0,1.0,0.064376347,0.130897257,0.0,0.570891483,0.0,0.0,0.0,0.022997567,0.324982315,0.081245579,1.195390548,0.0,0.0,0.0,6.910027218,0.0,6.910027218,0.0,0.0,0.0,6.910027218,0.195273604,1.000116944,6.910027218,0.0,8.105417766
2025-08-08T00:00:00+02:00,25.1,87,0.0,2,2.4,0.0,0.0,0.0,WD_HOME,WD_HOME,False,FULL,FULL,False,,False,,,,WD_HOME,23.669117237,21.784755382,23.915425599,off,True,True,1.0,1.0,0.065737476,0.130897257,0.0,0.0,0.0,0.0,0.0,0.0,0.324982315,0.081245579,0.602862627,0.0,0.0,0.0,0.0,0.0,0.0,0.0,0.0,0.0,0.0,0.196634733,0.406227894,0.0,0.0,0.602862627
2025-08-08T01:00:00+02:00,24.1,90,0.0,0,1.9,0.0,0.0,0.0,WD_HOME,WD_HOME,False,FULL,FULL,False,,False,,,,WD_HOME,23.907597698,21.784755382,23.915425599,off,True,True,1.0,1.0,0.067098604,0.130897257,0.0,0.0,0.0,0.0,0.0,0.0,0.324982315,0.081245579,0.604223755,0.0,0.0,0.0,0.0,0.0,0.0,0.0,0.0,0.0,0.0,0.197995861,0.406227894,0.0,0.0,0.604223755
2025-08-08T02:00:00+02:00,23.6,90,0.0,0,1.7,0.0,0.0,0.0,WD_HOME,WD_HOME,False,FULL,FULL,False,,False,,,,WD_HOME,23.939664748,21.784755382,23.915425599,off,True,True,1.0,1.0,0.068366975,0.130897257,0.0,0.0,0.0,0.0,0.0,0.0,0.324982315,0.081245579,0.605492126,0.0,0.0,0.0,0.0,0.0,0.0,0.0,0.0,0.0,0.0,0.199264232,0.406227894,0.0,0.0,0.605492126
2025-08-08T03:00:00+02:00,23.3,92,0.0,0,2.4,0.0,0.0,0.0,WD_HOME,WD_HOME,False,FULL,FULL,False,,False,,,,WD_HOME,23.883053957,21.784755382,23.915425599,off,True,True,1.0,1.0,0.069456149,0.130897257,0.0,0.0,0.0,0.0,0.0,0.0,0.324982315,0.081245579,0.6065813,0.0,0.0,0.0,0.0,0.0,0.0,0.0,0.0,0.0,0.0,0.200353406,0.406227894,0.0,0.0,0.6065813
2025-08-08T04:00:00+02:00,23.2,93,0.0,58,2.8,0.0,0.0,0.0,WD_HOME,WD_HOME,False,FULL,FULL,False,,False,,,,WD_HOME,23.785878297,21.784755382,23.915425599,off,True,True,1.0,1.0,0.070291902,0.130897257,0.0,0.0,0.0,0.0,0.0,0.0,0.324982315,0.081245579,0.607417053,0.0,0.0,0.0,0.0,0.0,0.0,0.0,0.0,0.0,0.0,0.201189159,0.406227894,0.0,0.0,0.607417053
2025-08-08T05:00:00+02:00,23.1,93,0.0,76,3.4,0.0,0.0,0.0,WD_HOME,WD_HOME,False,FULL,FULL,False,,False,,,,WD_HOME,23.688231914,21.784755382,23.915425599,off,True,True,1.0,1.0,0.070817278,0.130897257,0.0,0.0,0.0,0.0,0.0,0.0,0.324982315,0.081245579,0.607942429,0.0,0.0,0.0,0.0,0.0,0.0,0.0,0.0,0.0,0.0,0.201714535,0.406227894,0.0,0.0,0.607942429
2025-08-08T06:00:00+02:00,22.8,94,0.0,75,5.0,0.0,0.0,0.0,WD_HOME,WD_HOME,False,FULL,FULL,False,,False,,,,WD_HOME,23.590193262,21.784755382,23.915425599,off,True,True,1.0,1.0,0.070996474,0.130897257,0.0,0.0,0.0,0.0,0.0,0.0,0.324982315,0.081245579,0.608121625,0.0,0.0,0.0,0.0,0.0,0.0,0.0,0.0,0.0,0.0,0.201893731,0.406227894,0.0,0.0,0.608121625
2025-08-08T07:00:00+02:00,22.4,94,0.0,100,5.5,0.0,0.0,0.0,WD_HOME,WD_HOME,False,FULL,FULL,False,,False,,,,WD_HOME,23.458494385,21.784755382,23.915425599,off,True,True,1.0,1.0,0.070817278,0.130897257,0.0,0.0,0.0,0.0,0.0,0.0,0.324982315,0.081245579,0.607942429,0.0,0.0,0.0,0.0,0.0,0.0,0.10962723,0.0,0.0,0.10962723,0.201714535,0.406227894,0.0,0.10962723,0.717569659
2025-08-08T08:00:00+02:00,22.6,94,0.0,100,5.3,44.0,18.0,26.0,WD_HOME,WD_HOME,False,FULL,FULL,False,,False,,,,WD_HOME,23.282078654,21.784755382,23.915425599,off,True,True,0.984496506,1.0,0.070291902,0.130897257,0.0,0.0,0.0,0.0,0.0,0.0,0.0,0.0,0.201189159,0.0,0.0,0.0,0.0,0.0,0.0,0.880530278,0.0,0.0,0.880530278,0.201189159,0.0,0.0,0.880530278,1.081719437
2025-08-08T09:00:00+02:00,24.4,90,0.0,58,4.2,179.0,94.0,85.0,WD_HOME,WD_HOME,False,FULL,FULL,False,,False,,,,WD_HOME,23.168398878,21.784755382,23.915425599,off,False,True,0.0,1.0,0.069456149,0.130897257,0.0,0.0,0.0,0.0,0.0,0.0,0.0,0.0,0.200353406,0.0,0.0,0.0,0.0,0.0,0.0,0.880530278,0.0,0.0,0.880530278,0.200353406,0.0,0.0,0.880530278,1.080883684
2025-08-08T10:00:00+02:00,26.5,74,0.0,0,2.4,342.0,204.0,138.0,WD_HOME,WD_HOME,False,FULL,FULL,False,,False,,,,WD_HOME,23.373665732,21.784755382,23.915425599,off,False,True,0.0,1.0,0.068366975,0.130897257,0.0,0.0,0.0,0.0,0.0,0.0,0.0,0.0,0.199264232,0.0,0.0,0.0,0.0,0.0,0.0,0.880530278,0.0,0.0,0.880530278,0.199264232,0.0,0.0,0.880530278,1.079794510
2025-08-08T11:00:00+02:00,28.0,64,0.0,1,2.7,538.0,379.0,159.0,WD_HOME,WD_HOME,False,FULL,FULL,False,,False,,,,WD_HOME,23.894721443,21.784755382,23.915425599,off,False,True,0.0,1.0,0.067098604,0.130897257,0.0,0.0,0.0,0.0,0.0,0.0,0.0,0.0,0.197995861,0.0,0.0,0.0,0.0,0.0,0.0,0.880530278,0.0,0.0,0.880530278,0.197995861,0.0,0.0,0.880530278,1.078526139
2025-08-08T12:00:00+02:00,29.3,55,0.0,3,6.2,724.0,602.0,122.0,WD_HOME,WD_HOME,False,FULL,FULL,False,,False,,,,WD_HOME,24.578934536,21.784755382,23.915425599,cool,False,True,0.0,1.0,0.065737476,0.130897257,0.0,0.0,0.0,0.0,0.042804103,0.0,0.0,0.0,0.239438836,0.0,1.40039609,1.40039609,0.0,0.0,0.0,0.427906378,0.0,0.0,1.828302468,0.196634733,0.042804103,0.0,0.427906378,2.067741304
2025-08-08T13:00:00+02:00,29.8,58,0.0,3,9.0,823.0,700.0,123.0,WD_HOME,WD_HOME,False,FULL,FULL,False,,False,,,,WD_HOME,24.36577878,21.784755382,23.915425599,cool,False,True,0.0,1.0,0.064376347,0.130897257,0.0,0.0,0.0,0.0,0.224168266,0.0,0.0,0.0,0.41944187,0.0,1.40039609,1.40039609,0.0,0.0,0.0,0.0,0.0,0.0,1.40039609,0.195273604,0.224168266,0.0,0.0,1.81983796
2025-08-08T14:00:00+02:00,30.4,58,0.0,2,9.7,895.0,772.0,123.0,WD_HOME,WD_HOME,False,FULL,FULL,False,,False,,,,WD_HOME,24.271482317,21.784755382,23.915425599,cool,False,True,0.0,1.0,0.063107977,0.130897257,0.0,0.0,0.0,0.0,0.224168266,0.0,0.0,0.0,0.4181735,0.0,1.40039609,1.40039609,0.0,0.0,0.0,0.0,0.0,0.0,1.40039609,0.194005234,0.224168266,0.0,0.0,1.81856959
2025-08-08T15:00:00+02:00,30.4,60,0.0,2,10.2,887.0,776.0,111.0,WD_HOME,WD_HOME,False,FULL,FULL,False,,False,,,,WD_HOME,24.292901931,21.784755382,23.915425599,cool,False,True,0.0,1.0,0.062018802,0.130897257,0.0,0.0,0.0,0.0,0.026617102,0.0,0.0,0.0,0.219533161,0.0,1.40039609,1.40039609,0.0,0.0,0.0,0.0,0.0,0.0,1.40039609,0.192916059,0.026617102,0.0,0.0,1.619929251
2025-08-08T16:00:00+02:00,30.3,61,0.0,2,11.0,803.0,680.0,123.0,WD_HOME,WD_HOME,False,FULL,FULL,False,,False,,,,WD_HOME,24.310751609,21.784755382,23.915425599,cool,False,True,0.0,1.0,0.06118305,0.130897257,0.0,0.0,0.0,0.0,0.0,0.0,0.0,0.0,0.192080307,0.0,1.40039609,1.40039609,0.0,0.0,0.0,0.727466569,0.0,0.0,2.12786266,0.192080307,0.0,0.0,0.727466569,2.319942967
2025-08-08T17:00:00+02:00,30.0,63,0.0,3,12.3,711.0,599.0,112.0,WD_HOME,WD_HOME,False,FULL,FULL,False,,False,,,,WD_HOME,24.308959674,21.784755382,23.915425599,cool,True,True,0.582482353,1.0,0.060657674,0.130897257,0.0,0.0,0.0,0.0,0.0,0.0,0.0,0.0,0.191554931,0.0,1.40039609,1.40039609,0.0,0.0,0.0,0.880530278,0.0,0.0,2.280926369,0.191554931,0.0,0.0,0.880530278,2.472481300
2025-08-08T18:00:00+02:00,29.4,65,0.0,4,12.9,559.0,463.0,96.0,WD_HOME,WD_HOME,False,FULL,FULL,False,,False,,,,WD_HOME,24.257466395,21.784755382,23.915425599,cool,True,True,1.0,1.0,0.060478478,0.130897257,1.62955583,0.0,0.0,0.0,0.0,0.0,0.0,0.0,1.820931565,0.0,1.40039609,1.40039609,5.379967951,0.0,5.379967951,0.360133856,0.0,0.0,7.140497898,0.191375735,1.62955583,5.379967951,0.360133856,8.961429463
2025-08-08T19:00:00+02:00,28.7,68,0.0,10,11.6,379.0,297.0,82.0,WD_HOME,WD_HOME,False,FULL,FULL,False,,True,guest_001,,,WD_HOME,24.114555329,21.784755382,23.915425599,cool,True,True,1.0,1.0,0.060657674,0.130897257,0.0,0.0,0.0,0.0,0.074677304,0.0,0.0,0.0,0.266232235,0.0,1.40039609,1.40039609,2.779195991,0.0,2.779195991,0.0,0.0,0.0,4.179592082,0.191554931,0.074677304,2.779195991,0.0,4.445824317
2025-08-08T20:00:00+02:00,27.8,71,0.0,17,7.8,193.0,133.0,60.0,WD_HOME,WD_HOME,False,FULL,FULL,False,,True,guest_001,,,WD_HOME,23.878796108,21.784755382,23.915425599,off,True,True,1.0,1.0,0.06118305,0.130897257,0.0,0.0,0.0,0.0,0.191548588,0.011649788,0.0,0.0,0.395278683,0.0,0.0,0.0,0.0,0.0,0.0,0.0,0.0,0.0,0.0,0.192080307,0.203198376,0.0,0.0,0.395278683
2025-08-08T21:00:00+02:00,26.4,79,0.0,13,4.7,41.0,21.0,20.0,WD_HOME,WD_HOME,False,FULL,FULL,False,,False,,,,WD_HOME,24.53233009,21.784755382,23.915425599,cool,True,True,1.0,1.0,0.062018802,0.130897257,0.0,0.0,0.0,0.0,0.084228754,0.0128856,0.0,0.0,0.290030413,0.0,1.40039609,1.40039609,0.0,0.0,0.0,0.0,0.0,0.0,1.40039609,0.192916059,0.097114354,0.0,0.0,1.690426503
2025-08-08T22:00:00+02:00,26.3,79,0.0,17,3.0,0.0,0.0,0.0,WD_HOME,WD_HOME,False,FULL,FULL,False,,False,,,,WD_HOME,23.843608408,21.784755382,23.915425599,off,True,True,1.0,1.0,0.063107977,0.130897257,0.0,0.15807754,0.0,0.0,0.0,0.0,0.324982315,0.081245579,0.758310668,0.0,0.0,0.0,0.0,0.0,0.0,0.0,0.0,0.0,0.0,0.194005234,0.564305434,0.0,0.0,0.758310668
2025-08-08T23:00:00+02:00,25.7,84,0.0,17,3.5,0.0,0.0,0.0,WD_HOME,WD_HOME,False,FULL,FULL,False,,False,,,,WD_HOME,24.253007007,21.784755382,23.915425599,off,True,True,1.0,1.0,0.064376347,0.130897257,0.0,0.6612173,0.0,0.0,0.0,0.0,0.324982315,0.081245579,1.262718798,0.0,0.0,0.0,0.0,0.0,0.0,0.0,0.0,0.0,0.0,0.195273604,1.067445194,0.0,0.0,1.262718798
2025-08-09T00:00:00+02:00,24.9,91,0.0,13,5.3,0.0,0.0,0.0,WE_HOME,WE_HOME,True,EMPTY,FULL,False,,False,,2025-08-09T10:22:07.571036+02:00,2025-08-09T16:08:28.806695+02:00,WE_HOME,24.494172506,21.832835721,23.963505938,cool,True,True,1.0,1.0,0.065737476,0.130897257,0.0,0.0,0.0,0.0,0.0,0.0,0.324982315,0.081245579,0.602862627,0.0,1.40039609,1.40039609,0.0,0.0,0.0,0.0,0.0,0.0,1.40039609,0.196634733,0.406227894,0.0,0.0,2.003258717
2025-08-09T01:00:00+02:00,24.4,92,0.0,26,4.5,0.0,0.0,0.0,WE_HOME,WE_HOME,True,EMPTY,FULL,False,,False,,2025-08-09T10:22:07.571036+02:00,2025-08-09T16:08:28.806695+02:00,WE_HOME,23.561810421,21.832835721,23.963505938,off,True,True,1.0,1.0,0.067098604,0.130897257,0.0,0.0,0.0,0.0,0.0,0.0,0.324982315,0.081245579,0.604223755,0.0,0.0,0.0,0.0,0.0,0.0,0.0,0.0,0.0,0.0,0.197995861,0.406227894,0.0,0.0,0.604223755
2025-08-09T02:00:00+02:00,24.9,90,0.0,28,3.4,0.0,0.0,0.0,WE_HOME,WE_HOME,True,EMPTY,FULL,False,,False,,2025-08-09T10:22:07.571036+02:00,2025-08-09T16:08:28.806695+02:00,WE_HOME,23.701508684,21.832835721,23.963505938,off,True,True,1.0,1.0,0.068366975,0.130897257,0.0,0.0,0.0,0.0,0.0,0.0,0.324982315,0.081245579,0.605492126,0.0,0.0,0.0,0.0,0.0,0.0,0.0,0.0,0.0,0.0,0.199264232,0.406227894,0.0,0.0,0.605492126
2025-08-09T03:00:00+02:00,24.9,89,0.0,23,2.4,0.0,0.0,0.0,WE_HOME,WE_HOME,True,EMPTY,FULL,False,,False,,2025-08-09T10:22:07.571036+02:00,2025-08-09T16:08:28.806695+02:00,WE_HOME,23.901257237,21.832835721,23.963505938,off,True,True,1.0,1.0,0.069456149,0.130897257,0.0,0.0,0.0,0.0,0.0,0.0,0.324982315,0.081245579,0.6065813,0.0,0.0,0.0,0.0,0.0,0.0,0.0,0.0,0.0,0.0,0.200353406,0.406227894,0.0,0.0,0.6065813
2025-08-09T04:00:00+02:00,24.5,90,0.0,20,2.1,0.0,0.0,0.0,WE_HOME,WE_HOME,True,EMPTY,FULL,False,,False,,2025-08-09T10:22:07.571036+02:00,2025-08-09T16:08:28.806695+02:00,WE_HOME,24.067714364,21.832835721,23.963505938,off,True,True,1.0,1.0,0.070291902,0.130897257,0.0,0.0,0.0,0.0,0.0,0.0,0.324982315,0.081245579,0.607417053,0.0,0.0,0.0,0.0,0.0,0.0,0.0,0.0,0.0,0.0,0.201189159,0.406227894,0.0,0.0,0.607417053
2025-08-09T05:00:00+02:00,24.2,90,0.0,70,2.8,0.0,0.0,0.0,WE_HOME,WE_HOME,True,EMPTY,FULL,False,,False,,2025-08-09T10:22:07.571036+02:00,2025-08-09T16:08:28.806695+02:00,WE_HOME,24.13976197,21.832835721,23.963505938,off,True,True,1.0,1.0,0.070817278,0.130897257,0.0,0.0,0.0,0.0,0.0,0.0,0.324982315,0.081245579,0.607942429,0.0,0.0,0.0,0.0,0.0,0.0,0.0,0.0,0.0,0.0,0.201714535,0.406227894,0.0,0.0,0.607942429
2025-08-09T06:00:00+02:00,24.1,90,0.0,72,1.4,0.0,0.0,0.0,WE_HOME,WE_HOME,True,EMPTY,FULL,False,,False,,2025-08-09T10:22:07.571036+02:00,2025-08-09T16:08:28.806695+02:00,WE_HOME,24.149801642,21.832835721,23.963505938,off,True,True,1.0,1.0,0.070996474,0.130897257,0.0,0.0,0.0,0.0,0.0,0.0,0.324982315,0.081245579,0.608121625,0.0,0.0,0.0,0.0,0.0,0.0,0.757609008,0.0,0.0,0.757609008,0.201893731,0.406227894,0.0,0.757609008,1.365730633
2025-08-09T07:00:00+02:00,23.9,91,0.0,74,0.7,0.0,0.0,0.0,WE_HOME,WE_HOME,True,EMPTY,FULL,False,,False,,2025-08-09T10:22:07.571036+02:00,2025-08-09T16:08:28.806695+02:00,WE_HOME,24.141501368,21.832835721,23.963505938,off,True,True,1.0,1.0,0.070817278,0.130897257,0.0,0.0,0.0,0.0,0.0,0.0,0.324982315,0.081245579,0.607942429,0.0,0.0,0.0,0.0,0.0,0.0,0.880530278,0.0,0.0,0.880530278,0.201714535,0.406227894,0.0,0.880530278,1.488472707
2025-08-09T08:00:00+02:00,23.9,91,0.0,58,1.9,51.0,26.0,25.0,WE_HOME,WE_HOME,True,EMPTY,FULL,False,,False,,2025-08-09T10:22:07.571036+02:00,2025-08-09T16:08:28.806695+02:00,WE_HOME,24.10125114,21.832835721,23.963505938,off,True,True,1.0,1.0,0.070291902,0.130897257,0.0,0.0,0.0,0.0,0.0,0.0,0.0,0.0,0.201189159,0.0,0.0,0.0,0.0,0.0,0.0,0.880530278,0.0,0.0,0.880530278,0.201189159,0.0,0.0,0.880530278,1.081719437
2025-08-09T09:00:00+02:00,25.3,84,0.0,53,2.0,205.0,136.0,69.0,WE_HOME,WE_HOME,True,EMPTY,FULL,False,,False,,2025-08-09T10:22:07.571036+02:00,2025-08-09T16:08:28.806695+02:00,WE_HOME,24.067709283,21.832835721,23.963505938,off,True,True,0.446735257,1.0,0.069456149,0.130897257,0.0,0.0,0.0,0.0,0.0,0.0,0.0,0.0,0.200353406,0.0,0.0,0.0,0.0,0.0,0.0,0.283560513,0.0,0.0,0.283560513,0.200353406,0.0,0.0,0.283560513,0.483913919
2025-08-09T10:00:00+02:00,26.9,79,0.0,60,3.1,388.0,300.0,88.0,WE_HOME,WE_HOME,True,EMPTY,EMPTY,False,,False,,2025-08-09T10:22:07.571036+02:00,2025-08-09T16:08:28.806695+02:00,WE_HOME,24.27309107,20.832835721,24.963505938,off,False,True,0.0,1.0,0.068366975,0.130897257,0.0,0.0,0.0,0.0,0.0,0.0,0.0,0.0,0.199264232,0.0,0.0,0.0,0.0,0.0,0.0,0.0,0.0,0.0,0.0,0.199264232,0.0,0.0,0.0,0.199264232
2025-08-09T11:00:00+02:00,28.3,73,0.0,15,6.0,550.0,426.0,124.0,WE_HOME,WE_HOME,True,EMPTY,EMPTY,False,,False,,2025-08-09T10:22:07.571036+02:00,2025-08-09T16:08:28.806695+02:00,WE_HOME,24.710909225,20.832835721,24.963505938,off,False,True,0.0,1.0,0.067098604,0.130897257,0.0,0.0,0.0,0.0,0.0,0.0,0.0,0.0,0.197995861,0.0,0.0,0.0,0.0,0.0,0.0,0.0,0.0,0.0,0.0,0.197995861,0.0,0.0,0.0,0.197995861
2025-08-09T12:00:00+02:00,29.3,72,0.0,26,7.7,708.0,587.0,121.0,WE_HOME,WE_HOME,True,EMPTY,EMPTY,False,,False,,2025-08-09T10:22:07.571036+02:00,2025-08-09T16:08:28.806695+02:00,WE_HOME,25.309091021,20.832835721,24.963505938,off,False,True,0.0,1.0,0.065737476,0.130897257,0.0,0.0,0.0,0.0,0.0,0.0,0.0,0.0,0.196634733,0.0,0.0,0.0,0.0,0.0,0.0,0.0,0.0,0.0,0.0,0.196634733,0.0,0.0,0.0,0.196634733
2025-08-09T13:00:00+02:00,30.1,68,0.0,23,9.5,809.0,680.0,129.0,WE_HOME,WE_HOME,True,EMPTY,EMPTY,False,,False,,2025-08-09T10:22:07.571036+02:00,2025-08-09T16:08:28.806695+02:00,WE_HOME,25.974242517,20.832835721,24.963505938,cool,False,True,0.0,1.0,0.064376347,0.130897257,0.0,0.0,0.0,0.0,0.0,0.0,0.0,0.0,0.195273604,0.0,1.40039609,1.40039609,0.0,0.0,0.0,0.0,0.0,0.0,1.40039609,0.195273604,0.0,0.0,0.0,1.595669694
2025-08-09T14:00:00+02:00,30.4,67,0.0,9,12.1,870.0,749.0,121.0,WE_HOME,WE_HOME,True,EMPTY,EMPTY,False,,False,,2025-08-09T10:22:07.571036+02:00,2025-08-09T16:08:28.806695+02:00,WE_HOME,25.661868764,20.832835721,24.963505938,cool,False,True,0.0,1.0,0.063107977,0.130897257,0.0,0.0,0.0,0.0,0.0,0.0,0.0,0.0,0.194005234,0.0,1.40039609,1.40039609,0.0,0.0,0.0,0.0,0.0,0.0,1.40039609,0.194005234,0.0,0.0,0.0,1.594401324
2025-08-09T15:00:00+02:00,30.3,67,0.0,3,13.9,867.0,747.0,120.0,WE_HOME,WE_HOME,True,EMPTY,EMPTY,False,,False,,2025-08-09T10:22:07.571036+02:00,2025-08-09T16:08:28.806695+02:00,WE_HOME,25.451557304,20.832835721,24.963505938,cool,False,True,0.0,1.0,0.062018802,0.130897257,0.0,0.0,0.0,0.0,0.0,0.0,0.0,0.0,0.192916059,0.0,1.40039609,1.40039609,0.0,0.0,0.0,0.0,0.0,0.0,1.40039609,0.192916059,0.0,0.0,0.0,1.593312149
2025-08-09T16:00:00+02:00,30.2,66,0.0,2,13.9,808.0,692.0,116.0,WE_HOME,WE_HOME,True,EMPTY,FULL,False,,False,,2025-08-09T10:22:07.571036+02:00,2025-08-09T16:08:28.806695+02:00,WE_HOME,25.259631086,21.832835721,23.963505938,cool,False,True,0.0,1.0,0.06118305,0.130897257,0.0,0.0,0.0,0.0,0.0,0.0,0.0,0.0,0.192080307,0.0,1.40039609,1.40039609,0.0,0.0,0.0,0.0,0.0,0.0,1.40039609,0.192080307,0.0,0.0,0.0,1.592476397
2025-08-09T17:00:00+02:00,29.9,65,0.0,1,12.4,703.0,594.0,109.0,WE_HOME,WE_HOME,True,EMPTY,FULL,False,,False,,2025-08-09T10:22:07.571036+02:00,2025-08-09T16:08:28.806695+02:00,WE_HOME,25.083025905,21.832835721,23.963505938,cool,True,True,0.462194291,1.0,0.060657674,0.130897257,0.0,0.0,0.0,0.0,0.0,0.0,0.0,0.0,0.191554931,0.0,1.40039609,1.40039609,0.0,0.0,0.0,0.829891331,0.0,0.0,2.230287421,0.191554931,0.0,0.0,0.829891331,2.421842352
2025-08-09T18:00:00+02:00,29.7,65,0.0,1,10.2,556.0,455.0,101.0,WE_HOME,WE_HOME,True,EMPTY,FULL,False,,False,,2025-08-09T10:22:07.571036+02:00,2025-08-09T16:08:28.806695+02:00,WE_HOME,24.885854921,21.832835721,23.963505938,cool,True,True,1.0,1.0,0.060478478,0.130897257,0.0,0.0,0.0,0.0,0.0,0.0,0.0,0.0,0.191375735,0.0,1.40039609,1.40039609,0.0,0.0,0.0,0.880530278,0.0,0.0,2.280926369,0.191375735,0.0,0.0,0.880530278,2.472302104
2025-08-09T19:00:00+02:00,28.8,67,0.0,0,8.5,369.0,281.0,88.0,WE_HOME,WE_HOME,True,EMPTY,FULL,False,,False,,2025-08-09T10:22:07.571036+02:00,2025-08-09T16:08:28.806695+02:00,WE_HOME,24.688212434,21.832835721,23.963505938,cool,True,True,1.0,1.0,0.060657674,0.130897257,0.0,0.0,0.0,0.0,0.165546673,0.0,0.0,0.0,0.357101604,0.0,1.40039609,1.40039609,0.0,0.0,0.0,0.880530278,0.0,0.0,2.280926369,0.191554931,0.165546673,0.0,0.880530278,2.638027973
2025-08-09T20:00:00+02:00,27.8,69,0.0,0,6.9,188.0,126.0,62.0,WE_HOME,WE_HOME,True,EMPTY,FULL,False,,False,,2025-08-09T10:22:07.571036+02:00,2025-08-09T16:08:28.806695+02:00,WE_HOME,24.373510362,21.832835721,23.963505938,cool,True,True,1.0,1.0,0.06118305,0.130897257,0.0,0.0,0.0,0.0,0.097152553,0.017786998,0.0,0.0,0.307019858,0.0,1.40039609,1.40039609,0.0,0.0,0.0,0.168034425,0.0,0.0,1.568430516,0.192080307,0.114939551,0.0,0.168034425,1.875450374
2025-08-09T21:00:00+02:00,26.4,75,0.0,0,5.7,40.0,21.0,19.0,WE_HOME,WE_HOME,True,EMPTY,FULL,False,,False,,2025-08-09T10:22:07.571036+02:00,2025-08-09T16:08:28.806695+02:00,WE_HOME,23.944591968,21.832835721,23.963505938,off,True,True,1.0,1.0,0.062018802,0.130897257,0.0,0.0,0.0,0.0,0.0,0.0,0.0,0.0,0.192916059,0.0,0.0,0.0,0.0,0.0,0.0,0.0,0.0,0.0,0.0,0.192916059,0.0,0.0,0.0,0.192916059
2025-08-09T22:00:00+02:00,25.9,80,0.0,0,5.4,0.0,0.0,0.0,WE_HOME,WE_HOME,True,EMPTY,FULL,False,,False,,2025-08-09T10:22:07.571036+02:00,2025-08-09T16:08:28.806695+02:00,WE_HOME,24.35382664,21.832835721,23.963505938,off,True,True,1.0,1.0,0.063107977,0.130897257,0.0,0.218387804,0.0,0.0,0.0,0.0,0.324982315,0.081245579,0.818620932,0.0,0.0,0.0,0.0,0.0,0.0,0.0,0.0,0.0,0.0,0.194005234,0.624615698,0.0,0.0,0.818620932
2025-08-09T23:00:00+02:00,25.7,84,0.0,7,4.9,0.0,0.0,0.0,WE_HOME,WE_HOME,True,EMPTY,FULL,False,,False,,2025-08-09T10:22:07.571036+02:00,2025-08-09T16:08:28.806695+02:00,WE_HOME,24.6115222,21.832835721,23.963505938,cool,True,True,1.0,1.0,0.064376347,0.130897257,0.0,0.954083432,0.0,0.0,0.0,0.0,0.324982315,0.081245579,1.55558493,0.0,1.40039609,1.40039609,0.0,0.0,0.0,0.0,0.0,0.0,1.40039609,0.195273604,1.360311326,0.0,0.0,2.95598102
2025-08-10T00:00:00+02:00,25.0,86,0.0,4,4.3,0.0,0.0,0.0,WE_HOME,WE_HOME,True,FULL,FULL,False,,False,,,,WE_HOME,23.792935167,21.320423834,23.451094051,cool,True,True,1.0,1.0,0.065737476,0.130897257,0.0,0.0,0.0,0.0,0.0,0.0,0.324982315,0.081245579,0.602862627,0.0,1.40039609,1.40039609,0.0,0.0,0.0,0.0,0.0,0.0,1.40039609,0.196634733,0.406227894,0.0,0.0,2.003258717
2025-08-10T01:00:00+02:00,24.9,87,0.0,6,3.5,0.0,0.0,0.0,WE_HOME,WE_HOME,True,FULL,FULL,False,,False,,,,WE_HOME,22.994112639,21.320423834,23.451094051,off,True,True,1.0,1.0,0.067098604,0.130897257,0.0,0.0,0.0,0.0,0.0,0.0,0.324982315,0.081245579,0.604223755,0.0,0.0,0.0,0.0,0.0,0.0,0.0,0.0,0.0,0.0,0.197995861,0.406227894,0.0,0.0,0.604223755
2025-08-10T02:00:00+02:00,25.3,84,0.0,14,3.3,0.0,0.0,0.0,WE_HOME,WE_HOME,True,FULL,FULL,False,,False,,,,WE_HOME,23.311760532,21.320423834,23.451094051,off,True,True,1.0,1.0,0.068366975,0.130897257,0.0,0.0,0.0,0.0,0.0,0.0,0.324982315,0.081245579,0.605492126,0.0,0.0,0.0,0.0,0.0,0.0,0.0,0.0,0.0,0.0,0.199264232,0.406227894,0.0,0.0,0.605492126
2025-08-10T03:00:00+02:00,25.1,86,0.0,13,3.1,0.0,0.0,0.0,WE_HOME,WE_HOME,True,FULL,FULL,False,,False,,,,WE_HOME,23.643133777,21.320423834,23.451094051,off,True,True,1.0,1.0,0.069456149,0.130897257,0.0,0.0,0.0,0.0,0.0,0.0,0.324982315,0.081245579,0.6065813,0.0,0.0,0.0,0.0,0.0,0.0,0.0,0.0,0.0,0.0,0.200353406,0.406227894,0.0,0.0,0.6065813
2025-08-10T04:00:00+02:00,24.8,87,0.0,24,2.3,0.0,0.0,0.0,WE_HOME,WE_HOME,True,FULL,FULL,False,,False,,,,WE_HOME,23.885944814,21.320423834,23.451094051,off,True,True,1.0,1.0,0.070291902,0.130897257,0.0,0.0,0.0,0.0,0.0,0.0,0.324982315,0.081245579,0.607417053,0.0,0.0,0.0,0.0,0.0,0.0,0.0,0.0,0.0,0.0,0.201189159,0.406227894,0.0,0.0,0.607417053
2025-08-10T05:00:00+02:00,24.5,88,0.0,25,2.8,0.0,0.0,0.0,WE_HOME,WE_HOME,True,FULL,FULL,False,,False,,,,WE_HOME,24.038287345,21.320423834,23.451094051,cool,True,True,1.0,1.0,0.070817278,0.130897257,0.0,0.0,0.0,0.0,0.0,0.0,0.324982315,0.081245579,0.607942429,0.0,1.40039609,1.40039609,0.0,0.0,0.0,0.0,0.0,0.0,1.40039609,0.201714535,0.406227894,0.0,0.0,2.008338519
2025-08-10T06:00:00+02:00,24.2,89,0.0,2,4.4,0.0,0.0,0.0,WE_HOME,WE_HOME,True,FULL,FULL,False,,False,,,,WE_HOME,23.115239454,21.320423834,23.451094051,off,True,True,1.0,1.0,0.070996474,0.130897257,0.0,0.0,0.0,0.0,0.0,0.0,0.324982315,0.081245579,0.608121625,0.0,0.0,0.0,0.0,0.0,0.0,0.0,0.0,0.0,0.0,0.201893731,0.406227894,0.0,0.0,0.608121625
2025-08-10T07:00:00+02:00,24.2,89,0.0,0,4.9,0.0,0.0,0.0,WE_HOME,WE_HOME,True,FULL,FULL,False,,False,,,,WE_HOME,23.296032879,21.320423834,23.451094051,off,True,True,1.0,1.0,0.070817278,0.130897257,0.365847633,0.0,0.0,0.0,0.0,0.0,0.324982315,0.081245579,0.973790062,0.0,0.0,0.0,0.0,0.0,0.0,0.878410031,0.0,0.0,0.878410031,0.201714535,0.772075527,0.0,0.878410031,1.852200093
2025-08-10T08:00:00+02:00,25.5,86,0.0,0,3.6,51.0,28.0,23.0,WE_HOME,WE_HOME,True,FULL,FULL,False,,False,,,,WE_HOME,23.446694066,21.320423834,23.451094051,off,True,True,1.0,1.0,0.070291902,0.130897257,0.809566246,0.0,0.0,0.0,0.0,0.0,0.0,0.0,1.010755405,0.0,0.0,0.0,0.0,0.0,0.0,0.880530278,0.0,0.0,0.880530278,0.201189159,0.809566246,0.0,0.880530278,1.891285683
2025-08-10T09:00:00+02:00,27.5,75,0.0,0,1.8,205.0,142.0,63.0,WE_HOME,WE_HOME,True,FULL,FULL,False,,False,,,,WE_HOME,23.788911721,21.320423834,23.451094051,off,True,True,1.0,1.0,0.069456149,0.130897257,0.0,0.0,0.0,0.0,0.0,0.0,0.0,0.0,0.200353406,0.0,0.0,0.0,0.0,0.0,0.0,0.880530278,0.0,0.0,0.880530278,0.200353406,0.0,0.0,0.880530278,1.080883684
2025-08-10T10:00:00+02:00,29.3,71,0.0,0,1.5,388.0,303.0,85.0,WE_HOME,WE_HOME,True,FULL,FULL,False,,False,,,,WE_HOME,24.407426434,21.320423834,23.451094051,cool,True,True,1.0,1.0,0.068366975,0.130897257,0.0,0.0,0.0,0.0,0.0,0.0,0.0,0.0,0.199264232,0.0,1.40039609,1.40039609,0.0,0.0,0.0,0.880530278,0.0,0.0,2.280926369,0.199264232,0.0,0.0,0.880530278,2.480190601
2025-08-10T11:00:00+02:00,30.8,67,0.0,0,4.5,562.0,462.0,100.0,WE_HOME,WE_HOME,True,FULL,FULL,False,,False,,,,WE_HOME,24.222855362,21.320423834,23.451094051,cool,True,True,1.0,1.0,0.067098604,0.130897257,0.0,0.0,0.0,0.0,0.0,0.0,0.0,0.0,0.197995861,0.0,1.40039609,1.40039609,0.0,0.0,0.0,0.880530278,0.0,0.0,2.280926369,0.197995861,0.0,0.0,0.880530278,2.478922230
2025-08-10T12:00:00+02:00,31.7,63,0.0,0,4.9,709.0,600.0,109.0,WE_HOME,WE_HOME,True,FULL,FULL,False,,False,,,,WE_HOME,24.319046135,21.320423834,23.451094051,cool,True,True,1.0,1.0,0.065737476,0.130897257,0.0,0.0,0.0,0.0,0.0,0.0,0.0,0.0,0.196634733,0.0,1.40039609,1.40039609,0.0,0.0,0.0,0.587837202,0.0,0.0,1.988233292,0.196634733,0.0,0.0,0.587837202,2.184868025
2025-08-10T13:00:00+02:00,32.4,61,0.0,0,7.6,814.0,700.0,114.0,WE_HOME,WE_HOME,True,FULL,FULL,False,,False,,,,WE_HOME,24.549205112,21.320423834,23.451094051,cool,True,True,1.0,1.0,0.064376347,0.130897257,0.0,0.0,0.0,0.0,0.0,0.0,0.0,0.0,0.195273604,0.0,1.40039609,1.40039609,0.0,0.0,0.0,0.0,0.0,0.0,1.40039609,0.195273604,0.0,0.0,0.0,1.595669694
2025-08-10T14:00:00+02:00,32.8,61,0.0,0,10.3,869.0,753.0,116.0,WE_HOME,WE_HOME,True,FULL,FULL,False,,False,,,,WE_HOME,24.857670927,21.320423834,23.451094051,cool,True,True,1.0,1.0,0.063107977,0.130897257,0.0,0.0,0.0,0.0,0.0,0.0,0.0,0.0,0.194005234,0.0,1.40039609,1.40039609,0.0,0.0,0.0,0.0,0.0,0.0,1.40039609,0.194005234,0.0,0.0,0.0,1.594401324
2025-08-10T15:00:00+02:00,33.0,60,0.0,10,12.3,864.0,745.0,119.0,WE_HOME,WE_HOME,True,FULL,FULL,False,,False,,,,WE_HOME,25.181392439,21.320423834,23.451094051,cool,True,True,1.0,1.0,0.062018802,0.130897257,0.0,0.0,0.0,0.0,0.0,0.0,0.0,0.0,0.192916059,0.0,1.40039609,1.40039609,0.0,0.0,0.0,0.0,0.0,0.0,1.40039609,0.192916059,0.0,0.0,0.0,1.593312149
2025-08-10T16:00:00+02:00,32.7,60,0.0,11,13.1,754.0,601.0,153.0,WE_HOME,WE_HOME,True,FULL,FULL,False,,False,,,,WE_HOME,25.484493699,21.320423834,23.451094051,cool,True,True,1.0,1.0,0.06118305,0.130897257,0.0,0.0,0.0,0.0,0.0,0.0,0.0,0.0,0.192080307,0.0,1.40039609,1.40039609,0.0,0.0,0.0,0.0,0.0,0.0,1.40039609,0.192080307,0.0,0.0,0.0,1.592476397
2025-08-10T17:00:00+02:00,32.5,61,0.0,14,13.7,659.0,532.0,127.0,WE_HOME,WE_HOME,True,FULL,FULL,False,,False,,,,WE_HOME,25.687078083,21.320423834,23.451094051,cool,True,True,1.0,1.0,0.060657674,0.130897257,0.0,0.0,0.0,0.0,0.0,0.0,0.0,0.0,0.191554931,0.0,1.40039609,1.40039609,0.0,0.0,0.0,0.758445598,0.0,0.0,2.158841688,0.191554931,0.0,0.0,0.758445598,2.350396619
2025-08-10T18:00:00+02:00,32.1,61,0.1,19,12.0,542.0,449.0,93.0,WE_HOME,WE_HOME,True,FULL,FULL,False,,False,,,,WE_HOME,25.822565069,21.320423834,23.451094051,cool,True,True,1.0,1.0,0.060478478,0.130897257,0.0,0.0,0.0,0.0,0.0,0.0,0.0,0.0,0.191375735,0.0,1.40039609,1.40039609,0.0,0.0,0.0,0.880530278,0.0,0.0,2.280926369,0.191375735,0.0,0.0,0.880530278,2.472302104
2025-08-10T19:00:00+02:00,31.7,62,0.0,15,11.7,311.0,200.0,111.0,WE_HOME,WE_HOME,True,FULL,FULL,False,,False,,,,WE_HOME,25.868804224,21.320423834,23.451094051,cool,True,True,1.0,1.0,0.060657674,0.130897257,0.0,0.0,0.0,0.0,0.0,0.005424185,0.0,0.0,0.196979116,0.0,1.40039609,1.40039609,0.0,0.0,0.0,0.880530278,0.0,0.0,2.280926369,0.191554931,0.005424185,0.0,0.880530278,2.477905485
2025-08-10T20:00:00+02:00,31.1,62,0.0,3,11.1,187.0,128.0,59.0,WE_HOME,WE_HOME,True,FULL,FULL,False,,False,,,,WE_HOME,25.840670187,21.320423834,23.451094051,cool,True,True,1.0,1.0,0.06118305,0.130897257,1.622346632,0.0,0.0,0.0,0.0,0.0,0.0,0.0,1.814426939,0.0,1.40039609,1.40039609,0.0,0.0,0.0,0.554162114,0.0,0.0,1.954558204,0.192080307,1.622346632,0.0,0.554162114,3.768985143
2025-08-10T21:00:00+02:00,29.3,71,0.0,6,8.6,38.0,20.0,18.0,WE_HOME,WE_HOME,True,FULL,FULL,False,,False,,,,WE_HOME,25.717225156,21.320423834,23.451094051,cool,True,True,1.0,1.0,0.062018802,0.130897257,2.45864511,0.0,0.0,0.0,0.159236683,0.026107162,0.0,0.0,2.836905014,0.0,1.40039609,1.40039609,0.0,0.0,0.0,0.0,0.0,0.0,1.40039609,0.192916059,2.643988955,0.0,0.0,4.237301104
2025-08-10T22:00:00+02:00,28.5,72,0.0,19,7.0,0.0,0.0,0.0,WE_HOME,WE_HOME,True,FULL,FULL,False,,False,,,,WE_HOME,25.314354296,21.320423834,23.451094051,cool,True,True,1.0,1.0,0.063107977,0.130897257,0.0,0.0,0.0,0.0,0.083192496,0.01074001,0.324982315,0.081245579,0.694165634,0.0,1.40039609,1.40039609,0.0,0.0,0.0,0.0,0.0,0.0,1.40039609,0.194005234,0.500160400,0.0,0.0,2.094561724
2025-08-10T23:00:00+02:00,27.7,74,0.0,5,6.5,0.0,0.0,0.0,WE_HOME,WE_HOME,True,FULL,FULL,False,,False,,,,WE_HOME,24.845295247,21.320423834,23.451094051,cool,True,True,1.0,1.0,0.064376347,0.130897257,0.0,0.0,0.0,0.0,0.0,0.0,0.324982315,0.081245579,0.601501498,0.0,1.40039609,1.40039609,0.0,0.0,0.0,0.0,0.0,0.0,1.40039609,0.195273604,0.406227894,0.0,0.0,2.001897588
2025-08-11T00:00:00+02:00,27.1,79,0.0,4,5.9,0.0,0.0,0.0,WD_HOME,WD_HOME,False,FULL,FULL,False,,False,,,,WD_HOME,24.321079372,21.165210123,23.29588034,cool,True,True,1.0,1.0,0.065737476,0.130897257,0.0,0.0,0.0,0.0,0.0,0.0,0.324982315,0.081245579,0.602862627,0.0,1.40039609,1.40039609,0.0,0.0,0.0,0.0,0.0,0.0,1.40039609,0.196634733,0.406227894,0.0,0.0,2.003258717
2025-08-11T01:00:00+02:00,26.9,79,0.0,2,5.9,0.0,0.0,0.0,WD_HOME,WD_HOME,False,FULL,FULL,False,,False,,,,WD_HOME,23.78423281,21.165210123,23.29588034,cool,True,True,1.0,1.0,0.067098604,0.130897257,0.0,0.0,0.0,0.0,0.0,0.0,0.324982315,0.081245579,0.604223755,0.0,1.40039609,1.40039609,0.0,0.0,0.0,0.0,0.0,0.0,1.40039609,0.197995861,0.406227894,0.0,0.0,2.004619845
2025-08-11T02:00:00+02:00,26.8,79,0.0,4,5.7,0.0,0.0,0.0,WD_HOME,WD_HOME,False,FULL,FULL,False,,False,,,,WD_HOME,23.303527342,21.165210123,23.29588034,cool,True,True,1.0,1.0,0.068366975,0.130897257,0.0,0.0,0.0,0.0,0.0,0.0,0.324982315,0.081245579,0.605492126,0.0,1.40039609,1.40039609,0.0,0.0,0.0,0.0,0.0,0.0,1.40039609,0.199264232,0.406227894,0.0,0.0,2.005888216
2025-08-11T03:00:00+02:00,26.5,81,0.0,2,6.2,0.0,0.0,0.0,WD_HOME,WD_HOME,False,FULL,FULL,False,,False,,,,WD_HOME,22.886272785,21.165210123,23.29588034,off,True,True,1.0,1.0,0.069456149,0.130897257,0.0,0.0,0.0,0.0,0.0,0.0,0.324982315,0.081245579,0.6065813,0.0,0.0,0.0,0.0,0.0,0.0,0.0,0.0,0.0,0.0,0.200353406,0.406227894,0.0,0.0,0.6065813
2025-08-11T04:00:00+02:00,26.3,81,0.0,1,6.7,0.0,0.0,0.0,WD_HOME,WD_HOME,False,FULL,FULL,False,,False,,,,WD_HOME,23.488560654,21.165210123,23.29588034,off,True,True,1.0,1.0,0.070291902,0.130897257,0.0,0.0,0.0,0.0,0.0,0.0,0.324982315,0.081245579,0.607417053,0.0,0.0,0.0,0.0,0.0,0.0,0.0,0.0,0.0,0.0,0.201189159,0.406227894,0.0,0.0,0.607417053
2025-08-11T05:00:00+02:00,26.1,81,0.0,1,6.9,0.0,0.0,0.0,WD_HOME,WD_HOME,False,FULL,FULL,False,,False,,,,WD_HOME,23.957133878,21.165210123,23.29588034,cool,True,True,1.0,1.0,0.070817278,0.130897257,0.0,0.0,0.0,0.0,0.0,0.0,0.324982315,0.081245579,0.607942429,0.0,1.40039609,1.40039609,0.0,0.0,0.0,0.0,0.0,0.0,1.40039609,0.201714535,0.406227894,0.0,0.0,2.008338519
2025-08-11T06:00:00+02:00,26.1,80,0.0,1,7.2,0.0,0.0,0.0,WD_HOME,WD_HOME,False,FULL,FULL,False,,False,,,,WD_HOME,23.314278232,21.165210123,23.29588034,cool,True,True,1.0,1.0,0.070996474,0.130897257,0.0,0.0,0.0,0.0,0.0,0.0,0.324982315,0.081245579,0.608121625,0.0,1.40039609,1.40039609,0.0,0.0,0.0,0.0,0.0,0.0,1.40039609,0.201893731,0.406227894,0.0,0.0,2.008517715
2025-08-11T07:00:00+02:00,25.7,81,0.0,0,6.9,0.0,0.0,0.0,WD_HOME,WD_HOME,False,FULL,FULL,False,,False,,,,WD_HOME,22.778565193,21.165210123,23.29588034,off,True,True,1.0,1.0,0.070817278,0.130897257,2.747244996,0.0,0.0,0.0,0.0,0.0,0.324982315,0.081245579,3.355187425,0.0,0.0,0.0,0.0,0.0,0.0,0.0,0.0,0.0,0.0,0.201714535,3.153472890,0.0,0.0,3.355187425
2025-08-11T08:00:00+02:00,26.8,75,0.0,0,7.8,51.0,28.0,23.0,WD_HOME,WD_HOME,False,FULL,FULL,False,,False,,,,WD_HOME,23.265470994,21.165210123,23.29588034,off,True,True,1.0,0.595973292,0.070291902,0.130897257,0.0,0.0,0.0,0.0,0.0,0.0,0.0,0.0,0.201189159,0.0,0.0,0.0,0.0,0.0,0.0,0.323717398,0.0,0.0,0.323717398,0.201189159,0.0,0.0,0.323717398,0.524906557
2025-08-11T09:00:00+02:00,29.1,65,0.0,1,5.8,207.0,145.0,62.0,WD_HOME,WD_HOME,False,FULL,FULL,False,,False,,,,WD_HOME,23.854559162,21.165210123,23.29588034,cool,True,False,1.0,0.0,0.069456149,0.130897257,0.0,0.0,0.0,0.0,0.0,0.0,0.0,0.0,0.200353406,0.0,1.40039609,1.40039609,0.0,0.0,0.0,0.880530278,0.0,0.0,2.280926369,0.200353406,0.0,0.0,0.880530278,2.481279775
2025-08-11T10:00:00+02:00,31.0,58,0.0,0,4.1,391.0,308.0,83.0,WD_HOME,WD_HOME,False,FULL,FULL,False,,False,,,,WD_HOME,23.728799302,21.165210123,23.29588034,cool,True,False,1.0,0.0,0.068366975,0.130897257,0.0,0.0,0.0,0.0,0.0,0.0,0.0,0.0,0.199264232,0.0,1.40039609,1.40039609,0.0,0.0,0.0,0.880530278,0.0,0.0,2.280926369,0.199264232,0.0,0.0,0.880530278,2.480190601
2025-08-11T11:00:00+02:00,32.0,56,0.0,0,4.8,566.0,468.0,98.0,WD_HOME,WD_HOME,False,FULL,FULL,False,,False,,,,WD_HOME,23.940666085,21.165210123,23.29588034,cool,True,False,1.0,0.0,0.067098604,0.130897257,0.0,0.0,0.0,0.0,0.0,0.0,0.0,0.0,0.197995861,0.0,1.40039609,1.40039609,0.0,0.0,0.0,0.880530278,0.0,0.0,2.280926369,0.197995861,0.0,0.0,0.880530278,2.478922230
2025-08-11T12:00:00+02:00,32.9,55,0.0,9,7.3,712.0,604.0,108.0,WD_HOME,WD_HOME,False,FULL,FULL,False,,False,,,,WD_HOME,24.283888404,21.165210123,23.29588034,cool,True,False,1.0,0.0,0.065737476,0.130897257,0.0,0.0,0.0,0.0,0.123532631,0.0,0.0,0.0,0.320167364,0.0,1.40039609,1.40039609,0.0,0.0,0.0,0.880530278,0.0,0.0,2.280926369,0.196634733,0.123532631,0.0,0.880530278,2.601093733
2025-08-11T13:00:00+02:00,33.3,54,0.0,1,9.2,816.0,702.0,114.0,WD_HOME,WD_HOME,False,FULL,FULL,False,,False,,,,WD_HOME,24.719907003,21.165210123,23.29588034,cool,True,False,1.0,0.0,0.064376347,0.130897257,0.0,0.0,0.0,0.0,0.150651723,0.0,0.0,0.0,0.345925327,0.0,1.40039609,1.40039609,0.0,0.0,0.0,0.880530278,0.0,0.0,2.280926369,0.195273604,0.150651723,0.0,0.880530278,2.626851696
2025-08-11T14:00:00+02:00,33.5,54,0.0,0,10.7,824.0,688.0,136.0,WD_HOME,WD_HOME,False,FULL,FULL,False,,False,,,,WD_HOME,25.149922503,21.165210123,23.29588034,cool,True,False,1.0,0.0,0.063107977,0.130897257,0.0,0.0,0.0,0.0,0.0,0.0,0.0,0.0,0.194005234,0.0,1.40039609,1.40039609,0.0,0.0,0.0,0.175975321,0.0,0.0,1.576371411,0.194005234,0.0,0.0,0.175975321,1.770376645
2025-08-11T15:00:00+02:00,33.7,53,0.0,0,12.1,832.0,691.0,141.0,WD_HOME,WD_HOME,False,FULL,FULL,False,,False,,,,WD_HOME,25.541602086,21.165210123,23.29588034,cool,True,False,1.0,0.0,0.062018802,0.130897257,0.0,0.0,0.0,0.0,0.0,0.0,0.0,0.0,0.192916059,0.0,1.40039609,1.40039609,0.0,0.0,0.0,0.0,0.0,0.0,1.40039609,0.192916059,0.0,0.0,0.0,1.593312149
2025-08-11T16:00:00+02:00,33.6,53,0.0,10,12.1,777.0,649.0,128.0,WD_HOME,WD_HOME,False,FULL,FULL,False,,False,,,,WD_HOME,25.901335071,21.165210123,23.29588034,cool,True,False,1.0,0.0,0.06118305,0.130897257,0.0,0.0,0.0,0.0,0.0,0.0,0.0,0.0,0.192080307,0.0,1.40039609,1.40039609,0.0,0.0,0.0,0.0,0.0,0.0,1.40039609,0.192080307,0.0,0.0,0.0,1.592476397
2025-08-11T17:00:00+02:00,33.5,53,0.1,54,10.9,596.0,466.0,130.0,WD_HOME,WD_HOME,False,FULL,FULL,False,,False,,,,WD_HOME,26.184445893,21.165210123,23.29588034,cool,True,False,1.0,0.0,0.060657674,0.130897257,0.0,0.0,0.0,0.0,0.0,0.0,0.0,0.0,0.191554931,0.0,1.40039609,1.40039609,0.0,0.0,0.0,0.403361398,0.0,0.0,1.803757488,0.191554931,0.0,0.0,0.403361398,1.995312419
2025-08-11T18:00:00+02:00,32.8,56,0.0,38,10.3,392.0,272.0,120.0,WD_HOME,WD_HOME,False,FULL,FULL,False,,False,,,,WD_HOME,26.403704911,21.165210123,23.29588034,cool,True,True,1.0,0.118900643,0.060478478,0.130897257,0.0,0.0,0.0,0.0,0.0,0.0,0.0,0.0,0.191375735,0.0,1.40039609,1.40039609,0.0,0.0,0.0,0.880530278,0.0,0.0,2.280926369,0.191375735,0.0,0.0,0.880530278,2.472302104
2025-08-11T19:00:00+02:00,32.1,57,0.0,24,8.3,286.0,180.0,106.0,WD_HOME,WD_HOME,False,FULL,FULL,False,,False,,,,WD_HOME,26.469754092,21.165210123,23.29588034,cool,True,True,1.0,1.0,0.060657674,0.130897257,0.0,0.0,0.0,0.0,0.0,0.0,0.0,0.0,0.191554931,0.0,1.40039609,1.40039609,0.0,0.0,0.0,0.880530278,0.0,0.0,2.280926369,0.191554931,0.0,0.0,0.880530278,2.472481300
2025-08-11T20:00:00+02:00,30.9,60,0.0,19,6.1,144.0,81.0,63.0,WD_HOME,WD_HOME,False,FULL,FULL,False,,False,,,,WD_HOME,26.40812841,21.165210123,23.29588034,cool,True,True,1.0,1.0,0.06118305,0.130897257,0.0,0.0,0.0,0.0,0.0,0.0,0.0,0.0,0.192080307,0.0,1.40039609,1.40039609,0.0,0.0,0.0,0.359180309,0.0,0.0,1.759576399,0.192080307,0.0,0.0,0.359180309,1.951656706
2025-08-11T21:00:00+02:00,29.1,71,0.0,17,4.0,35.0,17.0,18.0,WD_HOME,WD_HOME,False,FULL,FULL,False,,False,,,,WD_HOME,26.156773675,21.165210123,23.29588034,cool,True,True,1.0,1.0,0.062018802,0.130897257,0.0,0.0,0.0,0.0,0.0,0.0,0.0,0.0,0.192916059,0.0,1.40039609,1.40039609,0.0,0.0,0.0,0.0,0.0,0.0,1.40039609,0.192916059,0.0,0.0,0.0,1.593312149
2025-08-11T22:00:00+02:00,28.5,73,0.0,9,4.8,0.0,0.0,0.0,WD_HOME,WD_HOME,False,FULL,FULL,False,,False,,,,WD_HOME,25.647311396,21.165210123,23.29588034,cool,True,True,1.0,1.0,0.063107977,0.130897257,0.0,0.030467997,0.0,0.0,0.0,0.0,0.324982315,0.081245579,0.630701125,0.0,1.40039609,1.40039609,0.0,0.0,0.0,0.0,0.0,0.0,1.40039609,0.194005234,0.436695891,0.0,0.0,2.031097215
2025-08-11T23:00:00+02:00,27.7,77,0.0,2,4.4,0.0,0.0,0.0,WD_HOME,WD_HOME,False,FULL,FULL,False,,False,,,,WD_HOME,25.122759497,21.165210123,23.29588034,cool,True,True,1.0,1.0,0.064376347,0.130897257,0.0,0.465775356,0.0,0.0,0.0,0.0,0.324982315,0.081245579,1.067276854,0.0,1.40039609,1.40039609,0.0,0.0,0.0,0.0,0.0,0.0,1.40039609,0.195273604,0.872003250,0.0,0.0,2.467672944
2025-08-12T00:00:00+02:00,26.5,81,0.0,1,4.9,0.0,0.0,0.0,WD_HOME,WD_HOME,False,EMPTY,FULL,False,,False,,2025-08-12T08:52:19.081107+02:00,2025-08-12T17:50:44.098024+02:00,WD_HOME,24.552299581,21.647337593,23.77800781,cool,True,True,1.0,1.0,0.065737476,0.130897257,0.0,0.367329795,0.0,0.0,0.0,0.0,0.324982315,0.081245579,0.970192422,0.0,1.40039609,1.40039609,0.0,0.0,0.0,0.0,0.0,0.0,1.40039609,0.196634733,0.773557689,0.0,0.0,2.370588512
2025-08-12T01:00:00+02:00,26.3,85,0.0,1,3.4,0.0,0.0,0.0,WD_HOME,WD_HOME,False,EMPTY,FULL,False,,False,,2025-08-12T08:52:19.081107+02:00,2025-08-12T17:50:44.098024+02:00,WD_HOME,23.876916317,21.647337593,23.77800781,cool,True,True,1.0,1.0,0.067098604,0.130897257,0.0,0.0,0.0,0.0,0.0,0.0,0.324982315,0.081245579,0.604223755,0.0,1.40039609,1.40039609,0.0,0.0,0.0,0.0,0.0,0.0,1.40039609,0.197995861,0.406227894,0.0,0.0,2.004619845
2025-08-12T02:00:00+02:00,25.9,87,0.0,1,3.3,0.0,0.0,0.0,WD_HOME,WD_HOME,False,EMPTY,FULL,False,,False,,2025-08-12T08:52:19.081107+02:00,2025-08-12T17:50:44.098024+02:00,WD_HOME,23.280763598,21.647337593,23.77800781,off,True,True,1.0,1.0,0.068366975,0.130897257,0.0,0.0,0.0,0.0,0.0,0.0,0.324982315,0.081245579,0.605492126,0.0,0.0,0.0,0.0,0.0,0.0,0.0,0.0,0.0,0.0,0.199264232,0.406227894,0.0,0.0,0.605492126
2025-08-12T03:00:00+02:00,25.9,88,0.0,1,4.2,0.0,0.0,0.0,WD_HOME,WD_HOME,False,EMPTY,FULL,False,,False,,2025-08-12T08:52:19.081107+02:00,2025-08-12T17:50:44.098024+02:00,WD_HOME,23.717302998,21.647337593,23.77800781,off,True,True,1.0,1.0,0.069456149,0.130897257,0.0,0.0,0.0,0.0,0.0,0.0,0.324982315,0.081245579,0.6065813,0.0,0.0,0.0,0.0,0.0,0.0,0.0,0.0,0.0,0.0,0.200353406,0.406227894,0.0,0.0,0.6065813
2025-08-12T04:00:00+02:00,25.7,88,0.0,0,3.2,0.0,0.0,0.0,WD_HOME,WD_HOME,False,EMPTY,FULL,False,,False,,2025-08-12T08:52:19.081107+02:00,2025-08-12T17:50:44.098024+02:00,WD_HOME,24.081085832,21.647337593,23.77800781,off,True,True,1.0,1.0,0.070291902,0.130897257,0.0,0.0,0.0,0.0,0.0,0.0,0.324982315,0.081245579,0.607417053,0.0,0.0,0.0,0.0,0.0,0.0,0.0,0.0,0.0,0.0,0.201189159,0.406227894,0.0,0.0,0.607417053
2025-08-12T05:00:00+02:00,25.6,87,0.0,1,2.8,0.0,0.0,0.0,WD_HOME,WD_HOME,False,EMPTY,FULL,False,,False,,2025-08-12T08:52:19.081107+02:00,2025-08-12T17:50:44.098024+02:00,WD_HOME,24.35090486,21.647337593,23.77800781,cool,True,True,1.0,1.0,0.070817278,0.130897257,0.0,0.0,0.0,0.0,0.0,0.0,0.324982315,0.081245579,0.607942429,0.0,1.40039609,1.40039609,0.0,0.0,0.0,0.0,0.0,0.0,1.40039609,0.201714535,0.406227894,0.0,0.0,2.008338519
2025-08-12T06:00:00+02:00,25.6,86,0.0,0,4.3,0.0,0.0,0.0,WD_HOME,WD_HOME,False,EMPTY,FULL,False,,False,,2025-08-12T08:52:19.081107+02:00,2025-08-12T17:50:44.098024+02:00,WD_HOME,23.559087383,21.647337593,23.77800781,off,True,True,1.0,1.0,0.070996474,0.130897257,0.0,0.0,0.0,0.0,0.0,0.0,0.324982315,0.081245579,0.608121625,0.0,0.0,0.0,0.0,0.0,0.0,0.0,0.0,0.0,0.0,0.201893731,0.406227894,0.0,0.0,0.608121625
2025-08-12T07:00:00+02:00,25.6,86,0.0,0,5.3,0.0,0.0,0.0,WD_HOME,WD_HOME,False,EMPTY,FULL,False,,False,,2025-08-12T08:52:19.081107+02:00,2025-08-12T17:50:44.098024+02:00,WD_HOME,23.899239486,21.647337593,23.77800781,off,True,True,1.0,1.0,0.070817278,0.130897257,1.085798717,0.0,0.0,0.0,0.0,0.0,0.324982315,0.081245579,1.693741146,0.0,0.0,0.0,0.0,0.0,0.0,0.0,0.0,0.0,0.0,0.201714535,1.492026611,0.0,0.0,1.693741146
2025-08-12T08:00:00+02:00,26.3,83,0.0,0,5.5,48.0,26.0,22.0,WD_HOME,WD_HOME,False,EMPTY,FULL,False,,False,,2025-08-12T08:52:19.081107+02:00,2025-08-12T17:50:44.098024+02:00,WD_HOME,24.182699572,21.647337593,23.77800781,off,True,True,0.544902777,0.811533519,0.070291902,0.130897257,0.0,0.0,0.0,0.0,0.0,0.0,0.0,0.0,0.201189159,0.0,0.0,0.0,0.0,0.0,0.0,0.0,0.0,0.0,0.0,0.201189159,0.0,0.0,0.0,0.201189159
2025-08-12T09:00:00+02:00,28.1,74,0.0,0,4.1,204.0,143.0,61.0,WD_HOME,WD_HOME,False,EMPTY,EMPTY,False,,False,,2025-08-12T08:52:19.081107+02:00,2025-08-12T17:50:44.098024+02:00,WD_HOME,24.535582976,20.647337593,24.77800781,off,False,False,0.0,0.0,0.069456149,0.130897257,0.0,0.0,0.0,0.0,0.0,0.0,0.0,0.0,0.200353406,0.0,0.0,0.0,0.0,0.0,0.0,0.21321679,0.0,0.0,0.21321679,0.200353406,0.0,0.0,0.21321679,0.413570196
2025-08-12T10:00:00+02:00,29.8,67,0.0,0,4.2,388.0,304.0,84.0,WD_HOME,WD_HOME,False,EMPTY,EMPTY,False,,False,,2025-08-12T08:52:19.081107+02:00,2025-08-12T17:50:44.098024+02:00,WD_HOME,25.12965248,20.647337593,24.77800781,off,False,False,0.0,0.0,0.068366975,0.130897257,0.0,0.0,0.0,0.0,0.0,0.0,0.0,0.0,0.199264232,0.0,0.0,0.0,0.0,0.0,0.0,0.880530278,0.0,0.0,0.880530278,0.199264232,0.0,0.0,0.880530278,1.079794510
2025-08-12T11:00:00+02:00,31.2,62,0.0,0,6.0,556.0,459.0,97.0,WD_HOME,WD_HOME,False,EMPTY,EMPTY,False,,False,,2025-08-12T08:52:19.081107+02:00,2025-08-12T17:50:44.098024+02:00,WD_HOME,25.908043734,20.647337593,24.77800781,cool,False,False,0.0,0.0,0.067098604,0.130897257,0.0,0.0,0.0,0.0,0.0,0.0,0.0,0.0,0.197995861,0.0,1.40039609,1.40039609,0.0,0.0,0.0,0.880530278,0.0,0.0,2.280926369,0.197995861,0.0,0.0,0.880530278,2.478922230
2025-08-12T12:00:00+02:00,32.0,58,0.0,0,5.8,711.0,603.0,108.0,WD_HOME,WD_HOME,False,EMPTY,EMPTY,False,,False,,2025-08-12T08:52:19.081107+02:00,2025-08-12T17:50:44.098024+02:00,WD_HOME,25.790036445,20.647337593,24.77800781,cool,False,False,0.0,0.0,0.065737476,0.130897257,0.0,0.0,0.0,0.0,0.0,0.0,0.0,0.0,0.196634733,0.0,1.40039609,1.40039609,0.0,0.0,0.0,0.880530278,0.0,0.0,2.280926369,0.196634733,0.0,0.0,0.880530278,2.477561102
2025-08-12T13:00:00+02:00,32.7,55,0.0,0,8.8,817.0,705.0,112.0,WD_HOME,WD_HOME,False,EMPTY,EMPTY,False,,False,,2025-08-12T08:52:19.081107+02:00,2025-08-12T17:50:44.098024+02:00,WD_HOME,25.825030371,20.647337593,24.77800781,cool,False,False,0.0,0.0,0.064376347,0.130897257,0.0,0.0,0.0,0.0,0.0,0.0,0.0,0.0,0.195273604,0.0,1.40039609,1.40039609,0.0,0.0,0.0,0.880530278,0.0,0.0,2.280926369,0.195273604,0.0,0.0,0.880530278,2.476199973
2025-08-12T14:00:00+02:00,33.1,54,0.0,0,11.8,870.0,756.0,114.0,WD_HOME,WD_HOME,False,EMPTY,EMPTY,False,,False,,2025-08-12T08:52:19.081107+02:00,2025-08-12T17:50:44.098024+02:00,WD_HOME,25.970858642,20.647337593,24.77800781,cool,False,False,0.0,0.0,0.063107977,0.130897257,0.0,0.0,0.0,0.0,0.0,0.0,0.0,0.0,0.194005234,0.0,1.40039609,1.40039609,0.0,0.0,0.0,0.880530278,0.0,0.0,2.280926369,0.194005234,0.0,0.0,0.880530278,2.474931603
2025-08-12T15:00:00+02:00,33.2,53,0.0,2,13.4,854.0,721.0,133.0,WD_HOME,WD_HOME,False,EMPTY,EMPTY,False,,False,,2025-08-12T08:52:19.081107+02:00,2025-08-12T17:50:44.098024+02:00,WD_HOME,26.159048868,20.647337593,24.77800781,cool,False,False,0.0,0.0,0.062018802,0.130897257,0.0,0.0,0.0,0.0,0.0,0.0,0.0,0.0,0.192916059,0.0,1.40039609,1.40039609,0.0,0.0,0.0,0.880530278,0.0,0.0,2.280926369,0.192916059,0.0,0.0,0.880530278,2.473842428
2025-08-12T16:00:00+02:00,33.1,54,0.0,19,11.3,801.0,686.0,115.0,WD_HOME,WD_HOME,False,EMPTY,EMPTY,False,,False,,2025-08-12T08:52:19.081107+02:00,2025-08-12T17:50:44.098024+02:00,WD_HOME,26.332540724,20.647337593,24.77800781,cool,False,False,0.0,0.0,0.06118305,0.130897257,0.0,0.0,0.0,0.0,0.0,0.0,0.0,0.0,0.192080307,0.0,1.40039609,1.40039609,0.0,0.0,0.0,0.880530278,0.0,0.0,2.280926369,0.192080307,0.0,0.0,0.880530278,2.473006676
2025-08-12T17:00:00+02:00,32.8,55,0.0,51,8.8,684.0,564.0,120.0,WD_HOME,WD_HOME,False,EMPTY,EMPTY,False,,False,,2025-08-12T08:52:19.081107+02:00,2025-08-12T17:50:44.098024+02:00,WD_HOME,26.460450603,20.647337593,24.77800781,cool,False,True,0.0,0.084376298,0.060657674,0.130897257,0.0,0.0,0.0,0.0,0.0,0.0,0.0,0.0,0.191554931,0.0,1.40039609,1.40039609,0.0,0.0,0.0,0.880530278,0.0,0.0,2.280926369,0.191554931,0.0,0.0,0.880530278,2.472481300
2025-08-12T18:00:00+02:00,31.8,58,0.0,69,8.8,474.0,334.0,140.0,WD_HOME,WD_HOME,False,EMPTY,FULL,False,,False,,2025-08-12T08:52:19.081107+02:00,2025-08-12T17:50:44.098024+02:00,WD_HOME,26.517042169,21.647337593,23.77800781,cool,True,True,0.739281392,1.0,0.060478478,0.130897257,0.0,0.0,0.0,0.0,0.0,0.0,0.0,0.0,0.191375735,0.0,1.40039609,1.40039609,3.117788921,4.612013693,7.729802614,0.880530278,0.0,0.0,10.010728983,0.191375735,0.0,7.729802614,0.880530278,10.202104718
2025-08-12T19:00:00+02:00,30.7,60,0.0,78,7.8,300.0,188.0,112.0,WD_HOME,WD_HOME,False,EMPTY,FULL,False,,False,,2025-08-12T08:52:19.081107+02:00,2025-08-12T17:50:44.098024+02:00,WD_HOME,26.397535141,21.647337593,23.77800781,cool,True,True,1.0,1.0,0.060657674,0.130897257,0.0,0.0,0.0,0.0,0.212373179,0.017642878,0.0,0.0,0.421570988,0.0,1.40039609,1.40039609,7.4,6.329516863,13.729516863,0.5585299,0.0,0.0,15.688442854,0.191554931,0.230016057,13.729516863,0.5585299,16.110013842
2025-08-12T20:00:00+02:00,29.5,62,0.0,75,8.9,138.0,64.0,74.0,WD_HOME,WD_HOME,False,EMPTY,FULL,False,,False,,2025-08-12T08:52:19.081107+02:00,2025-08-12T17:50:44.098024+02:00,WD_HOME,26.114612618,21.647337593,23.77800781,cool,True,True,1.0,1.0,0.06118305,0.130897257,0.950860167,0.0,0.0,0.0,0.213222216,0.0,0.0,0.0,1.35616269,0.0,1.40039609,1.40039609,7.4,0.0,7.4,0.0,0.0,0.0,8.80039609,0.192080307,1.164082383,7.4,0.0,10.15655878
2025-08-12T21:00:00+02:00,28.0,70,0.0,80,7.2,31.0,11.0,20.0,WD_HOME,WD_HOME,False,EMPTY,FULL,False,,False,,2025-08-12T08:52:19.081107+02:00,2025-08-12T17:50:44.098024+02:00,WD_HOME,25.678843848,21.647337593,23.77800781,cool,True,True,1.0,1.0,0.062018802,0.130897257,1.573487719,0.0,0.0,0.0,0.0,0.01958129,0.0,0.0,1.785985068,0.0,1.40039609,1.40039609,7.4,0.0,7.4,0.0,0.0,0.0,8.80039609,0.192916059,1.593069009,7.4,0.0,10.586381158
2025-08-12T22:00:00+02:00,27.0,75,0.0,78,5.2,0.0,0.0,0.0,WD_HOME,WD_HOME,False,EMPTY,FULL,False,,False,,2025-08-12T08:52:19.081107+02:00,2025-08-12T17:50:44.098024+02:00,WD_HOME,25.065703207,21.647337593,23.77800781,cool,True,True,1.0,1.0,0.063107977,0.130897257,0.0,0.0,0.0,0.0,0.0,0.0,0.324982315,0.081245579,0.600233128,0.0,1.40039609,1.40039609,7.4,0.0,7.4,0.0,0.0,0.0,8.80039609,0.194005234,0.406227894,7.4,0.0,9.400629218
2025-08-12T23:00:00+02:00,27.1,74,0.0,18,3.8,0.0,0.0,0.0,WD_HOME,WD_HOME,False,EMPTY,FULL,False,,False,,2025-08-12T08:52:19.081107+02:00,2025-08-12T17:50:44.098024+02:00,WD_HOME,24.388086006,21.647337593,23.77800781,cool,True,True,1.0,1.0,0.064376347,0.130897257,0.0,0.0,0.0,0.0,0.0,0.0,0.324982315,0.081245579,0.601501498,0.0,1.40039609,1.40039609,4.592551228,0.0,4.592551228,0.0,0.0,0.0,5.992947319,0.195273604,0.406227894,4.592551228,0.0,6.594448817
2025-08-13T00:00:00+02:00,25.9,82,0.0,0,1.1,0.0,0.0,0.0,WD_HOME,WD_HOME,False,FULL,FULL,False,,False,,,,WD_HOME,23.840071671,21.340413569,23.471083786,cool,True,True,1.0,1.0,0.065737476,0.130897257,0.0,0.0,0.0,0.0,0.0,0.0,0.324982315,0.081245579,0.602862627,0.0,1.40039609,1.40039609,0.0,0.0,0.0,0.0,0.0,0.0,1.40039609,0.196634733,0.406227894,0.0,0.0,2.003258717
2025-08-13T01:00:00+02:00,26.7,79,0.0,0,2.5,0.0,0.0,0.0,WD_HOME,WD_HOME,False,FULL,FULL,False,,False,,,,WD_HOME,23.183393059,21.340413569,23.471083786,off,True,True,1.0,1.0,0.067098604,0.130897257,0.0,0.0,0.0,0.0,0.0,0.0,0.324982315,0.081245579,0.604223755,0.0,0.0,0.0,0.0,0.0,0.0,0.0,0.0,0.0,0.0,0.197995861,0.406227894,0.0,0.0,0.604223755
2025-08-13T02:00:00+02:00,26.7,80,0.0,1,3.2,0.0,0.0,0.0,WD_HOME,WD_HOME,False,FULL,FULL,False,,False,,,,WD_HOME,23.769494216,21.340413569,23.471083786,off,True,True,1.0,1.0,0.068366975,0.130897257,0.0,0.0,0.0,0.0,0.0,0.0,0.324982315,0.081245579,0.605492126,0.0,0.0,0.0,0.0,0.0,0.0,0.0,0.0,0.0,0.0,0.199264232,0.406227894,0.0,0.0,0.605492126
2025-08-13T03:00:00+02:00,26.4,81,0.0,0,4.4,0.0,0.0,0.0,WD_HOME,WD_HOME,False,FULL,FULL,False,,False,,,,WD_HOME,24.257911847,21.340413569,23.471083786,cool,True,True,1.0,1.0,0.069456149,0.130897257,0.0,0.0,0.0,0.0,0.0,0.0,0.324982315,0.081245579,0.6065813,0.0,1.40039609,1.40039609,0.0,0.0,0.0,0.0,0.0,0.0,1.40039609,0.200353406,0.406227894,0.0,0.0,2.00697739
2025-08-13T04:00:00+02:00,26.0,83,0.0,1,5.7,0.0,0.0,0.0,WD_HOME,WD_HOME,False,FULL,FULL,False,,False,,,,WD_HOME,23.614926539,21.340413569,23.471083786,cool,True,True,1.0,1.0,0.070291902,0.130897257,0.0,0.0,0.0,0.0,0.0,0.0,0.324982315,0.081245579,0.607417053,0.0,1.40039609,1.40039609,0.0,0.0,0.0,0.0,0.0,0.0,1.40039609,0.201189159,0.406227894,0.0,0.0,2.007813143
2025-08-13T05:00:00+02:00,25.8,83,0.0,1,6.4,0.0,0.0,0.0,WD_HOME,WD_HOME,False,FULL,FULL,False,,False,,,,WD_HOME,23.012438782,21.340413569,23.471083786,off,True,True,1.0,1.0,0.070817278,0.130897257,0.0,0.0,0.0,0.0,0.0,0.0,0.324982315,0.081245579,0.607942429,0.0,0.0,0.0,0.0,0.0,0.0,0.0,0.0,0.0,0.0,0.201714535,0.406227894,0.0,0.0,0.607942429
2025-08-13T06:00:00+02:00,25.5,83,0.0,0,5.2,0.0,0.0,0.0,WD_HOME,WD_HOME,False,FULL,FULL,False,,False,,,,WD_HOME,23.477032319,21.340413569,23.471083786,off,True,True,1.0,1.0,0.070996474,0.130897257,0.0,0.0,0.0,0.0,0.0,0.0,0.324982315,0.081245579,0.608121625,0.0,0.0,0.0,0.0,0.0,0.0,0.0,0.0,0.0,0.0,0.201893731,0.406227894,0.0,0.0,0.608121625
2025-08-13T07:00:00+02:00,25.4,82,0.0,2,4.3,0.0,0.0,0.0,WD_HOME,WD_HOME,False,FULL,FULL,False,,False,,,,WD_HOME,23.814193599,21.340413569,23.471083786,off,True,True,1.0,1.0,0.070817278,0.130897257,0.818744868,0.0,0.0,0.0,0.0,0.0,0.324982315,0.081245579,1.426687297,0.0,0.0,0.0,0.0,0.0,0.0,0.0,0.0,0.0,0.0,0.201714535,1.224972762,0.0,0.0,1.426687297
2025-08-13T08:00:00+02:00,25.3,82,0.0,8,4.8,48.0,26.0,22.0,WD_HOME,WD_HOME,False,FULL,FULL,False,,False,,,,WD_HOME,24.078494666,21.340413569,23.471083786,cool,True,True,0.885584682,0.500066337,0.070291902,0.130897257,0.0,0.0,0.0,0.0,0.0,0.0,0.0,0.0,0.201189159,0.0,1.40039609,1.40039609,0.0,0.0,0.0,0.144607188,0.0,0.0,1.545003279,0.201189159,0.0,0.0,0.144607188,1.746192438
2025-08-13T09:00:00+02:00,27.2,69,0.0,7,2.7,196.0,134.0,62.0,WD_HOME,WD_HOME,False,FULL,FULL,False,,False,,,,WD_HOME,23.282078888,21.340413569,23.471083786,off,False,False,0.0,0.0,0.069456149,0.130897257,0.0,0.0,0.0,0.0,0.0,0.0,0.0,0.0,0.200353406,0.0,0.0,0.0,0.0,0.0,0.0,0.880530278,0.0,0.0,0.880530278,0.200353406,0.0,0.0,0.880530278,1.080883684
2025-08-13T10:00:00+02:00,28.9,66,0.0,2,3.7,383.0,301.0,82.0,WD_HOME,WD_HOME,False,FULL,FULL,False,,False,,,,WD_HOME,23.93506574,21.340413569,23.471083786,off,False,False,0.0,0.0,0.068366975,0.130897257,0.0,0.0,0.0,0.0,0.0,0.0,0.0,0.0,0.199264232,0.0,0.0,0.0,0.0,0.0,0.0,0.880530278,0.0,0.0,0.880530278,0.199264232,0.0,0.0,0.880530278,1.079794510
2025-08-13T11:00:00+02:00,30.5,59,0.0,8,6.8,561.0,456.0,105.0,WD_HOME,WD_HOME,False,FULL,FULL,False,,False,,,,WD_HOME,24.762554783,21.340413569,23.471083786,cool,False,False,0.0,0.0,0.067098604,0.130897257,0.0,0.0,0.0,0.0,0.0,0.0,0.0,0.0,0.197995861,0.0,1.40039609,1.40039609,0.0,0.0,0.0,0.880530278,0.0,0.0,2.280926369,0.197995861,0.0,0.0,0.880530278,2.478922230
2025-08-13T12:00:00+02:00,31.3,62,0.0,2,8.7,708.0,599.0,109.0,WD_HOME,WD_HOME,False,FULL,FULL,False,,False,,,,WD_HOME,24.718795653,21.340413569,23.471083786,cool,False,False,0.0,0.0,0.065737476,0.130897257,0.0,0.0,0.0,0.0,0.0,0.0,0.0,0.0,0.196634733,0.0,1.40039609,1.40039609,0.0,0.0,0.0,0.880530278,0.0,0.0,2.280926369,0.196634733,0.0,0.0,0.880530278,2.477561102
2025-08-13T13:00:00+02:00,31.8,61,0.0,2,9.5,812.0,692.0,120.0,WD_HOME,WD_HOME,False,FULL,FULL,False,,False,,,,WD_HOME,24.815663044,21.340413569,23.471083786,cool,False,False,0.0,0.0,0.064376347,0.130897257,0.0,0.0,0.0,0.0,0.0,0.0,0.0,0.0,0.195273604,0.0,1.40039609,1.40039609,0.0,0.0,0.0,0.880530278,0.0,0.0,2.280926369,0.195273604,0.0,0.0,0.880530278,2.476199973
2025-08-13T14:00:00+02:00,32.3,60,0.0,3,10.8,861.0,726.0,135.0,WD_HOME,WD_HOME,False,FULL,FULL,False,,False,,,,WD_HOME,24.979719203,21.340413569,23.471083786,cool,False,False,0.0,0.0,0.063107977,0.130897257,0.0,0.0,0.0,0.0,0.0,0.0,0.0,0.0,0.194005234,0.0,1.40039609,1.40039609,0.0,0.0,0.0,0.880530278,0.0,0.0,2.280926369,0.194005234,0.0,0.0,0.880530278,2.474931603
2025-08-13T15:00:00+02:00,32.3,60,0.0,3,11.0,806.0,613.0,193.0,WD_HOME,WD_HOME,False,FULL,FULL,False,,False,,,,WD_HOME,25.199766003,21.340413569,23.471083786,cool,False,False,0.0,0.0,0.062018802,0.130897257,0.0,0.0,0.0,0.0,0.0,0.0,0.0,0.0,0.192916059,0.0,1.40039609,1.40039609,0.0,0.0,0.0,0.880530278,0.0,0.0,2.280926369,0.192916059,0.0,0.0,0.880530278,2.473842428
2025-08-13T16:00:00+02:00,31.7,64,0.3,5,12.1,537.0,360.0,177.0,WD_HOME,WD_HOME,False,FULL,FULL,False,,False,,,,WD_HOME,25.383138336,21.340413569,23.471083786,cool,True,False,0.697843499,0.0,0.06118305,0.130897257,0.0,0.0,0.0,0.0,0.0,0.0,0.0,0.0,0.192080307,0.0,1.40039609,1.40039609,0.0,0.0,0.0,0.640575569,0.0,0.0,2.040971659,0.192080307,0.0,0.0,0.640575569,2.233051966
2025-08-13T17:00:00+02:00,31.4,63,0.0,21,14.5,523.0,311.0,212.0,WD_HOME,WD_HOME,False,FULL,FULL,False,,False,,,,WD_HOME,25.435948613,21.340413569,23.471083786,cool,True,False,1.0,0.0,0.060657674,0.130897257,0.0,0.0,0.0,0.0,0.0,0.0,0.0,0.0,0.191554931,0.0,1.40039609,1.40039609,5.23961869,0.0,5.23961869,0.0,0.0,0.0,6.64001478,0.191554931,0.0,5.23961869,0.0,6.831569711
2025-08-13T18:00:00+02:00,30.8,64,0.0,58,15.6,346.0,132.0,214.0,WD_HOME,WD_HOME,False,FULL,FULL,False,,False,,,,WD_HOME,25.429957178,21.340413569,23.471083786,cool,True,True,1.0,0.833035714,0.060478478,0.130897257,0.0,0.0,0.0,0.0,0.0,0.0,0.0,0.0,0.191375735,0.0,1.40039609,1.40039609,4.101828995,4.811815631,8.913644626,0.0,0.0,0.0,10.314040717,0.191375735,0.0,8.913644626,0.0,10.505416452
2025-08-13T19:00:00+02:00,30.2,65,0.0,77,13.0,272.0,105.0,167.0,WD_HOME,WD_HOME,False,FULL,FULL,False,,False,,,,WD_HOME,25.324964315,21.340413569,23.471083786,cool,True,True,1.0,1.0,0.060657674,0.130897257,0.0,0.0,0.0,0.0,0.176612627,0.015995891,0.0,0.0,0.384163449,0.0,1.40039609,1.40039609,0.0,3.333949746,3.333949746,0.0,0.0,0.0,4.734345836,0.191554931,0.192608518,3.333949746,0.0,5.118509285
2025-08-13T20:00:00+02:00,29.6,66,0.0,78,10.5,122.0,27.0,95.0,WD_HOME,WD_HOME,False,FULL,FULL,False,,False,,,,WD_HOME,25.137470262,21.340413569,23.471083786,cool,True,True,1.0,1.0,0.06118305,0.130897257,0.745969806,0.074589851,0.0,0.0,0.16817578,0.0,0.0,0.0,1.180815744,0.0,1.40039609,1.40039609,0.0,0.0,0.0,0.0,0.0,0.0,1.40039609,0.192080307,0.988735437,0.0,0.0,2.581211834
2025-08-13T21:00:00+02:00,28.7,72,0.0,82,6.4,27.0,7.0,20.0,WD_HOME,WD_HOME,False,FULL,FULL,False,,False,,,,WD_HOME,24.881225218,21.340413569,23.471083786,cool,True,True,1.0,1.0,0.062018802,0.130897257,4.270660812,0.629549465,0.0,0.0,0.0,0.010638228,0.0,0.0,5.103764564,0.0,1.40039609,1.40039609,0.0,0.0,0.0,0.0,0.0,0.0,1.40039609,0.192916059,4.910848505,0.0,0.0,6.504160654
2025-08-13T22:00:00+02:00,28.1,76,0.0,88,5.9,0.0,0.0,0.0,WD_HOME,WD_HOME,False,FULL,FULL,False,,False,,,,WD_HOME,24.517687682,21.340413569,23.471083786,cool,True,True,1.0,1.0,0.063107977,0.130897257,0.988044665,0.449831486,0.0,0.0,0.0,0.01390273,0.324982315,0.081245579,2.052012009,0.0,1.40039609,1.40039609,0.0,0.0,0.0,0.0,0.0,0.0,1.40039609,0.194005234,1.858006775,0.0,0.0,3.452408099
2025-08-13T23:00:00+02:00,27.4,80,0.0,80,5.1,0.0,0.0,0.0,WD_HOME,WD_HOME,False,FULL,FULL,False,,False,,,,WD_HOME,24.114739735,21.340413569,23.471083786,cool,True,True,1.0,1.0,0.064376347,0.130897257,0.0,0.0,0.0,0.0,0.0,0.0,0.324982315,0.081245579,0.601501498,0.0,1.40039609,1.40039609,0.0,0.0,0.0,0.0,0.0,0.0,1.40039609,0.195273604,0.406227894,0.0,0.0,2.001897588
2025-08-14T00:00:00+02:00,26.8,74,0.0,76,4.3,0.0,0.0,0.0,WD_HOME,WD_HOME,False,EMPTY,FULL,False,,False,,2025-08-14T08:58:52.437602+02:00,2025-08-14T17:16:29.898808+02:00,WD_HOME,23.662283113,21.796293576,23.926963793,off,True,True,1.0,1.0,0.065737476,0.130897257,0.0,0.0,0.0,0.0,0.0,0.0,0.324982315,0.081245579,0.602862627,0.0,0.0,0.0,0.0,0.0,0.0,0.0,0.0,0.0,0.0,0.196634733,0.406227894,0.0,0.0,0.602862627
2025-08-14T01:00:00+02:00,27.0,73,0.0,55,2.9,0.0,0.0,0.0,WD_HOME,WD_HOME,False,EMPTY,FULL,False,,False,,2025-08-14T08:58:52.437602+02:00,2025-08-14T17:16:29.898808+02:00,WD_HOME,24.185235927,21.796293576,23.926963793,off,True,True,1.0,1.0,0.067098604,0.130897257,0.0,0.0,0.0,0.0,0.0,0.0,0.324982315,0.081245579,0.604223755,0.0,0.0,0.0,0.0,0.0,0.0,0.0,0.0,0.0,0.0,0.197995861,0.406227894,0.0,0.0,0.604223755
2025-08-14T02:00:00+02:00,26.4,75,0.0,44,3.9,0.0,0.0,0.0,WD_HOME,WD_HOME,False,EMPTY,FULL,False,,False,,2025-08-14T08:58:52.437602+02:00,2025-08-14T17:16:29.898808+02:00,WD_HOME,24.654363273,21.796293576,23.926963793,cool,True,True,1.0,1.0,0.068366975,0.130897257,0.0,0.0,0.0,0.0,0.0,0.0,0.324982315,0.081245579,0.605492126,0.0,1.40039609,1.40039609,0.0,0.0,0.0,0.0,0.0,0.0,1.40039609,0.199264232,0.406227894,0.0,0.0,2.005888216
2025-08-14T03:00:00+02:00,25.8,78,0.0,29,5.2,0.0,0.0,0.0,WD_HOME,WD_HOME,False,EMPTY,FULL,False,,False,,2025-08-14T08:58:52.437602+02:00,2025-08-14T17:16:29.898808+02:00,WD_HOME,23.945302727,21.796293576,23.926963793,cool,True,True,1.0,1.0,0.069456149,0.130897257,0.0,0.0,0.0,0.0,0.0,0.0,0.324982315,0.081245579,0.6065813,0.0,1.40039609,1.40039609,0.0,0.0,0.0,0.0,0.0,0.0,1.40039609,0.200353406,0.406227894,0.0,0.0,2.00697739
2025-08-14T04:00:00+02:00,24.8,82,0.0,28,5.5,0.0,0.0,0.0,WD_HOME,WD_HOME,False,EMPTY,FULL,False,,False,,2025-08-14T08:58:52.437602+02:00,2025-08-14T17:16:29.898808+02:00,WD_HOME,23.254418939,21.796293576,23.926963793,off,True,True,1.0,1.0,0.070291902,0.130897257,0.0,0.0,0.0,0.0,0.0,0.0,0.324982315,0.081245579,0.607417053,0.0,0.0,0.0,0.0,0.0,0.0,0.0,0.0,0.0,0.0,0.201189159,0.406227894,0.0,0.0,0.607417053
2025-08-14T05:00:00+02:00,24.6,83,0.0,29,2.5,0.0,0.0,0.0,WD_HOME,WD_HOME,False,EMPTY,FULL,False,,False,,2025-08-14T08:58:52.437602+02:00,2025-08-14T17:16:29.898808+02:00,WD_HOME,23.512015783,21.796293576,23.926963793,off,True,True,1.0,1.0,0.070817278,0.130897257,0.0,0.0,0.0,0.0,0.0,0.0,0.324982315,0.081245579,0.607942429,0.0,0.0,0.0,0.0,0.0,0.0,0.0,0.0,0.0,0.0,0.201714535,0.406227894,0.0,0.0,0.607942429
2025-08-14T06:00:00+02:00,24.2,83,0.0,10,2.6,0.0,0.0,0.0,WD_HOME,WD_HOME,False,EMPTY,FULL,False,,False,,2025-08-14T08:58:52.437602+02:00,2025-08-14T17:16:29.898808+02:00,WD_HOME,23.693346486,21.796293576,23.926963793,off,True,True,1.0,1.0,0.070996474,0.130897257,0.0,0.0,0.0,0.0,0.0,0.0,0.324982315,0.081245579,0.608121625,0.0,0.0,0.0,0.0,0.0,0.0,0.0,0.0,0.0,0.0,0.201893731,0.406227894,0.0,0.0,0.608121625
2025-08-14T07:00:00+02:00,24.0,82,0.0,14,4.6,0.0,0.0,0.0,WD_HOME,WD_HOME,False,EMPTY,FULL,False,,False,,2025-08-14T08:58:52.437602+02:00,2025-08-14T17:16:29.898808+02:00,WD_HOME,23.777788738,21.796293576,23.926963793,off,True,True,1.0,1.0,0.070817278,0.130897257,0.0,0.0,0.0,0.0,0.0,0.0,0.324982315,0.081245579,0.607942429,0.0,0.0,0.0,0.0,0.0,0.0,0.769754688,0.0,0.0,0.769754688,0.201714535,0.406227894,0.0,0.769754688,1.377697117
2025-08-14T08:00:00+02:00,25.4,76,0.0,9,5.9,45.0,24.0,21.0,WD_HOME,WD_HOME,False,EMPTY,FULL,False,,False,,2025-08-14T08:58:52.437602+02:00,2025-08-14T17:16:29.898808+02:00,WD_HOME,23.814823948,21.796293576,23.926963793,off,True,True,0.726844874,0.624224622,0.070291902,0.130897257,0.0,0.0,0.0,0.0,0.0,0.0,0.0,0.0,0.201189159,0.0,0.0,0.0,0.0,0.0,0.0,0.880530278,0.0,0.0,0.880530278,0.201189159,0.0,0.0,0.880530278,1.081719437
2025-08-14T09:00:00+02:00,27.5,65,0.1,17,5.6,193.0,127.0,66.0,WD_HOME,WD_HOME,False,EMPTY,EMPTY,False,,False,,2025-08-14T08:58:52.437602+02:00,2025-08-14T17:16:29.898808+02:00,WD_HOME,24.079019957,20.796293576,24.926963793,off,False,False,0.0,0.0,0.069456149,0.130897257,0.0,0.0,0.0,0.0,0.0,0.0,0.0,0.0,0.200353406,0.0,0.0,0.0,0.0,0.0,0.0,0.880530278,0.0,0.0,0.880530278,0.200353406,0.0,0.0,0.880530278,1.080883684
2025-08-14T10:00:00+02:00,29.5,59,0.0,20,5.2,367.0,286.0,81.0,WD_HOME,WD_HOME,False,EMPTY,EMPTY,False,,False,,2025-08-14T08:58:52.437602+02:00,2025-08-14T17:16:29.898808+02:00,WD_HOME,24.649183297,20.796293576,24.926963793,off,False,False,0.0,0.0,0.068366975,0.130897257,0.0,0.0,0.0,0.0,0.0,0.0,0.0,0.0,0.199264232,0.0,0.0,0.0,0.0,0.0,0.0,0.355435497,0.0,0.0,0.355435497,0.199264232,0.0,0.0,0.355435497,0.554699729
2025-08-14T11:00:00+02:00,31.3,52,0.0,20,6.4,496.0,370.0,126.0,WD_HOME,WD_HOME,False,EMPTY,EMPTY,False,,False,,2025-08-14T08:58:52.437602+02:00,2025-08-14T17:16:29.898808+02:00,WD_HOME,25.457652748,20.796293576,24.926963793,cool,False,False,0.0,0.0,0.067098604,0.130897257,0.0,0.0,0.0,0.0,0.0,0.0,0.0,0.0,0.197995861,0.0,1.40039609,1.40039609,0.0,0.0,0.0,0.0,0.0,0.0,1.40039609,0.197995861,0.0,0.0,0.0,1.598391951
2025-08-14T12:00:00+02:00,32.3,49,0.0,16,7.8,675.0,556.0,119.0,WD_HOME,WD_HOME,False,EMPTY,EMPTY,False,,False,,2025-08-14T08:58:52.437602+02:00,2025-08-14T17:16:29.898808+02:00,WD_HOME,25.43137729,20.796293576,24.926963793,cool,False,False,0.0,0.0,0.065737476,0.130897257,0.0,0.0,0.0,0.0,0.0,0.0,0.0,0.0,0.196634733,0.0,1.40039609,1.40039609,0.0,0.0,0.0,0.0,0.0,0.0,1.40039609,0.196634733,0.0,0.0,0.0,1.597030823
2025-08-14T13:00:00+02:00,33.3,46,0.0,8,9.6,806.0,675.0,131.0,WD_HOME,WD_HOME,False,EMPTY,EMPTY,False,,False,,2025-08-14T08:58:52.437602+02:00,2025-08-14T17:16:29.898808+02:00,WD_HOME,25.576147742,20.796293576,24.926963793,cool,False,False,0.0,0.0,0.064376347,0.130897257,0.0,0.0,0.0,0.0,0.0,0.0,0.0,0.0,0.195273604,0.0,1.40039609,1.40039609,0.0,0.0,0.0,0.0,0.0,0.0,1.40039609,0.195273604,0.0,0.0,0.0,1.595669694
2025-08-14T14:00:00+02:00,33.8,44,0.0,21,11.5,837.0,693.0,144.0,WD_HOME,WD_HOME,False,EMPTY,EMPTY,False,,False,,2025-08-14T08:58:52.437602+02:00,2025-08-14T17:16:29.898808+02:00,WD_HOME,25.863456451,20.796293576,24.926963793,cool,False,False,0.0,0.0,0.063107977,0.130897257,0.0,0.0,0.0,0.0,0.0,0.0,0.0,0.0,0.194005234,0.0,1.40039609,1.40039609,0.0,0.0,0.0,0.0,0.0,0.0,1.40039609,0.194005234,0.0,0.0,0.0,1.594401324
2025-08-14T15:00:00+02:00,33.7,44,0.0,12,13.1,834.0,698.0,136.0,WD_HOME,WD_HOME,False,EMPTY,EMPTY,False,,False,,2025-08-14T08:58:52.437602+02:00,2025-08-14T17:16:29.898808+02:00,WD_HOME,26.186213709,20.796293576,24.926963793,cool,False,False,0.0,0.0,0.062018802,0.130897257,0.0,0.0,0.0,0.0,0.0,0.0,0.0,0.0,0.192916059,0.0,1.40039609,1.40039609,0.0,0.0,0.0,0.127077285,0.0,0.0,1.527473376,0.192916059,0.0,0.0,0.127077285,1.720389435
2025-08-14T16:00:00+02:00,33.8,43,0.0,44,12.7,772.0,649.0,123.0,WD_HOME,WD_HOME,False,EMPTY,EMPTY,False,,False,,2025-08-14T08:58:52.437602+02:00,2025-08-14T17:16:29.898808+02:00,WD_HOME,26.438511425,20.796293576,24.926963793,cool,False,False,0.0,0.0,0.06118305,0.130897257,0.0,0.0,0.0,0.0,0.0,0.0,0.0,0.0,0.192080307,0.0,1.40039609,1.40039609,0.0,0.0,0.0,0.880530278,0.0,0.0,2.280926369,0.192080307,0.0,0.0,0.880530278,2.473006676
2025-08-14T17:00:00+02:00,33.5,44,0.0,51,12.7,636.0,506.0,130.0,WD_HOME,WD_HOME,False,EMPTY,FULL,False,,False,,2025-08-14T08:58:52.437602+02:00,2025-08-14T17:16:29.898808+02:00,WD_HOME,26.665426187,21.796293576,23.926963793,cool,False,True,0.0,0.561646885,0.060657674,0.130897257,0.0,0.0,0.0,0.0,0.0,0.0,0.0,0.0,0.191554931,0.0,1.40039609,1.40039609,0.0,1.914604306,1.914604306,0.880530278,0.0,0.0,4.195530675,0.191554931,0.0,1.914604306,0.880530278,4.387085606
2025-08-14T18:00:00+02:00,32.1,48,0.0,36,13.0,387.0,264.0,123.0,WD_HOME,WD_HOME,False,EMPTY,FULL,False,,False,,2025-08-14T08:58:52.437602+02:00,2025-08-14T17:16:29.898808+02:00,WD_HOME,26.804521823,21.796293576,23.926963793,cool,True,True,0.568034532,1.0,0.060478478,0.130897257,0.0,0.0,0.0,0.0,0.0,0.017056843,0.0,0.0,0.208432578,0.0,1.40039609,1.40039609,0.0,5.948882221,5.948882221,0.617815408,0.0,0.0,7.967093719,0.191375735,0.017056843,5.948882221,0.617815408,8.175526297
2025-08-14T19:00:00+02:00,31.2,52,0.0,53,12.2,221.0,123.0,98.0,WD_HOME,WD_HOME,False,EMPTY,FULL,False,,False,,2025-08-14T08:58:52.437602+02:00,2025-08-14T17:16:29.898808+02:00,WD_HOME,26.687101519,21.796293576,23.926963793,cool,True,True,1.0,1.0,0.060657674,0.130897257,0.0,0.0,0.0,0.0,0.118067736,0.016190225,0.0,0.0,0.325812892,0.0,1.40039609,1.40039609,4.336071555,0.0,4.336071555,0.0,0.0,0.0,5.736467645,0.191554931,0.134257961,4.336071555,0.0,6.062280537
2025-08-14T20:00:00+02:00,30.2,55,0.0,52,8.8,139.0,70.0,69.0,WD_HOME,WD_HOME,False,EMPTY,FULL,False,,False,,2025-08-14T08:58:52.437602+02:00,2025-08-14T17:16:29.898808+02:00,WD_HOME,26.439251266,21.796293576,23.926963793,cool,True,True,1.0,1.0,0.06118305,0.130897257,0.0,0.469733248,0.0,0.0,0.093993444,0.0,0.0,0.0,0.755806999,0.0,1.40039609,1.40039609,4.962504892,0.0,4.962504892,0.0,0.0,0.0,6.362900982,0.192080307,0.563726692,4.962504892,0.0,7.118707981
2025-08-14T21:00:00+02:00,28.1,65,0.0,49,6.1,24.0,7.0,17.0,WD_HOME,WD_HOME,False,EMPTY,FULL,False,,False,,2025-08-14T08:58:52.437602+02:00,2025-08-14T17:16:29.898808+02:00,WD_HOME,26.066042721,21.796293576,23.926963793,cool,True,True,1.0,1.0,0.062018802,0.130897257,0.0,0.601087242,0.0,0.0,0.0,0.0,0.0,0.0,0.794003301,0.0,1.40039609,1.40039609,0.0,0.0,0.0,0.0,0.0,0.0,1.40039609,0.192916059,0.601087242,0.0,0.0,2.194399391
2025-08-14T22:00:00+02:00,27.3,70,0.0,15,7.0,0.0,0.0,0.0,WD_HOME,WD_HOME,False,EMPTY,FULL,False,,False,,2025-08-14T08:58:52.437602+02:00,2025-08-14T17:16:29.898808+02:00,WD_HOME,25.405035601,21.796293576,23.926963793,cool,True,True,1.0,1.0,0.063107977,0.130897257,0.0,0.0,0.0,0.0,0.0,0.0,0.324982315,0.081245579,0.600233128,0.0,1.40039609,1.40039609,0.0,0.0,0.0,0.0,0.0,0.0,1.40039609,0.194005234,0.406227894,0.0,0.0,2.000629218
2025-08-14T23:00:00+02:00,27.0,71,0.0,5,6.8,0.0,0.0,0.0,WD_HOME,WD_HOME,False,EMPTY,FULL,False,,False,,2025-08-14T08:58:52.437602+02:00,2025-08-14T17:16:29.898808+02:00,WD_HOME,24.720863001,21.796293576,23.926963793,cool,True,True,1.0,1.0,0.064376347,0.130897257,0.0,0.0,0.0,0.0,0.0,0.019680488,0.324982315,0.081245579,0.621181986,0.0,1.40039609,1.40039609,0.0,0.0,0.0,0.0,0.0,0.0,1.40039609,0.195273604,0.425908382,0.0,0.0,2.021578076
2025-08-15T00:00:00+02:00,26.0,74,0.0,0,6.2,0.0,0.0,0.0,WD_HOME,WD_HOME,False,EMPTY,FULL,False,,False,,2025-08-15T08:40:52.064735+02:00,2025-08-15T18:58:19.153344+02:00,WD_HOME,24.100719167,21.170400452,23.301070668,cool,True,True,1.0,1.0,0.065737476,0.130897257,0.0,0.0,0.0,0.0,0.0,0.0,0.324982315,0.081245579,0.602862627,0.0,1.40039609,1.40039609,0.0,0.0,0.0,0.0,0.0,0.0,1.40039609,0.196634733,0.406227894,0.0,0.0,2.003258717
2025-08-15T01:00:00+02:00,25.5,76,0.0,0,5.9,0.0,0.0,0.0,WD_HOME,WD_HOME,False,EMPTY,FULL,False,,False,,2025-08-15T08:40:52.064735+02:00,2025-08-15T18:58:19.153344+02:00,WD_HOME,23.417265973,21.170400452,23.301070668,cool,True,True,1.0,1.0,0.067098604,0.130897257,0.0,0.0,0.0,0.0,0.0,0.0,0.324982315,0.081245579,0.604223755,0.0,1.40039609,1.40039609,0.0,0.0,0.0,0.0,0.0,0.0,1.40039609,0.197995861,0.406227894,0.0,0.0,2.004619845
2025-08-15T02:00:00+02:00,25.1,78,0.0,0,6.7,0.0,0.0,0.0,WD_HOME,WD_HOME,False,EMPTY,FULL,False,,False,,2025-08-15T08:40:52.064735+02:00,2025-08-15T18:58:19.153344+02:00,WD_HOME,22.764388311,21.170400452,23.301070668,off,True,True,1.0,1.0,0.068366975,0.130897257,0.0,0.0,0.0,0.0,0.0,0.0,0.324982315,0.081245579,0.605492126,0.0,0.0,0.0,0.0,0.0,0.0,0.0,0.0,0.0,0.0,0.199264232,0.406227894,0.0,0.0,0.605492126
2025-08-15T03:00:00+02:00,24.8,76,0.0,0,7.4,0.0,0.0,0.0,WD_HOME,WD_HOME,False,EMPTY,FULL,False,,False,,2025-08-15T08:40:52.064735+02:00,2025-08-15T18:58:19.153344+02:00,WD_HOME,23.153656926,21.170400452,23.301070668,off,True,True,1.0,1.0,0.069456149,0.130897257,0.0,0.0,0.0,0.0,0.0,0.0,0.324982315,0.081245579,0.6065813,0.0,0.0,0.0,0.0,0.0,0.0,0.0,0.0,0.0,0.0,0.200353406,0.406227894,0.0,0.0,0.6065813
2025-08-15T04:00:00+02:00,24.8,74,0.0,0,8.0,0.0,0.0,0.0,WD_HOME,WD_HOME,False,EMPTY,FULL,False,,False,,2025-08-15T08:40:52.064735+02:00,2025-08-15T18:58:19.153344+02:00,WD_HOME,23.428047438,21.170400452,23.301070668,off,True,True,1.0,1.0,0.070291902,0.130897257,0.0,0.0,0.0,0.0,0.0,0.0,0.324982315,0.081245579,0.607417053,0.0,0.0,0.0,0.0,0.0,0.0,0.0,0.0,0.0,0.0,0.201189159,0.406227894,0.0,0.0,0.607417053
2025-08-15T05:00:00+02:00,24.7,71,0.0,0,9.1,0.0,0.0,0.0,WD_HOME,WD_HOME,False,EMPTY,FULL,False,,False,,2025-08-15T08:40:52.064735+02:00,2025-08-15T18:58:19.153344+02:00,WD_HOME,23.656706198,21.170400452,23.301070668,off,True,True,1.0,1.0,0.070817278,0.130897257,0.0,0.0,0.0,0.0,0.0,0.0,0.324982315,0.081245579,0.607942429,0.0,0.0,0.0,0.0,0.0,0.0,0.0,0.0,0.0,0.0,0.201714535,0.406227894,0.0,0.0,0.607942429
2025-08-15T06:00:00+02:00,24.6,69,0.0,0,8.7,0.0,0.0,0.0,WD_HOME,WD_HOME,False,EMPTY,FULL,False,,False,,2025-08-15T08:40:52.064735+02:00,2025-08-15T18:58:19.153344+02:00,WD_HOME,23.830588499,21.170400452,23.301070668,cool,True,True,1.0,1.0,0.070996474,0.130897257,0.0,0.0,0.0,0.0,0.0,0.0,0.324982315,0.081245579,0.608121625,0.0,1.40039609,1.40039609,0.0,0.0,0.0,0.0,0.0,0.0,1.40039609,0.201893731,0.406227894,0.0,0.0,2.008517715
2025-08-15T07:00:00+02:00,24.5,69,0.0,0,7.1,0.0,0.0,0.0,WD_HOME,WD_HOME,False,EMPTY,FULL,False,,False,,2025-08-15T08:40:52.064735+02:00,2025-08-15T18:58:19.153344+02:00,WD_HOME,22.958823749,21.170400452,23.301070668,off,True,True,1.0,1.0,0.070817278,0.130897257,0.0,0.0,0.0,0.0,0.0,0.0,0.324982315,0.081245579,0.607942429,0.0,0.0,0.0,0.0,0.0,0.0,0.0,0.0,0.0,0.0,0.201714535,0.406227894,0.0,0.0,0.607942429
2025-08-15T08:00:00+02:00,25.2,65,0.0,0,7.2,45.0,25.0,20.0,WD_HOME,WD_HOME,False,EMPTY,FULL,False,,False,,2025-08-15T08:40:52.064735+02:00,2025-08-15T18:58:19.153344+02:00,WD_HOME,23.215686457,21.170400452,23.301070668,off,True,True,1.0,1.0,0.070291902,0.130897257,0.984198608,0.0,0.0,0.0,0.0,0.0,0.0,0.0,1.185387767,0.0,0.0,0.0,0.0,0.0,0.0,0.022099752,0.0,0.0,0.022099752,0.201189159,0.984198608,0.0,0.022099752,1.207487519
2025-08-15T09:00:00+02:00,26.9,60,0.0,0,5.1,199.0,139.0,60.0,WD_HOME,WD_HOME,False,EMPTY,EMPTY,False,,False,,2025-08-15T08:40:52.064735+02:00,2025-08-15T18:58:19.153344+02:00,WD_HOME,23.546405381,20.170400452,24.301070668,off,True,True,1.0,1.0,0.069456149,0.130897257,0.0,0.0,0.0,0.0,0.0,0.0,0.0,0.0,0.200353406,0.0,0.0,0.0,0.0,0.0,0.0,0.880530278,0.0,0.0,0.880530278,0.200353406,0.0,0.0,0.880530278,1.080883684
2025-08-15T10:00:00+02:00,29.6,55,0.0,0,3.6,384.0,302.0,82.0,WD_HOME,WD_HOME,False,EMPTY,EMPTY,False,,False,,2025-08-15T08:40:52.064735+02:00,2025-08-15T18:58:19.153344+02:00,WD_HOME,24.105337818,20.170400452,24.301070668,off,True,True,1.0,1.0,0.068366975,0.130897257,0.0,0.0,0.0,0.0,0.0,0.0,0.0,0.0,0.199264232,0.0,0.0,0.0,0.0,0.0,0.0,0.880530278,0.0,0.0,0.880530278,0.199264232,0.0,0.0,0.880530278,1.079794510
2025-08-15T11:00:00+02:00,31.5,49,0.0,0,3.8,562.0,465.0,97.0,WD_HOME,WD_HOME,False,EMPTY,EMPTY,False,,False,,2025-08-15T08:40:52.064735+02:00,2025-08-15T18:58:19.153344+02:00,WD_HOME,25.021114848,20.170400452,24.301070668,cool,True,True,1.0,1.0,0.067098604,0.130897257,0.0,0.0,0.0,0.0,0.0,0.0,0.0,0.0,0.197995861,0.0,1.40039609,1.40039609,0.0,0.0,0.0,0.880530278,0.0,0.0,2.280926369,0.197995861,0.0,0.0,0.880530278,2.478922230
2025-08-15T12:00:00+02:00,31.9,52,0.0,0,5.9,711.0,605.0,106.0,WD_HOME,WD_HOME,False,EMPTY,EMPTY,False,,False,,2025-08-15T08:40:52.064735+02:00,2025-08-15T18:58:19.153344+02:00,WD_HOME,25.10092904,20.170400452,24.301070668,cool,True,True,1.0,1.0,0.065737476,0.130897257,0.0,0.0,0.0,0.0,0.0,0.0,0.0,0.0,0.196634733,0.0,1.40039609,1.40039609,0.0,0.0,0.0,0.880530278,0.0,0.0,2.280926369,0.196634733,0.0,0.0,0.880530278,2.477561102
2025-08-15T13:00:00+02:00,32.6,51,0.0,0,7.0,817.0,705.0,112.0,WD_HOME,WD_HOME,False,EMPTY,EMPTY,False,,False,,2025-08-15T08:40:52.064735+02:00,2025-08-15T18:58:19.153344+02:00,WD_HOME,25.234107533,20.170400452,24.301070668,cool,True,True,1.0,1.0,0.064376347,0.130897257,0.0,0.0,0.0,0.0,0.0,0.0,0.0,0.0,0.195273604,0.0,1.40039609,1.40039609,0.0,0.0,0.0,0.880530278,0.0,0.0,2.280926369,0.195273604,0.0,0.0,0.880530278,2.476199973
2025-08-15T14:00:00+02:00,32.9,51,0.0,3,8.7,848.0,729.0,119.0,WD_HOME,WD_HOME,False,EMPTY,EMPTY,False,,False,,2025-08-15T08:40:52.064735+02:00,2025-08-15T18:58:19.153344+02:00,WD_HOME,25.461756278,20.170400452,24.301070668,cool,True,True,1.0,1.0,0.063107977,0.130897257,0.0,0.0,0.0,0.0,0.0,0.0,0.0,0.0,0.194005234,0.0,1.40039609,1.40039609,0.0,0.0,0.0,0.880530278,0.0,0.0,2.280926369,0.194005234,0.0,0.0,0.880530278,2.474931603
2025-08-15T15:00:00+02:00,32.8,52,0.0,22,9.8,725.0,583.0,142.0,WD_HOME,WD_HOME,False,EMPTY,EMPTY,False,,False,,2025-08-15T08:40:52.064735+02:00,2025-08-15T18:58:19.153344+02:00,WD_HOME,25.701463565,20.170400452,24.301070668,cool,True,True,1.0,1.0,0.062018802,0.130897257,0.0,0.0,0.0,0.0,0.0,0.0,0.0,0.0,0.192916059,0.0,1.40039609,1.40039609,0.0,0.0,0.0,0.880530278,0.0,0.0,2.280926369,0.192916059,0.0,0.0,0.880530278,2.473842428
2025-08-15T16:00:00+02:00,32.7,52,0.0,25,11.5,652.0,542.0,110.0,WD_HOME,WD_HOME,False,EMPTY,EMPTY,False,,False,,2025-08-15T08:40:52.064735+02:00,2025-08-15T18:58:19.153344+02:00,WD_HOME,25.884552971,20.170400452,24.301070668,cool,True,True,1.0,1.0,0.06118305,0.130897257,0.0,0.0,0.0,0.0,0.0,0.0,0.0,0.0,0.192080307,0.0,1.40039609,1.40039609,0.0,0.0,0.0,0.880530278,0.0,0.0,2.280926369,0.192080307,0.0,0.0,0.880530278,2.473006676
2025-08-15T17:00:00+02:00,32.6,52,0.0,24,12.1,605.0,449.0,156.0,WD_HOME,WD_HOME,False,EMPTY,EMPTY,False,,False,,2025-08-15T08:40:52.064735+02:00,2025-08-15T18:58:19.153344+02:00,WD_HOME,26.020460809,20.170400452,24.301070668,cool,True,True,1.0,1.0,0.060657674,0.130897257,0.0,0.0,0.0,0.0,0.0,0.0,0.0,0.0,0.191554931,0.0,1.40039609,1.40039609,0.0,0.0,0.0,0.880530278,0.0,0.0,2.280926369,0.191554931,0.0,0.0,0.880530278,2.472481300
2025-08-15T18:00:00+02:00,32.2,53,0.0,27,12.0,444.0,344.0,100.0,WD_HOME,WD_HOME,False,EMPTY,EMPTY,False,,False,,2025-08-15T08:40:52.064735+02:00,2025-08-15T18:58:19.153344+02:00,WD_HOME,26.117050674,20.170400452,24.301070668,cool,True,True,1.0,1.0,0.060478478,0.130897257,1.327748806,0.0,0.0,0.0,0.0,0.035271099,0.0,0.0,1.55439564,0.0,1.40039609,1.40039609,0.0,0.0,0.0,0.555739748,0.0,0.0,1.956135839,0.191375735,1.363019905,0.0,0.555739748,3.510531479
2025-08-15T19:00:00+02:00,31.6,55,0.0,26,10.4,294.0,219.0,75.0,WD_HOME,WD_HOME,False,EMPTY,FULL,False,,False,,2025-08-15T08:40:52.064735+02:00,2025-08-15T18:58:19.153344+02:00,WD_HOME,26.130875562,21.170400452,23.301070668,cool,True,True,1.0,1.0,0.060657674,0.130897257,0.413661991,0.0,0.0,0.0,0.0,0.0,0.0,0.0,0.605216922,0.0,1.40039609,1.40039609,0.0,0.0,0.0,0.0,0.0,0.0,1.40039609,0.191554931,0.413661991,0.0,0.0,2.005613012
2025-08-15T20:00:00+02:00,30.4,58,0.0,8,7.2,166.0,109.0,57.0,WD_HOME,WD_HOME,False,EMPTY,FULL,False,,False,,2025-08-15T08:40:52.064735+02:00,2025-08-15T18:58:19.153344+02:00,WD_HOME,26.042396301,21.170400452,23.301070668,cool,True,True,1.0,1.0,0.06118305,0.130897257,0.0,0.0,0.0,0.0,0.171775245,0.0,0.0,0.0,0.363855552,0.0,1.40039609,1.40039609,0.0,0.0,0.0,0.0,0.0,0.0,1.40039609,0.192080307,0.171775245,0.0,0.0,1.764251642
2025-08-15T21:00:00+02:00,29.0,68,0.0,0,4.4,26.0,12.0,14.0,WD_HOME,WD_HOME,False,EMPTY,FULL,False,,False,,2025-08-15T08:40:52.064735+02:00,2025-08-15T18:58:19.153344+02:00,WD_HOME,25.768663585,21.170400452,23.301070668,cool,True,True,1.0,1.0,0.062018802,0.130897257,0.0,0.0,0.0,0.0,0.415716855,0.0,0.0,0.0,0.608632914,0.0,1.40039609,1.40039609,0.0,0.0,0.0,0.0,0.0,0.0,1.40039609,0.192916059,0.415716855,0.0,0.0,2.009029004
2025-08-15T22:00:00+02:00,28.6,69,0.0,1,4.7,0.0,0.0,0.0,WD_HOME,WD_HOME,False,EMPTY,FULL,False,,False,,2025-08-15T08:40:52.064735+02:00,2025-08-15T18:58:19.153344+02:00,WD_HOME,25.307219654,21.170400452,23.301070668,cool,True,True,1.0,1.0,0.063107977,0.130897257,0.0,0.0,0.0,0.0,0.121099248,0.0,0.324982315,0.081245579,0.721332376,0.0,1.40039609,1.40039609,0.0,0.0,0.0,0.0,0.0,0.0,1.40039609,0.194005234,0.527327142,0.0,0.0,2.121728466
2025-08-15T23:00:00+02:00,27.7,74,0.0,0,5.9,0.0,0.0,0.0,WD_HOME,WD_HOME,False,EMPTY,FULL,False,,False,,2025-08-15T08:40:52.064735+02:00,2025-08-15T18:58:19.153344+02:00,WD_HOME,24.856016378,21.170400452,23.301070668,cool,True,True,1.0,1.0,0.064376347,0.130897257,0.0,0.0,0.0,0.0,0.0,0.0,0.324982315,0.081245579,0.601501498,0.0,1.40039609,1.40039609,0.0,0.0,0.0,0.0,0.0,0.0,1.40039609,0.195273604,0.406227894,0.0,0.0,2.001897588
2025-08-16T00:00:00+02:00,27.1,81,0.0,0,8.5,0.0,0.0,0.0,WE_HOME,WE_HOME,True,FULL,FULL,False,,False,,,,WE_HOME,24.330013648,21.425166375,23.555836592,cool,True,True,1.0,1.0,0.065737476,0.130897257,0.0,0.0,0.0,0.0,0.0,0.0,0.324982315,0.081245579,0.602862627,0.0,1.40039609,1.40039609,0.0,0.0,0.0,0.0,0.0,0.0,1.40039609,0.196634733,0.406227894,0.0,0.0,2.003258717
2025-08-16T01:00:00+02:00,27.0,81,0.0,0,8.6,0.0,0.0,0.0,WE_HOME,WE_HOME,True,FULL,FULL,False,,False,,,,WE_HOME,23.79167804,21.425166375,23.555836592,cool,True,True,1.0,1.0,0.067098604,0.130897257,0.0,0.0,0.0,0.0,0.0,0.0,0.324982315,0.081245579,0.604223755,0.0,1.40039609,1.40039609,0.0,0.0,0.0,0.0,0.0,0.0,1.40039609,0.197995861,0.406227894,0.0,0.0,2.004619845
2025-08-16T02:00:00+02:00,26.8,81,0.0,0,8.6,0.0,0.0,0.0,WE_HOME,WE_HOME,True,FULL,FULL,False,,False,,,,WE_HOME,23.326398367,21.425166375,23.555836592,off,True,True,1.0,1.0,0.068366975,0.130897257,0.0,0.0,0.0,0.0,0.0,0.0,0.324982315,0.081245579,0.605492126,0.0,0.0,0.0,0.0,0.0,0.0,0.0,0.0,0.0,0.0,0.199264232,0.406227894,0.0,0.0,0.605492126
2025-08-16T03:00:00+02:00,26.5,79,0.0,0,8.9,0.0,0.0,0.0,WE_HOME,WE_HOME,True,FULL,FULL,False,,False,,,,WE_HOME,23.905331972,21.425166375,23.555836592,off,True,True,1.0,1.0,0.069456149,0.130897257,0.0,0.0,0.0,0.0,0.0,0.0,0.324982315,0.081245579,0.6065813,0.0,0.0,0.0,0.0,0.0,0.0,0.0,0.0,0.0,0.0,0.200353406,0.406227894,0.0,0.0,0.6065813
2025-08-16T04:00:00+02:00,26.0,78,0.0,0,8.8,0.0,0.0,0.0,WE_HOME,WE_HOME,True,FULL,FULL,False,,False,,,,WE_HOME,24.337776644,21.425166375,23.555836592,cool,True,True,1.0,1.0,0.070291902,0.130897257,0.0,0.0,0.0,0.0,0.0,0.0,0.324982315,0.081245579,0.607417053,0.0,1.40039609,1.40039609,0.0,0.0,0.0,0.0,0.0,0.0,1.40039609,0.201189159,0.406227894,0.0,0.0,2.007813143
2025-08-16T05:00:00+02:00,25.7,76,0.0,0,8.4,0.0,0.0,0.0,WE_HOME,WE_HOME,True,FULL,FULL,False,,False,,,,WE_HOME,23.61481387,21.425166375,23.555836592,cool,True,True,1.0,1.0,0.070817278,0.130897257,0.0,0.0,0.0,0.0,0.0,0.0,0.324982315,0.081245579,0.607942429,0.0,1.40039609,1.40039609,0.0,0.0,0.0,0.0,0.0,0.0,1.40039609,0.201714535,0.406227894,0.0,0.0,2.008338519
2025-08-16T06:00:00+02:00,25.5,75,0.0,0,8.6,0.0,0.0,0.0,WE_HOME,WE_HOME,True,FULL,FULL,False,,False,,,,WE_HOME,22.962344891,21.425166375,23.555836592,off,True,True,1.0,1.0,0.070996474,0.130897257,0.0,0.0,0.0,0.0,0.0,0.0,0.324982315,0.081245579,0.608121625,0.0,0.0,0.0,0.0,0.0,0.0,0.0,0.0,0.0,0.0,0.201893731,0.406227894,0.0,0.0,0.608121625
2025-08-16T07:00:00+02:00,25.1,76,0.0,0,9.1,0.0,0.0,0.0,WE_HOME,WE_HOME,True,FULL,FULL,False,,False,,,,WE_HOME,23.38528741,21.425166375,23.555836592,off,True,True,1.0,1.0,0.070817278,0.130897257,0.0,0.0,0.0,0.0,0.0,0.0,0.324982315,0.081245579,0.607942429,0.0,0.0,0.0,0.0,0.0,0.0,0.0,0.0,0.0,0.0,0.201714535,0.406227894,0.0,0.0,0.607942429
2025-08-16T08:00:00+02:00,25.9,69,0.0,0,11.1,43.0,24.0,19.0,WE_HOME,WE_HOME,True,FULL,FULL,False,,False,,,,WE_HOME,23.671072841,21.425166375,23.555836592,off,True,True,1.0,1.0,0.070291902,0.130897257,0.0,0.0,0.0,0.0,0.0,0.0,0.0,0.0,0.201189159,0.0,0.0,0.0,0.0,0.0,0.0,0.266785176,0.0,0.0,0.266785176,0.201189159,0.0,0.0,0.266785176,0.467974335
2025-08-16T09:00:00+02:00,28.0,61,0.0,0,9.4,201.0,143.0,58.0,WE_HOME,WE_HOME,True,FULL,FULL,False,,False,,,,WE_HOME,24.042560701,21.425166375,23.555836592,off,True,True,1.0,1.0,0.069456149,0.130897257,0.0,0.0,0.0,0.0,0.0,0.0,0.0,0.0,0.200353406,0.0,0.0,0.0,0.0,0.0,0.0,0.880530278,0.0,0.0,0.880530278,0.200353406,0.0,0.0,0.880530278,1.080883684
2025-08-16T10:00:00+02:00,30.7,54,0.0,0,6.3,391.0,312.0,79.0,WE_HOME,WE_HOME,True,FULL,FULL,False,,False,,,,WE_HOME,24.702133918,21.425166375,23.555836592,cool,True,True,1.0,1.0,0.068366975,0.130897257,0.0,0.0,0.0,0.0,0.01038843,0.0,0.0,0.0,0.209652662,0.0,1.40039609,1.40039609,0.0,0.0,0.0,0.880530278,0.0,0.0,2.280926369,0.199264232,0.01038843,0.0,0.880530278,2.490579031
2025-08-16T11:00:00+02:00,33.1,47,0.0,0,4.5,573.0,479.0,94.0,WE_HOME,WE_HOME,True,FULL,FULL,False,,False,,,,WE_HOME,24.701778265,21.425166375,23.555836592,cool,True,True,0.016838227,1.0,0.067098604,0.130897257,0.0,0.0,0.0,0.0,0.224168266,0.0,0.0,0.0,0.422164127,0.0,1.40039609,1.40039609,0.0,0.0,0.0,0.880530278,0.0,0.0,2.280926369,0.197995861,0.224168266,0.0,0.880530278,2.703090496
2025-08-16T12:00:00+02:00,34.4,41,0.0,0,5.3,724.0,621.0,103.0,WE_HOME,WE_HOME,True,FULL,FULL,False,,False,,,,WE_HOME,25.101481887,21.425166375,23.555836592,cool,False,True,0.0,1.0,0.065737476,0.130897257,0.0,0.0,0.0,0.0,0.209549037,0.0,0.0,0.0,0.40618377,0.0,1.40039609,1.40039609,0.0,0.0,0.0,0.355412625,0.0,0.0,1.755808716,0.196634733,0.209549037,0.0,0.355412625,2.161992486
2025-08-16T13:00:00+02:00,34.6,41,0.0,0,7.4,828.0,720.0,108.0,WE_HOME,WE_HOME,True,FULL,FULL,False,,False,,,,WE_HOME,25.651234906,21.425166375,23.555836592,cool,False,True,0.0,1.0,0.064376347,0.130897257,0.0,0.0,0.0,0.0,0.0,0.0,0.0,0.0,0.195273604,0.0,1.40039609,1.40039609,0.0,0.0,0.0,0.0,0.0,0.0,1.40039609,0.195273604,0.0,0.0,0.0,1.595669694
2025-08-16T14:00:00+02:00,34.8,40,0.0,0,9.9,879.0,767.0,112.0,WE_HOME,WE_HOME,True,FULL,FULL,False,,False,,,,WE_HOME,26.142695755,21.425166375,23.555836592,cool,False,True,0.0,1.0,0.063107977,0.130897257,0.0,0.0,0.0,0.0,0.0,0.0,0.0,0.0,0.194005234,0.0,1.40039609,1.40039609,0.0,0.0,0.0,0.0,0.0,0.0,1.40039609,0.194005234,0.0,0.0,0.0,1.594401324
2025-08-16T15:00:00+02:00,34.9,39,0.0,3,12.1,866.0,739.0,127.0,WE_HOME,WE_HOME,True,FULL,FULL,False,,False,,,,WE_HOME,26.585579796,21.425166375,23.555836592,cool,True,True,0.224531811,1.0,0.062018802,0.130897257,0.0,0.0,0.0,0.0,0.0,0.0,0.0,0.0,0.192916059,0.0,1.40039609,1.40039609,0.0,0.0,0.0,0.0,0.0,0.0,1.40039609,0.192916059,0.0,0.0,0.0,1.593312149
2025-08-16T16:00:00+02:00,34.5,42,0.0,8,13.0,787.0,656.0,131.0,WE_HOME,WE_HOME,True,FULL,FULL,False,,False,,,,WE_HOME,26.971316497,21.425166375,23.555836592,cool,True,True,1.0,1.0,0.06118305,0.130897257,0.0,0.0,0.0,0.0,0.0,0.0,0.0,0.0,0.192080307,0.0,1.40039609,1.40039609,0.0,0.0,0.0,0.0,0.0,0.0,1.40039609,0.192080307,0.0,0.0,0.0,1.592476397
2025-08-16T17:00:00+02:00,34.0,44,0.0,52,12.2,680.0,566.0,114.0,WE_HOME,WE_HOME,True,FULL,FULL,False,,False,,,,WE_HOME,27.22609708,21.425166375,23.555836592,cool,True,True,1.0,1.0,0.060657674,0.130897257,0.0,0.0,0.0,0.0,0.0,0.0,0.0,0.0,0.191554931,0.0,1.40039609,1.40039609,0.0,0.0,0.0,0.13201085,0.0,0.0,1.532406941,0.191554931,0.0,0.0,0.13201085,1.723961872
2025-08-16T18:00:00+02:00,33.1,47,0.0,60,11.6,470.0,356.0,114.0,WE_HOME,WE_HOME,True,FULL,FULL,False,,False,,,,WE_HOME,27.3550809,21.425166375,23.555836592,cool,True,True,1.0,1.0,0.060478478,0.130897257,0.0,0.0,0.0,0.0,0.0,0.005677644,0.0,0.0,0.197053379,0.0,1.40039609,1.40039609,0.0,0.0,0.0,0.880530278,0.0,0.0,2.280926369,0.191375735,0.005677644,0.0,0.880530278,2.477979748
2025-08-16T19:00:00+02:00,32.4,50,0.0,59,8.6,331.0,236.0,95.0,WE_HOME,WE_HOME,True,FULL,FULL,False,,False,,,,WE_HOME,27.312567417,21.425166375,23.555836592,cool,True,True,1.0,1.0,0.060657674,0.130897257,0.0,0.0,0.0,0.0,0.176585034,0.0,0.0,0.0,0.368139965,0.0,1.40039609,1.40039609,0.0,0.0,0.0,0.880530278,0.0,0.0,2.280926369,0.191554931,0.176585034,0.0,0.880530278,2.649066334
2025-08-16T20:00:00+02:00,31.3,54,0.0,21,6.2,152.0,93.0,59.0,WE_HOME,WE_HOME,True,FULL,FULL,False,,False,,,,WE_HOME,27.160472847,21.425166375,23.555836592,cool,True,True,1.0,1.0,0.06118305,0.130897257,3.71183537,0.350799341,0.0,0.0,0.415716855,0.0,0.0,0.0,4.670431873,0.0,1.40039609,1.40039609,0.0,0.0,0.0,0.274158898,0.0,0.0,1.674554988,0.192080307,4.478351566,0.0,0.274158898,6.344986861
2025-08-16T21:00:00+02:00,29.4,63,0.0,7,5.3,27.0,13.0,14.0,WE_HOME,WE_HOME,True,FULL,FULL,False,,False,,,,WE_HOME,26.85039404,21.425166375,23.555836592,cool,True,True,1.0,1.0,0.062018802,0.130897257,1.814215941,0.549526871,0.0,0.0,0.415716855,0.0,0.0,0.0,2.972375726,0.0,1.40039609,1.40039609,0.0,0.0,0.0,0.0,0.0,0.0,1.40039609,0.192916059,2.779459667,0.0,0.0,4.372771816
2025-08-16T22:00:00+02:00,28.6,66,0.0,6,6.3,0.0,0.0,0.0,WE_HOME,WE_HOME,True,FULL,FULL,False,,False,,,,WE_HOME,26.275328366,21.425166375,23.555836592,cool,True,True,1.0,1.0,0.063107977,0.130897257,0.0,0.0,0.0,0.0,0.22345817,0.007406386,0.324982315,0.081245579,0.831097684,0.0,1.40039609,1.40039609,0.0,0.0,0.0,0.0,0.0,0.0,1.40039609,0.194005234,0.637092450,0.0,0.0,2.231493774
2025-08-16T23:00:00+02:00,27.6,69,0.0,3,6.8,0.0,0.0,0.0,WE_HOME,WE_HOME,True,FULL,FULL,False,,False,,,,WE_HOME,25.662773639,21.425166375,23.555836592,cool,True,True,1.0,1.0,0.064376347,0.130897257,0.0,0.0,0.0,0.0,0.0,0.014772182,0.324982315,0.081245579,0.61627368,0.0,1.40039609,1.40039609,0.0,0.0,0.0,0.0,0.0,0.0,1.40039609,0.195273604,0.421000076,0.0,0.0,2.01666977
2025-08-17T00:00:00+02:00,26.8,76,0.0,2,6.8,0.0,0.0,0.0,WE_HOME,WE_HOME,True,EMPTY,FULL,False,,False,,2025-08-17T12:56:11.203001+02:00,2025-08-17T18:23:36.769499+02:00,WE_HOME,24.985644699,21.856815297,23.987485514,cool,True,True,1.0,1.0,0.065737476,0.130897257,0.0,0.0,0.0,0.0,0.0,0.0,0.324982315,0.081245579,0.602862627,0.0,1.40039609,1.40039609,0.0,0.0,0.0,0.0,0.0,0.0,1.40039609,0.196634733,0.406227894,0.0,0.0,2.003258717
2025-08-17T01:00:00+02:00,26.8,77,0.0,2,6.9,0.0,0.0,0.0,WE_HOME,WE_HOME,True,EMPTY,FULL,False,,False,,2025-08-17T12:56:11.203001+02:00,2025-08-17T18:23:36.769499+02:00,WE_HOME,24.288037249,21.856815297,23.987485514,cool,True,True,1.0,1.0,0.067098604,0.130897257,0.0,0.0,0.0,0.0,0.0,0.0,0.324982315,0.081245579,0.604223755,0.0,1.40039609,1.40039609,0.0,0.0,0.0,0.0,0.0,0.0,1.40039609,0.197995861,0.406227894,0.0,0.0,2.004619845
2025-08-17T02:00:00+02:00,26.4,79,0.0,1,7.5,0.0,0.0,0.0,WE_HOME,WE_HOME,True,EMPTY,FULL,False,,False,,2025-08-17T12:56:11.203001+02:00,2025-08-17T18:23:36.769499+02:00,WE_HOME,23.706697708,21.856815297,23.987485514,off,True,True,1.0,1.0,0.068366975,0.130897257,0.0,0.0,0.0,0.0,0.0,0.0,0.324982315,0.081245579,0.605492126,0.0,0.0,0.0,0.0,0.0,0.0,0.0,0.0,0.0,0.0,0.199264232,0.406227894,0.0,0.0,0.605492126
2025-08-17T03:00:00+02:00,26.2,80,0.0,0,8.4,0.0,0.0,0.0,WE_HOME,WE_HOME,True,EMPTY,FULL,False,,False,,2025-08-17T12:56:11.203001+02:00,2025-08-17T18:23:36.769499+02:00,WE_HOME,24.155581423,21.856815297,23.987485514,off,True,True,1.0,1.0,0.069456149,0.130897257,0.0,0.0,0.0,0.0,0.0,0.0,0.324982315,0.081245579,0.6065813,0.0,0.0,0.0,0.0,0.0,0.0,0.0,0.0,0.0,0.0,0.200353406,0.406227894,0.0,0.0,0.6065813
2025-08-17T04:00:00+02:00,26.0,80,0.0,0,9.1,0.0,0.0,0.0,WE_HOME,WE_HOME,True,EMPTY,FULL,False,,False,,2025-08-17T12:56:11.203001+02:00,2025-08-17T18:23:36.769499+02:00,WE_HOME,24.496317852,21.856815297,23.987485514,cool,True,True,1.0,1.0,0.070291902,0.130897257,0.0,0.0,0.0,0.0,0.0,0.0,0.324982315,0.081245579,0.607417053,0.0,1.40039609,1.40039609,0.0,0.0,0.0,0.0,0.0,0.0,1.40039609,0.201189159,0.406227894,0.0,0.0,2.007813143
2025-08-17T05:00:00+02:00,25.7,79,0.0,0,9.3,0.0,0.0,0.0,WE_HOME,WE_HOME,True,EMPTY,FULL,False,,False,,2025-08-17T12:56:11.203001+02:00,2025-08-17T18:23:36.769499+02:00,WE_HOME,23.746931544,21.856815297,23.987485514,off,True,True,1.0,1.0,0.070817278,0.130897257,0.0,0.0,0.0,0.0,0.0,0.0,0.324982315,0.081245579,0.607942429,0.0,0.0,0.0,0.0,0.0,0.0,0.0,0.0,0.0,0.0,0.201714535,0.406227894,0.0,0.0,0.607942429
2025-08-17T06:00:00+02:00,25.7,77,0.0,0,8.8,0.0,0.0,0.0,WE_HOME,WE_HOME,True,EMPTY,FULL,False,,False,,2025-08-17T12:56:11.203001+02:00,2025-08-17T18:23:36.769499+02:00,WE_HOME,24.072442953,21.856815297,23.987485514,off,True,True,1.0,1.0,0.070996474,0.130897257,1.906507223,0.0,0.0,0.0,0.0,0.0,0.324982315,0.081245579,2.514628848,0.0,0.0,0.0,0.0,0.0,0.0,0.0,0.0,0.0,0.0,0.201893731,2.312735117,0.0,0.0,2.514628848
2025-08-17T07:00:00+02:00,25.6,74,0.0,0,8.0,0.0,0.0,0.0,WE_HOME,WE_HOME,True,EMPTY,FULL,False,,False,,2025-08-17T12:56:11.203001+02:00,2025-08-17T18:23:36.769499+02:00,WE_HOME,24.343702461,21.856815297,23.987485514,off,True,True,1.0,1.0,0.070817278,0.130897257,1.134335311,0.0,0.0,0.0,0.0,0.0,0.324982315,0.081245579,1.74227774,0.0,0.0,0.0,0.0,0.0,0.0,0.0,0.0,0.0,0.0,0.201714535,1.540563205,0.0,0.0,1.74227774
2025-08-17T08:00:00+02:00,26.2,68,0.0,0,8.2,42.0,23.0,19.0,WE_HOME,WE_HOME,True,EMPTY,FULL,False,,False,,2025-08-17T12:56:11.203001+02:00,2025-08-17T18:23:36.769499+02:00,WE_HOME,24.553085384,21.856815297,23.987485514,cool,True,True,1.0,1.0,0.070291902,0.130897257,0.0,0.0,0.0,0.0,0.0,0.0,0.0,0.0,0.201189159,0.0,1.40039609,1.40039609,0.0,0.0,0.0,0.18800593,0.0,0.0,1.58840202,0.201189159,0.0,0.0,0.18800593,1.789591179
2025-08-17T09:00:00+02:00,27.6,63,0.0,0,5.2,200.0,141.0,59.0,WE_HOME,WE_HOME,True,EMPTY,FULL,False,,False,,2025-08-17T12:56:11.203001+02:00,2025-08-17T18:23:36.769499+02:00,WE_HOME,23.827571153,21.856815297,23.987485514,off,True,True,1.0,1.0,0.069456149,0.130897257,0.0,0.0,0.0,0.0,0.0,0.0,0.0,0.0,0.200353406,0.0,0.0,0.0,0.0,0.0,0.0,0.880530278,0.0,0.0,0.880530278,0.200353406,0.0,0.0,0.880530278,1.080883684
2025-08-17T10:00:00+02:00,30.0,56,0.0,0,1.6,389.0,309.0,80.0,WE_HOME,WE_HOME,True,EMPTY,FULL,False,,False,,2025-08-17T12:56:11.203001+02:00,2025-08-17T18:23:36.769499+02:00,WE_HOME,24.456309295,21.856815297,23.987485514,off,True,True,1.0,0.752629947,0.068366975,0.130897257,0.0,0.0,0.0,0.0,0.0,0.0,0.0,0.0,0.199264232,0.0,0.0,0.0,0.0,0.0,0.0,0.880530278,0.0,0.0,0.880530278,0.199264232,0.0,0.0,0.880530278,1.079794510
2025-08-17T11:00:00+02:00,31.5,54,0.0,0,2.5,570.0,476.0,94.0,WE_HOME,WE_HOME,True,EMPTY,FULL,False,,False,,2025-08-17T12:56:11.203001+02:00,2025-08-17T18:23:36.769499+02:00,WE_HOME,25.380257745,21.856815297,23.987485514,cool,True,False,1.0,0.0,0.067098604,0.130897257,0.0,0.0,0.0,0.0,0.0,0.0,0.0,0.0,0.197995861,0.0,1.40039609,1.40039609,0.0,0.0,0.0,0.880530278,0.0,0.0,2.280926369,0.197995861,0.0,0.0,0.880530278,2.478922230
2025-08-17T12:00:00+02:00,32.8,48,0.0,0,1.8,721.0,618.0,103.0,WE_HOME,WE_HOME,True,EMPTY,FULL,False,,False,,2025-08-17T12:56:11.203001+02:00,2025-08-17T18:23:36.769499+02:00,WE_HOME,25.400214788,21.856815297,23.987485514,cool,True,False,0.220605891,0.0,0.065737476,0.130897257,0.0,0.0,0.0,0.0,0.0,0.0,0.0,0.0,0.196634733,0.0,1.40039609,1.40039609,0.0,0.0,0.0,0.880530278,0.0,0.0,2.280926369,0.196634733,0.0,0.0,0.880530278,2.477561102
2025-08-17T13:00:00+02:00,33.5,48,0.0,0,5.0,827.0,718.0,109.0,WE_HOME,WE_HOME,True,EMPTY,EMPTY,False,,False,,2025-08-17T12:56:11.203001+02:00,2025-08-17T18:23:36.769499+02:00,WE_HOME,25.633512323,20.856815297,24.987485514,cool,False,False,0.0,0.0,0.064376347,0.130897257,0.0,0.0,0.0,0.0,0.0,0.0,0.0,0.0,0.195273604,0.0,1.40039609,1.40039609,0.0,0.0,0.0,0.459477737,0.0,0.0,1.859873828,0.195273604,0.0,0.0,0.459477737,2.055147432
2025-08-17T14:00:00+02:00,33.0,51,0.0,4,12.2,879.0,769.0,110.0,WE_HOME,WE_HOME,True,EMPTY,EMPTY,False,,False,,2025-08-17T12:56:11.203001+02:00,2025-08-17T18:23:36.769499+02:00,WE_HOME,25.944593603,20.856815297,24.987485514,cool,False,False,0.0,0.0,0.063107977,0.130897257,0.0,0.0,0.0,0.0,0.0,0.0,0.0,0.0,0.194005234,0.0,1.40039609,1.40039609,0.0,0.0,0.0,0.0,0.0,0.0,1.40039609,0.194005234,0.0,0.0,0.0,1.594401324
2025-08-17T15:00:00+02:00,32.6,53,0.0,8,15.4,849.0,735.0,114.0,WE_HOME,WE_HOME,True,EMPTY,EMPTY,False,,False,,2025-08-17T12:56:11.203001+02:00,2025-08-17T18:23:36.769499+02:00,WE_HOME,26.120494669,20.856815297,24.987485514,cool,False,False,0.0,0.0,0.062018802,0.130897257,0.0,0.0,0.0,0.0,0.0,0.0,0.0,0.0,0.192916059,0.0,1.40039609,1.40039609,0.0,0.0,0.0,0.0,0.0,0.0,1.40039609,0.192916059,0.0,0.0,0.0,1.593312149
2025-08-17T16:00:00+02:00,32.0,54,0.0,6,14.0,773.0,643.0,130.0,WE_HOME,WE_HOME,True,EMPTY,EMPTY,False,,False,,2025-08-17T12:56:11.203001+02:00,2025-08-17T18:23:36.769499+02:00,WE_HOME,26.200412224,20.856815297,24.987485514,cool,False,False,0.0,0.0,0.06118305,0.130897257,0.0,0.0,0.0,0.0,0.0,0.0,0.0,0.0,0.192080307,0.0,1.40039609,1.40039609,0.0,0.0,0.0,0.804347263,0.0,0.0,2.204743353,0.192080307,0.0,0.0,0.804347263,2.396823660
2025-08-17T17:00:00+02:00,31.2,57,0.0,25,12.1,568.0,404.0,164.0,WE_HOME,WE_HOME,True,EMPTY,EMPTY,False,,False,,2025-08-17T12:56:11.203001+02:00,2025-08-17T18:23:36.769499+02:00,WE_HOME,26.167010187,20.856815297,24.987485514,cool,False,True,0.0,0.829475153,0.060657674,0.130897257,0.0,0.0,0.0,0.0,0.0,0.0,0.0,0.0,0.191554931,0.0,1.40039609,1.40039609,0.0,2.930558403,2.930558403,0.880530278,0.0,0.0,5.211484772,0.191554931,0.0,2.930558403,0.880530278,5.403039703
2025-08-17T18:00:00+02:00,30.8,61,0.0,62,10.8,472.0,338.0,134.0,WE_HOME,WE_HOME,True,EMPTY,FULL,False,,False,,2025-08-17T12:56:11.203001+02:00,2025-08-17T18:23:36.769499+02:00,WE_HOME,26.005841822,21.856815297,23.987485514,cool,False,True,0.0,1.0,0.060478478,0.130897257,0.0,0.0,0.0,0.0,0.0,0.0,0.0,0.0,0.191375735,0.0,1.40039609,1.40039609,0.0,7.4,7.4,0.880530278,0.0,0.0,9.680926369,0.191375735,0.0,7.4,0.880530278,9.872302104
2025-08-17T19:00:00+02:00,30.1,63,0.0,44,9.5,349.0,267.0,82.0,WE_HOME,WE_HOME,True,EMPTY,FULL,False,,False,,2025-08-17T12:56:11.203001+02:00,2025-08-17T18:23:36.769499+02:00,WE_HOME,25.804868185,21.856815297,23.987485514,cool,True,True,0.498738282,1.0,0.060657674,0.130897257,0.0,0.0,0.0,0.0,0.141797507,0.0,0.0,0.0,0.333352438,0.0,1.40039609,1.40039609,1.413410346,5.802726336,7.216136681,0.223296031,0.0,0.0,8.839828802,0.191554931,0.141797507,7.216136681,0.223296031,9.173181240
2025-08-17T20:00:00+02:00,29.0,68,0.0,23,9.9,168.0,115.0,53.0,WE_HOME,WE_HOME,True,EMPTY,FULL,False,,False,,2025-08-17T12:56:11.203001+02:00,2025-08-17T18:23:36.769499+02:00,WE_HOME,25.520723488,21.856815297,23.987485514,cool,True,True,1.0,1.0,0.06118305,0.130897257,0.0,0.052624257,0.0,0.0,0.224168266,0.007002451,0.0,0.0,0.475875281,0.0,1.40039609,1.40039609,7.4,0.0,7.4,0.0,0.0,0.0,8.80039609,0.192080307,0.283794974,7.4,0.0,9.276271371
2025-08-17T21:00:00+02:00,27.9,76,0.0,14,8.9,24.0,11.0,13.0,WE_HOME,WE_HOME,True,EMPTY,FULL,False,,False,,2025-08-17T12:56:11.203001+02:00,2025-08-17T18:23:36.769499+02:00,WE_HOME,25.100602906,21.856815297,23.987485514,cool,True,True,1.0,1.0,0.062018802,0.130897257,0.0,0.597642576,0.0,0.0,0.017818351,0.006781766,0.0,0.0,0.815158752,0.0,1.40039609,1.40039609,7.4,0.0,7.4,0.0,0.0,0.0,8.80039609,0.192916059,0.622242693,7.4,0.0,9.615554842
2025-08-17T22:00:00+02:00,27.0,82,0.0,1,6.1,0.0,0.0,0.0,WE_HOME,WE_HOME,True,EMPTY,FULL,False,,False,,2025-08-17T12:56:11.203001+02:00,2025-08-17T18:23:36.769499+02:00,WE_HOME,24.567169089,21.856815297,23.987485514,cool,True,True,1.0,1.0,0.063107977,0.130897257,0.0,0.430208849,0.0,0.0,0.0,0.0,0.324982315,0.081245579,1.030441977,0.0,1.40039609,1.40039609,6.820459553,0.0,6.820459553,0.0,0.0,0.0,8.220855643,0.194005234,0.836436743,6.820459553,0.0,9.251297620
2025-08-17T23:00:00+02:00,26.6,85,0.0,0,4.8,0.0,0.0,0.0,WE_HOME,WE_HOME,True,EMPTY,FULL,False,,False,,2025-08-17T12:56:11.203001+02:00,2025-08-17T18:23:36.769499+02:00,WE_HOME,23.972640907,21.856815297,23.987485514,off,True,True,1.0,1.0,0.064376347,0.130897257,0.0,0.0,0.0,0.0,0.0,0.010846053,0.324982315,0.081245579,0.612347551,0.0,0.0,0.0,0.0,0.0,0.0,0.0,0.0,0.0,0.0,0.195273604,0.417073947,0.0,0.0,0.612347551
2025-08-18T00:00:00+02:00,26.0,84,0.0,17,5.4,0.0,0.0,0.0,WD_HOME,WD_HOME,False,EMPTY,FULL,False,,False,,2025-08-18T08:49:42.650471+02:00,2025-08-18T17:13:42.611770+02:00,WD_HOME,24.410534089,20.881189517,23.011859734,cool,True,True,1.0,1.0,0.065737476,0.130897257,0.0,0.0,0.0,0.0,0.0,0.0,0.324982315,0.081245579,0.602862627,0.0,1.40039609,1.40039609,0.0,0.0,0.0,0.0,0.0,0.0,1.40039609,0.196634733,0.406227894,0.0,0.0,2.003258717
2025-08-18T01:00:00+02:00,25.4,87,0.0,18,5.2,0.0,0.0,0.0,WD_HOME,WD_HOME,False,EMPTY,FULL,False,,False,,2025-08-18T08:49:42.650471+02:00,2025-08-18T17:13:42.611770+02:00,WD_HOME,23.675445074,20.881189517,23.011859734,cool,True,True,1.0,1.0,0.067098604,0.130897257,0.0,0.0,0.0,0.0,0.0,0.0,0.324982315,0.081245579,0.604223755,0.0,1.40039609,1.40039609,0.0,0.0,0.0,0.0,0.0,0.0,1.40039609,0.197995861,0.406227894,0.0,0.0,2.004619845
2025-08-18T02:00:00+02:00,25.6,87,0.0,16,5.2,0.0,0.0,0.0,WD_HOME,WD_HOME,False,EMPTY,FULL,False,,False,,2025-08-18T08:49:42.650471+02:00,2025-08-18T17:13:42.611770+02:00,WD_HOME,22.962870895,20.881189517,23.011859734,off,True,True,1.0,1.0,0.068366975,0.130897257,0.0,0.0,0.0,0.0,0.0,0.0,0.324982315,0.081245579,0.605492126,0.0,0.0,0.0,0.0,0.0,0.0,0.0,0.0,0.0,0.0,0.199264232,0.406227894,0.0,0.0,0.605492126
2025-08-18T03:00:00+02:00,25.5,87,0.0,14,6.0,0.0,0.0,0.0,WD_HOME,WD_HOME,False,EMPTY,FULL,False,,False,,2025-08-18T08:49:42.650471+02:00,2025-08-18T17:13:42.611770+02:00,WD_HOME,23.402392413,20.881189517,23.011859734,off,True,True,1.0,1.0,0.069456149,0.130897257,0.0,0.0,0.0,0.0,0.0,0.0,0.324982315,0.081245579,0.6065813,0.0,0.0,0.0,0.0,0.0,0.0,0.0,0.0,0.0,0.0,0.200353406,0.406227894,0.0,0.0,0.6065813
2025-08-18T04:00:00+02:00,24.9,87,0.0,9,6.0,0.0,0.0,0.0,WD_HOME,WD_HOME,False,EMPTY,FULL,False,,False,,2025-08-18T08:49:42.650471+02:00,2025-08-18T17:13:42.611770+02:00,WD_HOME,23.751993677,20.881189517,23.011859734,cool,True,True,1.0,1.0,0.070291902,0.130897257,0.0,0.0,0.0,0.0,0.0,0.0,0.324982315,0.081245579,0.607417053,0.0,1.40039609,1.40039609,0.0,0.0,0.0,0.0,0.0,0.0,1.40039609,0.201189159,0.406227894,0.0,0.0,2.007813143
2025-08-18T05:00:00+02:00,24.7,85,0.0,3,7.1,0.0,0.0,0.0,WD_HOME,WD_HOME,False,EMPTY,FULL,False,,False,,2025-08-18T08:49:42.650471+02:00,2025-08-18T17:13:42.611770+02:00,WD_HOME,22.943328064,20.881189517,23.011859734,off,True,True,1.0,1.0,0.070817278,0.130897257,0.0,0.0,0.0,0.0,0.0,0.0,0.324982315,0.081245579,0.607942429,0.0,0.0,0.0,0.0,0.0,0.0,0.0,0.0,0.0,0.0,0.201714535,0.406227894,0.0,0.0,0.607942429
2025-08-18T06:00:00+02:00,24.7,82,0.0,2,7.4,0.0,0.0,0.0,WD_HOME,WD_HOME,False,EMPTY,FULL,False,,False,,2025-08-18T08:49:42.650471+02:00,2025-08-18T17:13:42.611770+02:00,WD_HOME,23.23610672,20.881189517,23.011859734,off,True,True,1.0,1.0,0.070996474,0.130897257,0.758960089,0.0,0.0,0.0,0.0,0.0,0.324982315,0.081245579,1.367081714,0.0,0.0,0.0,0.0,0.0,0.0,0.531798566,0.0,0.0,0.531798566,0.201893731,1.165187983,0.0,0.531798566,1.898880280
2025-08-18T07:00:00+02:00,24.9,80,0.0,15,5.6,0.0,0.0,0.0,WD_HOME,WD_HOME,False,EMPTY,FULL,False,,False,,2025-08-18T08:49:42.650471+02:00,2025-08-18T17:13:42.611770+02:00,WD_HOME,23.480088934,20.881189517,23.011859734,off,True,True,1.0,1.0,0.070817278,0.130897257,0.326749033,0.0,0.0,0.0,0.0,0.0,0.324982315,0.081245579,0.934691462,0.0,0.0,0.0,0.0,0.0,0.0,0.880530278,0.0,0.0,0.880530278,0.201714535,0.732976927,0.0,0.880530278,1.815221740
2025-08-18T08:00:00+02:00,25.7,75,0.0,22,3.2,39.0,20.0,19.0,WD_HOME,WD_HOME,False,EMPTY,FULL,False,,False,,2025-08-18T08:49:42.650471+02:00,2025-08-18T17:13:42.611770+02:00,WD_HOME,23.716740778,20.881189517,23.011859734,cool,True,True,1.0,1.0,0.070291902,0.130897257,0.0,0.0,0.0,0.0,0.0,0.0,0.0,0.0,0.201189159,0.0,1.40039609,1.40039609,0.0,0.0,0.0,0.880530278,0.0,0.0,2.280926369,0.201189159,0.0,0.0,0.880530278,2.482115528
2025-08-18T09:00:00+02:00,27.3,65,0.0,4,5.1,186.0,125.0,61.0,WD_HOME,WD_HOME,False,EMPTY,EMPTY,False,,False,,2025-08-18T08:49:42.650471+02:00,2025-08-18T17:13:42.611770+02:00,WD_HOME,23.047283982,19.881189517,24.011859734,off,True,True,1.0,1.0,0.069456149,0.130897257,0.0,0.0,0.0,0.0,0.0,0.0,0.0,0.0,0.200353406,0.0,0.0,0.0,0.0,0.0,0.0,0.880530278,0.0,0.0,0.880530278,0.200353406,0.0,0.0,0.880530278,1.080883684
2025-08-18T10:00:00+02:00,29.2,53,0.0,1,7.6,363.0,273.0,90.0,WD_HOME,WD_HOME,False,EMPTY,EMPTY,False,,False,,2025-08-18T08:49:42.650471+02:00,2025-08-18T17:13:42.611770+02:00,WD_HOME,23.756069985,19.881189517,24.011859734,off,True,True,1.0,1.0,0.068366975,0.130897257,0.0,0.0,0.0,0.0,0.0,0.0,0.0,0.0,0.199264232,0.0,0.0,0.0,0.0,0.0,0.0,0.404610948,0.0,0.0,0.404610948,0.199264232,0.0,0.0,0.404610948,0.603875180
2025-08-18T11:00:00+02:00,30.9,46,0.0,0,7.6,547.0,444.0,103.0,WD_HOME,WD_HOME,False,EMPTY,EMPTY,False,,False,,2025-08-18T08:49:42.650471+02:00,2025-08-18T17:13:42.611770+02:00,WD_HOME,24.663391654,19.881189517,24.011859734,cool,True,True,1.0,1.0,0.067098604,0.130897257,0.0,0.0,0.0,0.0,0.0,0.0,0.0,0.0,0.197995861,0.0,1.40039609,1.40039609,0.0,0.0,0.0,0.0,0.0,0.0,1.40039609,0.197995861,0.0,0.0,0.0,1.598391951
2025-08-18T12:00:00+02:00,31.1,47,0.0,49,9.6,697.0,589.0,108.0,WD_HOME,WD_HOME,False,EMPTY,EMPTY,False,,False,,2025-08-18T08:49:42.650471+02:00,2025-08-18T17:13:42.611770+02:00,WD_HOME,24.702826378,19.881189517,24.011859734,cool,True,True,1.0,1.0,0.065737476,0.130897257,0.0,0.0,0.0,0.0,0.0,0.0,0.0,0.0,0.196634733,0.0,1.40039609,1.40039609,0.0,0.0,0.0,0.0,0.0,0.0,1.40039609,0.196634733,0.0,0.0,0.0,1.597030823
2025-08-18T13:00:00+02:00,31.6,48,0.0,39,10.6,813.0,704.0,109.0,WD_HOME,WD_HOME,False,EMPTY,EMPTY,False,,False,,2025-08-18T08:49:42.650471+02:00,2025-08-18T17:13:42.611770+02:00,WD_HOME,24.769021982,19.881189517,24.011859734,cool,True,True,1.0,1.0,0.064376347,0.130897257,0.0,0.0,0.0,0.0,0.0,0.0,0.0,0.0,0.195273604,0.0,1.40039609,1.40039609,0.0,0.0,0.0,0.0,0.0,0.0,1.40039609,0.195273604,0.0,0.0,0.0,1.595669694
2025-08-18T14:00:00+02:00,31.7,48,0.0,46,10.9,860.0,742.0,118.0,WD_HOME,WD_HOME,False,EMPTY,EMPTY,False,,False,,2025-08-18T08:49:42.650471+02:00,2025-08-18T17:13:42.611770+02:00,WD_HOME,24.907518318,19.881189517,24.011859734,cool,True,True,1.0,1.0,0.063107977,0.130897257,0.0,0.0,0.0,0.0,0.0,0.0,0.0,0.0,0.194005234,0.0,1.40039609,1.40039609,0.0,0.0,0.0,0.0,0.0,0.0,1.40039609,0.194005234,0.0,0.0,0.0,1.594401324
2025-08-18T15:00:00+02:00,31.7,49,0.0,57,12.7,861.0,752.0,109.0,WD_HOME,WD_HOME,False,EMPTY,EMPTY,False,,False,,2025-08-18T08:49:42.650471+02:00,2025-08-18T17:13:42.611770+02:00,WD_HOME,25.039598599,19.881189517,24.011859734,cool,True,True,1.0,1.0,0.062018802,0.130897257,0.0,0.0,0.0,0.0,0.0,0.0,0.0,0.0,0.192916059,0.0,1.40039609,1.40039609,0.0,0.0,0.0,0.311866119,0.0,0.0,1.71226221,0.192916059,0.0,0.0,0.311866119,1.905178269
2025-08-18T16:00:00+02:00,31.2,51,0.0,74,12.5,761.0,608.0,153.0,WD_HOME,WD_HOME,False,EMPTY,EMPTY,False,,False,,2025-08-18T08:49:42.650471+02:00,2025-08-18T17:13:42.611770+02:00,WD_HOME,25.149665499,19.881189517,24.011859734,cool,True,True,1.0,1.0,0.06118305,0.130897257,0.0,0.0,0.0,0.0,0.0,0.0,0.0,0.0,0.192080307,0.0,1.40039609,1.40039609,0.0,0.0,0.0,0.880530278,0.0,0.0,2.280926369,0.192080307,0.0,0.0,0.880530278,2.473006676
2025-08-18T17:00:00+02:00,30.3,55,0.0,76,14.3,666.0,536.0,130.0,WD_HOME,WD_HOME,False,EMPTY,FULL,False,,False,,2025-08-18T08:49:42.650471+02:00,2025-08-18T17:13:42.611770+02:00,WD_HOME,25.158054582,20.881189517,23.011859734,cool,True,True,1.0,1.0,0.060657674,0.130897257,0.0,0.0,0.0,0.0,0.0,0.0,0.0,0.0,0.191554931,0.0,1.40039609,1.40039609,0.0,0.0,0.0,0.880530278,0.0,0.0,2.280926369,0.191554931,0.0,0.0,0.880530278,2.472481300
2025-08-18T18:00:00+02:00,29.3,55,0.0,86,12.3,490.0,355.0,135.0,WD_HOME,WD_HOME,False,EMPTY,FULL,False,,False,,2025-08-18T08:49:42.650471+02:00,2025-08-18T17:13:42.611770+02:00,WD_HOME,25.015045485,20.881189517,23.011859734,cool,True,True,1.0,1.0,0.060478478,0.130897257,0.0,0.0,0.0,0.0,0.0,0.01195764,0.0,0.0,0.203333375,0.0,1.40039609,1.40039609,0.0,0.0,0.0,0.720609436,0.0,0.0,2.121005526,0.191375735,0.01195764,0.0,0.720609436,2.324338901
2025-08-18T19:00:00+02:00,28.8,58,0.0,98,9.7,303.0,191.0,112.0,WD_HOME,WD_HOME,False,EMPTY,FULL,False,,False,,2025-08-18T08:49:42.650471+02:00,2025-08-18T17:13:42.611770+02:00,WD_HOME,24.729204571,20.881189517,23.011859734,cool,True,True,1.0,1.0,0.060657674,0.130897257,0.0,0.0,0.0,0.0,0.333134723,0.019794778,0.0,0.0,0.544484432,0.0,1.40039609,1.40039609,0.0,0.0,0.0,0.0,0.0,0.0,1.40039609,0.191554931,0.352929501,0.0,0.0,1.944880522
2025-08-18T20:00:00+02:00,28.3,59,0.0,100,9.8,122.0,35.0,87.0,WD_HOME,WD_HOME,False,EMPTY,FULL,False,,False,,2025-08-18T08:49:42.650471+02:00,2025-08-18T17:13:42.611770+02:00,WD_HOME,24.407670476,20.881189517,23.011859734,cool,True,True,1.0,1.0,0.06118305,0.130897257,2.43284511,0.0,0.0,0.0,0.415716855,0.0,0.0,0.0,3.040642272,0.0,1.40039609,1.40039609,0.0,0.0,0.0,0.0,0.0,0.0,1.40039609,0.192080307,2.848561965,0.0,0.0,4.441038362
2025-08-18T21:00:00+02:00,27.8,62,0.0,100,5.4,11.0,0.0,11.0,WD_HOME,WD_HOME,False,EMPTY,FULL,False,,False,,2025-08-18T08:49:42.650471+02:00,2025-08-18T17:13:42.611770+02:00,WD_HOME,24.056392063,20.881189517,23.011859734,cool,True,True,1.0,1.0,0.062018802,0.130897257,0.0,0.0,0.0,0.0,0.315836364,0.016992539,0.0,0.0,0.525744962,0.0,1.40039609,1.40039609,0.0,0.0,0.0,0.0,0.0,1.758240582,3.158636672,0.192916059,0.332828903,0.0,0.0,3.684381634
2025-08-18T22:00:00+02:00,27.5,63,0.0,100,4.1,0.0,0.0,0.0,WD_HOME,WD_HOME,False,EMPTY,FULL,False,,False,,2025-08-18T08:49:42.650471+02:00,2025-08-18T17:13:42.611770+02:00,WD_HOME,23.680326719,20.881189517,23.011859734,cool,True,True,1.0,1.0,0.063107977,0.130897257,0.0,0.0,0.0,0.0,0.0,0.0,0.324982315,0.081245579,0.600233128,0.0,1.40039609,1.40039609,0.0,0.0,0.0,0.0,0.0,5.946938535,7.347334625,0.194005234,0.406227894,0.0,0.0,7.947567753
2025-08-18T23:00:00+02:00,26.6,67,0.0,100,5.8,0.0,0.0,0.0,WD_HOME,WD_HOME,False,EMPTY,FULL,False,,False,,2025-08-18T08:49:42.650471+02:00,2025-08-18T17:13:42.611770+02:00,WD_HOME,23.316938933,20.881189517,23.011859734,cool,True,True,1.0,1.0,0.064376347,0.130897257,0.0,0.0,0.0,0.0,0.0,0.0,0.324982315,0.081245579,0.601501498,0.0,1.40039609,1.40039609,0.0,0.0,0.0,0.0,0.0,0.0,1.40039609,0.195273604,0.406227894,0.0,0.0,2.001897588
2025-08-19T00:00:00+02:00,26.5,74,0.0,99,0.9,0.0,0.0,0.0,WD_HOME,WD_HOME,False,FULL,FULL,False,,False,,,,WD_HOME,22.864115777,21.686783293,23.81745351,off,True,True,1.0,1.0,0.065737476,0.130897257,0.0,0.0,0.0,0.0,0.0,0.0,0.324982315,0.081245579,0.602862627,0.0,0.0,0.0,0.0,0.0,0.0,0.0,0.0,0.0,0.0,0.196634733,0.406227894,0.0,0.0,0.602862627
2025-08-19T01:00:00+02:00,26.2,77,0.0,99,0.6,0.0,0.0,0.0,WD_HOME,WD_HOME,False,FULL,FULL,False,,False,,,,WD_HOME,23.470096481,21.686783293,23.81745351,off,True,True,1.0,1.0,0.067098604,0.130897257,0.0,0.0,0.0,0.0,0.0,0.0,0.324982315,0.081245579,0.604223755,0.0,0.0,0.0,0.0,0.0,0.0,0.0,0.0,0.0,0.0,0.197995861,0.406227894,0.0,0.0,0.604223755
2025-08-19T02:00:00+02:00,25.9,77,0.0,81,2.9,0.0,0.0,0.0,WD_HOME,WD_HOME,False,FULL,FULL,False,,False,,,,WD_HOME,23.925080401,21.686783293,23.81745351,off,True,True,1.0,1.0,0.068366975,0.130897257,0.0,0.0,0.0,0.0,0.0,0.0,0.324982315,0.081245579,0.605492126,0.0,0.0,0.0,0.0,0.0,0.0,0.0,0.0,0.0,0.0,0.199264232,0.406227894,0.0,0.0,0.605492126
2025-08-19T03:00:00+02:00,25.7,80,0.0,99,2.5,0.0,0.0,0.0,WD_HOME,WD_HOME,False,FULL,FULL,False,,False,,,,WD_HOME,24.254233667,21.686783293,23.81745351,off,True,True,1.0,1.0,0.069456149,0.130897257,0.0,0.0,0.0,0.0,0.0,0.0,0.324982315,0.081245579,0.6065813,0.0,0.0,0.0,0.0,0.0,0.0,0.0,0.0,0.0,0.0,0.200353406,0.406227894,0.0,0.0,0.6065813
2025-08-19T04:00:00+02:00,25.5,81,0.0,100,3.8,0.0,0.0,0.0,WD_HOME,WD_HOME,False,FULL,FULL,False,,False,,,,WD_HOME,24.495194723,21.686783293,23.81745351,cool,True,True,1.0,1.0,0.070291902,0.130897257,0.0,0.0,0.0,0.0,0.0,0.0,0.324982315,0.081245579,0.607417053,0.0,1.40039609,1.40039609,0.0,0.0,0.0,0.0,0.0,0.0,1.40039609,0.201189159,0.406227894,0.0,0.0,2.007813143
2025-08-19T05:00:00+02:00,25.5,82,0.0,100,4.3,0.0,0.0,0.0,WD_HOME,WD_HOME,False,FULL,FULL,False,,False,,,,WD_HOME,23.662662269,21.686783293,23.81745351,off,True,True,1.0,1.0,0.070817278,0.130897257,0.0,0.0,0.0,0.0,0.0,0.0,0.324982315,0.081245579,0.607942429,0.0,0.0,0.0,0.0,0.0,0.0,0.0,0.0,0.0,0.0,0.201714535,0.406227894,0.0,0.0,0.607942429
2025-08-19T06:00:00+02:00,25.8,78,0.0,100,5.8,0.0,0.0,0.0,WD_HOME,WD_HOME,False,FULL,FULL,False,,False,,,,WD_HOME,23.968885224,21.686783293,23.81745351,off,True,True,1.0,1.0,0.070996474,0.130897257,0.0,0.0,0.0,0.0,0.0,0.0,0.324982315,0.081245579,0.608121625,0.0,0.0,0.0,0.0,0.0,0.0,0.421604873,0.0,0.0,0.421604873,0.201893731,0.406227894,0.0,0.421604873,1.029726498
2025-08-19T07:00:00+02:00,24.9,83,0.0,100,4.2,0.0,0.0,0.0,WD_HOME,WD_HOME,False,FULL,FULL,False,,False,,,,WD_HOME,24.27407102,21.686783293,23.81745351,off,True,True,1.0,1.0,0.070817278,0.130897257,0.0,0.0,0.0,0.0,0.0,0.0,0.324982315,0.081245579,0.607942429,0.0,0.0,0.0,0.0,0.0,0.0,0.880530278,0.0,0.0,0.880530278,0.201714535,0.406227894,0.0,0.880530278,1.488472707
2025-08-19T08:00:00+02:00,25.6,79,0.0,100,2.3,33.0,9.0,24.0,WD_HOME,WD_HOME,False,FULL,FULL,False,,False,,,,WD_HOME,24.378392517,21.686783293,23.81745351,cool,True,True,0.533203763,1.0,0.070291902,0.130897257,0.0,0.0,0.0,0.0,0.0,0.0,0.0,0.0,0.201189159,0.0,1.40039609,1.40039609,0.0,0.0,0.0,0.880530278,0.0,0.0,2.280926369,0.201189159,0.0,0.0,0.880530278,2.482115528
2025-08-19T09:00:00+02:00,26.6,72,0.1,99,3.8,108.0,12.0,96.0,WD_HOME,WD_HOME,False,FULL,FULL,False,,False,,,,WD_HOME,23.581993764,21.686783293,23.81745351,off,False,True,0.0,1.0,0.069456149,0.130897257,0.0,0.0,0.0,0.0,0.012722507,0.0,0.0,0.0,0.213075913,0.0,0.0,0.0,0.0,0.0,0.0,0.880530278,0.0,0.0,0.880530278,0.200353406,0.012722507,0.0,0.880530278,1.093606191
2025-08-19T10:00:00+02:00,27.2,63,0.0,99,4.5,179.0,13.0,166.0,WD_HOME,WD_HOME,False,FULL,FULL,False,,False,,,,WD_HOME,24.084994803,21.686783293,23.81745351,off,False,True,0.0,1.0,0.068366975,0.130897257,0.0,0.0,0.0,0.0,0.224168266,0.0,0.0,0.0,0.423432498,0.0,0.0,0.0,0.0,0.0,0.0,0.875052729,0.0,0.0,0.875052729,0.199264232,0.224168266,0.0,0.875052729,1.298485227
2025-08-19T11:00:00+02:00,27.7,58,0.0,79,5.4,372.0,136.0,236.0,WD_HOME,WD_HOME,False,FULL,FULL,False,,False,,,,WD_HOME,24.604162336,21.686783293,23.81745351,cool,False,True,0.0,1.0,0.067098604,0.130897257,0.0,0.0,0.161885051,0.0,0.224168266,0.0,0.0,0.0,0.584049178,0.0,1.40039609,1.40039609,0.0,0.0,0.0,0.0,0.0,0.0,1.40039609,0.197995861,0.386053317,0.0,0.0,1.984445268
2025-08-19T12:00:00+02:00,28.3,59,0.0,99,5.7,535.0,319.0,216.0,WD_HOME,WD_HOME,False,FULL,FULL,False,,False,,,,WD_HOME,24.12013528,21.686783293,23.81745351,cool,False,True,0.0,1.0,0.065737476,0.130897257,0.0,0.0,0.609252077,0.0,0.051217518,0.0,0.0,0.0,0.857104328,0.0,1.40039609,1.40039609,0.0,0.0,0.0,0.0,0.0,0.0,1.40039609,0.196634733,0.660469595,0.0,0.0,2.257500418
2025-08-19T13:00:00+02:00,29.1,57,0.0,99,7.1,607.0,324.0,283.0,WD_HOME,WD_HOME,False,FULL,FULL,False,,False,,,,WD_HOME,23.8167794,21.686783293,23.81745351,off,False,True,0.0,1.0,0.064376347,0.130897257,0.0,0.0,0.113242893,0.56467494,0.0,0.0,0.0,0.0,0.873191437,0.0,0.0,0.0,0.0,0.0,0.0,0.0,0.0,0.0,0.0,0.195273604,0.677917833,0.0,0.0,0.873191437
2025-08-19T14:00:00+02:00,29.7,54,0.1,99,12.7,660.0,320.0,340.0,WD_HOME,WD_HOME,False,FULL,FULL,False,,False,,,,WD_HOME,24.697316167,21.686783293,23.81745351,cool,False,True,0.0,1.0,0.063107977,0.130897257,0.0,0.0,0.0,1.30144408,0.0,0.0,0.0,0.0,1.495449314,0.0,1.40039609,1.40039609,0.0,0.0,0.0,0.0,0.0,0.0,1.40039609,0.194005234,1.30144408,0.0,0.0,2.895845404
2025-08-19T15:00:00+02:00,29.3,61,0.1,90,8.9,496.0,112.0,384.0,WD_HOME,WD_HOME,False,FULL,FULL,False,,False,,,,WD_HOME,24.531096806,21.686783293,23.81745351,cool,False,True,0.0,1.0,0.062018802,0.130897257,0.0,0.0,0.0,0.0,0.0,0.0,0.0,0.0,0.192916059,0.0,1.40039609,1.40039609,0.0,0.0,0.0,0.0,0.0,0.0,1.40039609,0.192916059,0.0,0.0,0.0,1.593312149
2025-08-19T16:00:00+02:00,29.6,60,0.0,61,5.1,574.0,316.0,258.0,WD_HOME,WD_HOME,False,FULL,FULL,False,,False,,,,WD_HOME,24.325914005,21.686783293,23.81745351,cool,False,True,0.0,1.0,0.06118305,0.130897257,0.0,0.0,0.0,0.0,0.0,0.0,0.0,0.0,0.192080307,0.0,1.40039609,1.40039609,0.0,0.0,0.0,0.398819044,0.0,0.0,1.799215134,0.192080307,0.0,0.0,0.398819044,1.991295441
2025-08-19T17:00:00+02:00,29.8,60,0.0,42,10.0,531.0,334.0,197.0,WD_HOME,WD_HOME,False,FULL,FULL,False,,False,,,,WD_HOME,24.204928337,21.686783293,23.81745351,cool,False,True,0.0,1.0,0.060657674,0.130897257,0.0,0.0,0.0,0.0,0.0,0.0,0.0,0.0,0.191554931,0.0,1.40039609,1.40039609,0.0,0.0,0.0,0.880530278,0.0,0.0,2.280926369,0.191554931,0.0,0.0,0.880530278,2.472481300
2025-08-19T18:00:00+02:00,29.2,66,0.0,66,14.2,462.0,320.0,142.0,WD_HOME,WD_HOME,False,FULL,FULL,False,,True,guest_002,,,WD_HOME,24.137440281,21.686783293,23.81745351,cool,True,True,0.896885262,1.0,0.060478478,0.130897257,0.869309795,0.0,0.0,0.0,0.0,0.0,0.0,0.0,1.06068553,0.0,1.40039609,1.40039609,2.98066126,0.0,2.98066126,0.880530278,0.0,0.0,5.261587629,0.191375735,0.869309795,2.98066126,0.880530278,6.322273159
2025-08-19T19:00:00+02:00,27.8,74,0.1,53,13.2,272.0,157.0,115.0,WD_HOME,WD_HOME,False,FULL,FULL,False,,True,guest_002,,,WD_HOME,23.981200234,21.686783293,23.81745351,cool,True,True,1.0,1.0,0.060657674,0.130897257,0.622477782,0.0,0.0,0.0,0.0,0.0,0.0,0.0,0.814032713,0.0,1.40039609,1.40039609,7.4,0.0,7.4,0.289958041,0.0,0.0,9.090354131,0.191554931,0.622477782,7.4,0.289958041,9.904386844
2025-08-19T20:00:00+02:00,26.6,79,0.0,61,11.5,85.0,26.0,59.0,WD_HOME,WD_HOME,False,FULL,FULL,False,,True,guest_002,,,WD_HOME,23.617666862,21.686783293,23.81745351,off,True,True,1.0,1.0,0.06118305,0.130897257,0.0,0.2987034,0.0,0.0,0.0,0.007647986,0.0,0.0,0.498431693,0.0,0.0,0.0,5.128024116,0.0,5.128024116,0.0,0.0,0.0,5.128024116,0.192080307,0.306351386,5.128024116,0.0,5.626455809
2025-08-19T21:00:00+02:00,26.4,79,0.0,95,8.6,10.0,2.0,8.0,WD_HOME,WD_HOME,False,FULL,FULL,False,,False,,,,WD_HOME,24.114722385,21.686783293,23.81745351,off,True,True,1.0,1.0,0.062018802,0.130897257,0.0,0.546913391,0.0,0.0,0.0,0.019564977,0.0,0.0,0.759394427,0.0,0.0,0.0,0.0,0.0,0.0,0.0,0.0,0.0,0.0,0.192916059,0.566478368,0.0,0.0,0.759394427
2025-08-19T22:00:00+02:00,26.5,78,0.0,55,9.8,0.0,0.0,0.0,WD_HOME,WD_HOME,False,FULL,FULL,False,,False,,,,WD_HOME,24.495601987,21.686783293,23.81745351,cool,True,True,1.0,1.0,0.063107977,0.130897257,0.0,0.218336462,0.0,0.0,0.0,0.026765017,0.324982315,0.081245579,0.845334607,0.0,1.40039609,1.40039609,0.0,0.0,0.0,0.0,0.0,0.0,1.40039609,0.194005234,0.651329373,0.0,0.0,2.245730697
2025-08-19T23:00:00+02:00,25.9,78,0.0,36,9.4,0.0,0.0,0.0,WD_HOME,WD_HOME,False,FULL,FULL,False,,False,,,,WD_HOME,23.829668323,21.686783293,23.81745351,cool,True,True,1.0,1.0,0.064376347,0.130897257,0.0,0.0,0.0,0.0,0.0,0.0,0.324982315,0.081245579,0.601501498,0.0,1.40039609,1.40039609,0.0,0.0,0.0,0.0,0.0,0.0,1.40039609,0.195273604,0.406227894,0.0,0.0,2.001897588
2025-08-20T00:00:00+02:00,25.0,79,0.0,87,15.7,0.0,0.0,0.0,WD_HOME,WD_HOME,False,EMPTY,FULL,False,,False,,2025-08-20T08:38:49.628954+02:00,2025-08-20T16:48:42.647703+02:00,WD_HOME,23.174723602,21.266963515,23.397633732,off,True,True,1.0,1.0,0.065737476,0.130897257,0.0,0.0,0.0,0.0,0.0,0.0,0.324982315,0.081245579,0.602862627,0.0,0.0,0.0,0.0,0.0,0.0,0.0,0.0,0.0,0.0,0.196634733,0.406227894,0.0,0.0,0.602862627
2025-08-20T01:00:00+02:00,25.1,78,0.0,92,15.3,0.0,0.0,0.0,WD_HOME,WD_HOME,False,EMPTY,FULL,False,,False,,2025-08-20T08:38:49.628954+02:00,2025-08-20T16:48:42.647703+02:00,WD_HOME,23.478936335,21.266963515,23.397633732,off,True,True,1.0,1.0,0.067098604,0.130897257,0.0,0.0,0.0,0.0,0.0,0.0,0.324982315,0.081245579,0.604223755,0.0,0.0,0.0,0.0,0.0,0.0,0.0,0.0,0.0,0.0,0.197995861,0.406227894,0.0,0.0,0.604223755
2025-08-20T02:00:00+02:00,24.5,80,0.0,93,14.8,0.0,0.0,0.0,WD_HOME,WD_HOME,False,EMPTY,FULL,False,,False,,2025-08-20T08:38:49.628954+02:00,2025-08-20T16:48:42.647703+02:00,WD_HOME,23.749113613,21.266963515,23.397633732,off,True,True,1.0,1.0,0.068366975,0.130897257,0.0,0.0,0.0,0.0,0.0,0.0,0.324982315,0.081245579,0.605492126,0.0,0.0,0.0,0.0,0.0,0.0,0.0,0.0,0.0,0.0,0.199264232,0.406227894,0.0,0.0,0.605492126
2025-08-20T03:00:00+02:00,24.2,80,0.0,95,14.6,0.0,0.0,0.0,WD_HOME,WD_HOME,False,EMPTY,FULL,False,,False,,2025-08-20T08:38:49.628954+02:00,2025-08-20T16:48:42.647703+02:00,WD_HOME,23.874261344,21.266963515,23.397633732,off,True,True,1.0,1.0,0.069456149,0.130897257,0.0,0.0,0.0,0.0,0.0,0.0,0.324982315,0.081245579,0.6065813,0.0,0.0,0.0,0.0,0.0,0.0,0.0,0.0,0.0,0.0,0.200353406,0.406227894,0.0,0.0,0.6065813
2025-08-20T04:00:00+02:00,24.4,78,0.0,96,14.1,0.0,0.0,0.0,WD_HOME,WD_HOME,False,EMPTY,FULL,False,,False,,2025-08-20T08:38:49.628954+02:00,2025-08-20T16:48:42.647703+02:00,WD_HOME,23.92855112,21.266963515,23.397633732,cool,True,True,1.0,1.0,0.070291902,0.130897257,0.0,0.0,0.0,0.0,0.0,0.0,0.324982315,0.081245579,0.607417053,0.0,1.40039609,1.40039609,0.0,0.0,0.0,0.0,0.0,0.0,1.40039609,0.201189159,0.406227894,0.0,0.0,2.007813143
2025-08-20T05:00:00+02:00,24.2,79,0.6,99,12.6,0.0,0.0,0.0,WD_HOME,WD_HOME,False,EMPTY,FULL,False,,False,,2025-08-20T08:38:49.628954+02:00,2025-08-20T16:48:42.647703+02:00,WD_HOME,23.007125933,21.266963515,23.397633732,off,True,True,1.0,1.0,0.070817278,0.130897257,0.0,0.0,0.0,0.0,0.0,0.0,0.324982315,0.081245579,0.607942429,0.0,0.0,0.0,0.0,0.0,0.0,0.0,0.0,0.0,0.0,0.201714535,0.406227894,0.0,0.0,0.607942429
2025-08-20T06:00:00+02:00,23.5,79,0.3,94,11.2,0.0,0.0,0.0,WD_HOME,WD_HOME,False,EMPTY,FULL,False,,False,,2025-08-20T08:38:49.628954+02:00,2025-08-20T16:48:42.647703+02:00,WD_HOME,23.205938278,21.266963515,23.397633732,off,True,True,1.0,1.0,0.070996474,0.130897257,0.452007425,0.0,0.0,0.0,0.0,0.0,0.324982315,0.081245579,1.06012905,0.0,0.0,0.0,0.0,0.0,0.0,0.628938366,0.0,0.0,0.628938366,0.201893731,0.858235319,0.0,0.628938366,1.689067416
2025-08-20T07:00:00+02:00,23.0,79,0.1,98,8.6,0.0,0.0,0.0,WD_HOME,WD_HOME,False,EMPTY,FULL,False,,False,,2025-08-20T08:38:49.628954+02:00,2025-08-20T16:48:42.647703+02:00,WD_HOME,23.254948565,21.266963515,23.397633732,off,True,True,1.0,1.0,0.070817278,0.130897257,0.391643029,0.0,0.0,0.0,0.0,0.0,0.324982315,0.081245579,0.999585458,0.0,0.0,0.0,0.0,0.0,0.0,0.880530278,0.0,0.0,0.880530278,0.201714535,0.797870923,0.0,0.880530278,1.880115736
2025-08-20T08:00:00+02:00,22.9,77,0.0,97,8.1,20.0,2.0,18.0,WD_HOME,WD_HOME,False,EMPTY,FULL,False,,False,,2025-08-20T08:38:49.628954+02:00,2025-08-20T16:48:42.647703+02:00,WD_HOME,23.212457137,21.266963515,23.397633732,off,True,True,0.976092817,0.963659918,0.070291902,0.130897257,0.0,0.0,0.0,0.0,0.0,0.0,0.0,0.0,0.201189159,0.0,0.0,0.0,0.0,0.0,0.0,0.880530278,0.0,0.0,0.880530278,0.201189159,0.0,0.0,0.880530278,1.081719437
2025-08-20T09:00:00+02:00,23.4,73,0.6,100,7.3,102.0,35.0,67.0,WD_HOME,WD_HOME,False,EMPTY,EMPTY,False,,False,,2025-08-20T08:38:49.628954+02:00,2025-08-20T16:48:42.647703+02:00,WD_HOME,23.160380948,20.266963515,24.397633732,off,False,False,0.0,0.0,0.069456149,0.130897257,0.0,0.0,0.0,0.0,0.0,0.0,0.0,0.0,0.200353406,0.0,0.0,0.0,0.0,0.0,0.0,0.880530278,0.0,0.0,0.880530278,0.200353406,0.0,0.0,0.880530278,1.080883684
2025-08-20T10:00:00+02:00,24.3,70,1.5,100,6.0,228.0,126.0,102.0,WD_HOME,WD_HOME,False,EMPTY,EMPTY,False,,False,,2025-08-20T08:38:49.628954+02:00,2025-08-20T16:48:42.647703+02:00,WD_HOME,23.200317456,20.266963515,24.397633732,off,False,False,0.0,0.0,0.068366975,0.130897257,0.0,0.0,0.0,0.0,0.0,0.0,0.0,0.0,0.199264232,0.0,0.0,0.0,0.0,0.0,0.0,0.880530278,0.0,0.0,0.880530278,0.199264232,0.0,0.0,0.880530278,1.079794510
2025-08-20T11:00:00+02:00,25.0,68,1.9,96,3.9,319.0,176.0,143.0,WD_HOME,WD_HOME,False,EMPTY,EMPTY,False,,False,,2025-08-20T08:38:49.628954+02:00,2025-08-20T16:48:42.647703+02:00,WD_HOME,23.38359788,20.266963515,24.397633732,off,False,False,0.0,0.0,0.067098604,0.130897257,0.0,0.0,0.0,0.0,0.0,0.0,0.0,0.0,0.197995861,0.0,0.0,0.0,0.0,0.0,0.0,0.362259778,0.0,0.0,0.362259778,0.197995861,0.0,0.0,0.362259778,0.560255639
2025-08-20T12:00:00+02:00,24.4,78,1.1,66,3.1,314.0,143.0,171.0,WD_HOME,WD_HOME,False,EMPTY,EMPTY,False,,False,,2025-08-20T08:38:49.628954+02:00,2025-08-20T16:48:42.647703+02:00,WD_HOME,23.652998234,20.266963515,24.397633732,off,False,False,0.0,0.0,0.065737476,0.130897257,0.0,0.0,0.0,0.0,0.0,0.0,0.0,0.0,0.196634733,0.0,0.0,0.0,0.0,0.0,0.0,0.0,0.0,0.0,0.0,0.196634733,0.0,0.0,0.0,0.196634733
2025-08-20T13:00:00+02:00,24.8,74,1.2,45,6.2,560.0,311.0,249.0,WD_HOME,WD_HOME,False,EMPTY,EMPTY,False,,False,,2025-08-20T08:38:49.628954+02:00,2025-08-20T16:48:42.647703+02:00,WD_HOME,23.777498528,20.266963515,24.397633732,off,False,False,0.0,0.0,0.064376347,0.130897257,0.0,0.0,0.0,0.0,0.0,0.0,0.0,0.0,0.195273604,0.0,0.0,0.0,0.0,0.0,0.0,0.0,0.0,0.0,0.0,0.195273604,0.0,0.0,0.0,0.195273604
2025-08-20T14:00:00+02:00,24.4,74,0.6,54,9.0,606.0,355.0,251.0,WD_HOME,WD_HOME,False,EMPTY,EMPTY,False,,False,,2025-08-20T08:38:49.628954+02:00,2025-08-20T16:48:42.647703+02:00,WD_HOME,23.94791544,20.266963515,24.397633732,off,False,False,0.0,0.0,0.063107977,0.130897257,0.0,0.0,0.0,0.0,0.0,0.0,0.0,0.0,0.194005234,0.0,0.0,0.0,0.0,0.0,0.0,0.0,0.0,0.0,0.0,0.194005234,0.0,0.0,0.0,0.194005234
2025-08-20T15:00:00+02:00,24.9,73,0.2,60,10.7,562.0,318.0,244.0,WD_HOME,WD_HOME,False,EMPTY,EMPTY,False,,False,,2025-08-20T08:38:49.628954+02:00,2025-08-20T16:48:42.647703+02:00,WD_HOME,24.023262867,20.266963515,24.397633732,off,False,False,0.0,0.0,0.062018802,0.130897257,0.0,0.0,0.0,0.0,0.0,0.0,0.0,0.0,0.192916059,0.0,0.0,0.0,0.0,0.0,0.0,0.534580458,0.0,0.0,0.534580458,0.192916059,0.0,0.0,0.534580458,0.727496517
2025-08-20T16:00:00+02:00,25.3,73,0.1,38,12.6,605.0,417.0,188.0,WD_HOME,WD_HOME,False,EMPTY,EMPTY,False,,False,,2025-08-20T08:38:49.628954+02:00,2025-08-20T16:48:42.647703+02:00,WD_HOME,24.169385722,20.266963515,24.397633732,off,False,False,0.0,0.0,0.06118305,0.130897257,0.0,0.0,0.0,0.0,0.0,0.0,0.0,0.0,0.192080307,0.0,0.0,0.0,0.0,0.0,0.0,0.880530278,0.0,0.0,0.880530278,0.192080307,0.0,0.0,0.880530278,1.072610585
2025-08-20T17:00:00+02:00,24.8,76,0.3,28,11.4,489.0,334.0,155.0,WD_HOME,WD_HOME,False,EMPTY,FULL,False,,False,,2025-08-20T08:38:49.628954+02:00,2025-08-20T16:48:42.647703+02:00,WD_HOME,24.357821435,21.266963515,23.397633732,cool,False,True,0.0,0.003887967,0.060657674,0.130897257,0.0,0.0,0.0,0.0,0.0,0.0,0.0,0.0,0.191554931,0.0,1.40039609,1.40039609,0.0,0.0,0.0,0.880530278,0.0,0.0,2.280926369,0.191554931,0.0,0.0,0.880530278,2.472481300
2025-08-20T18:00:00+02:00,24.5,77,0.0,56,10.8,394.0,252.0,142.0,WD_HOME,WD_HOME,False,EMPTY,FULL,False,,False,,2025-08-20T08:38:49.628954+02:00,2025-08-20T16:48:42.647703+02:00,WD_HOME,23.431517863,21.266963515,23.397633732,cool,True,True,0.013360607,1.0,0.060478478,0.130897257,0.0,0.0,0.0,0.0,0.0,0.010387019,0.0,0.0,0.201762754,0.0,1.40039609,1.40039609,0.0,6.912231284,6.912231284,0.880530278,0.0,0.0,9.193157652,0.191375735,0.010387019,6.912231284,0.880530278,9.394920406
2025-08-20T19:00:00+02:00,24.1,79,0.0,55,7.3,266.0,169.0,97.0,WD_HOME,WD_HOME,False,EMPTY,FULL,False,,False,,2025-08-20T08:38:49.628954+02:00,2025-08-20T16:48:42.647703+02:00,WD_HOME,22.609598219,21.266963515,23.397633732,off,True,True,1.0,1.0,0.060657674,0.130897257,0.0,0.0,0.0,0.0,0.0,0.0,0.0,0.0,0.191554931,0.0,0.0,0.0,5.093469459,0.0,5.093469459,0.401424034,0.0,0.0,5.494893492,0.191554931,0.0,5.093469459,0.401424034,5.686448423
2025-08-20T20:00:00+02:00,23.7,80,0.0,56,5.8,126.0,73.0,53.0,WD_HOME,WD_HOME,False,EMPTY,FULL,False,,False,,2025-08-20T08:38:49.628954+02:00,2025-08-20T16:48:42.647703+02:00,WD_HOME,22.857998516,21.266963515,23.397633732,off,True,True,1.0,1.0,0.06118305,0.130897257,0.0,0.0,0.0,0.0,0.0,0.008657191,0.0,0.0,0.200737498,0.0,0.0,0.0,1.340358403,0.0,1.340358403,0.0,0.0,0.0,1.340358403,0.192080307,0.008657191,1.340358403,0.0,1.541095901
2025-08-20T21:00:00+02:00,22.8,83,0.1,58,5.4,14.0,5.0,9.0,WD_HOME,WD_HOME,False,EMPTY,FULL,False,,False,,2025-08-20T08:38:49.628954+02:00,2025-08-20T16:48:42.647703+02:00,WD_HOME,22.998332096,21.266963515,23.397633732,off,True,True,1.0,1.0,0.062018802,0.130897257,0.0,0.0,0.0,0.0,0.0,0.0,0.0,0.0,0.192916059,0.0,0.0,0.0,0.0,0.0,0.0,0.0,0.0,0.0,0.0,0.192916059,0.0,0.0,0.0,0.192916059
2025-08-20T22:00:00+02:00,22.4,83,0.3,45,5.6,0.0,0.0,0.0,WD_HOME,WD_HOME,False,EMPTY,FULL,False,,False,,2025-08-20T08:38:49.628954+02:00,2025-08-20T16:48:42.647703+02:00,WD_HOME,22.965276747,21.266963515,23.397633732,off,True,True,1.0,1.0,0.063107977,0.130897257,0.0,0.0,0.0,0.0,0.0,0.007526225,0.324982315,0.081245579,0.607759353,0.0,0.0,0.0,0.0,0.0,0.0,0.0,0.0,0.0,0.0,0.194005234,0.413754119,0.0,0.0,0.607759353
2025-08-20T23:00:00+02:00,22.7,78,0.3,53,3.9,0.0,0.0,0.0,WD_HOME,WD_HOME,False,EMPTY,FULL,False,,False,,2025-08-20T08:38:49.628954+02:00,2025-08-20T16:48:42.647703+02:00,WD_HOME,22.871063956,21.266963515,23.397633732,off,True,True,1.0,1.0,0.064376347,0.130897257,0.0,0.0,0.0,0.0,0.0,0.0,0.324982315,0.081245579,0.601501498,0.0,0.0,0.0,0.0,0.0,0.0,0.0,0.0,0.0,0.0,0.195273604,0.406227894,0.0,0.0,0.601501498
2025-08-21T00:00:00+02:00,21.8,84,0.4,39,7.2,0.0,0.0,0.0,WD_HOME,WD_HOME,False,EMPTY,FULL,False,,False,,2025-08-21T08:31:38.436128+02:00,2025-08-21T18:13:15.463334+02:00,WD_HOME,22.842553297,21.036084158,23.166754375,off,True,True,1.0,1.0,0.065737476,0.130897257,0.0,0.0,0.0,0.0,0.0,0.0,0.324982315,0.081245579,0.602862627,0.0,0.0,0.0,0.0,0.0,0.0,0.0,0.0,0.0,0.0,0.196634733,0.406227894,0.0,0.0,0.602862627
2025-08-21T01:00:00+02:00,21.4,84,0.4,27,11.2,0.0,0.0,0.0,WD_HOME,WD_HOME,False,EMPTY,FULL,False,,False,,2025-08-21T08:31:38.436128+02:00,2025-08-21T18:13:15.463334+02:00,WD_HOME,22.668794414,21.036084158,23.166754375,off,True,True,1.0,1.0,0.067098604,0.130897257,0.0,0.0,0.0,0.0,0.0,0.0,0.324982315,0.081245579,0.604223755,0.0,0.0,0.0,0.0,0.0,0.0,0.0,0.0,0.0,0.0,0.197995861,0.406227894,0.0,0.0,0.604223755
2025-08-21T02:00:00+02:00,21.1,83,0.3,45,9.9,0.0,0.0,0.0,WD_HOME,WD_HOME,False,EMPTY,FULL,False,,False,,2025-08-21T08:31:38.436128+02:00,2025-08-21T18:13:15.463334+02:00,WD_HOME,22.457328678,21.036084158,23.166754375,off,True,True,1.0,1.0,0.068366975,0.130897257,0.0,0.0,0.0,0.0,0.0,0.0,0.324982315,0.081245579,0.605492126,0.0,0.0,0.0,0.0,0.0,0.0,0.0,0.0,0.0,0.0,0.199264232,0.406227894,0.0,0.0,0.605492126
2025-08-21T03:00:00+02:00,20.5,83,0.1,32,7.3,0.0,0.0,0.0,WD_HOME,WD_HOME,False,EMPTY,FULL,False,,False,,2025-08-21T08:31:38.436128+02:00,2025-08-21T18:13:15.463334+02:00,WD_HOME,22.231107232,21.036084158,23.166754375,off,True,True,1.0,1.0,0.069456149,0.130897257,0.0,0.0,0.0,0.0,0.0,0.0,0.324982315,0.081245579,0.6065813,0.0,0.0,0.0,0.0,0.0,0.0,0.0,0.0,0.0,0.0,0.200353406,0.406227894,0.0,0.0,0.6065813
2025-08-21T04:00:00+02:00,20.5,83,0.0,40,6.0,0.0,0.0,0.0,WD_HOME,WD_HOME,False,EMPTY,FULL,False,,False,,2025-08-21T08:31:38.436128+02:00,2025-08-21T18:13:15.463334+02:00,WD_HOME,21.94258936,21.036084158,23.166754375,off,True,True,1.0,1.0,0.070291902,0.130897257,0.0,0.0,0.0,0.0,0.0,0.0,0.324982315,0.081245579,0.607417053,0.0,0.0,0.0,0.0,0.0,0.0,0.0,0.0,0.0,0.0,0.201189159,0.406227894,0.0,0.0,0.607417053
2025-08-21T05:00:00+02:00,20.6,82,0.1,37,5.2,0.0,0.0,0.0,WD_HOME,WD_HOME,False,EMPTY,FULL,False,,False,,2025-08-21T08:31:38.436128+02:00,2025-08-21T18:13:15.463334+02:00,WD_HOME,21.7021578,21.036084158,23.166754375,off,True,True,1.0,1.0,0.070817278,0.130897257,0.0,0.0,0.0,0.0,0.0,0.0,0.324982315,0.081245579,0.607942429,0.0,0.0,0.0,0.0,0.0,0.0,0.0,0.0,0.0,0.0,0.201714535,0.406227894,0.0,0.0,0.607942429
2025-08-21T06:00:00+02:00,20.8,83,0.1,54,3.4,0.0,0.0,0.0,WD_HOME,WD_HOME,False,EMPTY,FULL,False,,False,,2025-08-21T08:31:38.436128+02:00,2025-08-21T18:13:15.463334+02:00,WD_HOME,21.518464833,21.036084158,23.166754375,off,True,True,1.0,1.0,0.070996474,0.130897257,0.824713593,0.0,0.0,0.0,0.0,0.0,0.324982315,0.081245579,1.432835218,0.0,0.0,0.0,0.0,0.0,0.0,0.0,0.0,0.0,0.0,0.201893731,1.230941487,0.0,0.0,1.432835218
2025-08-21T07:00:00+02:00,21.0,82,0.1,95,0.0,0.0,0.0,0.0,WD_HOME,WD_HOME,False,EMPTY,FULL,False,,False,,2025-08-21T08:31:38.436128+02:00,2025-08-21T18:13:15.463334+02:00,WD_HOME,21.398720694,21.036084158,23.166754375,off,True,True,1.0,1.0,0.070817278,0.130897257,0.0,0.0,0.0,0.0,0.0,0.0,0.324982315,0.081245579,0.607942429,0.0,0.0,0.0,0.0,0.0,0.0,0.0,0.0,0.0,0.0,0.201714535,0.406227894,0.0,0.0,0.607942429
2025-08-21T08:00:00+02:00,20.9,84,0.1,87,2.7,27.0,12.0,15.0,WD_HOME,WD_HOME,False,EMPTY,FULL,False,,False,,2025-08-21T08:31:38.436128+02:00,2025-08-21T18:13:15.463334+02:00,WD_HOME,21.332267245,21.036084158,23.166754375,off,True,True,0.898333458,0.519333312,0.070291902,0.130897257,0.0,0.0,0.0,0.0,0.0,0.0,0.0,0.0,0.201189159,0.0,0.0,0.0,0.0,0.0,0.0,0.310458867,0.0,0.0,0.310458867,0.201189159,0.0,0.0,0.310458867,0.511648026
2025-08-21T09:00:00+02:00,21.7,81,0.1,47,5.4,129.0,65.0,64.0,WD_HOME,WD_HOME,False,EMPTY,EMPTY,False,,False,,2025-08-21T08:31:38.436128+02:00,2025-08-21T18:13:15.463334+02:00,WD_HOME,21.260222704,20.036084158,24.166754375,off,False,False,0.0,0.0,0.069456149,0.130897257,0.0,0.0,0.0,0.0,0.0,0.0,0.0,0.0,0.200353406,0.0,0.0,0.0,0.0,0.0,0.0,0.880530278,0.0,0.0,0.880530278,0.200353406,0.0,0.0,0.880530278,1.080883684
2025-08-21T10:00:00+02:00,22.6,77,0.1,39,6.6,291.0,193.0,98.0,WD_HOME,WD_HOME,False,EMPTY,EMPTY,False,,False,,2025-08-21T08:31:38.436128+02:00,2025-08-21T18:13:15.463334+02:00,WD_HOME,21.33351892,20.036084158,24.166754375,off,False,False,0.0,0.0,0.068366975,0.130897257,0.0,0.0,0.0,0.0,0.0,0.0,0.0,0.0,0.199264232,0.0,0.0,0.0,0.0,0.0,0.0,0.880530278,0.0,0.0,0.880530278,0.199264232,0.0,0.0,0.880530278,1.079794510
2025-08-21T11:00:00+02:00,23.3,74,0.0,30,6.7,469.0,335.0,134.0,WD_HOME,WD_HOME,False,EMPTY,EMPTY,False,,False,,2025-08-21T08:31:38.436128+02:00,2025-08-21T18:13:15.463334+02:00,WD_HOME,21.5445991,20.036084158,24.166754375,off,False,False,0.0,0.0,0.067098604,0.130897257,0.0,0.0,0.0,0.0,0.0,0.0,0.0,0.0,0.197995861,0.0,0.0,0.0,0.0,0.0,0.0,0.880530278,0.0,0.0,0.880530278,0.197995861,0.0,0.0,0.880530278,1.078526139
2025-08-21T12:00:00+02:00,24.7,63,0.0,48,4.6,591.0,404.0,187.0,WD_HOME,WD_HOME,False,EMPTY,EMPTY,False,,False,,2025-08-21T08:31:38.436128+02:00,2025-08-21T18:13:15.463334+02:00,WD_HOME,21.837165917,20.036084158,24.166754375,off,False,False,0.0,0.0,0.065737476,0.130897257,0.0,0.0,0.0,0.0,0.0,0.0,0.0,0.0,0.196634733,0.0,0.0,0.0,0.0,0.0,0.0,0.852515683,0.0,0.0,0.852515683,0.196634733,0.0,0.0,0.852515683,1.049150416
2025-08-21T13:00:00+02:00,25.6,59,0.0,69,3.9,661.0,474.0,187.0,WD_HOME,WD_HOME,False,EMPTY,EMPTY,False,,False,,2025-08-21T08:31:38.436128+02:00,2025-08-21T18:13:15.463334+02:00,WD_HOME,22.314304931,20.036084158,24.166754375,off,False,False,0.0,0.0,0.064376347,0.130897257,0.0,0.0,0.0,0.0,0.0,0.0,0.0,0.0,0.195273604,0.0,0.0,0.0,0.0,0.0,0.0,0.0,0.0,0.0,0.0,0.195273604,0.0,0.0,0.0,0.195273604
2025-08-21T14:00:00+02:00,26.7,55,0.0,21,1.6,816.0,688.0,128.0,WD_HOME,WD_HOME,False,EMPTY,EMPTY,False,,False,,2025-08-21T08:31:38.436128+02:00,2025-08-21T18:13:15.463334+02:00,WD_HOME,22.861920776,20.036084158,24.166754375,off,False,False,0.0,0.0,0.063107977,0.130897257,0.0,0.0,0.0,0.0,0.0,0.0,0.0,0.0,0.194005234,0.0,0.0,0.0,0.0,0.0,0.0,0.0,0.0,0.0,0.0,0.194005234,0.0,0.0,0.0,0.194005234
2025-08-21T15:00:00+02:00,27.1,54,0.0,28,2.6,619.0,457.0,162.0,WD_HOME,WD_HOME,False,EMPTY,EMPTY,False,,False,,2025-08-21T08:31:38.436128+02:00,2025-08-21T18:13:15.463334+02:00,WD_HOME,23.501600646,20.036084158,24.166754375,off,False,False,0.0,0.0,0.062018802,0.130897257,0.0,0.0,0.0,0.0,0.0,0.0,0.0,0.0,0.192916059,0.0,0.0,0.0,0.0,0.0,0.0,0.0,0.0,0.0,0.0,0.192916059,0.0,0.0,0.0,0.192916059
2025-08-21T16:00:00+02:00,27.4,53,0.0,44,5.7,634.0,494.0,140.0,WD_HOME,WD_HOME,False,EMPTY,EMPTY,False,,False,,2025-08-21T08:31:38.436128+02:00,2025-08-21T18:13:15.463334+02:00,WD_HOME,24.101333872,20.036084158,24.166754375,off,False,False,0.0,0.0,0.06118305,0.130897257,0.0,0.0,0.0,0.0,0.0,0.0,0.0,0.0,0.192080307,0.0,0.0,0.0,0.0,0.0,0.0,0.0,0.0,0.0,0.0,0.192080307,0.0,0.0,0.0,0.192080307
2025-08-21T17:00:00+02:00,26.9,56,0.0,58,8.9,462.0,296.0,166.0,WD_HOME,WD_HOME,False,EMPTY,EMPTY,False,,False,,2025-08-21T08:31:38.436128+02:00,2025-08-21T18:13:15.463334+02:00,WD_HOME,24.65111156,20.036084158,24.166754375,off,False,False,0.0,0.0,0.060657674,0.130897257,0.0,0.0,0.0,0.0,0.0,0.0,0.0,0.0,0.191554931,0.0,0.0,0.0,0.0,0.0,0.0,0.440805106,0.0,0.0,0.440805106,0.191554931,0.0,0.0,0.440805106,0.632360037
2025-08-21T18:00:00+02:00,26.3,61,0.1,60,10.6,297.0,164.0,133.0,WD_HOME,WD_HOME,False,EMPTY,FULL,False,,False,,2025-08-21T08:31:38.436128+02:00,2025-08-21T18:13:15.463334+02:00,WD_HOME,25.0259263,21.036084158,23.166754375,cool,True,True,0.494688933,0.957899211,0.060478478,0.130897257,0.0,0.0,0.0,0.0,0.0,0.0,0.0,0.0,0.191375735,0.0,1.40039609,1.40039609,0.0,0.0,0.0,0.880530278,0.0,0.0,2.280926369,0.191375735,0.0,0.0,0.880530278,2.472302104
2025-08-21T19:00:00+02:00,25.4,69,0.0,52,12.7,226.0,150.0,76.0,WD_HOME,WD_HOME,False,EMPTY,FULL,False,,False,,2025-08-21T08:31:38.436128+02:00,2025-08-21T18:13:15.463334+02:00,WD_HOME,24.238271917,21.036084158,23.166754375,cool,True,True,1.0,1.0,0.060657674,0.130897257,0.0,0.0,0.0,0.0,0.0,0.0,0.0,0.0,0.191554931,0.0,1.40039609,1.40039609,6.856780358,0.0,6.856780358,0.880530278,0.0,0.0,9.137706727,0.191554931,0.0,6.856780358,0.880530278,9.329261658
2025-08-21T20:00:00+02:00,24.3,75,0.0,45,12.9,105.0,56.0,49.0,WD_HOME,WD_HOME,False,EMPTY,FULL,False,,False,,2025-08-21T08:31:38.436128+02:00,2025-08-21T18:13:15.463334+02:00,WD_HOME,23.431893264,21.036084158,23.166754375,cool,True,True,1.0,1.0,0.06118305,0.130897257,1.12759392,0.0,0.0,0.0,0.0,0.009691846,0.0,0.0,1.329366073,0.0,1.40039609,1.40039609,0.474830437,0.0,0.474830437,0.738065535,0.0,0.0,2.613292062,0.192080307,1.137285766,0.474830437,0.738065535,3.942658135
2025-08-21T21:00:00+02:00,23.8,79,0.0,38,12.1,12.0,4.0,8.0,WD_HOME,WD_HOME,False,EMPTY,FULL,False,,False,,2025-08-21T08:31:38.436128+02:00,2025-08-21T18:13:15.463334+02:00,WD_HOME,22.57657772,21.036084158,23.166754375,off,True,True,1.0,1.0,0.062018802,0.130897257,1.121198874,0.0,0.0,0.0,0.0,0.015754025,0.0,0.0,1.329868958,0.0,0.0,0.0,0.0,0.0,0.0,0.0,0.0,0.0,0.0,0.192916059,1.136952899,0.0,0.0,1.329868958
2025-08-21T22:00:00+02:00,23.5,80,0.0,27,11.7,0.0,0.0,0.0,WD_HOME,WD_HOME,False,EMPTY,FULL,False,,False,,2025-08-21T08:31:38.436128+02:00,2025-08-21T18:13:15.463334+02:00,WD_HOME,22.780481433,21.036084158,23.166754375,off,True,True,1.0,1.0,0.063107977,0.130897257,0.0,0.0,0.0,0.0,0.0,0.018632633,0.324982315,0.081245579,0.618865761,0.0,0.0,0.0,0.0,0.0,0.0,0.0,0.0,0.0,0.0,0.194005234,0.424860527,0.0,0.0,0.618865761
2025-08-21T23:00:00+02:00,23.4,80,0.0,31,11.7,0.0,0.0,0.0,WD_HOME,WD_HOME,False,EMPTY,FULL,False,,False,,2025-08-21T08:31:38.436128+02:00,2025-08-21T18:13:15.463334+02:00,WD_HOME,22.900401194,21.036084158,23.166754375,off,True,True,1.0,1.0,0.064376347,0.130897257,0.0,0.0,0.0,0.0,0.0,0.0,0.324982315,0.081245579,0.601501498,0.0,0.0,0.0,0.0,0.0,0.0,0.0,0.0,0.0,0.0,0.195273604,0.406227894,0.0,0.0,0.601501498
2025-08-22T00:00:00+02:00,23.9,76,0.0,22,11.5,0.0,0.0,0.0,WD_HOME,WD_HOME,False,EMPTY,FULL,False,,False,,2025-08-22T08:39:41.412244+02:00,2025-08-22T18:00:27.856395+02:00,WD_HOME,22.983667662,21.622593727,23.753263944,off,True,True,1.0,1.0,0.065737476,0.130897257,0.0,0.0,0.0,0.0,0.0,0.0,0.324982315,0.081245579,0.602862627,0.0,0.0,0.0,0.0,0.0,0.0,0.0,0.0,0.0,0.0,0.196634733,0.406227894,0.0,0.0,0.602862627
2025-08-22T01:00:00+02:00,23.9,73,0.0,21,10.7,0.0,0.0,0.0,WD_HOME,WD_HOME,False,EMPTY,FULL,False,,False,,2025-08-22T08:39:41.412244+02:00,2025-08-22T18:00:27.856395+02:00,WD_HOME,23.136389718,21.622593727,23.753263944,off,True,True,1.0,1.0,0.067098604,0.130897257,0.0,0.0,0.0,0.0,0.0,0.0,0.324982315,0.081245579,0.604223755,0.0,0.0,0.0,0.0,0.0,0.0,0.0,0.0,0.0,0.0,0.197995861,0.406227894,0.0,0.0,0.604223755
2025-08-22T02:00:00+02:00,23.7,74,0.0,20,9.2,0.0,0.0,0.0,WD_HOME,WD_HOME,False,EMPTY,FULL,False,,False,,2025-08-22T08:39:41.412244+02:00,2025-08-22T18:00:27.856395+02:00,WD_HOME,23.263658099,21.622593727,23.753263944,off,True,True,1.0,1.0,0.068366975,0.130897257,0.0,0.0,0.0,0.0,0.0,0.0,0.324982315,0.081245579,0.605492126,0.0,0.0,0.0,0.0,0.0,0.0,0.0,0.0,0.0,0.0,0.199264232,0.406227894,0.0,0.0,0.605492126
2025-08-22T03:00:00+02:00,23.4,73,0.0,35,6.8,0.0,0.0,0.0,WD_HOME,WD_HOME,False,EMPTY,FULL,False,,False,,2025-08-22T08:39:41.412244+02:00,2025-08-22T18:00:27.856395+02:00,WD_HOME,23.336381749,21.622593727,23.753263944,off,True,True,1.0,1.0,0.069456149,0.130897257,0.0,0.0,0.0,0.0,0.0,0.0,0.324982315,0.081245579,0.6065813,0.0,0.0,0.0,0.0,0.0,0.0,0.0,0.0,0.0,0.0,0.200353406,0.406227894,0.0,0.0,0.6065813
2025-08-22T04:00:00+02:00,22.9,74,0.1,49,3.6,0.0,0.0,0.0,WD_HOME,WD_HOME,False,EMPTY,FULL,False,,False,,2025-08-22T08:39:41.412244+02:00,2025-08-22T18:00:27.856395+02:00,WD_HOME,23.346984791,21.622593727,23.753263944,off,True,True,1.0,1.0,0.070291902,0.130897257,0.0,0.0,0.0,0.0,0.0,0.0,0.324982315,0.081245579,0.607417053,0.0,0.0,0.0,0.0,0.0,0.0,0.0,0.0,0.0,0.0,0.201189159,0.406227894,0.0,0.0,0.607417053
2025-08-22T05:00:00+02:00,22.3,79,0.2,37,2.3,0.0,0.0,0.0,WD_HOME,WD_HOME,False,EMPTY,FULL,False,,False,,2025-08-22T08:39:41.412244+02:00,2025-08-22T18:00:27.856395+02:00,WD_HOME,23.272487326,21.622593727,23.753263944,off,True,True,1.0,1.0,0.070817278,0.130897257,0.0,0.0,0.0,0.0,0.0,0.0,0.324982315,0.081245579,0.607942429,0.0,0.0,0.0,0.0,0.0,0.0,0.0,0.0,0.0,0.0,0.201714535,0.406227894,0.0,0.0,0.607942429
2025-08-22T06:00:00+02:00,22.1,80,0.4,32,2.5,0.0,0.0,0.0,WD_HOME,WD_HOME,False,EMPTY,FULL,False,,False,,2025-08-22T08:39:41.412244+02:00,2025-08-22T18:00:27.856395+02:00,WD_HOME,23.110406105,21.622593727,23.753263944,off,True,True,0.888750192,0.888750192,0.070996474,0.130897257,0.0,0.0,0.0,0.0,0.0,0.0,0.324982315,0.081245579,0.608121625,0.0,0.0,0.0,0.0,0.0,0.0,0.0,0.0,0.0,0.0,0.201893731,0.406227894,0.0,0.0,0.608121625
2025-08-22T07:00:00+02:00,21.9,81,0.3,46,2.2,0.0,0.0,0.0,AWAY,WD_HOME,False,EMPTY,EMPTY,True,away_001,False,,2025-08-22T08:39:41.412244+02:00,2025-08-22T18:00:27.856395+02:00,WD_HOME,22.942005087,18.622593727,26.753263944,off,False,False,0.0,0.0,0.070817278,0.130897257,0.0,0.0,0.0,0.0,0.0,0.0,0.0,0.081245579,0.282960114,0.0,0.0,0.0,0.0,0.0,0.0,0.0,0.0,0.0,0.0,0.201714535,0.081245579,0.0,0.0,0.282960114
2025-08-22T08:00:00+02:00,21.9,81,0.4,51,3.6,19.0,7.0,12.0,AWAY,WD_HOME,False,EMPTY,EMPTY,True,away_001,False,,2025-08-22T08:39:41.412244+02:00,2025-08-22T18:00:27.856395+02:00,WD_HOME,22.768337573,18.622593727,26.753263944,off,False,False,0.0,0.0,0.070291902,0.130897257,0.0,0.0,0.0,0.0,0.0,0.0,0.0,0.0,0.201189159,0.0,0.0,0.0,0.0,0.0,0.0,0.481925482,0.0,0.0,0.481925482,0.201189159,0.0,0.0,0.481925482,0.683114641
2025-08-22T09:00:00+02:00,22.7,82,0.4,54,4.3,108.0,52.0,56.0,AWAY,WD_HOME,False,EMPTY,EMPTY,True,away_001,False,,2025-08-22T08:39:41.412244+02:00,2025-08-22T18:00:27.856395+02:00,WD_HOME,22.623614644,18.622593727,26.753263944,off,False,False,0.0,0.0,0.069456149,0.130897257,0.0,0.0,0.0,0.0,0.0,0.0,0.0,0.0,0.200353406,0.0,0.0,0.0,0.0,0.0,0.0,0.880530278,0.0,0.0,0.880530278,0.200353406,0.0,0.0,0.880530278,1.080883684
2025-08-22T10:00:00+02:00,23.5,83,0.4,74,5.3,245.0,138.0,107.0,AWAY,WD_HOME,False,EMPTY,EMPTY,True,away_001,False,,2025-08-22T08:39:41.412244+02:00,2025-08-22T18:00:27.856395+02:00,WD_HOME,22.636345537,18.622593727,26.753263944,off,False,False,0.0,0.0,0.068366975,0.130897257,0.0,0.0,0.0,0.0,0.0,0.0,0.0,0.0,0.199264232,0.0,0.0,0.0,0.0,0.0,0.0,0.880530278,0.0,0.0,0.880530278,0.199264232,0.0,0.0,0.880530278,1.079794510
2025-08-22T11:00:00+02:00,24.4,79,0.8,60,4.9,385.0,239.0,146.0,AWAY,WD_HOME,False,EMPTY,EMPTY,True,away_001,False,,2025-08-22T08:39:41.412244+02:00,2025-08-22T18:00:27.856395+02:00,WD_HOME,22.780287947,18.622593727,26.753263944,off,False,False,0.0,0.0,0.067098604,0.130897257,0.0,0.0,0.0,0.0,0.0,0.0,0.0,0.0,0.197995861,0.0,0.0,0.0,0.0,0.0,0.0,0.880530278,0.0,0.0,0.880530278,0.197995861,0.0,0.0,0.880530278,1.078526139
2025-08-22T12:00:00+02:00,25.3,74,0.8,49,7.2,420.0,275.0,145.0,AWAY,WD_HOME,False,EMPTY,EMPTY,True,away_001,False,,2025-08-22T08:39:41.412244+02:00,2025-08-22T18:00:27.856395+02:00,WD_HOME,23.050239956,18.622593727,26.753263944,off,False,False,0.0,0.0,0.065737476,0.130897257,0.0,0.0,0.0,0.0,0.0,0.0,0.0,0.0,0.196634733,0.0,0.0,0.0,0.0,0.0,0.0,0.50657108,0.0,0.0,0.50657108,0.196634733,0.0,0.0,0.50657108,0.703205813
2025-08-22T13:00:00+02:00,25.8,72,0.7,38,8.4,635.0,435.0,200.0,AWAY,WD_HOME,False,EMPTY,EMPTY,True,away_001,False,,2025-08-22T08:39:41.412244+02:00,2025-08-22T18:00:27.856395+02:00,WD_HOME,23.425199963,18.622593727,26.753263944,off,False,False,0.0,0.0,0.064376347,0.130897257,0.0,0.0,0.0,0.0,0.0,0.0,0.0,0.0,0.195273604,0.0,0.0,0.0,0.0,0.0,0.0,0.0,0.0,0.0,0.0,0.195273604,0.0,0.0,0.0,0.195273604
2025-08-22T14:00:00+02:00,25.0,76,1.7,69,8.3,666.0,478.0,188.0,AWAY,WD_HOME,False,EMPTY,EMPTY,True,away_001,False,,2025-08-22T08:39:41.412244+02:00,2025-08-22T18:00:27.856395+02:00,WD_HOME,23.820999969,18.622593727,26.753263944,off,False,False,0.0,0.0,0.063107977,0.130897257,0.0,0.0,0.0,0.0,0.0,0.0,0.0,0.0,0.194005234,0.0,0.0,0.0,0.0,0.0,0.0,0.0,0.0,0.0,0.0,0.194005234,0.0,0.0,0.0,0.194005234
2025-08-22T15:00:00+02:00,25.4,77,0.5,63,9.3,703.0,525.0,178.0,AWAY,WD_HOME,False,EMPTY,EMPTY,True,away_001,False,,2025-08-22T08:39:41.412244+02:00,2025-08-22T18:00:27.856395+02:00,WD_HOME,24.017499975,18.622593727,26.753263944,off,False,False,0.0,0.0,0.062018802,0.130897257,0.0,0.0,0.0,0.0,0.0,0.0,0.0,0.0,0.192916059,0.0,0.0,0.0,0.0,0.0,0.0,0.0,0.0,0.0,0.0,0.192916059,0.0,0.0,0.0,0.192916059
2025-08-22T16:00:00+02:00,24.7,79,0.3,49,9.7,461.0,258.0,203.0,AWAY,WD_HOME,False,EMPTY,EMPTY,True,away_001,False,,2025-08-22T08:39:41.412244+02:00,2025-08-22T18:00:27.856395+02:00,WD_HOME,24.247916645,18.622593727,26.753263944,off,False,False,0.0,0.0,0.06118305,0.130897257,0.0,0.0,0.0,0.0,0.0,0.0,0.0,0.0,0.192080307,0.0,0.0,0.0,0.0,0.0,0.0,0.349666755,0.0,0.0,0.349666755,0.192080307,0.0,0.0,0.349666755,0.541747062
2025-08-22T17:00:00+02:00,24.8,79,0.1,60,10.2,461.0,290.0,171.0,AWAY,WD_HOME,False,EMPTY,EMPTY,True,away_001,False,,2025-08-22T08:39:41.412244+02:00,2025-08-22T18:00:27.856395+02:00,WD_HOME,24.323263871,18.622593727,26.753263944,off,False,False,0.0,0.0,0.060657674,0.130897257,0.0,0.0,0.0,0.0,0.0,0.0,0.0,0.0,0.191554931,0.0,0.0,0.0,0.0,0.0,0.0,0.880530278,0.0,0.0,0.880530278,0.191554931,0.0,0.0,0.880530278,1.072085209
2025-08-22T18:00:00+02:00,24.7,77,0.0,65,11.4,383.0,259.0,124.0,AWAY,WD_HOME,False,EMPTY,EMPTY,True,away_001,False,,2025-08-22T08:39:41.412244+02:00,2025-08-22T18:00:27.856395+02:00,WD_HOME,24.402719893,18.622593727,26.753263944,off,False,False,0.0,0.0,0.060478478,0.130897257,0.0,0.0,0.0,0.0,0.0,0.0,0.0,0.0,0.191375735,0.0,0.0,0.0,0.0,0.0,0.0,0.880530278,0.0,0.0,0.880530278,0.191375735,0.0,0.0,0.880530278,1.071906013
2025-08-22T19:00:00+02:00,24.5,78,0.0,56,10.8,220.0,138.0,82.0,AWAY,WD_HOME,False,EMPTY,EMPTY,True,away_001,False,,2025-08-22T08:39:41.412244+02:00,2025-08-22T18:00:27.856395+02:00,WD_HOME,24.452266577,18.622593727,26.753263944,off,False,False,0.0,0.0,0.060657674,0.130897257,0.0,0.0,0.0,0.0,0.0,0.0,0.0,0.0,0.191554931,0.0,0.0,0.0,0.0,0.0,0.0,0.256073796,0.0,0.0,0.256073796,0.191554931,0.0,0.0,0.256073796,0.447628727
2025-08-22T20:00:00+02:00,24.3,78,0.0,59,9.7,98.0,48.0,50.0,AWAY,WD_HOME,False,EMPTY,EMPTY,True,away_001,False,,2025-08-22T08:39:41.412244+02:00,2025-08-22T18:00:27.856395+02:00,WD_HOME,24.460222148,18.622593727,26.753263944,off,False,False,0.0,0.0,0.06118305,0.130897257,0.0,0.0,0.0,0.0,0.0,0.0,0.0,0.0,0.192080307,0.0,0.0,0.0,0.0,0.0,0.0,0.0,0.0,0.0,0.0,0.192080307,0.0,0.0,0.0,0.192080307
2025-08-22T21:00:00+02:00,23.4,84,0.0,54,6.9,13.0,5.0,8.0,WD_HOME,WD_HOME,False,EMPTY,FULL,False,,False,,2025-08-22T08:39:41.412244+02:00,2025-08-22T18:00:27.856395+02:00,WD_HOME,24.433518456,21.622593727,23.753263944,cool,True,True,0.852288902,0.852288902,0.062018802,0.130897257,0.0,0.0,0.0,0.0,0.0,0.0,0.0,0.0,0.192916059,0.0,1.40039609,1.40039609,0.0,0.839554977,0.839554977,0.0,0.0,5.059632562,7.299583629,0.192916059,0.0,0.839554977,0.0,7.492499688
2025-08-22T22:00:00+02:00,23.2,84,0.0,70,4.8,0.0,0.0,0.0,WD_HOME,WD_HOME,False,EMPTY,FULL,False,,False,,2025-08-22T08:39:41.412244+02:00,2025-08-22T18:00:27.856395+02:00,WD_HOME,23.26126538,21.622593727,23.753263944,off,True,True,1.0,1.0,0.063107977,0.130897257,0.0,0.0,0.0,0.0,0.0,0.0,0.324982315,0.081245579,0.600233128,0.0,0.0,0.0,7.314352215,7.4,14.714352215,0.0,0.0,6.384583854,21.098936069,0.194005234,0.406227894,14.714352215,0.0,21.699169197
2025-08-22T23:00:00+02:00,23.4,81,0.0,40,3.8,0.0,0.0,0.0,WD_HOME,WD_HOME,False,EMPTY,FULL,False,,False,,2025-08-22T08:39:41.412244+02:00,2025-08-22T18:00:27.856395+02:00,WD_HOME,23.251054484,21.622593727,23.753263944,off,True,True,1.0,1.0,0.064376347,0.130897257,0.0,0.0,0.0,0.0,0.0,0.0,0.324982315,0.081245579,0.601501498,0.0,0.0,0.0,4.513041679,1.849816975,6.362858655,0.0,0.0,0.0,6.362858655,0.195273604,0.406227894,6.362858655,0.0,6.964360153
2025-08-23T00:00:00+02:00,24.1,76,0.1,53,0.4,0.0,0.0,0.0,WE_HOME,WE_HOME,True,FULL,FULL,False,,False,,,,WE_HOME,23.275878736,20.884920602,23.015590819,off,True,True,1.0,1.0,0.065737476,0.130897257,0.0,0.0,0.0,0.0,0.0,0.0,0.324982315,0.081245579,0.602862627,0.0,0.0,0.0,0.0,0.0,0.0,0.0,0.0,0.0,0.0,0.196634733,0.406227894,0.0,0.0,0.602862627
2025-08-23T01:00:00+02:00,23.6,79,0.1,21,1.1,0.0,0.0,0.0,WE_HOME,WE_HOME,True,FULL,FULL,False,,False,,,,WE_HOME,23.41323228,20.884920602,23.015590819,off,True,True,1.0,1.0,0.067098604,0.130897257,0.0,0.0,0.0,0.0,0.0,0.0,0.324982315,0.081245579,0.604223755,0.0,0.0,0.0,0.0,0.0,0.0,0.0,0.0,0.0,0.0,0.197995861,0.406227894,0.0,0.0,0.604223755
2025-08-23T02:00:00+02:00,23.1,81,0.0,15,0.9,0.0,0.0,0.0,WE_HOME,WE_HOME,True,FULL,FULL,False,,False,,,,WE_HOME,23.444360234,20.884920602,23.015590819,off,True,True,1.0,1.0,0.068366975,0.130897257,0.0,0.0,0.0,0.0,0.0,0.0,0.324982315,0.081245579,0.605492126,0.0,0.0,0.0,0.0,0.0,0.0,0.0,0.0,0.0,0.0,0.199264232,0.406227894,0.0,0.0,0.605492126
2025-08-23T03:00:00+02:00,23.2,81,0.0,14,1.3,0.0,0.0,0.0,WE_HOME,WE_HOME,True,FULL,FULL,False,,False,,,,WE_HOME,23.386966861,20.884920602,23.015590819,off,True,True,1.0,1.0,0.069456149,0.130897257,0.0,0.0,0.0,0.0,0.0,0.0,0.324982315,0.081245579,0.6065813,0.0,0.0,0.0,0.0,0.0,0.0,0.0,0.0,0.0,0.0,0.200353406,0.406227894,0.0,0.0,0.6065813
2025-08-23T04:00:00+02:00,22.6,82,0.0,6,2.7,0.0,0.0,0.0,WE_HOME,WE_HOME,True,FULL,FULL,False,,False,,,,WE_HOME,23.355805718,20.884920602,23.015590819,off,True,True,1.0,1.0,0.070291902,0.130897257,0.0,0.0,0.0,0.0,0.0,0.0,0.324982315,0.081245579,0.607417053,0.0,0.0,0.0,0.0,0.0,0.0,0.0,0.0,0.0,0.0,0.201189159,0.406227894,0.0,0.0,0.607417053
2025-08-23T05:00:00+02:00,22.0,85,0.0,8,3.0,0.0,0.0,0.0,WE_HOME,WE_HOME,True,FULL,FULL,False,,False,,,,WE_HOME,23.229838098,20.884920602,23.015590819,off,True,True,1.0,1.0,0.070817278,0.130897257,0.0,0.0,0.0,0.0,0.0,0.0,0.324982315,0.081245579,0.607942429,0.0,0.0,0.0,0.0,0.0,0.0,0.0,0.0,0.0,0.0,0.201714535,0.406227894,0.0,0.0,0.607942429
2025-08-23T06:00:00+02:00,21.2,90,0.0,21,3.9,0.0,0.0,0.0,WE_HOME,WE_HOME,True,FULL,FULL,False,,False,,,,WE_HOME,23.024865082,20.884920602,23.015590819,off,True,True,1.0,1.0,0.070996474,0.130897257,1.246643498,0.0,0.0,0.0,0.0,0.0,0.324982315,0.081245579,1.854765123,0.0,0.0,0.0,0.0,0.0,0.0,0.0,0.0,0.0,0.0,0.201893731,1.652871392,0.0,0.0,1.854765123
2025-08-23T07:00:00+02:00,21.1,92,0.0,76,5.2,0.0,0.0,0.0,WE_HOME,WE_HOME,True,FULL,FULL,False,,False,,,,WE_HOME,22.720720901,20.884920602,23.015590819,off,True,True,1.0,1.0,0.070817278,0.130897257,0.646575426,0.0,0.0,0.0,0.0,0.0,0.324982315,0.081245579,1.254517855,0.0,0.0,0.0,0.0,0.0,0.0,0.0,0.0,0.0,0.0,0.201714535,1.052803320,0.0,0.0,1.254517855
2025-08-23T08:00:00+02:00,21.4,93,0.1,76,5.0,24.0,9.0,15.0,WE_HOME,WE_HOME,True,FULL,FULL,False,,False,,,,WE_HOME,22.450600751,20.884920602,23.015590819,off,True,True,1.0,1.0,0.070291902,0.130897257,0.0,0.0,0.0,0.0,0.0,0.0,0.0,0.0,0.201189159,0.0,0.0,0.0,0.0,0.0,0.0,0.34895321,0.0,0.0,0.34895321,0.201189159,0.0,0.0,0.34895321,0.550142369
2025-08-23T09:00:00+02:00,22.8,90,0.0,16,4.2,120.0,47.0,73.0,WE_HOME,WE_HOME,True,FULL,FULL,False,,False,,,,WE_HOME,22.275500626,20.884920602,23.015590819,off,True,True,1.0,1.0,0.069456149,0.130897257,0.0,0.0,0.0,0.0,0.0,0.0,0.0,0.0,0.200353406,0.0,0.0,0.0,0.0,0.0,0.0,0.880530278,0.0,0.0,0.880530278,0.200353406,0.0,0.0,0.880530278,1.080883684
2025-08-23T10:00:00+02:00,24.4,77,0.0,7,3.4,287.0,161.0,126.0,WE_HOME,WE_HOME,True,FULL,FULL,False,,False,,,,WE_HOME,22.362917188,20.884920602,23.015590819,off,True,True,0.090430999,1.0,0.068366975,0.130897257,0.0,0.0,0.0,0.0,0.0,0.0,0.0,0.0,0.199264232,0.0,0.0,0.0,0.0,0.0,0.0,0.880530278,0.0,0.0,0.880530278,0.199264232,0.0,0.0,0.880530278,1.079794510
2025-08-23T11:00:00+02:00,25.7,70,0.0,7,4.2,418.0,284.0,134.0,WE_HOME,WE_HOME,True,FULL,FULL,False,,False,,,,WE_HOME,22.70243099,20.884920602,23.015590819,off,False,True,0.0,1.0,0.067098604,0.130897257,0.0,0.0,0.0,0.0,0.0,0.0,0.0,0.0,0.197995861,0.0,0.0,0.0,0.0,0.0,0.0,0.880530278,0.0,0.0,0.880530278,0.197995861,0.0,0.0,0.880530278,1.078526139
2025-08-23T12:00:00+02:00,26.9,66,0.0,31,7.3,497.0,323.0,174.0,WE_HOME,WE_HOME,True,FULL,FULL,False,,False,,,,WE_HOME,23.202025825,20.884920602,23.015590819,off,False,True,0.0,1.0,0.065737476,0.130897257,0.0,0.0,0.0,0.0,0.051715641,0.0,0.0,0.0,0.248350374,0.0,0.0,0.0,0.0,0.0,0.0,0.543138321,0.0,0.0,0.543138321,0.196634733,0.051715641,0.0,0.543138321,0.791488695
2025-08-23T13:00:00+02:00,27.8,63,0.0,36,10.0,672.0,502.0,170.0,WE_HOME,WE_HOME,True,FULL,FULL,False,,False,,,,WE_HOME,23.818354854,20.884920602,23.015590819,cool,False,True,0.0,1.0,0.064376347,0.130897257,0.0,0.0,0.0,0.0,0.224168266,0.0,0.0,0.0,0.41944187,0.0,1.40039609,1.40039609,0.0,0.0,0.0,0.0,0.0,0.0,1.40039609,0.195273604,0.224168266,0.0,0.0,1.81983796
2025-08-23T14:00:00+02:00,28.4,61,0.0,36,11.7,723.0,545.0,178.0,WE_HOME,WE_HOME,True,FULL,FULL,False,,False,,,,WE_HOME,23.481962379,20.884920602,23.015590819,cool,False,True,0.0,1.0,0.063107977,0.130897257,0.0,0.0,0.0,0.0,0.055142532,0.0,0.0,0.0,0.249147766,0.0,1.40039609,1.40039609,0.0,0.0,0.0,0.0,0.0,0.0,1.40039609,0.194005234,0.055142532,0.0,0.0,1.649543856
2025-08-23T15:00:00+02:00,29.0,59,0.0,40,12.7,810.0,697.0,113.0,WE_HOME,WE_HOME,True,FULL,FULL,False,,False,,,,WE_HOME,23.301635316,20.884920602,23.015590819,cool,True,True,0.744064431,1.0,0.062018802,0.130897257,0.0,0.0,0.0,0.0,0.0,0.0,0.0,0.0,0.192916059,0.0,1.40039609,1.40039609,0.0,0.0,0.0,0.0,0.0,0.0,1.40039609,0.192916059,0.0,0.0,0.0,1.593312149
2025-08-23T16:00:00+02:00,29.0,59,0.0,19,14.0,690.0,577.0,113.0,WE_HOME,WE_HOME,True,FULL,FULL,False,,False,,,,WE_HOME,23.251362763,20.884920602,23.015590819,cool,True,True,1.0,1.0,0.06118305,0.130897257,0.0,0.0,0.0,0.0,0.0,0.0,0.0,0.0,0.192080307,0.0,1.40039609,1.40039609,7.104866929,0.0,7.104866929,0.022416323,0.0,0.0,8.527679342,0.192080307,0.0,7.104866929,0.022416323,8.719759649
2025-08-23T17:00:00+02:00,28.9,61,0.0,9,15.9,644.0,534.0,110.0,WE_HOME,WE_HOME,True,FULL,FULL,False,,False,,,,WE_HOME,23.209468969,20.884920602,23.015590819,cool,True,True,1.0,1.0,0.060657674,0.130897257,0.0,0.0,0.0,0.0,0.0,0.0,0.0,0.0,0.191554931,0.0,1.40039609,1.40039609,7.4,0.0,7.4,0.880530278,0.0,0.0,9.680926369,0.191554931,0.0,7.4,0.880530278,9.872481300
2025-08-23T18:00:00+02:00,28.4,64,0.0,7,17.1,488.0,396.0,92.0,WE_HOME,WE_HOME,True,FULL,FULL,False,,False,,,,WE_HOME,23.157890808,20.884920602,23.015590819,cool,True,True,1.0,1.0,0.060478478,0.130897257,0.0,0.0,0.0,0.0,0.0,0.0,0.0,0.0,0.191375735,0.0,1.40039609,1.40039609,2.592386693,0.0,2.592386693,0.880530278,0.0,0.0,4.873313062,0.191375735,0.0,2.592386693,0.880530278,5.064688797
2025-08-23T19:00:00+02:00,27.5,68,0.0,6,17.6,307.0,235.0,72.0,WE_HOME,WE_HOME,True,FULL,FULL,False,,False,,,,WE_HOME,23.031575673,20.884920602,23.015590819,cool,True,True,1.0,1.0,0.060657674,0.130897257,2.202891838,0.0,0.0,0.0,0.137529594,0.019636791,0.0,0.0,2.551613154,0.0,1.40039609,1.40039609,0.0,0.0,0.0,0.880530278,0.0,0.0,2.280926369,0.191554931,2.360058223,0.0,0.880530278,4.832539523
2025-08-23T20:00:00+02:00,26.5,72,0.0,1,15.1,140.0,89.0,51.0,WE_HOME,WE_HOME,True,FULL,FULL,False,,False,,,,WE_HOME,22.776313061,20.884920602,23.015590819,off,True,True,1.0,1.0,0.06118305,0.130897257,2.408418296,0.0,0.0,0.0,0.191548588,0.0,0.0,0.0,2.792047191,0.0,0.0,0.0,0.0,0.0,0.0,0.338996202,0.0,0.0,0.338996202,0.192080307,2.599966884,0.0,0.338996202,3.131043393
2025-08-23T21:00:00+02:00,25.3,80,0.0,2,10.1,14.0,6.0,8.0,WE_HOME,WE_HOME,True,FULL,FULL,False,,False,,,,WE_HOME,23.396927551,20.884920602,23.015590819,off,True,True,1.0,1.0,0.062018802,0.130897257,0.0,0.345051011,0.0,0.0,0.086334995,0.0,0.0,0.0,0.624302065,0.0,0.0,0.0,0.0,0.0,0.0,0.0,0.0,0.0,0.0,0.192916059,0.431386006,0.0,0.0,0.624302065
2025-08-23T22:00:00+02:00,24.3,84,0.0,1,7.2,0.0,0.0,0.0,WE_HOME,WE_HOME,True,FULL,FULL,False,,False,,,,WE_HOME,23.714106292,20.884920602,23.015590819,cool,True,True,1.0,1.0,0.063107977,0.130897257,0.0,0.553887813,0.0,0.0,0.0,0.0,0.324982315,0.081245579,1.154120941,0.0,1.40039609,1.40039609,0.0,0.0,0.0,0.0,0.0,0.0,1.40039609,0.194005234,0.960115707,0.0,0.0,2.554517031
2025-08-23T23:00:00+02:00,23.8,87,0.0,1,6.6,0.0,0.0,0.0,WE_HOME,WE_HOME,True,FULL,FULL,False,,False,,,,WE_HOME,22.811755244,20.884920602,23.015590819,off,True,True,1.0,1.0,0.064376347,0.130897257,0.0,0.0,0.0,0.0,0.0,0.0,0.324982315,0.081245579,0.601501498,0.0,0.0,0.0,0.0,0.0,0.0,0.0,0.0,0.0,0.0,0.195273604,0.406227894,0.0,0.0,0.601501498
2025-08-24T00:00:00+02:00,23.3,86,0.0,2,6.0,0.0,0.0,0.0,WE_HOME,WE_HOME,True,EMPTY,FULL,False,,False,,2025-08-24T12:52:12.576933+02:00,2025-08-24T16:41:58.573440+02:00,WE_HOME,22.976462703,21.298446063,23.42911628,off,True,True,1.0,1.0,0.065737476,0.130897257,0.0,0.0,0.0,0.0,0.0,0.0,0.324982315,0.081245579,0.602862627,0.0,0.0,0.0,0.0,0.0,0.0,0.0,0.0,0.0,0.0,0.196634733,0.406227894,0.0,0.0,0.602862627
2025-08-24T01:00:00+02:00,22.8,86,0.0,23,5.8,0.0,0.0,0.0,WE_HOME,WE_HOME,True,EMPTY,FULL,False,,False,,2025-08-24T12:52:12.576933+02:00,2025-08-24T16:41:58.573440+02:00,WE_HOME,23.030385586,21.298446063,23.42911628,off,True,True,1.0,1.0,0.067098604,0.130897257,0.0,0.0,0.0,0.0,0.0,0.0,0.324982315,0.081245579,0.604223755,0.0,0.0,0.0,0.0,0.0,0.0,0.0,0.0,0.0,0.0,0.197995861,0.406227894,0.0,0.0,0.604223755
2025-08-24T02:00:00+02:00,22.6,87,0.0,24,6.4,0.0,0.0,0.0,WE_HOME,WE_HOME,True,EMPTY,FULL,False,,False,,2025-08-24T12:52:12.576933+02:00,2025-08-24T16:41:58.573440+02:00,WE_HOME,22.991987988,21.298446063,23.42911628,off,True,True,1.0,1.0,0.068366975,0.130897257,0.0,0.0,0.0,0.0,0.0,0.0,0.324982315,0.081245579,0.605492126,0.0,0.0,0.0,0.0,0.0,0.0,0.0,0.0,0.0,0.0,0.199264232,0.406227894,0.0,0.0,0.605492126
2025-08-24T03:00:00+02:00,22.4,89,0.0,20,6.9,0.0,0.0,0.0,WE_HOME,WE_HOME,True,EMPTY,FULL,False,,False,,2025-08-24T12:52:12.576933+02:00,2025-08-24T16:41:58.573440+02:00,WE_HOME,22.926656657,21.298446063,23.42911628,off,True,True,1.0,1.0,0.069456149,0.130897257,0.0,0.0,0.0,0.0,0.0,0.0,0.324982315,0.081245579,0.6065813,0.0,0.0,0.0,0.0,0.0,0.0,0.0,0.0,0.0,0.0,0.200353406,0.406227894,0.0,0.0,0.6065813
2025-08-24T04:00:00+02:00,22.5,91,0.0,9,7.3,0.0,0.0,0.0,WE_HOME,WE_HOME,True,EMPTY,FULL,False,,False,,2025-08-24T12:52:12.576933+02:00,2025-08-24T16:41:58.573440+02:00,WE_HOME,22.838880547,21.298446063,23.42911628,off,True,True,1.0,1.0,0.070291902,0.130897257,0.0,0.0,0.0,0.0,0.0,0.0,0.324982315,0.081245579,0.607417053,0.0,0.0,0.0,0.0,0.0,0.0,0.0,0.0,0.0,0.0,0.201189159,0.406227894,0.0,0.0,0.607417053
2025-08-24T05:00:00+02:00,21.9,93,0.0,12,6.6,0.0,0.0,0.0,WE_HOME,WE_HOME,True,EMPTY,FULL,False,,False,,2025-08-24T12:52:12.576933+02:00,2025-08-24T16:41:58.573440+02:00,WE_HOME,22.782400456,21.298446063,23.42911628,off,True,True,1.0,1.0,0.070817278,0.130897257,0.0,0.0,0.0,0.0,0.0,0.0,0.324982315,0.081245579,0.607942429,0.0,0.0,0.0,0.0,0.0,0.0,0.0,0.0,0.0,0.0,0.201714535,0.406227894,0.0,0.0,0.607942429
2025-08-24T06:00:00+02:00,21.8,93,0.0,13,6.3,0.0,0.0,0.0,WE_HOME,WE_HOME,True,EMPTY,FULL,False,,False,,2025-08-24T12:52:12.576933+02:00,2025-08-24T16:41:58.573440+02:00,WE_HOME,22.635333713,21.298446063,23.42911628,off,True,True,1.0,1.0,0.070996474,0.130897257,0.0,0.0,0.0,0.0,0.0,0.0,0.324982315,0.081245579,0.608121625,0.0,0.0,0.0,0.0,0.0,0.0,0.815309676,0.0,0.0,0.815309676,0.201893731,0.406227894,0.0,0.815309676,1.423431301
2025-08-24T07:00:00+02:00,21.4,93,0.0,19,6.2,0.0,0.0,0.0,WE_HOME,WE_HOME,True,EMPTY,FULL,False,,False,,2025-08-24T12:52:12.576933+02:00,2025-08-24T16:41:58.573440+02:00,WE_HOME,22.496111428,21.298446063,23.42911628,off,True,True,1.0,1.0,0.070817278,0.130897257,0.0,0.0,0.0,0.0,0.0,0.0,0.324982315,0.081245579,0.607942429,0.0,0.0,0.0,0.0,0.0,0.0,0.880530278,0.0,0.0,0.880530278,0.201714535,0.406227894,0.0,0.880530278,1.488472707
2025-08-24T08:00:00+02:00,21.6,92,0.0,19,6.6,22.0,7.0,15.0,WE_HOME,WE_HOME,True,EMPTY,FULL,False,,False,,2025-08-24T12:52:12.576933+02:00,2025-08-24T16:41:58.573440+02:00,WE_HOME,22.31342619,21.298446063,23.42911628,off,True,True,1.0,1.0,0.070291902,0.130897257,0.0,0.0,0.0,0.0,0.0,0.0,0.0,0.0,0.201189159,0.0,0.0,0.0,0.0,0.0,0.0,0.880530278,0.0,0.0,0.880530278,0.201189159,0.0,0.0,0.880530278,1.081719437
2025-08-24T09:00:00+02:00,23.4,84,0.0,15,6.2,123.0,62.0,61.0,WE_HOME,WE_HOME,True,EMPTY,FULL,False,,False,,2025-08-24T12:52:12.576933+02:00,2025-08-24T16:41:58.573440+02:00,WE_HOME,22.194521825,21.298446063,23.42911628,off,True,True,1.0,1.0,0.069456149,0.130897257,0.0,0.0,0.0,0.0,0.0,0.0,0.0,0.0,0.200353406,0.0,0.0,0.0,0.0,0.0,0.0,0.880530278,0.0,0.0,0.880530278,0.200353406,0.0,0.0,0.880530278,1.080883684
2025-08-24T10:00:00+02:00,25.5,76,0.0,11,4.5,315.0,208.0,107.0,WE_HOME,WE_HOME,True,EMPTY,FULL,False,,False,,2025-08-24T12:52:12.576933+02:00,2025-08-24T16:41:58.573440+02:00,WE_HOME,22.395434854,21.298446063,23.42911628,off,True,True,1.0,1.0,0.068366975,0.130897257,0.0,0.0,0.0,0.0,0.0,0.0,0.0,0.0,0.199264232,0.0,0.0,0.0,0.0,0.0,0.0,0.880530278,0.0,0.0,0.880530278,0.199264232,0.0,0.0,0.880530278,1.079794510
2025-08-24T11:00:00+02:00,26.8,72,0.0,9,1.3,490.0,359.0,131.0,WE_HOME,WE_HOME,True,EMPTY,FULL,False,,False,,2025-08-24T12:52:12.576933+02:00,2025-08-24T16:41:58.573440+02:00,WE_HOME,22.912862378,21.298446063,23.42911628,off,True,True,1.0,1.0,0.067098604,0.130897257,0.0,0.0,0.0,0.0,0.0,0.0,0.0,0.0,0.197995861,0.0,0.0,0.0,0.0,0.0,0.0,0.102792692,0.0,0.0,0.102792692,0.197995861,0.0,0.0,0.102792692,0.300788553
2025-08-24T12:00:00+02:00,28.2,67,0.0,48,4.2,610.0,454.0,156.0,WE_HOME,WE_HOME,True,EMPTY,FULL,False,,False,,2025-08-24T12:52:12.576933+02:00,2025-08-24T16:41:58.573440+02:00,WE_HOME,23.560718649,21.298446063,23.42911628,off,True,True,1.0,1.0,0.065737476,0.130897257,0.0,0.0,0.0,0.0,0.0,0.0,0.0,0.0,0.196634733,0.0,0.0,0.0,0.0,0.0,0.0,0.0,0.0,0.0,0.0,0.196634733,0.0,0.0,0.0,0.196634733
2025-08-24T13:00:00+02:00,28.7,66,0.0,55,8.5,710.0,556.0,154.0,WE_HOME,WE_HOME,True,EMPTY,EMPTY,False,,False,,2025-08-24T12:52:12.576933+02:00,2025-08-24T16:41:58.573440+02:00,WE_HOME,24.333932207,20.298446063,24.42911628,off,True,True,1.0,1.0,0.064376347,0.130897257,0.0,0.0,0.0,0.0,0.0,0.0,0.0,0.0,0.195273604,0.0,0.0,0.0,0.0,0.0,0.0,0.0,0.0,0.0,0.0,0.195273604,0.0,0.0,0.0,0.195273604
2025-08-24T14:00:00+02:00,29.0,66,0.0,60,10.5,738.0,535.0,203.0,WE_HOME,WE_HOME,True,EMPTY,EMPTY,False,,False,,2025-08-24T12:52:12.576933+02:00,2025-08-24T16:41:58.573440+02:00,WE_HOME,25.061610173,20.298446063,24.42911628,cool,True,True,1.0,1.0,0.063107977,0.130897257,0.0,0.0,0.0,0.0,0.0,0.0,0.0,0.0,0.194005234,0.0,1.40039609,1.40039609,0.0,0.0,0.0,0.0,0.0,0.0,1.40039609,0.194005234,0.0,0.0,0.0,1.594401324
2025-08-24T15:00:00+02:00,29.3,66,0.0,77,11.7,729.0,536.0,193.0,WE_HOME,WE_HOME,True,EMPTY,EMPTY,False,,False,,2025-08-24T12:52:12.576933+02:00,2025-08-24T16:41:58.573440+02:00,WE_HOME,24.718008477,20.298446063,24.42911628,cool,True,True,1.0,1.0,0.062018802,0.130897257,0.0,0.0,0.0,0.0,0.0,0.0,0.0,0.0,0.192916059,0.0,1.40039609,1.40039609,0.0,0.0,0.0,0.0,0.0,0.0,1.40039609,0.192916059,0.0,0.0,0.0,1.593312149
2025-08-24T16:00:00+02:00,28.8,69,0.0,75,13.0,557.0,369.0,188.0,WE_HOME,WE_HOME,True,EMPTY,EMPTY,False,,False,,2025-08-24T12:52:12.576933+02:00,2025-08-24T16:41:58.573440+02:00,WE_HOME,24.481673731,20.298446063,24.42911628,cool,True,True,1.0,1.0,0.06118305,0.130897257,0.0,0.0,0.0,0.0,0.0,0.0,0.0,0.0,0.192080307,0.0,1.40039609,1.40039609,0.0,0.0,0.0,0.0,0.0,0.0,1.40039609,0.192080307,0.0,0.0,0.0,1.592476397
2025-08-24T17:00:00+02:00,28.2,71,0.0,47,12.2,500.0,320.0,180.0,WE_HOME,WE_HOME,True,EMPTY,FULL,False,,False,,2025-08-24T12:52:12.576933+02:00,2025-08-24T16:41:58.573440+02:00,WE_HOME,24.201394776,21.298446063,23.42911628,cool,True,True,1.0,1.0,0.060657674,0.130897257,0.0,0.0,0.0,0.0,0.0,0.0,0.0,0.0,0.191554931,0.0,1.40039609,1.40039609,0.0,0.0,0.0,0.758333743,0.0,0.0,2.158729834,0.191554931,0.0,0.0,0.758333743,2.350284765
2025-08-24T18:00:00+02:00,27.4,73,0.0,40,12.8,292.0,176.0,116.0,WE_HOME,WE_HOME,True,EMPTY,FULL,False,,False,,2025-08-24T12:52:12.576933+02:00,2025-08-24T16:41:58.573440+02:00,WE_HOME,23.86782898,21.298446063,23.42911628,cool,True,True,1.0,1.0,0.060478478,0.130897257,0.0,0.0,0.0,0.0,0.0,0.0,0.0,0.0,0.191375735,0.0,1.40039609,1.40039609,0.0,0.0,0.0,0.880530278,0.0,0.0,2.280926369,0.191375735,0.0,0.0,0.880530278,2.472302104
2025-08-24T19:00:00+02:00,27.2,72,0.0,52,11.0,215.0,99.0,116.0,WE_HOME,WE_HOME,True,EMPTY,FULL,False,,False,,2025-08-24T12:52:12.576933+02:00,2025-08-24T16:41:58.573440+02:00,WE_HOME,23.45652415,21.298446063,23.42911628,cool,True,True,1.0,1.0,0.060657674,0.130897257,0.0,0.0,0.0,0.0,0.0,0.0,0.0,0.0,0.191554931,0.0,1.40039609,1.40039609,0.0,0.0,0.0,0.880530278,0.0,0.0,2.280926369,0.191554931,0.0,0.0,0.880530278,2.472481300
2025-08-24T20:00:00+02:00,26.6,75,0.0,44,10.1,90.0,30.0,60.0,WE_HOME,WE_HOME,True,EMPTY,FULL,False,,False,,2025-08-24T12:52:12.576933+02:00,2025-08-24T16:41:58.573440+02:00,WE_HOME,23.080436792,21.298446063,23.42911628,off,True,True,1.0,1.0,0.06118305,0.130897257,0.0,0.0,0.0,0.0,0.174521074,0.0,0.0,0.0,0.366601381,0.0,0.0,0.0,0.0,0.0,0.0,0.369159911,0.0,0.0,0.369159911,0.192080307,0.174521074,0.0,0.369159911,0.735761292
2025-08-24T21:00:00+02:00,25.7,81,0.0,34,7.5,9.0,3.0,6.0,WE_HOME,WE_HOME,True,EMPTY,FULL,False,,False,,2025-08-24T12:52:12.576933+02:00,2025-08-24T16:41:58.573440+02:00,WE_HOME,23.66703066,21.298446063,23.42911628,off,True,True,1.0,1.0,0.062018802,0.130897257,0.0,0.0,0.0,0.0,0.018582817,0.01874635,0.0,0.0,0.230245226,0.0,0.0,0.0,0.0,0.0,0.0,0.0,0.0,0.0,0.0,0.192916059,0.037329167,0.0,0.0,0.230245226
2025-08-24T22:00:00+02:00,25.2,84,0.0,28,6.1,0.0,0.0,0.0,WE_HOME,WE_HOME,True,EMPTY,FULL,False,,False,,2025-08-24T12:52:12.576933+02:00,2025-08-24T16:41:58.573440+02:00,WE_HOME,24.005858883,21.298446063,23.42911628,cool,True,True,1.0,1.0,0.063107977,0.130897257,0.0,0.0,0.0,0.0,0.0,0.018069685,0.324982315,0.081245579,0.618302813,0.0,1.40039609,1.40039609,0.0,0.0,0.0,0.0,0.0,0.0,1.40039609,0.194005234,0.424297579,0.0,0.0,2.018698903
2025-08-24T23:00:00+02:00,25.0,85,0.0,20,5.3,0.0,0.0,0.0,WE_HOME,WE_HOME,True,EMPTY,FULL,False,,False,,2025-08-24T12:52:12.576933+02:00,2025-08-24T16:41:58.573440+02:00,WE_HOME,23.204882403,21.298446063,23.42911628,off,True,True,1.0,1.0,0.064376347,0.130897257,0.0,0.0,0.0,0.0,0.0,0.012854701,0.324982315,0.081245579,0.614356199,0.0,0.0,0.0,0.0,0.0,0.0,0.0,0.0,0.0,0.0,0.195273604,0.419082595,0.0,0.0,0.614356199
2025-08-25T00:00:00+02:00,25.1,85,0.0,75,4.3,0.0,0.0,0.0,WD_HOME,WD_HOME,False,PARTIAL,FULL,False,,False,,2025-08-25T08:43:13.258795+02:00,2025-08-25T17:14:12.631558+02:00,AWAY_DAY,23.504068669,21.528954079,23.659624296,off,True,True,1.0,1.0,0.065737476,0.130897257,0.0,0.0,0.0,0.0,0.0,0.0,0.324982315,0.081245579,0.602862627,0.0,0.0,0.0,0.0,0.0,0.0,0.0,0.0,0.0,0.0,0.196634733,0.406227894,0.0,0.0,0.602862627
2025-08-25T01:00:00+02:00,24.3,88,0.0,64,3.8,0.0,0.0,0.0,WD_HOME,WD_HOME,False,PARTIAL,FULL,False,,False,,2025-08-25T08:43:13.258795+02:00,2025-08-25T17:14:12.631558+02:00,AWAY_DAY,23.770057224,21.528954079,23.659624296,off,True,True,1.0,1.0,0.067098604,0.130897257,0.0,0.0,0.0,0.0,0.0,0.0,0.324982315,0.081245579,0.604223755,0.0,0.0,0.0,0.0,0.0,0.0,0.0,0.0,0.0,0.0,0.197995861,0.406227894,0.0,0.0,0.604223755
2025-08-25T02:00:00+02:00,23.9,90,0.0,80,5.8,0.0,0.0,0.0,WD_HOME,WD_HOME,False,PARTIAL,FULL,False,,False,,2025-08-25T08:43:13.258795+02:00,2025-08-25T17:14:12.631558+02:00,AWAY_DAY,23.85838102,21.528954079,23.659624296,off,True,True,1.0,1.0,0.068366975,0.130897257,0.0,0.0,0.0,0.0,0.0,0.0,0.324982315,0.081245579,0.605492126,0.0,0.0,0.0,0.0,0.0,0.0,0.0,0.0,0.0,0.0,0.199264232,0.406227894,0.0,0.0,0.605492126
2025-08-25T03:00:00+02:00,23.8,90,0.0,99,6.4,0.0,0.0,0.0,WD_HOME,WD_HOME,False,PARTIAL,FULL,False,,False,,2025-08-25T08:43:13.258795+02:00,2025-08-25T17:14:12.631558+02:00,AWAY_DAY,23.865317517,21.528954079,23.659624296,off,True,True,1.0,1.0,0.069456149,0.130897257,0.0,0.0,0.0,0.0,0.0,0.0,0.324982315,0.081245579,0.6065813,0.0,0.0,0.0,0.0,0.0,0.0,0.0,0.0,0.0,0.0,0.200353406,0.406227894,0.0,0.0,0.6065813
2025-08-25T04:00:00+02:00,23.6,90,0.0,98,8.0,0.0,0.0,0.0,WD_HOME,WD_HOME,False,PARTIAL,FULL,False,,False,,2025-08-25T08:43:13.258795+02:00,2025-08-25T17:14:12.631558+02:00,AWAY_DAY,23.854431264,21.528954079,23.659624296,off,True,True,1.0,1.0,0.070291902,0.130897257,0.0,0.0,0.0,0.0,0.0,0.0,0.324982315,0.081245579,0.607417053,0.0,0.0,0.0,0.0,0.0,0.0,0.0,0.0,0.0,0.0,0.201189159,0.406227894,0.0,0.0,0.607417053
2025-08-25T05:00:00+02:00,23.4,91,0.0,99,8.0,0.0,0.0,0.0,WD_HOME,WD_HOME,False,PARTIAL,FULL,False,,False,,2025-08-25T08:43:13.258795+02:00,2025-08-25T17:14:12.631558+02:00,AWAY_DAY,23.812026053,21.528954079,23.659624296,off,True,True,1.0,1.0,0.070817278,0.130897257,0.0,0.0,0.0,0.0,0.0,0.0,0.324982315,0.081245579,0.607942429,0.0,0.0,0.0,0.0,0.0,0.0,0.0,0.0,0.0,0.0,0.201714535,0.406227894,0.0,0.0,0.607942429
2025-08-25T06:00:00+02:00,23.4,89,0.0,98,6.7,0.0,0.0,0.0,WD_HOME,WD_HOME,False,PARTIAL,FULL,False,,False,,2025-08-25T08:43:13.258795+02:00,2025-08-25T17:14:12.631558+02:00,AWAY_DAY,23.743355044,21.528954079,23.659624296,off,True,True,0.779780167,1.0,0.070996474,0.130897257,0.0,0.0,0.0,0.0,0.0,0.0,0.324982315,0.081245579,0.608121625,0.0,0.0,0.0,0.0,0.0,0.0,0.0,0.0,0.0,0.0,0.201893731,0.406227894,0.0,0.0,0.608121625
2025-08-25T07:00:00+02:00,23.2,86,0.0,97,6.3,0.0,0.0,0.0,AWAY,WD_HOME,False,PARTIAL,EMPTY,True,away_002,False,,2025-08-25T08:43:13.258795+02:00,2025-08-25T17:14:12.631558+02:00,AWAY_DAY,23.686129204,18.528954079,26.659624296,off,False,True,0.0,1.0,0.070817278,0.130897257,0.0,0.0,0.0,0.0,0.0,0.0,0.0,0.081245579,0.282960114,0.0,0.0,0.0,0.0,0.0,0.0,0.0,0.0,0.0,0.0,0.201714535,0.081245579,0.0,0.0,0.282960114
2025-08-25T08:00:00+02:00,23.2,85,0.0,95,6.9,17.0,2.0,15.0,AWAY,WD_HOME,False,PARTIAL,EMPTY,True,away_002,False,,2025-08-25T08:43:13.258795+02:00,2025-08-25T17:14:12.631558+02:00,AWAY_DAY,23.60510767,18.528954079,26.659624296,off,False,True,0.0,1.0,0.070291902,0.130897257,0.0,0.0,0.0,0.0,0.0,0.0,0.0,0.0,0.201189159,0.0,0.0,0.0,0.0,0.0,0.0,0.328608235,0.0,0.0,0.328608235,0.201189159,0.0,0.0,0.328608235,0.529797394
2025-08-25T09:00:00+02:00,24.1,81,0.0,98,6.4,99.0,18.0,81.0,AWAY,WD_HOME,False,PARTIAL,EMPTY,True,away_002,False,,2025-08-25T08:43:13.258795+02:00,2025-08-25T17:14:12.631558+02:00,AWAY_DAY,23.537589725,18.528954079,26.659624296,off,False,True,0.0,1.0,0.069456149,0.130897257,0.0,0.0,0.0,0.0,0.0,0.0,0.0,0.0,0.200353406,0.0,0.0,0.0,0.0,0.0,0.0,0.880530278,0.0,0.0,0.880530278,0.200353406,0.0,0.0,0.880530278,1.080883684
2025-08-25T10:00:00+02:00,25.1,77,0.1,99,6.1,238.0,87.0,151.0,AWAY,WD_HOME,False,PARTIAL,EMPTY,True,away_002,False,,2025-08-25T08:43:13.258795+02:00,2025-08-25T17:14:12.631558+02:00,AWAY_DAY,23.631324771,18.528954079,26.659624296,off,False,True,0.0,1.0,0.068366975,0.130897257,0.0,0.0,0.0,0.0,0.0,0.0,0.0,0.0,0.199264232,0.0,0.0,0.0,0.0,0.0,0.0,0.880530278,0.0,0.0,0.880530278,0.199264232,0.0,0.0,0.880530278,1.079794510
2025-08-25T11:00:00+02:00,26.1,72,0.0,100,4.1,339.0,94.0,245.0,AWAY,WD_HOME,False,PARTIAL,EMPTY,True,away_002,False,,2025-08-25T08:43:13.258795+02:00,2025-08-25T17:14:12.631558+02:00,AWAY_DAY,23.876103976,18.528954079,26.659624296,off,False,True,0.0,1.0,0.067098604,0.130897257,0.0,0.0,0.0,0.0,0.0,0.0,0.0,0.0,0.197995861,0.0,0.0,0.0,0.0,0.0,0.0,0.880530278,0.0,0.0,0.880530278,0.197995861,0.0,0.0,0.880530278,1.078526139
2025-08-25T12:00:00+02:00,27.0,73,0.0,98,5.6,305.0,70.0,235.0,AWAY,WD_HOME,False,PARTIAL,EMPTY,True,away_002,False,,2025-08-25T08:43:13.258795+02:00,2025-08-25T17:14:12.631558+02:00,AWAY_DAY,24.246753313,18.528954079,26.659624296,off,False,True,0.0,1.0,0.065737476,0.130897257,0.0,0.0,0.0,0.0,0.0,0.0,0.0,0.0,0.196634733,0.0,0.0,0.0,0.0,0.0,0.0,0.880530278,0.0,0.0,0.880530278,0.196634733,0.0,0.0,0.880530278,1.077165011
2025-08-25T13:00:00+02:00,27.5,70,0.0,100,11.7,468.0,159.0,309.0,AWAY,WD_HOME,False,PARTIAL,EMPTY,True,away_002,False,,2025-08-25T08:43:13.258795+02:00,2025-08-25T17:14:12.631558+02:00,AWAY_DAY,24.705627761,18.528954079,26.659624296,off,False,True,0.0,1.0,0.064376347,0.130897257,0.0,0.0,0.0,0.0,0.0,0.0,0.0,0.0,0.195273604,0.0,0.0,0.0,0.0,0.0,0.0,0.68617629,0.0,0.0,0.68617629,0.195273604,0.0,0.0,0.68617629,0.881449894
2025-08-25T14:00:00+02:00,27.9,69,0.0,99,14.3,613.0,284.0,329.0,AWAY,WD_HOME,False,PARTIAL,EMPTY,True,away_002,False,,2025-08-25T08:43:13.258795+02:00,2025-08-25T17:14:12.631558+02:00,AWAY_DAY,25.171356467,18.528954079,26.659624296,off,False,True,0.0,1.0,0.063107977,0.130897257,0.0,0.0,0.0,0.0,0.0,0.0,0.0,0.0,0.194005234,0.0,0.0,0.0,0.0,0.0,0.0,0.0,0.0,0.0,0.0,0.194005234,0.0,0.0,0.0,0.194005234
2025-08-25T15:00:00+02:00,27.6,69,0.0,100,12.2,490.0,154.0,336.0,AWAY,WD_HOME,False,PARTIAL,EMPTY,True,away_002,False,,2025-08-25T08:43:13.258795+02:00,2025-08-25T17:14:12.631558+02:00,AWAY_DAY,25.626130389,18.528954079,26.659624296,off,False,True,0.0,1.0,0.062018802,0.130897257,0.0,0.0,0.0,0.0,0.0,0.0,0.0,0.0,0.192916059,0.0,0.0,0.0,0.0,0.0,0.0,0.0,0.0,0.0,0.0,0.192916059,0.0,0.0,0.0,0.192916059
2025-08-25T16:00:00+02:00,27.0,72,0.5,99,10.4,362.0,90.0,272.0,AWAY,WD_HOME,False,PARTIAL,EMPTY,True,away_002,False,,2025-08-25T08:43:13.258795+02:00,2025-08-25T17:14:12.631558+02:00,AWAY_DAY,25.955108658,18.528954079,26.659624296,off,False,True,0.0,1.0,0.06118305,0.130897257,0.0,0.0,0.0,0.0,0.0,0.0,0.0,0.0,0.192080307,0.0,0.0,0.0,0.0,0.0,0.0,0.0,0.0,0.0,0.0,0.192080307,0.0,0.0,0.0,0.192080307
2025-08-25T17:00:00+02:00,26.4,74,0.0,99,8.9,232.0,40.0,192.0,AWAY,WD_HOME,False,PARTIAL,EMPTY,True,away_002,False,,2025-08-25T08:43:13.258795+02:00,2025-08-25T17:14:12.631558+02:00,AWAY_DAY,26.129257215,18.528954079,26.659624296,off,False,True,0.0,1.0,0.060657674,0.130897257,0.0,0.0,0.0,0.0,0.0,0.0,0.0,0.0,0.191554931,0.0,0.0,0.0,0.0,0.0,0.0,0.0,0.0,0.0,0.0,0.191554931,0.0,0.0,0.0,0.191554931
2025-08-25T18:00:00+02:00,27.0,70,0.0,98,12.5,231.0,33.0,198.0,AWAY,WD_HOME,False,PARTIAL,EMPTY,True,away_002,False,,2025-08-25T08:43:13.258795+02:00,2025-08-25T17:14:12.631558+02:00,AWAY_DAY,26.174381012,18.528954079,26.659624296,off,False,True,0.0,1.0,0.060478478,0.130897257,0.0,0.0,0.0,0.0,0.0,0.0,0.0,0.0,0.191375735,0.0,0.0,0.0,0.0,0.0,0.0,0.0,0.0,0.0,0.0,0.191375735,0.0,0.0,0.0,0.191375735
2025-08-25T19:00:00+02:00,26.6,77,0.1,94,14.3,147.0,28.0,119.0,AWAY,WD_HOME,False,PARTIAL,EMPTY,True,away_002,False,,2025-08-25T08:43:13.258795+02:00,2025-08-25T17:14:12.631558+02:00,AWAY_DAY,26.311984177,18.528954079,26.659624296,off,False,True,0.0,1.0,0.060657674,0.130897257,0.0,0.0,0.0,0.0,0.0,0.0,0.0,0.0,0.191554931,0.0,0.0,0.0,0.0,0.0,0.0,0.0,0.0,0.0,0.0,0.191554931,0.0,0.0,0.0,0.191554931
2025-08-25T20:00:00+02:00,26.2,81,0.1,86,13.6,72.0,14.0,58.0,AWAY,WD_HOME,False,PARTIAL,EMPTY,True,away_002,False,,2025-08-25T08:43:13.258795+02:00,2025-08-25T17:14:12.631558+02:00,AWAY_DAY,26.359986814,18.528954079,26.659624296,off,False,True,0.0,1.0,0.06118305,0.130897257,0.0,0.0,0.0,0.0,0.0,0.0,0.0,0.0,0.192080307,0.0,0.0,0.0,0.0,0.0,0.0,0.0,0.0,0.0,0.0,0.192080307,0.0,0.0,0.0,0.192080307
2025-08-25T21:00:00+02:00,25.4,86,0.0,62,8.6,7.0,1.0,6.0,AWAY,WD_HOME,False,PARTIAL,EMPTY,True,away_002,False,,2025-08-25T08:43:13.258795+02:00,2025-08-25T17:14:12.631558+02:00,AWAY_DAY,26.333322345,18.528954079,26.659624296,off,False,True,0.0,1.0,0.062018802,0.130897257,0.0,0.0,0.0,0.0,0.0,0.0,0.0,0.0,0.192916059,0.0,0.0,0.0,0.0,0.0,0.0,0.0,0.0,0.0,0.0,0.192916059,0.0,0.0,0.0,0.192916059
2025-08-25T22:00:00+02:00,24.9,88,0.0,43,6.3,0.0,0.0,0.0,AWAY,WD_HOME,False,PARTIAL,EMPTY,True,away_002,False,,2025-08-25T08:43:13.258795+02:00,2025-08-25T17:14:12.631558+02:00,AWAY_DAY,26.177768621,18.528954079,26.659624296,off,False,True,0.0,1.0,0.063107977,0.130897257,0.0,0.0,0.0,0.0,0.0,0.0,0.0,0.081245579,0.275250813,0.0,0.0,0.0,0.0,0.0,0.0,0.0,0.0,0.0,0.0,0.194005234,0.081245579,0.0,0.0,0.275250813
2025-08-25T23:00:00+02:00,24.6,88,0.0,31,6.5,0.0,0.0,0.0,AWAY,WD_HOME,False,PARTIAL,EMPTY,True,away_002,False,,2025-08-25T08:43:13.258795+02:00,2025-08-25T17:14:12.631558+02:00,AWAY_DAY,25.964807184,18.528954079,26.659624296,off,False,True,0.0,1.0,0.064376347,0.130897257,0.0,0.0,0.0,0.0,0.0,0.0,0.0,0.081245579,0.276519183,0.0,0.0,0.0,0.0,0.0,0.0,0.0,0.0,0.0,0.0,0.195273604,0.081245579,0.0,0.0,0.276519183
2025-08-26T00:00:00+02:00,24.4,88,0.0,61,7.0,0.0,0.0,0.0,AWAY,WD_HOME,False,EMPTY,EMPTY,True,away_002,False,,2025-08-26T08:46:12.785044+02:00,2025-08-26T18:05:37.655336+02:00,WD_HOME,25.73733932,18.752879954,26.88355017,off,False,True,0.0,1.0,0.065737476,0.130897257,0.0,0.0,0.0,0.0,0.0,0.0,0.0,0.081245579,0.277880312,0.0,0.0,0.0,0.0,0.0,0.0,0.0,0.0,0.0,0.0,0.196634733,0.081245579,0.0,0.0,0.277880312
2025-08-26T01:00:00+02:00,24.2,88,0.0,53,6.2,0.0,0.0,0.0,AWAY,WD_HOME,False,EMPTY,EMPTY,True,away_002,False,,2025-08-26T08:46:12.785044+02:00,2025-08-26T18:05:37.655336+02:00,WD_HOME,25.514449433,18.752879954,26.88355017,off,False,True,0.0,1.0,0.067098604,0.130897257,0.0,0.0,0.0,0.0,0.0,0.0,0.0,0.081245579,0.27924144,0.0,0.0,0.0,0.0,0.0,0.0,0.0,0.0,0.0,0.0,0.197995861,0.081245579,0.0,0.0,0.27924144
2025-08-26T02:00:00+02:00,24.1,88,0.0,28,5.7,0.0,0.0,0.0,AWAY,WD_HOME,False,EMPTY,EMPTY,True,away_002,False,,2025-08-26T08:46:12.785044+02:00,2025-08-26T18:05:37.655336+02:00,WD_HOME,25.295374528,18.752879954,26.88355017,off,False,True,0.0,1.0,0.068366975,0.130897257,0.0,0.0,0.0,0.0,0.0,0.0,0.0,0.081245579,0.280509811,0.0,0.0,0.0,0.0,0.0,0.0,0.0,0.0,0.0,0.0,0.199264232,0.081245579,0.0,0.0,0.280509811
2025-08-26T03:00:00+02:00,23.5,87,0.0,9,5.1,0.0,0.0,0.0,AWAY,WD_HOME,False,EMPTY,EMPTY,True,away_002,False,,2025-08-26T08:46:12.785044+02:00,2025-08-26T18:05:37.655336+02:00,WD_HOME,25.09614544,18.752879954,26.88355017,off,False,True,0.0,1.0,0.069456149,0.130897257,0.0,0.0,0.0,0.0,0.0,0.0,0.0,0.081245579,0.281598985,0.0,0.0,0.0,0.0,0.0,0.0,0.0,0.0,0.0,0.0,0.200353406,0.081245579,0.0,0.0,0.281598985
2025-08-26T04:00:00+02:00,23.0,88,0.0,1,5.4,0.0,0.0,0.0,AWAY,WD_HOME,False,EMPTY,EMPTY,True,away_002,False,,2025-08-26T08:46:12.785044+02:00,2025-08-26T18:05:37.655336+02:00,WD_HOME,24.8301212,18.752879954,26.88355017,off,False,True,0.0,1.0,0.070291902,0.130897257,0.0,0.0,0.0,0.0,0.0,0.0,0.0,0.081245579,0.282434738,0.0,0.0,0.0,0.0,0.0,0.0,0.0,0.0,0.0,0.0,0.201189159,0.081245579,0.0,0.0,0.282434738
2025-08-26T05:00:00+02:00,22.8,88,0.0,3,5.3,0.0,0.0,0.0,AWAY,WD_HOME,False,EMPTY,EMPTY,True,away_002,False,,2025-08-26T08:46:12.785044+02:00,2025-08-26T18:05:37.655336+02:00,WD_HOME,24.525101,18.752879954,26.88355017,off,False,True,0.0,1.0,0.070817278,0.130897257,0.0,0.0,0.0,0.0,0.0,0.0,0.0,0.081245579,0.282960114,0.0,0.0,0.0,0.0,0.0,0.0,0.0,0.0,0.0,0.0,0.201714535,0.081245579,0.0,0.0,0.282960114
2025-08-26T06:00:00+02:00,22.6,87,0.0,6,5.1,0.0,0.0,0.0,AWAY,WD_HOME,False,EMPTY,EMPTY,True,away_002,False,,2025-08-26T08:46:12.785044+02:00,2025-08-26T18:05:37.655336+02:00,WD_HOME,24.237584167,18.752879954,26.88355017,off,False,True,0.0,1.0,0.070996474,0.130897257,0.0,0.0,0.0,0.0,0.0,0.0,0.0,0.081245579,0.28313931,0.0,0.0,0.0,0.0,0.0,0.0,0.0,0.0,0.0,0.0,0.201893731,0.081245579,0.0,0.0,0.28313931
2025-08-26T07:00:00+02:00,22.7,87,0.0,11,5.2,0.0,0.0,0.0,AWAY,WD_HOME,False,EMPTY,EMPTY,True,away_002,False,,2025-08-26T08:46:12.785044+02:00,2025-08-26T18:05:37.655336+02:00,WD_HOME,23.964653472,18.752879954,26.88355017,off,False,True,0.0,1.0,0.070817278,0.130897257,0.0,0.0,0.0,0.0,0.0,0.0,0.0,0.081245579,0.282960114,0.0,0.0,0.0,0.0,0.0,0.0,0.0,0.0,0.0,0.0,0.201714535,0.081245579,0.0,0.0,0.282960114
2025-08-26T08:00:00+02:00,23.4,86,0.0,15,6.7,25.0,12.0,13.0,AWAY,WD_HOME,False,EMPTY,EMPTY,True,away_002,False,,2025-08-26T08:46:12.785044+02:00,2025-08-26T18:05:37.655336+02:00,WD_HOME,23.753877893,18.752879954,26.88355017,off,False,True,0.0,1.0,0.070291902,0.130897257,0.0,0.0,0.0,0.0,0.0,0.0,0.0,0.0,0.201189159,0.0,0.0,0.0,0.0,0.0,0.0,0.75269327,0.0,0.0,0.75269327,0.201189159,0.0,0.0,0.75269327,0.953882429
2025-08-26T09:00:00+02:00,25.4,77,0.0,27,6.4,156.0,105.0,51.0,AWAY,WD_HOME,False,EMPTY,EMPTY,True,away_002,False,,2025-08-26T08:46:12.785044+02:00,2025-08-26T18:05:37.655336+02:00,WD_HOME,23.694898245,18.752879954,26.88355017,off,False,True,0.0,1.0,0.069456149,0.130897257,0.0,0.0,0.0,0.0,0.0,0.0,0.0,0.0,0.200353406,0.0,0.0,0.0,0.0,0.0,0.0,0.880530278,0.0,0.0,0.880530278,0.200353406,0.0,0.0,0.880530278,1.080883684
2025-08-26T10:00:00+02:00,27.2,68,0.0,31,3.4,333.0,243.0,90.0,AWAY,WD_HOME,False,EMPTY,EMPTY,True,away_002,False,,2025-08-26T08:46:12.785044+02:00,2025-08-26T18:05:37.655336+02:00,WD_HOME,23.97908187,18.752879954,26.88355017,off,False,True,0.0,1.0,0.068366975,0.130897257,0.0,0.0,0.0,0.0,0.0,0.0,0.0,0.0,0.199264232,0.0,0.0,0.0,0.0,0.0,0.0,0.880530278,0.0,0.0,0.880530278,0.199264232,0.0,0.0,0.880530278,1.079794510
2025-08-26T11:00:00+02:00,28.5,62,0.0,21,5.1,481.0,374.0,107.0,AWAY,WD_HOME,False,EMPTY,EMPTY,True,away_002,False,,2025-08-26T08:46:12.785044+02:00,2025-08-26T18:05:37.655336+02:00,WD_HOME,24.515901559,18.752879954,26.88355017,off,True,True,0.192361568,1.0,0.067098604,0.130897257,0.0,0.0,0.0,0.0,0.0,0.0,0.0,0.0,0.197995861,0.0,0.0,0.0,0.787079378,0.0,0.787079378,0.880530278,0.0,0.0,1.667609656,0.197995861,0.0,0.787079378,0.880530278,1.865605517
2025-08-26T12:00:00+02:00,29.6,59,0.0,45,5.6,561.0,419.0,142.0,WD_HOME,WD_HOME,False,EMPTY,EMPTY,False,,False,,2025-08-26T08:46:12.785044+02:00,2025-08-26T18:05:37.655336+02:00,WD_HOME,25.179917966,20.752879954,24.88355017,off,True,True,1.0,1.0,0.065737476,0.130897257,0.0,0.0,0.0,0.0,0.0,0.0,0.0,0.0,0.196634733,0.0,0.0,0.0,7.4,0.0,7.4,0.095449915,0.0,0.0,7.495449915,0.196634733,0.0,7.4,0.095449915,7.692084648
2025-08-26T13:00:00+02:00,29.9,63,0.0,53,10.3,655.0,467.0,188.0,WD_HOME,WD_HOME,False,EMPTY,EMPTY,False,,False,,2025-08-26T08:46:12.785044+02:00,2025-08-26T18:05:37.655336+02:00,WD_HOME,25.916598305,20.752879954,24.88355017,cool,True,True,1.0,1.0,0.064376347,0.130897257,0.0,0.0,0.0,0.0,0.0,0.0,0.0,0.0,0.195273604,0.0,1.40039609,1.40039609,7.4,0.0,7.4,0.0,0.0,0.0,8.80039609,0.195273604,0.0,7.4,0.0,8.995669694
2025-08-26T14:00:00+02:00,30.0,64,0.0,32,13.0,765.0,603.0,162.0,WD_HOME,WD_HOME,False,EMPTY,EMPTY,False,,False,,2025-08-26T08:46:12.785044+02:00,2025-08-26T18:05:37.655336+02:00,WD_HOME,25.580498587,20.752879954,24.88355017,cool,True,True,1.0,1.0,0.063107977,0.130897257,0.0,0.0,0.0,0.0,0.0,0.0,0.0,0.0,0.194005234,0.0,1.40039609,1.40039609,7.4,0.0,7.4,0.0,0.0,0.0,8.80039609,0.194005234,0.0,7.4,0.0,8.994401324
2025-08-26T15:00:00+02:00,29.8,67,0.0,36,15.0,820.0,704.0,116.0,WD_HOME,WD_HOME,False,EMPTY,EMPTY,False,,False,,2025-08-26T08:46:12.785044+02:00,2025-08-26T18:05:37.655336+02:00,WD_HOME,25.317082156,20.752879954,24.88355017,cool,True,True,1.0,1.0,0.062018802,0.130897257,0.0,0.0,0.0,0.0,0.0,0.0,0.0,0.0,0.192916059,0.0,1.40039609,1.40039609,7.4,0.0,7.4,0.0,0.0,0.0,8.80039609,0.192916059,0.0,7.4,0.0,8.993312149
2025-08-26T16:00:00+02:00,29.3,68,0.0,16,13.8,761.0,652.0,109.0,WD_HOME,WD_HOME,False,EMPTY,EMPTY,False,,False,,2025-08-26T08:46:12.785044+02:00,2025-08-26T18:05:37.655336+02:00,WD_HOME,25.06423513,20.752879954,24.88355017,cool,True,True,1.0,1.0,0.06118305,0.130897257,0.0,0.0,0.0,0.0,0.0,0.0,0.0,0.0,0.192080307,0.0,1.40039609,1.40039609,7.4,0.0,7.4,0.178705076,0.0,0.0,8.979101166,0.192080307,0.0,7.4,0.178705076,9.171181473
2025-08-26T17:00:00+02:00,28.7,68,0.0,4,11.9,654.0,554.0,100.0,WD_HOME,WD_HOME,False,EMPTY,EMPTY,False,,False,,2025-08-26T08:46:12.785044+02:00,2025-08-26T18:05:37.655336+02:00,WD_HOME,24.770195942,20.752879954,24.88355017,off,True,True,1.0,1.0,0.060657674,0.130897257,0.0,0.0,0.0,0.0,0.0,0.0,0.0,0.0,0.191554931,0.0,0.0,0.0,2.044398025,0.0,2.044398025,0.880530278,0.0,0.0,2.924928303,0.191554931,0.0,2.044398025,0.880530278,3.116483234
2025-08-26T18:00:00+02:00,28.4,67,0.0,10,9.3,496.0,406.0,90.0,WD_HOME,WD_HOME,False,EMPTY,FULL,False,,False,,2025-08-26T08:46:12.785044+02:00,2025-08-26T18:05:37.655336+02:00,WD_HOME,25.425163285,21.752879954,23.88355017,cool,True,True,1.0,1.0,0.060478478,0.130897257,0.0,0.0,0.0,0.0,0.0,0.0,0.0,0.0,0.191375735,0.0,1.40039609,1.40039609,0.0,0.0,0.0,0.880530278,0.0,0.0,2.280926369,0.191375735,0.0,0.0,0.880530278,2.472302104
2025-08-26T19:00:00+02:00,27.8,68,0.0,9,9.8,312.0,238.0,74.0,WD_HOME,WD_HOME,False,EMPTY,FULL,False,,False,,2025-08-26T08:46:12.785044+02:00,2025-08-26T18:05:37.655336+02:00,WD_HOME,24.920969404,21.752879954,23.88355017,cool,True,True,1.0,1.0,0.060657674,0.130897257,0.0,0.0,0.0,0.0,0.0,0.0,0.0,0.0,0.191554931,0.0,1.40039609,1.40039609,0.0,0.0,0.0,0.510921113,0.0,0.0,1.911317204,0.191554931,0.0,0.0,0.510921113,2.102872135
2025-08-26T20:00:00+02:00,26.7,76,0.0,12,9.0,131.0,85.0,46.0,WD_HOME,WD_HOME,False,EMPTY,FULL,False,,False,,2025-08-26T08:46:12.785044+02:00,2025-08-26T18:05:37.655336+02:00,WD_HOME,24.400807837,21.752879954,23.88355017,cool,True,True,1.0,1.0,0.06118305,0.130897257,0.229997114,0.0,0.0,0.0,0.0,0.012877119,0.0,0.0,0.43495454,0.0,1.40039609,1.40039609,0.0,0.0,0.0,0.0,0.0,0.0,1.40039609,0.192080307,0.242874233,0.0,0.0,1.83535063
2025-08-26T21:00:00+02:00,25.2,88,0.0,12,6.1,10.0,3.0,7.0,WD_HOME,WD_HOME,False,EMPTY,FULL,False,,False,,2025-08-26T08:46:12.785044+02:00,2025-08-26T18:05:37.655336+02:00,WD_HOME,23.784006531,21.752879954,23.88355017,off,True,True,1.0,1.0,0.062018802,0.130897257,2.261633398,0.0,0.0,0.0,0.0,0.016852413,0.0,0.0,2.47140187,0.0,0.0,0.0,0.0,0.0,0.0,0.0,0.0,0.0,0.0,0.192916059,2.278485811,0.0,0.0,2.47140187
2025-08-26T22:00:00+02:00,25.0,90,0.0,21,6.0,0.0,0.0,0.0,WD_HOME,WD_HOME,False,EMPTY,FULL,False,,False,,2025-08-26T08:46:12.785044+02:00,2025-08-26T18:05:37.655336+02:00,WD_HOME,24.020005442,21.752879954,23.88355017,off,True,True,1.0,1.0,0.063107977,0.130897257,0.865399987,0.0,0.0,0.0,0.0,0.0,0.324982315,0.081245579,1.465633115,0.0,0.0,0.0,0.0,0.0,0.0,0.0,0.0,0.0,0.0,0.194005234,1.271627881,0.0,0.0,1.465633115
2025-08-26T23:00:00+02:00,25.1,88,0.0,16,6.9,0.0,0.0,0.0,WD_HOME,WD_HOME,False,EMPTY,FULL,False,,False,,2025-08-26T08:46:12.785044+02:00,2025-08-26T18:05:37.655336+02:00,WD_HOME,24.183337868,21.752879954,23.88355017,off,True,True,1.0,1.0,0.064376347,0.130897257,0.0,0.0,0.0,0.0,0.0,0.0,0.324982315,0.081245579,0.601501498,0.0,0.0,0.0,0.0,0.0,0.0,0.0,0.0,0.0,0.0,0.195273604,0.406227894,0.0,0.0,0.601501498
2025-08-27T00:00:00+02:00,24.7,91,0.0,80,7.7,0.0,0.0,0.0,WD_HOME,WD_HOME,False,EMPTY,FULL,False,,False,,2025-08-27T08:33:20.274750+02:00,2025-08-27T17:43:04.861783+02:00,WD_HOME,24.33611489,20.96777952,23.098449736,cool,True,True,1.0,1.0,0.065737476,0.130897257,0.0,0.0,0.0,0.0,0.0,0.0,0.324982315,0.081245579,0.602862627,0.0,1.40039609,1.40039609,0.0,0.0,0.0,0.0,0.0,0.0,1.40039609,0.196634733,0.406227894,0.0,0.0,2.003258717
2025-08-27T01:00:00+02:00,24.5,91,0.0,96,9.3,0.0,0.0,0.0,WD_HOME,WD_HOME,False,EMPTY,FULL,False,,False,,2025-08-27T08:33:20.274750+02:00,2025-08-27T17:43:04.861783+02:00,WD_HOME,23.396762409,20.96777952,23.098449736,cool,True,True,1.0,1.0,0.067098604,0.130897257,0.0,0.0,0.0,0.0,0.0,0.0,0.324982315,0.081245579,0.604223755,0.0,1.40039609,1.40039609,0.0,0.0,0.0,0.0,0.0,0.0,1.40039609,0.197995861,0.406227894,0.0,0.0,2.004619845
2025-08-27T02:00:00+02:00,24.3,91,0.0,98,8.7,0.0,0.0,0.0,WD_HOME,WD_HOME,False,EMPTY,FULL,False,,False,,2025-08-27T08:33:20.274750+02:00,2025-08-27T17:43:04.861783+02:00,WD_HOME,22.580635341,20.96777952,23.098449736,off,True,True,1.0,1.0,0.068366975,0.130897257,0.0,0.0,0.0,0.0,0.0,0.0,0.324982315,0.081245579,0.605492126,0.0,0.0,0.0,0.0,0.0,0.0,0.0,0.0,0.0,0.0,0.199264232,0.406227894,0.0,0.0,0.605492126
2025-08-27T03:00:00+02:00,24.3,90,0.0,88,8.7,0.0,0.0,0.0,WD_HOME,WD_HOME,False,EMPTY,FULL,False,,False,,2025-08-27T08:33:20.274750+02:00,2025-08-27T17:43:04.861783+02:00,WD_HOME,22.867196117,20.96777952,23.098449736,off,True,True,1.0,1.0,0.069456149,0.130897257,0.0,0.0,0.0,0.0,0.0,0.0,0.324982315,0.081245579,0.6065813,0.0,0.0,0.0,0.0,0.0,0.0,0.0,0.0,0.0,0.0,0.200353406,0.406227894,0.0,0.0,0.6065813
2025-08-27T04:00:00+02:00,24.2,88,0.0,80,10.3,0.0,0.0,0.0,WD_HOME,WD_HOME,False,EMPTY,FULL,False,,False,,2025-08-27T08:33:20.274750+02:00,2025-08-27T17:43:04.861783+02:00,WD_HOME,23.105996764,20.96777952,23.098449736,off,True,True,1.0,1.0,0.070291902,0.130897257,0.0,0.0,0.0,0.0,0.0,0.0,0.324982315,0.081245579,0.607417053,0.0,0.0,0.0,0.0,0.0,0.0,0.0,0.0,0.0,0.0,0.201189159,0.406227894,0.0,0.0,0.607417053
2025-08-27T05:00:00+02:00,23.9,86,0.0,44,11.1,0.0,0.0,0.0,WD_HOME,WD_HOME,False,EMPTY,FULL,False,,False,,2025-08-27T08:33:20.274750+02:00,2025-08-27T17:43:04.861783+02:00,WD_HOME,23.288330637,20.96777952,23.098449736,off,True,True,1.0,1.0,0.070817278,0.130897257,0.0,0.0,0.0,0.0,0.0,0.0,0.324982315,0.081245579,0.607942429,0.0,0.0,0.0,0.0,0.0,0.0,0.0,0.0,0.0,0.0,0.201714535,0.406227894,0.0,0.0,0.607942429
2025-08-27T06:00:00+02:00,23.7,86,0.0,43,11.5,0.0,0.0,0.0,WD_HOME,WD_HOME,False,EMPTY,FULL,False,,False,,2025-08-27T08:33:20.274750+02:00,2025-08-27T17:43:04.861783+02:00,WD_HOME,23.390275531,20.96777952,23.098449736,off,True,True,1.0,1.0,0.070996474,0.130897257,0.0,0.0,0.0,0.0,0.0,0.0,0.324982315,0.081245579,0.608121625,0.0,0.0,0.0,0.0,0.0,0.0,0.0,0.0,0.0,0.0,0.201893731,0.406227894,0.0,0.0,0.608121625
2025-08-27T07:00:00+02:00,23.6,85,0.0,26,12.7,0.0,0.0,0.0,WD_HOME,WD_HOME,False,EMPTY,FULL,False,,False,,2025-08-27T08:33:20.274750+02:00,2025-08-27T17:43:04.861783+02:00,WD_HOME,23.441896276,20.96777952,23.098449736,off,True,True,1.0,1.0,0.070817278,0.130897257,0.0,0.0,0.0,0.0,0.0,0.0,0.324982315,0.081245579,0.607942429,0.0,0.0,0.0,0.0,0.0,0.0,0.0,0.0,0.0,0.0,0.201714535,0.406227894,0.0,0.0,0.607942429
2025-08-27T08:00:00+02:00,23.8,84,0.0,9,15.1,25.0,12.0,13.0,WD_HOME,WD_HOME,False,EMPTY,FULL,False,,False,,2025-08-27T08:33:20.274750+02:00,2025-08-27T17:43:04.861783+02:00,WD_HOME,23.468246896,20.96777952,23.098449736,off,True,True,0.980298242,1.0,0.070291902,0.130897257,0.0,0.0,0.0,0.0,0.0,0.0,0.0,0.0,0.201189159,0.0,0.0,0.0,0.0,0.0,0.0,0.0,0.0,0.0,0.0,0.201189159,0.0,0.0,0.0,0.201189159
2025-08-27T09:00:00+02:00,24.6,80,0.0,7,15.8,148.0,89.0,59.0,WD_HOME,WD_HOME,False,EMPTY,EMPTY,False,,False,,2025-08-27T08:33:20.274750+02:00,2025-08-27T17:43:04.861783+02:00,WD_HOME,23.52353908,19.96777952,24.098449736,off,False,True,0.0,1.0,0.069456149,0.130897257,0.0,0.0,0.0,0.0,0.0,0.0,0.0,0.0,0.200353406,0.0,0.0,0.0,0.0,0.0,0.0,0.618125726,0.0,0.0,0.618125726,0.200353406,0.0,0.0,0.618125726,0.818479132
2025-08-27T10:00:00+02:00,25.0,77,0.0,15,15.3,294.0,185.0,109.0,WD_HOME,WD_HOME,False,EMPTY,EMPTY,False,,False,,2025-08-27T08:33:20.274750+02:00,2025-08-27T17:43:04.861783+02:00,WD_HOME,23.702949234,19.96777952,24.098449736,off,False,True,0.0,1.0,0.068366975,0.130897257,0.0,0.0,0.0,0.0,0.0,0.0,0.0,0.0,0.199264232,0.0,0.0,0.0,0.0,0.0,0.0,0.880530278,0.0,0.0,0.880530278,0.199264232,0.0,0.0,0.880530278,1.079794510
2025-08-27T11:00:00+02:00,25.6,72,0.1,30,16.2,442.0,295.0,147.0,WD_HOME,WD_HOME,False,EMPTY,EMPTY,False,,False,,2025-08-27T08:33:20.274750+02:00,2025-08-27T17:43:04.861783+02:00,WD_HOME,23.919124361,19.96777952,24.098449736,off,False,True,0.0,1.0,0.067098604,0.130897257,0.0,0.0,0.0,0.0,0.0,0.0,0.0,0.0,0.197995861,0.0,0.0,0.0,0.0,0.0,0.0,0.880530278,0.0,0.0,0.880530278,0.197995861,0.0,0.0,0.880530278,1.078526139
2025-08-27T12:00:00+02:00,27.1,68,0.0,76,15.7,570.0,374.0,196.0,WD_HOME,WD_HOME,False,EMPTY,EMPTY,False,,False,,2025-08-27T08:33:20.274750+02:00,2025-08-27T17:43:04.861783+02:00,WD_HOME,24.199270301,19.96777952,24.098449736,off,False,True,0.0,1.0,0.065737476,0.130897257,0.0,0.0,0.0,0.0,0.0,0.0,0.0,0.0,0.196634733,0.0,0.0,0.0,0.0,0.0,0.0,0.880530278,0.0,0.0,0.880530278,0.196634733,0.0,0.0,0.880530278,1.077165011
2025-08-27T13:00:00+02:00,27.9,66,0.0,57,18.9,586.0,394.0,192.0,WD_HOME,WD_HOME,False,EMPTY,EMPTY,False,,False,,2025-08-27T08:33:20.274750+02:00,2025-08-27T17:43:04.861783+02:00,WD_HOME,24.682725251,19.96777952,24.098449736,cool,False,True,0.0,1.0,0.064376347,0.130897257,0.0,0.0,0.0,0.0,0.0,0.0,0.0,0.0,0.195273604,0.0,1.40039609,1.40039609,0.0,0.0,0.0,0.880530278,0.0,0.0,2.280926369,0.195273604,0.0,0.0,0.880530278,2.476199973
2025-08-27T14:00:00+02:00,28.3,67,0.0,41,18.7,744.0,550.0,194.0,WD_HOME,WD_HOME,False,EMPTY,EMPTY,False,,False,,2025-08-27T08:33:20.274750+02:00,2025-08-27T17:43:04.861783+02:00,WD_HOME,24.218937709,19.96777952,24.098449736,cool,False,True,0.0,1.0,0.063107977,0.130897257,0.0,0.0,0.0,0.0,0.0,0.0,0.0,0.0,0.194005234,0.0,1.40039609,1.40039609,0.0,0.0,0.0,0.880530278,0.0,0.0,2.280926369,0.194005234,0.0,0.0,0.880530278,2.474931603
2025-08-27T15:00:00+02:00,28.6,69,0.0,17,16.5,772.0,631.0,141.0,WD_HOME,WD_HOME,False,EMPTY,EMPTY,False,,False,,2025-08-27T08:33:20.274750+02:00,2025-08-27T17:43:04.861783+02:00,WD_HOME,23.899114758,19.96777952,24.098449736,off,False,True,0.0,1.0,0.062018802,0.130897257,0.0,0.0,0.0,0.0,0.0,0.0,0.0,0.0,0.192916059,0.0,0.0,0.0,0.0,0.0,0.0,0.880530278,0.0,0.0,0.880530278,0.192916059,0.0,0.0,0.880530278,1.073446337
2025-08-27T16:00:00+02:00,29.3,68,0.0,19,16.1,702.0,566.0,136.0,WD_HOME,WD_HOME,False,EMPTY,EMPTY,False,,False,,2025-08-27T08:33:20.274750+02:00,2025-08-27T17:43:04.861783+02:00,WD_HOME,24.682595631,19.96777952,24.098449736,cool,False,True,0.0,1.0,0.06118305,0.130897257,0.0,0.0,0.0,0.0,0.0,0.0,0.0,0.0,0.192080307,0.0,1.40039609,1.40039609,0.0,0.0,0.0,0.880530278,0.0,0.0,2.280926369,0.192080307,0.0,0.0,0.880530278,2.473006676
2025-08-27T17:00:00+02:00,29.9,65,0.0,21,16.6,584.0,433.0,151.0,WD_HOME,WD_HOME,False,EMPTY,EMPTY,False,,False,,2025-08-27T08:33:20.274750+02:00,2025-08-27T17:43:04.861783+02:00,WD_HOME,24.452163026,19.96777952,24.098449736,cool,True,True,0.931510279,1.0,0.060657674,0.130897257,0.0,0.0,0.0,0.0,0.0,0.0,0.0,0.0,0.191554931,0.0,1.40039609,1.40039609,6.391093388,0.0,6.391093388,0.823739557,0.0,0.0,8.615229035,0.191554931,0.0,6.391093388,0.823739557,8.806783966
2025-08-27T18:00:00+02:00,29.5,65,0.0,37,18.9,437.0,300.0,137.0,WD_HOME,WD_HOME,False,EMPTY,FULL,False,,False,,2025-08-27T08:33:20.274750+02:00,2025-08-27T17:43:04.861783+02:00,WD_HOME,24.360135855,20.96777952,23.098449736,cool,True,True,1.0,1.0,0.060478478,0.130897257,0.0,0.0,0.0,0.0,0.0,0.0,0.0,0.0,0.191375735,0.0,1.40039609,1.40039609,7.4,0.0,7.4,0.0,0.0,0.0,8.80039609,0.191375735,0.0,7.4,0.0,8.991771825
2025-08-27T19:00:00+02:00,28.7,69,0.0,32,19.0,265.0,172.0,93.0,WD_HOME,WD_HOME,False,EMPTY,FULL,False,,False,,2025-08-27T08:33:20.274750+02:00,2025-08-27T17:43:04.861783+02:00,WD_HOME,24.216779879,20.96777952,23.098449736,cool,True,True,1.0,1.0,0.060657674,0.130897257,1.086949326,0.0,0.0,0.0,0.0,0.0,0.0,0.0,1.278504257,0.0,1.40039609,1.40039609,6.430888362,0.0,6.430888362,0.0,0.0,0.0,7.831284452,0.191554931,1.086949326,6.430888362,0.0,9.109788709
2025-08-27T20:00:00+02:00,27.2,76,0.0,26,17.1,92.0,43.0,49.0,WD_HOME,WD_HOME,False,EMPTY,FULL,False,,False,,2025-08-27T08:33:20.274750+02:00,2025-08-27T17:43:04.861783+02:00,WD_HOME,23.963983233,20.96777952,23.098449736,cool,True,True,1.0,1.0,0.06118305,0.130897257,1.471092214,0.104081243,0.0,0.0,0.0,0.03397085,0.0,0.0,1.801224614,0.0,1.40039609,1.40039609,0.0,0.0,0.0,0.0,0.0,0.0,1.40039609,0.192080307,1.609144307,0.0,0.0,3.201620704
2025-08-27T21:00:00+02:00,26.4,80,0.0,32,14.4,8.0,2.0,6.0,WD_HOME,WD_HOME,False,EMPTY,FULL,False,,False,,2025-08-27T08:33:20.274750+02:00,2025-08-27T17:43:04.861783+02:00,WD_HOME,23.503319361,20.96777952,23.098449736,cool,True,True,1.0,1.0,0.062018802,0.130897257,0.0,0.846426766,0.0,0.0,0.0,0.010683285,0.0,0.0,1.05002611,0.0,1.40039609,1.40039609,0.0,0.0,0.0,0.0,0.0,0.0,1.40039609,0.192916059,0.857110051,0.0,0.0,2.45042220
2025-08-27T22:00:00+02:00,25.9,83,0.0,36,13.9,0.0,0.0,0.0,WD_HOME,WD_HOME,False,EMPTY,FULL,False,,False,,2025-08-27T08:33:20.274750+02:00,2025-08-27T17:43:04.861783+02:00,WD_HOME,22.986099467,20.96777952,23.098449736,off,True,True,1.0,1.0,0.063107977,0.130897257,0.0,0.094132514,0.0,0.0,0.0,0.0,0.324982315,0.081245579,0.694365642,0.0,0.0,0.0,0.0,0.0,0.0,0.0,0.0,0.0,0.0,0.194005234,0.500360408,0.0,0.0,0.694365642
2025-08-27T23:00:00+02:00,25.3,85,0.0,31,14.6,0.0,0.0,0.0,WD_HOME,WD_HOME,False,EMPTY,FULL,False,,False,,2025-08-27T08:33:20.274750+02:00,2025-08-27T17:43:04.861783+02:00,WD_HOME,23.471749556,20.96777952,23.098449736,off,True,True,1.0,1.0,0.064376347,0.130897257,0.0,0.0,0.0,0.0,0.0,0.0,0.324982315,0.081245579,0.601501498,0.0,0.0,0.0,0.0,0.0,0.0,0.0,0.0,0.0,0.0,0.195273604,0.406227894,0.0,0.0,0.601501498
2025-08-28T00:00:00+02:00,24.8,86,0.0,32,16.2,0.0,0.0,0.0,WD_HOME,WD_HOME,False,FULL,FULL,False,,False,,,,WD_HOME,23.776457963,21.175120597,23.305790814,off,True,True,1.0,1.0,0.065737476,0.130897257,0.0,0.0,0.0,0.0,0.0,0.0,0.324982315,0.081245579,0.602862627,0.0,0.0,0.0,0.0,0.0,0.0,0.0,0.0,0.0,0.0,0.196634733,0.406227894,0.0,0.0,0.602862627
2025-08-28T01:00:00+02:00,24.3,87,0.0,72,11.7,0.0,0.0,0.0,WD_HOME,WD_HOME,False,FULL,FULL,False,,False,,,,WD_HOME,23.947048303,21.175120597,23.305790814,cool,True,True,1.0,1.0,0.067098604,0.130897257,0.0,0.0,0.0,0.0,0.0,0.0,0.324982315,0.081245579,0.604223755,0.0,1.40039609,1.40039609,0.0,0.0,0.0,0.0,0.0,0.0,1.40039609,0.197995861,0.406227894,0.0,0.0,2.004619845
2025-08-28T02:00:00+02:00,24.2,86,0.0,74,8.6,0.0,0.0,0.0,WD_HOME,WD_HOME,False,FULL,FULL,False,,False,,,,WD_HOME,23.005873586,21.175120597,23.305790814,off,True,True,1.0,1.0,0.068366975,0.130897257,0.0,0.0,0.0,0.0,0.0,0.0,0.324982315,0.081245579,0.605492126,0.0,0.0,0.0,0.0,0.0,0.0,0.0,0.0,0.0,0.0,0.199264232,0.406227894,0.0,0.0,0.605492126
2025-08-28T03:00:00+02:00,23.3,89,0.0,52,7.5,0.0,0.0,0.0,WD_HOME,WD_HOME,False,FULL,FULL,False,,False,,,,WD_HOME,23.204894655,21.175120597,23.305790814,off,True,True,1.0,1.0,0.069456149,0.130897257,0.0,0.0,0.0,0.0,0.0,0.0,0.324982315,0.081245579,0.6065813,0.0,0.0,0.0,0.0,0.0,0.0,0.0,0.0,0.0,0.0,0.200353406,0.406227894,0.0,0.0,0.6065813
2025-08-28T04:00:00+02:00,24.0,86,0.0,67,8.8,0.0,0.0,0.0,WD_HOME,WD_HOME,False,FULL,FULL,False,,False,,,,WD_HOME,23.220745546,21.175120597,23.305790814,off,True,True,1.0,1.0,0.070291902,0.130897257,0.0,0.0,0.0,0.0,0.0,0.0,0.324982315,0.081245579,0.607417053,0.0,0.0,0.0,0.0,0.0,0.0,0.0,0.0,0.0,0.0,0.201189159,0.406227894,0.0,0.0,0.607417053
2025-08-28T05:00:00+02:00,22.8,89,0.0,90,9.2,0.0,0.0,0.0,WD_HOME,WD_HOME,False,FULL,FULL,False,,False,,,,WD_HOME,23.350621288,21.175120597,23.305790814,off,True,True,1.0,1.0,0.070817278,0.130897257,0.0,0.0,0.0,0.0,0.0,0.0,0.324982315,0.081245579,0.607942429,0.0,0.0,0.0,0.0,0.0,0.0,0.0,0.0,0.0,0.0,0.201714535,0.406227894,0.0,0.0,0.607942429
2025-08-28T06:00:00+02:00,22.6,90,0.0,87,9.5,0.0,0.0,0.0,WD_HOME,WD_HOME,False,FULL,FULL,False,,False,,,,WD_HOME,23.258851073,21.175120597,23.305790814,off,True,True,1.0,1.0,0.070996474,0.130897257,0.0,0.0,0.0,0.0,0.0,0.0,0.324982315,0.081245579,0.608121625,0.0,0.0,0.0,0.0,0.0,0.0,0.0,0.0,0.0,0.0,0.201893731,0.406227894,0.0,0.0,0.608121625
2025-08-28T07:00:00+02:00,23.3,89,0.0,89,8.4,0.0,0.0,0.0,WD_HOME,WD_HOME,False,FULL,FULL,False,,False,,,,WD_HOME,23.149042561,21.175120597,23.305790814,off,True,True,1.0,1.0,0.070817278,0.130897257,0.0,0.0,0.0,0.0,0.0,0.0,0.324982315,0.081245579,0.607942429,0.0,0.0,0.0,0.0,0.0,0.0,0.0,0.0,0.0,0.0,0.201714535,0.406227894,0.0,0.0,0.607942429
2025-08-28T08:00:00+02:00,23.4,89,0.0,91,7.2,23.0,9.0,14.0,WD_HOME,WD_HOME,False,FULL,FULL,False,,False,,,,WD_HOME,23.174202134,21.175120597,23.305790814,off,True,True,1.0,1.0,0.070291902,0.130897257,0.0,0.0,0.0,0.0,0.0,0.0,0.0,0.0,0.201189159,0.0,0.0,0.0,0.0,0.0,0.0,0.349984351,0.0,0.0,0.349984351,0.201189159,0.0,0.0,0.349984351,0.551173510
2025-08-28T09:00:00+02:00,24.6,84,0.0,96,3.6,101.0,47.0,54.0,WD_HOME,WD_HOME,False,FULL,FULL,False,,False,,,,WD_HOME,23.211835112,21.175120597,23.305790814,off,True,True,1.0,1.0,0.069456149,0.130897257,0.0,0.0,0.0,0.0,0.0,0.0,0.0,0.0,0.200353406,0.0,0.0,0.0,0.0,0.0,0.0,0.880530278,0.0,0.0,0.880530278,0.200353406,0.0,0.0,0.880530278,1.080883684
2025-08-28T10:00:00+02:00,25.1,82,0.0,99,0.8,255.0,126.0,129.0,WD_HOME,WD_HOME,False,FULL,FULL,False,,False,,,,WD_HOME,23.443195927,21.175120597,23.305790814,off,True,True,1.0,1.0,0.068366975,0.130897257,0.0,0.0,0.282736299,0.0,0.0,0.0,0.0,0.0,0.482000531,0.0,0.0,0.0,0.0,0.0,0.0,0.880530278,0.0,0.0,0.880530278,0.199264232,0.282736299,0.0,0.880530278,1.362530809
2025-08-28T11:00:00+02:00,25.3,80,0.1,94,2.4,401.0,222.0,179.0,WD_HOME,WD_HOME,False,FULL,FULL,False,,False,,,,WD_HOME,23.719329939,21.175120597,23.305790814,off,True,True,1.0,1.0,0.067098604,0.130897257,0.0,0.0,0.712762561,0.0,0.035190006,0.0,0.0,0.0,0.945948428,0.0,0.0,0.0,0.0,0.0,0.0,0.880530278,0.0,0.0,0.880530278,0.197995861,0.747952567,0.0,0.880530278,1.826478706
2025-08-28T12:00:00+02:00,25.1,76,0.1,83,3.9,495.0,272.0,223.0,WD_HOME,WD_HOME,False,FULL,FULL,False,,False,,,,WD_HOME,23.982774949,21.175120597,23.305790814,cool,True,True,1.0,1.0,0.065737476,0.130897257,0.0,0.0,0.0,0.0,0.224168266,0.0,0.0,0.0,0.420802999,0.0,1.40039609,1.40039609,0.0,0.0,0.0,0.880530278,0.0,0.0,2.280926369,0.196634733,0.224168266,0.0,0.880530278,2.701729368
2025-08-28T13:00:00+02:00,22.3,88,4.5,95,12.9,324.0,80.0,244.0,WD_HOME,WD_HOME,False,FULL,FULL,False,,False,,,,WD_HOME,23.168979124,21.175120597,23.305790814,off,True,True,1.0,1.0,0.064376347,0.130897257,0.0,0.0,0.0,0.0,0.047111179,0.0,0.0,0.0,0.242384783,0.0,0.0,0.0,0.0,0.0,0.0,0.171978866,0.0,0.0,0.171978866,0.195273604,0.047111179,0.0,0.171978866,0.414363649
2025-08-28T14:00:00+02:00,22.7,87,2.3,80,8.4,319.0,49.0,270.0,WD_HOME,WD_HOME,False,FULL,FULL,False,,False,,,,WD_HOME,23.02414927,21.175120597,23.305790814,off,True,True,1.0,1.0,0.063107977,0.130897257,0.0,0.0,0.0,0.0,0.0,0.0,0.0,0.0,0.194005234,0.0,0.0,0.0,0.0,0.0,0.0,0.0,0.0,0.0,0.0,0.194005234,0.0,0.0,0.0,0.194005234
2025-08-28T15:00:00+02:00,23.7,80,0.3,63,7.9,213.0,0.0,213.0,WD_HOME,WD_HOME,False,FULL,FULL,False,,False,,,,WD_HOME,22.970124392,21.175120597,23.305790814,off,True,True,1.0,1.0,0.062018802,0.130897257,0.0,0.0,0.0,0.0,0.0,0.0,0.0,0.0,0.192916059,0.0,0.0,0.0,0.0,0.0,0.0,0.0,0.0,0.0,0.0,0.192916059,0.0,0.0,0.0,0.192916059
2025-08-28T16:00:00+02:00,24.0,77,0.9,79,7.8,417.0,179.0,238.0,WD_HOME,WD_HOME,False,FULL,FULL,False,,False,,,,WD_HOME,23.091770326,21.175120597,23.305790814,off,True,True,1.0,1.0,0.06118305,0.130897257,0.0,0.0,0.0,0.0,0.0,0.0,0.0,0.0,0.192080307,0.0,0.0,0.0,0.0,0.0,0.0,0.806692595,0.0,0.0,0.806692595,0.192080307,0.0,0.0,0.806692595,0.998772902
2025-08-28T17:00:00+02:00,22.7,84,0.8,91,2.5,279.0,167.0,112.0,WD_HOME,WD_HOME,False,FULL,FULL,False,,False,,,,WD_HOME,23.243141939,21.175120597,23.305790814,off,True,True,1.0,1.0,0.060657674,0.130897257,0.0,0.0,0.0,0.0,0.0,0.0,0.0,0.0,0.191554931,0.0,0.0,0.0,0.0,0.0,0.0,0.880530278,0.0,0.0,0.880530278,0.191554931,0.0,0.0,0.880530278,1.072085209
2025-08-28T18:00:00+02:00,21.8,87,1.2,91,2.9,272.0,151.0,121.0,WD_HOME,WD_HOME,False,FULL,FULL,False,,False,,,,WD_HOME,23.152618282,21.175120597,23.305790814,off,True,True,1.0,1.0,0.060478478,0.130897257,0.0,0.0,0.0,0.0,0.0,0.02646387,0.0,0.0,0.217839605,0.0,0.0,0.0,0.0,0.0,0.0,0.262270781,0.0,0.0,0.262270781,0.191375735,0.02646387,0.0,0.262270781,0.480110386
2025-08-28T19:00:00+02:00,22.2,83,0.0,93,3.2,173.0,91.0,82.0,WD_HOME,WD_HOME,False,FULL,FULL,False,,False,,,,WD_HOME,22.927181902,21.175120597,23.305790814,off,True,True,1.0,1.0,0.060657674,0.130897257,0.0,0.0,0.0,0.0,0.091077347,0.010680771,0.0,0.0,0.293313049,0.0,0.0,0.0,0.0,0.0,0.0,0.0,0.0,0.0,0.0,0.191554931,0.101758118,0.0,0.0,0.293313049
2025-08-28T20:00:00+02:00,22.4,84,0.0,73,5.1,72.0,33.0,39.0,WD_HOME,WD_HOME,False,FULL,FULL,False,,False,,,,WD_HOME,22.805984918,21.175120597,23.305790814,off,True,True,1.0,1.0,0.06118305,0.130897257,1.419460875,0.0,0.0,0.0,0.191548588,0.0,0.0,0.0,1.80308977,0.0,0.0,0.0,0.0,0.0,0.0,0.0,0.0,0.0,0.0,0.192080307,1.611009463,0.0,0.0,1.80308977
2025-08-28T21:00:00+02:00,22.0,87,0.2,66,6.1,5.0,1.0,4.0,WD_HOME,WD_HOME,False,FULL,FULL,False,,False,,,,WD_HOME,22.738320765,21.175120597,23.305790814,off,True,True,1.0,1.0,0.062018802,0.130897257,0.297418772,0.0,0.0,0.0,0.191548588,0.0,0.0,0.0,0.681883419,0.0,0.0,0.0,0.0,0.0,0.0,0.0,0.0,0.0,0.0,0.192916059,0.488967360,0.0,0.0,0.681883419
2025-08-28T22:00:00+02:00,21.4,89,0.1,79,5.6,0.0,0.0,0.0,WD_HOME,WD_HOME,False,FULL,FULL,False,,False,,,,WD_HOME,22.615267304,21.175120597,23.305790814,off,True,True,1.0,1.0,0.063107977,0.130897257,0.0,0.0,0.0,0.0,0.099115154,0.0,0.324982315,0.081245579,0.699348282,0.0,0.0,0.0,0.0,0.0,0.0,0.0,0.0,0.0,0.0,0.194005234,0.505343048,0.0,0.0,0.699348282
2025-08-28T23:00:00+02:00,21.7,85,0.1,48,2.3,0.0,0.0,0.0,WD_HOME,WD_HOME,False,FULL,FULL,False,,False,,,,WD_HOME,22.412722754,21.175120597,23.305790814,off,True,True,1.0,1.0,0.064376347,0.130897257,0.0,0.0,0.0,0.0,0.0,0.0,0.324982315,0.081245579,0.601501498,0.0,0.0,0.0,0.0,0.0,0.0,0.0,0.0,0.0,0.0,0.195273604,0.406227894,0.0,0.0,0.601501498
2025-08-29T00:00:00+02:00,20.9,89,0.0,58,1.0,0.0,0.0,0.0,WD_HOME,WD_HOME,False,EMPTY,FULL,False,,False,,2025-08-29T08:55:03.838975+02:00,2025-08-29T18:54:09.421283+02:00,WD_HOME,22.293935628,21.750715148,23.881385365,off,True,True,1.0,1.0,0.065737476,0.130897257,0.0,0.0,0.0,0.0,0.0,0.0,0.324982315,0.081245579,0.602862627,0.0,0.0,0.0,0.0,0.0,0.0,0.0,0.0,0.0,0.0,0.196634733,0.406227894,0.0,0.0,0.602862627
2025-08-29T01:00:00+02:00,21.4,86,0.0,63,4.3,0.0,0.0,0.0,WD_HOME,WD_HOME,False,EMPTY,FULL,False,,False,,2025-08-29T08:55:03.838975+02:00,2025-08-29T18:54:09.421283+02:00,WD_HOME,22.061613023,21.750715148,23.881385365,off,True,True,1.0,1.0,0.067098604,0.130897257,0.0,0.0,0.0,0.0,0.0,0.0,0.324982315,0.081245579,0.604223755,0.0,0.0,0.0,0.0,0.0,0.0,0.0,0.0,0.0,0.0,0.197995861,0.406227894,0.0,0.0,0.604223755
2025-08-29T02:00:00+02:00,21.2,86,0.4,55,8.1,0.0,0.0,0.0,WD_HOME,WD_HOME,False,EMPTY,FULL,False,,False,,2025-08-29T08:55:03.838975+02:00,2025-08-29T18:54:09.421283+02:00,WD_HOME,21.951344186,21.750715148,23.881385365,off,True,True,1.0,1.0,0.068366975,0.130897257,0.0,0.0,0.0,0.0,0.0,0.0,0.324982315,0.081245579,0.605492126,0.0,0.0,0.0,0.0,0.0,0.0,0.0,0.0,0.0,0.0,0.199264232,0.406227894,0.0,0.0,0.605492126
2025-08-29T03:00:00+02:00,20.5,91,1.2,84,12.1,0.0,0.0,0.0,WD_HOME,WD_HOME,False,EMPTY,FULL,False,,False,,2025-08-29T08:55:03.838975+02:00,2025-08-29T18:54:09.421283+02:00,WD_HOME,21.826120155,21.750715148,23.881385365,off,True,True,1.0,1.0,0.069456149,0.130897257,0.0,0.0,0.0,0.0,0.0,0.0,0.324982315,0.081245579,0.6065813,0.0,0.0,0.0,0.0,0.0,0.0,0.0,0.0,0.0,0.0,0.200353406,0.406227894,0.0,0.0,0.6065813
2025-08-29T04:00:00+02:00,19.7,91,2.1,51,13.6,0.0,0.0,0.0,WD_HOME,WD_HOME,False,EMPTY,FULL,False,,False,,2025-08-29T08:55:03.838975+02:00,2025-08-29T18:54:09.421283+02:00,WD_HOME,21.605100129,21.750715148,23.881385365,off,True,True,1.0,1.0,0.070291902,0.130897257,0.0,0.0,0.0,0.0,0.0,0.0,0.324982315,0.081245579,0.607417053,0.0,0.0,0.0,0.0,0.0,0.0,0.0,0.0,0.0,0.0,0.201189159,0.406227894,0.0,0.0,0.607417053
2025-08-29T05:00:00+02:00,19.4,91,1.4,54,11.9,0.0,0.0,0.0,WD_HOME,WD_HOME,False,EMPTY,FULL,False,,False,,2025-08-29T08:55:03.838975+02:00,2025-08-29T18:54:09.421283+02:00,WD_HOME,21.287583441,21.750715148,23.881385365,off,True,True,1.0,1.0,0.070817278,0.130897257,0.0,0.0,0.0,0.0,0.0,0.0,0.324982315,0.081245579,0.607942429,0.0,0.0,0.0,0.0,0.0,0.0,0.0,0.0,0.0,0.0,0.201714535,0.406227894,0.0,0.0,0.607942429
2025-08-29T06:00:00+02:00,19.8,90,0.7,51,8.8,0.0,0.0,0.0,WD_HOME,WD_HOME,False,EMPTY,FULL,False,,False,,2025-08-29T08:55:03.838975+02:00,2025-08-29T18:54:09.421283+02:00,WD_HOME,20.972986201,21.750715148,23.881385365,heat,True,True,1.0,1.0,0.070996474,0.130897257,0.0,0.0,0.0,0.0,0.0,0.0,0.324982315,0.081245579,0.608121625,1.727328253,0.0,1.727328253,0.0,0.0,0.0,0.0,0.0,0.0,1.727328253,0.201893731,0.406227894,0.0,0.0,2.335449878
2025-08-29T07:00:00+02:00,19.7,91,0.5,43,5.7,0.0,0.0,0.0,WD_HOME,WD_HOME,False,EMPTY,FULL,False,,False,,2025-08-29T08:55:03.838975+02:00,2025-08-29T18:54:09.421283+02:00,WD_HOME,21.777488501,21.750715148,23.881385365,off,True,True,1.0,1.0,0.070817278,0.130897257,0.0,0.0,0.0,0.0,0.0,0.0,0.324982315,0.081245579,0.607942429,0.0,0.0,0.0,0.0,0.0,0.0,0.001838976,0.0,0.0,0.001838976,0.201714535,0.406227894,0.0,0.001838976,0.609781405
2025-08-29T08:00:00+02:00,19.7,95,0.3,48,3.9,16.0,5.0,11.0,WD_HOME,WD_HOME,False,EMPTY,FULL,False,,False,,2025-08-29T08:55:03.838975+02:00,2025-08-29T18:54:09.421283+02:00,WD_HOME,21.431240417,21.750715148,23.881385365,off,True,True,1.0,1.0,0.070291902,0.130897257,1.286747795,0.0,0.0,0.0,0.0,0.0,0.0,0.0,1.487936954,0.0,0.0,0.0,0.0,0.0,0.0,0.880530278,0.0,0.0,0.880530278,0.201189159,1.286747795,0.0,0.880530278,2.368467232
2025-08-29T09:00:00+02:00,20.5,94,0.3,83,4.0,106.0,48.0,58.0,WD_HOME,WD_HOME,False,EMPTY,EMPTY,False,,False,,2025-08-29T08:55:03.838975+02:00,2025-08-29T18:54:09.421283+02:00,WD_HOME,21.142700348,20.750715148,24.881385365,off,True,True,1.0,1.0,0.069456149,0.130897257,0.0,0.0,0.0,0.0,0.0,0.0,0.0,0.0,0.200353406,0.0,0.0,0.0,0.0,0.0,0.0,0.880530278,0.0,0.0,0.880530278,0.200353406,0.0,0.0,0.880530278,1.080883684
2025-08-29T10:00:00+02:00,22.0,87,0.2,81,4.3,247.0,128.0,119.0,WD_HOME,WD_HOME,False,EMPTY,EMPTY,False,,False,,2025-08-29T08:55:03.838975+02:00,2025-08-29T18:54:09.421283+02:00,WD_HOME,21.035583623,20.750715148,24.881385365,off,True,True,1.0,1.0,0.068366975,0.130897257,0.0,0.0,0.0,0.0,0.0,0.0,0.0,0.0,0.199264232,0.0,0.0,0.0,0.0,0.0,0.0,0.880530278,0.0,0.0,0.880530278,0.199264232,0.0,0.0,0.880530278,1.079794510
2025-08-29T11:00:00+02:00,23.4,74,0.0,81,6.4,386.0,216.0,170.0,WD_HOME,WD_HOME,False,EMPTY,EMPTY,False,,False,,2025-08-29T08:55:03.838975+02:00,2025-08-29T18:54:09.421283+02:00,WD_HOME,21.196319686,20.750715148,24.881385365,off,True,True,1.0,1.0,0.067098604,0.130897257,0.0,0.0,0.0,0.0,0.0,0.0,0.0,0.0,0.197995861,0.0,0.0,0.0,0.0,0.0,0.0,0.880530278,0.0,0.0,0.880530278,0.197995861,0.0,0.0,0.880530278,1.078526139
2025-08-29T12:00:00+02:00,24.3,60,0.0,21,8.6,501.0,309.0,192.0,WD_HOME,WD_HOME,False,EMPTY,EMPTY,False,,False,,2025-08-29T08:55:03.838975+02:00,2025-08-29T18:54:09.421283+02:00,WD_HOME,21.563599738,20.750715148,24.881385365,off,True,True,1.0,1.0,0.065737476,0.130897257,0.0,0.0,0.0,0.0,0.0,0.0,0.0,0.0,0.196634733,0.0,0.0,0.0,0.0,0.0,0.0,0.880530278,0.0,0.0,0.880530278,0.196634733,0.0,0.0,0.880530278,1.077165011
2025-08-29T13:00:00+02:00,25.2,53,0.0,35,13.4,680.0,521.0,159.0,WD_HOME,WD_HOME,False,EMPTY,EMPTY,False,,False,,2025-08-29T08:55:03.838975+02:00,2025-08-29T18:54:09.421283+02:00,WD_HOME,22.019666449,20.750715148,24.881385365,off,True,True,1.0,1.0,0.064376347,0.130897257,0.0,0.0,0.0,0.0,0.0,0.0,0.0,0.0,0.195273604,0.0,0.0,0.0,0.0,0.0,0.0,0.245239621,0.0,0.0,0.245239621,0.195273604,0.0,0.0,0.245239621,0.440513225
2025-08-29T14:00:00+02:00,26.1,49,0.0,81,18.8,770.0,647.0,123.0,WD_HOME,WD_HOME,False,EMPTY,EMPTY,False,,False,,2025-08-29T08:55:03.838975+02:00,2025-08-29T18:54:09.421283+02:00,WD_HOME,22.54972204,20.750715148,24.881385365,off,True,True,1.0,1.0,0.063107977,0.130897257,0.0,0.0,0.0,0.0,0.0,0.0,0.0,0.0,0.194005234,0.0,0.0,0.0,0.0,0.0,0.0,0.0,0.0,0.0,0.0,0.194005234,0.0,0.0,0.0,0.194005234
2025-08-29T15:00:00+02:00,27.2,45,0.0,23,20.7,830.0,698.0,132.0,WD_HOME,WD_HOME,False,EMPTY,EMPTY,False,,False,,2025-08-29T08:55:03.838975+02:00,2025-08-29T18:54:09.421283+02:00,WD_HOME,23.141435034,20.750715148,24.881385365,off,True,True,1.0,1.0,0.062018802,0.130897257,0.0,0.0,0.0,0.0,0.0,0.0,0.0,0.0,0.192916059,0.0,0.0,0.0,0.0,0.0,0.0,0.60814655,0.0,0.0,0.60814655,0.192916059,0.0,0.0,0.60814655,0.801062609
2025-08-29T16:00:00+02:00,27.7,43,0.0,18,20.5,760.0,620.0,140.0,WD_HOME,WD_HOME,False,EMPTY,EMPTY,False,,False,,2025-08-29T08:55:03.838975+02:00,2025-08-29T18:54:09.421283+02:00,WD_HOME,23.817862528,20.750715148,24.881385365,off,True,True,1.0,1.0,0.06118305,0.130897257,0.0,0.0,0.0,0.0,0.0,0.0,0.0,0.0,0.192080307,0.0,0.0,0.0,0.0,0.0,0.0,0.880530278,0.0,0.0,0.880530278,0.192080307,0.0,0.0,0.880530278,1.072610585
2025-08-29T17:00:00+02:00,27.6,43,0.0,59,21.1,647.0,533.0,114.0,WD_HOME,WD_HOME,False,EMPTY,EMPTY,False,,False,,2025-08-29T08:55:03.838975+02:00,2025-08-29T18:54:09.421283+02:00,WD_HOME,24.46488544,20.750715148,24.881385365,off,True,True,1.0,1.0,0.060657674,0.130897257,0.0,0.0,0.0,0.0,0.0,0.0,0.0,0.0,0.191554931,0.0,0.0,0.0,0.0,0.0,0.0,0.880530278,0.0,0.0,0.880530278,0.191554931,0.0,0.0,0.880530278,1.072085209
2025-08-29T18:00:00+02:00,26.8,48,0.0,49,18.5,413.0,281.0,132.0,WD_HOME,WD_HOME,False,EMPTY,EMPTY,False,,False,,2025-08-29T08:55:03.838975+02:00,2025-08-29T18:54:09.421283+02:00,WD_HOME,24.987404533,20.750715148,24.881385365,off,True,True,1.0,1.0,0.060478478,0.130897257,0.0,0.0,0.0,0.0,0.0,0.0,0.0,0.0,0.191375735,0.0,0.0,0.0,0.0,0.0,0.0,0.716617178,0.0,0.0,0.716617178,0.191375735,0.0,0.0,0.716617178,0.907992913
2025-08-29T19:00:00+02:00,26.6,52,0.0,49,11.0,221.0,141.0,80.0,WD_HOME,WD_HOME,False,EMPTY,FULL,False,,False,,2025-08-29T08:55:03.838975+02:00,2025-08-29T18:54:09.421283+02:00,WD_HOME,25.289503778,21.750715148,23.881385365,cool,True,True,1.0,1.0,0.060657674,0.130897257,0.293257356,0.0,0.0,0.0,0.288814394,0.0,0.0,0.0,0.773626681,0.0,1.40039609,1.40039609,0.0,0.0,0.0,0.0,0.0,0.0,1.40039609,0.191554931,0.582071750,0.0,0.0,2.174022771
2025-08-29T20:00:00+02:00,25.3,67,0.0,36,6.9,99.0,54.0,45.0,WD_HOME,WD_HOME,False,EMPTY,FULL,False,,False,,2025-08-29T08:55:03.838975+02:00,2025-08-29T18:54:09.421283+02:00,WD_HOME,24.507919815,21.750715148,23.881385365,cool,True,True,1.0,1.0,0.06118305,0.130897257,1.458502954,0.0,0.0,0.0,0.330264084,0.013877432,0.0,0.0,1.994724777,0.0,1.40039609,1.40039609,0.0,0.0,0.0,0.0,0.0,0.0,1.40039609,0.192080307,1.802644470,0.0,0.0,3.395120867
2025-08-29T21:00:00+02:00,24.1,69,0.0,24,9.6,5.0,1.0,4.0,WD_HOME,WD_HOME,False,EMPTY,FULL,False,,False,,2025-08-29T08:55:03.838975+02:00,2025-08-29T18:54:09.421283+02:00,WD_HOME,23.639933179,21.750715148,23.881385365,off,True,True,1.0,1.0,0.062018802,0.130897257,0.0,0.369546836,0.0,0.0,0.0,0.0,0.0,0.0,0.562462895,0.0,0.0,0.0,0.0,0.0,0.0,0.0,0.0,0.0,0.0,0.192916059,0.369546836,0.0,0.0,0.562462895
2025-08-29T22:00:00+02:00,22.8,81,0.0,5,10.7,0.0,0.0,0.0,WD_HOME,WD_HOME,False,EMPTY,FULL,False,,False,,2025-08-29T08:55:03.838975+02:00,2025-08-29T18:54:09.421283+02:00,WD_HOME,23.716610983,21.750715148,23.881385365,off,True,True,1.0,1.0,0.063107977,0.130897257,0.0,0.591035045,0.0,0.0,0.0,0.015096444,0.324982315,0.081245579,1.206364617,0.0,0.0,0.0,0.0,0.0,0.0,0.0,0.0,0.0,0.0,0.194005234,1.012359383,0.0,0.0,1.206364617
2025-08-29T23:00:00+02:00,22.0,84,0.0,4,11.8,0.0,0.0,0.0,WD_HOME,WD_HOME,False,EMPTY,FULL,False,,False,,2025-08-29T08:55:03.838975+02:00,2025-08-29T18:54:09.421283+02:00,WD_HOME,23.563842485,21.750715148,23.881385365,off,True,True,1.0,1.0,0.064376347,0.130897257,0.0,0.114732203,0.0,0.0,0.0,0.017480836,0.324982315,0.081245579,0.733714537,0.0,0.0,0.0,0.0,0.0,0.0,0.0,0.0,0.0,0.0,0.195273604,0.538440933,0.0,0.0,0.733714537
2025-08-30T00:00:00+02:00,21.5,81,0.0,3,12.7,0.0,0.0,0.0,WE_HOME,WE_HOME,True,FULL,FULL,False,,False,,,,WE_HOME,23.303202071,21.51303398,23.643704196,off,True,True,1.0,1.0,0.065737476,0.130897257,0.0,0.0,0.0,0.0,0.0,0.0,0.324982315,0.081245579,0.602862627,0.0,0.0,0.0,0.0,0.0,0.0,0.0,0.0,0.0,0.0,0.196634733,0.406227894,0.0,0.0,0.602862627
2025-08-30T01:00:00+02:00,21.0,83,0.0,29,8.3,0.0,0.0,0.0,WE_HOME,WE_HOME,True,FULL,FULL,False,,False,,,,WE_HOME,23.002668393,21.51303398,23.643704196,off,True,True,1.0,1.0,0.067098604,0.130897257,0.0,0.0,0.0,0.0,0.0,0.0,0.324982315,0.081245579,0.604223755,0.0,0.0,0.0,0.0,0.0,0.0,0.0,0.0,0.0,0.0,0.197995861,0.406227894,0.0,0.0,0.604223755
2025-08-30T02:00:00+02:00,20.7,85,0.0,54,6.0,0.0,0.0,0.0,WE_HOME,WE_HOME,True,FULL,FULL,False,,False,,,,WE_HOME,22.668890327,21.51303398,23.643704196,off,True,True,1.0,1.0,0.068366975,0.130897257,0.0,0.0,0.0,0.0,0.0,0.0,0.324982315,0.081245579,0.605492126,0.0,0.0,0.0,0.0,0.0,0.0,0.0,0.0,0.0,0.0,0.199264232,0.406227894,0.0,0.0,0.605492126
2025-08-30T03:00:00+02:00,20.2,86,0.0,56,5.3,0.0,0.0,0.0,WE_HOME,WE_HOME,True,FULL,FULL,False,,False,,,,WE_HOME,22.340741939,21.51303398,23.643704196,off,True,True,1.0,1.0,0.069456149,0.130897257,0.0,0.0,0.0,0.0,0.0,0.0,0.324982315,0.081245579,0.6065813,0.0,0.0,0.0,0.0,0.0,0.0,0.0,0.0,0.0,0.0,0.200353406,0.406227894,0.0,0.0,0.6065813
2025-08-30T04:00:00+02:00,20.7,84,0.0,49,2.3,0.0,0.0,0.0,WE_HOME,WE_HOME,True,FULL,FULL,False,,False,,,,WE_HOME,21.983951616,21.51303398,23.643704196,off,True,True,1.0,1.0,0.070291902,0.130897257,0.0,0.0,0.0,0.0,0.0,0.0,0.324982315,0.081245579,0.607417053,0.0,0.0,0.0,0.0,0.0,0.0,0.0,0.0,0.0,0.0,0.201189159,0.406227894,0.0,0.0,0.607417053
2025-08-30T05:00:00+02:00,19.8,87,0.0,34,4.1,0.0,0.0,0.0,WE_HOME,WE_HOME,True,FULL,FULL,False,,False,,,,WE_HOME,21.76995968,21.51303398,23.643704196,off,True,True,1.0,1.0,0.070817278,0.130897257,0.0,0.0,0.0,0.0,0.0,0.0,0.324982315,0.081245579,0.607942429,0.0,0.0,0.0,0.0,0.0,0.0,0.0,0.0,0.0,0.0,0.201714535,0.406227894,0.0,0.0,0.607942429
2025-08-30T06:00:00+02:00,19.4,89,0.0,25,4.0,0.0,0.0,0.0,WE_HOME,WE_HOME,True,FULL,FULL,False,,False,,,,WE_HOME,21.441633067,21.51303398,23.643704196,off,True,True,1.0,1.0,0.070996474,0.130897257,0.0,0.0,0.0,0.0,0.0,0.0,0.324982315,0.081245579,0.608121625,0.0,0.0,0.0,0.0,0.0,0.0,0.0,0.0,0.0,0.0,0.201893731,0.406227894,0.0,0.0,0.608121625
2025-08-30T07:00:00+02:00,18.9,90,0.0,7,3.9,0.0,0.0,0.0,WE_HOME,WE_HOME,True,FULL,FULL,False,,False,,,,WE_HOME,21.101360889,21.51303398,23.643704196,off,True,True,1.0,1.0,0.070817278,0.130897257,0.0,0.0,0.0,0.0,0.0,0.0,0.324982315,0.081245579,0.607942429,0.0,0.0,0.0,0.0,0.0,0.0,0.0,0.0,0.0,0.0,0.201714535,0.406227894,0.0,0.0,0.607942429
2025-08-30T08:00:00+02:00,19.7,90,0.0,3,4.1,22.0,9.0,13.0,WE_HOME,WE_HOME,True,FULL,FULL,False,,False,,,,WE_HOME,20.734467407,21.51303398,23.643704196,heat,True,True,1.0,1.0,0.070291902,0.130897257,0.0,0.0,0.0,0.0,0.0,0.0,0.0,0.0,0.201189159,1.727328253,0.0,1.727328253,0.0,0.0,0.0,0.62835004,0.0,0.0,2.355678293,0.201189159,0.0,0.0,0.62835004,2.556867452
2025-08-30T09:00:00+02:00,21.3,85,0.0,2,3.4,160.0,105.0,55.0,WE_HOME,WE_HOME,True,FULL,FULL,False,,False,,,,WE_HOME,21.562056173,21.51303398,23.643704196,off,True,True,1.0,1.0,0.069456149,0.130897257,0.0,0.0,0.0,0.0,0.0,0.0,0.0,0.0,0.200353406,0.0,0.0,0.0,0.0,0.0,0.0,0.880530278,0.0,0.0,0.880530278,0.200353406,0.0,0.0,0.880530278,1.080883684
2025-08-30T10:00:00+02:00,23.7,67,0.0,1,3.4,346.0,267.0,79.0,WE_HOME,WE_HOME,True,FULL,FULL,False,,False,,,,WE_HOME,21.518380144,21.51303398,23.643704196,off,True,True,1.0,1.0,0.068366975,0.130897257,0.0,0.0,0.0,0.0,0.0,0.0,0.0,0.0,0.199264232,0.0,0.0,0.0,0.0,0.0,0.0,0.880530278,0.0,0.0,0.880530278,0.199264232,0.0,0.0,0.880530278,1.079794510
2025-08-30T11:00:00+02:00,24.6,62,0.0,2,2.9,510.0,414.0,96.0,WE_HOME,WE_HOME,True,FULL,FULL,False,,False,,,,WE_HOME,21.881983453,21.51303398,23.643704196,off,True,True,0.953894435,1.0,0.067098604,0.130897257,0.0,0.0,0.0,0.0,0.0,0.0,0.0,0.0,0.197995861,0.0,0.0,0.0,0.0,0.0,0.0,0.880530278,0.0,0.0,0.880530278,0.197995861,0.0,0.0,0.880530278,1.078526139
2025-08-30T12:00:00+02:00,25.2,63,0.0,4,4.6,659.0,555.0,104.0,WE_HOME,WE_HOME,True,FULL,FULL,False,,False,,,,WE_HOME,22.334986211,21.51303398,23.643704196,off,False,True,0.0,1.0,0.065737476,0.130897257,0.0,0.0,0.0,0.0,0.0,0.0,0.0,0.0,0.196634733,0.0,0.0,0.0,0.0,0.0,0.0,0.880530278,0.0,0.0,0.880530278,0.196634733,0.0,0.0,0.880530278,1.077165011
2025-08-30T13:00:00+02:00,26.0,61,0.0,21,3.8,735.0,595.0,140.0,WE_HOME,WE_HOME,True,FULL,FULL,False,,False,,,,WE_HOME,22.812488509,21.51303398,23.643704196,off,False,True,0.0,0.543491476,0.064376347,0.130897257,0.0,0.0,0.0,0.0,0.0,0.0,0.0,0.0,0.195273604,0.0,0.0,0.0,0.0,0.0,0.0,0.153240247,0.0,0.0,0.153240247,0.195273604,0.0,0.0,0.153240247,0.348513851
2025-08-30T14:00:00+02:00,26.1,61,0.0,50,6.1,720.0,538.0,182.0,WE_HOME,WE_HOME,True,FULL,FULL,False,,False,,,,WE_HOME,23.343740424,21.51303398,23.643704196,off,False,False,0.0,0.0,0.063107977,0.130897257,0.0,0.0,0.0,0.0,0.0,0.0,0.0,0.0,0.194005234,0.0,0.0,0.0,0.0,0.0,0.0,0.0,0.0,0.0,0.0,0.194005234,0.0,0.0,0.0,0.194005234
2025-08-30T15:00:00+02:00,26.5,62,0.0,67,12.1,632.0,417.0,215.0,WE_HOME,WE_HOME,True,FULL,FULL,False,,False,,,,WE_HOME,23.80311702,21.51303398,23.643704196,off,False,True,0.0,0.212500443,0.062018802,0.130897257,0.0,0.0,0.0,0.0,0.0,0.0,0.0,0.0,0.192916059,0.0,0.0,0.0,0.0,0.0,0.0,0.080838695,0.0,0.0,0.080838695,0.192916059,0.0,0.0,0.080838695,0.273754754
2025-08-30T16:00:00+02:00,26.0,67,0.0,48,15.2,626.0,439.0,187.0,WE_HOME,WE_HOME,True,FULL,FULL,False,,False,,,,WE_HOME,24.252597517,21.51303398,23.643704196,cool,False,True,0.0,1.0,0.06118305,0.130897257,0.0,0.0,0.0,0.0,0.0,0.0,0.0,0.0,0.192080307,0.0,1.40039609,1.40039609,0.0,7.206565026,7.206565026,0.880530278,0.0,0.0,9.487491394,0.192080307,0.0,7.206565026,0.880530278,9.679571701
2025-08-30T17:00:00+02:00,25.5,71,0.0,19,18.4,526.0,360.0,166.0,WE_HOME,WE_HOME,True,FULL,FULL,False,,False,,,,WE_HOME,23.543831264,21.51303398,23.643704196,off,False,True,0.0,1.0,0.060657674,0.130897257,0.0,0.0,0.0,0.0,0.0,0.0,0.0,0.0,0.191554931,0.0,0.0,0.0,0.0,5.768756989,5.768756989,0.880530278,0.0,0.0,6.649287267,0.191554931,0.0,5.768756989,0.880530278,6.840842198
2025-08-30T18:00:00+02:00,24.7,75,0.0,5,17.3,370.0,219.0,151.0,WE_HOME,WE_HOME,True,FULL,FULL,False,,False,,,,WE_HOME,23.869859387,21.51303398,23.643704196,off,True,True,0.876496135,1.0,0.060478478,0.130897257,0.355917333,0.0,0.0,0.0,0.0,0.009689486,0.0,0.0,0.556982554,0.0,0.0,0.0,0.0,0.0,0.0,0.880530278,0.0,0.0,0.880530278,0.191375735,0.365606819,0.0,0.880530278,1.437512832
2025-08-30T19:00:00+02:00,24.3,76,0.0,4,14.3,248.0,151.0,97.0,WE_HOME,WE_HOME,True,FULL,FULL,False,,False,,,,WE_HOME,24.008216156,21.51303398,23.643704196,off,True,True,1.0,1.0,0.060657674,0.130897257,2.009027414,0.0,0.0,0.0,0.0,0.0,0.0,0.0,2.200582345,0.0,0.0,0.0,0.0,0.0,0.0,0.880530278,0.0,0.0,0.880530278,0.191554931,2.009027414,0.0,0.880530278,3.081112623
2025-08-30T20:00:00+02:00,23.9,76,0.0,7,11.3,101.0,55.0,46.0,WE_HOME,WE_HOME,True,FULL,FULL,False,,False,,,,WE_HOME,24.056846796,21.51303398,23.643704196,off,True,True,1.0,1.0,0.06118305,0.130897257,0.605729085,0.09157024,0.0,0.0,0.316130065,0.0,0.0,0.0,1.205509697,0.0,0.0,0.0,0.0,0.0,0.0,0.316792675,0.0,0.0,0.316792675,0.192080307,1.013429390,0.0,0.316792675,1.522302372
2025-08-30T21:00:00+02:00,22.7,83,0.0,11,9.2,5.0,1.0,4.0,WE_HOME,WE_HOME,True,FULL,FULL,False,,False,,,,WE_HOME,24.030705664,21.51303398,23.643704196,off,True,True,1.0,1.0,0.062018802,0.130897257,0.0,0.868549568,0.0,0.0,0.415716855,0.0,0.0,0.0,1.477182482,0.0,0.0,0.0,0.0,0.0,0.0,0.0,0.0,1.505121642,1.505121642,0.192916059,1.284266423,0.0,0.0,2.982304124
2025-08-30T22:00:00+02:00,22.5,83,0.0,4,7.5,0.0,0.0,0.0,WE_HOME,WE_HOME,True,FULL,FULL,False,,False,,,,WE_HOME,23.808921386,21.51303398,23.643704196,off,True,True,1.0,1.0,0.063107977,0.130897257,0.0,0.111837839,0.0,0.0,0.41398744,0.007150402,0.324982315,0.081245579,1.133208809,0.0,0.0,0.0,0.0,0.0,0.0,0.0,0.0,6.590696173,6.590696173,0.194005234,0.939203575,0.0,0.0,7.723904982
2025-08-30T23:00:00+02:00,22.2,83,0.0,5,6.8,0.0,0.0,0.0,WE_HOME,WE_HOME,True,FULL,FULL,False,,False,,,,WE_HOME,23.590767822,21.51303398,23.643704196,off,True,True,1.0,1.0,0.064376347,0.130897257,0.0,0.0,0.0,0.0,0.0,0.0,0.324982315,0.081245579,0.601501498,0.0,0.0,0.0,0.0,0.0,0.0,0.0,0.0,3.193964509,3.193964509,0.195273604,0.406227894,0.0,0.0,3.795466007
2025-08-31T00:00:00+02:00,22.6,82,0.0,31,7.4,0.0,0.0,0.0,WE_HOME,WE_HOME,True,EMPTY,FULL,False,,False,,2025-08-31T11:06:57.062761+02:00,2025-08-31T18:03:49.591165+02:00,WE_HOME,23.358973185,21.752338097,23.883008313,off,True,True,1.0,1.0,0.065737476,0.130897257,0.0,0.0,0.0,0.0,0.0,0.0,0.324982315,0.081245579,0.602862627,0.0,0.0,0.0,0.0,0.0,0.0,0.0,0.0,0.0,0.0,0.196634733,0.406227894,0.0,0.0,0.602862627
2025-08-31T01:00:00+02:00,22.7,81,0.0,18,6.5,0.0,0.0,0.0,WE_HOME,WE_HOME,True,EMPTY,FULL,False,,False,,2025-08-31T11:06:57.062761+02:00,2025-08-31T18:03:49.591165+02:00,WE_HOME,23.232477654,21.752338097,23.883008313,off,True,True,1.0,1.0,0.067098604,0.130897257,0.0,0.0,0.0,0.0,0.0,0.0,0.324982315,0.081245579,0.604223755,0.0,0.0,0.0,0.0,0.0,0.0,0.0,0.0,0.0,0.0,0.197995861,0.406227894,0.0,0.0,0.604223755
2025-08-31T02:00:00+02:00,22.6,81,0.0,22,5.4,0.0,0.0,0.0,WE_HOME,WE_HOME,True,EMPTY,FULL,False,,False,,2025-08-31T11:06:57.062761+02:00,2025-08-31T18:03:49.591165+02:00,WE_HOME,23.143731378,21.752338097,23.883008313,off,True,True,1.0,1.0,0.068366975,0.130897257,0.0,0.0,0.0,0.0,0.0,0.0,0.324982315,0.081245579,0.605492126,0.0,0.0,0.0,0.0,0.0,0.0,0.0,0.0,0.0,0.0,0.199264232,0.406227894,0.0,0.0,0.605492126
2025-08-31T03:00:00+02:00,22.2,83,0.0,26,3.3,0.0,0.0,0.0,WE_HOME,WE_HOME,True,EMPTY,FULL,False,,False,,2025-08-31T11:06:57.062761+02:00,2025-08-31T18:03:49.591165+02:00,WE_HOME,23.053109482,21.752338097,23.883008313,off,True,True,1.0,1.0,0.069456149,0.130897257,0.0,0.0,0.0,0.0,0.0,0.0,0.324982315,0.081245579,0.6065813,0.0,0.0,0.0,0.0,0.0,0.0,0.0,0.0,0.0,0.0,0.200353406,0.406227894,0.0,0.0,0.6065813
2025-08-31T04:00:00+02:00,22.0,83,0.0,29,1.8,0.0,0.0,0.0,WE_HOME,WE_HOME,True,EMPTY,FULL,False,,False,,2025-08-31T11:06:57.062761+02:00,2025-08-31T18:03:49.591165+02:00,WE_HOME,22.910924568,21.752338097,23.883008313,off,True,True,1.0,1.0,0.070291902,0.130897257,0.0,0.0,0.0,0.0,0.0,0.0,0.324982315,0.081245579,0.607417053,0.0,0.0,0.0,0.0,0.0,0.0,0.0,0.0,0.0,0.0,0.201189159,0.406227894,0.0,0.0,0.607417053
2025-08-31T05:00:00+02:00,22.0,83,0.0,24,0.7,0.0,0.0,0.0,WE_HOME,WE_HOME,True,EMPTY,FULL,False,,False,,2025-08-31T11:06:57.062761+02:00,2025-08-31T18:03:49.591165+02:00,WE_HOME,22.759103807,21.752338097,23.883008313,off,True,True,1.0,1.0,0.070817278,0.130897257,0.0,0.0,0.0,0.0,0.0,0.0,0.324982315,0.081245579,0.607942429,0.0,0.0,0.0,0.0,0.0,0.0,0.0,0.0,0.0,0.0,0.201714535,0.406227894,0.0,0.0,0.607942429
2025-08-31T06:00:00+02:00,21.7,84,0.0,21,1.5,0.0,0.0,0.0,WE_HOME,WE_HOME,True,EMPTY,FULL,False,,False,,2025-08-31T11:06:57.062761+02:00,2025-08-31T18:03:49.591165+02:00,WE_HOME,22.632586506,21.752338097,23.883008313,off,True,True,1.0,1.0,0.070996474,0.130897257,0.0,0.0,0.0,0.0,0.0,0.0,0.324982315,0.081245579,0.608121625,0.0,0.0,0.0,0.0,0.0,0.0,0.0,0.0,0.0,0.0,0.201893731,0.406227894,0.0,0.0,0.608121625
2025-08-31T07:00:00+02:00,21.7,85,0.0,38,1.9,0.0,0.0,0.0,WE_HOME,WE_HOME,True,EMPTY,FULL,False,,False,,2025-08-31T11:06:57.062761+02:00,2025-08-31T18:03:49.591165+02:00,WE_HOME,22.477155422,21.752338097,23.883008313,off,True,True,1.0,1.0,0.070817278,0.130897257,0.0,0.0,0.0,0.0,0.0,0.0,0.324982315,0.081245579,0.607942429,0.0,0.0,0.0,0.0,0.0,0.0,0.0,0.0,0.0,0.0,0.201714535,0.406227894,0.0,0.0,0.607942429
2025-08-31T08:00:00+02:00,22.0,84,0.0,31,3.9,17.0,6.0,11.0,WE_HOME,WE_HOME,True,EMPTY,FULL,False,,False,,2025-08-31T11:06:57.062761+02:00,2025-08-31T18:03:49.591165+02:00,WE_HOME,22.347629518,21.752338097,23.883008313,off,True,True,1.0,1.0,0.070291902,0.130897257,0.0,0.0,0.0,0.0,0.0,0.0,0.0,0.0,0.201189159,0.0,0.0,0.0,0.0,0.0,0.0,0.0,0.0,0.0,0.0,0.201189159,0.0,0.0,0.0,0.201189159
2025-08-31T09:00:00+02:00,23.4,79,0.0,13,3.9,129.0,67.0,62.0,WE_HOME,WE_HOME,True,EMPTY,FULL,False,,False,,2025-08-31T11:06:57.062761+02:00,2025-08-31T18:03:49.591165+02:00,WE_HOME,22.289691265,21.752338097,23.883008313,off,True,True,1.0,1.0,0.069456149,0.130897257,0.0,0.0,0.0,0.0,0.0,0.0,0.0,0.0,0.200353406,0.0,0.0,0.0,0.0,0.0,0.0,0.0,0.0,0.0,0.0,0.200353406,0.0,0.0,0.0,0.200353406
2025-08-31T10:00:00+02:00,24.8,75,0.0,8,2.4,278.0,178.0,100.0,WE_HOME,WE_HOME,True,EMPTY,FULL,False,,False,,2025-08-31T11:06:57.062761+02:00,2025-08-31T18:03:49.591165+02:00,WE_HOME,22.474742721,21.752338097,23.883008313,off,True,True,1.0,1.0,0.068366975,0.130897257,0.0,0.0,0.0,0.0,0.0,0.0,0.0,0.0,0.199264232,0.0,0.0,0.0,0.0,0.0,0.0,0.0,0.0,0.0,0.0,0.199264232,0.0,0.0,0.0,0.199264232
2025-08-31T11:00:00+02:00,26.1,70,0.0,38,5.9,434.0,309.0,125.0,WE_HOME,WE_HOME,True,EMPTY,EMPTY,False,,False,,2025-08-31T11:06:57.062761+02:00,2025-08-31T18:03:49.591165+02:00,WE_HOME,22.862285601,20.752338097,24.883008313,off,True,True,1.0,1.0,0.067098604,0.130897257,0.0,0.0,0.0,0.0,0.0,0.0,0.0,0.0,0.197995861,0.0,0.0,0.0,0.0,0.0,0.0,0.273535132,0.0,0.0,0.273535132,0.197995861,0.0,0.0,0.273535132,0.471530993
2025-08-31T12:00:00+02:00,26.5,68,0.0,20,6.5,591.0,453.0,138.0,WE_HOME,WE_HOME,True,EMPTY,EMPTY,False,,False,,2025-08-31T11:06:57.062761+02:00,2025-08-31T18:03:49.591165+02:00,WE_HOME,23.401904667,20.752338097,24.883008313,off,True,True,1.0,1.0,0.065737476,0.130897257,0.0,0.0,0.0,0.0,0.0,0.0,0.0,0.0,0.196634733,0.0,0.0,0.0,0.0,0.0,0.0,0.880530278,0.0,0.0,0.880530278,0.196634733,0.0,0.0,0.880530278,1.077165011
2025-08-31T13:00:00+02:00,27.2,67,0.0,43,10.9,618.0,456.0,162.0,WE_HOME,WE_HOME,True,EMPTY,EMPTY,False,,False,,2025-08-31T11:06:57.062761+02:00,2025-08-31T18:03:49.591165+02:00,WE_HOME,23.918253889,20.752338097,24.883008313,off,True,True,1.0,1.0,0.064376347,0.130897257,0.0,0.0,0.0,0.0,0.0,0.0,0.0,0.0,0.195273604,0.0,0.0,0.0,0.0,0.0,0.0,0.880530278,0.0,0.0,0.880530278,0.195273604,0.0,0.0,0.880530278,1.075803882
2025-08-31T14:00:00+02:00,27.8,65,0.0,51,14.1,694.0,476.0,218.0,WE_HOME,WE_HOME,True,EMPTY,EMPTY,False,,False,,2025-08-31T11:06:57.062761+02:00,2025-08-31T18:03:49.591165+02:00,WE_HOME,24.465211574,20.752338097,24.883008313,off,True,True,1.0,1.0,0.063107977,0.130897257,0.0,0.0,0.0,0.0,0.0,0.0,0.0,0.0,0.194005234,0.0,0.0,0.0,0.0,0.0,0.0,0.880530278,0.0,0.0,0.880530278,0.194005234,0.0,0.0,0.880530278,1.074535512
2025-08-31T15:00:00+02:00,27.5,68,0.0,91,16.1,631.0,399.0,232.0,WE_HOME,WE_HOME,True,EMPTY,EMPTY,False,,False,,2025-08-31T11:06:57.062761+02:00,2025-08-31T18:03:49.591165+02:00,WE_HOME,25.021009645,20.752338097,24.883008313,off,True,True,1.0,1.0,0.062018802,0.130897257,0.0,0.0,0.0,0.0,0.0,0.0,0.0,0.0,0.192916059,0.0,0.0,0.0,0.0,0.0,0.0,0.880530278,0.0,0.0,0.880530278,0.192916059,0.0,0.0,0.880530278,1.073446337
2025-08-31T16:00:00+02:00,27.7,69,0.0,89,17.2,669.0,505.0,164.0,WE_HOME,WE_HOME,True,EMPTY,EMPTY,False,,False,,2025-08-31T11:06:57.062761+02:00,2025-08-31T18:03:49.591165+02:00,WE_HOME,25.434174704,20.752338097,24.883008313,cool,True,True,1.0,1.0,0.06118305,0.130897257,0.0,0.0,0.0,0.0,0.0,0.0,0.0,0.0,0.192080307,0.0,1.40039609,1.40039609,0.0,0.0,0.0,0.880530278,0.0,0.0,2.280926369,0.192080307,0.0,0.0,0.880530278,2.473006676
2025-08-31T17:00:00+02:00,27.5,70,0.0,62,18.0,545.0,418.0,127.0,WE_HOME,WE_HOME,True,EMPTY,EMPTY,False,,False,,2025-08-31T11:06:57.062761+02:00,2025-08-31T18:03:49.591165+02:00,WE_HOME,24.811812254,20.752338097,24.883008313,off,True,True,1.0,1.0,0.060657674,0.130897257,0.0,0.0,0.0,0.0,0.0,0.0,0.0,0.0,0.191554931,0.0,0.0,0.0,0.0,0.0,0.0,0.880530278,0.0,0.0,0.880530278,0.191554931,0.0,0.0,0.880530278,1.072085209
2025-08-31T18:00:00+02:00,26.4,75,0.0,96,17.7,360.0,227.0,133.0,WE_HOME,WE_HOME,True,EMPTY,FULL,False,,False,,2025-08-31T11:06:57.062761+02:00,2025-08-31T18:03:49.591165+02:00,WE_HOME,25.259843545,21.752338097,23.883008313,cool,True,True,1.0,1.0,0.060478478,0.130897257,0.0,0.0,0.0,0.0,0.0,0.0,0.0,0.0,0.191375735,0.0,1.40039609,1.40039609,0.0,0.0,0.0,0.880530278,0.0,0.0,2.280926369,0.191375735,0.0,0.0,0.880530278,2.472302104
2025-08-31T19:00:00+02:00,26.1,78,0.0,99,15.9,229.0,129.0,100.0,WE_HOME,WE_HOME,True,EMPTY,FULL,False,,False,,2025-08-31T11:06:57.062761+02:00,2025-08-31T18:03:49.591165+02:00,WE_HOME,24.449869621,21.752338097,23.883008313,cool,True,True,1.0,1.0,0.060657674,0.130897257,1.282863694,0.0,0.0,0.0,0.0,0.019950554,0.0,0.0,1.494369179,0.0,1.40039609,1.40039609,0.0,0.0,0.0,0.880530278,0.0,0.0,2.280926369,0.191554931,1.302814248,0.0,0.880530278,3.775295548
2025-08-31T20:00:00+02:00,25.7,82,0.0,97,11.4,65.0,15.0,50.0,WE_HOME,WE_HOME,True,EMPTY,FULL,False,,False,,2025-08-31T11:06:57.062761+02:00,2025-08-31T18:03:49.591165+02:00,WE_HOME,23.724891351,21.752338097,23.883008313,off,True,True,1.0,1.0,0.06118305,0.130897257,0.730469429,0.570461772,0.0,0.0,0.0,0.0,0.0,0.0,1.493011508,0.0,0.0,0.0,0.0,0.0,0.0,0.73129494,0.0,0.0,0.73129494,0.192080307,1.300931201,0.0,0.73129494,2.224306448
2025-08-31T21:00:00+02:00,25.2,85,0.0,97,7.0,4.0,0.0,4.0,WE_HOME,WE_HOME,True,EMPTY,FULL,False,,False,,2025-08-31T11:06:57.062761+02:00,2025-08-31T18:03:49.591165+02:00,WE_HOME,24.054076125,21.752338097,23.883008313,off,True,True,1.0,1.0,0.062018802,0.130897257,0.0,0.603772441,0.0,0.0,0.0,0.0,0.0,0.0,0.7966885,0.0,0.0,0.0,0.0,0.0,0.0,0.0,0.0,0.0,0.0,0.192916059,0.603772441,0.0,0.0,0.7966885
2025-08-31T22:00:00+02:00,25.0,85,0.0,87,4.8,0.0,0.0,0.0,WE_HOME,WE_HOME,True,EMPTY,FULL,False,,False,,2025-08-31T11:06:57.062761+02:00,2025-08-31T18:03:49.591165+02:00,WE_HOME,24.245063438,21.752338097,23.883008313,off,True,True,1.0,1.0,0.063107977,0.130897257,0.0,0.0,0.0,0.0,0.0,0.017045131,0.324982315,0.081245579,0.617278259,0.0,0.0,0.0,0.0,0.0,0.0,0.0,0.0,0.0,0.0,0.194005234,0.423273025,0.0,0.0,0.617278259
2025-08-31T23:00:00+02:00,25.0,86,0.0,61,4.3,0.0,0.0,0.0,WE_HOME,WE_HOME,True,EMPTY,FULL,False,,False,,2025-08-31T11:06:57.062761+02:00,2025-08-31T18:03:49.591165+02:00,WE_HOME,24.370886198,21.752338097,23.883008313,off,True,True,1.0,1.0,0.064376347,0.130897257,0.0,0.0,0.0,0.0,0.0,0.0,0.324982315,0.081245579,0.601501498,0.0,0.0,0.0,0.0,0.0,0.0,0.0,0.0,0.0,0.0,0.195273604,0.406227894,0.0,0.0,0.601501498
2025-09-01T00:00:00+02:00,24.5,86,0.0,95,4.5,0.0,0.0,0.0,WD_HOME,WD_HOME,False,PARTIAL,FULL,False,,False,,2025-09-01T08:57:22.373949+02:00,2025-09-01T18:58:12.760423+02:00,WD_HOME,24.475738499,21.712700935,23.843371152,cool,True,True,1.0,1.0,0.065737476,0.130897257,0.0,0.0,0.0,0.0,0.0,0.0,0.324982315,0.081245579,0.602862627,0.0,1.40039609,1.40039609,0.0,0.0,0.0,0.0,0.0,0.0,1.40039609,0.196634733,0.406227894,0.0,0.0,2.003258717
2025-09-01T01:00:00+02:00,24.7,86,0.0,100,4.2,0.0,0.0,0.0,WD_HOME,WD_HOME,False,PARTIAL,FULL,False,,False,,2025-09-01T08:57:22.373949+02:00,2025-09-01T18:58:12.760423+02:00,WD_HOME,23.479782082,21.712700935,23.843371152,off,True,True,1.0,1.0,0.067098604,0.130897257,0.0,0.0,0.0,0.0,0.0,0.0,0.324982315,0.081245579,0.604223755,0.0,0.0,0.0,0.0,0.0,0.0,0.0,0.0,0.0,0.0,0.197995861,0.406227894,0.0,0.0,0.604223755
2025-09-01T02:00:00+02:00,24.2,88,0.6,97,4.7,0.0,0.0,0.0,WD_HOME,WD_HOME,False,PARTIAL,FULL,False,,False,,2025-09-01T08:57:22.373949+02:00,2025-09-01T18:58:12.760423+02:00,WD_HOME,23.683151735,21.712700935,23.843371152,off,True,True,1.0,1.0,0.068366975,0.130897257,0.0,0.0,0.0,0.0,0.0,0.0,0.324982315,0.081245579,0.605492126,0.0,0.0,0.0,0.0,0.0,0.0,0.0,0.0,0.0,0.0,0.199264232,0.406227894,0.0,0.0,0.605492126
2025-09-01T03:00:00+02:00,23.2,89,2.1,97,4.7,0.0,0.0,0.0,WD_HOME,WD_HOME,False,PARTIAL,FULL,False,,False,,2025-09-01T08:57:22.373949+02:00,2025-09-01T18:58:12.760423+02:00,WD_HOME,23.769293113,21.712700935,23.843371152,off,True,True,1.0,1.0,0.069456149,0.130897257,0.0,0.0,0.0,0.0,0.0,0.0,0.324982315,0.081245579,0.6065813,0.0,0.0,0.0,0.0,0.0,0.0,0.0,0.0,0.0,0.0,0.200353406,0.406227894,0.0,0.0,0.6065813
2025-09-01T04:00:00+02:00,22.5,88,1.2,100,7.5,0.0,0.0,0.0,WD_HOME,WD_HOME,False,PARTIAL,FULL,False,,False,,2025-09-01T08:57:22.373949+02:00,2025-09-01T18:58:12.760423+02:00,WD_HOME,23.674410927,21.712700935,23.843371152,off,True,True,1.0,1.0,0.070291902,0.130897257,0.0,0.0,0.0,0.0,0.0,0.0,0.324982315,0.081245579,0.607417053,0.0,0.0,0.0,0.0,0.0,0.0,0.0,0.0,0.0,0.0,0.201189159,0.406227894,0.0,0.0,0.607417053
2025-09-01T05:00:00+02:00,21.8,87,0.5,100,9.4,0.0,0.0,0.0,WD_HOME,WD_HOME,False,PARTIAL,FULL,False,,False,,2025-09-01T08:57:22.373949+02:00,2025-09-01T18:58:12.760423+02:00,WD_HOME,23.478675773,21.712700935,23.843371152,off,True,True,1.0,1.0,0.070817278,0.130897257,0.0,0.0,0.0,0.0,0.0,0.0,0.324982315,0.081245579,0.607942429,0.0,0.0,0.0,0.0,0.0,0.0,0.0,0.0,0.0,0.0,0.201714535,0.406227894,0.0,0.0,0.607942429
2025-09-01T06:00:00+02:00,21.2,88,0.2,100,11.6,0.0,0.0,0.0,WD_HOME,WD_HOME,False,PARTIAL,FULL,False,,False,,2025-09-01T08:57:22.373949+02:00,2025-09-01T18:58:12.760423+02:00,WD_HOME,23.198896477,21.712700935,23.843371152,off,True,True,1.0,1.0,0.070996474,0.130897257,0.0,0.0,0.0,0.0,0.0,0.0,0.324982315,0.081245579,0.608121625,0.0,0.0,0.0,0.0,0.0,0.0,0.0,0.0,0.0,0.0,0.201893731,0.406227894,0.0,0.0,0.608121625
2025-09-01T07:00:00+02:00,20.7,88,0.8,90,16.3,0.0,0.0,0.0,WD_HOME,WD_HOME,False,PARTIAL,FULL,False,,False,,2025-09-01T08:57:22.373949+02:00,2025-09-01T18:58:12.760423+02:00,WD_HOME,22.865747064,21.712700935,23.843371152,off,True,True,1.0,1.0,0.070817278,0.130897257,0.0,0.0,0.0,0.0,0.0,0.0,0.324982315,0.081245579,0.607942429,0.0,0.0,0.0,0.0,0.0,0.0,0.0,0.0,0.0,0.0,0.201714535,0.406227894,0.0,0.0,0.607942429
2025-09-01T08:00:00+02:00,20.5,89,0.7,100,14.8,13.0,5.0,8.0,WD_HOME,WD_HOME,False,PARTIAL,FULL,False,,False,,2025-09-01T08:57:22.373949+02:00,2025-09-01T18:58:12.760423+02:00,WD_HOME,22.50478922,21.712700935,23.843371152,off,True,True,1.0,1.0,0.070291902,0.130897257,0.0,0.0,0.0,0.0,0.0,0.0,0.0,0.0,0.201189159,0.0,0.0,0.0,0.0,0.0,0.0,0.0,0.0,0.0,0.0,0.201189159,0.0,0.0,0.0,0.201189159
2025-09-01T09:00:00+02:00,21.1,86,0.0,100,14.4,58.0,11.0,47.0,WD_HOME,WD_HOME,False,PARTIAL,PARTIAL,False,,False,,2025-09-01T08:57:22.373949+02:00,2025-09-01T18:58:12.760423+02:00,WD_HOME,22.170657684,21.712700935,23.843371152,off,True,True,1.0,1.0,0.069456149,0.130897257,0.0,0.0,0.0,0.0,0.0,0.0,0.0,0.0,0.200353406,0.0,0.0,0.0,0.0,0.0,0.0,0.0,0.0,0.0,0.0,0.200353406,0.0,0.0,0.0,0.200353406
2025-09-01T10:00:00+02:00,21.8,83,0.0,99,11.5,105.0,20.0,85.0,WD_HOME,WD_HOME,False,PARTIAL,PARTIAL,False,,False,,2025-09-01T08:57:22.373949+02:00,2025-09-01T18:58:12.760423+02:00,WD_HOME,21.992214736,21.712700935,23.843371152,off,True,True,1.0,1.0,0.068366975,0.130897257,0.0,0.0,0.0,0.0,0.0,0.0,0.0,0.0,0.199264232,0.0,0.0,0.0,0.0,0.0,0.0,0.07974224,0.0,0.0,0.07974224,0.199264232,0.0,0.0,0.07974224,0.279006472
2025-09-01T11:00:00+02:00,23.1,76,0.0,73,7.1,272.0,112.0,160.0,WD_HOME,WD_HOME,False,PARTIAL,PARTIAL,False,,False,,2025-09-01T08:57:22.373949+02:00,2025-09-01T18:58:12.760423+02:00,WD_HOME,21.960178947,21.712700935,23.843371152,off,True,True,1.0,1.0,0.067098604,0.130897257,0.0,0.0,0.0,0.0,0.0,0.0,0.0,0.0,0.197995861,0.0,0.0,0.0,0.0,0.0,0.0,0.880530278,0.0,0.0,0.880530278,0.197995861,0.0,0.0,0.880530278,1.078526139
2025-09-01T12:00:00+02:00,23.8,74,0.0,35,7.5,460.0,300.0,160.0,WD_HOME,WD_HOME,False,PARTIAL,PARTIAL,False,,False,,2025-09-01T08:57:22.373949+02:00,2025-09-01T18:58:12.760423+02:00,WD_HOME,22.150149122,21.712700935,23.843371152,off,True,True,1.0,1.0,0.065737476,0.130897257,0.0,0.0,0.0,0.0,0.0,0.0,0.0,0.0,0.196634733,0.0,0.0,0.0,0.0,0.0,0.0,0.880530278,0.0,0.0,0.880530278,0.196634733,0.0,0.0,0.880530278,1.077165011
2025-09-01T13:00:00+02:00,24.5,70,0.0,11,7.1,496.0,292.0,204.0,WD_HOME,WD_HOME,False,PARTIAL,PARTIAL,False,,False,,2025-09-01T08:57:22.373949+02:00,2025-09-01T18:58:12.760423+02:00,WD_HOME,22.425124269,21.712700935,23.843371152,off,True,True,1.0,1.0,0.064376347,0.130897257,0.0,0.0,0.0,0.0,0.0,0.0,0.0,0.0,0.195273604,0.0,0.0,0.0,0.0,0.0,0.0,0.880530278,0.0,0.0,0.880530278,0.195273604,0.0,0.0,0.880530278,1.075803882
2025-09-01T14:00:00+02:00,25.6,65,0.1,26,9.4,784.0,643.0,141.0,WD_HOME,WD_HOME,False,PARTIAL,PARTIAL,False,,False,,2025-09-01T08:57:22.373949+02:00,2025-09-01T18:58:12.760423+02:00,WD_HOME,22.770936891,21.712700935,23.843371152,off,True,True,1.0,1.0,0.063107977,0.130897257,0.0,0.0,0.623632169,0.0,0.0,0.0,0.0,0.0,0.817637403,0.0,0.0,0.0,0.0,0.0,0.0,0.880530278,0.0,0.0,0.880530278,0.194005234,0.623632169,0.0,0.880530278,1.698167681
2025-09-01T15:00:00+02:00,26.0,55,0.0,7,10.0,688.0,545.0,143.0,WD_HOME,WD_HOME,False,PARTIAL,PARTIAL,False,,False,,2025-09-01T08:57:22.373949+02:00,2025-09-01T18:58:12.760423+02:00,WD_HOME,23.242447409,21.712700935,23.843371152,off,True,True,1.0,1.0,0.062018802,0.130897257,0.0,0.0,0.198015402,0.0,0.0,0.0,0.0,0.0,0.390931461,0.0,0.0,0.0,0.0,0.0,0.0,0.880530278,0.0,0.0,0.880530278,0.192916059,0.198015402,0.0,0.880530278,1.271461739
2025-09-01T16:00:00+02:00,26.4,50,0.0,3,12.1,715.0,588.0,127.0,WD_HOME,WD_HOME,False,PARTIAL,PARTIAL,False,,False,,2025-09-01T08:57:22.373949+02:00,2025-09-01T18:58:12.760423+02:00,WD_HOME,23.702039507,21.712700935,23.843371152,off,True,True,1.0,1.0,0.06118305,0.130897257,0.0,0.0,0.0,0.0,0.0,0.0,0.0,0.0,0.192080307,0.0,0.0,0.0,0.0,0.0,0.0,0.880530278,0.0,0.0,0.880530278,0.192080307,0.0,0.0,0.880530278,1.072610585
2025-09-01T17:00:00+02:00,26.4,51,0.0,0,13.8,567.0,445.0,122.0,WD_HOME,WD_HOME,False,PARTIAL,PARTIAL,False,,False,,2025-09-01T08:57:22.373949+02:00,2025-09-01T18:58:12.760423+02:00,WD_HOME,24.151699589,21.712700935,23.843371152,off,True,True,1.0,1.0,0.060657674,0.130897257,0.0,0.0,0.0,0.0,0.0,0.0,0.0,0.0,0.191554931,0.0,0.0,0.0,0.0,0.0,0.0,0.880530278,0.0,0.0,0.880530278,0.191554931,0.0,0.0,0.880530278,1.072085209
2025-09-01T18:00:00+02:00,25.5,58,0.0,11,13.7,433.0,342.0,91.0,WD_HOME,WD_HOME,False,PARTIAL,PARTIAL,False,,False,,2025-09-01T08:57:22.373949+02:00,2025-09-01T18:58:12.760423+02:00,WD_HOME,24.526416325,21.712700935,23.843371152,cool,True,True,1.0,1.0,0.060478478,0.130897257,0.0,0.0,0.0,0.0,0.0,0.011204711,0.0,0.0,0.202580446,0.0,1.40039609,1.40039609,0.0,0.0,0.0,0.880530278,0.0,0.0,2.280926369,0.191375735,0.011204711,0.0,0.880530278,2.483506815
2025-09-01T19:00:00+02:00,24.5,66,0.0,47,11.0,239.0,172.0,67.0,WD_HOME,WD_HOME,False,PARTIAL,FULL,False,,False,,2025-09-01T08:57:22.373949+02:00,2025-09-01T18:58:12.760423+02:00,WD_HOME,23.68868027,21.712700935,23.843371152,off,True,True,1.0,1.0,0.060657674,0.130897257,0.0,0.0,0.0,0.0,0.0,0.0,0.0,0.0,0.191554931,0.0,0.0,0.0,0.0,0.0,0.0,0.880530278,0.0,0.0,0.880530278,0.191554931,0.0,0.0,0.880530278,1.072085209
2025-09-01T20:00:00+02:00,23.4,74,0.0,60,10.1,90.0,52.0,38.0,WD_HOME,WD_HOME,False,PARTIAL,FULL,False,,False,,2025-09-01T08:57:22.373949+02:00,2025-09-01T18:58:12.760423+02:00,WD_HOME,23.823900225,21.712700935,23.843371152,off,True,True,1.0,1.0,0.06118305,0.130897257,1.264856511,0.0,0.0,0.0,0.0,0.0,0.0,0.0,1.456936818,0.0,0.0,0.0,0.0,0.0,0.0,0.004930763,0.0,0.0,0.004930763,0.192080307,1.264856511,0.0,0.004930763,1.461867581
2025-09-01T21:00:00+02:00,22.7,76,0.1,39,9.9,4.0,0.0,4.0,WD_HOME,WD_HOME,False,PARTIAL,FULL,False,,False,,2025-09-01T08:57:22.373949+02:00,2025-09-01T18:58:12.760423+02:00,WD_HOME,23.753250188,21.712700935,23.843371152,off,True,True,1.0,1.0,0.062018802,0.130897257,0.0,0.0,0.0,0.0,0.0,0.0,0.0,0.0,0.192916059,0.0,0.0,0.0,0.0,0.0,0.0,0.0,0.0,0.0,0.0,0.192916059,0.0,0.0,0.0,0.192916059
2025-09-01T22:00:00+02:00,22.5,77,0.0,17,11.4,0.0,0.0,0.0,WD_HOME,WD_HOME,False,PARTIAL,FULL,False,,False,,2025-09-01T08:57:22.373949+02:00,2025-09-01T18:58:12.760423+02:00,WD_HOME,23.57770849,21.712700935,23.843371152,off,True,True,1.0,1.0,0.063107977,0.130897257,0.0,0.0,0.0,0.0,0.0,0.005646645,0.324982315,0.081245579,0.605879773,0.0,0.0,0.0,0.0,0.0,0.0,0.0,0.0,0.0,0.0,0.194005234,0.411874539,0.0,0.0,0.605879773
2025-09-01T23:00:00+02:00,21.9,78,0.0,6,13.6,0.0,0.0,0.0,WD_HOME,WD_HOME,False,PARTIAL,FULL,False,,False,,2025-09-01T08:57:22.373949+02:00,2025-09-01T18:58:12.760423+02:00,WD_HOME,23.398090408,21.712700935,23.843371152,off,True,True,1.0,1.0,0.064376347,0.130897257,0.0,0.0,0.0,0.0,0.0,0.017844763,0.324982315,0.081245579,0.619346261,0.0,0.0,0.0,0.0,0.0,0.0,0.0,0.0,0.0,0.0,0.195273604,0.424072657,0.0,0.0,0.619346261
2025-09-02T00:00:00+02:00,21.0,83,0.0,45,8.9,0.0,0.0,0.0,WD_HOME,WD_HOME,False,PARTIAL,FULL,False,,False,,2025-09-02T08:55:22.249466+02:00,2025-09-02T18:10:55.886575+02:00,AWAY_DAY,23.148408674,21.01984806,23.150518276,off,True,True,1.0,1.0,0.065737476,0.130897257,0.0,0.0,0.0,0.0,0.0,0.0,0.324982315,0.081245579,0.602862627,0.0,0.0,0.0,0.0,0.0,0.0,0.0,0.0,0.0,0.0,0.196634733,0.406227894,0.0,0.0,0.602862627
2025-09-02T01:00:00+02:00,20.1,85,0.0,31,10.0,0.0,0.0,0.0,WD_HOME,WD_HOME,False,PARTIAL,FULL,False,,False,,2025-09-02T08:55:22.249466+02:00,2025-09-02T18:10:55.886575+02:00,AWAY_DAY,22.790340561,21.01984806,23.150518276,off,True,True,1.0,1.0,0.067098604,0.130897257,0.0,0.0,0.0,0.0,0.0,0.0,0.324982315,0.081245579,0.604223755,0.0,0.0,0.0,0.0,0.0,0.0,0.0,0.0,0.0,0.0,0.197995861,0.406227894,0.0,0.0,0.604223755
2025-09-02T02:00:00+02:00,21.1,78,0.0,26,7.7,0.0,0.0,0.0,WD_HOME,WD_HOME,False,PARTIAL,FULL,False,,False,,2025-09-02T08:55:22.249466+02:00,2025-09-02T18:10:55.886575+02:00,AWAY_DAY,22.341950468,21.01984806,23.150518276,off,True,True,1.0,1.0,0.068366975,0.130897257,0.0,0.0,0.0,0.0,0.0,0.0,0.324982315,0.081245579,0.605492126,0.0,0.0,0.0,0.0,0.0,0.0,0.0,0.0,0.0,0.0,0.199264232,0.406227894,0.0,0.0,0.605492126
2025-09-02T03:00:00+02:00,20.9,77,0.0,35,5.4,0.0,0.0,0.0,WD_HOME,WD_HOME,False,PARTIAL,FULL,False,,False,,2025-09-02T08:55:22.249466+02:00,2025-09-02T18:10:55.886575+02:00,AWAY_DAY,22.134958723,21.01984806,23.150518276,off,True,True,1.0,1.0,0.069456149,0.130897257,0.0,0.0,0.0,0.0,0.0,0.0,0.324982315,0.081245579,0.6065813,0.0,0.0,0.0,0.0,0.0,0.0,0.0,0.0,0.0,0.0,0.200353406,0.406227894,0.0,0.0,0.6065813
2025-09-02T04:00:00+02:00,19.6,81,0.0,27,4.4,0.0,0.0,0.0,WD_HOME,WD_HOME,False,PARTIAL,FULL,False,,False,,2025-09-02T08:55:22.249466+02:00,2025-09-02T18:10:55.886575+02:00,AWAY_DAY,21.929132269,21.01984806,23.150518276,off,True,True,1.0,1.0,0.070291902,0.130897257,0.0,0.0,0.0,0.0,0.0,0.0,0.324982315,0.081245579,0.607417053,0.0,0.0,0.0,0.0,0.0,0.0,0.0,0.0,0.0,0.0,0.201189159,0.406227894,0.0,0.0,0.607417053
2025-09-02T05:00:00+02:00,19.4,81,0.0,67,4.8,0.0,0.0,0.0,WD_HOME,WD_HOME,False,PARTIAL,FULL,False,,False,,2025-09-02T08:55:22.249466+02:00,2025-09-02T18:10:55.886575+02:00,AWAY_DAY,21.540943558,21.01984806,23.150518276,off,True,True,1.0,1.0,0.070817278,0.130897257,0.0,0.0,0.0,0.0,0.0,0.0,0.324982315,0.081245579,0.607942429,0.0,0.0,0.0,0.0,0.0,0.0,0.0,0.0,0.0,0.0,0.201714535,0.406227894,0.0,0.0,0.607942429
2025-09-02T06:00:00+02:00,20.1,77,0.1,55,4.2,0.0,0.0,0.0,WD_HOME,WD_HOME,False,PARTIAL,FULL,False,,False,,2025-09-02T08:55:22.249466+02:00,2025-09-02T18:10:55.886575+02:00,AWAY_DAY,21.184119631,21.01984806,23.150518276,off,True,True,1.0,1.0,0.070996474,0.130897257,0.0,0.0,0.0,0.0,0.0,0.0,0.324982315,0.081245579,0.608121625,0.0,0.0,0.0,0.0,0.0,0.0,0.0,0.0,0.0,0.0,0.201893731,0.406227894,0.0,0.0,0.608121625
2025-09-02T07:00:00+02:00,20.0,80,0.1,96,5.1,0.0,0.0,0.0,WD_HOME,WD_HOME,False,PARTIAL,FULL,False,,False,,2025-09-02T08:55:22.249466+02:00,2025-09-02T18:10:55.886575+02:00,AWAY_DAY,21.003433026,21.01984806,23.150518276,off,True,True,1.0,1.0,0.070817278,0.130897257,0.0,0.0,0.0,0.0,0.0,0.0,0.324982315,0.081245579,0.607942429,0.0,0.0,0.0,0.0,0.0,0.0,0.0,0.0,0.0,0.0,0.201714535,0.406227894,0.0,0.0,0.607942429
2025-09-02T08:00:00+02:00,20.0,82,0.2,100,6.7,16.0,5.0,11.0,WD_HOME,WD_HOME,False,PARTIAL,FULL,False,,False,,2025-09-02T08:55:22.249466+02:00,2025-09-02T18:10:55.886575+02:00,AWAY_DAY,20.836194188,21.01984806,23.150518276,off,True,True,1.0,1.0,0.070291902,0.130897257,0.0,0.0,0.0,0.0,0.0,0.0,0.0,0.0,0.201189159,0.0,0.0,0.0,0.0,0.0,0.0,0.4766341,0.0,0.0,0.4766341,0.201189159,0.0,0.0,0.4766341,0.677823259
2025-09-02T09:00:00+02:00,21.3,78,0.2,100,6.5,99.0,26.0,73.0,WD_HOME,WD_HOME,False,PARTIAL,PARTIAL,False,,False,,2025-09-02T08:55:22.249466+02:00,2025-09-02T18:10:55.886575+02:00,AWAY_DAY,20.69682849,21.01984806,23.150518276,off,True,True,1.0,1.0,0.069456149,0.130897257,0.0,0.0,0.0,0.0,0.0,0.0,0.0,0.0,0.200353406,0.0,0.0,0.0,0.0,0.0,0.0,0.880530278,0.0,0.0,0.880530278,0.200353406,0.0,0.0,0.880530278,1.080883684
2025-09-02T10:00:00+02:00,22.1,72,0.1,99,6.9,190.0,49.0,141.0,WD_HOME,WD_HOME,False,PARTIAL,PARTIAL,False,,False,,2025-09-02T08:55:22.249466+02:00,2025-09-02T18:10:55.886575+02:00,AWAY_DAY,20.797357075,21.01984806,23.150518276,off,True,True,1.0,1.0,0.068366975,0.130897257,0.0,0.0,0.0,0.0,0.0,0.0,0.0,0.0,0.199264232,0.0,0.0,0.0,0.0,0.0,0.0,0.880530278,0.0,0.0,0.880530278,0.199264232,0.0,0.0,0.880530278,1.079794510
2025-09-02T11:00:00+02:00,23.1,65,0.0,100,7.5,363.0,153.0,210.0,WD_HOME,WD_HOME,False,PARTIAL,PARTIAL,False,,False,,2025-09-02T08:55:22.249466+02:00,2025-09-02T18:10:55.886575+02:00,AWAY_DAY,21.014464229,21.01984806,23.150518276,off,True,True,1.0,1.0,0.067098604,0.130897257,0.0,0.0,0.0,0.0,0.0,0.0,0.0,0.0,0.197995861,0.0,0.0,0.0,0.0,0.0,0.0,0.533613294,0.0,0.0,0.533613294,0.197995861,0.0,0.0,0.533613294,0.731609155
2025-09-02T12:00:00+02:00,23.3,63,0.0,32,8.5,469.0,231.0,238.0,WD_HOME,WD_HOME,False,PARTIAL,PARTIAL,False,,False,,2025-09-02T08:55:22.249466+02:00,2025-09-02T18:10:55.886575+02:00,AWAY_DAY,21.362053525,21.01984806,23.150518276,off,True,True,1.0,1.0,0.065737476,0.130897257,0.0,0.0,0.0,0.0,0.0,0.0,0.0,0.0,0.196634733,0.0,0.0,0.0,0.0,0.0,0.0,0.0,0.0,0.0,0.0,0.196634733,0.0,0.0,0.0,0.196634733
2025-09-02T13:00:00+02:00,24.5,57,0.0,2,11.1,689.0,558.0,131.0,WD_HOME,WD_HOME,False,PARTIAL,PARTIAL,False,,False,,2025-09-02T08:55:22.249466+02:00,2025-09-02T18:10:55.886575+02:00,AWAY_DAY,21.685044604,21.01984806,23.150518276,off,True,True,0.525469271,1.0,0.064376347,0.130897257,0.0,0.0,0.0,0.0,0.0,0.0,0.0,0.0,0.195273604,0.0,0.0,0.0,0.0,0.0,0.0,0.0,0.0,0.0,0.0,0.195273604,0.0,0.0,0.0,0.195273604
2025-09-02T14:00:00+02:00,25.6,50,0.0,19,14.3,765.0,646.0,119.0,AWAY,WD_HOME,False,PARTIAL,EMPTY,True,away_003,False,,2025-09-02T08:55:22.249466+02:00,2025-09-02T18:10:55.886575+02:00,AWAY_DAY,22.154203836,18.01984806,26.150518276,off,False,True,0.0,1.0,0.063107977,0.130897257,0.0,0.0,0.0,0.0,0.0,0.0,0.0,0.0,0.194005234,0.0,0.0,0.0,0.0,0.0,0.0,0.0,0.0,0.0,0.0,0.194005234,0.0,0.0,0.0,0.194005234
2025-09-02T15:00:00+02:00,26.6,45,0.0,68,16.3,812.0,699.0,113.0,AWAY,WD_HOME,False,PARTIAL,EMPTY,True,away_003,False,,2025-09-02T08:55:22.249466+02:00,2025-09-02T18:10:55.886575+02:00,AWAY_DAY,22.728503197,18.01984806,26.150518276,off,False,True,0.0,1.0,0.062018802,0.130897257,0.0,0.0,0.0,0.0,0.0,0.0,0.0,0.0,0.192916059,0.0,0.0,0.0,0.0,0.0,0.0,0.0,0.0,0.0,0.0,0.192916059,0.0,0.0,0.0,0.192916059
2025-09-02T16:00:00+02:00,27.0,41,0.0,82,16.9,742.0,635.0,107.0,AWAY,WD_HOME,False,PARTIAL,EMPTY,True,away_003,False,,2025-09-02T08:55:22.249466+02:00,2025-09-02T18:10:55.886575+02:00,AWAY_DAY,23.373752664,18.01984806,26.150518276,off,False,True,0.0,1.0,0.06118305,0.130897257,0.0,0.0,0.0,0.0,0.0,0.0,0.0,0.0,0.192080307,0.0,0.0,0.0,0.0,0.0,0.0,0.433325647,0.0,0.0,0.433325647,0.192080307,0.0,0.0,0.433325647,0.625405954
2025-09-02T17:00:00+02:00,27.2,41,0.0,99,16.7,627.0,521.0,106.0,AWAY,WD_HOME,False,PARTIAL,EMPTY,True,away_003,False,,2025-09-02T08:55:22.249466+02:00,2025-09-02T18:10:55.886575+02:00,AWAY_DAY,23.97812722,18.01984806,26.150518276,off,False,True,0.0,1.0,0.060657674,0.130897257,0.0,0.0,0.0,0.0,0.0,0.0,0.0,0.0,0.191554931,0.0,0.0,0.0,0.0,0.0,0.0,0.880530278,0.0,0.0,0.880530278,0.191554931,0.0,0.0,0.880530278,1.072085209
2025-09-02T18:00:00+02:00,26.5,47,0.0,98,16.7,463.0,354.0,109.0,AWAY,WD_HOME,False,PARTIAL,EMPTY,True,away_003,False,,2025-09-02T08:55:22.249466+02:00,2025-09-02T18:10:55.886575+02:00,AWAY_DAY,24.515106017,18.01984806,26.150518276,off,False,True,0.0,1.0,0.060478478,0.130897257,0.0,0.0,0.0,0.0,0.0,0.0,0.0,0.0,0.191375735,0.0,0.0,0.0,0.0,0.0,0.0,0.292240635,0.0,0.0,0.292240635,0.191375735,0.0,0.0,0.292240635,0.483616370
2025-09-02T19:00:00+02:00,25.6,56,0.0,100,16.6,242.0,121.0,121.0,AWAY,WD_HOME,False,PARTIAL,EMPTY,True,away_003,False,,2025-09-02T08:55:22.249466+02:00,2025-09-02T18:10:55.886575+02:00,AWAY_DAY,24.845921681,18.01984806,26.150518276,off,False,True,0.0,1.0,0.060657674,0.130897257,0.0,0.0,0.0,0.0,0.0,0.0,0.0,0.0,0.191554931,0.0,0.0,0.0,0.0,0.0,0.0,0.0,0.0,0.0,0.0,0.191554931,0.0,0.0,0.0,0.191554931
2025-09-02T20:00:00+02:00,24.6,64,0.0,100,16.2,80.0,20.0,60.0,AWAY,WD_HOME,False,PARTIAL,EMPTY,True,away_003,False,,2025-09-02T08:55:22.249466+02:00,2025-09-02T18:10:55.886575+02:00,AWAY_DAY,24.971601401,18.01984806,26.150518276,off,False,True,0.0,1.0,0.06118305,0.130897257,0.0,0.0,0.0,0.0,0.0,0.0,0.0,0.0,0.192080307,0.0,0.0,0.0,0.0,0.0,0.0,0.0,0.0,0.0,0.0,0.192080307,0.0,0.0,0.0,0.192080307
2025-09-02T21:00:00+02:00,23.9,70,0.0,100,16.0,3.0,0.0,3.0,AWAY,WD_HOME,False,PARTIAL,EMPTY,True,away_003,False,,2025-09-02T08:55:22.249466+02:00,2025-09-02T18:10:55.886575+02:00,AWAY_DAY,24.909667834,18.01984806,26.150518276,off,False,True,0.0,1.0,0.062018802,0.130897257,0.0,0.0,0.0,0.0,0.0,0.0,0.0,0.0,0.192916059,0.0,0.0,0.0,0.0,0.0,0.0,0.0,0.0,0.0,0.0,0.192916059,0.0,0.0,0.0,0.192916059
2025-09-02T22:00:00+02:00,23.3,74,0.0,100,12.7,0.0,0.0,0.0,AWAY,WD_HOME,False,PARTIAL,EMPTY,True,away_003,False,,2025-09-02T08:55:22.249466+02:00,2025-09-02T18:10:55.886575+02:00,AWAY_DAY,24.741389862,18.01984806,26.150518276,off,False,True,0.0,1.0,0.063107977,0.130897257,0.0,0.0,0.0,0.0,0.0,0.0,0.0,0.081245579,0.275250813,0.0,0.0,0.0,0.0,0.0,0.0,0.0,0.0,0.0,0.0,0.194005234,0.081245579,0.0,0.0,0.275250813
2025-09-02T23:00:00+02:00,23.0,73,0.0,100,9.4,0.0,0.0,0.0,AWAY,WD_HOME,False,PARTIAL,EMPTY,True,away_003,False,,2025-09-02T08:55:22.249466+02:00,2025-09-02T18:10:55.886575+02:00,AWAY_DAY,24.501158218,18.01984806,26.150518276,off,False,True,0.0,1.0,0.064376347,0.130897257,0.0,0.0,0.0,0.0,0.0,0.0,0.0,0.081245579,0.276519183,0.0,0.0,0.0,0.0,0.0,0.0,0.0,0.0,0.0,0.0,0.195273604,0.081245579,0.0,0.0,0.276519183
2025-09-03T00:00:00+02:00,21.6,77,0.0,82,8.6,0.0,0.0,0.0,AWAY,WD_HOME,False,EMPTY,EMPTY,True,away_003,False,,2025-09-03T08:54:52.586299+02:00,2025-09-03T17:35:09.724897+02:00,WD_HOME,24.250965182,18.0264635,26.157133717,off,False,True,0.0,1.0,0.065737476,0.130897257,0.0,0.0,0.0,0.0,0.0,0.0,0.0,0.081245579,0.277880312,0.0,0.0,0.0,0.0,0.0,0.0,0.0,0.0,0.0,0.0,0.196634733,0.081245579,0.0,0.0,0.277880312
2025-09-03T01:00:00+02:00,21.2,77,0.0,31,8.7,0.0,0.0,0.0,AWAY,WD_HOME,False,EMPTY,EMPTY,True,away_003,False,,2025-09-03T08:54:52.586299+02:00,2025-09-03T17:35:09.724897+02:00,WD_HOME,23.809137651,18.0264635,26.157133717,off,False,True,0.0,1.0,0.067098604,0.130897257,0.0,0.0,0.0,0.0,0.0,0.0,0.0,0.081245579,0.27924144,0.0,0.0,0.0,0.0,0.0,0.0,0.0,0.0,0.0,0.0,0.197995861,0.081245579,0.0,0.0,0.27924144
2025-09-03T02:00:00+02:00,21.6,73,0.0,11,8.2,0.0,0.0,0.0,AWAY,WD_HOME,False,EMPTY,EMPTY,True,away_003,False,,2025-09-03T08:54:52.586299+02:00,2025-09-03T17:35:09.724897+02:00,WD_HOME,23.374281376,18.0264635,26.157133717,off,False,True,0.0,1.0,0.068366975,0.130897257,0.0,0.0,0.0,0.0,0.0,0.0,0.0,0.081245579,0.280509811,0.0,0.0,0.0,0.0,0.0,0.0,0.0,0.0,0.0,0.0,0.199264232,0.081245579,0.0,0.0,0.280509811
2025-09-03T03:00:00+02:00,21.7,72,0.0,1,6.7,0.0,0.0,0.0,AWAY,WD_HOME,False,EMPTY,EMPTY,True,away_003,False,,2025-09-03T08:54:52.586299+02:00,2025-09-03T17:35:09.724897+02:00,WD_HOME,23.078567813,18.0264635,26.157133717,off,False,True,0.0,1.0,0.069456149,0.130897257,0.0,0.0,0.0,0.0,0.0,0.0,0.0,0.081245579,0.281598985,0.0,0.0,0.0,0.0,0.0,0.0,0.0,0.0,0.0,0.0,0.200353406,0.081245579,0.0,0.0,0.281598985
2025-09-03T04:00:00+02:00,20.6,73,0.0,0,5.0,0.0,0.0,0.0,AWAY,WD_HOME,False,EMPTY,EMPTY,True,away_003,False,,2025-09-03T08:54:52.586299+02:00,2025-09-03T17:35:09.724897+02:00,WD_HOME,22.848806511,18.0264635,26.157133717,off,False,True,0.0,1.0,0.070291902,0.130897257,0.0,0.0,0.0,0.0,0.0,0.0,0.0,0.081245579,0.282434738,0.0,0.0,0.0,0.0,0.0,0.0,0.0,0.0,0.0,0.0,0.201189159,0.081245579,0.0,0.0,0.282434738
2025-09-03T05:00:00+02:00,19.4,77,0.0,0,4.9,0.0,0.0,0.0,AWAY,WD_HOME,False,EMPTY,EMPTY,True,away_003,False,,2025-09-03T08:54:52.586299+02:00,2025-09-03T17:35:09.724897+02:00,WD_HOME,22.474005426,18.0264635,26.157133717,off,False,True,0.0,1.0,0.070817278,0.130897257,0.0,0.0,0.0,0.0,0.0,0.0,0.0,0.081245579,0.282960114,0.0,0.0,0.0,0.0,0.0,0.0,0.0,0.0,0.0,0.0,0.201714535,0.081245579,0.0,0.0,0.282960114
2025-09-03T06:00:00+02:00,18.9,80,0.0,0,5.1,0.0,0.0,0.0,AWAY,WD_HOME,False,EMPTY,EMPTY,True,away_003,False,,2025-09-03T08:54:52.586299+02:00,2025-09-03T17:35:09.724897+02:00,WD_HOME,21.961671188,18.0264635,26.157133717,off,False,True,0.0,1.0,0.070996474,0.130897257,0.0,0.0,0.0,0.0,0.0,0.0,0.0,0.081245579,0.28313931,0.0,0.0,0.0,0.0,0.0,0.0,0.0,0.0,0.0,0.0,0.201893731,0.081245579,0.0,0.0,0.28313931
2025-09-03T07:00:00+02:00,18.7,82,0.0,0,5.3,0.0,0.0,0.0,AWAY,WD_HOME,False,EMPTY,EMPTY,True,away_003,False,,2025-09-03T08:54:52.586299+02:00,2025-09-03T17:35:09.724897+02:00,WD_HOME,21.451392657,18.0264635,26.157133717,off,False,True,0.0,1.0,0.070817278,0.130897257,0.0,0.0,0.0,0.0,0.0,0.0,0.0,0.081245579,0.282960114,0.0,0.0,0.0,0.0,0.0,0.0,0.0,0.0,0.0,0.0,0.201714535,0.081245579,0.0,0.0,0.282960114
2025-09-03T08:00:00+02:00,19.6,79,0.0,1,4.6,17.0,7.0,10.0,AWAY,WD_HOME,False,EMPTY,EMPTY,True,away_003,False,,2025-09-03T08:54:52.586299+02:00,2025-09-03T17:35:09.724897+02:00,WD_HOME,20.992827214,18.0264635,26.157133717,off,False,True,0.0,1.0,0.070291902,0.130897257,0.0,0.0,0.0,0.0,0.0,0.0,0.0,0.0,0.201189159,0.0,0.0,0.0,0.0,0.0,0.0,0.015885299,0.0,0.0,0.015885299,0.201189159,0.0,0.0,0.015885299,0.217074458
2025-09-03T09:00:00+02:00,21.8,69,0.0,0,3.9,149.0,97.0,52.0,AWAY,WD_HOME,False,EMPTY,EMPTY,True,away_003,False,,2025-09-03T08:54:52.586299+02:00,2025-09-03T17:35:09.724897+02:00,WD_HOME,20.760689345,18.0264635,26.157133717,off,False,True,0.0,1.0,0.069456149,0.130897257,0.0,0.0,0.0,0.0,0.0,0.0,0.0,0.0,0.200353406,0.0,0.0,0.0,0.0,0.0,0.0,0.880530278,0.0,0.0,0.880530278,0.200353406,0.0,0.0,0.880530278,1.080883684
2025-09-03T10:00:00+02:00,23.8,62,0.0,1,2.9,322.0,242.0,80.0,AWAY,WD_HOME,False,EMPTY,EMPTY,True,away_003,False,,2025-09-03T08:54:52.586299+02:00,2025-09-03T17:35:09.724897+02:00,WD_HOME,20.933907788,18.0264635,26.157133717,off,False,True,0.0,1.0,0.068366975,0.130897257,0.0,0.0,0.0,0.0,0.0,0.0,0.0,0.0,0.199264232,0.0,0.0,0.0,0.0,0.0,0.0,0.880530278,0.0,0.0,0.880530278,0.199264232,0.0,0.0,0.880530278,1.079794510
2025-09-03T11:00:00+02:00,25.4,66,0.0,0,6.2,514.0,420.0,94.0,AWAY,WD_HOME,False,EMPTY,EMPTY,True,away_003,False,,2025-09-03T08:54:52.586299+02:00,2025-09-03T17:35:09.724897+02:00,WD_HOME,21.411589823,18.0264635,26.157133717,off,False,True,0.0,1.0,0.067098604,0.130897257,0.0,0.0,0.0,0.0,0.0,0.0,0.0,0.0,0.197995861,0.0,0.0,0.0,0.0,0.0,0.0,0.880530278,0.0,0.0,0.880530278,0.197995861,0.0,0.0,0.880530278,1.078526139
2025-09-03T12:00:00+02:00,26.5,62,0.0,1,9.4,661.0,555.0,106.0,AWAY,WD_HOME,False,EMPTY,EMPTY,True,away_003,False,,2025-09-03T08:54:52.586299+02:00,2025-09-03T17:35:09.724897+02:00,WD_HOME,22.076324852,18.0264635,26.157133717,off,False,True,0.0,1.0,0.065737476,0.130897257,0.0,0.0,0.0,0.0,0.0,0.0,0.0,0.0,0.196634733,0.0,0.0,0.0,0.0,0.0,0.0,0.880530278,0.0,0.0,0.880530278,0.196634733,0.0,0.0,0.880530278,1.077165011
2025-09-03T13:00:00+02:00,27.2,62,0.0,4,14.8,756.0,642.0,114.0,AWAY,WD_HOME,False,EMPTY,EMPTY,True,away_003,False,,2025-09-03T08:54:52.586299+02:00,2025-09-03T17:35:09.724897+02:00,WD_HOME,22.813604044,18.0264635,26.157133717,off,False,True,0.0,1.0,0.064376347,0.130897257,0.0,0.0,0.0,0.0,0.0,0.0,0.0,0.0,0.195273604,0.0,0.0,0.0,0.0,0.0,0.0,0.380997882,0.0,0.0,0.380997882,0.195273604,0.0,0.0,0.380997882,0.576271486
2025-09-03T14:00:00+02:00,27.8,64,0.0,34,19.9,812.0,693.0,119.0,AWAY,WD_HOME,False,EMPTY,EMPTY,True,away_003,False,,2025-09-03T08:54:52.586299+02:00,2025-09-03T17:35:09.724897+02:00,WD_HOME,23.544670036,18.0264635,26.157133717,off,False,True,0.0,1.0,0.063107977,0.130897257,0.0,0.0,0.0,0.0,0.0,0.0,0.0,0.0,0.194005234,0.0,0.0,0.0,0.0,0.0,0.0,0.0,0.0,0.0,0.0,0.194005234,0.0,0.0,0.0,0.194005234
2025-09-03T15:00:00+02:00,28.0,64,0.0,12,22.2,802.0,686.0,116.0,AWAY,WD_HOME,False,EMPTY,EMPTY,True,away_003,False,,2025-09-03T08:54:52.586299+02:00,2025-09-03T17:35:09.724897+02:00,WD_HOME,24.253891697,18.0264635,26.157133717,off,False,True,0.0,1.0,0.062018802,0.130897257,0.0,0.0,0.0,0.0,0.0,0.0,0.0,0.0,0.192916059,0.0,0.0,0.0,0.0,0.0,0.0,0.0,0.0,0.0,0.0,0.192916059,0.0,0.0,0.0,0.192916059
2025-09-03T16:00:00+02:00,27.9,65,0.0,2,23.7,735.0,623.0,112.0,AWAY,WD_HOME,False,EMPTY,EMPTY,True,away_003,False,,2025-09-03T08:54:52.586299+02:00,2025-09-03T17:35:09.724897+02:00,WD_HOME,24.878243081,18.0264635,26.157133717,off,False,True,0.0,1.0,0.06118305,0.130897257,0.0,0.0,0.0,0.0,0.0,0.0,0.0,0.0,0.192080307,0.0,0.0,0.0,0.0,0.0,0.0,0.0,0.0,0.0,0.0,0.192080307,0.0,0.0,0.0,0.192080307
2025-09-03T17:00:00+02:00,27.5,68,0.0,0,24.3,607.0,503.0,104.0,AWAY,WD_HOME,False,EMPTY,EMPTY,True,away_003,False,,2025-09-03T08:54:52.586299+02:00,2025-09-03T17:35:09.724897+02:00,WD_HOME,25.381869234,18.0264635,26.157133717,off,True,True,0.296727023,1.0,0.060657674,0.130897257,0.0,0.0,0.0,0.0,0.0,0.0,0.0,0.0,0.191554931,0.0,0.0,0.0,0.0,0.0,0.0,0.48385133,0.0,0.0,0.48385133,0.191554931,0.0,0.0,0.48385133,0.675406261
2025-09-03T18:00:00+02:00,26.8,70,0.0,0,23.0,453.0,359.0,94.0,WD_HOME,WD_HOME,False,EMPTY,FULL,False,,False,,2025-09-03T08:54:52.586299+02:00,2025-09-03T17:35:09.724897+02:00,WD_HOME,25.734891028,21.0264635,23.157133717,cool,True,True,1.0,1.0,0.060478478,0.130897257,0.0,0.0,0.0,0.0,0.0,0.006652211,0.0,0.0,0.198027946,0.0,1.40039609,1.40039609,0.0,0.0,0.0,0.880530278,0.0,0.0,2.280926369,0.191375735,0.006652211,0.0,0.880530278,2.478954315
2025-09-03T19:00:00+02:00,26.1,73,0.0,0,19.9,272.0,202.0,70.0,WD_HOME,WD_HOME,False,EMPTY,FULL,False,,False,,2025-09-03T08:54:52.586299+02:00,2025-09-03T17:35:09.724897+02:00,WD_HOME,24.91240919,21.0264635,23.157133717,cool,True,True,1.0,1.0,0.060657674,0.130897257,0.0,0.0,0.0,0.0,0.079186242,0.0,0.0,0.0,0.270741173,0.0,1.40039609,1.40039609,0.0,0.0,0.0,0.880530278,0.0,0.0,2.280926369,0.191554931,0.079186242,0.0,0.880530278,2.551667542
2025-09-03T20:00:00+02:00,25.0,77,0.0,0,15.0,95.0,57.0,38.0,WD_HOME,WD_HOME,False,EMPTY,FULL,False,,False,,2025-09-03T08:54:52.586299+02:00,2025-09-03T17:35:09.724897+02:00,WD_HOME,24.110340992,21.0264635,23.157133717,cool,True,True,1.0,1.0,0.06118305,0.130897257,2.005951206,0.0,0.0,0.0,0.191548588,0.0,0.0,0.0,2.389580101,0.0,1.40039609,1.40039609,0.0,0.0,0.0,0.83719711,0.0,0.0,2.237593201,0.192080307,2.197499794,0.0,0.83719711,4.627173302
2025-09-03T21:00:00+02:00,24.0,83,0.0,0,11.2,3.0,1.0,2.0,WD_HOME,WD_HOME,False,EMPTY,FULL,False,,False,,2025-09-03T08:54:52.586299+02:00,2025-09-03T17:35:09.724897+02:00,WD_HOME,23.258617493,21.0264635,23.157133717,cool,True,True,1.0,1.0,0.062018802,0.130897257,1.521017385,0.0,0.0,0.0,0.191548588,0.008843214,0.0,0.0,1.914325246,0.0,1.40039609,1.40039609,0.0,0.0,0.0,0.0,0.0,0.0,1.40039609,0.192916059,1.721409187,0.0,0.0,3.314721336
2025-09-03T22:00:00+02:00,23.0,86,0.0,0,9.2,0.0,0.0,0.0,WD_HOME,WD_HOME,False,EMPTY,FULL,False,,False,,2025-09-03T08:54:52.586299+02:00,2025-09-03T17:35:09.724897+02:00,WD_HOME,22.382181244,21.0264635,23.157133717,off,True,True,1.0,1.0,0.063107977,0.130897257,0.0,0.050504759,0.0,0.0,0.101927059,0.016955803,0.324982315,0.081245579,0.769620749,0.0,0.0,0.0,0.0,0.0,0.0,0.0,0.0,0.0,0.0,0.194005234,0.575615515,0.0,0.0,0.769620749
2025-09-03T23:00:00+02:00,22.2,87,0.0,0,9.1,0.0,0.0,0.0,WD_HOME,WD_HOME,False,EMPTY,FULL,False,,False,,2025-09-03T08:54:52.586299+02:00,2025-09-03T17:35:09.724897+02:00,WD_HOME,22.485151037,21.0264635,23.157133717,off,True,True,1.0,1.0,0.064376347,0.130897257,0.0,0.501600021,0.0,0.0,0.0,0.011340972,0.324982315,0.081245579,1.114442491,0.0,0.0,0.0,0.0,0.0,0.0,0.0,0.0,0.0,0.0,0.195273604,0.919168887,0.0,0.0,1.114442491
2025-09-04T00:00:00+02:00,22.0,86,0.0,3,9.3,0.0,0.0,0.0,WD_HOME,WD_HOME,False,EMPTY,FULL,False,,False,,2025-09-04T08:43:35.213895+02:00,2025-09-04T18:02:57.697576+02:00,WD_HOME,22.437625864,20.994592596,23.125262813,off,True,True,1.0,1.0,0.065737476,0.130897257,0.0,0.367185938,0.0,0.0,0.0,0.0,0.324982315,0.081245579,0.970048565,0.0,0.0,0.0,0.0,0.0,0.0,0.0,0.0,0.0,0.0,0.196634733,0.773413832,0.0,0.0,0.970048565
2025-09-04T01:00:00+02:00,21.6,86,0.0,19,8.5,0.0,0.0,0.0,WD_HOME,WD_HOME,False,EMPTY,FULL,False,,False,,2025-09-04T08:43:35.213895+02:00,2025-09-04T18:02:57.697576+02:00,WD_HOME,22.36468822,20.994592596,23.125262813,off,True,True,1.0,1.0,0.067098604,0.130897257,0.0,0.0,0.0,0.0,0.0,0.0,0.324982315,0.081245579,0.604223755,0.0,0.0,0.0,0.0,0.0,0.0,0.0,0.0,0.0,0.0,0.197995861,0.406227894,0.0,0.0,0.604223755
2025-09-04T02:00:00+02:00,21.7,86,0.0,18,7.2,0.0,0.0,0.0,WD_HOME,WD_HOME,False,EMPTY,FULL,False,,False,,2025-09-04T08:43:35.213895+02:00,2025-09-04T18:02:57.697576+02:00,WD_HOME,22.237240183,20.994592596,23.125262813,off,True,True,1.0,1.0,0.068366975,0.130897257,0.0,0.0,0.0,0.0,0.0,0.0,0.324982315,0.081245579,0.605492126,0.0,0.0,0.0,0.0,0.0,0.0,0.0,0.0,0.0,0.0,0.199264232,0.406227894,0.0,0.0,0.605492126
2025-09-04T03:00:00+02:00,20.8,90,0.0,73,7.2,0.0,0.0,0.0,WD_HOME,WD_HOME,False,EMPTY,FULL,False,,False,,2025-09-04T08:43:35.213895+02:00,2025-09-04T18:02:57.697576+02:00,WD_HOME,22.147700153,20.994592596,23.125262813,off,True,True,1.0,1.0,0.069456149,0.130897257,0.0,0.0,0.0,0.0,0.0,0.0,0.324982315,0.081245579,0.6065813,0.0,0.0,0.0,0.0,0.0,0.0,0.0,0.0,0.0,0.0,0.200353406,0.406227894,0.0,0.0,0.6065813
2025-09-04T04:00:00+02:00,21.3,90,0.0,85,6.7,0.0,0.0,0.0,WD_HOME,WD_HOME,False,EMPTY,FULL,False,,False,,2025-09-04T08:43:35.213895+02:00,2025-09-04T18:02:57.697576+02:00,WD_HOME,21.923083461,20.994592596,23.125262813,off,True,True,1.0,1.0,0.070291902,0.130897257,0.0,0.0,0.0,0.0,0.0,0.0,0.324982315,0.081245579,0.607417053,0.0,0.0,0.0,0.0,0.0,0.0,0.0,0.0,0.0,0.0,0.201189159,0.406227894,0.0,0.0,0.607417053
2025-09-04T05:00:00+02:00,21.0,91,0.0,67,6.2,0.0,0.0,0.0,WD_HOME,WD_HOME,False,EMPTY,FULL,False,,False,,2025-09-04T08:43:35.213895+02:00,2025-09-04T18:02:57.697576+02:00,WD_HOME,21.819236217,20.994592596,23.125262813,off,True,True,1.0,1.0,0.070817278,0.130897257,0.0,0.0,0.0,0.0,0.0,0.0,0.324982315,0.081245579,0.607942429,0.0,0.0,0.0,0.0,0.0,0.0,0.0,0.0,0.0,0.0,0.201714535,0.406227894,0.0,0.0,0.607942429
2025-09-04T06:00:00+02:00,20.7,92,0.0,33,5.4,0.0,0.0,0.0,WD_HOME,WD_HOME,False,EMPTY,FULL,False,,False,,2025-09-04T08:43:35.213895+02:00,2025-09-04T18:02:57.697576+02:00,WD_HOME,21.682696848,20.994592596,23.125262813,off,True,True,1.0,1.0,0.070996474,0.130897257,0.088192882,0.0,0.0,0.0,0.0,0.0,0.324982315,0.081245579,0.696314507,0.0,0.0,0.0,0.0,0.0,0.0,0.0,0.0,0.0,0.0,0.201893731,0.494420776,0.0,0.0,0.696314507
2025-09-04T07:00:00+02:00,20.8,90,0.0,21,4.2,0.0,0.0,0.0,WD_HOME,WD_HOME,False,EMPTY,FULL,False,,False,,2025-09-04T08:43:35.213895+02:00,2025-09-04T18:02:57.697576+02:00,WD_HOME,21.51891404,20.994592596,23.125262813,off,True,True,1.0,1.0,0.070817278,0.130897257,1.510072839,0.0,0.0,0.0,0.0,0.0,0.324982315,0.081245579,2.118015268,0.0,0.0,0.0,0.0,0.0,0.0,0.0,0.0,0.0,0.0,0.201714535,1.916300733,0.0,0.0,2.118015268
2025-09-04T08:00:00+02:00,21.1,88,0.0,9,3.4,12.0,2.0,10.0,WD_HOME,WD_HOME,False,EMPTY,FULL,False,,False,,2025-09-04T08:43:35.213895+02:00,2025-09-04T18:02:57.697576+02:00,WD_HOME,21.399095033,20.994592596,23.125262813,off,True,True,0.888283006,0.79914104,0.070291902,0.130897257,0.0,0.0,0.0,0.0,0.0,0.0,0.0,0.0,0.201189159,0.0,0.0,0.0,0.0,0.0,0.0,0.215792285,0.0,0.0,0.215792285,0.201189159,0.0,0.0,0.215792285,0.416981444
2025-09-04T09:00:00+02:00,22.4,86,0.0,11,4.9,144.0,92.0,52.0,WD_HOME,WD_HOME,False,EMPTY,EMPTY,False,,False,,2025-09-04T08:43:35.213895+02:00,2025-09-04T18:02:57.697576+02:00,WD_HOME,21.349245861,19.994592596,24.125262813,off,False,False,0.0,0.0,0.069456149,0.130897257,0.0,0.0,0.0,0.0,0.0,0.0,0.0,0.0,0.200353406,0.0,0.0,0.0,0.0,0.0,0.0,0.880530278,0.0,0.0,0.880530278,0.200353406,0.0,0.0,0.880530278,1.080883684
2025-09-04T10:00:00+02:00,24.1,82,0.0,21,10.2,321.0,237.0,84.0,WD_HOME,WD_HOME,False,EMPTY,EMPTY,False,,False,,2025-09-04T08:43:35.213895+02:00,2025-09-04T18:02:57.697576+02:00,WD_HOME,21.524371551,19.994592596,24.125262813,off,False,False,0.0,0.0,0.068366975,0.130897257,0.0,0.0,0.0,0.0,0.0,0.0,0.0,0.0,0.199264232,0.0,0.0,0.0,0.0,0.0,0.0,0.880530278,0.0,0.0,0.880530278,0.199264232,0.0,0.0,0.880530278,1.079794510
2025-09-04T11:00:00+02:00,25.5,75,0.0,35,12.5,436.0,302.0,134.0,WD_HOME,WD_HOME,False,EMPTY,EMPTY,False,,False,,2025-09-04T08:43:35.213895+02:00,2025-09-04T18:02:57.697576+02:00,WD_HOME,21.953642959,19.994592596,24.125262813,off,False,False,0.0,0.0,0.067098604,0.130897257,0.0,0.0,0.0,0.0,0.0,0.0,0.0,0.0,0.197995861,0.0,0.0,0.0,0.0,0.0,0.0,0.880530278,0.0,0.0,0.880530278,0.197995861,0.0,0.0,0.880530278,1.078526139
2025-09-04T12:00:00+02:00,26.5,69,0.0,32,17.3,506.0,334.0,172.0,WD_HOME,WD_HOME,False,EMPTY,EMPTY,False,,False,,2025-09-04T08:43:35.213895+02:00,2025-09-04T18:02:57.697576+02:00,WD_HOME,22.544702466,19.994592596,24.125262813,off,False,False,0.0,0.0,0.065737476,0.130897257,0.0,0.0,0.0,0.0,0.0,0.0,0.0,0.0,0.196634733,0.0,0.0,0.0,0.0,0.0,0.0,0.880530278,0.0,0.0,0.880530278,0.196634733,0.0,0.0,0.880530278,1.077165011
2025-09-04T13:00:00+02:00,26.9,66,0.0,45,17.6,583.0,327.0,256.0,WD_HOME,WD_HOME,False,EMPTY,EMPTY,False,,False,,2025-09-04T08:43:35.213895+02:00,2025-09-04T18:02:57.697576+02:00,WD_HOME,23.203918722,19.994592596,24.125262813,off,False,False,0.0,0.0,0.064376347,0.130897257,0.0,0.0,0.0,0.0,0.0,0.0,0.0,0.0,0.195273604,0.0,0.0,0.0,0.0,0.0,0.0,0.880530278,0.0,0.0,0.880530278,0.195273604,0.0,0.0,0.880530278,1.075803882
2025-09-04T14:00:00+02:00,26.9,65,0.0,44,17.4,555.0,254.0,301.0,WD_HOME,WD_HOME,False,EMPTY,EMPTY,False,,False,,2025-09-04T08:43:35.213895+02:00,2025-09-04T18:02:57.697576+02:00,WD_HOME,23.819932268,19.994592596,24.125262813,off,False,False,0.0,0.0,0.063107977,0.130897257,0.0,0.0,0.0,0.0,0.0,0.0,0.0,0.0,0.194005234,0.0,0.0,0.0,0.0,0.0,0.0,0.12349443,0.0,0.0,0.12349443,0.194005234,0.0,0.0,0.12349443,0.317499664
2025-09-04T15:00:00+02:00,27.1,64,0.0,37,16.5,656.0,489.0,167.0,WD_HOME,WD_HOME,False,EMPTY,EMPTY,False,,False,,2025-09-04T08:43:35.213895+02:00,2025-09-04T18:02:57.697576+02:00,WD_HOME,24.33327689,19.994592596,24.125262813,off,False,False,0.0,0.0,0.062018802,0.130897257,0.0,0.0,0.0,0.0,0.0,0.0,0.0,0.0,0.192916059,0.0,0.0,0.0,0.0,0.0,0.0,0.0,0.0,0.0,0.0,0.192916059,0.0,0.0,0.0,0.192916059
2025-09-04T16:00:00+02:00,27.3,65,0.0,13,16.8,599.0,387.0,212.0,WD_HOME,WD_HOME,False,EMPTY,EMPTY,False,,False,,2025-09-04T08:43:35.213895+02:00,2025-09-04T18:02:57.697576+02:00,WD_HOME,24.794397408,19.994592596,24.125262813,cool,False,False,0.0,0.0,0.06118305,0.130897257,0.0,0.0,0.0,0.0,0.0,0.0,0.0,0.0,0.192080307,0.0,1.40039609,1.40039609,0.0,0.0,0.0,0.173023411,0.0,0.0,1.573419501,0.192080307,0.0,0.0,0.173023411,1.765499808
2025-09-04T17:00:00+02:00,27.0,68,0.0,36,17.0,411.0,241.0,170.0,WD_HOME,WD_HOME,False,EMPTY,EMPTY,False,,False,,2025-09-04T08:43:35.213895+02:00,2025-09-04T18:02:57.697576+02:00,WD_HOME,24.21199784,19.994592596,24.125262813,cool,False,True,0.0,0.847429278,0.060657674,0.130897257,0.0,0.0,0.0,0.0,0.0,0.0,0.0,0.0,0.191554931,0.0,1.40039609,1.40039609,0.0,0.0,0.0,0.880530278,0.0,0.0,2.280926369,0.191554931,0.0,0.0,0.880530278,2.472481300
2025-09-04T18:00:00+02:00,26.9,70,0.0,38,11.1,363.0,228.0,135.0,WD_HOME,WD_HOME,False,EMPTY,FULL,False,,False,,2025-09-04T08:43:35.213895+02:00,2025-09-04T18:02:57.697576+02:00,WD_HOME,23.676664867,20.994592596,23.125262813,cool,True,True,0.196322461,1.0,0.060478478,0.130897257,0.0,0.0,0.0,0.0,0.0,0.00529167,0.0,0.0,0.196667405,0.0,1.40039609,1.40039609,0.363057593,0.0,0.363057593,0.880530278,0.0,0.0,2.643983962,0.191375735,0.00529167,0.363057593,0.880530278,2.840651367
2025-09-04T19:00:00+02:00,26.8,71,0.0,16,8.8,219.0,129.0,90.0,WD_HOME,WD_HOME,False,EMPTY,FULL,False,,False,,2025-09-04T08:43:35.213895+02:00,2025-09-04T18:02:57.697576+02:00,WD_HOME,23.213887389,20.994592596,23.125262813,cool,True,True,1.0,1.0,0.060657674,0.130897257,1.185223882,0.0,0.0,0.0,0.0,0.007045558,0.0,0.0,1.383824371,0.0,1.40039609,1.40039609,6.239842335,0.0,6.239842335,0.880530278,0.0,0.0,8.520768704,0.191554931,1.192269440,6.239842335,0.880530278,9.904593075
2025-09-04T20:00:00+02:00,25.8,77,0.0,8,7.1,83.0,46.0,37.0,WD_HOME,WD_HOME,False,EMPTY,FULL,False,,False,,2025-09-04T08:43:35.213895+02:00,2025-09-04T18:02:57.697576+02:00,WD_HOME,22.811572824,20.994592596,23.125262813,off,True,True,1.0,1.0,0.06118305,0.130897257,1.027324063,0.0,0.0,0.0,0.341371337,0.0,0.0,0.0,1.560775707,0.0,0.0,0.0,0.0,0.0,0.0,0.880530278,0.0,0.0,0.880530278,0.192080307,1.368695400,0.0,0.880530278,2.441305985
2025-09-04T21:00:00+02:00,24.9,81,0.0,12,6.2,2.0,0.0,2.0,WD_HOME,WD_HOME,False,EMPTY,FULL,False,,False,,2025-09-04T08:43:35.213895+02:00,2025-09-04T18:02:57.697576+02:00,WD_HOME,23.30964402,20.994592596,23.125262813,off,True,True,1.0,1.0,0.062018802,0.130897257,0.0,0.0,0.0,0.0,0.415716855,0.013606764,0.0,0.0,0.622239678,0.0,0.0,0.0,0.0,0.0,0.0,0.066670387,0.0,0.0,0.066670387,0.192916059,0.429323619,0.0,0.066670387,0.688910065
2025-09-04T22:00:00+02:00,25.0,81,0.0,6,2.9,0.0,0.0,0.0,WD_HOME,WD_HOME,False,EMPTY,FULL,False,,False,,2025-09-04T08:43:35.213895+02:00,2025-09-04T18:02:57.697576+02:00,WD_HOME,23.57470335,20.994592596,23.125262813,off,True,True,1.0,1.0,0.063107977,0.130897257,0.0,0.0,0.0,0.0,0.370284878,0.0,0.324982315,0.081245579,0.970518006,0.0,0.0,0.0,0.0,0.0,0.0,0.0,0.0,0.0,0.0,0.194005234,0.776512772,0.0,0.0,0.970518006
2025-09-04T23:00:00+02:00,23.8,86,0.0,18,6.9,0.0,0.0,0.0,WD_HOME,WD_HOME,False,EMPTY,FULL,False,,False,,2025-09-04T08:43:35.213895+02:00,2025-09-04T18:02:57.697576+02:00,WD_HOME,23.812252792,20.994592596,23.125262813,cool,True,True,1.0,1.0,0.064376347,0.130897257,0.0,0.0,0.0,0.0,0.0,0.0,0.324982315,0.081245579,0.601501498,0.0,1.40039609,1.40039609,0.0,0.0,0.0,0.0,0.0,0.0,1.40039609,0.195273604,0.406227894,0.0,0.0,2.001897588
2025-09-05T00:00:00+02:00,23.4,85,0.0,50,11.5,0.0,0.0,0.0,WD_HOME,WD_HOME,False,EMPTY,FULL,False,,False,,2025-09-05T08:54:04.455524+02:00,2025-09-05T16:06:23.544553+02:00,WD_HOME,22.81021066,21.278903526,23.409573743,off,True,True,1.0,1.0,0.065737476,0.130897257,0.0,0.0,0.0,0.0,0.0,0.0,0.324982315,0.081245579,0.602862627,0.0,0.0,0.0,0.0,0.0,0.0,0.0,0.0,0.0,0.0,0.196634733,0.406227894,0.0,0.0,0.602862627
2025-09-05T01:00:00+02:00,22.7,83,0.0,37,12.5,0.0,0.0,0.0,WD_HOME,WD_HOME,False,EMPTY,FULL,False,,False,,2025-09-05T08:54:04.455524+02:00,2025-09-05T16:06:23.544553+02:00,WD_HOME,22.908508883,21.278903526,23.409573743,off,True,True,1.0,1.0,0.067098604,0.130897257,0.0,0.0,0.0,0.0,0.0,0.0,0.324982315,0.081245579,0.604223755,0.0,0.0,0.0,0.0,0.0,0.0,0.0,0.0,0.0,0.0,0.197995861,0.406227894,0.0,0.0,0.604223755
2025-09-05T02:00:00+02:00,22.5,80,0.0,40,11.8,0.0,0.0,0.0,WD_HOME,WD_HOME,False,EMPTY,FULL,False,,False,,2025-09-05T08:54:04.455524+02:00,2025-09-05T16:06:23.544553+02:00,WD_HOME,22.873757403,21.278903526,23.409573743,off,True,True,1.0,1.0,0.068366975,0.130897257,0.0,0.0,0.0,0.0,0.0,0.0,0.324982315,0.081245579,0.605492126,0.0,0.0,0.0,0.0,0.0,0.0,0.0,0.0,0.0,0.0,0.199264232,0.406227894,0.0,0.0,0.605492126
2025-09-05T03:00:00+02:00,22.3,79,0.0,40,12.1,0.0,0.0,0.0,WD_HOME,WD_HOME,False,EMPTY,FULL,False,,False,,2025-09-05T08:54:04.455524+02:00,2025-09-05T16:06:23.544553+02:00,WD_HOME,22.811464502,21.278903526,23.409573743,off,True,True,1.0,1.0,0.069456149,0.130897257,0.0,0.0,0.0,0.0,0.0,0.0,0.324982315,0.081245579,0.6065813,0.0,0.0,0.0,0.0,0.0,0.0,0.0,0.0,0.0,0.0,0.200353406,0.406227894,0.0,0.0,0.6065813
2025-09-05T04:00:00+02:00,22.7,76,0.0,42,12.9,0.0,0.0,0.0,WD_HOME,WD_HOME,False,EMPTY,FULL,False,,False,,2025-09-05T08:54:04.455524+02:00,2025-09-05T16:06:23.544553+02:00,WD_HOME,22.726220419,21.278903526,23.409573743,off,True,True,1.0,1.0,0.070291902,0.130897257,0.0,0.0,0.0,0.0,0.0,0.0,0.324982315,0.081245579,0.607417053,0.0,0.0,0.0,0.0,0.0,0.0,0.0,0.0,0.0,0.0,0.201189159,0.406227894,0.0,0.0,0.607417053
2025-09-05T05:00:00+02:00,22.1,78,0.0,41,12.1,0.0,0.0,0.0,WD_HOME,WD_HOME,False,EMPTY,FULL,False,,False,,2025-09-05T08:54:04.455524+02:00,2025-09-05T16:06:23.544553+02:00,WD_HOME,22.721850349,21.278903526,23.409573743,off,True,True,1.0,1.0,0.070817278,0.130897257,0.0,0.0,0.0,0.0,0.0,0.0,0.324982315,0.081245579,0.607942429,0.0,0.0,0.0,0.0,0.0,0.0,0.0,0.0,0.0,0.0,0.201714535,0.406227894,0.0,0.0,0.607942429
2025-09-05T06:00:00+02:00,21.8,78,0.0,47,11.2,0.0,0.0,0.0,WD_HOME,WD_HOME,False,EMPTY,FULL,False,,False,,2025-09-05T08:54:04.455524+02:00,2025-09-05T16:06:23.544553+02:00,WD_HOME,22.618208624,21.278903526,23.409573743,off,True,True,1.0,1.0,0.070996474,0.130897257,0.0,0.0,0.0,0.0,0.0,0.0,0.324982315,0.081245579,0.608121625,0.0,0.0,0.0,0.0,0.0,0.0,0.602188249,0.0,0.0,0.602188249,0.201893731,0.406227894,0.0,0.602188249,1.210309874
2025-09-05T07:00:00+02:00,21.3,81,0.0,83,10.3,0.0,0.0,0.0,WD_HOME,WD_HOME,False,EMPTY,FULL,False,,False,,2025-09-05T08:54:04.455524+02:00,2025-09-05T16:06:23.544553+02:00,WD_HOME,22.48184052,21.278903526,23.409573743,off,True,True,1.0,1.0,0.070817278,0.130897257,1.030150856,0.0,0.0,0.0,0.0,0.0,0.324982315,0.081245579,1.638093285,0.0,0.0,0.0,0.0,0.0,0.0,0.880530278,0.0,0.0,0.880530278,0.201714535,1.436378750,0.0,0.880530278,2.518623563
2025-09-05T08:00:00+02:00,21.6,82,0.0,97,11.1,12.0,4.0,8.0,WD_HOME,WD_HOME,False,EMPTY,FULL,False,,False,,2025-09-05T08:54:04.455524+02:00,2025-09-05T16:06:23.544553+02:00,WD_HOME,22.2848671,21.278903526,23.409573743,off,True,True,1.0,1.0,0.070291902,0.130897257,0.0,0.0,0.0,0.0,0.0,0.0,0.0,0.0,0.201189159,0.0,0.0,0.0,0.0,0.0,0.0,0.880530278,0.0,0.0,0.880530278,0.201189159,0.0,0.0,0.880530278,1.081719437
2025-09-05T09:00:00+02:00,22.8,77,0.0,100,11.7,113.0,50.0,63.0,WD_HOME,WD_HOME,False,EMPTY,EMPTY,False,,False,,2025-09-05T08:54:04.455524+02:00,2025-09-05T16:06:23.544553+02:00,WD_HOME,22.170722583,20.278903526,24.409573743,off,True,True,1.0,1.0,0.069456149,0.130897257,0.0,0.0,0.0,0.0,0.0,0.0,0.0,0.0,0.200353406,0.0,0.0,0.0,0.0,0.0,0.0,0.880530278,0.0,0.0,0.880530278,0.200353406,0.0,0.0,0.880530278,1.080883684
2025-09-05T10:00:00+02:00,23.9,69,0.0,97,12.4,283.0,178.0,105.0,WD_HOME,WD_HOME,False,EMPTY,EMPTY,False,,False,,2025-09-05T08:54:04.455524+02:00,2025-09-05T16:06:23.544553+02:00,WD_HOME,22.275602153,20.278903526,24.409573743,off,True,True,1.0,1.0,0.068366975,0.130897257,0.0,0.0,0.0,0.0,0.0,0.0,0.0,0.0,0.199264232,0.0,0.0,0.0,0.0,0.0,0.0,0.251346762,0.0,0.0,0.251346762,0.199264232,0.0,0.0,0.251346762,0.450610994
2025-09-05T11:00:00+02:00,24.8,65,0.0,90,10.3,389.0,221.0,168.0,WD_HOME,WD_HOME,False,EMPTY,EMPTY,False,,False,,2025-09-05T08:54:04.455524+02:00,2025-09-05T16:06:23.544553+02:00,WD_HOME,22.546335127,20.278903526,24.409573743,off,True,True,1.0,1.0,0.067098604,0.130897257,0.0,0.0,0.0,0.0,0.0,0.0,0.0,0.0,0.197995861,0.0,0.0,0.0,0.0,0.0,0.0,0.0,0.0,0.0,0.0,0.197995861,0.0,0.0,0.0,0.197995861
2025-09-05T12:00:00+02:00,25.2,58,0.0,75,6.5,409.0,244.0,165.0,WD_HOME,WD_HOME,False,EMPTY,EMPTY,False,,False,,2025-09-05T08:54:04.455524+02:00,2025-09-05T16:06:23.544553+02:00,WD_HOME,22.921945939,20.278903526,24.409573743,off,True,True,1.0,1.0,0.065737476,0.130897257,0.0,0.0,0.0,0.0,0.0,0.0,0.0,0.0,0.196634733,0.0,0.0,0.0,0.0,0.0,0.0,0.0,0.0,0.0,0.0,0.196634733,0.0,0.0,0.0,0.196634733
2025-09-05T13:00:00+02:00,25.8,57,0.0,65,6.9,508.0,274.0,234.0,WD_HOME,WD_HOME,False,EMPTY,EMPTY,False,,False,,2025-09-05T08:54:04.455524+02:00,2025-09-05T16:06:23.544553+02:00,WD_HOME,23.301621616,20.278903526,24.409573743,off,True,True,1.0,1.0,0.064376347,0.130897257,0.0,0.0,0.0,0.0,0.0,0.0,0.0,0.0,0.195273604,0.0,0.0,0.0,0.0,0.0,0.0,0.0,0.0,0.0,0.0,0.195273604,0.0,0.0,0.0,0.195273604
2025-09-05T14:00:00+02:00,25.9,58,0.0,56,8.3,549.0,323.0,226.0,WD_HOME,WD_HOME,False,EMPTY,EMPTY,False,,False,,2025-09-05T08:54:04.455524+02:00,2025-09-05T16:06:23.544553+02:00,WD_HOME,23.718018013,20.278903526,24.409573743,off,True,True,1.0,1.0,0.063107977,0.130897257,0.0,0.0,0.0,0.0,0.0,0.0,0.0,0.0,0.194005234,0.0,0.0,0.0,0.0,0.0,0.0,0.0,0.0,0.0,0.0,0.194005234,0.0,0.0,0.0,0.194005234
2025-09-05T15:00:00+02:00,26.0,58,0.0,44,9.4,543.0,342.0,201.0,WD_HOME,WD_HOME,False,EMPTY,EMPTY,False,,False,,2025-09-05T08:54:04.455524+02:00,2025-09-05T16:06:23.544553+02:00,WD_HOME,24.081681678,20.278903526,24.409573743,off,True,True,1.0,1.0,0.062018802,0.130897257,0.0,0.0,0.0,0.0,0.0,0.0,0.0,0.0,0.192916059,0.0,0.0,0.0,0.0,0.0,0.0,0.0,0.0,0.0,0.0,0.192916059,0.0,0.0,0.0,0.192916059
2025-09-05T16:00:00+02:00,26.0,59,0.0,40,10.7,506.0,286.0,220.0,WD_HOME,WD_HOME,False,EMPTY,FULL,False,,False,,2025-09-05T08:54:04.455524+02:00,2025-09-05T16:06:23.544553+02:00,WD_HOME,24.401401398,21.278903526,23.409573743,cool,True,True,1.0,1.0,0.06118305,0.130897257,0.0,0.0,0.0,0.0,0.0,0.0,0.0,0.0,0.192080307,0.0,1.40039609,1.40039609,0.0,0.0,0.0,0.0,0.0,0.0,1.40039609,0.192080307,0.0,0.0,0.0,1.592476397
2025-09-05T17:00:00+02:00,25.7,59,0.0,9,11.6,479.0,311.0,168.0,WD_HOME,WD_HOME,False,EMPTY,FULL,False,,False,,2025-09-05T08:54:04.455524+02:00,2025-09-05T16:06:23.544553+02:00,WD_HOME,23.667834499,21.278903526,23.409573743,cool,True,True,1.0,1.0,0.060657674,0.130897257,0.0,0.0,0.0,0.0,0.0,0.0,0.0,0.0,0.191554931,0.0,1.40039609,1.40039609,0.0,0.0,0.0,0.169596193,0.0,0.0,1.569992283,0.191554931,0.0,0.0,0.169596193,1.761547214
2025-09-05T18:00:00+02:00,25.4,59,0.0,1,12.5,398.0,274.0,124.0,WD_HOME,WD_HOME,False,EMPTY,FULL,False,,False,,2025-09-05T08:54:04.455524+02:00,2025-09-05T16:06:23.544553+02:00,WD_HOME,23.006528749,21.278903526,23.409573743,off,True,True,1.0,1.0,0.060478478,0.130897257,0.0,0.0,0.0,0.0,0.0,0.0,0.0,0.0,0.191375735,0.0,0.0,0.0,0.0,0.0,0.0,0.880530278,0.0,0.0,0.880530278,0.191375735,0.0,0.0,0.880530278,1.071906013
2025-09-05T19:00:00+02:00,24.6,61,0.0,5,11.7,235.0,157.0,78.0,WD_HOME,WD_HOME,False,EMPTY,FULL,False,,False,,2025-09-05T08:54:04.455524+02:00,2025-09-05T16:06:23.544553+02:00,WD_HOME,23.405440624,21.278903526,23.409573743,off,True,True,1.0,1.0,0.060657674,0.130897257,0.338448372,0.0,0.0,0.0,0.0,0.014084832,0.0,0.0,0.544088135,0.0,0.0,0.0,0.0,0.0,0.0,0.880530278,0.0,0.0,0.880530278,0.191554931,0.352533204,0.0,0.880530278,1.424618413
2025-09-05T20:00:00+02:00,23.5,62,0.0,2,9.2,83.0,44.0,39.0,WD_HOME,WD_HOME,False,EMPTY,FULL,False,,False,,2025-09-05T08:54:04.455524+02:00,2025-09-05T16:06:23.544553+02:00,WD_HOME,23.604533853,21.278903526,23.409573743,off,True,True,1.0,1.0,0.06118305,0.130897257,1.49457687,0.0,0.0,0.0,0.0,0.0,0.0,0.0,1.686657177,0.0,0.0,0.0,0.0,0.0,0.0,0.052550112,0.0,0.0,0.052550112,0.192080307,1.49457687,0.0,0.052550112,1.739207289
2025-09-05T21:00:00+02:00,22.2,68,0.0,2,5.7,2.0,0.0,2.0,WD_HOME,WD_HOME,False,EMPTY,FULL,False,,False,,2025-09-05T08:54:04.455524+02:00,2025-09-05T16:06:23.544553+02:00,WD_HOME,23.587111544,21.278903526,23.409573743,off,True,True,1.0,1.0,0.062018802,0.130897257,0.0,0.0,0.0,0.0,0.0,0.014610214,0.0,0.0,0.207526273,0.0,0.0,0.0,0.0,0.0,0.0,0.0,0.0,0.0,0.0,0.192916059,0.014610214,0.0,0.0,0.207526273
2025-09-05T22:00:00+02:00,21.4,71,0.0,3,5.3,0.0,0.0,0.0,WD_HOME,WD_HOME,False,EMPTY,FULL,False,,False,,2025-09-05T08:54:04.455524+02:00,2025-09-05T16:06:23.544553+02:00,WD_HOME,23.355926287,21.278903526,23.409573743,off,True,True,1.0,1.0,0.063107977,0.130897257,0.0,0.0,0.0,0.0,0.0,0.0,0.324982315,0.081245579,0.600233128,0.0,0.0,0.0,0.0,0.0,0.0,0.0,0.0,0.0,0.0,0.194005234,0.406227894,0.0,0.0,0.600233128
2025-09-05T23:00:00+02:00,21.9,66,0.0,1,2.3,0.0,0.0,0.0,WD_HOME,WD_HOME,False,EMPTY,FULL,False,,False,,2025-09-05T08:54:04.455524+02:00,2025-09-05T16:06:23.544553+02:00,WD_HOME,23.029938573,21.278903526,23.409573743,off,True,True,1.0,1.0,0.064376347,0.130897257,0.0,0.0,0.0,0.0,0.0,0.016710833,0.324982315,0.081245579,0.618212331,0.0,0.0,0.0,0.0,0.0,0.0,0.0,0.0,0.0,0.0,0.195273604,0.422938727,0.0,0.0,0.618212331
2025-09-06T00:00:00+02:00,21.8,68,0.0,2,1.1,0.0,0.0,0.0,WE_HOME,WE_HOME,True,FULL,FULL,False,,False,,,,WE_HOME,22.841615477,21.320578165,23.451248382,off,True,True,1.0,1.0,0.065737476,0.130897257,0.0,0.0,0.0,0.0,0.0,0.0,0.324982315,0.081245579,0.602862627,0.0,0.0,0.0,0.0,0.0,0.0,0.0,0.0,0.0,0.0,0.196634733,0.406227894,0.0,0.0,0.602862627
2025-09-06T01:00:00+02:00,21.6,69,0.0,1,2.1,0.0,0.0,0.0,WE_HOME,WE_HOME,True,FULL,FULL,False,,False,,,,WE_HOME,22.668012898,21.320578165,23.451248382,off,True,True,1.0,1.0,0.067098604,0.130897257,0.0,0.0,0.0,0.0,0.0,0.0,0.324982315,0.081245579,0.604223755,0.0,0.0,0.0,0.0,0.0,0.0,0.0,0.0,0.0,0.0,0.197995861,0.406227894,0.0,0.0,0.604223755
2025-09-06T02:00:00+02:00,20.2,77,0.0,1,3.7,0.0,0.0,0.0,WE_HOME,WE_HOME,True,FULL,FULL,False,,False,,,,WE_HOME,22.490010748,21.320578165,23.451248382,off,True,True,1.0,1.0,0.068366975,0.130897257,0.0,0.0,0.0,0.0,0.0,0.0,0.324982315,0.081245579,0.605492126,0.0,0.0,0.0,0.0,0.0,0.0,0.0,0.0,0.0,0.0,0.199264232,0.406227894,0.0,0.0,0.605492126
2025-09-06T03:00:00+02:00,19.8,80,0.0,1,5.1,0.0,0.0,0.0,WE_HOME,WE_HOME,True,FULL,FULL,False,,False,,,,WE_HOME,22.10834229,21.320578165,23.451248382,off,True,True,1.0,1.0,0.069456149,0.130897257,0.0,0.0,0.0,0.0,0.0,0.0,0.324982315,0.081245579,0.6065813,0.0,0.0,0.0,0.0,0.0,0.0,0.0,0.0,0.0,0.0,0.200353406,0.406227894,0.0,0.0,0.6065813
2025-09-06T04:00:00+02:00,19.5,82,0.0,0,5.2,0.0,0.0,0.0,WE_HOME,WE_HOME,True,FULL,FULL,False,,False,,,,WE_HOME,21.723618575,21.320578165,23.451248382,off,True,True,1.0,1.0,0.070291902,0.130897257,0.0,0.0,0.0,0.0,0.0,0.0,0.324982315,0.081245579,0.607417053,0.0,0.0,0.0,0.0,0.0,0.0,0.0,0.0,0.0,0.0,0.201189159,0.406227894,0.0,0.0,0.607417053
2025-09-06T05:00:00+02:00,19.4,83,0.0,0,5.0,0.0,0.0,0.0,WE_HOME,WE_HOME,True,FULL,FULL,False,,False,,,,WE_HOME,21.353015479,21.320578165,23.451248382,off,True,True,1.0,1.0,0.070817278,0.130897257,0.0,0.0,0.0,0.0,0.0,0.0,0.324982315,0.081245579,0.607942429,0.0,0.0,0.0,0.0,0.0,0.0,0.0,0.0,0.0,0.0,0.201714535,0.406227894,0.0,0.0,0.607942429
2025-09-06T06:00:00+02:00,19.4,84,0.0,0,4.8,0.0,0.0,0.0,WE_HOME,WE_HOME,True,FULL,FULL,False,,False,,,,WE_HOME,21.027512899,21.320578165,23.451248382,off,True,True,1.0,1.0,0.070996474,0.130897257,1.003798899,0.0,0.0,0.0,0.0,0.0,0.324982315,0.081245579,1.611920524,0.0,0.0,0.0,0.0,0.0,0.0,0.0,0.0,0.0,0.0,0.201893731,1.410026793,0.0,0.0,1.611920524
2025-09-06T07:00:00+02:00,19.1,85,0.0,1,4.7,0.0,0.0,0.0,WE_HOME,WE_HOME,True,FULL,FULL,False,,False,,,,WE_HOME,20.756260749,21.320578165,23.451248382,heat,True,True,1.0,1.0,0.070817278,0.130897257,0.574292313,0.0,0.0,0.0,0.0,0.0,0.324982315,0.081245579,1.182234742,1.727328253,0.0,1.727328253,0.0,0.0,0.0,0.850339617,0.0,0.0,2.577667871,0.201714535,0.980520207,0.0,0.850339617,3.759902613
2025-09-06T08:00:00+02:00,19.5,86,0.0,4,5.2,14.0,5.0,9.0,WE_HOME,WE_HOME,True,FULL,FULL,False,,False,,,,WE_HOME,21.480217291,21.320578165,23.451248382,off,True,True,1.0,1.0,0.070291902,0.130897257,0.0,0.0,0.0,0.0,0.0,0.0,0.0,0.0,0.201189159,0.0,0.0,0.0,0.0,0.0,0.0,0.880530278,0.0,0.0,0.880530278,0.201189159,0.0,0.0,0.880530278,1.081719437
2025-09-06T09:00:00+02:00,21.6,78,0.0,0,2.3,132.0,70.0,62.0,WE_HOME,WE_HOME,True,FULL,FULL,False,,False,,,,WE_HOME,21.150181076,21.320578165,23.451248382,off,True,True,0.637176327,1.0,0.069456149,0.130897257,0.0,0.0,0.0,0.0,0.0,0.0,0.0,0.0,0.200353406,0.0,0.0,0.0,0.0,0.0,0.0,0.880530278,0.0,0.0,0.880530278,0.200353406,0.0,0.0,0.880530278,1.080883684
2025-09-06T10:00:00+02:00,23.7,65,0.0,13,1.9,296.0,186.0,110.0,WE_HOME,WE_HOME,True,FULL,FULL,False,,False,,,,WE_HOME,21.225150897,21.320578165,23.451248382,off,False,True,0.0,1.0,0.068366975,0.130897257,0.0,0.0,0.0,0.0,0.0,0.0,0.0,0.0,0.199264232,0.0,0.0,0.0,0.0,0.0,0.0,0.880530278,0.0,0.0,0.880530278,0.199264232,0.0,0.0,0.880530278,1.079794510
2025-09-06T11:00:00+02:00,25.0,59,0.0,37,5.0,501.0,401.0,100.0,WE_HOME,WE_HOME,True,FULL,FULL,False,,False,,,,WE_HOME,21.637625747,21.320578165,23.451248382,off,False,True,0.0,1.0,0.067098604,0.130897257,0.0,0.0,0.0,0.0,0.0,0.0,0.0,0.0,0.197995861,0.0,0.0,0.0,0.0,0.0,0.0,0.880530278,0.0,0.0,0.880530278,0.197995861,0.0,0.0,0.880530278,1.078526139
2025-09-06T12:00:00+02:00,25.9,62,0.0,56,7.8,651.0,545.0,106.0,WE_HOME,WE_HOME,True,FULL,FULL,False,,False,,,,WE_HOME,22.198021456,21.320578165,23.451248382,off,False,True,0.0,1.0,0.065737476,0.130897257,0.0,0.0,0.0,0.0,0.0,0.0,0.0,0.0,0.196634733,0.0,0.0,0.0,0.0,0.0,0.0,0.485882898,0.0,0.0,0.485882898,0.196634733,0.0,0.0,0.485882898,0.682517631
2025-09-06T13:00:00+02:00,26.5,59,0.0,55,10.7,749.0,635.0,114.0,WE_HOME,WE_HOME,True,FULL,FULL,False,,False,,,,WE_HOME,22.81501788,21.320578165,23.451248382,off,False,True,0.0,1.0,0.064376347,0.130897257,0.0,0.0,0.0,0.0,0.0,0.0,0.0,0.0,0.195273604,0.0,0.0,0.0,0.0,0.0,0.0,0.0,0.0,0.0,0.0,0.195273604,0.0,0.0,0.0,0.195273604
2025-09-06T14:00:00+02:00,26.6,58,0.0,7,10.4,804.0,685.0,119.0,WE_HOME,WE_HOME,True,FULL,FULL,False,,False,,,,WE_HOME,23.429181567,21.320578165,23.451248382,off,False,True,0.0,1.0,0.063107977,0.130897257,0.0,0.0,0.0,0.0,0.0,0.0,0.0,0.0,0.194005234,0.0,0.0,0.0,0.0,0.0,0.0,0.0,0.0,0.0,0.0,0.194005234,0.0,0.0,0.0,0.194005234
2025-09-06T15:00:00+02:00,26.7,59,0.0,0,11.6,796.0,678.0,118.0,WE_HOME,WE_HOME,True,FULL,FULL,False,,False,,,,WE_HOME,23.957651306,21.320578165,23.451248382,cool,False,True,0.0,1.0,0.062018802,0.130897257,0.0,0.0,0.0,0.0,0.0,0.0,0.0,0.0,0.192916059,0.0,1.40039609,1.40039609,0.0,0.0,0.0,0.0,0.0,0.0,1.40039609,0.192916059,0.0,0.0,0.0,1.593312149
2025-09-06T16:00:00+02:00,26.6,59,0.0,1,13.9,727.0,617.0,110.0,WE_HOME,WE_HOME,True,FULL,FULL,False,,False,,,,WE_HOME,23.414709421,21.320578165,23.451248382,off,True,True,0.174047789,1.0,0.06118305,0.130897257,0.0,0.0,0.0,0.0,0.0,0.0,0.0,0.0,0.192080307,0.0,0.0,0.0,0.0,0.0,0.0,0.312765085,0.0,0.0,0.312765085,0.192080307,0.0,0.0,0.312765085,0.504845392
2025-09-06T17:00:00+02:00,26.2,63,0.0,15,13.2,607.0,507.0,100.0,WE_HOME,WE_HOME,True,FULL,FULL,False,,False,,,,WE_HOME,23.945591184,21.320578165,23.451248382,off,True,True,1.0,1.0,0.060657674,0.130897257,0.0,0.0,0.0,0.0,0.0,0.0,0.0,0.0,0.191554931,0.0,0.0,0.0,0.0,0.0,0.0,0.880530278,0.0,0.0,0.880530278,0.191554931,0.0,0.0,0.880530278,1.072085209
2025-09-06T18:00:00+02:00,25.7,65,0.0,56,11.6,444.0,356.0,88.0,WE_HOME,WE_HOME,True,FULL,FULL,False,,False,,,,WE_HOME,24.321325987,21.320578165,23.451248382,cool,True,True,1.0,1.0,0.060478478,0.130897257,0.0,0.0,0.0,0.0,0.0,0.0,0.0,0.0,0.191375735,0.0,1.40039609,1.40039609,0.0,0.0,0.0,0.880530278,0.0,0.0,2.280926369,0.191375735,0.0,0.0,0.880530278,2.472302104
2025-09-06T19:00:00+02:00,25.4,66,0.0,59,10.7,252.0,172.0,80.0,WE_HOME,WE_HOME,True,FULL,FULL,False,,False,,,,WE_HOME,23.551104989,21.320578165,23.451248382,cool,True,True,1.0,1.0,0.060657674,0.130897257,0.0,0.0,0.0,0.0,0.0,0.010322461,0.0,0.0,0.201877392,0.0,1.40039609,1.40039609,0.0,0.0,0.0,0.223645736,0.0,0.0,1.624041826,0.191554931,0.010322461,0.0,0.223645736,1.825919218
2025-09-06T20:00:00+02:00,24.3,73,0.0,41,6.2,80.0,41.0,39.0,WE_HOME,WE_HOME,True,FULL,FULL,False,,True,guest_003,,,WE_HOME,22.859254158,21.320578165,23.451248382,off,True,True,1.0,1.0,0.06118305,0.130897257,0.0,0.0,0.0,0.0,0.116145229,0.0,0.0,0.0,0.308225536,0.0,0.0,0.0,0.0,0.0,0.0,0.0,0.0,1.09590558,1.09590558,0.192080307,0.116145229,0.0,0.0,1.404131116
2025-09-06T21:00:00+02:00,23.4,78,0.0,74,6.1,1.0,0.0,1.0,WE_HOME,WE_HOME,True,FULL,FULL,False,,True,guest_003,,,WE_HOME,23.099378465,21.320578165,23.451248382,off,True,True,1.0,1.0,0.062018802,0.130897257,0.0,0.0,0.0,0.0,0.166418829,0.01076748,0.0,0.0,0.370102368,0.0,0.0,0.0,0.0,0.0,0.0,0.0,0.0,6.590696173,6.590696173,0.192916059,0.177186309,0.0,0.0,6.960798541
2025-09-06T22:00:00+02:00,24.1,76,0.0,97,6.3,0.0,0.0,0.0,WE_HOME,WE_HOME,True,FULL,FULL,False,,True,guest_003,,,WE_HOME,23.149482054,21.320578165,23.451248382,off,True,True,1.0,1.0,0.063107977,0.130897257,0.0,0.135387787,0.0,0.0,0.0,0.0,0.324982315,0.081245579,0.735620915,0.0,0.0,0.0,0.0,0.0,0.0,0.0,0.0,2.13370976,2.13370976,0.194005234,0.541615681,0.0,0.0,2.869330675
2025-09-06T23:00:00+02:00,24.0,76,0.0,100,5.7,0.0,0.0,0.0,WE_HOME,WE_HOME,True,FULL,FULL,False,,False,,,,WE_HOME,23.307901712,21.320578165,23.451248382,off,True,True,1.0,1.0,0.064376347,0.130897257,0.0,0.57911476,0.0,0.0,0.0,0.01990306,0.324982315,0.081245579,1.200519318,0.0,0.0,0.0,0.0,0.0,0.0,0.0,0.0,0.0,0.0,0.195273604,1.005245714,0.0,0.0,1.200519318
2025-09-07T00:00:00+02:00,23.1,80,0.0,100,5.2,0.0,0.0,0.0,WE_HOME,WE_HOME,True,PARTIAL,FULL,False,,False,,2025-09-07T11:15:43.720868+02:00,2025-09-07T17:42:46.906697+02:00,WE_HOME,23.423251426,21.342589837,23.473260054,off,True,True,1.0,1.0,0.065737476,0.130897257,0.0,0.229586653,0.0,0.0,0.0,0.0,0.324982315,0.081245579,0.83244928,0.0,0.0,0.0,0.0,0.0,0.0,0.0,0.0,0.0,0.0,0.196634733,0.635814547,0.0,0.0,0.83244928
2025-09-07T01:00:00+02:00,24.1,76,0.0,93,5.8,0.0,0.0,0.0,WE_HOME,WE_HOME,True,PARTIAL,FULL,False,,False,,2025-09-07T11:15:43.720868+02:00,2025-09-07T17:42:46.906697+02:00,WE_HOME,23.369376189,21.342589837,23.473260054,off,True,True,1.0,1.0,0.067098604,0.130897257,0.0,0.0,0.0,0.0,0.0,0.0,0.324982315,0.081245579,0.604223755,0.0,0.0,0.0,0.0,0.0,0.0,0.0,0.0,0.0,0.0,0.197995861,0.406227894,0.0,0.0,0.604223755
2025-09-07T02:00:00+02:00,23.2,82,0.0,71,4.2,0.0,0.0,0.0,WE_HOME,WE_HOME,True,PARTIAL,FULL,False,,False,,2025-09-07T11:15:43.720868+02:00,2025-09-07T17:42:46.906697+02:00,WE_HOME,23.491146824,21.342589837,23.473260054,off,True,True,1.0,1.0,0.068366975,0.130897257,0.0,0.0,0.0,0.0,0.0,0.0,0.324982315,0.081245579,0.605492126,0.0,0.0,0.0,0.0,0.0,0.0,0.0,0.0,0.0,0.0,0.199264232,0.406227894,0.0,0.0,0.605492126
2025-09-07T03:00:00+02:00,23.2,82,0.0,56,2.6,0.0,0.0,0.0,WE_HOME,WE_HOME,True,PARTIAL,FULL,False,,False,,2025-09-07T11:15:43.720868+02:00,2025-09-07T17:42:46.906697+02:00,WE_HOME,23.442622353,21.342589837,23.473260054,off,True,True,1.0,1.0,0.069456149,0.130897257,0.0,0.0,0.0,0.0,0.0,0.0,0.324982315,0.081245579,0.6065813,0.0,0.0,0.0,0.0,0.0,0.0,0.0,0.0,0.0,0.0,0.200353406,0.406227894,0.0,0.0,0.6065813
2025-09-07T04:00:00+02:00,23.0,83,0.0,46,3.1,0.0,0.0,0.0,WE_HOME,WE_HOME,True,PARTIAL,FULL,False,,False,,2025-09-07T11:15:43.720868+02:00,2025-09-07T17:42:46.906697+02:00,WE_HOME,23.402185294,21.342589837,23.473260054,off,True,True,1.0,1.0,0.070291902,0.130897257,0.0,0.0,0.0,0.0,0.0,0.0,0.324982315,0.081245579,0.607417053,0.0,0.0,0.0,0.0,0.0,0.0,0.0,0.0,0.0,0.0,0.201189159,0.406227894,0.0,0.0,0.607417053
2025-09-07T05:00:00+02:00,22.0,85,0.0,35,5.9,0.0,0.0,0.0,WE_HOME,WE_HOME,True,PARTIAL,FULL,False,,False,,2025-09-07T11:15:43.720868+02:00,2025-09-07T17:42:46.906697+02:00,WE_HOME,23.335154412,21.342589837,23.473260054,off,True,True,1.0,1.0,0.070817278,0.130897257,0.0,0.0,0.0,0.0,0.0,0.0,0.324982315,0.081245579,0.607942429,0.0,0.0,0.0,0.0,0.0,0.0,0.0,0.0,0.0,0.0,0.201714535,0.406227894,0.0,0.0,0.607942429
2025-09-07T06:00:00+02:00,22.2,85,0.0,12,7.7,0.0,0.0,0.0,WE_HOME,WE_HOME,True,PARTIAL,FULL,False,,False,,2025-09-07T11:15:43.720868+02:00,2025-09-07T17:42:46.906697+02:00,WE_HOME,23.112628677,21.342589837,23.473260054,off,True,True,1.0,1.0,0.070996474,0.130897257,0.0,0.0,0.0,0.0,0.0,0.0,0.324982315,0.081245579,0.608121625,0.0,0.0,0.0,0.0,0.0,0.0,0.0,0.0,0.0,0.0,0.201893731,0.406227894,0.0,0.0,0.608121625
2025-09-07T07:00:00+02:00,22.0,86,0.0,0,6.6,0.0,0.0,0.0,WE_HOME,WE_HOME,True,PARTIAL,FULL,False,,False,,2025-09-07T11:15:43.720868+02:00,2025-09-07T17:42:46.906697+02:00,WE_HOME,22.960523897,21.342589837,23.473260054,off,True,True,1.0,1.0,0.070817278,0.130897257,0.0,0.0,0.0,0.0,0.0,0.0,0.324982315,0.081245579,0.607942429,0.0,0.0,0.0,0.0,0.0,0.0,0.0,0.0,0.0,0.0,0.201714535,0.406227894,0.0,0.0,0.607942429
2025-09-07T08:00:00+02:00,22.1,86,0.0,1,3.7,13.0,5.0,8.0,WE_HOME,WE_HOME,True,PARTIAL,FULL,False,,False,,2025-09-07T11:15:43.720868+02:00,2025-09-07T17:42:46.906697+02:00,WE_HOME,22.800436581,21.342589837,23.473260054,off,True,True,1.0,1.0,0.070291902,0.130897257,0.0,0.0,0.0,0.0,0.0,0.0,0.0,0.0,0.201189159,0.0,0.0,0.0,0.0,0.0,0.0,0.16999549,0.0,0.0,0.16999549,0.201189159,0.0,0.0,0.16999549,0.371184649
2025-09-07T09:00:00+02:00,23.6,80,0.0,29,3.5,120.0,66.0,54.0,WE_HOME,WE_HOME,True,PARTIAL,FULL,False,,False,,2025-09-07T11:15:43.720868+02:00,2025-09-07T17:42:46.906697+02:00,WE_HOME,22.683697151,21.342589837,23.473260054,off,True,True,1.0,1.0,0.069456149,0.130897257,0.0,0.0,0.0,0.0,0.0,0.0,0.0,0.0,0.200353406,0.0,0.0,0.0,0.0,0.0,0.0,0.880530278,0.0,0.0,0.880530278,0.200353406,0.0,0.0,0.880530278,1.080883684
2025-09-07T10:00:00+02:00,24.8,76,0.0,86,4.8,281.0,189.0,92.0,WE_HOME,WE_HOME,True,PARTIAL,FULL,False,,False,,2025-09-07T11:15:43.720868+02:00,2025-09-07T17:42:46.906697+02:00,WE_HOME,22.836414292,21.342589837,23.473260054,off,True,True,1.0,1.0,0.068366975,0.130897257,0.0,0.0,0.0,0.0,0.0,0.0,0.0,0.0,0.199264232,0.0,0.0,0.0,0.0,0.0,0.0,0.880530278,0.0,0.0,0.880530278,0.199264232,0.0,0.0,0.880530278,1.079794510
2025-09-07T11:00:00+02:00,25.4,77,0.0,99,6.5,411.0,243.0,168.0,WE_HOME,WE_HOME,True,PARTIAL,PARTIAL,False,,False,,2025-09-07T11:15:43.720868+02:00,2025-09-07T17:42:46.906697+02:00,WE_HOME,23.163678577,21.342589837,23.473260054,off,True,True,1.0,1.0,0.067098604,0.130897257,0.0,0.0,0.0,0.0,0.0,0.0,0.0,0.0,0.197995861,0.0,0.0,0.0,0.0,0.0,0.0,0.880530278,0.0,0.0,0.880530278,0.197995861,0.0,0.0,0.880530278,1.078526139
2025-09-07T12:00:00+02:00,26.4,75,0.0,100,4.2,524.0,277.0,247.0,WE_HOME,WE_HOME,True,PARTIAL,PARTIAL,False,,False,,2025-09-07T11:15:43.720868+02:00,2025-09-07T17:42:46.906697+02:00,WE_HOME,23.536398814,21.342589837,23.473260054,off,True,True,1.0,1.0,0.065737476,0.130897257,0.0,0.0,0.0,0.0,0.0,0.0,0.0,0.0,0.196634733,0.0,0.0,0.0,0.0,0.0,0.0,0.880530278,0.0,0.0,0.880530278,0.196634733,0.0,0.0,0.880530278,1.077165011
2025-09-07T13:00:00+02:00,27.0,72,0.0,99,4.9,494.0,219.0,275.0,WE_HOME,WE_HOME,True,PARTIAL,PARTIAL,False,,False,,2025-09-07T11:15:43.720868+02:00,2025-09-07T17:42:46.906697+02:00,WE_HOME,24.013665678,21.342589837,23.473260054,cool,True,True,1.0,1.0,0.064376347,0.130897257,0.0,0.0,0.403176714,0.0,0.0,0.0,0.0,0.0,0.598450318,0.0,1.40039609,1.40039609,0.0,0.0,0.0,0.486428848,0.0,0.0,1.886824938,0.195273604,0.403176714,0.0,0.486428848,2.485275256
2025-09-07T14:00:00+02:00,27.6,70,0.0,93,7.6,581.0,291.0,290.0,WE_HOME,WE_HOME,True,PARTIAL,PARTIAL,False,,False,,2025-09-07T11:15:43.720868+02:00,2025-09-07T17:42:46.906697+02:00,WE_HOME,23.511388065,21.342589837,23.473260054,cool,True,True,1.0,1.0,0.063107977,0.130897257,0.0,0.0,0.511559404,0.426339192,0.0,0.0,0.0,0.0,1.13190383,0.0,1.40039609,1.40039609,0.0,0.0,0.0,0.0,0.0,0.0,1.40039609,0.194005234,0.937898596,0.0,0.0,2.53229992
2025-09-07T15:00:00+02:00,28.2,69,0.0,96,10.4,638.0,348.0,290.0,WE_HOME,WE_HOME,True,PARTIAL,PARTIAL,False,,False,,2025-09-07T11:15:43.720868+02:00,2025-09-07T17:42:46.906697+02:00,WE_HOME,23.192823388,21.342589837,23.473260054,off,True,True,1.0,1.0,0.062018802,0.130897257,0.0,0.0,0.0,1.165005826,0.0,0.0,0.0,0.0,1.357921885,0.0,0.0,0.0,0.0,0.0,0.0,0.0,0.0,0.0,0.0,0.192916059,1.165005826,0.0,0.0,1.357921885
2025-09-07T16:00:00+02:00,28.1,70,0.0,95,11.7,644.0,437.0,207.0,WE_HOME,WE_HOME,True,PARTIAL,PARTIAL,False,,False,,2025-09-07T11:15:43.720868+02:00,2025-09-07T17:42:46.906697+02:00,WE_HOME,24.027352823,21.342589837,23.473260054,cool,True,True,1.0,1.0,0.06118305,0.130897257,0.0,0.0,0.0,0.0,0.0,0.0,0.0,0.0,0.192080307,0.0,1.40039609,1.40039609,0.0,0.0,0.0,0.0,0.0,0.0,1.40039609,0.192080307,0.0,0.0,0.0,1.592476397
2025-09-07T17:00:00+02:00,27.8,73,0.0,91,10.5,566.0,428.0,138.0,WE_HOME,WE_HOME,True,PARTIAL,PARTIAL,False,,False,,2025-09-07T11:15:43.720868+02:00,2025-09-07T17:42:46.906697+02:00,WE_HOME,23.706127353,21.342589837,23.473260054,cool,True,True,1.0,1.0,0.060657674,0.130897257,0.0,0.0,0.0,0.0,0.0,0.0,0.0,0.0,0.191554931,0.0,1.40039609,1.40039609,0.0,0.0,0.0,0.356175297,0.0,0.0,1.756571387,0.191554931,0.0,0.0,0.356175297,1.948126318
2025-09-07T18:00:00+02:00,27.1,77,0.0,92,12.7,384.0,243.0,141.0,WE_HOME,WE_HOME,True,PARTIAL,FULL,False,,False,,2025-09-07T11:15:43.720868+02:00,2025-09-07T17:42:46.906697+02:00,WE_HOME,23.388439461,21.342589837,23.473260054,off,True,True,1.0,1.0,0.060478478,0.130897257,0.0,0.0,0.0,0.0,0.0,0.0,0.0,0.0,0.191375735,0.0,0.0,0.0,0.0,0.0,0.0,0.880530278,0.0,0.0,0.880530278,0.191375735,0.0,0.0,0.880530278,1.071906013
2025-09-07T19:00:00+02:00,26.6,80,0.0,94,12.1,224.0,122.0,102.0,WE_HOME,WE_HOME,True,PARTIAL,FULL,False,,False,,2025-09-07T11:15:43.720868+02:00,2025-09-07T17:42:46.906697+02:00,WE_HOME,24.007032884,21.342589837,23.473260054,cool,True,True,1.0,1.0,0.060657674,0.130897257,0.710704346,0.0,0.0,0.0,0.0,0.0,0.0,0.0,0.902259277,0.0,1.40039609,1.40039609,0.0,0.0,0.0,0.867432302,0.0,0.0,2.267828392,0.191554931,0.710704346,0.0,0.867432302,3.170087669
2025-09-07T20:00:00+02:00,25.8,84,0.0,85,8.2,65.0,19.0,46.0,WE_HOME,WE_HOME,True,PARTIAL,FULL,False,,False,,2025-09-07T11:15:43.720868+02:00,2025-09-07T17:42:46.906697+02:00,WE_HOME,23.43919407,21.342589837,23.473260054,off,True,True,1.0,1.0,0.06118305,0.130897257,0.47472493,0.0,0.0,0.0,0.41427447,0.00817259,0.0,0.0,1.089252297,0.0,0.0,0.0,0.0,0.0,0.0,0.0,0.0,0.0,0.0,0.192080307,0.89717199,0.0,0.0,1.089252297
2025-09-07T21:00:00+02:00,25.0,89,0.0,88,4.7,1.0,0.0,1.0,WE_HOME,WE_HOME,True,PARTIAL,FULL,False,,False,,2025-09-07T11:15:43.720868+02:00,2025-09-07T17:42:46.906697+02:00,WE_HOME,23.832661725,21.342589837,23.473260054,off,True,True,1.0,1.0,0.062018802,0.130897257,0.0,0.051922302,0.0,0.0,0.154882806,0.0,0.0,0.0,0.399721167,0.0,0.0,0.0,0.0,0.0,0.0,0.0,0.0,0.0,0.0,0.192916059,0.206805108,0.0,0.0,0.399721167
2025-09-07T22:00:00+02:00,24.4,91,0.0,85,4.8,0.0,0.0,0.0,WE_HOME,WE_HOME,True,PARTIAL,FULL,False,,False,,2025-09-07T11:15:43.720868+02:00,2025-09-07T17:42:46.906697+02:00,WE_HOME,24.027218104,21.342589837,23.473260054,cool,True,True,1.0,1.0,0.063107977,0.130897257,0.0,0.685776701,0.0,0.0,0.0,0.030902933,0.324982315,0.081245579,1.316912762,0.0,1.40039609,1.40039609,0.0,0.0,0.0,0.0,0.0,0.0,1.40039609,0.194005234,1.122907528,0.0,0.0,2.717308852
2025-09-07T23:00:00+02:00,24.0,93,0.0,21,4.6,0.0,0.0,0.0,WE_HOME,WE_HOME,True,PARTIAL,FULL,False,,False,,2025-09-07T11:15:43.720868+02:00,2025-09-07T17:42:46.906697+02:00,WE_HOME,23.08934842,21.342589837,23.473260054,off,True,True,1.0,1.0,0.064376347,0.130897257,0.0,0.370772134,0.0,0.0,0.0,0.0,0.324982315,0.081245579,0.972273632,0.0,0.0,0.0,0.0,0.0,0.0,0.0,0.0,0.0,0.0,0.195273604,0.777000028,0.0,0.0,0.972273632
2025-09-08T00:00:00+02:00,24.3,94,0.0,60,4.7,0.0,0.0,0.0,WD_HOME,WD_HOME,False,EMPTY,FULL,False,,False,,2025-09-08T08:43:34.545784+02:00,2025-09-08T16:21:02.999784+02:00,WD_HOME,23.241123683,21.519699664,23.65036988,off,True,True,1.0,1.0,0.065737476,0.130897257,0.0,0.0,0.0,0.0,0.0,0.0,0.324982315,0.081245579,0.602862627,0.0,0.0,0.0,0.0,0.0,0.0,0.0,0.0,0.0,0.0,0.196634733,0.406227894,0.0,0.0,0.602862627
2025-09-08T01:00:00+02:00,24.4,94,0.0,82,4.4,0.0,0.0,0.0,WD_HOME,WD_HOME,False,EMPTY,FULL,False,,False,,2025-09-08T08:43:34.545784+02:00,2025-09-08T16:21:02.999784+02:00,WD_HOME,23.417603069,21.519699664,23.65036988,off,True,True,1.0,1.0,0.067098604,0.130897257,0.0,0.0,0.0,0.0,0.0,0.0,0.324982315,0.081245579,0.604223755,0.0,0.0,0.0,0.0,0.0,0.0,0.0,0.0,0.0,0.0,0.197995861,0.406227894,0.0,0.0,0.604223755
2025-09-08T02:00:00+02:00,24.4,95,0.0,94,4.5,0.0,0.0,0.0,WD_HOME,WD_HOME,False,EMPTY,FULL,False,,False,,2025-09-08T08:43:34.545784+02:00,2025-09-08T16:21:02.999784+02:00,WD_HOME,23.581335891,21.519699664,23.65036988,off,True,True,1.0,1.0,0.068366975,0.130897257,0.0,0.0,0.0,0.0,0.0,0.0,0.324982315,0.081245579,0.605492126,0.0,0.0,0.0,0.0,0.0,0.0,0.0,0.0,0.0,0.0,0.199264232,0.406227894,0.0,0.0,0.605492126
2025-09-08T03:00:00+02:00,24.2,94,0.0,97,5.4,0.0,0.0,0.0,WD_HOME,WD_HOME,False,EMPTY,FULL,False,,False,,2025-09-08T08:43:34.545784+02:00,2025-09-08T16:21:02.999784+02:00,WD_HOME,23.717779909,21.519699664,23.65036988,off,True,True,1.0,1.0,0.069456149,0.130897257,0.0,0.0,0.0,0.0,0.0,0.0,0.324982315,0.081245579,0.6065813,0.0,0.0,0.0,0.0,0.0,0.0,0.0,0.0,0.0,0.0,0.200353406,0.406227894,0.0,0.0,0.6065813
2025-09-08T04:00:00+02:00,24.3,92,0.0,99,7.7,0.0,0.0,0.0,WD_HOME,WD_HOME,False,EMPTY,FULL,False,,False,,2025-09-08T08:43:34.545784+02:00,2025-09-08T16:21:02.999784+02:00,WD_HOME,23.798149924,21.519699664,23.65036988,off,True,True,1.0,1.0,0.070291902,0.130897257,0.0,0.0,0.0,0.0,0.0,0.0,0.324982315,0.081245579,0.607417053,0.0,0.0,0.0,0.0,0.0,0.0,0.0,0.0,0.0,0.0,0.201189159,0.406227894,0.0,0.0,0.607417053
2025-09-08T05:00:00+02:00,24.4,91,0.0,100,8.0,0.0,0.0,0.0,WD_HOME,WD_HOME,False,EMPTY,FULL,False,,False,,2025-09-08T08:43:34.545784+02:00,2025-09-08T16:21:02.999784+02:00,WD_HOME,23.881791604,21.519699664,23.65036988,off,True,True,1.0,1.0,0.070817278,0.130897257,0.0,0.0,0.0,0.0,0.0,0.0,0.324982315,0.081245579,0.607942429,0.0,0.0,0.0,0.0,0.0,0.0,0.0,0.0,0.0,0.0,0.201714535,0.406227894,0.0,0.0,0.607942429
2025-09-08T06:00:00+02:00,24.3,91,0.0,94,8.7,0.0,0.0,0.0,WD_HOME,WD_HOME,False,EMPTY,FULL,False,,False,,2025-09-08T08:43:34.545784+02:00,2025-09-08T16:21:02.999784+02:00,WD_HOME,23.96815967,21.519699664,23.65036988,off,True,True,1.0,1.0,0.070996474,0.130897257,0.0,0.0,0.0,0.0,0.0,0.0,0.324982315,0.081245579,0.608121625,0.0,0.0,0.0,0.0,0.0,0.0,0.0,0.0,0.0,0.0,0.201893731,0.406227894,0.0,0.0,0.608121625
2025-09-08T07:00:00+02:00,24.2,91,0.1,100,9.3,0.0,0.0,0.0,WD_HOME,WD_HOME,False,EMPTY,FULL,False,,False,,2025-09-08T08:43:34.545784+02:00,2025-09-08T16:21:02.999784+02:00,WD_HOME,24.023466391,21.519699664,23.65036988,off,True,True,1.0,1.0,0.070817278,0.130897257,0.0,0.0,0.0,0.0,0.0,0.0,0.324982315,0.081245579,0.607942429,0.0,0.0,0.0,0.0,0.0,0.0,0.0,0.0,0.0,0.0,0.201714535,0.406227894,0.0,0.0,0.607942429
2025-09-08T08:00:00+02:00,24.2,90,0.1,100,10.9,7.0,1.0,6.0,WD_HOME,WD_HOME,False,EMPTY,FULL,False,,False,,2025-09-08T08:43:34.545784+02:00,2025-09-08T16:21:02.999784+02:00,WD_HOME,24.05288866,21.519699664,23.65036988,off,True,True,1.0,0.684339849,0.070291902,0.130897257,0.0,0.0,0.0,0.0,0.0,0.0,0.0,0.0,0.201189159,0.0,0.0,0.0,0.0,0.0,0.0,0.0,0.0,0.0,0.0,0.201189159,0.0,0.0,0.0,0.201189159
2025-09-08T09:00:00+02:00,24.6,88,0.1,100,12.5,42.0,1.0,41.0,WD_HOME,WD_HOME,False,EMPTY,EMPTY,False,,False,,2025-09-08T08:43:34.545784+02:00,2025-09-08T16:21:02.999784+02:00,WD_HOME,24.077407216,20.519699664,24.65036988,off,True,False,1.0,0.0,0.069456149,0.130897257,0.0,0.0,0.0,0.0,0.0,0.0,0.0,0.0,0.200353406,0.0,0.0,0.0,0.0,0.0,0.0,0.0,0.0,0.0,0.0,0.200353406,0.0,0.0,0.0,0.200353406
2025-09-08T10:00:00+02:00,24.9,84,0.0,97,12.1,157.0,48.0,109.0,WD_HOME,WD_HOME,False,EMPTY,EMPTY,False,,False,,2025-09-08T08:43:34.545784+02:00,2025-09-08T16:21:02.999784+02:00,WD_HOME,24.164506014,20.519699664,24.65036988,off,True,False,1.0,0.0,0.068366975,0.130897257,0.0,0.0,0.0,0.0,0.0,0.0,0.0,0.0,0.199264232,0.0,0.0,0.0,0.0,0.0,0.0,0.0,0.0,0.0,0.0,0.199264232,0.0,0.0,0.0,0.199264232
2025-09-08T11:00:00+02:00,25.8,83,0.0,95,11.0,293.0,118.0,175.0,WD_HOME,WD_HOME,False,EMPTY,EMPTY,False,,False,,2025-09-08T08:43:34.545784+02:00,2025-09-08T16:21:02.999784+02:00,WD_HOME,24.287088345,20.519699664,24.65036988,off,True,False,1.0,0.0,0.067098604,0.130897257,0.0,0.0,0.0,0.0,0.0,0.0,0.0,0.0,0.197995861,0.0,0.0,0.0,0.0,0.0,0.0,0.715097871,0.0,0.0,0.715097871,0.197995861,0.0,0.0,0.715097871,0.913093732
2025-09-08T12:00:00+02:00,26.7,75,0.0,98,7.5,386.0,177.0,209.0,WD_HOME,WD_HOME,False,EMPTY,EMPTY,False,,False,,2025-09-08T08:43:34.545784+02:00,2025-09-08T16:21:02.999784+02:00,WD_HOME,24.539240287,20.519699664,24.65036988,off,True,False,1.0,0.0,0.065737476,0.130897257,0.0,0.0,0.0,0.0,0.0,0.0,0.0,0.0,0.196634733,0.0,0.0,0.0,0.0,0.0,0.0,0.880530278,0.0,0.0,0.880530278,0.196634733,0.0,0.0,0.880530278,1.077165011
2025-09-08T13:00:00+02:00,26.6,74,0.0,99,6.1,404.0,153.0,251.0,WD_HOME,WD_HOME,False,EMPTY,EMPTY,False,,False,,2025-09-08T08:43:34.545784+02:00,2025-09-08T16:21:02.999784+02:00,WD_HOME,24.899366906,20.519699664,24.65036988,off,True,False,1.0,0.0,0.064376347,0.130897257,0.0,0.0,0.0,0.0,0.0,0.0,0.0,0.0,0.195273604,0.0,0.0,0.0,0.0,0.0,0.0,0.880530278,0.0,0.0,0.880530278,0.195273604,0.0,0.0,0.880530278,1.075803882
2025-09-08T14:00:00+02:00,26.1,75,0.0,98,7.7,499.0,306.0,193.0,WD_HOME,WD_HOME,False,EMPTY,EMPTY,False,,False,,2025-09-08T08:43:34.545784+02:00,2025-09-08T16:21:02.999784+02:00,WD_HOME,25.182805755,20.519699664,24.65036988,cool,True,False,1.0,0.0,0.063107977,0.130897257,0.0,0.0,0.0,0.0,0.0,0.0,0.0,0.0,0.194005234,0.0,1.40039609,1.40039609,0.0,0.0,0.0,0.880530278,0.0,0.0,2.280926369,0.194005234,0.0,0.0,0.880530278,2.474931603
2025-09-08T15:00:00+02:00,25.9,75,0.0,59,9.0,584.0,377.0,207.0,WD_HOME,WD_HOME,False,EMPTY,EMPTY,False,,False,,2025-09-08T08:43:34.545784+02:00,2025-09-08T16:21:02.999784+02:00,WD_HOME,24.335671463,20.519699664,24.65036988,off,True,False,1.0,0.0,0.062018802,0.130897257,0.0,0.0,0.0,0.0,0.0,0.0,0.0,0.0,0.192916059,0.0,0.0,0.0,0.0,0.0,0.0,0.880530278,0.0,0.0,0.880530278,0.192916059,0.0,0.0,0.880530278,1.073446337
2025-09-08T16:00:00+02:00,25.6,76,0.0,85,10.4,599.0,423.0,176.0,WD_HOME,WD_HOME,False,EMPTY,FULL,False,,False,,2025-09-08T08:43:34.545784+02:00,2025-09-08T16:21:02.999784+02:00,WD_HOME,24.596392885,21.519699664,23.65036988,cool,True,False,1.0,0.0,0.06118305,0.130897257,0.0,0.0,0.0,0.0,0.0,0.0,0.0,0.0,0.192080307,0.0,1.40039609,1.40039609,0.0,0.0,0.0,0.880530278,0.0,0.0,2.280926369,0.192080307,0.0,0.0,0.880530278,2.473006676
2025-09-08T17:00:00+02:00,24.9,81,0.3,90,9.6,473.0,322.0,151.0,WD_HOME,WD_HOME,False,EMPTY,FULL,False,,False,,2025-09-08T08:43:34.545784+02:00,2025-09-08T16:21:02.999784+02:00,WD_HOME,23.763660738,21.519699664,23.65036988,cool,True,True,1.0,0.631836534,0.060657674,0.130897257,0.0,0.0,0.0,0.0,0.0,0.0,0.0,0.0,0.191554931,0.0,1.40039609,1.40039609,0.0,1.434956628,1.434956628,0.584914929,0.0,0.0,3.420267647,0.191554931,0.0,1.434956628,0.584914929,3.611822578
2025-09-08T18:00:00+02:00,24.6,83,0.1,87,8.7,251.0,111.0,140.0,WD_HOME,WD_HOME,False,EMPTY,FULL,False,,False,,2025-09-08T08:43:34.545784+02:00,2025-09-08T16:21:02.999784+02:00,WD_HOME,22.953050615,21.519699664,23.65036988,off,True,True,1.0,1.0,0.060478478,0.130897257,0.0,0.0,0.0,0.0,0.0,0.0,0.0,0.0,0.191375735,0.0,0.0,0.0,0.0,7.4,7.4,0.0,0.0,0.0,7.4,0.191375735,0.0,7.4,0.0,7.591375735
2025-09-08T19:00:00+02:00,24.3,84,0.0,88,8.2,106.0,26.0,80.0,WD_HOME,WD_HOME,False,EMPTY,FULL,False,,False,,2025-09-08T08:43:34.545784+02:00,2025-09-08T16:21:02.999784+02:00,WD_HOME,23.227542179,21.519699664,23.65036988,off,True,True,1.0,1.0,0.060657674,0.130897257,0.0,0.0,0.0,0.0,0.0,0.0,0.0,0.0,0.191554931,0.0,0.0,0.0,0.0,7.4,7.4,0.0,0.0,0.0,7.4,0.191554931,0.0,7.4,0.0,7.591554931
2025-09-08T20:00:00+02:00,23.8,85,0.1,86,6.7,26.0,1.0,25.0,WD_HOME,WD_HOME,False,EMPTY,FULL,False,,False,,2025-09-08T08:43:34.545784+02:00,2025-09-08T16:21:02.999784+02:00,WD_HOME,23.406285149,21.519699664,23.65036988,off,True,True,1.0,1.0,0.06118305,0.130897257,1.721257139,0.0,0.0,0.0,0.346914554,0.007222385,0.0,0.0,2.267474385,0.0,0.0,0.0,0.0,7.4,7.4,0.0,0.0,0.498815793,7.898815793,0.192080307,2.075394078,7.4,0.0,10.166290178
2025-09-08T21:00:00+02:00,23.6,87,0.0,97,7.4,0.0,0.0,0.0,WD_HOME,WD_HOME,False,EMPTY,FULL,False,,False,,2025-09-08T08:43:34.545784+02:00,2025-09-08T16:21:02.999784+02:00,WD_HOME,23.471904291,21.519699664,23.65036988,off,True,True,1.0,1.0,0.062018802,0.130897257,0.0,0.0,0.0,0.0,0.353828205,0.0,0.324982315,0.081245579,0.952972158,0.0,0.0,0.0,0.0,0.785657478,0.785657478,0.0,0.0,6.590696173,7.37635365,0.192916059,0.760056099,0.785657478,0.0,8.329325808
2025-09-08T22:00:00+02:00,23.6,85,0.0,99,9.8,0.0,0.0,0.0,WD_HOME,WD_HOME,False,EMPTY,FULL,False,,False,,2025-09-08T08:43:34.545784+02:00,2025-09-08T16:21:02.999784+02:00,WD_HOME,23.493253576,21.519699664,23.65036988,off,True,True,1.0,1.0,0.063107977,0.130897257,0.0,0.0,0.0,0.0,0.0,0.005621129,0.324982315,0.081245579,0.605854257,0.0,0.0,0.0,0.0,0.0,0.0,0.0,0.0,2.57548465,2.57548465,0.194005234,0.411849023,0.0,0.0,3.181338907
2025-09-08T23:00:00+02:00,23.3,86,0.1,100,10.4,0.0,0.0,0.0,WD_HOME,WD_HOME,False,EMPTY,FULL,False,,False,,2025-09-08T08:43:34.545784+02:00,2025-09-08T16:21:02.999784+02:00,WD_HOME,23.511044647,21.519699664,23.65036988,off,True,True,1.0,1.0,0.064376347,0.130897257,0.0,0.0,0.0,0.0,0.0,0.0,0.324982315,0.081245579,0.601501498,0.0,0.0,0.0,0.0,0.0,0.0,0.0,0.0,0.0,0.0,0.195273604,0.406227894,0.0,0.0,0.601501498
2025-09-09T00:00:00+02:00,23.7,82,0.2,100,10.8,0.0,0.0,0.0,WD_HOME,WD_HOME,False,EMPTY,FULL,False,,False,,2025-09-09T08:36:28.185055+02:00,2025-09-09T17:51:56.469420+02:00,WD_HOME,23.475870539,21.807228971,23.937899187,off,True,True,1.0,1.0,0.065737476,0.130897257,0.0,0.0,0.0,0.0,0.0,0.0,0.324982315,0.081245579,0.602862627,0.0,0.0,0.0,0.0,0.0,0.0,0.0,0.0,0.0,0.0,0.196634733,0.406227894,0.0,0.0,0.602862627
2025-09-09T01:00:00+02:00,23.2,83,0.4,99,7.2,0.0,0.0,0.0,WD_HOME,WD_HOME,False,EMPTY,FULL,False,,False,,2025-09-09T08:36:28.185055+02:00,2025-09-09T17:51:56.469420+02:00,WD_HOME,23.513225449,21.807228971,23.937899187,off,True,True,1.0,1.0,0.067098604,0.130897257,0.0,0.0,0.0,0.0,0.0,0.0,0.324982315,0.081245579,0.604223755,0.0,0.0,0.0,0.0,0.0,0.0,0.0,0.0,0.0,0.0,0.197995861,0.406227894,0.0,0.0,0.604223755
2025-09-09T02:00:00+02:00,22.9,85,0.6,99,6.4,0.0,0.0,0.0,WD_HOME,WD_HOME,False,EMPTY,FULL,False,,False,,2025-09-09T08:36:28.185055+02:00,2025-09-09T17:51:56.469420+02:00,WD_HOME,23.461021207,21.807228971,23.937899187,off,True,True,1.0,1.0,0.068366975,0.130897257,0.0,0.0,0.0,0.0,0.0,0.0,0.324982315,0.081245579,0.605492126,0.0,0.0,0.0,0.0,0.0,0.0,0.0,0.0,0.0,0.0,0.199264232,0.406227894,0.0,0.0,0.605492126
2025-09-09T03:00:00+02:00,22.6,84,0.8,99,6.2,0.0,0.0,0.0,WD_HOME,WD_HOME,False,EMPTY,FULL,False,,False,,2025-09-09T08:36:28.185055+02:00,2025-09-09T17:51:56.469420+02:00,WD_HOME,23.367517673,21.807228971,23.937899187,off,True,True,1.0,1.0,0.069456149,0.130897257,0.0,0.0,0.0,0.0,0.0,0.0,0.324982315,0.081245579,0.6065813,0.0,0.0,0.0,0.0,0.0,0.0,0.0,0.0,0.0,0.0,0.200353406,0.406227894,0.0,0.0,0.6065813
2025-09-09T04:00:00+02:00,22.2,86,0.9,96,9.1,0.0,0.0,0.0,WD_HOME,WD_HOME,False,EMPTY,FULL,False,,False,,2025-09-09T08:36:28.185055+02:00,2025-09-09T17:51:56.469420+02:00,WD_HOME,23.239598061,21.807228971,23.937899187,off,True,True,1.0,1.0,0.070291902,0.130897257,0.0,0.0,0.0,0.0,0.0,0.0,0.324982315,0.081245579,0.607417053,0.0,0.0,0.0,0.0,0.0,0.0,0.0,0.0,0.0,0.0,0.201189159,0.406227894,0.0,0.0,0.607417053
2025-09-09T05:00:00+02:00,22.0,87,0.3,94,9.5,0.0,0.0,0.0,WD_HOME,WD_HOME,False,EMPTY,FULL,False,,False,,2025-09-09T08:36:28.185055+02:00,2025-09-09T17:51:56.469420+02:00,WD_HOME,23.066331717,21.807228971,23.937899187,off,True,True,1.0,1.0,0.070817278,0.130897257,0.0,0.0,0.0,0.0,0.0,0.0,0.324982315,0.081245579,0.607942429,0.0,0.0,0.0,0.0,0.0,0.0,0.0,0.0,0.0,0.0,0.201714535,0.406227894,0.0,0.0,0.607942429
2025-09-09T06:00:00+02:00,21.4,89,1.2,93,11.8,0.0,0.0,0.0,WD_HOME,WD_HOME,False,EMPTY,FULL,False,,False,,2025-09-09T08:36:28.185055+02:00,2025-09-09T17:51:56.469420+02:00,WD_HOME,22.888609764,21.807228971,23.937899187,off,True,True,1.0,1.0,0.070996474,0.130897257,0.0,0.0,0.0,0.0,0.0,0.0,0.324982315,0.081245579,0.608121625,0.0,0.0,0.0,0.0,0.0,0.0,0.0,0.0,0.0,0.0,0.201893731,0.406227894,0.0,0.0,0.608121625
2025-09-09T07:00:00+02:00,20.9,90,2.4,98,14.6,0.0,0.0,0.0,WD_HOME,WD_HOME,False,EMPTY,FULL,False,,False,,2025-09-09T08:36:28.185055+02:00,2025-09-09T17:51:56.469420+02:00,WD_HOME,22.640508137,21.807228971,23.937899187,off,True,True,1.0,1.0,0.070817278,0.130897257,0.900780446,0.0,0.0,0.0,0.0,0.0,0.324982315,0.081245579,1.508722875,0.0,0.0,0.0,0.0,0.0,0.0,0.0,0.0,0.0,0.0,0.201714535,1.307008340,0.0,0.0,1.508722875
2025-09-09T08:00:00+02:00,21.0,87,5.1,100,14.1,2.0,0.0,2.0,WD_HOME,WD_HOME,False,EMPTY,FULL,False,,False,,2025-09-09T08:36:28.185055+02:00,2025-09-09T17:51:56.469420+02:00,WD_HOME,22.350423448,21.807228971,23.937899187,off,True,True,0.529890214,0.606342281,0.070291902,0.130897257,0.038283285,0.0,0.0,0.0,0.0,0.0,0.0,0.0,0.239472444,0.0,0.0,0.0,0.0,0.0,0.0,0.0,0.0,0.0,0.0,0.201189159,0.038283285,0.0,0.0,0.239472444
2025-09-09T09:00:00+02:00,20.8,89,3.6,100,13.7,33.0,2.0,31.0,WD_HOME,WD_HOME,False,EMPTY,EMPTY,False,,False,,2025-09-09T08:36:28.185055+02:00,2025-09-09T17:51:56.469420+02:00,WD_HOME,22.125352873,20.807228971,24.937899187,off,False,False,0.0,0.0,0.069456149,0.130897257,0.0,0.0,0.0,0.0,0.0,0.0,0.0,0.0,0.200353406,0.0,0.0,0.0,0.0,0.0,0.0,0.0,0.0,0.0,0.0,0.200353406,0.0,0.0,0.0,0.200353406
2025-09-09T10:00:00+02:00,20.7,89,2.2,100,13.2,85.0,15.0,70.0,WD_HOME,WD_HOME,False,EMPTY,EMPTY,False,,False,,2025-09-09T08:36:28.185055+02:00,2025-09-09T17:51:56.469420+02:00,WD_HOME,21.904460727,20.807228971,24.937899187,off,False,False,0.0,0.0,0.068366975,0.130897257,0.0,0.0,0.0,0.0,0.0,0.0,0.0,0.0,0.199264232,0.0,0.0,0.0,0.0,0.0,0.0,0.68404505,0.0,0.0,0.68404505,0.199264232,0.0,0.0,0.68404505,0.883309282
2025-09-09T11:00:00+02:00,20.2,90,1.4,100,11.9,124.0,35.0,89.0,WD_HOME,WD_HOME,False,EMPTY,EMPTY,False,,False,,2025-09-09T08:36:28.185055+02:00,2025-09-09T17:51:56.469420+02:00,WD_HOME,21.703717273,20.807228971,24.937899187,off,False,False,0.0,0.0,0.067098604,0.130897257,0.0,0.0,0.0,0.0,0.0,0.0,0.0,0.0,0.197995861,0.0,0.0,0.0,0.0,0.0,0.0,0.880530278,0.0,0.0,0.880530278,0.197995861,0.0,0.0,0.880530278,1.078526139
2025-09-09T12:00:00+02:00,21.4,79,0.3,97,3.5,192.0,63.0,129.0,WD_HOME,WD_HOME,False,EMPTY,EMPTY,False,,False,,2025-09-09T08:36:28.185055+02:00,2025-09-09T17:51:56.469420+02:00,WD_HOME,21.453097727,20.807228971,24.937899187,off,False,False,0.0,0.0,0.065737476,0.130897257,0.0,0.0,0.0,0.0,0.0,0.0,0.0,0.0,0.196634733,0.0,0.0,0.0,0.0,0.0,0.0,0.880530278,0.0,0.0,0.880530278,0.196634733,0.0,0.0,0.880530278,1.077165011
2025-09-09T13:00:00+02:00,22.3,75,0.2,98,3.1,217.0,10.0,207.0,WD_HOME,WD_HOME,False,EMPTY,EMPTY,False,,False,,2025-09-09T08:36:28.185055+02:00,2025-09-09T17:51:56.469420+02:00,WD_HOME,21.444248106,20.807228971,24.937899187,off,False,False,0.0,0.0,0.064376347,0.130897257,0.0,0.0,0.0,0.0,0.0,0.0,0.0,0.0,0.195273604,0.0,0.0,0.0,0.0,0.0,0.0,0.880530278,0.0,0.0,0.880530278,0.195273604,0.0,0.0,0.880530278,1.075803882
2025-09-09T14:00:00+02:00,23.0,70,0.0,100,2.0,249.0,27.0,222.0,WD_HOME,WD_HOME,False,EMPTY,EMPTY,False,,False,,2025-09-09T08:36:28.185055+02:00,2025-09-09T17:51:56.469420+02:00,WD_HOME,21.586873422,20.807228971,24.937899187,off,False,False,0.0,0.0,0.063107977,0.130897257,0.0,0.0,0.0,0.0,0.0,0.0,0.0,0.0,0.194005234,0.0,0.0,0.0,0.0,0.0,0.0,0.880530278,0.0,0.0,0.880530278,0.194005234,0.0,0.0,0.880530278,1.074535512
2025-09-09T15:00:00+02:00,23.0,69,0.0,100,5.2,214.0,28.0,186.0,WD_HOME,WD_HOME,False,EMPTY,EMPTY,False,,False,,2025-09-09T08:36:28.185055+02:00,2025-09-09T17:51:56.469420+02:00,WD_HOME,21.822394518,20.807228971,24.937899187,off,False,False,0.0,0.0,0.062018802,0.130897257,0.0,0.0,0.0,0.0,0.0,0.0,0.0,0.0,0.192916059,0.0,0.0,0.0,0.0,0.0,0.0,0.880530278,0.0,0.0,0.880530278,0.192916059,0.0,0.0,0.880530278,1.073446337
2025-09-09T16:00:00+02:00,23.2,67,0.0,100,7.0,251.0,38.0,213.0,WD_HOME,WD_HOME,False,EMPTY,EMPTY,False,,False,,2025-09-09T08:36:28.185055+02:00,2025-09-09T17:51:56.469420+02:00,WD_HOME,22.018662098,20.807228971,24.937899187,off,False,True,0.0,0.341715696,0.06118305,0.130897257,0.0,0.0,0.0,0.0,0.0,0.0,0.0,0.0,0.192080307,0.0,0.0,0.0,0.0,0.0,0.0,0.880530278,0.0,0.0,0.880530278,0.192080307,0.0,0.0,0.880530278,1.072610585
2025-09-09T17:00:00+02:00,23.0,67,0.0,100,7.6,257.0,19.0,238.0,WD_HOME,WD_HOME,False,EMPTY,EMPTY,False,,False,,2025-09-09T08:36:28.185055+02:00,2025-09-09T17:51:56.469420+02:00,WD_HOME,22.215551749,20.807228971,24.937899187,off,False,True,0.0,1.0,0.060657674,0.130897257,0.0,0.0,0.0,0.0,0.0,0.0,0.0,0.0,0.191554931,0.0,0.0,0.0,0.0,5.196567529,5.196567529,0.774206671,0.0,0.0,5.9707742,0.191554931,0.0,5.196567529,0.774206671,6.162329131
2025-09-09T18:00:00+02:00,22.8,69,0.0,100,7.4,209.0,52.0,157.0,WD_HOME,WD_HOME,False,EMPTY,FULL,False,,False,,2025-09-09T08:36:28.185055+02:00,2025-09-09T17:51:56.469420+02:00,WD_HOME,22.346293124,21.807228971,23.937899187,off,True,True,0.047026542,1.0,0.060478478,0.130897257,0.0,0.0,0.0,0.0,0.0,0.0,0.0,0.0,0.191375735,0.0,0.0,0.0,0.0,7.4,7.4,0.0,0.0,0.0,7.4,0.191375735,0.0,7.4,0.0,7.591375735
2025-09-09T19:00:00+02:00,22.6,70,0.0,100,5.6,89.0,5.0,84.0,WD_HOME,WD_HOME,False,EMPTY,FULL,False,,False,,2025-09-09T08:36:28.185055+02:00,2025-09-09T17:51:56.469420+02:00,WD_HOME,22.421910937,21.807228971,23.937899187,off,True,True,1.0,1.0,0.060657674,0.130897257,0.0,0.0,0.0,0.0,0.0,0.0,0.0,0.0,0.191554931,0.0,0.0,0.0,0.447929844,0.829045152,1.276974996,0.0,0.0,0.0,1.276974996,0.191554931,0.0,1.276974996,0.0,1.468529927
2025-09-09T20:00:00+02:00,22.1,73,0.0,100,3.2,32.0,1.0,31.0,WD_HOME,WD_HOME,False,EMPTY,FULL,False,,False,,2025-09-09T08:36:28.185055+02:00,2025-09-09T17:51:56.469420+02:00,WD_HOME,22.451592447,21.807228971,23.937899187,off,True,True,1.0,1.0,0.06118305,0.130897257,0.0,0.0,0.0,0.0,0.117688662,0.0,0.0,0.0,0.309768969,0.0,0.0,0.0,7.4,0.0,7.4,0.0,0.0,0.0,7.4,0.192080307,0.117688662,7.4,0.0,7.709768969
2025-09-09T21:00:00+02:00,22.2,72,0.0,100,1.7,0.0,0.0,0.0,WD_HOME,WD_HOME,False,EMPTY,FULL,False,,False,,2025-09-09T08:36:28.185055+02:00,2025-09-09T17:51:56.469420+02:00,WD_HOME,22.392993706,21.807228971,23.937899187,off,True,True,1.0,1.0,0.062018802,0.130897257,0.0,0.0,0.0,0.0,0.191548588,0.0,0.324982315,0.081245579,0.790692541,0.0,0.0,0.0,4.654881638,0.0,4.654881638,0.0,0.0,0.0,4.654881638,0.192916059,0.597776482,4.654881638,0.0,5.445574179
2025-09-09T22:00:00+02:00,22.2,73,0.0,100,0.9,0.0,0.0,0.0,WD_HOME,WD_HOME,False,EMPTY,FULL,False,,False,,2025-09-09T08:36:28.185055+02:00,2025-09-09T17:51:56.469420+02:00,WD_HOME,22.360828088,21.807228971,23.937899187,off,True,True,1.0,1.0,0.063107977,0.130897257,0.0,0.0,0.0,0.0,0.142168231,0.018495666,0.324982315,0.081245579,0.760897025,0.0,0.0,0.0,0.0,0.0,0.0,0.0,0.0,0.0,0.0,0.194005234,0.566891791,0.0,0.0,0.760897025
2025-09-09T23:00:00+02:00,21.0,81,0.0,97,1.7,0.0,0.0,0.0,WD_HOME,WD_HOME,False,EMPTY,FULL,False,,False,,2025-09-09T08:36:28.185055+02:00,2025-09-09T17:51:56.469420+02:00,WD_HOME,22.334023407,21.807228971,23.937899187,off,True,True,1.0,1.0,0.064376347,0.130897257,0.0,0.0,0.0,0.0,0.0,0.0,0.324982315,0.081245579,0.601501498,0.0,0.0,0.0,0.0,0.0,0.0,0.0,0.0,0.0,0.0,0.195273604,0.406227894,0.0,0.0,0.601501498
2025-09-10T00:00:00+02:00,21.4,79,0.0,99,4.8,0.0,0.0,0.0,WD_HOME,WD_HOME,False,EMPTY,FULL,False,,False,,2025-09-10T08:45:04.779530+02:00,2025-09-10T18:59:44.618843+02:00,WD_HOME,22.111686172,21.084753983,23.215424199,off,True,True,1.0,1.0,0.065737476,0.130897257,0.0,0.0,0.0,0.0,0.0,0.0,0.324982315,0.081245579,0.602862627,0.0,0.0,0.0,0.0,0.0,0.0,0.0,0.0,0.0,0.0,0.196634733,0.406227894,0.0,0.0,0.602862627
2025-09-10T01:00:00+02:00,20.7,83,0.0,99,4.7,0.0,0.0,0.0,WD_HOME,WD_HOME,False,EMPTY,FULL,False,,False,,2025-09-10T08:45:04.779530+02:00,2025-09-10T18:59:44.618843+02:00,WD_HOME,21.99307181,21.084753983,23.215424199,off,True,True,1.0,1.0,0.067098604,0.130897257,0.0,0.0,0.0,0.0,0.0,0.0,0.324982315,0.081245579,0.604223755,0.0,0.0,0.0,0.0,0.0,0.0,0.0,0.0,0.0,0.0,0.197995861,0.406227894,0.0,0.0,0.604223755
2025-09-10T02:00:00+02:00,20.0,89,0.0,97,3.1,0.0,0.0,0.0,WD_HOME,WD_HOME,False,EMPTY,FULL,False,,False,,2025-09-10T08:45:04.779530+02:00,2025-09-10T18:59:44.618843+02:00,WD_HOME,21.777559842,21.084753983,23.215424199,off,True,True,1.0,1.0,0.068366975,0.130897257,0.0,0.0,0.0,0.0,0.0,0.0,0.324982315,0.081245579,0.605492126,0.0,0.0,0.0,0.0,0.0,0.0,0.0,0.0,0.0,0.0,0.199264232,0.406227894,0.0,0.0,0.605492126
2025-09-10T03:00:00+02:00,20.0,90,0.0,95,3.8,0.0,0.0,0.0,WD_HOME,WD_HOME,False,EMPTY,FULL,False,,False,,2025-09-10T08:45:04.779530+02:00,2025-09-10T18:59:44.618843+02:00,WD_HOME,21.481299868,21.084753983,23.215424199,off,True,True,1.0,1.0,0.069456149,0.130897257,0.0,0.0,0.0,0.0,0.0,0.0,0.324982315,0.081245579,0.6065813,0.0,0.0,0.0,0.0,0.0,0.0,0.0,0.0,0.0,0.0,0.200353406,0.406227894,0.0,0.0,0.6065813
2025-09-10T04:00:00+02:00,19.6,92,0.0,86,5.1,0.0,0.0,0.0,WD_HOME,WD_HOME,False,EMPTY,FULL,False,,False,,2025-09-10T08:45:04.779530+02:00,2025-09-10T18:59:44.618843+02:00,WD_HOME,21.234416557,21.084753983,23.215424199,off,True,True,1.0,1.0,0.070291902,0.130897257,0.0,0.0,0.0,0.0,0.0,0.0,0.324982315,0.081245579,0.607417053,0.0,0.0,0.0,0.0,0.0,0.0,0.0,0.0,0.0,0.0,0.201189159,0.406227894,0.0,0.0,0.607417053
2025-09-10T05:00:00+02:00,19.4,92,0.0,83,7.2,0.0,0.0,0.0,WD_HOME,WD_HOME,False,EMPTY,FULL,False,,False,,2025-09-10T08:45:04.779530+02:00,2025-09-10T18:59:44.618843+02:00,WD_HOME,20.962013797,21.084753983,23.215424199,off,True,True,1.0,1.0,0.070817278,0.130897257,0.0,0.0,0.0,0.0,0.0,0.0,0.324982315,0.081245579,0.607942429,0.0,0.0,0.0,0.0,0.0,0.0,0.0,0.0,0.0,0.0,0.201714535,0.406227894,0.0,0.0,0.607942429
2025-09-10T06:00:00+02:00,19.2,91,0.0,41,6.4,0.0,0.0,0.0,WD_HOME,WD_HOME,False,EMPTY,FULL,False,,False,,2025-09-10T08:45:04.779530+02:00,2025-09-10T18:59:44.618843+02:00,WD_HOME,20.701678165,21.084753983,23.215424199,off,True,True,1.0,1.0,0.070996474,0.130897257,0.0,0.0,0.0,0.0,0.0,0.0,0.324982315,0.081245579,0.608121625,0.0,0.0,0.0,0.0,0.0,0.0,0.0,0.0,0.0,0.0,0.201893731,0.406227894,0.0,0.0,0.608121625
2025-09-10T07:00:00+02:00,19.0,91,0.0,24,6.6,0.0,0.0,0.0,WD_HOME,WD_HOME,False,EMPTY,FULL,False,,False,,2025-09-10T08:45:04.779530+02:00,2025-09-10T18:59:44.618843+02:00,WD_HOME,20.45139847,21.084753983,23.215424199,heat,True,True,1.0,1.0,0.070817278,0.130897257,0.0,0.0,0.0,0.0,0.0,0.0,0.324982315,0.081245579,0.607942429,1.727328253,0.0,1.727328253,0.0,0.0,0.0,0.0,0.0,0.0,1.727328253,0.201714535,0.406227894,0.0,0.0,2.335270682
2025-09-10T08:00:00+02:00,18.8,92,0.0,15,7.7,9.0,2.0,7.0,WD_HOME,WD_HOME,False,EMPTY,FULL,False,,False,,2025-09-10T08:45:04.779530+02:00,2025-09-10T18:59:44.618843+02:00,WD_HOME,21.209498725,21.084753983,23.215424199,off,True,True,0.922143403,0.907828012,0.070291902,0.130897257,1.505275536,0.0,0.0,0.0,0.0,0.0,0.0,0.0,1.706464695,0.0,0.0,0.0,0.0,0.0,0.0,0.0,0.0,0.0,0.0,0.201189159,1.505275536,0.0,0.0,1.706464695
2025-09-10T09:00:00+02:00,20.2,89,0.0,7,9.1,108.0,58.0,50.0,WD_HOME,WD_HOME,False,EMPTY,EMPTY,False,,False,,2025-09-10T08:45:04.779530+02:00,2025-09-10T18:59:44.618843+02:00,WD_HOME,20.807915604,20.084753983,24.215424199,off,False,False,0.0,0.0,0.069456149,0.130897257,0.0,0.0,0.0,0.0,0.0,0.0,0.0,0.0,0.200353406,0.0,0.0,0.0,0.0,0.0,0.0,0.683074796,0.0,0.0,0.683074796,0.200353406,0.0,0.0,0.683074796,0.883428202
2025-09-10T10:00:00+02:00,22.1,80,0.0,23,9.5,294.0,210.0,84.0,WD_HOME,WD_HOME,False,EMPTY,EMPTY,False,,False,,2025-09-10T08:45:04.779530+02:00,2025-09-10T18:59:44.618843+02:00,WD_HOME,20.706596337,20.084753983,24.215424199,off,False,False,0.0,0.0,0.068366975,0.130897257,0.0,0.0,0.0,0.0,0.0,0.0,0.0,0.0,0.199264232,0.0,0.0,0.0,0.0,0.0,0.0,0.880530278,0.0,0.0,0.880530278,0.199264232,0.0,0.0,0.880530278,1.079794510
2025-09-10T11:00:00+02:00,23.5,68,0.0,85,8.2,442.0,316.0,126.0,WD_HOME,WD_HOME,False,EMPTY,EMPTY,False,,False,,2025-09-10T08:45:04.779530+02:00,2025-09-10T18:59:44.618843+02:00,WD_HOME,20.938830281,20.084753983,24.215424199,off,False,False,0.0,0.0,0.067098604,0.130897257,0.0,0.0,0.0,0.0,0.0,0.0,0.0,0.0,0.197995861,0.0,0.0,0.0,0.0,0.0,0.0,0.880530278,0.0,0.0,0.880530278,0.197995861,0.0,0.0,0.880530278,1.078526139
2025-09-10T12:00:00+02:00,24.5,60,0.0,74,5.9,601.0,434.0,167.0,WD_HOME,WD_HOME,False,EMPTY,EMPTY,False,,False,,2025-09-10T08:45:04.779530+02:00,2025-09-10T18:59:44.618843+02:00,WD_HOME,21.365691901,20.084753983,24.215424199,off,False,False,0.0,0.0,0.065737476,0.130897257,0.0,0.0,0.0,0.0,0.0,0.0,0.0,0.0,0.196634733,0.0,0.0,0.0,0.0,0.0,0.0,0.880530278,0.0,0.0,0.880530278,0.196634733,0.0,0.0,0.880530278,1.077165011
2025-09-10T13:00:00+02:00,24.8,57,0.0,74,9.7,681.0,459.0,222.0,WD_HOME,WD_HOME,False,EMPTY,EMPTY,False,,False,,2025-09-10T08:45:04.779530+02:00,2025-09-10T18:59:44.618843+02:00,WD_HOME,21.888076584,20.084753983,24.215424199,off,False,False,0.0,0.0,0.064376347,0.130897257,0.0,0.0,0.0,0.0,0.0,0.0,0.0,0.0,0.195273604,0.0,0.0,0.0,0.0,0.0,0.0,0.880530278,0.0,0.0,0.880530278,0.195273604,0.0,0.0,0.880530278,1.075803882
2025-09-10T14:00:00+02:00,25.9,52,0.0,72,13.9,702.0,484.0,218.0,WD_HOME,WD_HOME,False,EMPTY,EMPTY,False,,False,,2025-09-10T08:45:04.779530+02:00,2025-09-10T18:59:44.618843+02:00,WD_HOME,22.373397153,20.084753983,24.215424199,off,False,False,0.0,0.0,0.063107977,0.130897257,0.0,0.0,0.0,0.0,0.0,0.0,0.0,0.0,0.194005234,0.0,0.0,0.0,0.0,0.0,0.0,0.880530278,0.0,0.0,0.880530278,0.194005234,0.0,0.0,0.880530278,1.074535512
2025-09-10T15:00:00+02:00,26.9,46,0.0,11,17.5,691.0,485.0,206.0,WD_HOME,WD_HOME,False,EMPTY,EMPTY,False,,False,,2025-09-10T08:45:04.779530+02:00,2025-09-10T18:59:44.618843+02:00,WD_HOME,22.961164294,20.084753983,24.215424199,off,False,False,0.0,0.0,0.062018802,0.130897257,0.0,0.0,0.0,0.0,0.0,0.0,0.0,0.0,0.192916059,0.0,0.0,0.0,0.0,0.0,0.0,0.880530278,0.0,0.0,0.880530278,0.192916059,0.0,0.0,0.880530278,1.073446337
2025-09-10T16:00:00+02:00,27.9,43,0.0,9,20.4,651.0,477.0,174.0,WD_HOME,WD_HOME,False,EMPTY,EMPTY,False,,False,,2025-09-10T08:45:04.779530+02:00,2025-09-10T18:59:44.618843+02:00,WD_HOME,23.617636912,20.084753983,24.215424199,off,False,False,0.0,0.0,0.06118305,0.130897257,0.0,0.0,0.0,0.0,0.0,0.0,0.0,0.0,0.192080307,0.0,0.0,0.0,0.0,0.0,0.0,0.189624906,0.0,0.0,0.189624906,0.192080307,0.0,0.0,0.189624906,0.381705213
2025-09-10T17:00:00+02:00,27.3,45,0.0,10,21.3,536.0,388.0,148.0,WD_HOME,WD_HOME,False,EMPTY,EMPTY,False,,False,,2025-09-10T08:45:04.779530+02:00,2025-09-10T18:59:44.618843+02:00,WD_HOME,24.331364093,20.084753983,24.215424199,off,False,True,0.0,0.716767446,0.060657674,0.130897257,0.0,0.0,0.0,0.0,0.0,0.0,0.0,0.0,0.191554931,0.0,0.0,0.0,0.0,0.290544821,0.290544821,0.0,0.0,0.0,0.290544821,0.191554931,0.0,0.290544821,0.0,0.482099752
2025-09-10T18:00:00+02:00,26.6,48,0.0,15,20.0,409.0,301.0,108.0,WD_HOME,WD_HOME,False,EMPTY,EMPTY,False,,False,,2025-09-10T08:45:04.779530+02:00,2025-09-10T18:59:44.618843+02:00,WD_HOME,24.826136744,20.084753983,24.215424199,cool,True,True,0.482540897,1.0,0.060478478,0.130897257,1.642686679,0.0,0.0,0.0,0.0,0.0,0.0,0.0,1.834062414,0.0,1.40039609,1.40039609,0.0,7.4,7.4,0.0,0.0,0.0,8.80039609,0.191375735,1.642686679,7.4,0.0,10.634458504
2025-09-10T19:00:00+02:00,26.1,52,0.0,30,17.4,212.0,142.0,70.0,WD_HOME,WD_HOME,False,EMPTY,FULL,False,,False,,2025-09-10T08:45:04.779530+02:00,2025-09-10T18:59:44.618843+02:00,WD_HOME,24.12178062,21.084753983,23.215424199,cool,True,True,1.0,1.0,0.060657674,0.130897257,0.0,0.0,0.0,0.0,0.0,0.018095701,0.0,0.0,0.209650632,0.0,1.40039609,1.40039609,5.268532032,3.946182606,9.214714638,0.0,0.0,0.0,10.615110728,0.191554931,0.018095701,9.214714638,0.0,10.824761360
2025-09-10T20:00:00+02:00,24.9,55,0.0,10,13.9,69.0,41.0,28.0,WD_HOME,WD_HOME,False,EMPTY,FULL,False,,False,,2025-09-10T08:45:04.779530+02:00,2025-09-10T18:59:44.618843+02:00,WD_HOME,23.45148385,21.084753983,23.215424199,cool,True,True,1.0,1.0,0.06118305,0.130897257,0.0,0.276847989,0.0,0.0,0.0,0.011645047,0.0,0.0,0.480573343,0.0,1.40039609,1.40039609,7.4,0.0,7.4,0.0,0.0,0.0,8.80039609,0.192080307,0.288493036,7.4,0.0,9.280969433
2025-09-10T21:00:00+02:00,23.9,60,0.0,10,12.8,0.0,0.0,0.0,WD_HOME,WD_HOME,False,EMPTY,FULL,False,,False,,2025-09-10T08:45:04.779530+02:00,2025-09-10T18:59:44.618843+02:00,WD_HOME,22.692903209,21.084753983,23.215424199,off,True,True,1.0,1.0,0.062018802,0.130897257,0.0,0.537207048,0.0,0.0,0.0,0.0,0.324982315,0.081245579,1.136351001,0.0,0.0,0.0,7.4,0.0,7.4,0.0,0.0,0.0,7.4,0.192916059,0.943434942,7.4,0.0,8.536351001
2025-09-10T22:00:00+02:00,23.0,65,0.0,14,12.1,0.0,0.0,0.0,WD_HOME,WD_HOME,False,EMPTY,FULL,False,,False,,2025-09-10T08:45:04.779530+02:00,2025-09-10T18:59:44.618843+02:00,WD_HOME,22.894086007,21.084753983,23.215424199,off,True,True,1.0,1.0,0.063107977,0.130897257,0.0,0.015837279,0.0,0.0,0.0,0.0,0.324982315,0.081245579,0.616070407,0.0,0.0,0.0,2.562151471,0.0,2.562151471,0.0,0.0,0.0,2.562151471,0.194005234,0.422065173,2.562151471,0.0,3.178221878
2025-09-10T23:00:00+02:00,22.1,66,0.0,17,9.2,0.0,0.0,0.0,WD_HOME,WD_HOME,False,EMPTY,FULL,False,,False,,2025-09-10T08:45:04.779530+02:00,2025-09-10T18:59:44.618843+02:00,WD_HOME,22.911738339,21.084753983,23.215424199,off,True,True,1.0,1.0,0.064376347,0.130897257,0.0,0.0,0.0,0.0,0.0,0.0,0.324982315,0.081245579,0.601501498,0.0,0.0,0.0,0.0,0.0,0.0,0.0,0.0,0.0,0.0,0.195273604,0.406227894,0.0,0.0,0.601501498
2025-09-11T00:00:00+02:00,21.7,64,0.0,6,7.5,0.0,0.0,0.0,WD_HOME,WD_HOME,False,EMPTY,FULL,False,,False,,2025-09-11T08:47:40.300520+02:00,2025-09-11T17:19:41.457191+02:00,WD_HOME,22.776448616,21.623070994,23.753741211,off,True,True,1.0,1.0,0.065737476,0.130897257,0.0,0.0,0.0,0.0,0.0,0.0,0.324982315,0.081245579,0.602862627,0.0,0.0,0.0,0.0,0.0,0.0,0.0,0.0,0.0,0.0,0.196634733,0.406227894,0.0,0.0,0.602862627
2025-09-11T01:00:00+02:00,21.1,67,0.0,1,6.6,0.0,0.0,0.0,WD_HOME,WD_HOME,False,EMPTY,FULL,False,,False,,2025-09-11T08:47:40.300520+02:00,2025-09-11T17:19:41.457191+02:00,WD_HOME,22.597040513,21.623070994,23.753741211,off,True,True,1.0,1.0,0.067098604,0.130897257,0.0,0.0,0.0,0.0,0.0,0.0,0.324982315,0.081245579,0.604223755,0.0,0.0,0.0,0.0,0.0,0.0,0.0,0.0,0.0,0.0,0.197995861,0.406227894,0.0,0.0,0.604223755
2025-09-11T02:00:00+02:00,20.2,74,0.0,3,5.8,0.0,0.0,0.0,WD_HOME,WD_HOME,False,EMPTY,FULL,False,,False,,2025-09-11T08:47:40.300520+02:00,2025-09-11T17:19:41.457191+02:00,WD_HOME,22.347533761,21.623070994,23.753741211,off,True,True,1.0,1.0,0.068366975,0.130897257,0.0,0.0,0.0,0.0,0.0,0.0,0.324982315,0.081245579,0.605492126,0.0,0.0,0.0,0.0,0.0,0.0,0.0,0.0,0.0,0.0,0.199264232,0.406227894,0.0,0.0,0.605492126
2025-09-11T03:00:00+02:00,19.6,77,0.0,3,6.1,0.0,0.0,0.0,WD_HOME,WD_HOME,False,EMPTY,FULL,False,,False,,2025-09-11T08:47:40.300520+02:00,2025-09-11T17:19:41.457191+02:00,WD_HOME,21.989611468,21.623070994,23.753741211,off,True,True,1.0,1.0,0.069456149,0.130897257,0.0,0.0,0.0,0.0,0.0,0.0,0.324982315,0.081245579,0.6065813,0.0,0.0,0.0,0.0,0.0,0.0,0.0,0.0,0.0,0.0,0.200353406,0.406227894,0.0,0.0,0.6065813
2025-09-11T04:00:00+02:00,19.0,80,0.0,2,6.4,0.0,0.0,0.0,WD_HOME,WD_HOME,False,EMPTY,FULL,False,,False,,2025-09-11T08:47:40.300520+02:00,2025-09-11T17:19:41.457191+02:00,WD_HOME,21.59134289,21.623070994,23.753741211,off,True,True,1.0,1.0,0.070291902,0.130897257,0.0,0.0,0.0,0.0,0.0,0.0,0.324982315,0.081245579,0.607417053,0.0,0.0,0.0,0.0,0.0,0.0,0.0,0.0,0.0,0.0,0.201189159,0.406227894,0.0,0.0,0.607417053
2025-09-11T05:00:00+02:00,18.7,85,0.0,6,6.8,0.0,0.0,0.0,WD_HOME,WD_HOME,False,EMPTY,FULL,False,,False,,2025-09-11T08:47:40.300520+02:00,2025-09-11T17:19:41.457191+02:00,WD_HOME,21.159452408,21.623070994,23.753741211,off,True,True,1.0,1.0,0.070817278,0.130897257,0.0,0.0,0.0,0.0,0.0,0.0,0.324982315,0.081245579,0.607942429,0.0,0.0,0.0,0.0,0.0,0.0,0.0,0.0,0.0,0.0,0.201714535,0.406227894,0.0,0.0,0.607942429
2025-09-11T06:00:00+02:00,19.3,84,0.0,15,7.1,0.0,0.0,0.0,WD_HOME,WD_HOME,False,EMPTY,FULL,False,,False,,2025-09-11T08:47:40.300520+02:00,2025-09-11T17:19:41.457191+02:00,WD_HOME,20.749543673,21.623070994,23.753741211,heat,True,True,1.0,1.0,0.070996474,0.130897257,0.0,0.0,0.0,0.0,0.0,0.0,0.324982315,0.081245579,0.608121625,1.727328253,0.0,1.727328253,0.0,0.0,0.0,0.0,0.0,0.0,1.727328253,0.201893731,0.406227894,0.0,0.0,2.335449878
2025-09-11T07:00:00+02:00,19.4,85,0.0,18,6.9,0.0,0.0,0.0,WD_HOME,WD_HOME,False,EMPTY,FULL,False,,False,,2025-09-11T08:47:40.300520+02:00,2025-09-11T17:19:41.457191+02:00,WD_HOME,21.507953061,21.623070994,23.753741211,heat,True,True,1.0,1.0,0.070817278,0.130897257,0.0,0.0,0.0,0.0,0.0,0.0,0.324982315,0.081245579,0.607942429,1.727328253,0.0,1.727328253,0.0,0.0,0.0,0.0,0.0,0.0,1.727328253,0.201714535,0.406227894,0.0,0.0,2.335270682
2025-09-11T08:00:00+02:00,19.5,87,0.0,26,7.1,10.0,3.0,7.0,WD_HOME,WD_HOME,False,EMPTY,FULL,False,,False,,2025-09-11T08:47:40.300520+02:00,2025-09-11T17:19:41.457191+02:00,WD_HOME,22.156627551,21.623070994,23.753741211,off,True,True,0.592053472,0.595927989,0.070291902,0.130897257,0.0,0.0,0.0,0.0,0.0,0.0,0.0,0.0,0.201189159,0.0,0.0,0.0,0.0,0.0,0.0,0.175819837,0.0,0.0,0.175819837,0.201189159,0.0,0.0,0.175819837,0.377008996
2025-09-11T09:00:00+02:00,21.8,81,0.0,32,8.5,115.0,70.0,45.0,WD_HOME,WD_HOME,False,EMPTY,EMPTY,False,,False,,2025-09-11T08:47:40.300520+02:00,2025-09-11T17:19:41.457191+02:00,WD_HOME,21.713856292,20.623070994,24.753741211,off,False,False,0.0,0.0,0.069456149,0.130897257,0.0,0.0,0.0,0.0,0.0,0.0,0.0,0.0,0.200353406,0.0,0.0,0.0,0.0,0.0,0.0,0.880530278,0.0,0.0,0.880530278,0.200353406,0.0,0.0,0.880530278,1.080883684
2025-09-11T10:00:00+02:00,22.6,79,0.2,41,10.7,266.0,180.0,86.0,WD_HOME,WD_HOME,False,EMPTY,EMPTY,False,,False,,2025-09-11T08:47:40.300520+02:00,2025-09-11T17:19:41.457191+02:00,WD_HOME,21.728213577,20.623070994,24.753741211,off,False,False,0.0,0.0,0.068366975,0.130897257,0.0,0.0,0.0,0.0,0.0,0.0,0.0,0.0,0.199264232,0.0,0.0,0.0,0.0,0.0,0.0,0.880530278,0.0,0.0,0.880530278,0.199264232,0.0,0.0,0.880530278,1.079794510
2025-09-11T11:00:00+02:00,23.3,76,0.4,62,12.7,383.0,276.0,107.0,WD_HOME,WD_HOME,False,EMPTY,EMPTY,False,,False,,2025-09-11T08:47:40.300520+02:00,2025-09-11T17:19:41.457191+02:00,WD_HOME,21.873511314,20.623070994,24.753741211,off,False,False,0.0,0.0,0.067098604,0.130897257,0.0,0.0,0.0,0.0,0.0,0.0,0.0,0.0,0.197995861,0.0,0.0,0.0,0.0,0.0,0.0,0.880530278,0.0,0.0,0.880530278,0.197995861,0.0,0.0,0.880530278,1.078526139
2025-09-11T12:00:00+02:00,24.0,72,0.6,62,12.6,439.0,287.0,152.0,WD_HOME,WD_HOME,False,EMPTY,EMPTY,False,,False,,2025-09-11T08:47:40.300520+02:00,2025-09-11T17:19:41.457191+02:00,WD_HOME,22.111259429,20.623070994,24.753741211,off,False,False,0.0,0.0,0.065737476,0.130897257,0.0,0.0,0.0,0.0,0.0,0.0,0.0,0.0,0.196634733,0.0,0.0,0.0,0.0,0.0,0.0,0.880530278,0.0,0.0,0.880530278,0.196634733,0.0,0.0,0.880530278,1.077165011
2025-09-11T13:00:00+02:00,24.5,71,0.5,67,14.2,599.0,433.0,166.0,WD_HOME,WD_HOME,False,EMPTY,EMPTY,False,,False,,2025-09-11T08:47:40.300520+02:00,2025-09-11T17:19:41.457191+02:00,WD_HOME,22.426049524,20.623070994,24.753741211,off,False,False,0.0,0.0,0.064376347,0.130897257,0.0,0.0,0.0,0.0,0.0,0.0,0.0,0.0,0.195273604,0.0,0.0,0.0,0.0,0.0,0.0,0.704277565,0.0,0.0,0.704277565,0.195273604,0.0,0.0,0.704277565,0.899551169
2025-09-11T14:00:00+02:00,24.2,72,0.5,73,14.8,583.0,438.0,145.0,WD_HOME,WD_HOME,False,EMPTY,EMPTY,False,,False,,2025-09-11T08:47:40.300520+02:00,2025-09-11T17:19:41.457191+02:00,WD_HOME,22.771707936,20.623070994,24.753741211,off,False,False,0.0,0.0,0.063107977,0.130897257,0.0,0.0,0.0,0.0,0.0,0.0,0.0,0.0,0.194005234,0.0,0.0,0.0,0.0,0.0,0.0,0.0,0.0,0.0,0.0,0.194005234,0.0,0.0,0.0,0.194005234
2025-09-11T15:00:00+02:00,23.9,75,0.5,77,14.8,537.0,356.0,181.0,WD_HOME,WD_HOME,False,EMPTY,EMPTY,False,,False,,2025-09-11T08:47:40.300520+02:00,2025-09-11T17:19:41.457191+02:00,WD_HOME,23.009756614,20.623070994,24.753741211,off,False,False,0.0,0.0,0.062018802,0.130897257,0.0,0.0,0.0,0.0,0.0,0.0,0.0,0.0,0.192916059,0.0,0.0,0.0,0.0,0.0,0.0,0.0,0.0,0.0,0.0,0.192916059,0.0,0.0,0.0,0.192916059
2025-09-11T16:00:00+02:00,23.8,78,0.5,92,15.1,446.0,292.0,154.0,WD_HOME,WD_HOME,False,EMPTY,EMPTY,False,,False,,2025-09-11T08:47:40.300520+02:00,2025-09-11T17:19:41.457191+02:00,WD_HOME,23.158130511,20.623070994,24.753741211,off,False,False,0.0,0.0,0.06118305,0.130897257,0.0,0.0,0.0,0.0,0.0,0.0,0.0,0.0,0.192080307,0.0,0.0,0.0,0.0,0.0,0.0,0.164320481,0.0,0.0,0.164320481,0.192080307,0.0,0.0,0.164320481,0.356400788
2025-09-11T17:00:00+02:00,23.4,80,0.4,94,15.0,430.0,292.0,138.0,WD_HOME,WD_HOME,False,EMPTY,FULL,False,,False,,2025-09-11T08:47:40.300520+02:00,2025-09-11T17:19:41.457191+02:00,WD_HOME,23.26510876,21.623070994,23.753741211,off,False,False,0.0,0.0,0.060657674,0.130897257,0.0,0.0,0.0,0.0,0.0,0.0,0.0,0.0,0.191554931,0.0,0.0,0.0,0.0,0.0,0.0,0.880530278,0.0,0.0,0.880530278,0.191554931,0.0,0.0,0.880530278,1.072085209
2025-09-11T18:00:00+02:00,23.1,82,0.1,86,14.1,294.0,183.0,111.0,WD_HOME,WD_HOME,False,EMPTY,FULL,False,,False,,2025-09-11T08:47:40.300520+02:00,2025-09-11T17:19:41.457191+02:00,WD_HOME,23.287590633,21.623070994,23.753741211,off,True,True,0.331212795,0.649533789,0.060478478,0.130897257,0.288980811,0.0,0.0,0.0,0.0,0.0,0.0,0.0,0.480356546,0.0,0.0,0.0,0.0,4.193827267,4.193827267,0.880530278,0.0,0.0,5.074357545,0.191375735,0.288980811,4.193827267,0.880530278,5.554714091
2025-09-11T19:00:00+02:00,22.1,85,0.1,79,13.3,179.0,104.0,75.0,WD_HOME,WD_HOME,False,EMPTY,FULL,False,,False,,2025-09-11T08:47:40.300520+02:00,2025-09-11T17:19:41.457191+02:00,WD_HOME,23.256325527,21.623070994,23.753741211,off,True,True,1.0,1.0,0.060657674,0.130897257,2.009027414,0.0,0.0,0.0,0.0,0.0,0.0,0.0,2.200582345,0.0,0.0,0.0,4.25565646,7.4,11.65565646,0.880530278,0.0,0.0,12.536186738,0.191554931,2.009027414,11.65565646,0.880530278,14.736769083
2025-09-11T20:00:00+02:00,21.7,85,0.1,74,12.1,47.0,21.0,26.0,WD_HOME,WD_HOME,False,EMPTY,FULL,False,,False,,2025-09-11T08:47:40.300520+02:00,2025-09-11T17:19:41.457191+02:00,WD_HOME,23.063604606,21.623070994,23.753741211,off,True,True,1.0,1.0,0.06118305,0.130897257,0.248083075,0.0,0.0,0.0,0.0,0.014827862,0.0,0.0,0.454991244,0.0,0.0,0.0,2.730831809,2.892877278,5.623709087,0.391807342,0.0,0.0,6.015516429,0.192080307,0.262910937,5.623709087,0.391807342,6.470507673
2025-09-11T21:00:00+02:00,21.5,86,0.1,63,11.0,0.0,0.0,0.0,WD_HOME,WD_HOME,False,EMPTY,FULL,False,,False,,2025-09-11T08:47:40.300520+02:00,2025-09-11T17:19:41.457191+02:00,WD_HOME,22.836337172,21.623070994,23.753741211,off,True,True,1.0,1.0,0.062018802,0.130897257,0.0,0.0,0.0,0.0,0.0,0.0,0.324982315,0.081245579,0.599143953,0.0,0.0,0.0,0.0,0.0,0.0,0.0,0.0,0.0,0.0,0.192916059,0.406227894,0.0,0.0,0.599143953
2025-09-11T22:00:00+02:00,21.3,85,0.0,53,10.5,0.0,0.0,0.0,WD_HOME,WD_HOME,False,EMPTY,FULL,False,,False,,2025-09-11T08:47:40.300520+02:00,2025-09-11T17:19:41.457191+02:00,WD_HOME,22.61361431,21.623070994,23.753741211,off,True,True,1.0,1.0,0.063107977,0.130897257,0.0,0.0,0.0,0.0,0.0,0.009463185,0.324982315,0.081245579,0.609696313,0.0,0.0,0.0,0.0,0.0,0.0,0.0,0.0,0.0,0.0,0.194005234,0.415691079,0.0,0.0,0.609696313
2025-09-11T23:00:00+02:00,21.1,85,0.0,51,9.2,0.0,0.0,0.0,WD_HOME,WD_HOME,False,EMPTY,FULL,False,,False,,2025-09-11T08:47:40.300520+02:00,2025-09-11T17:19:41.457191+02:00,WD_HOME,22.394678592,21.623070994,23.753741211,off,True,True,1.0,1.0,0.064376347,0.130897257,0.0,0.0,0.0,0.0,0.0,0.006364584,0.324982315,0.081245579,0.607866082,0.0,0.0,0.0,0.0,0.0,0.0,0.0,0.0,0.0,0.0,0.195273604,0.412592478,0.0,0.0,0.607866082
2025-09-12T00:00:00+02:00,20.8,79,0.0,76,4.5,0.0,0.0,0.0,WD_HOME,WD_HOME,False,EMPTY,FULL,False,,False,,2025-09-12T08:40:56.920237+02:00,2025-09-12T18:24:21.860473+02:00,WD_HOME,22.178898826,21.577843496,23.708513713,off,True,True,1.0,1.0,0.065737476,0.130897257,0.0,0.0,0.0,0.0,0.0,0.0,0.324982315,0.081245579,0.602862627,0.0,0.0,0.0,0.0,0.0,0.0,0.0,0.0,0.0,0.0,0.196634733,0.406227894,0.0,0.0,0.602862627
2025-09-12T01:00:00+02:00,20.7,79,0.0,75,2.5,0.0,0.0,0.0,WD_HOME,WD_HOME,False,EMPTY,FULL,False,,False,,2025-09-12T08:40:56.920237+02:00,2025-09-12T18:24:21.860473+02:00,WD_HOME,21.949082355,21.577843496,23.708513713,off,True,True,1.0,1.0,0.067098604,0.130897257,0.0,0.0,0.0,0.0,0.0,0.0,0.324982315,0.081245579,0.604223755,0.0,0.0,0.0,0.0,0.0,0.0,0.0,0.0,0.0,0.0,0.197995861,0.406227894,0.0,0.0,0.604223755
2025-09-12T02:00:00+02:00,20.4,80,0.0,70,1.7,0.0,0.0,0.0,WD_HOME,WD_HOME,False,EMPTY,FULL,False,,False,,2025-09-12T08:40:56.920237+02:00,2025-09-12T18:24:21.860473+02:00,WD_HOME,21.740901963,21.577843496,23.708513713,off,True,True,1.0,1.0,0.068366975,0.130897257,0.0,0.0,0.0,0.0,0.0,0.0,0.324982315,0.081245579,0.605492126,0.0,0.0,0.0,0.0,0.0,0.0,0.0,0.0,0.0,0.0,0.199264232,0.406227894,0.0,0.0,0.605492126
2025-09-12T03:00:00+02:00,20.8,77,0.0,57,2.8,0.0,0.0,0.0,WD_HOME,WD_HOME,False,EMPTY,FULL,False,,False,,2025-09-12T08:40:56.920237+02:00,2025-09-12T18:24:21.860473+02:00,WD_HOME,21.517418302,21.577843496,23.708513713,off,True,True,1.0,1.0,0.069456149,0.130897257,0.0,0.0,0.0,0.0,0.0,0.0,0.324982315,0.081245579,0.6065813,0.0,0.0,0.0,0.0,0.0,0.0,0.0,0.0,0.0,0.0,0.200353406,0.406227894,0.0,0.0,0.6065813
2025-09-12T04:00:00+02:00,21.2,76,0.0,57,1.5,0.0,0.0,0.0,WD_HOME,WD_HOME,False,EMPTY,FULL,False,,False,,2025-09-12T08:40:56.920237+02:00,2025-09-12T18:24:21.860473+02:00,WD_HOME,21.397848585,21.577843496,23.708513713,off,True,True,1.0,1.0,0.070291902,0.130897257,0.0,0.0,0.0,0.0,0.0,0.0,0.324982315,0.081245579,0.607417053,0.0,0.0,0.0,0.0,0.0,0.0,0.0,0.0,0.0,0.0,0.201189159,0.406227894,0.0,0.0,0.607417053
2025-09-12T05:00:00+02:00,20.6,79,0.0,46,1.6,0.0,0.0,0.0,WD_HOME,WD_HOME,False,EMPTY,FULL,False,,False,,2025-09-12T08:40:56.920237+02:00,2025-09-12T18:24:21.860473+02:00,WD_HOME,21.364873821,21.577843496,23.708513713,off,True,True,1.0,1.0,0.070817278,0.130897257,0.0,0.0,0.0,0.0,0.0,0.0,0.324982315,0.081245579,0.607942429,0.0,0.0,0.0,0.0,0.0,0.0,0.0,0.0,0.0,0.0,0.201714535,0.406227894,0.0,0.0,0.607942429
2025-09-12T06:00:00+02:00,20.4,80,0.0,45,3.6,0.0,0.0,0.0,WD_HOME,WD_HOME,False,EMPTY,FULL,False,,False,,2025-09-12T08:40:56.920237+02:00,2025-09-12T18:24:21.860473+02:00,WD_HOME,21.237394851,21.577843496,23.708513713,off,True,True,1.0,1.0,0.070996474,0.130897257,0.0,0.0,0.0,0.0,0.0,0.0,0.324982315,0.081245579,0.608121625,0.0,0.0,0.0,0.0,0.0,0.0,0.096710767,0.0,0.0,0.096710767,0.201893731,0.406227894,0.0,0.096710767,0.704832392
2025-09-12T07:00:00+02:00,20.5,81,0.0,39,4.5,0.0,0.0,0.0,WD_HOME,WD_HOME,False,EMPTY,FULL,False,,False,,2025-09-12T08:40:56.920237+02:00,2025-09-12T18:24:21.860473+02:00,WD_HOME,21.097829042,21.577843496,23.708513713,off,True,True,1.0,1.0,0.070817278,0.130897257,0.0,0.0,0.0,0.0,0.0,0.0,0.324982315,0.081245579,0.607942429,0.0,0.0,0.0,0.0,0.0,0.0,0.880530278,0.0,0.0,0.880530278,0.201714535,0.406227894,0.0,0.880530278,1.488472707
2025-09-12T08:00:00+02:00,20.8,81,0.0,37,6.0,6.0,2.0,4.0,WD_HOME,WD_HOME,False,EMPTY,FULL,False,,False,,2025-09-12T08:40:56.920237+02:00,2025-09-12T18:24:21.860473+02:00,WD_HOME,20.998190869,21.577843496,23.708513713,heat,True,True,0.806942984,0.531383525,0.070291902,0.130897257,0.0,0.0,0.0,0.0,0.0,0.0,0.0,0.0,0.201189159,1.727328253,0.0,1.727328253,0.0,0.0,0.0,0.880530278,0.0,0.0,2.607858532,0.201189159,0.0,0.0,0.880530278,2.809047691
2025-09-12T09:00:00+02:00,21.7,80,0.0,52,7.2,87.0,47.0,40.0,WD_HOME,WD_HOME,False,EMPTY,EMPTY,False,,False,,2025-09-12T08:40:56.920237+02:00,2025-09-12T18:24:21.860473+02:00,WD_HOME,21.965159057,20.577843496,24.708513713,off,False,False,0.0,0.0,0.069456149,0.130897257,0.0,0.0,0.0,0.0,0.0,0.0,0.0,0.0,0.200353406,0.0,0.0,0.0,0.0,0.0,0.0,0.880530278,0.0,0.0,0.880530278,0.200353406,0.0,0.0,0.880530278,1.080883684
2025-09-12T10:00:00+02:00,22.7,76,0.0,57,6.8,195.0,105.0,90.0,WD_HOME,WD_HOME,False,EMPTY,EMPTY,False,,False,,2025-09-12T08:40:56.920237+02:00,2025-09-12T18:24:21.860473+02:00,WD_HOME,21.920965881,20.577843496,24.708513713,off,False,False,0.0,0.0,0.068366975,0.130897257,0.0,0.0,0.0,0.0,0.0,0.0,0.0,0.0,0.199264232,0.0,0.0,0.0,0.0,0.0,0.0,0.880530278,0.0,0.0,0.880530278,0.199264232,0.0,0.0,0.880530278,1.079794510
2025-09-12T11:00:00+02:00,23.8,73,0.0,69,5.4,271.0,147.0,124.0,WD_HOME,WD_HOME,False,EMPTY,EMPTY,False,,False,,2025-09-12T08:40:56.920237+02:00,2025-09-12T18:24:21.860473+02:00,WD_HOME,22.050804901,20.577843496,24.708513713,off,False,False,0.0,0.0,0.067098604,0.130897257,0.0,0.0,0.0,0.0,0.0,0.0,0.0,0.0,0.197995861,0.0,0.0,0.0,0.0,0.0,0.0,0.880530278,0.0,0.0,0.880530278,0.197995861,0.0,0.0,0.880530278,1.078526139
2025-09-12T12:00:00+02:00,24.5,74,0.2,79,10.6,372.0,196.0,176.0,WD_HOME,WD_HOME,False,EMPTY,EMPTY,False,,False,,2025-09-12T08:40:56.920237+02:00,2025-09-12T18:24:21.860473+02:00,WD_HOME,22.342337417,20.577843496,24.708513713,off,False,False,0.0,0.0,0.065737476,0.130897257,0.0,0.0,0.0,0.0,0.0,0.0,0.0,0.0,0.196634733,0.0,0.0,0.0,0.0,0.0,0.0,0.188327074,0.0,0.0,0.188327074,0.196634733,0.0,0.0,0.188327074,0.384961807
2025-09-12T13:00:00+02:00,24.5,74,0.2,59,11.6,431.0,180.0,251.0,WD_HOME,WD_HOME,False,EMPTY,EMPTY,False,,False,,2025-09-12T08:40:56.920237+02:00,2025-09-12T18:24:21.860473+02:00,WD_HOME,22.701947848,20.577843496,24.708513713,off,False,False,0.0,0.0,0.064376347,0.130897257,0.0,0.0,0.0,0.0,0.0,0.0,0.0,0.0,0.195273604,0.0,0.0,0.0,0.0,0.0,0.0,0.0,0.0,0.0,0.0,0.195273604,0.0,0.0,0.0,0.195273604
2025-09-12T14:00:00+02:00,23.5,80,0.5,88,14.6,355.0,125.0,230.0,WD_HOME,WD_HOME,False,EMPTY,EMPTY,False,,False,,2025-09-12T08:40:56.920237+02:00,2025-09-12T18:24:21.860473+02:00,WD_HOME,23.001623207,20.577843496,24.708513713,off,False,False,0.0,0.0,0.063107977,0.130897257,0.0,0.0,0.0,0.0,0.0,0.0,0.0,0.0,0.194005234,0.0,0.0,0.0,0.0,0.0,0.0,0.0,0.0,0.0,0.0,0.194005234,0.0,0.0,0.0,0.194005234
2025-09-12T15:00:00+02:00,23.4,82,0.4,82,17.4,513.0,373.0,140.0,WD_HOME,WD_HOME,False,EMPTY,EMPTY,False,,False,,2025-09-12T08:40:56.920237+02:00,2025-09-12T18:24:21.860473+02:00,WD_HOME,23.084686005,20.577843496,24.708513713,off,False,False,0.0,0.0,0.062018802,0.130897257,0.0,0.0,0.0,0.0,0.0,0.0,0.0,0.0,0.192916059,0.0,0.0,0.0,0.0,0.0,0.0,0.0,0.0,0.0,0.0,0.192916059,0.0,0.0,0.0,0.192916059
2025-09-12T16:00:00+02:00,23.3,81,0.1,80,16.9,411.0,256.0,155.0,WD_HOME,WD_HOME,False,EMPTY,EMPTY,False,,False,,2025-09-12T08:40:56.920237+02:00,2025-09-12T18:24:21.860473+02:00,WD_HOME,23.137238338,20.577843496,24.708513713,off,True,False,0.386121064,0.0,0.06118305,0.130897257,0.0,0.0,0.0,0.0,0.0,0.0,0.0,0.0,0.192080307,0.0,0.0,0.0,2.131598983,0.0,2.131598983,0.431247117,0.0,0.0,2.5628461,0.192080307,0.0,2.131598983,0.431247117,2.754926407
2025-09-12T17:00:00+02:00,23.0,82,0.1,58,16.6,319.0,169.0,150.0,WD_HOME,WD_HOME,False,EMPTY,EMPTY,False,,False,,2025-09-12T08:40:56.920237+02:00,2025-09-12T18:24:21.860473+02:00,WD_HOME,23.164365282,20.577843496,24.708513713,off,True,False,1.0,0.0,0.060657674,0.130897257,0.0,0.0,0.0,0.0,0.0,0.0,0.0,0.0,0.191554931,0.0,0.0,0.0,7.4,0.0,7.4,0.880530278,0.0,0.0,8.280530278,0.191554931,0.0,7.4,0.880530278,8.472085209
2025-09-12T18:00:00+02:00,22.7,82,0.0,49,15.5,201.0,89.0,112.0,WD_HOME,WD_HOME,False,EMPTY,FULL,False,,False,,2025-09-12T08:40:56.920237+02:00,2025-09-12T18:24:21.860473+02:00,WD_HOME,23.136971068,21.577843496,23.708513713,off,True,True,1.0,0.084421727,0.060478478,0.130897257,0.0,0.0,0.0,0.0,0.0,0.018350183,0.0,0.0,0.209725918,0.0,0.0,0.0,7.4,0.0,7.4,0.880530278,0.0,0.0,8.280530278,0.191375735,0.018350183,7.4,0.880530278,8.490256196
2025-09-12T19:00:00+02:00,22.3,83,0.0,64,14.4,103.0,37.0,66.0,WD_HOME,WD_HOME,False,EMPTY,FULL,False,,False,,2025-09-12T08:40:56.920237+02:00,2025-09-12T18:24:21.860473+02:00,WD_HOME,23.064142557,21.577843496,23.708513713,off,True,True,1.0,1.0,0.060657674,0.130897257,0.866838491,0.0,0.0,0.0,0.180427753,0.0,0.0,0.0,1.238821175,0.0,0.0,0.0,7.001569854,5.898522855,12.900092708,0.880530278,0.0,0.0,13.780622987,0.191554931,1.047266244,12.900092708,0.880530278,15.019444162
2025-09-12T20:00:00+02:00,22.1,83,0.0,60,13.3,34.0,8.0,26.0,WD_HOME,WD_HOME,False,EMPTY,FULL,False,,False,,2025-09-12T08:40:56.920237+02:00,2025-09-12T18:24:21.860473+02:00,WD_HOME,22.936785464,21.577843496,23.708513713,off,True,True,1.0,1.0,0.06118305,0.130897257,1.756726845,0.0,0.0,0.0,0.224168266,0.0,0.0,0.0,2.172975418,0.0,0.0,0.0,0.0,5.975962025,5.975962025,0.080560765,0.0,0.0,6.056522791,0.192080307,1.980895111,5.975962025,0.080560765,8.229498209
2025-09-12T21:00:00+02:00,22.0,83,0.0,51,13.0,0.0,0.0,0.0,WD_HOME,WD_HOME,False,EMPTY,FULL,False,,False,,2025-09-12T08:40:56.920237+02:00,2025-09-12T18:24:21.860473+02:00,WD_HOME,22.79732122,21.577843496,23.708513713,off,True,True,1.0,1.0,0.062018802,0.130897257,0.0,0.0,0.0,0.0,0.186369513,0.0,0.324982315,0.081245579,0.785513466,0.0,0.0,0.0,0.0,0.0,0.0,0.0,0.0,0.0,0.0,0.192916059,0.592597407,0.0,0.0,0.785513466
2025-09-12T22:00:00+02:00,22.1,82,0.0,29,13.3,0.0,0.0,0.0,WD_HOME,WD_HOME,False,EMPTY,FULL,False,,False,,2025-09-12T08:40:56.920237+02:00,2025-09-12T18:24:21.860473+02:00,WD_HOME,22.66443435,21.577843496,23.708513713,off,True,True,1.0,1.0,0.063107977,0.130897257,0.0,0.0,0.0,0.0,0.0,0.006661979,0.324982315,0.081245579,0.606895107,0.0,0.0,0.0,0.0,0.0,0.0,0.0,0.0,0.0,0.0,0.194005234,0.412889873,0.0,0.0,0.606895107
2025-09-12T23:00:00+02:00,22.1,80,0.0,20,12.6,0.0,0.0,0.0,WD_HOME,WD_HOME,False,EMPTY,FULL,False,,False,,2025-09-12T08:40:56.920237+02:00,2025-09-12T18:24:21.860473+02:00,WD_HOME,22.570361958,21.577843496,23.708513713,off,True,True,1.0,1.0,0.064376347,0.130897257,0.0,0.0,0.0,0.0,0.0,0.016971846,0.324982315,0.081245579,0.618473344,0.0,0.0,0.0,0.0,0.0,0.0,0.0,0.0,0.0,0.0,0.195273604,0.423199740,0.0,0.0,0.618473344
2025-09-13T00:00:00+02:00,21.8,80,0.0,88,11.1,0.0,0.0,0.0,WE_HOME,WE_HOME,True,PARTIAL,FULL,False,,False,,2025-09-13T11:37:13.401290+02:00,2025-09-13T18:19:27.679214+02:00,WE_HOME,22.491968299,21.102023307,23.232693524,off,True,True,1.0,1.0,0.065737476,0.130897257,0.0,0.0,0.0,0.0,0.0,0.0,0.324982315,0.081245579,0.602862627,0.0,0.0,0.0,0.0,0.0,0.0,0.0,0.0,0.0,0.0,0.196634733,0.406227894,0.0,0.0,0.602862627
2025-09-13T01:00:00+02:00,21.7,80,0.0,81,10.2,0.0,0.0,0.0,WE_HOME,WE_HOME,True,PARTIAL,FULL,False,,False,,2025-09-13T11:37:13.401290+02:00,2025-09-13T18:19:27.679214+02:00,WE_HOME,22.376640249,21.102023307,23.232693524,off,True,True,1.0,1.0,0.067098604,0.130897257,0.0,0.0,0.0,0.0,0.0,0.0,0.324982315,0.081245579,0.604223755,0.0,0.0,0.0,0.0,0.0,0.0,0.0,0.0,0.0,0.0,0.197995861,0.406227894,0.0,0.0,0.604223755
2025-09-13T02:00:00+02:00,21.0,84,0.0,74,9.2,0.0,0.0,0.0,WE_HOME,WE_HOME,True,PARTIAL,FULL,False,,False,,2025-09-13T11:37:13.401290+02:00,2025-09-13T18:19:27.679214+02:00,WE_HOME,22.263866874,21.102023307,23.232693524,off,True,True,1.0,1.0,0.068366975,0.130897257,0.0,0.0,0.0,0.0,0.0,0.0,0.324982315,0.081245579,0.605492126,0.0,0.0,0.0,0.0,0.0,0.0,0.0,0.0,0.0,0.0,0.199264232,0.406227894,0.0,0.0,0.605492126
2025-09-13T03:00:00+02:00,21.2,85,0.0,95,5.4,0.0,0.0,0.0,WE_HOME,WE_HOME,True,PARTIAL,FULL,False,,False,,2025-09-13T11:37:13.401290+02:00,2025-09-13T18:19:27.679214+02:00,WE_HOME,22.053222395,21.102023307,23.232693524,off,True,True,1.0,1.0,0.069456149,0.130897257,0.0,0.0,0.0,0.0,0.0,0.0,0.324982315,0.081245579,0.6065813,0.0,0.0,0.0,0.0,0.0,0.0,0.0,0.0,0.0,0.0,0.200353406,0.406227894,0.0,0.0,0.6065813
2025-09-13T04:00:00+02:00,21.1,86,0.0,99,5.1,0.0,0.0,0.0,WE_HOME,WE_HOME,True,PARTIAL,FULL,False,,False,,2025-09-13T11:37:13.401290+02:00,2025-09-13T18:19:27.679214+02:00,WE_HOME,21.911018662,21.102023307,23.232693524,off,True,True,1.0,1.0,0.070291902,0.130897257,0.0,0.0,0.0,0.0,0.0,0.0,0.324982315,0.081245579,0.607417053,0.0,0.0,0.0,0.0,0.0,0.0,0.0,0.0,0.0,0.0,0.201189159,0.406227894,0.0,0.0,0.607417053
2025-09-13T05:00:00+02:00,21.2,86,0.0,99,5.2,0.0,0.0,0.0,WE_HOME,WE_HOME,True,PARTIAL,FULL,False,,False,,2025-09-13T11:37:13.401290+02:00,2025-09-13T18:19:27.679214+02:00,WE_HOME,21.775848885,21.102023307,23.232693524,off,True,True,1.0,1.0,0.070817278,0.130897257,0.0,0.0,0.0,0.0,0.0,0.0,0.324982315,0.081245579,0.607942429,0.0,0.0,0.0,0.0,0.0,0.0,0.0,0.0,0.0,0.0,0.201714535,0.406227894,0.0,0.0,0.607942429
2025-09-13T06:00:00+02:00,21.3,86,0.0,96,5.2,0.0,0.0,0.0,WE_HOME,WE_HOME,True,PARTIAL,FULL,False,,False,,2025-09-13T11:37:13.401290+02:00,2025-09-13T18:19:27.679214+02:00,WE_HOME,21.679874071,21.102023307,23.232693524,off,True,True,1.0,1.0,0.070996474,0.130897257,0.0,0.0,0.0,0.0,0.0,0.0,0.324982315,0.081245579,0.608121625,0.0,0.0,0.0,0.0,0.0,0.0,0.0,0.0,0.0,0.0,0.201893731,0.406227894,0.0,0.0,0.608121625
2025-09-13T07:00:00+02:00,21.3,86,0.0,85,5.6,0.0,0.0,0.0,WE_HOME,WE_HOME,True,PARTIAL,FULL,False,,False,,2025-09-13T11:37:13.401290+02:00,2025-09-13T18:19:27.679214+02:00,WE_HOME,21.616561726,21.102023307,23.232693524,off,True,True,1.0,1.0,0.070817278,0.130897257,0.270631107,0.0,0.0,0.0,0.0,0.0,0.324982315,0.081245579,0.878573536,0.0,0.0,0.0,0.0,0.0,0.0,0.0,0.0,0.0,0.0,0.201714535,0.676859001,0.0,0.0,0.878573536
2025-09-13T08:00:00+02:00,21.4,86,0.1,96,4.5,4.0,1.0,3.0,WE_HOME,WE_HOME,True,PARTIAL,FULL,False,,False,,2025-09-13T11:37:13.401290+02:00,2025-09-13T18:19:27.679214+02:00,WE_HOME,21.563801438,21.102023307,23.232693524,off,True,True,1.0,1.0,0.070291902,0.130897257,0.940716865,0.0,0.0,0.0,0.0,0.0,0.0,0.0,1.141906024,0.0,0.0,0.0,0.0,0.0,0.0,0.418301729,0.0,0.0,0.418301729,0.201189159,0.940716865,0.0,0.418301729,1.560207753
2025-09-13T09:00:00+02:00,21.6,86,4.9,98,4.2,35.0,1.0,34.0,WE_HOME,WE_HOME,True,PARTIAL,FULL,False,,False,,2025-09-13T11:37:13.401290+02:00,2025-09-13T18:19:27.679214+02:00,WE_HOME,21.536501199,21.102023307,23.232693524,off,True,True,1.0,1.0,0.069456149,0.130897257,0.0,0.0,0.0,0.0,0.0,0.0,0.0,0.0,0.200353406,0.0,0.0,0.0,0.0,0.0,0.0,0.880530278,0.0,0.0,0.880530278,0.200353406,0.0,0.0,0.880530278,1.080883684
2025-09-13T10:00:00+02:00,22.2,84,6.8,99,5.1,85.0,13.0,72.0,WE_HOME,WE_HOME,True,PARTIAL,FULL,False,,False,,2025-09-13T11:37:13.401290+02:00,2025-09-13T18:19:27.679214+02:00,WE_HOME,21.547084332,21.102023307,23.232693524,off,True,True,1.0,1.0,0.068366975,0.130897257,0.0,0.0,0.143408544,0.0,0.0,0.0,0.0,0.0,0.342672776,0.0,0.0,0.0,0.0,0.0,0.0,0.880530278,0.0,0.0,0.880530278,0.199264232,0.143408544,0.0,0.880530278,1.223203054
2025-09-13T11:00:00+02:00,22.8,85,6.5,100,6.9,69.0,0.0,69.0,WE_HOME,WE_HOME,True,PARTIAL,FULL,False,,False,,2025-09-13T11:37:13.401290+02:00,2025-09-13T18:19:27.679214+02:00,WE_HOME,21.65590361,21.102023307,23.232693524,off,True,True,1.0,1.0,0.067098604,0.130897257,0.0,0.0,0.786563693,0.238842994,0.0,0.0,0.0,0.0,1.223402548,0.0,0.0,0.0,0.0,0.0,0.0,0.880530278,0.0,0.0,0.880530278,0.197995861,1.025406687,0.0,0.880530278,2.103932826
2025-09-13T12:00:00+02:00,22.3,89,3.3,99,3.8,132.0,8.0,124.0,WE_HOME,WE_HOME,True,PARTIAL,PARTIAL,False,,False,,2025-09-13T11:37:13.401290+02:00,2025-09-13T18:19:27.679214+02:00,WE_HOME,21.846586342,21.102023307,23.232693524,off,True,True,1.0,1.0,0.065737476,0.130897257,0.0,0.0,0.0,1.940423419,0.0,0.0,0.0,0.0,2.137058152,0.0,0.0,0.0,0.0,0.0,0.0,0.69893572,0.0,0.0,0.69893572,0.196634733,1.940423419,0.0,0.69893572,2.835993872
2025-09-13T13:00:00+02:00,22.7,87,1.0,100,2.1,187.0,40.0,147.0,WE_HOME,WE_HOME,True,PARTIAL,PARTIAL,False,,False,,2025-09-13T11:37:13.401290+02:00,2025-09-13T18:19:27.679214+02:00,WE_HOME,21.922155285,21.102023307,23.232693524,off,True,True,1.0,1.0,0.064376347,0.130897257,0.0,0.0,0.0,0.0,0.0,0.0,0.0,0.0,0.195273604,0.0,0.0,0.0,0.0,0.0,0.0,0.0,0.0,0.0,0.0,0.195273604,0.0,0.0,0.0,0.195273604
2025-09-13T14:00:00+02:00,22.7,85,0.0,98,1.6,251.0,54.0,197.0,WE_HOME,WE_HOME,True,PARTIAL,PARTIAL,False,,False,,2025-09-13T11:37:13.401290+02:00,2025-09-13T18:19:27.679214+02:00,WE_HOME,22.051796071,21.102023307,23.232693524,off,True,True,1.0,1.0,0.063107977,0.130897257,0.0,0.0,0.0,0.0,0.0,0.0,0.0,0.0,0.194005234,0.0,0.0,0.0,0.0,0.0,0.0,0.0,0.0,0.0,0.0,0.194005234,0.0,0.0,0.0,0.194005234
2025-09-13T15:00:00+02:00,23.3,82,0.0,97,1.4,362.0,100.0,262.0,WE_HOME,WE_HOME,True,PARTIAL,PARTIAL,False,,False,,2025-09-13T11:37:13.401290+02:00,2025-09-13T18:19:27.679214+02:00,WE_HOME,22.159830059,21.102023307,23.232693524,off,True,True,1.0,1.0,0.062018802,0.130897257,0.0,0.0,0.0,0.0,0.0,0.0,0.0,0.0,0.192916059,0.0,0.0,0.0,0.0,0.0,0.0,0.212698115,0.0,0.0,0.212698115,0.192916059,0.0,0.0,0.212698115,0.405614174
2025-09-13T16:00:00+02:00,23.6,80,0.4,78,1.3,416.0,191.0,225.0,WE_HOME,WE_HOME,True,PARTIAL,PARTIAL,False,,False,,2025-09-13T11:37:13.401290+02:00,2025-09-13T18:19:27.679214+02:00,WE_HOME,22.349858382,21.102023307,23.232693524,off,True,True,1.0,1.0,0.06118305,0.130897257,0.0,0.0,0.0,0.0,0.0,0.0,0.0,0.0,0.192080307,0.0,0.0,0.0,0.0,0.0,0.0,0.880530278,0.0,0.0,0.880530278,0.192080307,0.0,0.0,0.880530278,1.072610585
2025-09-13T17:00:00+02:00,24.0,79,0.0,71,2.5,412.0,230.0,182.0,WE_HOME,WE_HOME,True,PARTIAL,PARTIAL,False,,False,,2025-09-13T11:37:13.401290+02:00,2025-09-13T18:19:27.679214+02:00,WE_HOME,22.558215319,21.102023307,23.232693524,off,True,True,1.0,1.0,0.060657674,0.130897257,0.0,0.0,0.0,0.0,0.0,0.0,0.0,0.0,0.191554931,0.0,0.0,0.0,0.0,0.0,0.0,0.880530278,0.0,0.0,0.880530278,0.191554931,0.0,0.0,0.880530278,1.072085209
2025-09-13T18:00:00+02:00,24.1,79,0.0,92,3.0,309.0,191.0,118.0,WE_HOME,WE_HOME,True,PARTIAL,FULL,False,,False,,2025-09-13T11:37:13.401290+02:00,2025-09-13T18:19:27.679214+02:00,WE_HOME,22.798512766,21.102023307,23.232693524,off,True,True,1.0,1.0,0.060478478,0.130897257,0.0,0.0,0.0,0.0,0.0,0.0,0.0,0.0,0.191375735,0.0,0.0,0.0,0.0,0.0,0.0,0.880530278,0.0,0.0,0.880530278,0.191375735,0.0,0.0,0.880530278,1.071906013
2025-09-13T19:00:00+02:00,24.1,80,0.0,97,3.1,168.0,93.0,75.0,WE_HOME,WE_HOME,True,PARTIAL,FULL,False,,False,,2025-09-13T11:37:13.401290+02:00,2025-09-13T18:19:27.679214+02:00,WE_HOME,23.015427305,21.102023307,23.232693524,off,True,True,1.0,1.0,0.060657674,0.130897257,4.243546939,0.0,0.0,0.0,0.0,0.0,0.0,0.0,4.43510187,0.0,0.0,0.0,0.0,0.0,0.0,0.815074217,0.0,0.0,0.815074217,0.191554931,4.243546939,0.0,0.815074217,5.250176087
2025-09-13T20:00:00+02:00,23.3,85,0.0,99,4.6,45.0,18.0,27.0,WE_HOME,WE_HOME,True,PARTIAL,FULL,False,,False,,2025-09-13T11:37:13.401290+02:00,2025-09-13T18:19:27.679214+02:00,WE_HOME,23.196189421,21.102023307,23.232693524,off,True,True,1.0,1.0,0.06118305,0.130897257,1.177806754,0.0,0.0,0.0,0.12029633,0.0,0.0,0.0,1.490183391,0.0,0.0,0.0,0.0,0.0,0.0,0.0,0.0,4.85703685,4.85703685,0.192080307,1.298103084,0.0,0.0,6.347220241
2025-09-13T21:00:00+02:00,23.6,84,0.0,99,6.5,0.0,0.0,0.0,WE_HOME,WE_HOME,True,PARTIAL,FULL,False,,False,,2025-09-13T11:37:13.401290+02:00,2025-09-13T18:19:27.679214+02:00,WE_HOME,23.213491184,21.102023307,23.232693524,off,True,True,1.0,1.0,0.062018802,0.130897257,0.0,0.0,0.0,0.0,0.149114915,0.006748777,0.324982315,0.081245579,0.755007645,0.0,0.0,0.0,0.0,0.0,0.0,0.0,0.0,3.640613301,3.640613301,0.192916059,0.562091586,0.0,0.0,4.395620946
2025-09-13T22:00:00+02:00,22.4,90,0.0,100,10.0,0.0,0.0,0.0,WE_HOME,WE_HOME,True,PARTIAL,FULL,False,,False,,2025-09-13T11:37:13.401290+02:00,2025-09-13T18:19:27.679214+02:00,WE_HOME,23.27790932,21.102023307,23.232693524,off,True,True,1.0,1.0,0.063107977,0.130897257,0.0,0.0,0.0,0.0,0.0,0.0,0.324982315,0.081245579,0.600233128,0.0,0.0,0.0,0.0,0.0,0.0,0.0,0.0,0.0,0.0,0.194005234,0.406227894,0.0,0.0,0.600233128
2025-09-13T23:00:00+02:00,22.2,92,0.0,99,13.4,0.0,0.0,0.0,WE_HOME,WE_HOME,True,PARTIAL,FULL,False,,False,,2025-09-13T11:37:13.401290+02:00,2025-09-13T18:19:27.679214+02:00,WE_HOME,23.1315911,21.102023307,23.232693524,off,True,True,1.0,1.0,0.064376347,0.130897257,0.0,0.0,0.0,0.0,0.0,0.008519863,0.324982315,0.081245579,0.610021361,0.0,0.0,0.0,0.0,0.0,0.0,0.0,0.0,0.0,0.0,0.195273604,0.414747757,0.0,0.0,0.610021361
2025-09-14T00:00:00+02:00,21.9,90,0.0,99,11.6,0.0,0.0,0.0,WE_HOME,WE_HOME,True,FULL,FULL,False,,False,,,,WE_HOME,22.976325917,21.119205764,23.249875981,off,True,True,1.0,1.0,0.065737476,0.130897257,0.0,0.0,0.0,0.0,0.0,0.0,0.324982315,0.081245579,0.602862627,0.0,0.0,0.0,0.0,0.0,0.0,0.0,0.0,0.0,0.0,0.196634733,0.406227894,0.0,0.0,0.602862627
2025-09-14T01:00:00+02:00,21.7,88,0.0,99,13.1,0.0,0.0,0.0,WE_HOME,WE_HOME,True,FULL,FULL,False,,False,,,,WE_HOME,22.796938264,21.119205764,23.249875981,off,True,True,1.0,1.0,0.067098604,0.130897257,0.0,0.0,0.0,0.0,0.0,0.0,0.324982315,0.081245579,0.604223755,0.0,0.0,0.0,0.0,0.0,0.0,0.0,0.0,0.0,0.0,0.197995861,0.406227894,0.0,0.0,0.604223755
2025-09-14T02:00:00+02:00,21.6,87,0.0,99,13.6,0.0,0.0,0.0,WE_HOME,WE_HOME,True,FULL,FULL,False,,False,,,,WE_HOME,22.61411522,21.119205764,23.249875981,off,True,True,1.0,1.0,0.068366975,0.130897257,0.0,0.0,0.0,0.0,0.0,0.0,0.324982315,0.081245579,0.605492126,0.0,0.0,0.0,0.0,0.0,0.0,0.0,0.0,0.0,0.0,0.199264232,0.406227894,0.0,0.0,0.605492126
2025-09-14T03:00:00+02:00,21.3,86,0.0,95,12.1,0.0,0.0,0.0,WE_HOME,WE_HOME,True,FULL,FULL,False,,False,,,,WE_HOME,22.445096017,21.119205764,23.249875981,off,True,True,1.0,1.0,0.069456149,0.130897257,0.0,0.0,0.0,0.0,0.0,0.0,0.324982315,0.081245579,0.6065813,0.0,0.0,0.0,0.0,0.0,0.0,0.0,0.0,0.0,0.0,0.200353406,0.406227894,0.0,0.0,0.6065813
2025-09-14T04:00:00+02:00,21.0,86,0.0,99,10.3,0.0,0.0,0.0,WE_HOME,WE_HOME,True,FULL,FULL,False,,False,,,,WE_HOME,22.25424668,21.119205764,23.249875981,off,True,True,1.0,1.0,0.070291902,0.130897257,0.0,0.0,0.0,0.0,0.0,0.0,0.324982315,0.081245579,0.607417053,0.0,0.0,0.0,0.0,0.0,0.0,0.0,0.0,0.0,0.0,0.201189159,0.406227894,0.0,0.0,0.607417053
2025-09-14T05:00:00+02:00,20.8,86,0.0,100,8.2,0.0,0.0,0.0,WE_HOME,WE_HOME,True,FULL,FULL,False,,False,,,,WE_HOME,22.045205567,21.119205764,23.249875981,off,True,True,1.0,1.0,0.070817278,0.130897257,0.0,0.0,0.0,0.0,0.0,0.0,0.324982315,0.081245579,0.607942429,0.0,0.0,0.0,0.0,0.0,0.0,0.0,0.0,0.0,0.0,0.201714535,0.406227894,0.0,0.0,0.607942429
2025-09-14T06:00:00+02:00,20.7,86,0.0,98,7.8,0.0,0.0,0.0,WE_HOME,WE_HOME,True,FULL,FULL,False,,False,,,,WE_HOME,21.837671306,21.119205764,23.249875981,off,True,True,1.0,1.0,0.070996474,0.130897257,0.0,0.0,0.0,0.0,0.0,0.0,0.324982315,0.081245579,0.608121625,0.0,0.0,0.0,0.0,0.0,0.0,0.0,0.0,0.0,0.0,0.201893731,0.406227894,0.0,0.0,0.608121625
2025-09-14T07:00:00+02:00,20.5,86,0.0,97,6.9,0.0,0.0,0.0,WE_HOME,WE_HOME,True,FULL,FULL,False,,False,,,,WE_HOME,21.648059422,21.119205764,23.249875981,off,True,True,1.0,1.0,0.070817278,0.130897257,0.0,0.0,0.0,0.0,0.0,0.0,0.324982315,0.081245579,0.607942429,0.0,0.0,0.0,0.0,0.0,0.0,0.869897979,0.0,0.0,0.869897979,0.201714535,0.406227894,0.0,0.869897979,1.477840408
2025-09-14T08:00:00+02:00,20.7,85,0.0,88,6.0,5.0,1.0,4.0,WE_HOME,WE_HOME,True,FULL,FULL,False,,False,,,,WE_HOME,21.456716185,21.119205764,23.249875981,off,True,True,1.0,1.0,0.070291902,0.130897257,0.0,0.0,0.0,0.0,0.0,0.0,0.0,0.0,0.201189159,0.0,0.0,0.0,0.0,0.0,0.0,0.880530278,0.0,0.0,0.880530278,0.201189159,0.0,0.0,0.880530278,1.081719437
2025-09-14T09:00:00+02:00,21.6,83,0.0,75,3.1,67.0,24.0,43.0,WE_HOME,WE_HOME,True,FULL,FULL,False,,False,,,,WE_HOME,21.330596821,21.119205764,23.249875981,off,True,True,1.0,1.0,0.069456149,0.130897257,0.0,0.0,0.0,0.0,0.0,0.0,0.0,0.0,0.200353406,0.0,0.0,0.0,0.0,0.0,0.0,0.880530278,0.0,0.0,0.880530278,0.200353406,0.0,0.0,0.880530278,1.080883684
2025-09-14T10:00:00+02:00,22.7,81,0.0,68,1.1,169.0,70.0,99.0,WE_HOME,WE_HOME,True,FULL,FULL,False,,False,,,,WE_HOME,21.37549735,21.119205764,23.249875981,off,True,True,1.0,1.0,0.068366975,0.130897257,0.0,0.0,0.0,0.0,0.0,0.0,0.0,0.0,0.199264232,0.0,0.0,0.0,0.0,0.0,0.0,0.880530278,0.0,0.0,0.880530278,0.199264232,0.0,0.0,0.880530278,1.079794510
2025-09-14T11:00:00+02:00,23.7,78,0.0,77,1.0,279.0,129.0,150.0,WE_HOME,WE_HOME,True,FULL,FULL,False,,False,,,,WE_HOME,21.596247792,21.119205764,23.249875981,off,True,True,1.0,1.0,0.067098604,0.130897257,0.0,0.0,0.41478497,0.0,0.0,0.0,0.0,0.0,0.612780831,0.0,0.0,0.0,0.0,0.0,0.0,0.880530278,0.0,0.0,0.880530278,0.197995861,0.41478497,0.0,0.880530278,1.493311109
2025-09-14T12:00:00+02:00,24.8,75,0.0,88,3.3,400.0,252.0,148.0,WE_HOME,WE_HOME,True,FULL,FULL,False,,False,,,,WE_HOME,21.94687316,21.119205764,23.249875981,off,True,True,1.0,1.0,0.065737476,0.130897257,0.0,0.0,0.288518125,0.0,0.0,0.0,0.0,0.0,0.485152858,0.0,0.0,0.0,0.0,0.0,0.0,0.186936554,0.0,0.0,0.186936554,0.196634733,0.288518125,0.0,0.186936554,0.672089412
2025-09-14T13:00:00+02:00,25.5,72,0.0,69,4.6,424.0,201.0,223.0,WE_HOME,WE_HOME,True,FULL,FULL,False,,False,,,,WE_HOME,22.4223943,21.119205764,23.249875981,off,True,True,1.0,0.37585568,0.064376347,0.130897257,0.0,0.0,0.0,1.589406811,0.0,0.0,0.0,0.0,1.784680415,0.0,0.0,0.0,0.0,0.0,0.0,0.0,0.0,0.0,0.0,0.195273604,1.589406811,0.0,0.0,1.784680415
2025-09-14T14:00:00+02:00,26.1,73,0.0,73,6.3,578.0,381.0,197.0,WE_HOME,WE_HOME,True,FULL,FULL,False,,False,,,,WE_HOME,22.935328583,21.119205764,23.249875981,off,True,False,1.0,0.0,0.063107977,0.130897257,0.0,0.0,0.0,0.752408918,0.0,0.0,0.0,0.0,0.946414152,0.0,0.0,0.0,0.0,0.0,0.0,0.0,0.0,0.0,0.0,0.194005234,0.752408918,0.0,0.0,0.946414152
2025-09-14T15:00:00+02:00,26.2,73,0.0,67,9.3,655.0,496.0,159.0,WE_HOME,WE_HOME,True,FULL,FULL,False,,False,,,,WE_HOME,23.462773819,21.119205764,23.249875981,off,True,True,1.0,0.351521009,0.062018802,0.130897257,0.0,0.0,0.0,0.0,0.0,0.0,0.0,0.0,0.192916059,0.0,0.0,0.0,0.0,0.0,0.0,0.606704996,0.0,0.0,0.606704996,0.192916059,0.0,0.0,0.606704996,0.799621055
2025-09-14T16:00:00+02:00,26.1,74,0.0,71,10.0,573.0,442.0,131.0,WE_HOME,WE_HOME,True,FULL,FULL,False,,False,,,,WE_HOME,23.918978183,21.119205764,23.249875981,cool,True,True,1.0,1.0,0.06118305,0.130897257,0.0,0.0,0.0,0.0,0.0,0.0,0.0,0.0,0.192080307,0.0,1.40039609,1.40039609,0.0,0.0,0.0,0.880530278,0.0,0.0,2.280926369,0.192080307,0.0,0.0,0.880530278,2.473006676
2025-09-14T17:00:00+02:00,25.6,77,0.0,48,12.0,473.0,360.0,113.0,WE_HOME,WE_HOME,True,FULL,FULL,False,,False,,,,WE_HOME,23.282481819,21.119205764,23.249875981,cool,True,True,1.0,1.0,0.060657674,0.130897257,0.0,0.0,0.0,0.0,0.0,0.0,0.0,0.0,0.191554931,0.0,1.40039609,1.40039609,0.0,0.0,0.0,0.812457146,0.0,0.0,2.212853236,0.191554931,0.0,0.0,0.812457146,2.404408167
2025-09-14T18:00:00+02:00,25.3,78,0.0,60,12.5,359.0,271.0,88.0,WE_HOME,WE_HOME,True,FULL,FULL,False,,False,,,,WE_HOME,22.668734849,21.119205764,23.249875981,off,True,True,1.0,1.0,0.060478478,0.130897257,0.0,0.0,0.0,0.0,0.0,0.016001138,0.0,0.0,0.207376873,0.0,0.0,0.0,0.0,0.0,0.0,0.0,0.0,0.0,0.0,0.191375735,0.016001138,0.0,0.0,0.207376873
2025-09-14T19:00:00+02:00,24.4,82,0.0,53,10.9,204.0,137.0,67.0,WE_HOME,WE_HOME,True,FULL,FULL,False,,False,,,,WE_HOME,23.107279041,21.119205764,23.249875981,off,True,True,1.0,1.0,0.060657674,0.130897257,1.589869833,0.0,0.0,0.0,0.0,0.0,0.0,0.0,1.781424764,0.0,0.0,0.0,0.0,0.0,0.0,0.0,0.0,0.0,0.0,0.191554931,1.589869833,0.0,0.0,1.781424764
2025-09-14T20:00:00+02:00,23.5,86,0.0,71,6.4,48.0,27.0,21.0,WE_HOME,WE_HOME,True,FULL,FULL,False,,False,,,,WE_HOME,23.322732534,21.119205764,23.249875981,off,True,True,1.0,1.0,0.06118305,0.130897257,0.0,0.0,0.0,0.0,0.0,0.0,0.0,0.0,0.192080307,0.0,0.0,0.0,0.0,0.0,0.0,0.0,0.0,0.0,0.0,0.192080307,0.0,0.0,0.0,0.192080307
2025-09-14T21:00:00+02:00,23.5,85,0.0,54,2.8,0.0,0.0,0.0,WE_HOME,WE_HOME,True,FULL,FULL,False,,False,,,,WE_HOME,23.352277112,21.119205764,23.249875981,off,True,True,1.0,1.0,0.062018802,0.130897257,0.0,0.0,0.0,0.0,0.0,0.01167698,0.324982315,0.081245579,0.610820933,0.0,0.0,0.0,0.0,0.0,0.0,0.0,0.0,0.0,0.0,0.192916059,0.417904874,0.0,0.0,0.610820933
2025-09-14T22:00:00+02:00,23.2,85,0.0,51,0.9,0.0,0.0,0.0,WE_HOME,WE_HOME,True,FULL,FULL,False,,False,,,,WE_HOME,23.376897593,21.119205764,23.249875981,off,True,True,1.0,1.0,0.063107977,0.130897257,0.0,0.0,0.0,0.0,0.0,0.0,0.324982315,0.081245579,0.600233128,0.0,0.0,0.0,0.0,0.0,0.0,0.0,0.0,0.0,0.0,0.194005234,0.406227894,0.0,0.0,0.600233128
2025-09-14T23:00:00+02:00,22.8,86,0.0,44,1.5,0.0,0.0,0.0,WE_HOME,WE_HOME,True,FULL,FULL,False,,False,,,,WE_HOME,23.347414661,21.119205764,23.249875981,off,True,True,1.0,1.0,0.064376347,0.130897257,0.0,0.0,0.0,0.0,0.0,0.016410703,0.324982315,0.081245579,0.617912201,0.0,0.0,0.0,0.0,0.0,0.0,0.0,0.0,0.0,0.0,0.195273604,0.422638597,0.0,0.0,0.617912201
2025-09-15T00:00:00+02:00,22.3,90,0.0,53,4.0,0.0,0.0,0.0,WD_HOME,WD_HOME,False,EMPTY,FULL,False,,False,,2025-09-15T08:34:41.874722+02:00,2025-09-15T16:59:26.770208+02:00,WD_HOME,23.256178884,20.941488443,23.072158659,off,True,True,1.0,1.0,0.065737476,0.130897257,0.0,0.0,0.0,0.0,0.0,0.0,0.324982315,0.081245579,0.602862627,0.0,0.0,0.0,0.0,0.0,0.0,0.0,0.0,0.0,0.0,0.196634733,0.406227894,0.0,0.0,0.602862627
2025-09-15T01:00:00+02:00,22.0,90,0.0,51,4.6,0.0,0.0,0.0,WD_HOME,WD_HOME,False,EMPTY,FULL,False,,False,,2025-09-15T08:34:41.874722+02:00,2025-09-15T16:59:26.770208+02:00,WD_HOME,23.096815737,20.941488443,23.072158659,off,True,True,1.0,1.0,0.067098604,0.130897257,0.0,0.0,0.0,0.0,0.0,0.0,0.324982315,0.081245579,0.604223755,0.0,0.0,0.0,0.0,0.0,0.0,0.0,0.0,0.0,0.0,0.197995861,0.406227894,0.0,0.0,0.604223755
2025-09-15T02:00:00+02:00,22.1,90,0.0,48,3.9,0.0,0.0,0.0,WD_HOME,WD_HOME,False,EMPTY,FULL,False,,False,,2025-09-15T08:34:41.874722+02:00,2025-09-15T16:59:26.770208+02:00,WD_HOME,22.914013114,20.941488443,23.072158659,off,True,True,1.0,1.0,0.068366975,0.130897257,0.0,0.0,0.0,0.0,0.0,0.0,0.324982315,0.081245579,0.605492126,0.0,0.0,0.0,0.0,0.0,0.0,0.0,0.0,0.0,0.0,0.199264232,0.406227894,0.0,0.0,0.605492126
2025-09-15T03:00:00+02:00,21.8,91,0.0,53,3.2,0.0,0.0,0.0,WD_HOME,WD_HOME,False,EMPTY,FULL,False,,False,,2025-09-15T08:34:41.874722+02:00,2025-09-15T16:59:26.770208+02:00,WD_HOME,22.778344262,20.941488443,23.072158659,off,True,True,1.0,1.0,0.069456149,0.130897257,0.0,0.0,0.0,0.0,0.0,0.0,0.324982315,0.081245579,0.6065813,0.0,0.0,0.0,0.0,0.0,0.0,0.0,0.0,0.0,0.0,0.200353406,0.406227894,0.0,0.0,0.6065813
2025-09-15T04:00:00+02:00,21.8,92,0.0,45,3.1,0.0,0.0,0.0,WD_HOME,WD_HOME,False,EMPTY,FULL,False,,False,,2025-09-15T08:34:41.874722+02:00,2025-09-15T16:59:26.770208+02:00,WD_HOME,22.615286885,20.941488443,23.072158659,off,True,True,1.0,1.0,0.070291902,0.130897257,0.0,0.0,0.0,0.0,0.0,0.0,0.324982315,0.081245579,0.607417053,0.0,0.0,0.0,0.0,0.0,0.0,0.0,0.0,0.0,0.0,0.201189159,0.406227894,0.0,0.0,0.607417053
2025-09-15T05:00:00+02:00,21.7,93,0.0,45,3.9,0.0,0.0,0.0,WD_HOME,WD_HOME,False,EMPTY,FULL,False,,False,,2025-09-15T08:34:41.874722+02:00,2025-09-15T16:59:26.770208+02:00,WD_HOME,22.479405737,20.941488443,23.072158659,off,True,True,1.0,1.0,0.070817278,0.130897257,0.0,0.0,0.0,0.0,0.0,0.0,0.324982315,0.081245579,0.607942429,0.0,0.0,0.0,0.0,0.0,0.0,0.0,0.0,0.0,0.0,0.201714535,0.406227894,0.0,0.0,0.607942429
2025-09-15T06:00:00+02:00,21.5,93,0.0,46,4.1,0.0,0.0,0.0,WD_HOME,WD_HOME,False,EMPTY,FULL,False,,False,,2025-09-15T08:34:41.874722+02:00,2025-09-15T16:59:26.770208+02:00,WD_HOME,22.349504781,20.941488443,23.072158659,off,True,True,1.0,1.0,0.070996474,0.130897257,0.0,0.0,0.0,0.0,0.0,0.0,0.324982315,0.081245579,0.608121625,0.0,0.0,0.0,0.0,0.0,0.0,0.0,0.0,0.0,0.0,0.201893731,0.406227894,0.0,0.0,0.608121625
2025-09-15T07:00:00+02:00,21.5,93,0.0,44,4.5,0.0,0.0,0.0,WD_HOME,WD_HOME,False,EMPTY,FULL,False,,False,,2025-09-15T08:34:41.874722+02:00,2025-09-15T16:59:26.770208+02:00,WD_HOME,22.207920651,20.941488443,23.072158659,off,True,True,1.0,1.0,0.070817278,0.130897257,0.0,0.0,0.0,0.0,0.0,0.0,0.324982315,0.081245579,0.607942429,0.0,0.0,0.0,0.0,0.0,0.0,0.59383921,0.0,0.0,0.59383921,0.201714535,0.406227894,0.0,0.59383921,1.201781639
2025-09-15T08:00:00+02:00,21.4,91,0.0,77,5.3,5.0,1.0,4.0,WD_HOME,WD_HOME,False,EMPTY,FULL,False,,False,,2025-09-15T08:34:41.874722+02:00,2025-09-15T16:59:26.770208+02:00,WD_HOME,22.089933876,20.941488443,23.072158659,off,True,True,0.844283,0.644619683,0.070291902,0.130897257,0.0,0.0,0.0,0.0,0.0,0.0,0.0,0.0,0.201189159,0.0,0.0,0.0,0.0,0.0,0.0,0.880530278,0.0,0.0,0.880530278,0.201189159,0.0,0.0,0.880530278,1.081719437
2025-09-15T09:00:00+02:00,22.2,88,0.0,75,6.6,85.0,39.0,46.0,WD_HOME,WD_HOME,False,EMPTY,EMPTY,False,,False,,2025-09-15T08:34:41.874722+02:00,2025-09-15T16:59:26.770208+02:00,WD_HOME,21.974944896,19.941488443,24.072158659,off,False,False,0.0,0.0,0.069456149,0.130897257,0.0,0.0,0.0,0.0,0.0,0.0,0.0,0.0,0.200353406,0.0,0.0,0.0,0.0,0.0,0.0,0.880530278,0.0,0.0,0.880530278,0.200353406,0.0,0.0,0.880530278,1.080883684
2025-09-15T10:00:00+02:00,23.5,85,0.0,71,7.7,226.0,134.0,92.0,WD_HOME,WD_HOME,False,EMPTY,EMPTY,False,,False,,2025-09-15T08:34:41.874722+02:00,2025-09-15T16:59:26.770208+02:00,WD_HOME,22.01245408,19.941488443,24.072158659,off,False,False,0.0,0.0,0.068366975,0.130897257,0.0,0.0,0.0,0.0,0.0,0.0,0.0,0.0,0.199264232,0.0,0.0,0.0,0.0,0.0,0.0,0.880530278,0.0,0.0,0.880530278,0.199264232,0.0,0.0,0.880530278,1.079794510
2025-09-15T11:00:00+02:00,24.7,81,0.0,42,9.4,416.0,291.0,125.0,WD_HOME,WD_HOME,False,EMPTY,EMPTY,False,,False,,2025-09-15T08:34:41.874722+02:00,2025-09-15T16:59:26.770208+02:00,WD_HOME,22.2603784,19.941488443,24.072158659,off,False,False,0.0,0.0,0.067098604,0.130897257,0.0,0.0,0.0,0.0,0.0,0.0,0.0,0.0,0.197995861,0.0,0.0,0.0,0.0,0.0,0.0,0.880530278,0.0,0.0,0.880530278,0.197995861,0.0,0.0,0.880530278,1.078526139
2025-09-15T12:00:00+02:00,26.3,73,0.0,8,9.9,586.0,442.0,144.0,WD_HOME,WD_HOME,False,EMPTY,EMPTY,False,,False,,2025-09-15T08:34:41.874722+02:00,2025-09-15T16:59:26.770208+02:00,WD_HOME,22.666982,19.941488443,24.072158659,off,False,False,0.0,0.0,0.065737476,0.130897257,0.0,0.0,0.0,0.0,0.0,0.0,0.0,0.0,0.196634733,0.0,0.0,0.0,0.0,0.0,0.0,0.339824393,0.0,0.0,0.339824393,0.196634733,0.0,0.0,0.339824393,0.536459126
2025-09-15T13:00:00+02:00,27.1,70,0.0,3,11.6,691.0,557.0,134.0,WD_HOME,WD_HOME,False,EMPTY,EMPTY,False,,False,,2025-09-15T08:34:41.874722+02:00,2025-09-15T16:59:26.770208+02:00,WD_HOME,23.272485,19.941488443,24.072158659,off,False,False,0.0,0.0,0.064376347,0.130897257,0.0,0.0,0.0,0.0,0.0,0.0,0.0,0.0,0.195273604,0.0,0.0,0.0,0.0,0.0,0.0,0.0,0.0,0.0,0.0,0.195273604,0.0,0.0,0.0,0.195273604
2025-09-15T14:00:00+02:00,27.6,69,0.0,6,14.3,745.0,610.0,135.0,WD_HOME,WD_HOME,False,EMPTY,EMPTY,False,,False,,2025-09-15T08:34:41.874722+02:00,2025-09-15T16:59:26.770208+02:00,WD_HOME,23.910404167,19.941488443,24.072158659,off,False,False,0.0,0.0,0.063107977,0.130897257,0.0,0.0,0.0,0.0,0.0,0.0,0.0,0.0,0.194005234,0.0,0.0,0.0,0.0,0.0,0.0,0.0,0.0,0.0,0.0,0.194005234,0.0,0.0,0.0,0.194005234
2025-09-15T15:00:00+02:00,28.2,70,0.0,26,14.9,758.0,652.0,106.0,WD_HOME,WD_HOME,False,EMPTY,EMPTY,False,,False,,2025-09-15T08:34:41.874722+02:00,2025-09-15T16:59:26.770208+02:00,WD_HOME,24.525336806,19.941488443,24.072158659,off,False,False,0.0,0.0,0.062018802,0.130897257,0.0,0.0,0.0,0.0,0.0,0.0,0.0,0.0,0.192916059,0.0,0.0,0.0,0.0,0.0,0.0,0.0,0.0,0.0,0.0,0.192916059,0.0,0.0,0.0,0.192916059
2025-09-15T16:00:00+02:00,28.2,71,0.0,37,14.3,686.0,583.0,103.0,WD_HOME,WD_HOME,False,EMPTY,EMPTY,False,,False,,2025-09-15T08:34:41.874722+02:00,2025-09-15T16:59:26.770208+02:00,WD_HOME,25.137780671,19.941488443,24.072158659,cool,True,False,0.140004293,0.0,0.06118305,0.130897257,0.0,0.0,0.0,0.0,0.0,0.0,0.0,0.0,0.192080307,0.0,1.40039609,1.40039609,0.0,0.0,0.0,0.0,0.0,0.0,1.40039609,0.192080307,0.0,0.0,0.0,1.592476397
2025-09-15T17:00:00+02:00,27.9,73,0.0,10,14.5,562.0,470.0,92.0,WD_HOME,WD_HOME,False,EMPTY,FULL,False,,False,,2025-09-15T08:34:41.874722+02:00,2025-09-15T16:59:26.770208+02:00,WD_HOME,24.64815056,20.941488443,23.072158659,cool,True,False,1.0,0.0,0.060657674,0.130897257,0.0,0.0,0.0,0.0,0.0,0.0,0.0,0.0,0.191554931,0.0,1.40039609,1.40039609,2.598144428,0.0,2.598144428,0.267911091,0.0,0.0,4.266451609,0.191554931,0.0,2.598144428,0.267911091,4.458006540
2025-09-15T18:00:00+02:00,27.3,76,0.0,4,14.6,398.0,317.0,81.0,WD_HOME,WD_HOME,False,EMPTY,FULL,False,,False,,2025-09-15T08:34:41.874722+02:00,2025-09-15T16:59:26.770208+02:00,WD_HOME,24.190125466,20.941488443,23.072158659,cool,True,True,1.0,0.867587855,0.060478478,0.130897257,0.0,0.0,0.0,0.0,0.0,0.0,0.0,0.0,0.191375735,0.0,1.40039609,1.40039609,7.4,1.044492503,8.444492503,0.880530278,0.0,0.0,10.725418872,0.191375735,0.0,8.444492503,0.880530278,10.916794607
2025-09-15T19:00:00+02:00,26.3,80,0.0,3,13.5,208.0,144.0,64.0,WD_HOME,WD_HOME,False,EMPTY,FULL,False,,False,,2025-09-15T08:34:41.874722+02:00,2025-09-15T16:59:26.770208+02:00,WD_HOME,23.708437889,20.941488443,23.072158659,cool,True,True,1.0,1.0,0.060657674,0.130897257,2.81408967,0.0,0.0,0.0,0.0,0.017735802,0.0,0.0,3.023380403,0.0,1.40039609,1.40039609,2.507205817,7.4,9.907205817,0.880530278,0.0,0.0,12.188132186,0.191554931,2.831825472,9.907205817,0.880530278,15.211512589
2025-09-15T20:00:00+02:00,25.3,83,0.0,0,10.4,48.0,26.0,22.0,WD_HOME,WD_HOME,False,EMPTY,FULL,False,,False,,2025-09-15T08:34:41.874722+02:00,2025-09-15T16:59:26.770208+02:00,WD_HOME,23.140364907,20.941488443,23.072158659,cool,True,True,1.0,1.0,0.06118305,0.130897257,2.867759323,0.0,0.0,0.0,0.16822502,0.0,0.0,0.0,3.22806465,0.0,1.40039609,1.40039609,0.0,0.540778086,0.540778086,0.167550722,0.0,0.0,2.108724898,0.192080307,3.035984343,0.540778086,0.167550722,5.336789548
2025-09-15T21:00:00+02:00,24.5,87,0.0,4,6.6,0.0,0.0,0.0,WD_HOME,WD_HOME,False,EMPTY,FULL,False,,False,,2025-09-15T08:34:41.874722+02:00,2025-09-15T16:59:26.770208+02:00,WD_HOME,22.500304089,20.941488443,23.072158659,off,True,True,1.0,1.0,0.062018802,0.130897257,0.0,0.0,0.0,0.0,0.224168266,0.008172428,0.324982315,0.081245579,0.831484647,0.0,0.0,0.0,0.0,0.0,0.0,0.0,0.0,0.0,0.0,0.192916059,0.638568588,0.0,0.0,0.831484647
2025-09-15T22:00:00+02:00,24.8,85,0.0,6,4.9,0.0,0.0,0.0,WD_HOME,WD_HOME,False,EMPTY,FULL,False,,False,,2025-09-15T08:34:41.874722+02:00,2025-09-15T16:59:26.770208+02:00,WD_HOME,22.833586741,20.941488443,23.072158659,off,True,True,1.0,1.0,0.063107977,0.130897257,0.0,0.162497901,0.0,0.0,0.038122149,0.0,0.324982315,0.081245579,0.800853178,0.0,0.0,0.0,0.0,0.0,0.0,0.0,0.0,0.0,0.0,0.194005234,0.606847944,0.0,0.0,0.800853178
2025-09-15T23:00:00+02:00,24.6,87,0.0,23,0.6,0.0,0.0,0.0,WD_HOME,WD_HOME,False,EMPTY,FULL,False,,False,,2025-09-15T08:34:41.874722+02:00,2025-09-15T16:59:26.770208+02:00,WD_HOME,23.161322284,20.941488443,23.072158659,off,True,True,1.0,1.0,0.064376347,0.130897257,0.0,0.942784533,0.0,0.0,0.0,0.0,0.324982315,0.081245579,1.544286031,0.0,0.0,0.0,0.0,0.0,0.0,0.0,0.0,0.0,0.0,0.195273604,1.349012427,0.0,0.0,1.544286031
2025-09-16T00:00:00+02:00,24.1,91,0.0,31,2.2,0.0,0.0,0.0,WD_HOME,WD_HOME,False,PARTIAL,FULL,False,,False,,2025-09-16T08:56:36.302155+02:00,2025-09-16T18:12:16.305867+02:00,WD_HOME,23.401101904,21.422361852,23.553032068,off,True,True,1.0,1.0,0.065737476,0.130897257,0.0,0.0,0.0,0.0,0.0,0.0,0.324982315,0.081245579,0.602862627,0.0,0.0,0.0,0.0,0.0,0.0,0.0,0.0,0.0,0.0,0.196634733,0.406227894,0.0,0.0,0.602862627
2025-09-16T01:00:00+02:00,24.1,91,0.0,37,5.1,0.0,0.0,0.0,WD_HOME,WD_HOME,False,PARTIAL,FULL,False,,False,,2025-09-16T08:56:36.302155+02:00,2025-09-16T18:12:16.305867+02:00,WD_HOME,23.51758492,21.422361852,23.553032068,off,True,True,1.0,1.0,0.067098604,0.130897257,0.0,0.0,0.0,0.0,0.0,0.0,0.324982315,0.081245579,0.604223755,0.0,0.0,0.0,0.0,0.0,0.0,0.0,0.0,0.0,0.0,0.197995861,0.406227894,0.0,0.0,0.604223755
2025-09-16T02:00:00+02:00,24.2,90,0.1,66,4.7,0.0,0.0,0.0,WD_HOME,WD_HOME,False,PARTIAL,FULL,False,,False,,2025-09-16T08:56:36.302155+02:00,2025-09-16T18:12:16.305867+02:00,WD_HOME,23.6146541,21.422361852,23.553032068,off,True,True,1.0,1.0,0.068366975,0.130897257,0.0,0.0,0.0,0.0,0.0,0.0,0.324982315,0.081245579,0.605492126,0.0,0.0,0.0,0.0,0.0,0.0,0.0,0.0,0.0,0.0,0.199264232,0.406227894,0.0,0.0,0.605492126
2025-09-16T03:00:00+02:00,23.4,91,0.2,55,5.3,0.0,0.0,0.0,WD_HOME,WD_HOME,False,PARTIAL,FULL,False,,False,,2025-09-16T08:56:36.302155+02:00,2025-09-16T18:12:16.305867+02:00,WD_HOME,23.71221175,21.422361852,23.553032068,off,True,True,1.0,1.0,0.069456149,0.130897257,0.0,0.0,0.0,0.0,0.0,0.0,0.324982315,0.081245579,0.6065813,0.0,0.0,0.0,0.0,0.0,0.0,0.0,0.0,0.0,0.0,0.200353406,0.406227894,0.0,0.0,0.6065813
2025-09-16T04:00:00+02:00,23.4,90,0.0,39,5.0,0.0,0.0,0.0,WD_HOME,WD_HOME,False,PARTIAL,FULL,False,,False,,2025-09-16T08:56:36.302155+02:00,2025-09-16T18:12:16.305867+02:00,WD_HOME,23.660176458,21.422361852,23.553032068,off,True,True,1.0,1.0,0.070291902,0.130897257,0.0,0.0,0.0,0.0,0.0,0.0,0.324982315,0.081245579,0.607417053,0.0,0.0,0.0,0.0,0.0,0.0,0.0,0.0,0.0,0.0,0.201189159,0.406227894,0.0,0.0,0.607417053
2025-09-16T05:00:00+02:00,23.1,89,0.0,29,5.4,0.0,0.0,0.0,WD_HOME,WD_HOME,False,PARTIAL,FULL,False,,False,,2025-09-16T08:56:36.302155+02:00,2025-09-16T18:12:16.305867+02:00,WD_HOME,23.616813715,21.422361852,23.553032068,off,True,True,1.0,1.0,0.070817278,0.130897257,0.0,0.0,0.0,0.0,0.0,0.0,0.324982315,0.081245579,0.607942429,0.0,0.0,0.0,0.0,0.0,0.0,0.0,0.0,0.0,0.0,0.201714535,0.406227894,0.0,0.0,0.607942429
2025-09-16T06:00:00+02:00,22.7,88,0.0,41,6.0,0.0,0.0,0.0,WD_HOME,WD_HOME,False,PARTIAL,FULL,False,,False,,2025-09-16T08:56:36.302155+02:00,2025-09-16T18:12:16.305867+02:00,WD_HOME,23.530678096,21.422361852,23.553032068,off,True,True,1.0,1.0,0.070996474,0.130897257,0.0,0.0,0.0,0.0,0.0,0.0,0.324982315,0.081245579,0.608121625,0.0,0.0,0.0,0.0,0.0,0.0,0.0,0.0,0.0,0.0,0.201893731,0.406227894,0.0,0.0,0.608121625
2025-09-16T07:00:00+02:00,23.1,86,0.0,46,4.9,0.0,0.0,0.0,WD_HOME,WD_HOME,False,PARTIAL,FULL,False,,False,,2025-09-16T08:56:36.302155+02:00,2025-09-16T18:12:16.305867+02:00,WD_HOME,23.392231747,21.422361852,23.553032068,off,True,True,1.0,1.0,0.070817278,0.130897257,0.0,0.0,0.0,0.0,0.0,0.0,0.324982315,0.081245579,0.607942429,0.0,0.0,0.0,0.0,0.0,0.0,0.0,0.0,0.0,0.0,0.201714535,0.406227894,0.0,0.0,0.607942429
2025-09-16T08:00:00+02:00,23.1,86,0.0,41,3.4,4.0,1.0,3.0,WD_HOME,WD_HOME,False,PARTIAL,FULL,False,,False,,2025-09-16T08:56:36.302155+02:00,2025-09-16T18:12:16.305867+02:00,WD_HOME,23.343526455,21.422361852,23.553032068,off,True,True,0.614359251,0.887265253,0.070291902,0.130897257,0.0,0.0,0.0,0.0,0.0,0.0,0.0,0.0,0.201189159,0.0,0.0,0.0,0.0,0.0,0.0,0.0,0.0,0.0,0.0,0.201189159,0.0,0.0,0.0,0.201189159
2025-09-16T09:00:00+02:00,23.3,86,0.0,33,4.4,85.0,42.0,43.0,WD_HOME,WD_HOME,False,PARTIAL,PARTIAL,False,,False,,2025-09-16T08:56:36.302155+02:00,2025-09-16T18:12:16.305867+02:00,WD_HOME,23.302938713,21.422361852,23.553032068,off,False,False,0.0,0.0,0.069456149,0.130897257,0.0,0.0,0.0,0.0,0.0,0.0,0.0,0.0,0.200353406,0.0,0.0,0.0,0.0,0.0,0.0,0.0,0.0,0.0,0.0,0.200353406,0.0,0.0,0.0,0.200353406
2025-09-16T10:00:00+02:00,23.8,84,0.0,29,4.8,238.0,165.0,73.0,WD_HOME,WD_HOME,False,PARTIAL,PARTIAL,False,,False,,2025-09-16T08:56:36.302155+02:00,2025-09-16T18:12:16.305867+02:00,WD_HOME,23.302448927,21.422361852,23.553032068,off,False,False,0.0,0.0,0.068366975,0.130897257,0.0,0.0,0.0,0.0,0.0,0.0,0.0,0.0,0.199264232,0.0,0.0,0.0,0.0,0.0,0.0,0.676937005,0.0,0.0,0.676937005,0.199264232,0.0,0.0,0.676937005,0.876201237
2025-09-16T11:00:00+02:00,24.5,80,0.0,29,4.8,403.0,294.0,109.0,WD_HOME,WD_HOME,False,PARTIAL,PARTIAL,False,,False,,2025-09-16T08:56:36.302155+02:00,2025-09-16T18:12:16.305867+02:00,WD_HOME,23.385374106,21.422361852,23.553032068,off,False,False,0.0,0.0,0.067098604,0.130897257,0.0,0.0,0.0,0.0,0.0,0.0,0.0,0.0,0.197995861,0.0,0.0,0.0,0.0,0.0,0.0,0.880530278,3.95456223,0.0,4.835092508,0.197995861,0.0,0.0,4.835092508,5.033088369
2025-09-16T12:00:00+02:00,25.0,75,0.0,25,7.2,447.0,330.0,117.0,WD_HOME,WD_HOME,False,PARTIAL,PARTIAL,False,,False,,2025-09-16T08:56:36.302155+02:00,2025-09-16T18:12:16.305867+02:00,WD_HOME,23.571145088,21.422361852,23.553032068,off,False,False,0.0,0.0,0.065737476,0.130897257,0.0,0.0,0.0,0.0,0.033371994,0.0,0.0,0.0,0.230006727,0.0,0.0,0.0,0.0,0.0,0.0,0.880530278,4.379864887,0.0,5.260395165,0.196634733,0.033371994,0.0,5.260395165,5.490401892
2025-09-16T13:00:00+02:00,24.7,75,0.0,58,8.2,503.0,330.0,173.0,WD_HOME,WD_HOME,False,PARTIAL,PARTIAL,False,,False,,2025-09-16T08:56:36.302155+02:00,2025-09-16T18:12:16.305867+02:00,WD_HOME,23.809287574,21.422361852,23.553032068,off,False,False,0.0,0.0,0.064376347,0.130897257,0.0,0.0,0.0,0.0,0.224168266,0.0,0.0,0.0,0.41944187,0.0,0.0,0.0,0.0,0.0,0.0,0.880530278,4.379864887,0.0,5.260395165,0.195273604,0.224168266,0.0,5.260395165,5.679837035
2025-09-16T14:00:00+02:00,24.7,75,0.0,65,9.5,457.0,266.0,191.0,WD_HOME,WD_HOME,False,PARTIAL,PARTIAL,False,,False,,2025-09-16T08:56:36.302155+02:00,2025-09-16T18:12:16.305867+02:00,WD_HOME,23.957739645,21.422361852,23.553032068,off,False,False,0.0,0.0,0.063107977,0.130897257,0.0,0.0,0.0,0.0,0.224168266,0.0,0.0,0.0,0.4181735,0.0,0.0,0.0,0.0,0.0,0.0,0.880530278,4.379864887,0.0,5.260395165,0.194005234,0.224168266,0.0,5.260395165,5.678568665
2025-09-16T15:00:00+02:00,24.3,77,0.0,58,9.8,325.0,168.0,157.0,WD_HOME,WD_HOME,False,PARTIAL,PARTIAL,False,,False,,2025-09-16T08:56:36.302155+02:00,2025-09-16T18:12:16.305867+02:00,WD_HOME,24.081449704,21.422361852,23.553032068,cool,False,False,0.0,0.0,0.062018802,0.130897257,0.0,0.0,0.0,0.0,0.140403912,0.0,0.0,0.0,0.333319971,0.0,1.40039609,1.40039609,0.0,0.0,0.0,0.880530278,4.094111632,0.0,6.375038001,0.192916059,0.140403912,0.0,4.974641910,6.708357972
2025-09-16T16:00:00+02:00,24.4,76,0.0,79,10.2,356.0,150.0,206.0,WD_HOME,WD_HOME,False,PARTIAL,PARTIAL,False,,False,,2025-09-16T08:56:36.302155+02:00,2025-09-16T18:12:16.305867+02:00,WD_HOME,23.117874753,21.422361852,23.553032068,off,False,True,0.0,0.657187123,0.06118305,0.130897257,0.0,0.0,0.0,0.0,0.0,0.0,0.0,0.0,0.192080307,0.0,0.0,0.0,0.0,0.073430979,0.073430979,0.783511211,0.0,0.0,0.85694219,0.192080307,0.0,0.073430979,0.783511211,1.049022497
2025-09-16T17:00:00+02:00,24.4,75,0.0,93,10.4,345.0,176.0,169.0,WD_HOME,WD_HOME,False,PARTIAL,PARTIAL,False,,False,,2025-09-16T08:56:36.302155+02:00,2025-09-16T18:12:16.305867+02:00,WD_HOME,23.331562294,21.422361852,23.553032068,off,True,True,0.250651508,1.0,0.060657674,0.130897257,0.0,0.0,0.0,0.0,0.0,0.0,0.0,0.0,0.191554931,0.0,0.0,0.0,0.0,7.4,7.4,0.0,0.0,0.0,7.4,0.191554931,0.0,7.4,0.0,7.591554931
2025-09-16T18:00:00+02:00,23.9,76,0.0,80,10.5,195.0,77.0,118.0,WD_HOME,WD_HOME,False,PARTIAL,FULL,False,,False,,2025-09-16T08:56:36.302155+02:00,2025-09-16T18:12:16.305867+02:00,WD_HOME,23.509635245,21.422361852,23.553032068,off,True,True,1.0,1.0,0.060478478,0.130897257,1.052022142,0.0,0.0,0.0,0.0,0.0,0.0,0.0,1.243397877,0.0,0.0,0.0,2.023925746,7.4,9.423925746,0.0,0.0,0.0,9.423925746,0.191375735,1.052022142,9.423925746,0.0,10.667323623
2025-09-16T19:00:00+02:00,23.5,77,0.0,78,9.9,114.0,37.0,77.0,WD_HOME,WD_HOME,False,PARTIAL,FULL,False,,False,,2025-09-16T08:56:36.302155+02:00,2025-09-16T18:12:16.305867+02:00,WD_HOME,23.574696038,21.422361852,23.553032068,off,True,True,1.0,1.0,0.060657674,0.130897257,1.489490005,0.0,0.0,0.0,0.147029528,0.0,0.0,0.0,1.828074464,0.0,0.0,0.0,7.4,7.4,14.8,0.0,0.0,0.0,14.8,0.191554931,1.636519533,14.8,0.0,16.628074464
2025-09-16T20:00:00+02:00,23.0,78,0.0,92,6.9,30.0,8.0,22.0,WD_HOME,WD_HOME,False,PARTIAL,FULL,False,,False,,2025-09-16T08:56:36.302155+02:00,2025-09-16T18:12:16.305867+02:00,WD_HOME,23.562246698,21.422361852,23.553032068,off,True,True,1.0,1.0,0.06118305,0.130897257,0.0,0.0,0.0,0.0,0.415716855,0.005134507,0.0,0.0,0.612931669,0.0,0.0,0.0,1.72908406,0.007038138,1.736122198,0.0,0.0,0.0,1.736122198,0.192080307,0.420851362,1.736122198,0.0,2.349053867
2025-09-16T21:00:00+02:00,22.7,79,0.0,98,6.0,0.0,0.0,0.0,WD_HOME,WD_HOME,False,PARTIAL,FULL,False,,False,,2025-09-16T08:56:36.302155+02:00,2025-09-16T18:12:16.305867+02:00,WD_HOME,23.468538915,21.422361852,23.553032068,off,True,True,1.0,1.0,0.062018802,0.130897257,0.0,0.0,0.0,0.0,0.22514431,0.0,0.324982315,0.081245579,0.824288263,0.0,0.0,0.0,0.0,0.0,0.0,0.0,0.0,0.0,0.0,0.192916059,0.631372204,0.0,0.0,0.824288263
2025-09-16T22:00:00+02:00,22.1,82,0.0,99,5.8,0.0,0.0,0.0,WD_HOME,WD_HOME,False,PARTIAL,FULL,False,,False,,2025-09-16T08:56:36.302155+02:00,2025-09-16T18:12:16.305867+02:00,WD_HOME,23.340449096,21.422361852,23.553032068,off,True,True,1.0,1.0,0.063107977,0.130897257,0.0,0.204123157,0.0,0.0,0.0,0.0,0.324982315,0.081245579,0.804356285,0.0,0.0,0.0,0.0,0.0,0.0,0.0,0.0,0.0,0.0,0.194005234,0.610351051,0.0,0.0,0.804356285
2025-09-16T23:00:00+02:00,21.9,81,0.0,100,4.8,0.0,0.0,0.0,WD_HOME,WD_HOME,False,PARTIAL,FULL,False,,False,,2025-09-16T08:56:36.302155+02:00,2025-09-16T18:12:16.305867+02:00,WD_HOME,23.13370758,21.422361852,23.553032068,off,True,True,1.0,1.0,0.064376347,0.130897257,0.0,0.799544692,0.0,0.0,0.0,0.037733896,0.324982315,0.081245579,1.438780086,0.0,0.0,0.0,0.0,0.0,0.0,0.0,0.0,0.0,0.0,0.195273604,1.243506482,0.0,0.0,1.438780086
2025-09-17T00:00:00+02:00,22.2,80,0.0,99,3.3,0.0,0.0,0.0,WD_HOME,WD_HOME,False,FULL,FULL,False,,False,,,,WD_HOME,22.92808965,20.929053651,23.059723868,off,True,True,1.0,1.0,0.065737476,0.130897257,0.0,0.0,0.0,0.0,0.0,0.0,0.324982315,0.081245579,0.602862627,0.0,0.0,0.0,0.0,0.0,0.0,0.0,0.0,0.0,0.0,0.196634733,0.406227894,0.0,0.0,0.602862627
2025-09-17T01:00:00+02:00,22.3,76,0.0,99,2.7,0.0,0.0,0.0,WD_HOME,WD_HOME,False,FULL,FULL,False,,False,,,,WD_HOME,22.806741375,20.929053651,23.059723868,off,True,True,1.0,1.0,0.067098604,0.130897257,0.0,0.0,0.0,0.0,0.0,0.0,0.324982315,0.081245579,0.604223755,0.0,0.0,0.0,0.0,0.0,0.0,0.0,0.0,0.0,0.0,0.197995861,0.406227894,0.0,0.0,0.604223755
2025-09-17T02:00:00+02:00,21.7,82,0.0,99,3.5,0.0,0.0,0.0,WD_HOME,WD_HOME,False,FULL,FULL,False,,False,,,,WD_HOME,22.722284479,20.929053651,23.059723868,off,True,True,1.0,1.0,0.068366975,0.130897257,0.0,0.0,0.0,0.0,0.0,0.0,0.324982315,0.081245579,0.605492126,0.0,0.0,0.0,0.0,0.0,0.0,0.0,0.0,0.0,0.0,0.199264232,0.406227894,0.0,0.0,0.605492126
2025-09-17T03:00:00+02:00,21.5,83,0.0,97,4.5,0.0,0.0,0.0,WD_HOME,WD_HOME,False,FULL,FULL,False,,False,,,,WD_HOME,22.551903733,20.929053651,23.059723868,off,True,True,1.0,1.0,0.069456149,0.130897257,0.0,0.0,0.0,0.0,0.0,0.0,0.324982315,0.081245579,0.6065813,0.0,0.0,0.0,0.0,0.0,0.0,0.0,0.0,0.0,0.0,0.200353406,0.406227894,0.0,0.0,0.6065813
2025-09-17T04:00:00+02:00,21.1,85,0.0,100,4.2,0.0,0.0,0.0,WD_HOME,WD_HOME,False,FULL,FULL,False,,False,,,,WD_HOME,22.376586444,20.929053651,23.059723868,off,True,True,1.0,1.0,0.070291902,0.130897257,0.0,0.0,0.0,0.0,0.0,0.0,0.324982315,0.081245579,0.607417053,0.0,0.0,0.0,0.0,0.0,0.0,0.0,0.0,0.0,0.0,0.201189159,0.406227894,0.0,0.0,0.607417053
2025-09-17T05:00:00+02:00,20.8,86,0.0,99,4.8,0.0,0.0,0.0,WD_HOME,WD_HOME,False,FULL,FULL,False,,False,,,,WD_HOME,22.163822037,20.929053651,23.059723868,off,True,True,1.0,1.0,0.070817278,0.130897257,0.0,0.0,0.0,0.0,0.0,0.0,0.324982315,0.081245579,0.607942429,0.0,0.0,0.0,0.0,0.0,0.0,0.0,0.0,0.0,0.0,0.201714535,0.406227894,0.0,0.0,0.607942429
2025-09-17T06:00:00+02:00,20.8,88,0.0,99,4.6,0.0,0.0,0.0,WD_HOME,WD_HOME,False,FULL,FULL,False,,False,,,,WD_HOME,21.936518364,20.929053651,23.059723868,off,True,True,1.0,1.0,0.070996474,0.130897257,0.0,0.0,0.0,0.0,0.0,0.0,0.324982315,0.081245579,0.608121625,0.0,0.0,0.0,0.0,0.0,0.0,0.0,0.0,0.0,0.0,0.201893731,0.406227894,0.0,0.0,0.608121625
2025-09-17T07:00:00+02:00,21.0,87,0.0,99,4.4,0.0,0.0,0.0,WD_HOME,WD_HOME,False,FULL,FULL,False,,False,,,,WD_HOME,21.747098636,20.929053651,23.059723868,off,True,True,1.0,1.0,0.070817278,0.130897257,0.0,0.0,0.0,0.0,0.0,0.0,0.324982315,0.081245579,0.607942429,0.0,0.0,0.0,0.0,0.0,0.0,0.181445755,0.0,0.0,0.181445755,0.201714535,0.406227894,0.0,0.181445755,0.789388184
2025-09-17T08:00:00+02:00,21.6,85,0.0,100,4.2,4.0,0.0,4.0,WD_HOME,WD_HOME,False,FULL,FULL,False,,False,,,,WD_HOME,21.622582197,20.929053651,23.059723868,off,True,True,1.0,1.0,0.070291902,0.130897257,1.381968252,0.0,0.0,0.0,0.0,0.0,0.0,0.0,1.583157411,0.0,0.0,0.0,0.0,0.0,0.0,0.880530278,2.304940941,0.0,3.185471219,0.201189159,1.381968252,0.0,3.185471219,4.768628630
2025-09-17T09:00:00+02:00,22.3,83,0.0,94,4.5,69.0,15.0,54.0,WD_HOME,WD_HOME,False,FULL,FULL,False,,False,,,,WD_HOME,21.618818498,20.929053651,23.059723868,off,True,True,1.0,1.0,0.069456149,0.130897257,0.0,0.0,0.0,0.0,0.0,0.0,0.0,0.0,0.200353406,0.0,0.0,0.0,0.0,0.0,0.0,0.880530278,4.379864887,0.0,5.260395165,0.200353406,0.0,0.0,5.260395165,5.460748571
2025-09-17T10:00:00+02:00,23.2,82,0.0,89,4.5,166.0,60.0,106.0,WD_HOME,WD_HOME,False,FULL,FULL,False,,False,,,,WD_HOME,21.732348748,20.929053651,23.059723868,off,True,True,1.0,1.0,0.068366975,0.130897257,0.0,0.0,0.0,0.0,0.0,0.0,0.0,0.0,0.199264232,0.0,0.0,0.0,0.0,0.0,0.0,0.880530278,4.379864887,0.0,5.260395165,0.199264232,0.0,0.0,5.260395165,5.459659397
2025-09-17T11:00:00+02:00,24.7,78,0.0,95,4.7,321.0,144.0,177.0,WD_HOME,WD_HOME,False,FULL,FULL,False,,False,,,,WD_HOME,21.97695729,20.929053651,23.059723868,off,True,True,1.0,1.0,0.067098604,0.130897257,0.0,0.0,0.0,0.0,0.0,0.0,0.0,0.0,0.197995861,0.0,0.0,0.0,0.0,0.0,0.0,0.880530278,3.283987115,0.0,4.164517394,0.197995861,0.0,0.0,4.164517393,4.362513255
2025-09-17T12:00:00+02:00,26.4,73,0.0,93,3.4,396.0,159.0,237.0,WD_HOME,WD_HOME,False,FULL,FULL,False,,False,,,,WD_HOME,22.430797742,20.929053651,23.059723868,off,True,True,1.0,1.0,0.065737476,0.130897257,0.0,0.0,0.0,0.0,0.0,0.0,0.0,0.0,0.196634733,0.0,0.0,0.0,0.0,0.0,0.0,0.353755773,0.0,0.0,0.353755773,0.196634733,0.0,0.0,0.353755773,0.550390506
2025-09-17T13:00:00+02:00,27.2,70,0.0,56,3.5,478.0,190.0,288.0,WD_HOME,WD_HOME,False,FULL,FULL,False,,False,,,,WD_HOME,23.092331451,20.929053651,23.059723868,off,True,True,1.0,1.0,0.064376347,0.130897257,0.0,0.0,0.0,0.0,0.0,0.0,0.0,0.0,0.195273604,0.0,0.0,0.0,0.0,0.0,0.0,0.0,0.0,0.0,0.0,0.195273604,0.0,0.0,0.0,0.195273604
2025-09-17T14:00:00+02:00,27.6,69,0.0,54,6.5,506.0,232.0,274.0,WD_HOME,WD_HOME,False,FULL,FULL,False,,False,,,,WD_HOME,23.776942876,20.929053651,23.059723868,cool,True,True,1.0,1.0,0.063107977,0.130897257,0.0,0.0,0.0,0.0,0.0,0.0,0.0,0.0,0.194005234,0.0,1.40039609,1.40039609,0.0,0.0,0.0,0.0,0.0,0.0,1.40039609,0.194005234,0.0,0.0,0.0,1.594401324
2025-09-17T15:00:00+02:00,27.7,71,0.0,47,7.9,618.0,456.0,162.0,WD_HOME,WD_HOME,False,FULL,FULL,False,,False,,,,WD_HOME,23.414119063,20.929053651,23.059723868,cool,True,True,1.0,1.0,0.062018802,0.130897257,0.0,0.0,0.0,0.0,0.0,0.0,0.0,0.0,0.192916059,0.0,1.40039609,1.40039609,0.0,0.0,0.0,0.28411286,0.0,0.0,1.68450895,0.192916059,0.0,0.0,0.28411286,1.877425009
2025-09-17T16:00:00+02:00,27.8,74,0.0,45,8.5,611.0,437.0,174.0,WD_HOME,WD_HOME,False,FULL,FULL,False,,False,,,,WD_HOME,23.128432553,20.929053651,23.059723868,cool,True,True,1.0,1.0,0.06118305,0.130897257,0.0,0.0,0.0,0.0,0.0,0.0,0.0,0.0,0.192080307,0.0,1.40039609,1.40039609,0.0,0.0,0.0,0.880530278,0.0,0.0,2.280926369,0.192080307,0.0,0.0,0.880530278,2.473006676
2025-09-17T17:00:00+02:00,27.6,75,0.0,54,9.7,526.0,409.0,117.0,WD_HOME,WD_HOME,False,FULL,FULL,False,,False,,,,WD_HOME,22.907027127,20.929053651,23.059723868,off,True,True,1.0,1.0,0.060657674,0.130897257,0.0,0.0,0.0,0.0,0.0,0.0,0.0,0.0,0.191554931,0.0,0.0,0.0,0.0,0.0,0.0,0.880530278,0.0,0.0,0.880530278,0.191554931,0.0,0.0,0.880530278,1.072085209
2025-09-17T18:00:00+02:00,27.1,78,0.0,53,10.5,369.0,277.0,92.0,WD_HOME,WD_HOME,False,FULL,FULL,False,,False,,,,WD_HOME,23.689189273,20.929053651,23.059723868,cool,True,True,1.0,1.0,0.060478478,0.130897257,0.0,0.0,0.0,0.0,0.0,0.025614141,0.0,0.0,0.216989876,0.0,1.40039609,1.40039609,0.0,0.0,0.0,0.880530278,0.0,0.0,2.280926369,0.191375735,0.025614141,0.0,0.880530278,2.497916245
2025-09-17T19:00:00+02:00,26.0,82,0.0,87,9.8,194.0,128.0,66.0,WD_HOME,WD_HOME,False,FULL,FULL,False,,False,,,,WD_HOME,23.257657727,20.929053651,23.059723868,cool,True,True,1.0,1.0,0.060657674,0.130897257,0.0,0.0,0.0,0.0,0.0,0.005975645,0.0,0.0,0.197530576,0.0,1.40039609,1.40039609,0.0,0.0,0.0,0.85411852,0.0,0.0,2.254514611,0.191554931,0.005975645,0.0,0.85411852,2.452045187
2025-09-17T20:00:00+02:00,24.6,89,0.0,76,7.2,40.0,18.0,22.0,WD_HOME,WD_HOME,False,FULL,FULL,False,,False,,,,WD_HOME,22.714714773,20.929053651,23.059723868,off,True,True,1.0,1.0,0.06118305,0.130897257,1.269159412,0.0,0.0,0.0,0.0,0.008615082,0.0,0.0,1.469854801,0.0,0.0,0.0,0.0,0.0,0.0,0.0,0.0,0.0,0.0,0.192080307,1.277774494,0.0,0.0,1.469854801
2025-09-17T21:00:00+02:00,23.8,92,0.0,76,6.8,0.0,0.0,0.0,WD_HOME,WD_HOME,False,FULL,FULL,False,,False,,,,WD_HOME,23.028928977,20.929053651,23.059723868,off,True,True,1.0,1.0,0.062018802,0.130897257,0.873431432,0.326854771,0.0,0.0,0.0,0.0,0.324982315,0.081245579,1.799430156,0.0,0.0,0.0,0.0,0.0,0.0,0.0,0.0,0.0,0.0,0.192916059,1.606514097,0.0,0.0,1.799430156
2025-09-17T22:00:00+02:00,23.7,92,0.0,81,6.5,0.0,0.0,0.0,WD_HOME,WD_HOME,False,FULL,FULL,False,,False,,,,WD_HOME,23.157440814,20.929053651,23.059723868,off,True,True,1.0,1.0,0.063107977,0.130897257,0.0,0.719594723,0.0,0.0,0.0,0.0,0.324982315,0.081245579,1.319827851,0.0,0.0,0.0,0.0,0.0,0.0,0.0,0.0,0.0,0.0,0.194005234,1.125822617,0.0,0.0,1.319827851
2025-09-17T23:00:00+02:00,23.5,93,0.0,69,6.5,0.0,0.0,0.0,WD_HOME,WD_HOME,False,FULL,FULL,False,,False,,,,WD_HOME,23.247867345,20.929053651,23.059723868,off,True,True,1.0,1.0,0.064376347,0.130897257,0.0,0.0,0.0,0.0,0.0,0.0,0.324982315,0.081245579,0.601501498,0.0,0.0,0.0,0.0,0.0,0.0,0.0,0.0,0.0,0.0,0.195273604,0.406227894,0.0,0.0,0.601501498
2025-09-18T00:00:00+02:00,23.1,93,0.0,68,4.7,0.0,0.0,0.0,WD_HOME,WD_HOME,False,EMPTY,FULL,False,,False,,2025-09-18T08:53:27.445693+02:00,2025-09-18T18:00:41.673774+02:00,WD_HOME,23.289889454,21.750831294,23.88150151,off,True,True,1.0,1.0,0.065737476,0.130897257,0.0,0.0,0.0,0.0,0.0,0.0,0.324982315,0.081245579,0.602862627,0.0,0.0,0.0,0.0,0.0,0.0,0.0,0.0,0.0,0.0,0.196634733,0.406227894,0.0,0.0,0.602862627
2025-09-18T01:00:00+02:00,23.4,93,0.0,80,4.9,0.0,0.0,0.0,WD_HOME,WD_HOME,False,EMPTY,FULL,False,,False,,2025-09-18T08:53:27.445693+02:00,2025-09-18T18:00:41.673774+02:00,WD_HOME,23.258241212,21.750831294,23.88150151,off,True,True,1.0,1.0,0.067098604,0.130897257,0.0,0.0,0.0,0.0,0.0,0.0,0.324982315,0.081245579,0.604223755,0.0,0.0,0.0,0.0,0.0,0.0,0.0,0.0,0.0,0.0,0.197995861,0.406227894,0.0,0.0,0.604223755
2025-09-18T02:00:00+02:00,23.6,92,0.0,82,5.6,0.0,0.0,0.0,WD_HOME,WD_HOME,False,EMPTY,FULL,False,,False,,2025-09-18T08:53:27.445693+02:00,2025-09-18T18:00:41.673774+02:00,WD_HOME,23.281867677,21.750831294,23.88150151,off,True,True,1.0,1.0,0.068366975,0.130897257,0.0,0.0,0.0,0.0,0.0,0.0,0.324982315,0.081245579,0.605492126,0.0,0.0,0.0,0.0,0.0,0.0,0.0,0.0,0.0,0.0,0.199264232,0.406227894,0.0,0.0,0.605492126
2025-09-18T03:00:00+02:00,23.3,90,0.0,78,6.7,0.0,0.0,0.0,WD_HOME,WD_HOME,False,EMPTY,FULL,False,,False,,2025-09-18T08:53:27.445693+02:00,2025-09-18T18:00:41.673774+02:00,WD_HOME,23.334889731,21.750831294,23.88150151,off,True,True,1.0,1.0,0.069456149,0.130897257,0.0,0.0,0.0,0.0,0.0,0.0,0.324982315,0.081245579,0.6065813,0.0,0.0,0.0,0.0,0.0,0.0,0.0,0.0,0.0,0.0,0.200353406,0.406227894,0.0,0.0,0.6065813
2025-09-18T04:00:00+02:00,22.8,90,0.0,71,7.0,0.0,0.0,0.0,WD_HOME,WD_HOME,False,EMPTY,FULL,False,,False,,2025-09-18T08:53:27.445693+02:00,2025-09-18T18:00:41.673774+02:00,WD_HOME,23.329074775,21.750831294,23.88150151,off,True,True,1.0,1.0,0.070291902,0.130897257,0.0,0.0,0.0,0.0,0.0,0.0,0.324982315,0.081245579,0.607417053,0.0,0.0,0.0,0.0,0.0,0.0,0.0,0.0,0.0,0.0,0.201189159,0.406227894,0.0,0.0,0.607417053
2025-09-18T05:00:00+02:00,22.3,90,0.0,20,6.8,0.0,0.0,0.0,WD_HOME,WD_HOME,False,EMPTY,FULL,False,,False,,2025-09-18T08:53:27.445693+02:00,2025-09-18T18:00:41.673774+02:00,WD_HOME,23.240895646,21.750831294,23.88150151,off,True,True,1.0,1.0,0.070817278,0.130897257,0.0,0.0,0.0,0.0,0.0,0.0,0.324982315,0.081245579,0.607942429,0.0,0.0,0.0,0.0,0.0,0.0,0.0,0.0,0.0,0.0,0.201714535,0.406227894,0.0,0.0,0.607942429
2025-09-18T06:00:00+02:00,22.0,90,0.0,21,5.6,0.0,0.0,0.0,WD_HOME,WD_HOME,False,EMPTY,FULL,False,,False,,2025-09-18T08:53:27.445693+02:00,2025-09-18T18:00:41.673774+02:00,WD_HOME,23.084079705,21.750831294,23.88150151,off,True,True,1.0,1.0,0.070996474,0.130897257,0.0,0.0,0.0,0.0,0.0,0.0,0.324982315,0.081245579,0.608121625,0.0,0.0,0.0,0.0,0.0,0.0,0.0,0.0,0.0,0.0,0.201893731,0.406227894,0.0,0.0,0.608121625
2025-09-18T07:00:00+02:00,21.6,89,0.0,25,5.4,0.0,0.0,0.0,WD_HOME,WD_HOME,False,EMPTY,FULL,False,,False,,2025-09-18T08:53:27.445693+02:00,2025-09-18T18:00:41.673774+02:00,WD_HOME,22.903399754,21.750831294,23.88150151,off,True,True,1.0,1.0,0.070817278,0.130897257,0.020593621,0.0,0.0,0.0,0.0,0.0,0.324982315,0.081245579,0.62853605,0.0,0.0,0.0,0.0,0.0,0.0,0.536022921,0.0,0.0,0.536022921,0.201714535,0.426821515,0.0,0.536022921,1.164558971
2025-09-18T08:00:00+02:00,21.6,88,0.0,17,5.3,5.0,1.0,4.0,WD_HOME,WD_HOME,False,EMPTY,FULL,False,,False,,2025-09-18T08:53:27.445693+02:00,2025-09-18T18:00:41.673774+02:00,WD_HOME,22.686166462,21.750831294,23.88150151,off,True,True,0.701881208,0.6002347,0.070291902,0.130897257,1.057081824,0.0,0.0,0.0,0.0,0.0,0.0,0.0,1.258270983,0.0,0.0,0.0,0.0,0.0,0.0,0.880530278,0.0,0.0,0.880530278,0.201189159,1.057081824,0.0,0.880530278,2.138801261
2025-09-18T09:00:00+02:00,23.3,85,0.0,14,5.9,105.0,62.0,43.0,WD_HOME,WD_HOME,False,EMPTY,EMPTY,False,,False,,2025-09-18T08:53:27.445693+02:00,2025-09-18T18:00:41.673774+02:00,WD_HOME,22.505138718,20.750831294,24.88150151,off,False,False,0.0,0.0,0.069456149,0.130897257,0.0,0.0,0.0,0.0,0.0,0.0,0.0,0.0,0.200353406,0.0,0.0,0.0,0.0,0.0,0.0,0.880530278,0.0,0.0,0.880530278,0.200353406,0.0,0.0,0.880530278,1.080883684
2025-09-18T10:00:00+02:00,24.9,78,0.0,12,5.7,277.0,196.0,81.0,WD_HOME,WD_HOME,False,EMPTY,EMPTY,False,,False,,2025-09-18T08:53:27.445693+02:00,2025-09-18T18:00:41.673774+02:00,WD_HOME,22.637615599,20.750831294,24.88150151,off,False,False,0.0,0.0,0.068366975,0.130897257,0.0,0.0,0.0,0.0,0.0,0.0,0.0,0.0,0.199264232,0.0,0.0,0.0,0.0,0.0,0.0,0.880530278,0.0,0.0,0.880530278,0.199264232,0.0,0.0,0.880530278,1.079794510
2025-09-18T11:00:00+02:00,26.6,71,0.0,6,6.3,459.0,368.0,91.0,WD_HOME,WD_HOME,False,EMPTY,EMPTY,False,,False,,2025-09-18T08:53:27.445693+02:00,2025-09-18T18:00:41.673774+02:00,WD_HOME,23.014679665,20.750831294,24.88150151,off,False,False,0.0,0.0,0.067098604,0.130897257,0.0,0.0,0.0,0.0,0.0,0.0,0.0,0.0,0.197995861,0.0,0.0,0.0,0.0,0.0,0.0,0.638696442,0.0,0.0,0.638696442,0.197995861,0.0,0.0,0.638696442,0.836692303
2025-09-18T12:00:00+02:00,27.3,73,0.0,4,7.2,604.0,498.0,106.0,WD_HOME,WD_HOME,False,EMPTY,EMPTY,False,,False,,2025-09-18T08:53:27.445693+02:00,2025-09-18T18:00:41.673774+02:00,WD_HOME,23.612233055,20.750831294,24.88150151,off,False,False,0.0,0.0,0.065737476,0.130897257,0.0,0.0,0.0,0.0,0.0,0.0,0.0,0.0,0.196634733,0.0,0.0,0.0,0.0,0.0,0.0,0.0,0.0,0.0,0.0,0.196634733,0.0,0.0,0.0,0.196634733
2025-09-18T13:00:00+02:00,27.7,72,0.0,4,8.6,690.0,576.0,114.0,WD_HOME,WD_HOME,False,EMPTY,EMPTY,False,,False,,2025-09-18T08:53:27.445693+02:00,2025-09-18T18:00:41.673774+02:00,WD_HOME,24.226860879,20.750831294,24.88150151,off,False,False,0.0,0.0,0.064376347,0.130897257,0.0,0.0,0.0,0.0,0.0,0.0,0.0,0.0,0.195273604,0.0,0.0,0.0,0.0,0.0,0.0,0.0,0.0,0.0,0.0,0.195273604,0.0,0.0,0.0,0.195273604
2025-09-18T14:00:00+02:00,27.8,72,0.0,4,9.8,729.0,604.0,125.0,WD_HOME,WD_HOME,False,EMPTY,EMPTY,False,,False,,2025-09-18T08:53:27.445693+02:00,2025-09-18T18:00:41.673774+02:00,WD_HOME,24.805717399,20.750831294,24.88150151,off,False,False,0.0,0.0,0.063107977,0.130897257,0.0,0.0,0.0,0.0,0.0,0.0,0.0,0.0,0.194005234,0.0,0.0,0.0,0.0,0.0,0.0,0.0,0.0,0.0,0.0,0.194005234,0.0,0.0,0.0,0.194005234
2025-09-18T15:00:00+02:00,27.8,72,0.0,33,11.1,710.0,586.0,124.0,WD_HOME,WD_HOME,False,EMPTY,EMPTY,False,,False,,2025-09-18T08:53:27.445693+02:00,2025-09-18T18:00:41.673774+02:00,WD_HOME,25.304764499,20.750831294,24.88150151,off,False,False,0.0,0.0,0.062018802,0.130897257,0.0,0.0,0.0,0.0,0.0,0.0,0.0,0.0,0.192916059,0.0,0.0,0.0,0.0,0.0,0.0,0.0,0.0,0.0,0.0,0.192916059,0.0,0.0,0.0,0.192916059
2025-09-18T16:00:00+02:00,27.6,74,0.0,46,11.2,649.0,544.0,105.0,WD_HOME,WD_HOME,False,EMPTY,EMPTY,False,,False,,2025-09-18T08:53:27.445693+02:00,2025-09-18T18:00:41.673774+02:00,WD_HOME,25.720637083,20.750831294,24.88150151,cool,False,True,0.0,0.323927473,0.06118305,0.130897257,0.0,0.0,0.0,0.0,0.0,0.0,0.0,0.0,0.192080307,0.0,1.40039609,1.40039609,0.0,0.0,0.0,0.762643273,0.0,0.0,2.163039363,0.192080307,0.0,0.0,0.762643273,2.355119670
2025-09-18T17:00:00+02:00,27.3,75,0.0,49,10.5,536.0,439.0,97.0,WD_HOME,WD_HOME,False,EMPTY,EMPTY,False,,False,,2025-09-18T08:53:27.445693+02:00,2025-09-18T18:00:41.673774+02:00,WD_HOME,25.033864236,20.750831294,24.88150151,cool,False,True,0.0,1.0,0.060657674,0.130897257,0.0,0.0,0.0,0.0,0.0,0.0,0.0,0.0,0.191554931,0.0,1.40039609,1.40039609,0.0,4.013532995,4.013532995,0.880530278,0.0,0.0,6.294459363,0.191554931,0.0,4.013532995,0.880530278,6.486014294
2025-09-18T18:00:00+02:00,26.6,79,0.0,50,8.9,376.0,295.0,81.0,WD_HOME,WD_HOME,False,EMPTY,FULL,False,,False,,2025-09-18T08:53:27.445693+02:00,2025-09-18T18:00:41.673774+02:00,WD_HOME,24.41155353,21.750831294,23.88150151,cool,True,True,0.694400864,1.0,0.060478478,0.130897257,0.0,0.0,0.0,0.0,0.0,0.013888272,0.0,0.0,0.205264007,0.0,1.40039609,1.40039609,4.672623674,6.012425786,10.685049461,0.880530278,0.0,0.0,12.965975829,0.191375735,0.013888272,10.685049461,0.880530278,13.171239836
2025-09-18T19:00:00+02:00,25.6,83,0.0,49,6.5,195.0,135.0,60.0,WD_HOME,WD_HOME,False,EMPTY,FULL,False,,False,,2025-09-18T08:53:27.445693+02:00,2025-09-18T18:00:41.673774+02:00,WD_HOME,23.776294608,21.750831294,23.88150151,off,True,True,1.0,1.0,0.060657674,0.130897257,0.757296889,0.0,0.0,0.0,0.212419379,0.0,0.0,0.0,1.161271199,0.0,0.0,0.0,7.4,0.0,7.4,0.477064153,0.0,0.0,7.877064153,0.191554931,0.969716268,7.4,0.477064153,9.038335352
2025-09-18T20:00:00+02:00,24.9,87,0.0,39,3.6,39.0,21.0,18.0,WD_HOME,WD_HOME,False,EMPTY,FULL,False,,False,,2025-09-18T08:53:27.445693+02:00,2025-09-18T18:00:41.673774+02:00,WD_HOME,24.080245507,21.750831294,23.88150151,off,True,True,1.0,1.0,0.06118305,0.130897257,2.009027414,0.0,0.0,0.0,0.415716855,0.0,0.0,0.0,2.616824576,0.0,0.0,0.0,3.852440978,0.0,3.852440978,0.0,0.0,0.0,3.852440978,0.192080307,2.424744269,3.852440978,0.0,6.469265554
2025-09-18T21:00:00+02:00,24.2,91,0.0,27,3.5,0.0,0.0,0.0,WD_HOME,WD_HOME,False,EMPTY,FULL,False,,False,,2025-09-18T08:53:27.445693+02:00,2025-09-18T18:00:41.673774+02:00,WD_HOME,24.216871256,21.750831294,23.88150151,off,True,True,1.0,1.0,0.062018802,0.130897257,0.125504351,0.0,0.0,0.0,0.299236025,0.0,0.324982315,0.081245579,1.023884329,0.0,0.0,0.0,0.0,0.0,0.0,0.0,0.0,0.0,0.0,0.192916059,0.830968270,0.0,0.0,1.023884329
2025-09-18T22:00:00+02:00,23.9,93,0.0,13,1.8,0.0,0.0,0.0,WD_HOME,WD_HOME,False,EMPTY,FULL,False,,False,,2025-09-18T08:53:27.445693+02:00,2025-09-18T18:00:41.673774+02:00,WD_HOME,24.21405938,21.750831294,23.88150151,off,True,True,1.0,1.0,0.063107977,0.130897257,0.0,0.0,0.0,0.0,0.0,0.011068563,0.324982315,0.081245579,0.611301691,0.0,0.0,0.0,0.0,0.0,0.0,0.0,0.0,0.0,0.0,0.194005234,0.417296457,0.0,0.0,0.611301691
2025-09-18T23:00:00+02:00,23.4,95,0.0,38,1.1,0.0,0.0,0.0,WD_HOME,WD_HOME,False,EMPTY,FULL,False,,False,,2025-09-18T08:53:27.445693+02:00,2025-09-18T18:00:41.673774+02:00,WD_HOME,24.16171615,21.750831294,23.88150151,off,True,True,1.0,1.0,0.064376347,0.130897257,0.0,0.0,0.0,0.0,0.0,0.0,0.324982315,0.081245579,0.601501498,0.0,0.0,0.0,0.0,0.0,0.0,0.0,0.0,0.0,0.0,0.195273604,0.406227894,0.0,0.0,0.601501498
2025-09-19T00:00:00+02:00,23.0,93,0.0,86,2.7,0.0,0.0,0.0,WD_HOME,WD_HOME,False,PARTIAL,FULL,False,,False,,2025-09-19T08:40:20.294730+02:00,2025-09-19T18:28:31.669764+02:00,WD_HOME,24.034763458,21.598390907,23.729061124,off,True,True,1.0,1.0,0.065737476,0.130897257,0.0,0.0,0.0,0.0,0.0,0.0,0.324982315,0.081245579,0.602862627,0.0,0.0,0.0,0.0,0.0,0.0,0.0,0.0,0.0,0.0,0.196634733,0.406227894,0.0,0.0,0.602862627
2025-09-19T01:00:00+02:00,22.9,92,0.0,97,1.7,0.0,0.0,0.0,WD_HOME,WD_HOME,False,PARTIAL,FULL,False,,False,,2025-09-19T08:40:20.294730+02:00,2025-09-19T18:28:31.669764+02:00,WD_HOME,23.862302882,21.598390907,23.729061124,off,True,True,1.0,1.0,0.067098604,0.130897257,0.0,0.0,0.0,0.0,0.0,0.0,0.324982315,0.081245579,0.604223755,0.0,0.0,0.0,0.0,0.0,0.0,0.0,0.0,0.0,0.0,0.197995861,0.406227894,0.0,0.0,0.604223755
2025-09-19T02:00:00+02:00,22.3,93,0.0,100,3.8,0.0,0.0,0.0,WD_HOME,WD_HOME,False,PARTIAL,FULL,False,,False,,2025-09-19T08:40:20.294730+02:00,2025-09-19T18:28:31.669764+02:00,WD_HOME,23.701919068,21.598390907,23.729061124,off,True,True,1.0,1.0,0.068366975,0.130897257,0.0,0.0,0.0,0.0,0.0,0.0,0.324982315,0.081245579,0.605492126,0.0,0.0,0.0,0.0,0.0,0.0,0.0,0.0,0.0,0.0,0.199264232,0.406227894,0.0,0.0,0.605492126
2025-09-19T03:00:00+02:00,22.2,92,0.0,99,5.4,0.0,0.0,0.0,WD_HOME,WD_HOME,False,PARTIAL,FULL,False,,False,,2025-09-19T08:40:20.294730+02:00,2025-09-19T18:28:31.669764+02:00,WD_HOME,23.46826589,21.598390907,23.729061124,off,True,True,1.0,1.0,0.069456149,0.130897257,0.0,0.0,0.0,0.0,0.0,0.0,0.324982315,0.081245579,0.6065813,0.0,0.0,0.0,0.0,0.0,0.0,0.0,0.0,0.0,0.0,0.200353406,0.406227894,0.0,0.0,0.6065813
2025-09-19T04:00:00+02:00,22.0,92,0.0,82,5.8,0.0,0.0,0.0,WD_HOME,WD_HOME,False,PARTIAL,FULL,False,,False,,2025-09-19T08:40:20.294730+02:00,2025-09-19T18:28:31.669764+02:00,WD_HOME,23.256888242,21.598390907,23.729061124,off,True,True,1.0,1.0,0.070291902,0.130897257,0.0,0.0,0.0,0.0,0.0,0.0,0.324982315,0.081245579,0.607417053,0.0,0.0,0.0,0.0,0.0,0.0,0.0,0.0,0.0,0.0,0.201189159,0.406227894,0.0,0.0,0.607417053
2025-09-19T05:00:00+02:00,21.8,92,0.0,79,5.0,0.0,0.0,0.0,WD_HOME,WD_HOME,False,PARTIAL,FULL,False,,False,,2025-09-19T08:40:20.294730+02:00,2025-09-19T18:28:31.669764+02:00,WD_HOME,23.047406868,21.598390907,23.729061124,off,True,True,1.0,1.0,0.070817278,0.130897257,0.0,0.0,0.0,0.0,0.0,0.0,0.324982315,0.081245579,0.607942429,0.0,0.0,0.0,0.0,0.0,0.0,0.0,0.0,0.0,0.0,0.201714535,0.406227894,0.0,0.0,0.607942429
2025-09-19T06:00:00+02:00,21.9,90,0.0,49,3.8,0.0,0.0,0.0,WD_HOME,WD_HOME,False,PARTIAL,FULL,False,,False,,2025-09-19T08:40:20.294730+02:00,2025-09-19T18:28:31.669764+02:00,WD_HOME,22.839505723,21.598390907,23.729061124,off,True,True,1.0,1.0,0.070996474,0.130897257,0.0,0.0,0.0,0.0,0.0,0.0,0.324982315,0.081245579,0.608121625,0.0,0.0,0.0,0.0,0.0,0.0,0.0,0.0,0.0,0.0,0.201893731,0.406227894,0.0,0.0,0.608121625
2025-09-19T07:00:00+02:00,21.7,89,0.0,34,4.6,0.0,0.0,0.0,WD_HOME,WD_HOME,False,PARTIAL,FULL,False,,False,,2025-09-19T08:40:20.294730+02:00,2025-09-19T18:28:31.669764+02:00,WD_HOME,22.682921436,21.598390907,23.729061124,off,True,True,1.0,1.0,0.070817278,0.130897257,0.0,0.0,0.0,0.0,0.0,0.0,0.324982315,0.081245579,0.607942429,0.0,0.0,0.0,0.0,0.0,0.0,0.5399984,0.0,0.0,0.5399984,0.201714535,0.406227894,0.0,0.5399984,1.147940829
2025-09-19T08:00:00+02:00,21.5,88,0.0,64,4.2,3.0,1.0,2.0,WD_HOME,WD_HOME,False,PARTIAL,FULL,False,,False,,2025-09-19T08:40:20.294730+02:00,2025-09-19T18:28:31.669764+02:00,WD_HOME,22.519101197,21.598390907,23.729061124,off,True,True,0.810087591,1.0,0.070291902,0.130897257,0.0,0.0,0.0,0.0,0.0,0.0,0.0,0.0,0.201189159,0.0,0.0,0.0,0.0,0.0,0.0,0.880530278,0.0,0.0,0.880530278,0.201189159,0.0,0.0,0.880530278,1.081719437
2025-09-19T09:00:00+02:00,22.3,83,0.0,66,4.8,76.0,30.0,46.0,WD_HOME,WD_HOME,False,PARTIAL,PARTIAL,False,,False,,2025-09-19T08:40:20.294730+02:00,2025-09-19T18:28:31.669764+02:00,WD_HOME,22.349250997,21.598390907,23.729061124,off,False,True,0.0,1.0,0.069456149,0.130897257,0.0,0.0,0.0,0.0,0.0,0.0,0.0,0.0,0.200353406,0.0,0.0,0.0,0.0,0.0,0.0,0.880530278,0.0,0.0,0.880530278,0.200353406,0.0,0.0,0.880530278,1.080883684
2025-09-19T10:00:00+02:00,23.3,79,0.0,66,4.5,217.0,109.0,108.0,WD_HOME,WD_HOME,False,PARTIAL,PARTIAL,False,,False,,2025-09-19T08:40:20.294730+02:00,2025-09-19T18:28:31.669764+02:00,WD_HOME,22.341042498,21.598390907,23.729061124,off,False,True,0.0,1.0,0.068366975,0.130897257,0.0,0.0,0.0,0.0,0.0,0.0,0.0,0.0,0.199264232,0.0,0.0,0.0,0.0,0.0,0.0,0.880530278,0.0,0.0,0.880530278,0.199264232,0.0,0.0,0.880530278,1.079794510
2025-09-19T11:00:00+02:00,24.6,75,0.0,29,4.5,407.0,284.0,123.0,WD_HOME,WD_HOME,False,PARTIAL,PARTIAL,False,,False,,2025-09-19T08:40:20.294730+02:00,2025-09-19T18:28:31.669764+02:00,WD_HOME,22.500868748,21.598390907,23.729061124,off,False,True,0.0,1.0,0.067098604,0.130897257,0.0,0.0,0.0,0.0,0.0,0.0,0.0,0.0,0.197995861,0.0,0.0,0.0,0.0,0.0,0.0,0.880530278,0.0,0.0,0.880530278,0.197995861,0.0,0.0,0.880530278,1.078526139
2025-09-19T12:00:00+02:00,25.8,73,0.0,52,5.7,583.0,469.0,114.0,WD_HOME,WD_HOME,False,PARTIAL,PARTIAL,False,,False,,2025-09-19T08:40:20.294730+02:00,2025-09-19T18:28:31.669764+02:00,WD_HOME,22.850723957,21.598390907,23.729061124,off,False,True,0.0,1.0,0.065737476,0.130897257,0.0,0.0,0.0,0.0,0.0,0.0,0.0,0.0,0.196634733,0.0,0.0,0.0,0.0,0.0,0.0,0.880530278,0.0,0.0,0.880530278,0.196634733,0.0,0.0,0.880530278,1.077165011
2025-09-19T13:00:00+02:00,26.7,66,0.0,9,7.6,696.0,564.0,132.0,WD_HOME,WD_HOME,False,PARTIAL,PARTIAL,False,,False,,2025-09-19T08:40:20.294730+02:00,2025-09-19T18:28:31.669764+02:00,WD_HOME,23.342269964,21.598390907,23.729061124,off,False,True,0.0,1.0,0.064376347,0.130897257,0.0,0.0,0.0,0.0,0.20038946,0.0,0.0,0.0,0.395663064,0.0,0.0,0.0,0.0,0.0,0.0,0.769545255,0.0,0.0,0.769545255,0.195273604,0.20038946,0.0,0.769545255,1.165208319
2025-09-19T14:00:00+02:00,27.2,64,0.0,4,9.5,737.0,606.0,131.0,WD_HOME,WD_HOME,False,PARTIAL,PARTIAL,False,,False,,2025-09-19T08:40:20.294730+02:00,2025-09-19T18:28:31.669764+02:00,WD_HOME,23.901891637,21.598390907,23.729061124,off,False,True,0.0,1.0,0.063107977,0.130897257,0.0,0.0,0.0,0.0,0.105987376,0.0,0.0,0.0,0.29999261,0.0,0.0,0.0,0.0,0.0,0.0,0.0,0.0,0.0,0.0,0.194005234,0.105987376,0.0,0.0,0.29999261
2025-09-19T15:00:00+02:00,27.4,63,0.0,4,11.2,724.0,601.0,123.0,WD_HOME,WD_HOME,False,PARTIAL,PARTIAL,False,,False,,2025-09-19T08:40:20.294730+02:00,2025-09-19T18:28:31.669764+02:00,WD_HOME,24.451576364,21.598390907,23.729061124,cool,False,True,0.0,1.0,0.062018802,0.130897257,0.0,0.0,0.0,0.0,0.0,0.0,0.0,0.0,0.192916059,0.0,1.40039609,1.40039609,0.0,0.0,0.0,0.0,0.0,0.0,1.40039609,0.192916059,0.0,0.0,0.0,1.593312149
2025-09-19T16:00:00+02:00,27.0,67,0.0,2,11.5,643.0,517.0,126.0,WD_HOME,WD_HOME,False,PARTIAL,PARTIAL,False,,False,,2025-09-19T08:40:20.294730+02:00,2025-09-19T18:28:31.669764+02:00,WD_HOME,23.942980303,21.598390907,23.729061124,cool,False,True,0.0,1.0,0.06118305,0.130897257,0.0,0.0,0.0,0.0,0.0,0.0,0.0,0.0,0.192080307,0.0,1.40039609,1.40039609,0.0,0.0,0.0,0.147462731,0.0,0.0,1.547858822,0.192080307,0.0,0.0,0.147462731,1.739939129
2025-09-19T17:00:00+02:00,26.7,71,0.0,2,11.3,540.0,447.0,93.0,WD_HOME,WD_HOME,False,PARTIAL,PARTIAL,False,,False,,2025-09-19T08:40:20.294730+02:00,2025-09-19T18:28:31.669764+02:00,WD_HOME,23.452483586,21.598390907,23.729061124,off,False,True,0.0,1.0,0.060657674,0.130897257,0.0,0.0,0.0,0.0,0.0,0.0,0.0,0.0,0.191554931,0.0,0.0,0.0,0.0,0.0,0.0,0.880530278,0.0,0.0,0.880530278,0.191554931,0.0,0.0,0.880530278,1.072085209
2025-09-19T18:00:00+02:00,25.9,75,0.0,0,11.9,374.0,292.0,82.0,WD_HOME,WD_HOME,False,PARTIAL,FULL,False,,False,,2025-09-19T08:40:20.294730+02:00,2025-09-19T18:28:31.669764+02:00,WD_HOME,23.993736322,21.598390907,23.729061124,off,True,True,0.560447713,1.0,0.060478478,0.130897257,0.0,0.0,0.0,0.0,0.0,0.0,0.0,0.0,0.191375735,0.0,0.0,0.0,0.036326427,0.0,0.036326427,0.880530278,0.0,0.0,0.916856706,0.191375735,0.0,0.036326427,0.880530278,1.108232441
2025-09-19T19:00:00+02:00,25.1,79,0.0,8,11.0,191.0,132.0,59.0,WD_HOME,WD_HOME,False,PARTIAL,FULL,False,,False,,2025-09-19T08:40:20.294730+02:00,2025-09-19T18:28:31.669764+02:00,WD_HOME,24.311446935,21.598390907,23.729061124,cool,True,True,1.0,1.0,0.060657674,0.130897257,0.0,0.0,0.0,0.0,0.0,0.0,0.0,0.0,0.191554931,0.0,1.40039609,1.40039609,7.4,0.0,7.4,0.880530278,0.0,0.0,9.680926369,0.191554931,0.0,7.4,0.880530278,9.872481300
2025-09-19T20:00:00+02:00,23.8,86,0.0,20,6.7,37.0,19.0,18.0,WD_HOME,WD_HOME,False,PARTIAL,FULL,False,,False,,2025-09-19T08:40:20.294730+02:00,2025-09-19T18:28:31.669764+02:00,WD_HOME,23.442872446,21.598390907,23.729061124,off,True,True,1.0,1.0,0.06118305,0.130897257,0.0,0.425982951,0.0,0.0,0.218373624,0.019314025,0.0,0.0,0.855750907,0.0,0.0,0.0,0.819709092,0.0,0.819709092,0.052550257,0.0,0.0,0.872259348,0.192080307,0.663670600,0.819709092,0.052550257,1.728010255
2025-09-19T21:00:00+02:00,23.4,87,0.0,21,5.6,0.0,0.0,0.0,WD_HOME,WD_HOME,False,PARTIAL,FULL,False,,False,,2025-09-19T08:40:20.294730+02:00,2025-09-19T18:28:31.669764+02:00,WD_HOME,23.502393705,21.598390907,23.729061124,off,True,True,1.0,1.0,0.062018802,0.130897257,0.0,0.541784549,0.0,0.0,0.224168266,0.0,0.324982315,0.081245579,1.365096768,0.0,0.0,0.0,0.0,0.0,0.0,0.0,0.0,0.0,0.0,0.192916059,1.172180709,0.0,0.0,1.365096768
2025-09-19T22:00:00+02:00,23.3,86,0.0,44,5.9,0.0,0.0,0.0,WD_HOME,WD_HOME,False,PARTIAL,FULL,False,,False,,2025-09-19T08:40:20.294730+02:00,2025-09-19T18:28:31.669764+02:00,WD_HOME,23.485328087,21.598390907,23.729061124,off,True,True,1.0,1.0,0.063107977,0.130897257,0.0,0.091089794,0.0,0.0,0.00115357,0.0,0.324982315,0.081245579,0.692476492,0.0,0.0,0.0,0.0,0.0,0.0,0.0,0.0,0.0,0.0,0.194005234,0.498471258,0.0,0.0,0.692476492
2025-09-19T23:00:00+02:00,24.0,84,0.0,45,3.0,0.0,0.0,0.0,WD_HOME,WD_HOME,False,PARTIAL,FULL,False,,False,,2025-09-19T08:40:20.294730+02:00,2025-09-19T18:28:31.669764+02:00,WD_HOME,23.454440073,21.598390907,23.729061124,off,True,True,1.0,1.0,0.064376347,0.130897257,0.0,0.0,0.0,0.0,0.0,0.0,0.324982315,0.081245579,0.601501498,0.0,0.0,0.0,0.0,0.0,0.0,0.0,0.0,0.0,0.0,0.195273604,0.406227894,0.0,0.0,0.601501498
2025-09-20T00:00:00+02:00,23.2,88,0.0,70,1.8,0.0,0.0,0.0,WE_HOME,WE_HOME,True,PARTIAL,FULL,False,,False,,2025-09-20T11:04:36.115987+02:00,2025-09-20T17:47:22.026097+02:00,WE_HOME,23.545366727,21.267472902,23.398143119,off,True,True,1.0,1.0,0.065737476,0.130897257,0.0,0.0,0.0,0.0,0.0,0.0,0.324982315,0.081245579,0.602862627,0.0,0.0,0.0,0.0,0.0,0.0,0.0,0.0,0.0,0.0,0.196634733,0.406227894,0.0,0.0,0.602862627
2025-09-20T01:00:00+02:00,22.9,89,0.0,72,2.6,0.0,0.0,0.0,WE_HOME,WE_HOME,True,PARTIAL,FULL,False,,False,,2025-09-20T11:04:36.115987+02:00,2025-09-20T17:47:22.026097+02:00,WE_HOME,23.487805606,21.267472902,23.398143119,off,True,True,1.0,1.0,0.067098604,0.130897257,0.0,0.0,0.0,0.0,0.0,0.0,0.324982315,0.081245579,0.604223755,0.0,0.0,0.0,0.0,0.0,0.0,0.0,0.0,0.0,0.0,0.197995861,0.406227894,0.0,0.0,0.604223755
2025-09-20T02:00:00+02:00,22.8,88,0.0,93,2.9,0.0,0.0,0.0,WE_HOME,WE_HOME,True,PARTIAL,FULL,False,,False,,2025-09-20T11:04:36.115987+02:00,2025-09-20T17:47:22.026097+02:00,WE_HOME,23.389838005,21.267472902,23.398143119,off,True,True,1.0,1.0,0.068366975,0.130897257,0.0,0.0,0.0,0.0,0.0,0.0,0.324982315,0.081245579,0.605492126,0.0,0.0,0.0,0.0,0.0,0.0,0.0,0.0,0.0,0.0,0.199264232,0.406227894,0.0,0.0,0.605492126
2025-09-20T03:00:00+02:00,22.8,88,0.0,82,2.4,0.0,0.0,0.0,WE_HOME,WE_HOME,True,PARTIAL,FULL,False,,False,,2025-09-20T11:04:36.115987+02:00,2025-09-20T17:47:22.026097+02:00,WE_HOME,23.291531671,21.267472902,23.398143119,off,True,True,1.0,1.0,0.069456149,0.130897257,0.0,0.0,0.0,0.0,0.0,0.0,0.324982315,0.081245579,0.6065813,0.0,0.0,0.0,0.0,0.0,0.0,0.0,0.0,0.0,0.0,0.200353406,0.406227894,0.0,0.0,0.6065813
2025-09-20T04:00:00+02:00,22.7,90,0.0,75,2.1,0.0,0.0,0.0,WE_HOME,WE_HOME,True,PARTIAL,FULL,False,,False,,2025-09-20T11:04:36.115987+02:00,2025-09-20T17:47:22.026097+02:00,WE_HOME,23.209609726,21.267472902,23.398143119,off,True,True,1.0,1.0,0.070291902,0.130897257,0.0,0.0,0.0,0.0,0.0,0.0,0.324982315,0.081245579,0.607417053,0.0,0.0,0.0,0.0,0.0,0.0,0.0,0.0,0.0,0.0,0.201189159,0.406227894,0.0,0.0,0.607417053
2025-09-20T05:00:00+02:00,22.4,90,0.0,76,1.9,0.0,0.0,0.0,WE_HOME,WE_HOME,True,PARTIAL,FULL,False,,False,,2025-09-20T11:04:36.115987+02:00,2025-09-20T17:47:22.026097+02:00,WE_HOME,23.124674771,21.267472902,23.398143119,off,True,True,1.0,1.0,0.070817278,0.130897257,0.0,0.0,0.0,0.0,0.0,0.0,0.324982315,0.081245579,0.607942429,0.0,0.0,0.0,0.0,0.0,0.0,0.0,0.0,0.0,0.0,0.201714535,0.406227894,0.0,0.0,0.607942429
2025-09-20T06:00:00+02:00,22.3,89,0.0,85,1.5,0.0,0.0,0.0,WE_HOME,WE_HOME,True,PARTIAL,FULL,False,,False,,2025-09-20T11:04:36.115987+02:00,2025-09-20T17:47:22.026097+02:00,WE_HOME,23.003895643,21.267472902,23.398143119,off,True,True,1.0,1.0,0.070996474,0.130897257,0.0,0.0,0.0,0.0,0.0,0.0,0.324982315,0.081245579,0.608121625,0.0,0.0,0.0,0.0,0.0,0.0,0.0,0.0,0.0,0.0,0.201893731,0.406227894,0.0,0.0,0.608121625
2025-09-20T07:00:00+02:00,22.0,89,0.0,79,1.8,0.0,0.0,0.0,WE_HOME,WE_HOME,True,PARTIAL,FULL,False,,False,,2025-09-20T11:04:36.115987+02:00,2025-09-20T17:47:22.026097+02:00,WE_HOME,22.886579702,21.267472902,23.398143119,off,True,True,1.0,1.0,0.070817278,0.130897257,0.0,0.0,0.0,0.0,0.0,0.0,0.324982315,0.081245579,0.607942429,0.0,0.0,0.0,0.0,0.0,0.0,0.0,0.0,0.0,0.0,0.201714535,0.406227894,0.0,0.0,0.607942429
2025-09-20T08:00:00+02:00,22.1,88,0.0,88,3.3,3.0,1.0,2.0,WE_HOME,WE_HOME,True,PARTIAL,FULL,False,,False,,2025-09-20T11:04:36.115987+02:00,2025-09-20T17:47:22.026097+02:00,WE_HOME,22.738816419,21.267472902,23.398143119,off,True,True,1.0,1.0,0.070291902,0.130897257,0.0,0.0,0.0,0.0,0.0,0.0,0.0,0.0,0.201189159,0.0,0.0,0.0,0.0,0.0,0.0,0.0,0.0,0.0,0.0,0.201189159,0.0,0.0,0.0,0.201189159
2025-09-20T09:00:00+02:00,22.9,86,0.3,91,5.0,61.0,27.0,34.0,WE_HOME,WE_HOME,True,PARTIAL,FULL,False,,False,,2025-09-20T11:04:36.115987+02:00,2025-09-20T17:47:22.026097+02:00,WE_HOME,22.632347016,21.267472902,23.398143119,off,True,True,1.0,1.0,0.069456149,0.130897257,0.0,0.0,0.0,0.0,0.0,0.0,0.0,0.0,0.200353406,0.0,0.0,0.0,0.0,0.0,0.0,0.0,0.0,0.0,0.0,0.200353406,0.0,0.0,0.0,0.200353406
2025-09-20T10:00:00+02:00,24.0,85,0.4,63,6.6,145.0,59.0,86.0,WE_HOME,WE_HOME,True,PARTIAL,FULL,False,,False,,2025-09-20T11:04:36.115987+02:00,2025-09-20T17:47:22.026097+02:00,WE_HOME,22.676955846,21.267472902,23.398143119,off,True,True,1.0,1.0,0.068366975,0.130897257,0.0,0.0,0.0,0.0,0.0,0.0,0.0,0.0,0.199264232,0.0,0.0,0.0,0.0,0.0,0.0,0.692193049,0.0,0.0,0.692193049,0.199264232,0.0,0.0,0.692193049,0.891457281
2025-09-20T11:00:00+02:00,25.3,81,0.2,61,9.6,273.0,122.0,151.0,WE_HOME,WE_HOME,True,PARTIAL,PARTIAL,False,,False,,2025-09-20T11:04:36.115987+02:00,2025-09-20T17:47:22.026097+02:00,WE_HOME,22.897463205,21.267472902,23.398143119,off,True,True,1.0,1.0,0.067098604,0.130897257,0.0,0.0,0.0,0.0,0.0,0.0,0.0,0.0,0.197995861,0.0,0.0,0.0,0.0,0.0,0.0,0.880530278,0.0,0.0,0.880530278,0.197995861,0.0,0.0,0.880530278,1.078526139
2025-09-20T12:00:00+02:00,25.9,83,0.4,83,10.8,392.0,203.0,189.0,WE_HOME,WE_HOME,True,PARTIAL,PARTIAL,False,,False,,2025-09-20T11:04:36.115987+02:00,2025-09-20T17:47:22.026097+02:00,WE_HOME,23.297886004,21.267472902,23.398143119,off,True,True,0.983401695,1.0,0.065737476,0.130897257,0.0,0.0,0.0,0.0,0.0,0.0,0.0,0.0,0.196634733,0.0,0.0,0.0,0.0,0.0,0.0,0.880530278,0.0,0.0,0.880530278,0.196634733,0.0,0.0,0.880530278,1.077165011
2025-09-20T13:00:00+02:00,26.1,82,0.3,70,12.2,457.0,231.0,226.0,WE_HOME,WE_HOME,True,PARTIAL,PARTIAL,False,,False,,2025-09-20T11:04:36.115987+02:00,2025-09-20T17:47:22.026097+02:00,WE_HOME,23.73157167,21.267472902,23.398143119,off,False,True,0.0,0.103607612,0.064376347,0.130897257,0.0,0.0,0.0,0.0,0.0,0.0,0.0,0.0,0.195273604,0.0,0.0,0.0,0.0,0.0,0.0,0.880530278,0.0,0.0,0.880530278,0.195273604,0.0,0.0,0.880530278,1.075803882
2025-09-20T14:00:00+02:00,26.0,83,0.1,71,13.4,391.0,194.0,197.0,WE_HOME,WE_HOME,True,PARTIAL,PARTIAL,False,,False,,2025-09-20T11:04:36.115987+02:00,2025-09-20T17:47:22.026097+02:00,WE_HOME,24.126309725,21.267472902,23.398143119,cool,False,False,0.0,0.0,0.063107977,0.130897257,0.0,0.0,0.0,0.0,0.0,0.0,0.0,0.0,0.194005234,0.0,1.40039609,1.40039609,0.0,0.0,0.0,0.880530278,0.0,0.0,2.280926369,0.194005234,0.0,0.0,0.880530278,2.474931603
2025-09-20T15:00:00+02:00,25.9,84,0.1,76,13.4,391.0,168.0,223.0,WE_HOME,WE_HOME,True,PARTIAL,PARTIAL,False,,False,,2025-09-20T11:04:36.115987+02:00,2025-09-20T17:47:22.026097+02:00,WE_HOME,23.438591438,21.267472902,23.398143119,cool,False,False,0.0,0.0,0.062018802,0.130897257,0.0,0.0,0.0,0.0,0.0,0.0,0.0,0.0,0.192916059,0.0,1.40039609,1.40039609,0.0,0.0,0.0,0.880530278,0.0,0.0,2.280926369,0.192916059,0.0,0.0,0.880530278,2.473842428
2025-09-20T16:00:00+02:00,25.9,82,0.1,69,14.2,442.0,239.0,203.0,WE_HOME,WE_HOME,True,PARTIAL,PARTIAL,False,,False,,2025-09-20T11:04:36.115987+02:00,2025-09-20T17:47:22.026097+02:00,WE_HOME,22.848826198,21.267472902,23.398143119,off,True,True,0.343931838,0.662375885,0.06118305,0.130897257,0.0,0.0,0.0,0.0,0.0,0.0,0.0,0.0,0.192080307,0.0,0.0,0.0,2.405374713,0.0,2.405374713,0.880530278,0.0,0.0,3.285904992,0.192080307,0.0,2.405374713,0.880530278,3.477985299
2025-09-20T17:00:00+02:00,25.7,83,0.1,67,13.5,428.0,298.0,130.0,WE_HOME,WE_HOME,True,PARTIAL,PARTIAL,False,,False,,2025-09-20T11:04:36.115987+02:00,2025-09-20T17:47:22.026097+02:00,WE_HOME,23.357355165,21.267472902,23.398143119,off,True,True,1.0,1.0,0.060657674,0.130897257,0.0,0.0,0.0,0.0,0.0,0.0,0.0,0.0,0.191554931,0.0,0.0,0.0,7.4,6.336754641,13.736754641,0.880530278,0.0,0.0,14.617284919,0.191554931,0.0,13.736754641,0.880530278,14.808839850
2025-09-20T18:00:00+02:00,25.2,83,0.0,66,11.9,285.0,178.0,107.0,WE_HOME,WE_HOME,True,PARTIAL,FULL,False,,False,,2025-09-20T11:04:36.115987+02:00,2025-09-20T17:47:22.026097+02:00,WE_HOME,23.747795971,21.267472902,23.398143119,off,True,True,1.0,1.0,0.060478478,0.130897257,0.0,0.0,0.0,0.0,0.0,0.0,0.0,0.0,0.191375735,0.0,0.0,0.0,7.4,7.4,14.8,0.740530852,0.0,0.0,15.540530852,0.191375735,0.0,14.8,0.740530852,15.731906587
2025-09-20T19:00:00+02:00,24.8,84,0.0,51,10.5,150.0,91.0,59.0,WE_HOME,WE_HOME,True,PARTIAL,FULL,False,,False,,2025-09-20T11:04:36.115987+02:00,2025-09-20T17:47:22.026097+02:00,WE_HOME,23.989829976,21.267472902,23.398143119,cool,True,True,1.0,1.0,0.060657674,0.130897257,0.0,0.0,0.0,0.0,0.0,0.0,0.0,0.0,0.191554931,0.0,1.40039609,1.40039609,7.4,7.4,14.8,0.0,0.0,0.0,16.20039609,0.191554931,0.0,14.8,0.0,16.391951021
2025-09-20T20:00:00+02:00,23.9,88,0.0,50,6.5,28.0,12.0,16.0,WE_HOME,WE_HOME,True,PARTIAL,FULL,False,,False,,2025-09-20T11:04:36.115987+02:00,2025-09-20T17:47:22.026097+02:00,WE_HOME,23.124858313,21.267472902,23.398143119,off,True,True,1.0,1.0,0.06118305,0.130897257,1.692314168,0.449630998,0.0,0.0,0.199376446,0.011899626,0.0,0.0,2.545301545,0.0,0.0,0.0,7.4,1.858488285,9.258488285,0.0,0.0,5.512395839,14.770884124,0.192080307,2.353221238,9.258488285,0.0,17.316185669
2025-09-20T21:00:00+02:00,24.3,84,0.0,44,6.7,0.0,0.0,0.0,WE_HOME,WE_HOME,True,PARTIAL,FULL,False,,False,,2025-09-20T11:04:36.115987+02:00,2025-09-20T17:47:22.026097+02:00,WE_HOME,23.254048594,21.267472902,23.398143119,off,True,True,1.0,1.0,0.062018802,0.130897257,0.602867585,0.532267225,0.0,0.0,0.05858823,0.011851709,0.324982315,0.081245579,1.804718702,0.0,0.0,0.0,4.794475793,0.0,4.794475793,0.0,0.0,3.985420635,8.779896428,0.192916059,1.611802643,4.794475793,0.0,10.584615130
2025-09-20T22:00:00+02:00,24.1,84,0.0,55,5.2,0.0,0.0,0.0,WE_HOME,WE_HOME,True,PARTIAL,FULL,False,,False,,2025-09-20T11:04:36.115987+02:00,2025-09-20T17:47:22.026097+02:00,WE_HOME,23.428373829,21.267472902,23.398143119,off,True,True,1.0,1.0,0.063107977,0.130897257,0.0,0.065994883,0.0,0.0,0.0,0.0,0.324982315,0.081245579,0.666228011,0.0,0.0,0.0,0.0,0.0,0.0,0.0,0.0,0.0,0.0,0.194005234,0.472222777,0.0,0.0,0.666228011
2025-09-20T23:00:00+02:00,23.9,84,0.0,39,2.9,0.0,0.0,0.0,WE_HOME,WE_HOME,True,PARTIAL,FULL,False,,False,,2025-09-20T11:04:36.115987+02:00,2025-09-20T17:47:22.026097+02:00,WE_HOME,23.540311524,21.267472902,23.398143119,off,True,True,1.0,1.0,0.064376347,0.130897257,0.0,0.0,0.0,0.0,0.0,0.015433406,0.324982315,0.081245579,0.616934904,0.0,0.0,0.0,0.0,0.0,0.0,0.0,0.0,0.0,0.0,0.195273604,0.421661300,0.0,0.0,0.616934904
2025-09-21T00:00:00+02:00,24.1,82,0.0,70,4.8,0.0,0.0,0.0,WE_HOME,WE_HOME,True,FULL,FULL,False,,False,,,,WE_HOME,23.600259603,21.750416088,23.881086304,off,True,True,1.0,1.0,0.065737476,0.130897257,0.0,0.0,0.0,0.0,0.0,0.0,0.324982315,0.081245579,0.602862627,0.0,0.0,0.0,0.0,0.0,0.0,0.0,0.0,0.0,0.0,0.196634733,0.406227894,0.0,0.0,0.602862627
2025-09-21T01:00:00+02:00,24.0,82,0.0,96,4.9,0.0,0.0,0.0,WE_HOME,WE_HOME,True,FULL,FULL,False,,False,,,,WE_HOME,23.683549669,21.750416088,23.881086304,off,True,True,1.0,1.0,0.067098604,0.130897257,0.0,0.0,0.0,0.0,0.0,0.0,0.324982315,0.081245579,0.604223755,0.0,0.0,0.0,0.0,0.0,0.0,0.0,0.0,0.0,0.0,0.197995861,0.406227894,0.0,0.0,0.604223755
2025-09-21T02:00:00+02:00,23.8,81,0.0,67,3.5,0.0,0.0,0.0,WE_HOME,WE_HOME,True,FULL,FULL,False,,False,,,,WE_HOME,23.736291391,21.750416088,23.881086304,off,True,True,1.0,1.0,0.068366975,0.130897257,0.0,0.0,0.0,0.0,0.0,0.0,0.324982315,0.081245579,0.605492126,0.0,0.0,0.0,0.0,0.0,0.0,0.0,0.0,0.0,0.0,0.199264232,0.406227894,0.0,0.0,0.605492126
2025-09-21T03:00:00+02:00,23.5,81,0.0,72,6.2,0.0,0.0,0.0,WE_HOME,WE_HOME,True,FULL,FULL,False,,False,,,,WE_HOME,23.746909493,21.750416088,23.881086304,off,True,True,1.0,1.0,0.069456149,0.130897257,0.0,0.0,0.0,0.0,0.0,0.0,0.324982315,0.081245579,0.6065813,0.0,0.0,0.0,0.0,0.0,0.0,0.0,0.0,0.0,0.0,0.200353406,0.406227894,0.0,0.0,0.6065813
2025-09-21T04:00:00+02:00,23.6,83,0.0,65,2.8,0.0,0.0,0.0,WE_HOME,WE_HOME,True,FULL,FULL,False,,False,,,,WE_HOME,23.70575791,21.750416088,23.881086304,off,True,True,1.0,1.0,0.070291902,0.130897257,0.0,0.0,0.0,0.0,0.0,0.0,0.324982315,0.081245579,0.607417053,0.0,0.0,0.0,0.0,0.0,0.0,0.0,0.0,0.0,0.0,0.201189159,0.406227894,0.0,0.0,0.607417053
2025-09-21T05:00:00+02:00,22.7,87,0.0,90,1.1,0.0,0.0,0.0,WE_HOME,WE_HOME,True,FULL,FULL,False,,False,,,,WE_HOME,23.688131592,21.750416088,23.881086304,off,True,True,1.0,1.0,0.070817278,0.130897257,0.0,0.0,0.0,0.0,0.0,0.0,0.324982315,0.081245579,0.607942429,0.0,0.0,0.0,0.0,0.0,0.0,0.0,0.0,0.0,0.0,0.201714535,0.406227894,0.0,0.0,0.607942429
2025-09-21T06:00:00+02:00,22.6,88,0.0,98,1.8,0.0,0.0,0.0,WE_HOME,WE_HOME,True,FULL,FULL,False,,False,,,,WE_HOME,23.523442993,21.750416088,23.881086304,off,True,True,1.0,1.0,0.070996474,0.130897257,0.0,0.0,0.0,0.0,0.0,0.0,0.324982315,0.081245579,0.608121625,0.0,0.0,0.0,0.0,0.0,0.0,0.0,0.0,0.0,0.0,0.201893731,0.406227894,0.0,0.0,0.608121625
2025-09-21T07:00:00+02:00,22.6,89,0.0,90,3.3,0.0,0.0,0.0,WE_HOME,WE_HOME,True,FULL,FULL,False,,False,,,,WE_HOME,23.369535828,21.750416088,23.881086304,off,True,True,1.0,1.0,0.070817278,0.130897257,0.0,0.0,0.0,0.0,0.0,0.0,0.324982315,0.081245579,0.607942429,0.0,0.0,0.0,0.0,0.0,0.0,0.0,0.0,0.0,0.0,0.201714535,0.406227894,0.0,0.0,0.607942429
2025-09-21T08:00:00+02:00,22.6,88,0.0,73,4.6,2.0,0.0,2.0,WE_HOME,WE_HOME,True,FULL,FULL,False,,False,,,,WE_HOME,23.241279857,21.750416088,23.881086304,off,True,True,1.0,1.0,0.070291902,0.130897257,0.586313685,0.0,0.0,0.0,0.0,0.0,0.0,0.0,0.787502844,0.0,0.0,0.0,0.0,0.0,0.0,0.0,0.0,0.0,0.0,0.201189159,0.586313685,0.0,0.0,0.787502844
2025-09-21T09:00:00+02:00,22.8,88,0.0,70,4.2,57.0,17.0,40.0,WE_HOME,WE_HOME,True,FULL,FULL,False,,False,,,,WE_HOME,23.13439988,21.750416088,23.881086304,off,True,True,1.0,1.0,0.069456149,0.130897257,0.0,0.0,0.0,0.0,0.0,0.0,0.0,0.0,0.200353406,0.0,0.0,0.0,0.0,0.0,0.0,0.0,0.0,0.0,0.0,0.200353406,0.0,0.0,0.0,0.200353406
2025-09-21T10:00:00+02:00,23.4,85,0.1,65,3.6,224.0,112.0,112.0,WE_HOME,WE_HOME,True,FULL,FULL,False,,False,,,,WE_HOME,23.078666567,21.750416088,23.881086304,off,True,True,1.0,1.0,0.068366975,0.130897257,0.0,0.0,0.0,0.0,0.0,0.0,0.0,0.0,0.199264232,0.0,0.0,0.0,0.0,0.0,0.0,0.0,0.0,0.0,0.0,0.199264232,0.0,0.0,0.0,0.199264232
2025-09-21T11:00:00+02:00,23.6,82,0.1,50,3.7,275.0,131.0,144.0,WE_HOME,WE_HOME,True,FULL,FULL,False,,False,,,,WE_HOME,23.132222139,21.750416088,23.881086304,off,True,True,1.0,1.0,0.067098604,0.130897257,0.0,0.0,0.0,0.0,0.0,0.0,0.0,0.0,0.197995861,0.0,0.0,0.0,0.0,0.0,0.0,0.199521469,4.254316284,0.0,4.453837752,0.197995861,0.0,0.0,4.453837753,4.651833613
2025-09-21T12:00:00+02:00,24.1,85,0.2,97,7.2,330.0,187.0,143.0,WE_HOME,WE_HOME,True,FULL,FULL,False,,False,,,,WE_HOME,23.210185116,21.750416088,23.881086304,off,True,True,1.0,1.0,0.065737476,0.130897257,0.0,0.0,0.0,0.0,0.0,0.0,0.0,0.0,0.196634733,0.0,0.0,0.0,0.0,0.0,0.0,0.880530278,4.379864887,0.0,5.260395165,0.196634733,0.0,0.0,5.260395165,5.457029898
2025-09-21T13:00:00+02:00,24.8,85,0.5,100,9.0,327.0,194.0,133.0,WE_HOME,WE_HOME,True,FULL,FULL,False,,False,,,,WE_HOME,23.358487597,21.750416088,23.881086304,off,True,True,1.0,1.0,0.064376347,0.130897257,0.0,0.0,0.0,0.0,0.149627841,0.0,0.0,0.0,0.344901445,0.0,0.0,0.0,0.0,0.0,0.0,0.880530278,4.022086734,0.0,4.902617012,0.195273604,0.149627841,0.0,4.902617012,5.247518457
2025-09-21T14:00:00+02:00,26.1,79,0.2,98,8.0,418.0,227.0,191.0,WE_HOME,WE_HOME,True,FULL,FULL,False,,False,,,,WE_HOME,23.598739664,21.750416088,23.881086304,off,True,True,1.0,1.0,0.063107977,0.130897257,0.0,0.0,0.0,0.0,0.224168266,0.0,0.0,0.0,0.4181735,0.0,0.0,0.0,0.0,0.0,0.0,0.880530278,0.0,0.0,0.880530278,0.194005234,0.224168266,0.0,0.880530278,1.298703778
2025-09-21T15:00:00+02:00,25.1,81,0.8,100,8.1,381.0,229.0,152.0,WE_HOME,WE_HOME,True,FULL,FULL,False,,False,,,,WE_HOME,24.015616387,21.750416088,23.881086304,off,True,True,1.0,1.0,0.062018802,0.130897257,0.0,0.0,0.0,0.0,0.024355727,0.0,0.0,0.0,0.217271786,0.0,0.0,0.0,0.0,0.0,0.0,0.880530278,0.0,0.0,0.880530278,0.192916059,0.024355727,0.0,0.880530278,1.097802064
2025-09-21T16:00:00+02:00,24.9,82,0.7,100,4.9,359.0,170.0,189.0,WE_HOME,WE_HOME,True,FULL,FULL,False,,False,,,,WE_HOME,24.196346989,21.750416088,23.881086304,off,True,True,1.0,1.0,0.06118305,0.130897257,0.0,0.0,0.0,0.0,0.0,0.0,0.0,0.0,0.192080307,0.0,0.0,0.0,0.0,0.0,0.0,0.880530278,0.0,0.0,0.880530278,0.192080307,0.0,0.0,0.880530278,1.072610585
2025-09-21T17:00:00+02:00,24.3,84,0.7,99,6.6,251.0,136.0,115.0,WE_HOME,WE_HOME,True,FULL,FULL,False,,False,,,,WE_HOME,24.313622491,21.750416088,23.881086304,off,True,True,1.0,1.0,0.060657674,0.130897257,0.0,0.0,0.0,0.0,0.0,0.0,0.0,0.0,0.191554931,0.0,0.0,0.0,0.0,0.0,0.0,0.880530278,0.0,0.0,0.880530278,0.191554931,0.0,0.0,0.880530278,1.072085209
2025-09-21T18:00:00+02:00,23.5,85,0.4,97,1.9,138.0,50.0,88.0,WE_HOME,WE_HOME,True,FULL,FULL,False,,False,,,,WE_HOME,24.311352076,21.750416088,23.881086304,off,True,True,1.0,1.0,0.060478478,0.130897257,0.0,0.0,0.0,0.0,0.0,0.0,0.0,0.0,0.191375735,0.0,0.0,0.0,0.0,0.0,0.0,0.334037695,0.0,0.0,0.334037695,0.191375735,0.0,0.0,0.334037695,0.525413430
2025-09-21T19:00:00+02:00,21.9,91,0.9,92,5.9,76.0,21.0,55.0,WE_HOME,WE_HOME,True,FULL,FULL,False,,False,,,,WE_HOME,24.17612673,21.750416088,23.881086304,off,True,True,1.0,1.0,0.060657674,0.130897257,1.142281095,0.0,0.0,0.0,0.182822912,0.01665237,0.0,0.0,1.533311308,0.0,0.0,0.0,0.0,0.0,0.0,0.0,0.0,0.0,0.0,0.191554931,1.341756377,0.0,0.0,1.533311308
2025-09-21T20:00:00+02:00,21.3,94,1.7,86,9.1,13.0,3.0,10.0,WE_HOME,WE_HOME,True,FULL,FULL,False,,False,,,,WE_HOME,23.796772275,21.750416088,23.881086304,off,True,True,1.0,1.0,0.06118305,0.130897257,0.0,0.394997975,0.0,0.0,0.191548588,0.0,0.0,0.0,0.77862687,0.0,0.0,0.0,0.0,0.0,0.0,0.0,0.0,0.0,0.0,0.192080307,0.586546563,0.0,0.0,0.77862687
2025-09-21T21:00:00+02:00,20.4,96,4.5,97,11.4,0.0,0.0,0.0,WE_HOME,WE_HOME,True,FULL,FULL,False,,False,,,,WE_HOME,23.380643562,21.750416088,23.881086304,off,True,True,1.0,1.0,0.062018802,0.130897257,0.0,0.696578625,0.0,0.0,0.172586007,0.016090919,0.324982315,0.081245579,1.484399504,0.0,0.0,0.0,0.0,0.0,0.0,0.0,0.0,0.0,0.0,0.192916059,1.291483445,0.0,0.0,1.484399504
2025-09-21T22:00:00+02:00,19.8,97,5.4,100,10.8,0.0,0.0,0.0,WE_HOME,WE_HOME,True,FULL,FULL,False,,False,,,,WE_HOME,22.883869635,21.750416088,23.881086304,off,True,True,1.0,1.0,0.063107977,0.130897257,0.0,0.038509569,0.0,0.0,0.0,0.0,0.324982315,0.081245579,0.638742697,0.0,0.0,0.0,0.0,0.0,0.0,0.0,0.0,0.0,0.0,0.194005234,0.444737463,0.0,0.0,0.638742697
2025-09-21T23:00:00+02:00,19.8,93,3.8,100,11.5,0.0,0.0,0.0,WE_HOME,WE_HOME,True,FULL,FULL,False,,False,,,,WE_HOME,22.369891363,21.750416088,23.881086304,off,True,True,1.0,1.0,0.064376347,0.130897257,0.0,0.0,0.0,0.0,0.0,0.027187774,0.324982315,0.081245579,0.628689272,0.0,0.0,0.0,0.0,0.0,0.0,0.0,0.0,0.0,0.0,0.195273604,0.433415668,0.0,0.0,0.628689272
2025-09-22T00:00:00+02:00,20.6,91,2.5,99,8.3,0.0,0.0,0.0,WD_HOME,WD_HOME,False,EMPTY,FULL,False,,False,,2025-09-22T08:35:19.767874+02:00,2025-09-22T16:46:36.617624+02:00,WD_HOME,21.941576136,20.947273732,23.077943948,off,True,True,1.0,1.0,0.065737476,0.130897257,0.0,0.0,0.0,0.0,0.0,0.0,0.324982315,0.081245579,0.602862627,0.0,0.0,0.0,0.0,0.0,0.0,0.0,0.0,0.0,0.0,0.196634733,0.406227894,0.0,0.0,0.602862627
2025-09-22T01:00:00+02:00,20.5,90,2.3,100,1.8,0.0,0.0,0.0,WD_HOME,WD_HOME,False,EMPTY,FULL,False,,False,,2025-09-22T08:35:19.767874+02:00,2025-09-22T16:46:36.617624+02:00,WD_HOME,21.717980113,20.947273732,23.077943948,off,True,True,1.0,1.0,0.067098604,0.130897257,0.0,0.0,0.0,0.0,0.0,0.0,0.324982315,0.081245579,0.604223755,0.0,0.0,0.0,0.0,0.0,0.0,0.0,0.0,0.0,0.0,0.197995861,0.406227894,0.0,0.0,0.604223755
2025-09-22T02:00:00+02:00,20.5,87,2.0,100,3.1,0.0,0.0,0.0,WD_HOME,WD_HOME,False,EMPTY,FULL,False,,False,,2025-09-22T08:35:19.767874+02:00,2025-09-22T16:46:36.617624+02:00,WD_HOME,21.514983427,20.947273732,23.077943948,off,True,True,1.0,1.0,0.068366975,0.130897257,0.0,0.0,0.0,0.0,0.0,0.0,0.324982315,0.081245579,0.605492126,0.0,0.0,0.0,0.0,0.0,0.0,0.0,0.0,0.0,0.0,0.199264232,0.406227894,0.0,0.0,0.605492126
2025-09-22T03:00:00+02:00,20.0,85,1.1,89,3.1,0.0,0.0,0.0,WD_HOME,WD_HOME,False,EMPTY,FULL,False,,False,,2025-09-22T08:35:19.767874+02:00,2025-09-22T16:46:36.617624+02:00,WD_HOME,21.345819523,20.947273732,23.077943948,off,True,True,1.0,1.0,0.069456149,0.130897257,0.0,0.0,0.0,0.0,0.0,0.0,0.324982315,0.081245579,0.6065813,0.0,0.0,0.0,0.0,0.0,0.0,0.0,0.0,0.0,0.0,0.200353406,0.406227894,0.0,0.0,0.6065813
2025-09-22T04:00:00+02:00,19.6,81,0.2,42,2.4,0.0,0.0,0.0,WD_HOME,WD_HOME,False,EMPTY,FULL,False,,False,,2025-09-22T08:35:19.767874+02:00,2025-09-22T16:46:36.617624+02:00,WD_HOME,21.121516269,20.947273732,23.077943948,off,True,True,1.0,1.0,0.070291902,0.130897257,0.0,0.0,0.0,0.0,0.0,0.0,0.324982315,0.081245579,0.607417053,0.0,0.0,0.0,0.0,0.0,0.0,0.0,0.0,0.0,0.0,0.201189159,0.406227894,0.0,0.0,0.607417053
2025-09-22T05:00:00+02:00,19.1,78,0.0,26,4.2,0.0,0.0,0.0,WD_HOME,WD_HOME,False,EMPTY,FULL,False,,False,,2025-09-22T08:35:19.767874+02:00,2025-09-22T16:46:36.617624+02:00,WD_HOME,20.867930224,20.947273732,23.077943948,off,True,True,1.0,1.0,0.070817278,0.130897257,0.0,0.0,0.0,0.0,0.0,0.0,0.324982315,0.081245579,0.607942429,0.0,0.0,0.0,0.0,0.0,0.0,0.0,0.0,0.0,0.0,0.201714535,0.406227894,0.0,0.0,0.607942429
2025-09-22T06:00:00+02:00,18.4,77,0.0,30,2.3,0.0,0.0,0.0,WD_HOME,WD_HOME,False,EMPTY,FULL,False,,False,,2025-09-22T08:35:19.767874+02:00,2025-09-22T16:46:36.617624+02:00,WD_HOME,20.573275187,20.947273732,23.077943948,off,True,True,1.0,1.0,0.070996474,0.130897257,0.573752189,0.0,0.0,0.0,0.0,0.0,0.324982315,0.081245579,1.181873814,0.0,0.0,0.0,0.0,0.0,0.0,0.877575063,0.0,0.0,0.877575063,0.201893731,0.979980083,0.0,0.877575063,2.059448877
2025-09-22T07:00:00+02:00,17.8,76,0.0,24,2.3,0.0,0.0,0.0,WD_HOME,WD_HOME,False,EMPTY,FULL,False,,False,,2025-09-22T08:35:19.767874+02:00,2025-09-22T16:46:36.617624+02:00,WD_HOME,20.211062656,20.947273732,23.077943948,heat,True,True,1.0,1.0,0.070817278,0.130897257,1.299021052,0.0,0.0,0.0,0.0,0.0,0.324982315,0.081245579,1.906963481,1.727328253,0.0,1.727328253,0.0,0.0,0.0,0.880530278,0.0,0.0,2.607858532,0.201714535,1.705248946,0.0,0.880530278,4.514822013
2025-09-22T08:00:00+02:00,17.3,77,0.0,25,3.0,2.0,0.0,2.0,WD_HOME,WD_HOME,False,EMPTY,FULL,False,,False,,2025-09-22T08:35:19.767874+02:00,2025-09-22T16:46:36.617624+02:00,WD_HOME,20.80921888,20.947273732,23.077943948,heat,True,True,0.817683793,0.587375332,0.070291902,0.130897257,0.0,0.0,0.0,0.0,0.0,0.0,0.0,0.0,0.201189159,1.727328253,0.0,1.727328253,0.0,0.0,0.0,0.880530278,0.0,0.0,2.607858532,0.201189159,0.0,0.0,0.880530278,2.809047691
2025-09-22T09:00:00+02:00,17.8,74,0.1,13,4.5,84.0,45.0,39.0,WD_HOME,WD_HOME,False,EMPTY,EMPTY,False,,False,,2025-09-22T08:35:19.767874+02:00,2025-09-22T16:46:36.617624+02:00,WD_HOME,21.224349066,19.947273732,24.077943948,off,False,False,0.0,0.0,0.069456149,0.130897257,0.0,0.0,0.0,0.0,0.0,0.0,0.0,0.0,0.200353406,0.0,0.0,0.0,0.0,0.0,0.0,0.880530278,0.491308374,0.0,1.371838652,0.200353406,0.0,0.0,1.371838652,1.572192058
2025-09-22T10:00:00+02:00,18.7,71,0.1,13,5.8,239.0,164.0,75.0,WD_HOME,WD_HOME,False,EMPTY,EMPTY,False,,False,,2025-09-22T08:35:19.767874+02:00,2025-09-22T16:46:36.617624+02:00,WD_HOME,20.653624222,19.947273732,24.077943948,off,False,False,0.0,0.0,0.068366975,0.130897257,0.0,0.0,0.0,0.0,0.0,0.0,0.0,0.0,0.199264232,0.0,0.0,0.0,0.0,0.0,0.0,0.880530278,4.379864887,0.0,5.260395165,0.199264232,0.0,0.0,5.260395165,5.459659397
2025-09-22T11:00:00+02:00,19.6,70,0.0,12,5.0,431.0,338.0,93.0,WD_HOME,WD_HOME,False,EMPTY,EMPTY,False,,False,,2025-09-22T08:35:19.767874+02:00,2025-09-22T16:46:36.617624+02:00,WD_HOME,20.328020185,19.947273732,24.077943948,off,False,False,0.0,0.0,0.067098604,0.130897257,0.0,0.0,0.0,0.0,0.0,0.0,0.0,0.0,0.197995861,0.0,0.0,0.0,0.0,0.0,0.0,0.711844029,4.379864887,0.0,5.091708916,0.197995861,0.0,0.0,5.091708916,5.289704777
2025-09-22T12:00:00+02:00,20.5,65,0.1,12,3.4,574.0,460.0,114.0,WD_HOME,WD_HOME,False,EMPTY,EMPTY,False,,False,,2025-09-22T08:35:19.767874+02:00,2025-09-22T16:46:36.617624+02:00,WD_HOME,20.206683488,19.947273732,24.077943948,off,False,False,0.0,0.0,0.065737476,0.130897257,0.0,0.0,0.0,0.0,0.0,0.0,0.0,0.0,0.196634733,0.0,0.0,0.0,0.0,0.0,0.0,0.0,3.442634764,0.0,3.442634764,0.196634733,0.0,0.0,3.442634764,3.639269497
2025-09-22T13:00:00+02:00,20.9,63,0.1,7,4.5,618.0,495.0,123.0,WD_HOME,WD_HOME,False,EMPTY,EMPTY,False,,False,,2025-09-22T08:35:19.767874+02:00,2025-09-22T16:46:36.617624+02:00,WD_HOME,20.255569573,19.947273732,24.077943948,off,False,False,0.0,0.0,0.064376347,0.130897257,0.0,0.0,0.0,0.0,0.0,0.0,0.0,0.0,0.195273604,0.0,0.0,0.0,0.0,0.0,0.0,0.0,0.0,0.0,0.0,0.195273604,0.0,0.0,0.0,0.195273604
2025-09-22T14:00:00+02:00,21.6,61,0.0,4,3.6,651.0,494.0,157.0,WD_HOME,WD_HOME,False,EMPTY,EMPTY,False,,False,,2025-09-22T08:35:19.767874+02:00,2025-09-22T16:46:36.617624+02:00,WD_HOME,20.362974644,19.947273732,24.077943948,off,False,False,0.0,0.0,0.063107977,0.130897257,0.0,0.0,0.0,0.0,0.0,0.0,0.0,0.0,0.194005234,0.0,0.0,0.0,0.0,0.0,0.0,0.0,0.0,0.0,0.0,0.194005234,0.0,0.0,0.0,0.194005234
2025-09-22T15:00:00+02:00,21.9,59,0.1,2,3.9,610.0,453.0,157.0,WD_HOME,WD_HOME,False,EMPTY,EMPTY,False,,False,,2025-09-22T08:35:19.767874+02:00,2025-09-22T16:46:36.617624+02:00,WD_HOME,20.569145537,19.947273732,24.077943948,off,False,False,0.0,0.0,0.062018802,0.130897257,0.0,0.0,0.0,0.0,0.0,0.0,0.0,0.0,0.192916059,0.0,0.0,0.0,0.0,0.0,0.0,0.0,0.0,0.0,0.0,0.192916059,0.0,0.0,0.0,0.192916059
2025-09-22T16:00:00+02:00,22.0,58,0.0,3,6.8,563.0,439.0,124.0,WD_HOME,WD_HOME,False,EMPTY,EMPTY,False,,False,,2025-09-22T08:35:19.767874+02:00,2025-09-22T16:46:36.617624+02:00,WD_HOME,20.790954614,19.947273732,24.077943948,off,False,True,0.0,0.990891028,0.06118305,0.130897257,0.0,0.0,0.0,0.0,0.0,0.0,0.0,0.0,0.192080307,0.0,0.0,0.0,0.0,2.618859731,2.618859731,0.0,0.0,0.0,2.618859731,0.192080307,0.0,2.618859731,0.0,2.810940038
2025-09-22T17:00:00+02:00,21.8,57,0.1,3,9.2,422.0,289.0,133.0,WD_HOME,WD_HOME,False,EMPTY,FULL,False,,False,,2025-09-22T08:35:19.767874+02:00,2025-09-22T16:46:36.617624+02:00,WD_HOME,20.992462178,20.947273732,23.077943948,off,False,True,0.0,1.0,0.060657674,0.130897257,0.0,0.0,0.0,0.0,0.0,0.0,0.0,0.0,0.191554931,0.0,0.0,0.0,0.0,7.4,7.4,0.667167908,0.0,0.0,8.067167908,0.191554931,0.0,7.4,0.667167908,8.258722839
2025-09-22T18:00:00+02:00,21.4,58,0.0,4,11.2,302.0,201.0,101.0,WD_HOME,WD_HOME,False,EMPTY,FULL,False,,False,,2025-09-22T08:35:19.767874+02:00,2025-09-22T16:46:36.617624+02:00,WD_HOME,21.127051815,20.947273732,23.077943948,off,True,True,0.292548885,1.0,0.060478478,0.130897257,0.0,0.0,0.0,0.0,0.0,0.0,0.0,0.0,0.191375735,0.0,0.0,0.0,0.0,7.4,7.4,0.880530278,0.0,0.0,8.280530278,0.191375735,0.0,7.4,0.880530278,8.471906013
2025-09-22T19:00:00+02:00,20.8,58,0.0,8,10.8,112.0,50.0,62.0,WD_HOME,WD_HOME,False,EMPTY,FULL,False,,False,,2025-09-22T08:35:19.767874+02:00,2025-09-22T16:46:36.617624+02:00,WD_HOME,21.172543179,20.947273732,23.077943948,off,True,True,1.0,1.0,0.060657674,0.130897257,0.339340645,0.0,0.0,0.0,0.040961967,0.036279511,0.0,0.0,0.608137054,0.0,0.0,0.0,6.924697042,2.993100369,9.917797411,0.880530278,0.0,0.0,10.798327689,0.191554931,0.416582123,9.917797411,0.880530278,11.406464743
2025-09-22T20:00:00+02:00,20.4,59,0.1,13,9.2,19.0,6.0,13.0,WD_HOME,WD_HOME,False,EMPTY,FULL,False,,False,,2025-09-22T08:35:19.767874+02:00,2025-09-22T16:46:36.617624+02:00,WD_HOME,21.110452649,20.947273732,23.077943948,off,True,True,1.0,1.0,0.06118305,0.130897257,2.261633398,0.0,0.0,0.0,0.224168266,0.0,0.0,0.0,2.677881971,0.0,0.0,0.0,7.4,0.0,7.4,0.880530278,0.0,0.0,8.280530278,0.192080307,2.485801664,7.4,0.880530278,10.958412249
2025-09-22T21:00:00+02:00,19.5,63,0.0,25,8.1,0.0,0.0,0.0,WD_HOME,WD_HOME,False,EMPTY,FULL,False,,False,,2025-09-22T08:35:19.767874+02:00,2025-09-22T16:46:36.617624+02:00,WD_HOME,20.992043875,20.947273732,23.077943948,off,True,True,1.0,1.0,0.062018802,0.130897257,0.240365061,0.0,0.0,0.0,0.224168266,0.019212574,0.324982315,0.081245579,1.082889854,0.0,0.0,0.0,7.4,0.0,7.4,0.102138029,0.0,0.0,7.502138029,0.192916059,0.889973795,7.4,0.102138029,8.585027883
2025-09-22T22:00:00+02:00,19.2,66,0.0,21,6.9,0.0,0.0,0.0,WD_HOME,WD_HOME,False,EMPTY,FULL,False,,False,,2025-09-22T08:35:19.767874+02:00,2025-09-22T16:46:36.617624+02:00,WD_HOME,20.743369895,20.947273732,23.077943948,off,True,True,1.0,1.0,0.063107977,0.130897257,0.0,0.008480598,0.0,0.0,0.155434293,0.0,0.324982315,0.081245579,0.764148019,0.0,0.0,0.0,7.4,0.0,7.4,0.0,0.0,0.0,7.4,0.194005234,0.570142785,7.4,0.0,8.164148019
2025-09-22T23:00:00+02:00,18.8,71,0.0,18,6.7,0.0,0.0,0.0,WD_HOME,WD_HOME,False,EMPTY,FULL,False,,False,,2025-09-22T08:35:19.767874+02:00,2025-09-22T16:46:36.617624+02:00,WD_HOME,20.48614158,20.947273732,23.077943948,off,True,True,1.0,1.0,0.064376347,0.130897257,0.0,0.574283819,0.0,0.0,0.0,0.0,0.324982315,0.081245579,1.175785317,0.0,0.0,0.0,7.4,0.0,7.4,0.0,0.0,0.0,7.4,0.195273604,0.980511713,7.4,0.0,8.575785317
2025-09-23T00:00:00+02:00,18.5,77,0.1,28,6.1,0.0,0.0,0.0,WD_HOME,WD_HOME,False,FULL,FULL,False,,False,,,,WD_HOME,20.205117983,21.752689567,23.883359784,heat,True,True,1.0,1.0,0.065737476,0.130897257,0.0,0.340329157,0.0,0.0,0.0,0.0,0.324982315,0.081245579,0.943191784,1.727328253,0.0,1.727328253,3.172647374,0.0,3.172647374,0.0,0.0,0.0,4.899975628,0.196634733,0.746557051,3.172647374,0.0,5.843167412
2025-09-23T01:00:00+02:00,17.9,81,0.1,24,6.0,0.0,0.0,0.0,WD_HOME,WD_HOME,False,FULL,FULL,False,,False,,,,WD_HOME,20.920931652,21.752689567,23.883359784,heat,True,True,1.0,1.0,0.067098604,0.130897257,0.0,0.0,0.0,0.0,0.0,0.0,0.324982315,0.081245579,0.604223755,1.727328253,0.0,1.727328253,0.0,0.0,0.0,0.0,0.0,0.0,1.727328253,0.197995861,0.406227894,0.0,0.0,2.331552008
2025-09-23T02:00:00+02:00,17.1,81,0.1,38,8.0,0.0,0.0,0.0,WD_HOME,WD_HOME,False,FULL,FULL,False,,False,,,,WD_HOME,21.417443044,21.752689567,23.883359784,heat,True,True,1.0,1.0,0.068366975,0.130897257,0.0,0.0,0.0,0.0,0.0,0.0,0.324982315,0.081245579,0.605492126,1.727328253,0.0,1.727328253,0.0,0.0,0.0,0.0,0.0,0.0,1.727328253,0.199264232,0.406227894,0.0,0.0,2.332820379
2025-09-23T03:00:00+02:00,16.6,85,0.1,27,7.6,0.0,0.0,0.0,WD_HOME,WD_HOME,False,FULL,FULL,False,,False,,,,WD_HOME,21.697869203,21.752689567,23.883359784,heat,True,True,1.0,1.0,0.069456149,0.130897257,0.0,0.0,0.0,0.0,0.0,0.0,0.324982315,0.081245579,0.6065813,1.727328253,0.0,1.727328253,0.0,0.0,0.0,0.0,0.0,0.0,1.727328253,0.200353406,0.406227894,0.0,0.0,2.333909553
2025-09-23T04:00:00+02:00,15.9,89,0.1,25,5.8,0.0,0.0,0.0,WD_HOME,WD_HOME,False,FULL,FULL,False,,False,,,,WD_HOME,21.848224336,21.752689567,23.883359784,off,True,True,1.0,1.0,0.070291902,0.130897257,0.0,0.0,0.0,0.0,0.0,0.0,0.324982315,0.081245579,0.607417053,0.0,0.0,0.0,0.0,0.0,0.0,0.0,0.0,0.0,0.0,0.201189159,0.406227894,0.0,0.0,0.607417053
2025-09-23T05:00:00+02:00,15.7,87,0.3,33,3.3,0.0,0.0,0.0,WD_HOME,WD_HOME,False,FULL,FULL,False,,False,,,,WD_HOME,20.856853613,21.752689567,23.883359784,heat,True,True,1.0,1.0,0.070817278,0.130897257,0.0,0.0,0.0,0.0,0.0,0.0,0.324982315,0.081245579,0.607942429,1.727328253,0.0,1.727328253,0.0,0.0,0.0,0.0,0.0,0.0,1.727328253,0.201714535,0.406227894,0.0,0.0,2.335270682
2025-09-23T06:00:00+02:00,15.6,89,0.0,48,3.3,0.0,0.0,0.0,WD_HOME,WD_HOME,False,FULL,FULL,False,,False,,,,WD_HOME,20.997378011,21.752689567,23.883359784,heat,True,True,1.0,1.0,0.070996474,0.130897257,0.0,0.0,0.0,0.0,0.0,0.0,0.324982315,0.081245579,0.608121625,1.727328253,0.0,1.727328253,0.0,0.0,0.0,0.0,0.0,0.0,1.727328253,0.201893731,0.406227894,0.0,0.0,2.335449878
2025-09-23T07:00:00+02:00,15.5,88,0.1,51,6.2,0.0,0.0,0.0,WD_HOME,WD_HOME,False,FULL,FULL,False,,False,,,,WD_HOME,21.097815009,21.752689567,23.883359784,heat,True,True,1.0,1.0,0.070817278,0.130897257,0.857506679,0.0,0.0,0.0,0.0,0.0,0.324982315,0.081245579,1.465449108,1.727328253,0.0,1.727328253,0.0,0.0,0.0,0.0,0.0,0.0,1.727328253,0.201714535,1.263734573,0.0,0.0,3.192777361
2025-09-23T08:00:00+02:00,15.3,87,0.3,33,8.1,3.0,1.0,2.0,WD_HOME,WD_HOME,False,FULL,FULL,False,,False,,,,WD_HOME,21.164845841,21.752689567,23.883359784,heat,True,True,1.0,1.0,0.070291902,0.130897257,0.0,0.0,0.0,0.0,0.0,0.0,0.0,0.0,0.201189159,1.727328253,0.0,1.727328253,0.0,0.0,0.0,0.0,0.0,0.0,1.727328253,0.201189159,0.0,0.0,0.0,1.928517412
2025-09-23T09:00:00+02:00,16.5,80,0.1,14,6.3,91.0,54.0,37.0,WD_HOME,WD_HOME,False,FULL,FULL,False,,False,,,,WD_HOME,21.187371534,21.752689567,23.883359784,heat,True,True,1.0,1.0,0.069456149,0.130897257,0.0,0.0,0.0,0.0,0.0,0.0,0.0,0.0,0.200353406,1.727328253,0.0,1.727328253,0.0,0.0,0.0,0.0,0.0,0.0,1.727328253,0.200353406,0.0,0.0,0.0,1.927681659
2025-09-23T10:00:00+02:00,17.7,73,0.0,9,4.0,252.0,177.0,75.0,WD_HOME,WD_HOME,False,FULL,FULL,False,,False,,,,WD_HOME,21.406142945,21.752689567,23.883359784,heat,True,True,1.0,1.0,0.068366975,0.130897257,0.0,0.0,0.0,0.0,0.0,0.0,0.0,0.0,0.199264232,1.727328253,0.0,1.727328253,0.0,0.0,0.0,0.738300265,0.0,0.0,2.465628518,0.199264232,0.0,0.0,0.738300265,2.664892750
2025-09-23T11:00:00+02:00,18.4,69,0.0,9,0.4,442.0,345.0,97.0,WD_HOME,WD_HOME,False,FULL,FULL,False,,False,,,,WD_HOME,21.788452454,21.752689567,23.883359784,off,True,True,1.0,1.0,0.067098604,0.130897257,0.0,0.0,0.0,0.0,0.0,0.0,0.0,0.0,0.197995861,0.0,0.0,0.0,0.0,0.0,0.0,0.880530278,0.0,0.0,0.880530278,0.197995861,0.0,0.0,0.880530278,1.078526139
2025-09-23T12:00:00+02:00,19.7,67,0.0,7,1.3,569.0,455.0,114.0,WD_HOME,WD_HOME,False,FULL,FULL,False,,False,,,,WD_HOME,21.223710379,21.752689567,23.883359784,heat,True,True,1.0,1.0,0.065737476,0.130897257,0.0,0.0,0.0,0.0,0.219362535,0.0,0.0,0.0,0.415997268,1.727328253,0.0,1.727328253,0.0,0.0,0.0,0.880530278,0.0,0.0,2.607858532,0.196634733,0.219362535,0.0,0.880530278,3.023855800
2025-09-23T13:00:00+02:00,20.1,68,0.0,10,4.6,615.0,461.0,154.0,WD_HOME,WD_HOME,False,FULL,FULL,False,,False,,,,WD_HOME,21.969758649,21.752689567,23.883359784,off,True,True,1.0,1.0,0.064376347,0.130897257,0.0,0.0,0.0,0.0,0.224168266,0.0,0.0,0.0,0.41944187,0.0,0.0,0.0,0.0,0.0,0.0,0.880530278,0.0,0.0,0.880530278,0.195273604,0.224168266,0.0,0.880530278,1.299972148
2025-09-23T14:00:00+02:00,20.6,71,0.0,22,9.5,576.0,408.0,168.0,WD_HOME,WD_HOME,False,FULL,FULL,False,,False,,,,WD_HOME,21.658132207,21.752689567,23.883359784,off,True,True,1.0,1.0,0.063107977,0.130897257,0.0,0.0,0.0,0.0,0.12135261,0.0,0.0,0.0,0.315357844,0.0,0.0,0.0,0.0,0.0,0.0,0.880530278,0.0,0.0,0.880530278,0.194005234,0.12135261,0.0,0.880530278,1.195888122
2025-09-23T15:00:00+02:00,20.2,75,0.1,36,13.1,564.0,378.0,186.0,WD_HOME,WD_HOME,False,FULL,FULL,False,,False,,,,WD_HOME,21.481776839,21.752689567,23.883359784,off,True,True,1.0,1.0,0.062018802,0.130897257,0.0,0.0,0.0,0.0,0.0,0.0,0.0,0.0,0.192916059,0.0,0.0,0.0,0.0,0.0,0.0,0.880530278,0.0,0.0,0.880530278,0.192916059,0.0,0.0,0.880530278,1.073446337
2025-09-23T16:00:00+02:00,19.7,78,0.4,63,14.5,481.0,321.0,160.0,WD_HOME,WD_HOME,False,FULL,FULL,False,,False,,,,WD_HOME,21.268147366,21.752689567,23.883359784,off,True,True,1.0,1.0,0.06118305,0.130897257,0.0,0.0,0.0,0.0,0.0,0.0,0.0,0.0,0.192080307,0.0,0.0,0.0,0.0,0.0,0.0,0.880530278,0.0,0.0,0.880530278,0.192080307,0.0,0.0,0.880530278,1.072610585
2025-09-23T17:00:00+02:00,18.4,86,0.6,89,13.0,327.0,202.0,125.0,WD_HOME,WD_HOME,False,FULL,FULL,False,,False,,,,WD_HOME,21.006789472,21.752689567,23.883359784,heat,True,True,1.0,1.0,0.060657674,0.130897257,0.0,0.0,0.0,0.0,0.0,0.0,0.0,0.0,0.191554931,1.727328253,0.0,1.727328253,0.0,0.0,0.0,0.880530278,0.0,0.0,2.607858532,0.191554931,0.0,0.0,0.880530278,2.799413463
2025-09-23T18:00:00+02:00,18.1,88,1.0,69,10.9,237.0,144.0,93.0,WD_HOME,WD_HOME,False,FULL,FULL,False,,False,,,,WD_HOME,21.57232456,21.752689567,23.883359784,heat,True,True,1.0,1.0,0.060478478,0.130897257,0.0,0.0,0.0,0.0,0.0,0.006384442,0.0,0.0,0.197760177,1.727328253,0.0,1.727328253,0.0,0.0,0.0,0.688151725,0.0,0.0,2.415479979,0.191375735,0.006384442,0.0,0.688151725,2.613240156
2025-09-23T19:00:00+02:00,17.0,89,2.2,87,9.3,112.0,58.0,54.0,WD_HOME,WD_HOME,False,FULL,FULL,False,,False,,,,WD_HOME,21.9936038,21.752689567,23.883359784,off,True,True,1.0,1.0,0.060657674,0.130897257,0.0,0.0,0.0,0.0,0.082759242,0.0,0.0,0.0,0.274314173,0.0,0.0,0.0,0.0,0.0,0.0,0.0,0.0,0.0,0.0,0.191554931,0.082759242,0.0,0.0,0.274314173
2025-09-23T20:00:00+02:00,16.6,87,1.3,76,8.8,16.0,4.0,12.0,WD_HOME,WD_HOME,False,FULL,FULL,False,,False,,,,WD_HOME,21.1613365,21.752689567,23.883359784,heat,True,True,1.0,1.0,0.06118305,0.130897257,0.0,0.0,0.0,0.0,0.224168266,0.0,0.0,0.0,0.416248573,1.727328253,0.0,1.727328253,0.0,0.0,0.0,0.0,0.0,2.205856165,3.933184418,0.192080307,0.224168266,0.0,0.0,4.349432991
2025-09-23T21:00:00+02:00,16.7,85,1.6,86,8.4,0.0,0.0,0.0,WD_HOME,WD_HOME,False,FULL,FULL,False,,False,,,,WD_HOME,21.40111375,21.752689567,23.883359784,heat,True,True,1.0,1.0,0.062018802,0.130897257,0.0,0.0,0.0,0.0,0.121382477,0.025350774,0.324982315,0.081245579,0.745877204,1.727328253,0.0,1.727328253,0.0,0.0,0.0,0.0,0.0,6.590696173,8.318024426,0.192916059,0.552961145,0.0,0.0,9.063901630
2025-09-23T22:00:00+02:00,16.8,82,1.0,100,10.0,0.0,0.0,0.0,WD_HOME,WD_HOME,False,FULL,FULL,False,,False,,,,WD_HOME,21.617594792,21.752689567,23.883359784,heat,True,True,1.0,1.0,0.063107977,0.130897257,0.0,0.0,0.0,0.0,0.0,0.0,0.324982315,0.081245579,0.600233128,1.727328253,0.0,1.727328253,0.0,0.0,0.0,0.0,0.0,3.181026121,4.908354375,0.194005234,0.406227894,0.0,0.0,5.508587503
2025-09-23T23:00:00+02:00,16.5,81,4.5,98,10.1,0.0,0.0,0.0,WD_HOME,WD_HOME,False,FULL,FULL,False,,False,,,,WD_HOME,21.814662326,21.752689567,23.883359784,off,True,True,1.0,1.0,0.064376347,0.130897257,0.0,0.0,0.0,0.0,0.0,0.0,0.324982315,0.081245579,0.601501498,0.0,0.0,0.0,0.0,0.0,0.0,0.0,0.0,0.0,0.0,0.195273604,0.406227894,0.0,0.0,0.601501498
2025-09-24T00:00:00+02:00,16.1,77,3.3,99,8.0,0.0,0.0,0.0,WD_HOME,WD_HOME,False,EMPTY,FULL,False,,False,,2025-09-24T08:57:30.628436+02:00,2025-09-24T17:27:24.477269+02:00,WD_HOME,20.928885272,21.369353665,23.500023882,off,True,True,1.0,1.0,0.065737476,0.130897257,0.0,0.0,0.0,0.0,0.0,0.0,0.324982315,0.081245579,0.602862627,0.0,0.0,0.0,0.0,0.0,0.0,0.0,0.0,0.0,0.0,0.196634733,0.406227894,0.0,0.0,0.602862627
2025-09-24T01:00:00+02:00,15.9,79,0.7,98,9.4,0.0,0.0,0.0,WD_HOME,WD_HOME,False,EMPTY,FULL,False,,False,,2025-09-24T08:57:30.628436+02:00,2025-09-24T17:27:24.477269+02:00,WD_HOME,20.12407106,21.369353665,23.500023882,heat,True,True,1.0,1.0,0.067098604,0.130897257,0.0,0.0,0.0,0.0,0.0,0.0,0.324982315,0.081245579,0.604223755,1.727328253,0.0,1.727328253,0.0,0.0,0.0,0.0,0.0,0.0,1.727328253,0.197995861,0.406227894,0.0,0.0,2.331552008
2025-09-24T02:00:00+02:00,16.1,78,1.7,92,12.2,0.0,0.0,0.0,WD_HOME,WD_HOME,False,EMPTY,FULL,False,,False,,2025-09-24T08:57:30.628436+02:00,2025-09-24T17:27:24.477269+02:00,WD_HOME,20.420059217,21.369353665,23.500023882,heat,True,True,1.0,1.0,0.068366975,0.130897257,0.0,0.0,0.0,0.0,0.0,0.0,0.324982315,0.081245579,0.605492126,1.727328253,0.0,1.727328253,0.0,0.0,0.0,0.0,0.0,0.0,1.727328253,0.199264232,0.406227894,0.0,0.0,2.332820379
2025-09-24T03:00:00+02:00,15.8,79,2.2,100,13.4,0.0,0.0,0.0,WD_HOME,WD_HOME,False,EMPTY,FULL,False,,False,,2025-09-24T08:57:30.628436+02:00,2025-09-24T17:27:24.477269+02:00,WD_HOME,20.700049347,21.369353665,23.500023882,heat,True,True,1.0,1.0,0.069456149,0.130897257,0.0,0.0,0.0,0.0,0.0,0.0,0.324982315,0.081245579,0.6065813,1.727328253,0.0,1.727328253,0.0,0.0,0.0,0.0,0.0,0.0,1.727328253,0.200353406,0.406227894,0.0,0.0,2.333909553
2025-09-24T04:00:00+02:00,15.3,80,2.5,98,12.4,0.0,0.0,0.0,WD_HOME,WD_HOME,False,EMPTY,FULL,False,,False,,2025-09-24T08:57:30.628436+02:00,2025-09-24T17:27:24.477269+02:00,WD_HOME,20.883374456,21.369353665,23.500023882,heat,True,True,1.0,1.0,0.070291902,0.130897257,0.0,0.0,0.0,0.0,0.0,0.0,0.324982315,0.081245579,0.607417053,1.727328253,0.0,1.727328253,0.0,0.0,0.0,0.0,0.0,0.0,1.727328253,0.201189159,0.406227894,0.0,0.0,2.334745306
2025-09-24T05:00:00+02:00,14.8,82,1.5,100,11.9,0.0,0.0,0.0,WD_HOME,WD_HOME,False,EMPTY,FULL,False,,False,,2025-09-24T08:57:30.628436+02:00,2025-09-24T17:27:24.477269+02:00,WD_HOME,20.952812047,21.369353665,23.500023882,heat,True,True,1.0,1.0,0.070817278,0.130897257,0.0,0.0,0.0,0.0,0.0,0.0,0.324982315,0.081245579,0.607942429,1.727328253,0.0,1.727328253,0.0,0.0,0.0,0.0,0.0,0.0,1.727328253,0.201714535,0.406227894,0.0,0.0,2.335270682
2025-09-24T06:00:00+02:00,14.8,82,0.7,97,12.0,0.0,0.0,0.0,WD_HOME,WD_HOME,False,EMPTY,FULL,False,,False,,2025-09-24T08:57:30.628436+02:00,2025-09-24T17:27:24.477269+02:00,WD_HOME,20.927343372,21.369353665,23.500023882,heat,True,True,1.0,1.0,0.070996474,0.130897257,0.0,0.0,0.0,0.0,0.0,0.0,0.324982315,0.081245579,0.608121625,1.727328253,0.0,1.727328253,0.0,0.0,0.0,0.0,0.0,0.0,1.727328253,0.201893731,0.406227894,0.0,0.0,2.335449878
2025-09-24T07:00:00+02:00,14.4,83,0.2,92,10.5,0.0,0.0,0.0,WD_HOME,WD_HOME,False,EMPTY,FULL,False,,False,,2025-09-24T08:57:30.628436+02:00,2025-09-24T17:27:24.477269+02:00,WD_HOME,20.906119477,21.369353665,23.500023882,heat,True,True,1.0,1.0,0.070817278,0.130897257,0.0,0.0,0.0,0.0,0.0,0.0,0.324982315,0.081245579,0.607942429,1.727328253,0.0,1.727328253,0.0,0.0,0.0,0.0,0.0,0.0,1.727328253,0.201714535,0.406227894,0.0,0.0,2.335270682
2025-09-24T08:00:00+02:00,14.2,84,0.2,92,6.8,2.0,0.0,2.0,WD_HOME,WD_HOME,False,EMPTY,FULL,False,,False,,2025-09-24T08:57:30.628436+02:00,2025-09-24T17:27:24.477269+02:00,WD_HOME,20.821766231,21.369353665,23.500023882,heat,True,True,0.623287901,0.93564713,0.070291902,0.130897257,0.0,0.0,0.0,0.0,0.0,0.0,0.0,0.0,0.201189159,1.727328253,0.0,1.727328253,0.0,0.0,0.0,0.0,0.0,0.0,1.727328253,0.201189159,0.0,0.0,0.0,1.928517412
2025-09-24T09:00:00+02:00,14.9,83,0.4,86,4.0,57.0,21.0,36.0,WD_HOME,WD_HOME,False,EMPTY,EMPTY,False,,False,,2025-09-24T08:57:30.628436+02:00,2025-09-24T17:27:24.477269+02:00,WD_HOME,20.718138526,20.369353665,24.500023882,off,False,False,0.0,0.0,0.069456149,0.130897257,0.0,0.0,0.0,0.0,0.0,0.0,0.0,0.0,0.200353406,0.0,0.0,0.0,0.0,0.0,0.0,0.395273879,0.0,0.0,0.395273879,0.200353406,0.0,0.0,0.395273879,0.595627285
2025-09-24T10:00:00+02:00,15.9,80,0.1,80,5.1,184.0,79.0,105.0,WD_HOME,WD_HOME,False,EMPTY,EMPTY,False,,False,,2025-09-24T08:57:30.628436+02:00,2025-09-24T17:27:24.477269+02:00,WD_HOME,19.748448771,20.369353665,24.500023882,heat,False,False,0.0,0.0,0.068366975,0.130897257,0.0,0.0,0.0,0.0,0.0,0.0,0.0,0.0,0.199264232,1.727328253,0.0,1.727328253,0.0,0.0,0.0,0.880530278,0.0,0.0,2.607858532,0.199264232,0.0,0.0,0.880530278,2.807122764
2025-09-24T11:00:00+02:00,16.8,77,0.0,80,6.7,352.0,198.0,154.0,WD_HOME,WD_HOME,False,EMPTY,EMPTY,False,,False,,2025-09-24T08:57:30.628436+02:00,2025-09-24T17:27:24.477269+02:00,WD_HOME,20.107040643,20.369353665,24.500023882,heat,False,False,0.0,0.0,0.067098604,0.130897257,0.0,0.0,0.0,0.0,0.0,0.0,0.0,0.0,0.197995861,1.727328253,0.0,1.727328253,0.0,0.0,0.0,0.880530278,0.0,0.0,2.607858532,0.197995861,0.0,0.0,0.880530278,2.805854393
2025-09-24T12:00:00+02:00,18.1,69,0.0,33,8.3,489.0,331.0,158.0,WD_HOME,WD_HOME,False,EMPTY,EMPTY,False,,False,,2025-09-24T08:57:30.628436+02:00,2025-09-24T17:27:24.477269+02:00,WD_HOME,20.555867202,20.369353665,24.500023882,off,False,False,0.0,0.0,0.065737476,0.130897257,0.0,0.0,0.0,0.0,0.0,0.0,0.0,0.0,0.196634733,0.0,0.0,0.0,0.0,0.0,0.0,0.880530278,0.0,0.0,0.880530278,0.196634733,0.0,0.0,0.880530278,1.077165011
2025-09-24T13:00:00+02:00,19.1,63,0.0,7,7.8,601.0,438.0,163.0,WD_HOME,WD_HOME,False,EMPTY,EMPTY,False,,False,,2025-09-24T08:57:30.628436+02:00,2025-09-24T17:27:24.477269+02:00,WD_HOME,20.146556002,20.369353665,24.500023882,off,False,False,0.0,0.0,0.064376347,0.130897257,0.0,0.0,0.0,0.0,0.0,0.0,0.0,0.0,0.195273604,0.0,0.0,0.0,0.0,0.0,0.0,0.880530278,0.0,0.0,0.880530278,0.195273604,0.0,0.0,0.880530278,1.075803882
2025-09-24T14:00:00+02:00,20.0,58,0.0,1,8.6,656.0,515.0,141.0,WD_HOME,WD_HOME,False,EMPTY,EMPTY,False,,False,,2025-09-24T08:57:30.628436+02:00,2025-09-24T17:27:24.477269+02:00,WD_HOME,19.972130002,20.369353665,24.500023882,off,False,False,0.0,0.0,0.063107977,0.130897257,0.0,0.0,0.0,0.0,0.0,0.0,0.0,0.0,0.194005234,0.0,0.0,0.0,0.0,0.0,0.0,0.880530278,0.0,0.0,0.880530278,0.194005234,0.0,0.0,0.880530278,1.074535512
2025-09-24T15:00:00+02:00,20.4,56,0.0,2,9.7,651.0,477.0,174.0,WD_HOME,WD_HOME,False,EMPTY,EMPTY,False,,False,,2025-09-24T08:57:30.628436+02:00,2025-09-24T17:27:24.477269+02:00,WD_HOME,19.976775001,20.369353665,24.500023882,off,False,False,0.0,0.0,0.062018802,0.130897257,0.0,0.0,0.0,0.0,0.0,0.0,0.0,0.0,0.192916059,0.0,0.0,0.0,0.0,0.0,0.0,0.880530278,0.0,0.0,0.880530278,0.192916059,0.0,0.0,0.880530278,1.073446337
2025-09-24T16:00:00+02:00,20.7,56,0.0,5,10.1,529.0,363.0,166.0,WD_HOME,WD_HOME,False,EMPTY,EMPTY,False,,False,,2025-09-24T08:57:30.628436+02:00,2025-09-24T17:27:24.477269+02:00,WD_HOME,20.047312501,20.369353665,24.500023882,off,True,False,0.669892672,0.0,0.06118305,0.130897257,0.0,0.0,0.0,0.0,0.0,0.0,0.0,0.0,0.192080307,0.0,0.0,0.0,0.253811206,0.0,0.253811206,0.559788014,0.0,0.0,0.81359922,0.192080307,0.0,0.253811206,0.559788014,1.005679527
2025-09-24T17:00:00+02:00,20.3,59,0.0,22,11.6,384.0,254.0,130.0,WD_HOME,WD_HOME,False,EMPTY,FULL,False,,False,,2025-09-24T08:57:30.628436+02:00,2025-09-24T17:27:24.477269+02:00,WD_HOME,20.156093751,21.369353665,23.500023882,heat,True,True,1.0,0.596326154,0.060657674,0.130897257,0.0,0.0,0.0,0.0,0.0,0.0,0.0,0.0,0.191554931,1.727328253,0.0,1.727328253,7.4,1.419269976,8.819269976,0.0,0.0,0.0,10.546598229,0.191554931,0.0,8.819269976,0.0,10.738153160
2025-09-24T18:00:00+02:00,19.8,64,0.0,22,13.9,341.0,260.0,81.0,WD_HOME,WD_HOME,False,EMPTY,FULL,False,,False,,2025-09-24T08:57:30.628436+02:00,2025-09-24T17:27:24.477269+02:00,WD_HOME,21.180078126,21.369353665,23.500023882,heat,True,True,1.0,1.0,0.060478478,0.130897257,1.20733665,0.0,0.0,0.0,0.0,0.016225048,0.0,0.0,1.414937433,1.727328253,0.0,1.727328253,1.842513087,6.621448582,8.463961669,0.0,0.0,0.0,10.191289922,0.191375735,1.223561698,8.463961669,0.0,11.606227355
2025-09-24T19:00:00+02:00,19.3,68,0.0,36,14.6,155.0,101.0,54.0,WD_HOME,WD_HOME,False,EMPTY,FULL,False,,False,,2025-09-24T08:57:30.628436+02:00,2025-09-24T17:27:24.477269+02:00,WD_HOME,21.950065105,21.369353665,23.500023882,off,True,True,1.0,1.0,0.060657674,0.130897257,0.387578585,0.0,0.0,0.0,0.186370152,0.0,0.0,0.0,0.765503668,0.0,0.0,0.0,0.0,0.0,0.0,0.0,0.0,0.0,0.0,0.191554931,0.573948737,0.0,0.0,0.765503668
2025-09-24T20:00:00+02:00,18.4,71,0.0,28,12.3,19.0,8.0,11.0,WD_HOME,WD_HOME,False,EMPTY,FULL,False,,True,guest_004,2025-09-24T08:57:30.628436+02:00,2025-09-24T17:27:24.477269+02:00,WD_HOME,21.508387587,21.369353665,23.500023882,off,True,True,1.0,1.0,0.06118305,0.130897257,0.0,0.376539743,0.0,0.0,0.04536077,0.0,0.0,0.0,0.61398082,0.0,0.0,0.0,0.0,0.0,0.0,0.0,0.0,0.0,0.0,0.192080307,0.421900513,0.0,0.0,0.61398082
2025-09-24T21:00:00+02:00,17.7,73,0.0,44,9.9,0.0,0.0,0.0,WD_HOME,WD_HOME,False,EMPTY,FULL,False,,True,guest_004,2025-09-24T08:57:30.628436+02:00,2025-09-24T17:27:24.477269+02:00,WD_HOME,20.990322989,21.369353665,23.500023882,off,True,True,1.0,1.0,0.062018802,0.130897257,0.0,0.541191607,0.0,0.0,0.0,0.008141394,0.324982315,0.081245579,1.148476954,0.0,0.0,0.0,0.0,0.0,0.0,0.0,0.0,0.0,0.0,0.192916059,0.955560895,0.0,0.0,1.148476954
2025-09-24T22:00:00+02:00,17.3,75,0.0,20,8.1,0.0,0.0,0.0,WD_HOME,WD_HOME,False,EMPTY,FULL,False,,True,guest_004,2025-09-24T08:57:30.628436+02:00,2025-09-24T17:27:24.477269+02:00,WD_HOME,20.441935825,21.369353665,23.500023882,heat,True,True,1.0,1.0,0.063107977,0.130897257,0.0,0.0,0.0,0.0,0.0,0.023170111,0.324982315,0.081245579,0.623403239,1.727328253,0.0,1.727328253,0.0,0.0,0.0,0.0,0.0,0.0,1.727328253,0.194005234,0.429398005,0.0,0.0,2.350731492
2025-09-24T23:00:00+02:00,16.8,77,0.0,35,7.5,0.0,0.0,0.0,WD_HOME,WD_HOME,False,EMPTY,FULL,False,,False,,2025-09-24T08:57:30.628436+02:00,2025-09-24T17:27:24.477269+02:00,WD_HOME,20.918279854,21.369353665,23.500023882,heat,True,True,1.0,1.0,0.064376347,0.130897257,0.0,0.0,0.0,0.0,0.0,0.0,0.324982315,0.081245579,0.601501498,1.727328253,0.0,1.727328253,0.0,0.0,0.0,0.0,0.0,0.0,1.727328253,0.195273604,0.406227894,0.0,0.0,2.328829751
2025-09-25T00:00:00+02:00,17.3,71,0.1,43,7.9,0.0,0.0,0.0,WD_HOME,WD_HOME,False,EMPTY,FULL,False,,False,,2025-09-25T08:50:26.479807+02:00,2025-09-25T18:24:38.541170+02:00,WD_HOME,21.231899878,20.928948821,23.059619038,off,True,True,1.0,1.0,0.065737476,0.130897257,0.0,0.0,0.0,0.0,0.0,0.0,0.324982315,0.081245579,0.602862627,0.0,0.0,0.0,0.0,0.0,0.0,0.0,0.0,0.0,0.0,0.196634733,0.406227894,0.0,0.0,0.602862627
2025-09-25T01:00:00+02:00,16.9,74,0.1,48,7.3,0.0,0.0,0.0,WD_HOME,WD_HOME,False,EMPTY,FULL,False,,False,,2025-09-25T08:50:26.479807+02:00,2025-09-25T18:24:38.541170+02:00,WD_HOME,20.576583232,20.928948821,23.059619038,off,True,True,1.0,1.0,0.067098604,0.130897257,0.0,0.0,0.0,0.0,0.0,0.0,0.324982315,0.081245579,0.604223755,0.0,0.0,0.0,0.0,0.0,0.0,0.0,0.0,0.0,0.0,0.197995861,0.406227894,0.0,0.0,0.604223755
2025-09-25T02:00:00+02:00,16.9,77,0.1,60,8.8,0.0,0.0,0.0,WD_HOME,WD_HOME,False,EMPTY,FULL,False,,False,,2025-09-25T08:50:26.479807+02:00,2025-09-25T18:24:38.541170+02:00,WD_HOME,19.96381936,20.928948821,23.059619038,heat,True,True,1.0,1.0,0.068366975,0.130897257,0.0,0.0,0.0,0.0,0.0,0.0,0.324982315,0.081245579,0.605492126,1.727328253,0.0,1.727328253,0.0,0.0,0.0,0.0,0.0,0.0,1.727328253,0.199264232,0.406227894,0.0,0.0,2.332820379
2025-09-25T03:00:00+02:00,17.0,79,0.0,78,8.2,0.0,0.0,0.0,WD_HOME,WD_HOME,False,EMPTY,FULL,False,,False,,2025-09-25T08:50:26.479807+02:00,2025-09-25T18:24:38.541170+02:00,WD_HOME,20.4531828,20.928948821,23.059619038,heat,True,True,1.0,1.0,0.069456149,0.130897257,0.0,0.0,0.0,0.0,0.0,0.0,0.324982315,0.081245579,0.6065813,1.727328253,0.0,1.727328253,0.0,0.0,0.0,0.0,0.0,0.0,1.727328253,0.200353406,0.406227894,0.0,0.0,2.333909553
2025-09-25T04:00:00+02:00,16.8,81,0.0,55,8.2,0.0,0.0,0.0,WD_HOME,WD_HOME,False,EMPTY,FULL,False,,False,,2025-09-25T08:50:26.479807+02:00,2025-09-25T18:24:38.541170+02:00,WD_HOME,20.877652333,20.928948821,23.059619038,heat,True,True,1.0,1.0,0.070291902,0.130897257,0.0,0.0,0.0,0.0,0.0,0.0,0.324982315,0.081245579,0.607417053,1.727328253,0.0,1.727328253,0.0,0.0,0.0,0.0,0.0,0.0,1.727328253,0.201189159,0.406227894,0.0,0.0,2.334745306
2025-09-25T05:00:00+02:00,16.2,85,0.1,68,8.4,0.0,0.0,0.0,WD_HOME,WD_HOME,False,EMPTY,FULL,False,,False,,2025-09-25T08:50:26.479807+02:00,2025-09-25T18:24:38.541170+02:00,WD_HOME,21.198043611,20.928948821,23.059619038,off,True,True,1.0,1.0,0.070817278,0.130897257,0.0,0.0,0.0,0.0,0.0,0.0,0.324982315,0.081245579,0.607942429,0.0,0.0,0.0,0.0,0.0,0.0,0.0,0.0,0.0,0.0,0.201714535,0.406227894,0.0,0.0,0.607942429
2025-09-25T06:00:00+02:00,15.8,86,0.2,44,7.3,0.0,0.0,0.0,WD_HOME,WD_HOME,False,EMPTY,FULL,False,,False,,2025-09-25T08:50:26.479807+02:00,2025-09-25T18:24:38.541170+02:00,WD_HOME,20.365036343,20.928948821,23.059619038,heat,True,True,1.0,1.0,0.070996474,0.130897257,0.0,0.0,0.0,0.0,0.0,0.0,0.324982315,0.081245579,0.608121625,1.727328253,0.0,1.727328253,0.0,0.0,0.0,0.0,0.0,0.0,1.727328253,0.201893731,0.406227894,0.0,0.0,2.335449878
2025-09-25T07:00:00+02:00,15.5,86,0.3,44,6.7,0.0,0.0,0.0,WD_HOME,WD_HOME,False,EMPTY,FULL,False,,False,,2025-09-25T08:50:26.479807+02:00,2025-09-25T18:24:38.541170+02:00,WD_HOME,20.604196952,20.928948821,23.059619038,heat,True,True,1.0,1.0,0.070817278,0.130897257,0.0,0.0,0.0,0.0,0.0,0.0,0.324982315,0.081245579,0.607942429,1.727328253,0.0,1.727328253,0.0,0.0,0.0,0.0,0.0,0.0,1.727328253,0.201714535,0.406227894,0.0,0.0,2.335270682
2025-09-25T08:00:00+02:00,15.5,86,0.4,39,6.1,1.0,0.0,1.0,WD_HOME,WD_HOME,False,EMPTY,FULL,False,,False,,2025-09-25T08:50:26.479807+02:00,2025-09-25T18:24:38.541170+02:00,WD_HOME,20.75349746,20.928948821,23.059619038,heat,True,True,0.710861159,0.917889978,0.070291902,0.130897257,0.0,0.0,0.0,0.0,0.0,0.0,0.0,0.0,0.201189159,1.727328253,0.0,1.727328253,0.0,0.0,0.0,0.844670321,0.0,0.0,2.571998575,0.201189159,0.0,0.0,0.844670321,2.773187734
2025-09-25T09:00:00+02:00,16.4,83,0.2,60,8.1,51.0,18.0,33.0,WD_HOME,WD_HOME,False,EMPTY,EMPTY,False,,False,,2025-09-25T08:50:26.479807+02:00,2025-09-25T18:24:38.541170+02:00,WD_HOME,20.87791455,19.928948821,24.059619038,off,False,False,0.0,0.0,0.069456149,0.130897257,0.0,0.0,0.0,0.0,0.0,0.0,0.0,0.0,0.200353406,0.0,0.0,0.0,0.0,0.0,0.0,0.880530278,0.0,0.0,0.880530278,0.200353406,0.0,0.0,0.880530278,1.080883684
2025-09-25T10:00:00+02:00,17.7,79,0.3,54,9.6,123.0,49.0,74.0,WD_HOME,WD_HOME,False,EMPTY,EMPTY,False,,False,,2025-09-25T08:50:26.479807+02:00,2025-09-25T18:24:38.541170+02:00,WD_HOME,20.131595458,19.928948821,24.059619038,off,False,False,0.0,0.0,0.068366975,0.130897257,0.0,0.0,0.0,0.0,0.0,0.0,0.0,0.0,0.199264232,0.0,0.0,0.0,0.0,0.0,0.0,0.880530278,0.0,0.0,0.880530278,0.199264232,0.0,0.0,0.880530278,1.079794510
2025-09-25T11:00:00+02:00,18.5,77,0.4,60,11.2,239.0,108.0,131.0,WD_HOME,WD_HOME,False,EMPTY,EMPTY,False,,False,,2025-09-25T08:50:26.479807+02:00,2025-09-25T18:24:38.541170+02:00,WD_HOME,19.726329549,19.928948821,24.059619038,off,False,False,0.0,0.0,0.067098604,0.130897257,0.0,0.0,0.0,0.0,0.0,0.0,0.0,0.0,0.197995861,0.0,0.0,0.0,0.0,0.0,0.0,0.65264166,0.0,0.0,0.65264166,0.197995861,0.0,0.0,0.65264166,0.850637521
2025-09-25T12:00:00+02:00,19.0,79,0.3,54,8.4,332.0,186.0,146.0,WD_HOME,WD_HOME,False,EMPTY,EMPTY,False,,False,,2025-09-25T08:50:26.479807+02:00,2025-09-25T18:24:38.541170+02:00,WD_HOME,19.521941291,19.928948821,24.059619038,off,False,False,0.0,0.0,0.065737476,0.130897257,0.0,0.0,0.0,0.0,0.0,0.0,0.0,0.0,0.196634733,0.0,0.0,0.0,0.0,0.0,0.0,0.0,0.0,0.0,0.0,0.196634733,0.0,0.0,0.0,0.196634733
2025-09-25T13:00:00+02:00,19.1,77,0.6,65,8.8,405.0,246.0,159.0,WD_HOME,WD_HOME,False,EMPTY,EMPTY,False,,False,,2025-09-25T08:50:26.479807+02:00,2025-09-25T18:24:38.541170+02:00,WD_HOME,19.434951075,19.928948821,24.059619038,off,False,False,0.0,0.0,0.064376347,0.130897257,0.0,0.0,0.0,0.0,0.0,0.0,0.0,0.0,0.195273604,0.0,0.0,0.0,0.0,0.0,0.0,0.0,0.0,0.0,0.0,0.195273604,0.0,0.0,0.0,0.195273604
2025-09-25T14:00:00+02:00,19.2,77,0.3,72,9.6,363.0,170.0,193.0,WD_HOME,WD_HOME,False,EMPTY,EMPTY,False,,False,,2025-09-25T08:50:26.479807+02:00,2025-09-25T18:24:38.541170+02:00,WD_HOME,19.379125896,19.928948821,24.059619038,heat,False,False,0.0,0.0,0.063107977,0.130897257,0.0,0.0,0.0,0.0,0.0,0.0,0.0,0.0,0.194005234,1.727328253,0.0,1.727328253,0.0,0.0,0.0,0.0,0.0,0.0,1.727328253,0.194005234,0.0,0.0,0.0,1.921333487
2025-09-25T15:00:00+02:00,19.3,79,0.2,83,10.8,495.0,322.0,173.0,WD_HOME,WD_HOME,False,EMPTY,EMPTY,False,,False,,2025-09-25T08:50:26.479807+02:00,2025-09-25T18:24:38.541170+02:00,WD_HOME,20.34927158,19.928948821,24.059619038,off,False,False,0.0,0.0,0.062018802,0.130897257,0.0,0.0,0.0,0.0,0.0,0.0,0.0,0.0,0.192916059,0.0,0.0,0.0,0.0,0.0,0.0,0.0,0.0,0.0,0.0,0.192916059,0.0,0.0,0.0,0.192916059
2025-09-25T16:00:00+02:00,19.2,82,0.1,88,11.6,427.0,297.0,130.0,WD_HOME,WD_HOME,False,EMPTY,EMPTY,False,,False,,2025-09-25T08:50:26.479807+02:00,2025-09-25T18:24:38.541170+02:00,WD_HOME,20.174392983,19.928948821,24.059619038,off,False,False,0.0,0.0,0.06118305,0.130897257,0.0,0.0,0.0,0.0,0.0,0.0,0.0,0.0,0.192080307,0.0,0.0,0.0,0.0,0.0,0.0,0.41235367,0.0,0.0,0.41235367,0.192080307,0.0,0.0,0.41235367,0.604433977
2025-09-25T17:00:00+02:00,18.9,84,0.1,78,12.4,242.0,110.0,132.0,WD_HOME,WD_HOME,False,EMPTY,EMPTY,False,,False,,2025-09-25T08:50:26.479807+02:00,2025-09-25T18:24:38.541170+02:00,WD_HOME,20.011994153,19.928948821,24.059619038,off,True,False,0.966958532,0.0,0.060657674,0.130897257,0.0,0.0,0.0,0.0,0.0,0.0,0.0,0.0,0.191554931,0.0,0.0,0.0,0.0,0.0,0.0,0.880530278,0.0,0.0,0.880530278,0.191554931,0.0,0.0,0.880530278,1.072085209
2025-09-25T18:00:00+02:00,18.7,85,0.1,71,13.0,205.0,109.0,96.0,WD_HOME,WD_HOME,False,EMPTY,FULL,False,,False,,2025-09-25T08:50:26.479807+02:00,2025-09-25T18:24:38.541170+02:00,WD_HOME,19.826661794,20.928948821,23.059619038,heat,True,True,1.0,0.207530788,0.060478478,0.130897257,2.599420477,0.0,0.0,0.0,0.0,0.006223063,0.0,0.0,2.797019275,1.727328253,0.0,1.727328253,0.0,0.0,0.0,0.880530278,0.0,0.0,2.607858532,0.191375735,2.605643540,0.0,0.880530278,5.404877807
2025-09-25T19:00:00+02:00,18.4,84,0.1,72,13.0,116.0,65.0,51.0,WD_HOME,WD_HOME,False,EMPTY,FULL,False,,False,,2025-09-25T08:50:26.479807+02:00,2025-09-25T18:24:38.541170+02:00,WD_HOME,20.638884828,20.928948821,23.059619038,heat,True,True,1.0,1.0,0.060657674,0.130897257,2.276264766,0.0,0.0,0.0,0.190772972,0.0,0.0,0.0,2.658592669,1.727328253,0.0,1.727328253,0.0,6.055273908,6.055273908,0.813970205,0.0,0.0,8.596572366,0.191554931,2.467037738,6.055273908,0.813970205,11.255165035
2025-09-25T20:00:00+02:00,18.4,85,0.2,75,13.1,15.0,6.0,9.0,WD_HOME,WD_HOME,False,EMPTY,FULL,False,,False,,2025-09-25T08:50:26.479807+02:00,2025-09-25T18:24:38.541170+02:00,WD_HOME,21.265737357,20.928948821,23.059619038,off,True,True,1.0,1.0,0.06118305,0.130897257,0.0,0.0,0.0,0.0,0.040118837,0.01086381,0.0,0.0,0.243062954,0.0,0.0,0.0,0.0,7.4,7.4,0.0,0.0,0.0,7.4,0.192080307,0.050982647,7.4,0.0,7.643062954
2025-09-25T21:00:00+02:00,18.2,86,0.2,85,12.0,0.0,0.0,0.0,WD_HOME,WD_HOME,False,EMPTY,FULL,False,,False,,2025-09-25T08:50:26.479807+02:00,2025-09-25T18:24:38.541170+02:00,WD_HOME,20.788114464,20.928948821,23.059619038,off,True,True,1.0,1.0,0.062018802,0.130897257,0.0,0.0,0.0,0.0,0.0,0.016233862,0.324982315,0.081245579,0.615377815,0.0,0.0,0.0,0.0,7.4,7.4,0.0,0.0,0.0,7.4,0.192916059,0.422461756,7.4,0.0,8.015377815
2025-09-25T22:00:00+02:00,18.3,84,0.1,86,11.5,0.0,0.0,0.0,WD_HOME,WD_HOME,False,EMPTY,FULL,False,,False,,2025-09-25T08:50:26.479807+02:00,2025-09-25T18:24:38.541170+02:00,WD_HOME,20.356762053,20.928948821,23.059619038,heat,True,True,1.0,1.0,0.063107977,0.130897257,0.0,0.0,0.0,0.0,0.0,0.0,0.324982315,0.081245579,0.600233128,1.727328253,0.0,1.727328253,0.0,2.792041337,2.792041337,0.0,0.0,0.0,4.51936959,0.194005234,0.406227894,2.792041337,0.0,5.119602718
2025-09-25T23:00:00+02:00,17.6,85,0.1,87,11.5,0.0,0.0,0.0,WD_HOME,WD_HOME,False,EMPTY,FULL,False,,False,,2025-09-25T08:50:26.479807+02:00,2025-09-25T18:24:38.541170+02:00,WD_HOME,21.013968378,20.928948821,23.059619038,off,True,True,1.0,1.0,0.064376347,0.130897257,0.0,0.0,0.0,0.0,0.0,0.0,0.324982315,0.081245579,0.601501498,0.0,0.0,0.0,0.0,0.0,0.0,0.0,0.0,0.0,0.0,0.195273604,0.406227894,0.0,0.0,0.601501498
2025-09-26T00:00:00+02:00,17.6,83,0.0,84,8.2,0.0,0.0,0.0,WD_HOME,WD_HOME,False,PARTIAL,FULL,False,,False,,2025-09-26T08:54:08.427069+02:00,2025-09-26T16:17:13.648718+02:00,WD_HOME,20.444973648,21.449432133,23.58010235,heat,True,True,1.0,1.0,0.065737476,0.130897257,0.0,0.0,0.0,0.0,0.0,0.0,0.324982315,0.081245579,0.602862627,1.727328253,0.0,1.727328253,0.0,0.0,0.0,0.0,0.0,0.0,1.727328253,0.196634733,0.406227894,0.0,0.0,2.330190880
2025-09-26T01:00:00+02:00,17.4,82,0.1,72,8.5,0.0,0.0,0.0,WD_HOME,WD_HOME,False,PARTIAL,FULL,False,,False,,2025-09-26T08:54:08.427069+02:00,2025-09-26T16:17:13.648718+02:00,WD_HOME,20.970811374,21.449432133,23.58010235,heat,True,True,1.0,1.0,0.067098604,0.130897257,0.0,0.0,0.0,0.0,0.0,0.0,0.324982315,0.081245579,0.604223755,1.727328253,0.0,1.727328253,0.0,0.0,0.0,0.0,0.0,0.0,1.727328253,0.197995861,0.406227894,0.0,0.0,2.331552008
2025-09-26T02:00:00+02:00,17.4,80,0.1,53,8.6,0.0,0.0,0.0,WD_HOME,WD_HOME,False,PARTIAL,FULL,False,,False,,2025-09-26T08:54:08.427069+02:00,2025-09-26T16:17:13.648718+02:00,WD_HOME,21.375676145,21.449432133,23.58010235,heat,True,True,1.0,1.0,0.068366975,0.130897257,0.0,0.0,0.0,0.0,0.0,0.0,0.324982315,0.081245579,0.605492126,1.727328253,0.0,1.727328253,0.0,0.0,0.0,0.0,0.0,0.0,1.727328253,0.199264232,0.406227894,0.0,0.0,2.332820379
2025-09-26T03:00:00+02:00,17.2,80,0.2,79,8.3,0.0,0.0,0.0,WD_HOME,WD_HOME,False,PARTIAL,FULL,False,,False,,2025-09-26T08:54:08.427069+02:00,2025-09-26T16:17:13.648718+02:00,WD_HOME,21.713063454,21.449432133,23.58010235,off,True,True,1.0,1.0,0.069456149,0.130897257,0.0,0.0,0.0,0.0,0.0,0.0,0.324982315,0.081245579,0.6065813,0.0,0.0,0.0,0.0,0.0,0.0,0.0,0.0,0.0,0.0,0.200353406,0.406227894,0.0,0.0,0.6065813
2025-09-26T04:00:00+02:00,16.9,79,0.2,71,8.0,0.0,0.0,0.0,WD_HOME,WD_HOME,False,PARTIAL,FULL,False,,False,,2025-09-26T08:54:08.427069+02:00,2025-09-26T16:17:13.648718+02:00,WD_HOME,20.960886212,21.449432133,23.58010235,off,True,True,1.0,1.0,0.070291902,0.130897257,0.0,0.0,0.0,0.0,0.0,0.0,0.324982315,0.081245579,0.607417053,0.0,0.0,0.0,0.0,0.0,0.0,0.0,0.0,0.0,0.0,0.201189159,0.406227894,0.0,0.0,0.607417053
2025-09-26T05:00:00+02:00,16.5,80,0.1,68,7.6,0.0,0.0,0.0,WD_HOME,WD_HOME,False,PARTIAL,FULL,False,,False,,2025-09-26T08:54:08.427069+02:00,2025-09-26T16:17:13.648718+02:00,WD_HOME,20.284071843,21.449432133,23.58010235,heat,True,True,1.0,1.0,0.070817278,0.130897257,0.0,0.0,0.0,0.0,0.0,0.0,0.324982315,0.081245579,0.607942429,1.727328253,0.0,1.727328253,0.0,0.0,0.0,0.0,0.0,0.0,1.727328253,0.201714535,0.406227894,0.0,0.0,2.335270682
2025-09-26T06:00:00+02:00,16.1,81,0.2,56,6.4,0.0,0.0,0.0,WD_HOME,WD_HOME,False,PARTIAL,FULL,False,,False,,2025-09-26T08:54:08.427069+02:00,2025-09-26T16:17:13.648718+02:00,WD_HOME,20.653393202,21.449432133,23.58010235,heat,True,True,1.0,1.0,0.070996474,0.130897257,0.0,0.0,0.0,0.0,0.0,0.0,0.324982315,0.081245579,0.608121625,1.727328253,0.0,1.727328253,0.0,0.0,0.0,0.624600077,0.0,0.0,2.35192833,0.201893731,0.406227894,0.0,0.624600077,2.960049955
2025-09-26T07:00:00+02:00,16.3,82,0.4,49,4.9,0.0,0.0,0.0,WD_HOME,WD_HOME,False,PARTIAL,FULL,False,,False,,2025-09-26T08:54:08.427069+02:00,2025-09-26T16:17:13.648718+02:00,WD_HOME,20.894494335,21.449432133,23.58010235,heat,True,True,1.0,1.0,0.070817278,0.130897257,0.881853193,0.0,0.0,0.0,0.0,0.0,0.324982315,0.081245579,1.489795622,1.727328253,0.0,1.727328253,0.0,0.0,0.0,0.880530278,0.0,0.0,2.607858532,0.201714535,1.288081087,0.0,0.880530278,4.097654154
2025-09-26T08:00:00+02:00,16.9,78,0.3,50,3.9,1.0,0.0,1.0,WD_HOME,WD_HOME,False,PARTIAL,FULL,False,,False,,2025-09-26T08:54:08.427069+02:00,2025-09-26T16:17:13.648718+02:00,WD_HOME,21.128745279,21.449432133,23.58010235,heat,True,True,1.0,0.629029689,0.070291902,0.130897257,0.140588181,0.0,0.0,0.0,0.0,0.0,0.0,0.0,0.34177734,1.727328253,0.0,1.727328253,0.0,0.0,0.0,0.880530278,0.0,0.0,2.607858532,0.201189159,0.140588181,0.0,0.880530278,2.949635872
2025-09-26T09:00:00+02:00,17.3,78,0.1,41,4.3,66.0,29.0,37.0,WD_HOME,WD_HOME,False,PARTIAL,PARTIAL,False,,False,,2025-09-26T08:54:08.427069+02:00,2025-09-26T16:17:13.648718+02:00,WD_HOME,21.4239544,21.449432133,23.58010235,heat,True,False,1.0,0.0,0.069456149,0.130897257,0.0,0.0,0.0,0.0,0.0,0.0,0.0,0.0,0.200353406,1.727328253,0.0,1.727328253,0.0,0.0,0.0,0.880530278,0.0,0.0,2.607858532,0.200353406,0.0,0.0,0.880530278,2.808211938
2025-09-26T10:00:00+02:00,18.6,77,0.1,37,3.8,205.0,119.0,86.0,WD_HOME,WD_HOME,False,PARTIAL,PARTIAL,False,,False,,2025-09-26T08:54:08.427069+02:00,2025-09-26T16:17:13.648718+02:00,WD_HOME,21.736628666,21.449432133,23.58010235,off,True,False,1.0,0.0,0.068366975,0.130897257,0.0,0.0,0.0,0.0,0.0,0.0,0.0,0.0,0.199264232,0.0,0.0,0.0,0.0,0.0,0.0,0.473767066,0.0,0.0,0.473767066,0.199264232,0.0,0.0,0.473767066,0.673031298
2025-09-26T11:00:00+02:00,19.9,70,0.2,37,5.2,390.0,284.0,106.0,WD_HOME,WD_HOME,False,PARTIAL,PARTIAL,False,,False,,2025-09-26T08:54:08.427069+02:00,2025-09-26T16:17:13.648718+02:00,WD_HOME,21.213857222,21.449432133,23.58010235,off,True,False,1.0,0.0,0.067098604,0.130897257,0.0,0.0,0.0,0.0,0.0,0.0,0.0,0.0,0.197995861,0.0,0.0,0.0,0.0,0.0,0.0,0.0,0.0,0.0,0.0,0.197995861,0.0,0.0,0.0,0.197995861
2025-09-26T12:00:00+02:00,21.2,64,0.1,41,5.9,497.0,378.0,119.0,WD_HOME,WD_HOME,False,PARTIAL,PARTIAL,False,,False,,2025-09-26T08:54:08.427069+02:00,2025-09-26T16:17:13.648718+02:00,WD_HOME,20.994881018,21.449432133,23.58010235,off,True,False,1.0,0.0,0.065737476,0.130897257,0.0,0.0,0.0,0.0,0.0,0.0,0.0,0.0,0.196634733,0.0,0.0,0.0,0.0,0.0,0.0,0.0,0.0,0.0,0.0,0.196634733,0.0,0.0,0.0,0.196634733
2025-09-26T13:00:00+02:00,21.3,63,0.1,50,6.0,485.0,320.0,165.0,WD_HOME,WD_HOME,False,PARTIAL,PARTIAL,False,,False,,2025-09-26T08:54:08.427069+02:00,2025-09-26T16:17:13.648718+02:00,WD_HOME,21.029067515,21.449432133,23.58010235,off,True,False,1.0,0.0,0.064376347,0.130897257,0.0,0.0,0.0,0.0,0.0,0.0,0.0,0.0,0.195273604,0.0,0.0,0.0,0.0,0.0,0.0,0.0,0.0,0.0,0.0,0.195273604,0.0,0.0,0.0,0.195273604
2025-09-26T14:00:00+02:00,21.8,61,0.0,45,6.8,587.0,444.0,143.0,WD_HOME,WD_HOME,False,PARTIAL,PARTIAL,False,,False,,2025-09-26T08:54:08.427069+02:00,2025-09-26T16:17:13.648718+02:00,WD_HOME,21.074222929,21.449432133,23.58010235,off,True,False,1.0,0.0,0.063107977,0.130897257,0.0,0.0,0.0,0.0,0.0,0.0,0.0,0.0,0.194005234,0.0,0.0,0.0,0.0,0.0,0.0,0.0,0.0,0.0,0.0,0.194005234,0.0,0.0,0.0,0.194005234
2025-09-26T15:00:00+02:00,21.9,60,0.0,31,7.1,593.0,452.0,141.0,WD_HOME,WD_HOME,False,PARTIAL,PARTIAL,False,,False,,2025-09-26T08:54:08.427069+02:00,2025-09-26T16:17:13.648718+02:00,WD_HOME,21.195185774,21.449432133,23.58010235,off,True,False,1.0,0.0,0.062018802,0.130897257,0.0,0.0,0.0,0.0,0.0,0.0,0.0,0.0,0.192916059,0.0,0.0,0.0,0.0,0.0,0.0,0.100649611,0.0,0.0,0.100649611,0.192916059,0.0,0.0,0.100649611,0.293565670
2025-09-26T16:00:00+02:00,22.1,58,0.0,45,7.4,542.0,410.0,132.0,WD_HOME,WD_HOME,False,PARTIAL,FULL,False,,False,,2025-09-26T08:54:08.427069+02:00,2025-09-26T16:17:13.648718+02:00,WD_HOME,21.312654812,21.449432133,23.58010235,off,True,False,1.0,0.0,0.06118305,0.130897257,0.0,0.0,0.13228782,0.0,0.0,0.0,0.0,0.0,0.324368127,0.0,0.0,0.0,0.0,0.0,0.0,0.880530278,0.0,0.0,0.880530278,0.192080307,0.13228782,0.0,0.880530278,1.204898405
2025-09-26T17:00:00+02:00,22.2,56,0.0,15,6.6,497.0,407.0,90.0,WD_HOME,WD_HOME,False,PARTIAL,FULL,False,,False,,2025-09-26T08:54:08.427069+02:00,2025-09-26T16:17:13.648718+02:00,WD_HOME,21.44387901,21.449432133,23.58010235,off,True,True,1.0,0.900664442,0.060657674,0.130897257,0.0,0.0,0.647246494,0.0,0.0,0.0,0.0,0.0,0.838801425,0.0,0.0,0.0,0.0,2.355058076,2.355058076,0.880530278,0.0,0.0,3.235588355,0.191554931,0.647246494,2.355058076,0.880530278,4.074389780
2025-09-26T18:00:00+02:00,22.0,55,0.0,5,5.7,314.0,222.0,92.0,WD_HOME,WD_HOME,False,PARTIAL,FULL,False,,False,,2025-09-26T08:54:08.427069+02:00,2025-09-26T16:17:13.648718+02:00,WD_HOME,21.569899175,21.449432133,23.58010235,off,True,True,1.0,1.0,0.060478478,0.130897257,0.0,0.0,0.0,0.0,0.0,0.006195044,0.0,0.0,0.197570779,0.0,0.0,0.0,0.0,5.395436726,5.395436726,0.880530278,0.0,0.0,6.275967005,0.191375735,0.006195044,5.395436726,0.880530278,6.473537784
2025-09-26T19:00:00+02:00,21.4,64,0.0,24,6.1,146.0,93.0,53.0,WD_HOME,WD_HOME,False,PARTIAL,FULL,False,,False,,2025-09-26T08:54:08.427069+02:00,2025-09-26T16:17:13.648718+02:00,WD_HOME,21.641582646,21.449432133,23.58010235,off,True,True,1.0,1.0,0.060657674,0.130897257,0.0,0.0,0.0,0.0,0.0,0.010242366,0.0,0.0,0.201797297,0.0,0.0,0.0,0.0,0.0,0.0,0.880530278,0.0,0.0,0.880530278,0.191554931,0.010242366,0.0,0.880530278,1.082327575
2025-09-26T20:00:00+02:00,19.6,72,0.0,13,6.3,18.0,8.0,10.0,WD_HOME,WD_HOME,False,PARTIAL,FULL,False,,False,,2025-09-26T08:54:08.427069+02:00,2025-09-26T16:17:13.648718+02:00,WD_HOME,21.601318872,21.449432133,23.58010235,off,True,True,1.0,1.0,0.06118305,0.130897257,0.998511984,0.0,0.0,0.0,0.112883865,0.0,0.0,0.0,1.303476156,0.0,0.0,0.0,0.0,0.0,0.0,0.026192731,0.0,0.0,0.026192731,0.192080307,1.111395849,0.0,0.026192731,1.329668887
2025-09-26T21:00:00+02:00,19.0,75,0.1,19,6.8,0.0,0.0,0.0,WD_HOME,WD_HOME,False,PARTIAL,FULL,False,,False,,2025-09-26T08:54:08.427069+02:00,2025-09-26T16:17:13.648718+02:00,WD_HOME,21.267765726,21.449432133,23.58010235,off,True,True,1.0,1.0,0.062018802,0.130897257,1.190587628,0.0,0.0,0.0,0.415716855,0.0,0.324982315,0.081245579,2.205448436,0.0,0.0,0.0,0.0,0.0,0.0,0.0,0.0,0.0,0.0,0.192916059,2.012532377,0.0,0.0,2.205448436
2025-09-26T22:00:00+02:00,17.8,83,0.2,30,9.5,0.0,0.0,0.0,WD_HOME,WD_HOME,False,PARTIAL,FULL,False,,False,,2025-09-26T08:54:08.427069+02:00,2025-09-26T16:17:13.648718+02:00,WD_HOME,20.889804772,21.449432133,23.58010235,heat,True,True,1.0,1.0,0.063107977,0.130897257,0.0,0.154036855,0.0,0.0,0.094461854,0.016470505,0.324982315,0.081245579,0.865202342,1.727328253,0.0,1.727328253,0.0,0.0,0.0,0.0,0.0,0.0,1.727328253,0.194005234,0.671197108,0.0,0.0,2.592530595
2025-09-26T23:00:00+02:00,17.3,88,0.1,49,12.4,0.0,0.0,0.0,WD_HOME,WD_HOME,False,PARTIAL,FULL,False,,False,,2025-09-26T08:54:08.427069+02:00,2025-09-26T16:17:13.648718+02:00,WD_HOME,21.37483731,21.449432133,23.58010235,heat,True,True,1.0,1.0,0.064376347,0.130897257,0.0,0.604865123,0.0,0.0,0.0,0.0082788,0.324982315,0.081245579,1.214645421,1.727328253,0.0,1.727328253,0.0,0.0,0.0,0.0,0.0,0.0,1.727328253,0.195273604,1.019371817,0.0,0.0,2.941973674
2025-09-27T00:00:00+02:00,17.1,88,0.0,68,15.1,0.0,0.0,0.0,WE_HOME,WE_HOME,True,EMPTY,FULL,False,,False,,2025-09-27T10:55:38.750806+02:00,2025-09-27T17:06:31.345960+02:00,WE_HOME,21.695697758,21.513892276,23.644562493,off,True,True,1.0,1.0,0.065737476,0.130897257,0.0,0.120608785,0.0,0.0,0.0,0.0,0.324982315,0.081245579,0.723471412,0.0,0.0,0.0,0.0,0.0,0.0,0.0,0.0,0.0,0.0,0.196634733,0.526836679,0.0,0.0,0.723471412
2025-09-27T01:00:00+02:00,16.5,87,0.0,77,13.7,0.0,0.0,0.0,WE_HOME,WE_HOME,True,EMPTY,FULL,False,,False,,2025-09-27T10:55:38.750806+02:00,2025-09-27T17:06:31.345960+02:00,WE_HOME,20.929748132,21.513892276,23.644562493,heat,True,True,1.0,1.0,0.067098604,0.130897257,0.0,0.0,0.0,0.0,0.0,0.0,0.324982315,0.081245579,0.604223755,1.727328253,0.0,1.727328253,0.0,0.0,0.0,0.0,0.0,0.0,1.727328253,0.197995861,0.406227894,0.0,0.0,2.331552008
2025-09-27T02:00:00+02:00,16.4,85,0.0,79,12.0,0.0,0.0,0.0,WE_HOME,WE_HOME,True,EMPTY,FULL,False,,False,,2025-09-27T10:55:38.750806+02:00,2025-09-27T17:06:31.345960+02:00,WE_HOME,21.191456777,21.513892276,23.644562493,heat,True,True,1.0,1.0,0.068366975,0.130897257,0.0,0.0,0.0,0.0,0.0,0.0,0.324982315,0.081245579,0.605492126,1.727328253,0.0,1.727328253,0.0,0.0,0.0,0.0,0.0,0.0,1.727328253,0.199264232,0.406227894,0.0,0.0,2.332820379
2025-09-27T03:00:00+02:00,16.6,82,0.0,89,11.2,0.0,0.0,0.0,WE_HOME,WE_HOME,True,EMPTY,FULL,False,,False,,2025-09-27T10:55:38.750806+02:00,2025-09-27T17:06:31.345960+02:00,WE_HOME,21.392880647,21.513892276,23.644562493,heat,True,True,1.0,1.0,0.069456149,0.130897257,0.0,0.0,0.0,0.0,0.0,0.0,0.324982315,0.081245579,0.6065813,1.727328253,0.0,1.727328253,0.0,0.0,0.0,0.0,0.0,0.0,1.727328253,0.200353406,0.406227894,0.0,0.0,2.333909553
2025-09-27T04:00:00+02:00,16.8,82,0.0,93,11.1,0.0,0.0,0.0,WE_HOME,WE_HOME,True,EMPTY,FULL,False,,False,,2025-09-27T10:55:38.750806+02:00,2025-09-27T17:06:31.345960+02:00,WE_HOME,21.594067206,21.513892276,23.644562493,off,True,True,1.0,1.0,0.070291902,0.130897257,0.0,0.0,0.0,0.0,0.0,0.0,0.324982315,0.081245579,0.607417053,0.0,0.0,0.0,0.0,0.0,0.0,0.0,0.0,0.0,0.0,0.201189159,0.406227894,0.0,0.0,0.607417053
2025-09-27T05:00:00+02:00,16.7,81,0.0,96,9.9,0.0,0.0,0.0,WE_HOME,WE_HOME,True,EMPTY,FULL,False,,False,,2025-09-27T10:55:38.750806+02:00,2025-09-27T17:06:31.345960+02:00,WE_HOME,20.795056005,21.513892276,23.644562493,heat,True,True,1.0,1.0,0.070817278,0.130897257,0.0,0.0,0.0,0.0,0.0,0.0,0.324982315,0.081245579,0.607942429,1.727328253,0.0,1.727328253,0.0,0.0,0.0,0.0,0.0,0.0,1.727328253,0.201714535,0.406227894,0.0,0.0,2.335270682
2025-09-27T06:00:00+02:00,16.6,82,0.0,80,7.7,0.0,0.0,0.0,WE_HOME,WE_HOME,True,EMPTY,FULL,False,,False,,2025-09-27T10:55:38.750806+02:00,2025-09-27T17:06:31.345960+02:00,WE_HOME,21.112546671,21.513892276,23.644562493,heat,True,True,1.0,1.0,0.070996474,0.130897257,0.0,0.0,0.0,0.0,0.0,0.0,0.324982315,0.081245579,0.608121625,1.727328253,0.0,1.727328253,0.0,0.0,0.0,0.073286056,0.0,0.0,1.800614309,0.201893731,0.406227894,0.0,0.073286056,2.408735934
2025-09-27T07:00:00+02:00,16.9,80,0.0,86,5.8,0.0,0.0,0.0,WE_HOME,WE_HOME,True,EMPTY,FULL,False,,False,,2025-09-27T10:55:38.750806+02:00,2025-09-27T17:06:31.345960+02:00,WE_HOME,21.360455559,21.513892276,23.644562493,heat,True,True,1.0,1.0,0.070817278,0.130897257,0.0,0.0,0.0,0.0,0.0,0.0,0.324982315,0.081245579,0.607942429,1.727328253,0.0,1.727328253,0.0,0.0,0.0,0.880530278,0.0,0.0,2.607858532,0.201714535,0.406227894,0.0,0.880530278,3.215800961
2025-09-27T08:00:00+02:00,16.7,81,0.0,92,3.9,1.0,0.0,1.0,WE_HOME,WE_HOME,True,EMPTY,FULL,False,,False,,2025-09-27T10:55:38.750806+02:00,2025-09-27T17:06:31.345960+02:00,WE_HOME,21.617046299,21.513892276,23.644562493,off,True,True,1.0,1.0,0.070291902,0.130897257,0.0,0.0,0.0,0.0,0.0,0.0,0.0,0.0,0.201189159,0.0,0.0,0.0,0.0,0.0,0.0,0.880530278,0.0,0.0,0.880530278,0.201189159,0.0,0.0,0.880530278,1.081719437
2025-09-27T09:00:00+02:00,17.6,78,0.0,93,3.2,68.0,30.0,38.0,WE_HOME,WE_HOME,True,EMPTY,FULL,False,,False,,2025-09-27T10:55:38.750806+02:00,2025-09-27T17:06:31.345960+02:00,WE_HOME,20.797538583,21.513892276,23.644562493,heat,True,True,1.0,1.0,0.069456149,0.130897257,0.0,0.0,0.0,0.0,0.0,0.0,0.0,0.0,0.200353406,1.727328253,0.0,1.727328253,0.0,0.0,0.0,0.880530278,0.0,0.0,2.607858532,0.200353406,0.0,0.0,0.880530278,2.808211938
2025-09-27T10:00:00+02:00,18.7,77,0.1,97,1.2,172.0,91.0,81.0,WE_HOME,WE_HOME,True,EMPTY,FULL,False,,False,,2025-09-27T10:55:38.750806+02:00,2025-09-27T17:06:31.345960+02:00,WE_HOME,21.264615486,21.513892276,23.644562493,heat,True,True,0.519693019,1.0,0.068366975,0.130897257,0.0,0.0,0.0,0.0,0.0,0.0,0.0,0.0,0.199264232,1.727328253,0.0,1.727328253,0.0,0.0,0.0,0.880530278,0.0,0.0,2.607858532,0.199264232,0.0,0.0,0.880530278,2.807122764
2025-09-27T11:00:00+02:00,20.0,75,0.2,99,1.2,282.0,105.0,177.0,WE_HOME,WE_HOME,True,EMPTY,EMPTY,False,,False,,2025-09-27T10:55:38.750806+02:00,2025-09-27T17:06:31.345960+02:00,WE_HOME,21.837179571,20.513892276,24.644562493,off,False,True,0.0,1.0,0.067098604,0.130897257,0.0,0.0,0.0,0.0,0.0,0.0,0.0,0.0,0.197995861,0.0,0.0,0.0,0.0,0.0,0.0,0.880530278,1.85210043,0.0,2.732630708,0.197995861,0.0,0.0,2.732630708,2.930626569
2025-09-27T12:00:00+02:00,20.6,77,0.2,96,2.4,339.0,159.0,180.0,WE_HOME,WE_HOME,True,EMPTY,EMPTY,False,,False,,2025-09-27T10:55:38.750806+02:00,2025-09-27T17:06:31.345960+02:00,WE_HOME,21.530982976,20.513892276,24.644562493,off,False,True,0.0,1.0,0.065737476,0.130897257,0.0,0.0,0.0,0.0,0.0,0.0,0.0,0.0,0.196634733,0.0,0.0,0.0,0.0,0.0,0.0,0.323778204,4.379864887,0.0,4.703643091,0.196634733,0.0,0.0,4.703643091,4.900277824
2025-09-27T13:00:00+02:00,21.2,77,0.1,100,3.3,319.0,98.0,221.0,WE_HOME,WE_HOME,True,EMPTY,EMPTY,False,,False,,2025-09-27T10:55:38.750806+02:00,2025-09-27T17:06:31.345960+02:00,WE_HOME,21.375819147,20.513892276,24.644562493,off,False,True,0.0,1.0,0.064376347,0.130897257,0.0,0.0,0.0,0.0,0.0,0.0,0.0,0.0,0.195273604,0.0,0.0,0.0,0.0,0.0,0.0,0.0,4.379864887,0.0,4.379864887,0.195273604,0.0,0.0,4.379864887,4.575138491
2025-09-27T14:00:00+02:00,21.4,78,0.3,96,5.7,404.0,125.0,279.0,WE_HOME,WE_HOME,True,EMPTY,EMPTY,False,,False,,2025-09-27T10:55:38.750806+02:00,2025-09-27T17:06:31.345960+02:00,WE_HOME,21.346515956,20.513892276,24.644562493,off,False,True,0.0,1.0,0.063107977,0.130897257,0.0,0.0,0.0,0.0,0.0,0.0,0.0,0.0,0.194005234,0.0,0.0,0.0,0.0,0.0,0.0,0.0,0.972209621,0.0,0.972209621,0.194005234,0.0,0.0,0.972209621,1.166214855
2025-09-27T15:00:00+02:00,21.6,78,0.1,64,8.3,354.0,89.0,265.0,WE_HOME,WE_HOME,True,EMPTY,EMPTY,False,,False,,2025-09-27T10:55:38.750806+02:00,2025-09-27T17:06:31.345960+02:00,WE_HOME,21.355429963,20.513892276,24.644562493,off,False,True,0.0,1.0,0.062018802,0.130897257,0.0,0.0,0.0,0.0,0.0,0.0,0.0,0.0,0.192916059,0.0,0.0,0.0,0.0,0.0,0.0,0.700005655,0.0,0.0,0.700005655,0.192916059,0.0,0.0,0.700005655,0.892921714
2025-09-27T16:00:00+02:00,21.6,78,0.0,67,10.5,365.0,131.0,234.0,WE_HOME,WE_HOME,True,EMPTY,EMPTY,False,,False,,2025-09-27T10:55:38.750806+02:00,2025-09-27T17:06:31.345960+02:00,WE_HOME,21.396191636,20.513892276,24.644562493,off,False,True,0.0,1.0,0.06118305,0.130897257,0.0,0.0,0.0,0.0,0.0,0.0,0.0,0.0,0.192080307,0.0,0.0,0.0,0.0,0.0,0.0,0.880530278,0.0,0.0,0.880530278,0.192080307,0.0,0.0,0.880530278,1.072610585
2025-09-27T17:00:00+02:00,21.9,77,0.0,82,11.6,388.0,244.0,144.0,WE_HOME,WE_HOME,True,EMPTY,FULL,False,,False,,2025-09-27T10:55:38.750806+02:00,2025-09-27T17:06:31.345960+02:00,WE_HOME,21.430159697,21.513892276,23.644562493,off,False,True,0.0,1.0,0.060657674,0.130897257,0.0,0.0,0.0,0.0,0.0,0.0,0.0,0.0,0.191554931,0.0,0.0,0.0,0.0,0.0,0.0,0.880530278,0.0,0.0,0.880530278,0.191554931,0.0,0.0,0.880530278,1.072085209
2025-09-27T18:00:00+02:00,22.0,76,0.0,76,12.2,264.0,160.0,104.0,WE_HOME,WE_HOME,True,EMPTY,FULL,False,,False,,2025-09-27T10:55:38.750806+02:00,2025-09-27T17:06:31.345960+02:00,WE_HOME,21.508466414,21.513892276,23.644562493,off,True,True,0.601261419,1.0,0.060478478,0.130897257,1.513959064,0.0,0.0,0.0,0.0,0.018226516,0.0,0.0,1.723561315,0.0,0.0,0.0,1.437637859,0.0,1.437637859,0.880530278,0.0,0.0,2.318168138,0.191375735,1.532185580,1.437637859,0.880530278,4.041729453
2025-09-27T19:00:00+02:00,21.6,76,0.0,78,9.7,128.0,69.0,59.0,WE_HOME,WE_HOME,True,EMPTY,FULL,False,,False,,2025-09-27T10:55:38.750806+02:00,2025-09-27T17:06:31.345960+02:00,WE_HOME,21.590388678,21.513892276,23.644562493,off,True,True,1.0,1.0,0.060657674,0.130897257,2.934909566,0.0,0.0,0.0,0.0,0.0,0.0,0.0,3.126464497,0.0,0.0,0.0,7.4,0.0,7.4,0.603477419,0.0,0.0,8.003477419,0.191554931,2.934909566,7.4,0.603477419,11.129941916
2025-09-27T20:00:00+02:00,20.6,83,0.0,99,6.3,14.0,6.0,8.0,WE_HOME,WE_HOME,True,EMPTY,FULL,False,,False,,2025-09-27T10:55:38.750806+02:00,2025-09-27T17:06:31.345960+02:00,WE_HOME,21.591990565,21.513892276,23.644562493,off,True,True,1.0,1.0,0.06118305,0.130897257,0.0,0.0,0.0,0.0,0.015839256,0.017410243,0.0,0.0,0.225329806,0.0,0.0,0.0,7.4,0.0,7.4,0.0,0.0,0.0,7.4,0.192080307,0.033249499,7.4,0.0,7.625329806
2025-09-27T21:00:00+02:00,21.5,80,0.0,95,5.8,0.0,0.0,0.0,WE_HOME,WE_HOME,True,EMPTY,FULL,False,,False,,2025-09-27T10:55:38.750806+02:00,2025-09-27T17:06:31.345960+02:00,WE_HOME,21.426658804,21.513892276,23.644562493,off,True,True,1.0,1.0,0.062018802,0.130897257,0.0,0.0,0.0,0.0,0.224168266,0.0,0.324982315,0.081245579,0.823312219,0.0,0.0,0.0,7.4,0.0,7.4,0.0,0.0,0.0,7.4,0.192916059,0.630396160,7.4,0.0,8.223312219
2025-09-27T22:00:00+02:00,21.4,81,0.0,96,3.1,0.0,0.0,0.0,WE_HOME,WE_HOME,True,EMPTY,FULL,False,,False,,2025-09-27T10:55:38.750806+02:00,2025-09-27T17:06:31.345960+02:00,WE_HOME,21.438882337,21.513892276,23.644562493,off,True,True,1.0,1.0,0.063107977,0.130897257,0.0,0.0,0.0,0.0,0.198083672,0.011510231,0.324982315,0.081245579,0.809827031,0.0,0.0,0.0,7.4,0.0,7.4,0.0,0.0,0.0,7.4,0.194005234,0.615821797,7.4,0.0,8.209827031
2025-09-27T23:00:00+02:00,21.3,82,0.0,100,1.4,0.0,0.0,0.0,WE_HOME,WE_HOME,True,EMPTY,FULL,False,,False,,2025-09-27T10:55:38.750806+02:00,2025-09-27T17:06:31.345960+02:00,WE_HOME,21.432401947,21.513892276,23.644562493,off,True,True,1.0,1.0,0.064376347,0.130897257,0.0,0.0,0.0,0.0,0.0,0.012130848,0.324982315,0.081245579,0.613632346,0.0,0.0,0.0,1.803641086,0.0,1.803641086,0.0,0.0,0.0,1.803641086,0.195273604,0.418358742,1.803641086,0.0,2.417273432
2025-09-28T00:00:00+02:00,20.8,85,0.0,100,3.3,0.0,0.0,0.0,WE_HOME,WE_HOME,True,FULL,FULL,False,,False,,,,WE_HOME,21.410334956,21.058053429,23.188723646,off,True,True,1.0,1.0,0.065737476,0.130897257,0.0,0.0,0.0,0.0,0.0,0.0,0.324982315,0.081245579,0.602862627,0.0,0.0,0.0,0.0,0.0,0.0,0.0,0.0,0.0,0.0,0.196634733,0.406227894,0.0,0.0,0.602862627
2025-09-28T01:00:00+02:00,20.5,86,0.0,100,3.3,0.0,0.0,0.0,WE_HOME,WE_HOME,True,FULL,FULL,False,,False,,,,WE_HOME,21.308612463,21.058053429,23.188723646,off,True,True,1.0,1.0,0.067098604,0.130897257,0.0,0.0,0.0,0.0,0.0,0.0,0.324982315,0.081245579,0.604223755,0.0,0.0,0.0,0.0,0.0,0.0,0.0,0.0,0.0,0.0,0.197995861,0.406227894,0.0,0.0,0.604223755
2025-09-28T02:00:00+02:00,20.6,86,0.0,100,3.9,0.0,0.0,0.0,WE_HOME,WE_HOME,True,FULL,FULL,False,,False,,,,WE_HOME,21.17384372,21.058053429,23.188723646,off,True,True,1.0,1.0,0.068366975,0.130897257,0.0,0.0,0.0,0.0,0.0,0.0,0.324982315,0.081245579,0.605492126,0.0,0.0,0.0,0.0,0.0,0.0,0.0,0.0,0.0,0.0,0.199264232,0.406227894,0.0,0.0,0.605492126
2025-09-28T03:00:00+02:00,20.4,85,0.0,100,5.5,0.0,0.0,0.0,WE_HOME,WE_HOME,True,FULL,FULL,False,,False,,,,WE_HOME,21.0782031,21.058053429,23.188723646,off,True,True,1.0,1.0,0.069456149,0.130897257,0.0,0.0,0.0,0.0,0.0,0.0,0.324982315,0.081245579,0.6065813,0.0,0.0,0.0,0.0,0.0,0.0,0.0,0.0,0.0,0.0,0.200353406,0.406227894,0.0,0.0,0.6065813
2025-09-28T04:00:00+02:00,20.3,83,0.0,100,7.1,0.0,0.0,0.0,WE_HOME,WE_HOME,True,FULL,FULL,False,,False,,,,WE_HOME,20.96516925,21.058053429,23.188723646,off,True,True,1.0,1.0,0.070291902,0.130897257,0.0,0.0,0.0,0.0,0.0,0.0,0.324982315,0.081245579,0.607417053,0.0,0.0,0.0,0.0,0.0,0.0,0.0,0.0,0.0,0.0,0.201189159,0.406227894,0.0,0.0,0.607417053
2025-09-28T05:00:00+02:00,20.1,85,0.0,100,7.8,0.0,0.0,0.0,WE_HOME,WE_HOME,True,FULL,FULL,False,,False,,,,WE_HOME,20.854307708,21.058053429,23.188723646,off,True,True,1.0,1.0,0.070817278,0.130897257,0.0,0.0,0.0,0.0,0.0,0.0,0.324982315,0.081245579,0.607942429,0.0,0.0,0.0,0.0,0.0,0.0,0.0,0.0,0.0,0.0,0.201714535,0.406227894,0.0,0.0,0.607942429
2025-09-28T06:00:00+02:00,20.3,84,0.0,99,6.5,0.0,0.0,0.0,WE_HOME,WE_HOME,True,FULL,FULL,False,,False,,,,WE_HOME,20.728589757,21.058053429,23.188723646,off,True,True,1.0,1.0,0.070996474,0.130897257,0.0,0.0,0.0,0.0,0.0,0.0,0.324982315,0.081245579,0.608121625,0.0,0.0,0.0,0.0,0.0,0.0,0.0,0.0,0.0,0.0,0.201893731,0.406227894,0.0,0.0,0.608121625
2025-09-28T07:00:00+02:00,20.2,84,0.0,100,7.3,0.0,0.0,0.0,WE_HOME,WE_HOME,True,FULL,FULL,False,,False,,,,WE_HOME,20.657158131,21.058053429,23.188723646,off,True,True,1.0,1.0,0.070817278,0.130897257,0.715192119,0.0,0.0,0.0,0.0,0.0,0.324982315,0.081245579,1.323134548,0.0,0.0,0.0,0.0,0.0,0.0,0.14791267,0.0,0.0,0.14791267,0.201714535,1.121420013,0.0,0.14791267,1.471047218
2025-09-28T08:00:00+02:00,20.2,85,0.0,100,9.1,0.0,0.0,0.0,WE_HOME,WE_HOME,True,FULL,FULL,False,,False,,,,WE_HOME,20.580965109,21.058053429,23.188723646,off,True,True,1.0,1.0,0.070291902,0.130897257,0.260775154,0.0,0.0,0.0,0.0,0.0,0.324982315,0.081245579,0.868192207,0.0,0.0,0.0,0.0,0.0,0.0,0.880530278,0.0,0.0,0.880530278,0.201189159,0.667003048,0.0,0.880530278,1.748722485
2025-09-28T09:00:00+02:00,20.0,86,0.0,99,10.6,17.0,0.0,17.0,WE_HOME,WE_HOME,True,FULL,FULL,False,,False,,,,WE_HOME,20.517470924,21.058053429,23.188723646,heat,True,True,1.0,1.0,0.069456149,0.130897257,0.0,0.0,0.0,0.0,0.0,0.0,0.0,0.0,0.200353406,1.727328253,0.0,1.727328253,0.0,0.0,0.0,0.880530278,0.0,0.0,2.607858532,0.200353406,0.0,0.0,0.880530278,2.808211938
2025-09-28T10:00:00+02:00,20.4,85,0.0,100,11.7,53.0,0.0,53.0,WE_HOME,WE_HOME,True,FULL,FULL,False,,False,,,,WE_HOME,21.43122577,21.058053429,23.188723646,off,True,True,1.0,1.0,0.068366975,0.130897257,0.0,0.0,0.0,0.0,0.0,0.0,0.0,0.0,0.199264232,0.0,0.0,0.0,0.0,0.0,0.0,0.880530278,0.0,0.0,0.880530278,0.199264232,0.0,0.0,0.880530278,1.079794510
2025-09-28T11:00:00+02:00,21.3,82,0.0,99,13.5,88.0,4.0,84.0,WE_HOME,WE_HOME,True,FULL,FULL,False,,False,,,,WE_HOME,21.259354808,21.058053429,23.188723646,off,True,True,0.659934841,1.0,0.067098604,0.130897257,0.0,0.0,0.0,0.0,0.0,0.0,0.0,0.0,0.197995861,0.0,0.0,0.0,0.0,0.0,0.0,0.880530278,0.0,0.0,0.880530278,0.197995861,0.0,0.0,0.880530278,1.078526139
2025-09-28T12:00:00+02:00,21.6,82,0.0,98,14.4,173.0,27.0,146.0,WE_HOME,WE_HOME,True,FULL,FULL,False,,False,,,,WE_HOME,21.266129007,21.058053429,23.188723646,off,False,True,0.0,1.0,0.065737476,0.130897257,0.0,0.0,0.0,0.0,0.0,0.0,0.0,0.0,0.196634733,0.0,0.0,0.0,0.0,0.0,0.0,0.880530278,0.0,0.0,0.880530278,0.196634733,0.0,0.0,0.880530278,1.077165011
2025-09-28T13:00:00+02:00,22.1,79,0.0,100,14.4,314.0,127.0,187.0,WE_HOME,WE_HOME,True,FULL,FULL,False,,False,,,,WE_HOME,21.321774172,21.058053429,23.188723646,off,False,True,0.0,1.0,0.064376347,0.130897257,0.0,0.0,0.0,0.0,0.073300134,0.0,0.0,0.0,0.268573738,0.0,0.0,0.0,0.0,0.0,0.0,0.327130686,0.0,0.0,0.327130686,0.195273604,0.073300134,0.0,0.327130686,0.595704424
2025-09-28T14:00:00+02:00,22.6,76,0.0,100,15.4,322.0,136.0,186.0,WE_HOME,WE_HOME,True,FULL,FULL,False,,False,,,,WE_HOME,21.451478477,21.058053429,23.188723646,off,False,True,0.0,1.0,0.063107977,0.130897257,0.0,0.0,0.0,0.0,0.224168266,0.0,0.0,0.0,0.4181735,0.0,0.0,0.0,0.0,0.0,0.0,0.0,0.0,0.0,0.0,0.194005234,0.224168266,0.0,0.0,0.4181735
2025-09-28T15:00:00+02:00,22.5,76,0.0,99,17.1,193.0,6.0,187.0,WE_HOME,WE_HOME,True,FULL,FULL,False,,False,,,,WE_HOME,21.642898731,21.058053429,23.188723646,off,False,True,0.0,1.0,0.062018802,0.130897257,0.0,0.0,0.0,0.0,0.147943635,0.0,0.0,0.0,0.340859694,0.0,0.0,0.0,0.0,0.0,0.0,0.725524454,0.0,0.0,0.725524454,0.192916059,0.147943635,0.0,0.725524454,1.066384148
2025-09-28T16:00:00+02:00,22.4,77,0.0,100,18.3,158.0,0.0,158.0,WE_HOME,WE_HOME,True,FULL,FULL,False,,False,,,,WE_HOME,21.785748942,21.058053429,23.188723646,off,False,True,0.0,1.0,0.06118305,0.130897257,0.0,0.0,0.0,0.0,0.0,0.0,0.0,0.0,0.192080307,0.0,0.0,0.0,0.0,0.0,0.0,0.880530278,0.0,0.0,0.880530278,0.192080307,0.0,0.0,0.880530278,1.072610585
2025-09-28T17:00:00+02:00,22.3,77,0.0,99,17.8,224.0,61.0,163.0,WE_HOME,WE_HOME,True,FULL,FULL,False,,False,,,,WE_HOME,21.888124119,21.058053429,23.188723646,off,False,True,0.0,1.0,0.060657674,0.130897257,0.0,0.0,0.0,0.0,0.0,0.0,0.0,0.0,0.191554931,0.0,0.0,0.0,0.0,0.0,0.0,0.55871281,0.0,0.0,0.55871281,0.191554931,0.0,0.0,0.55871281,0.750267741
2025-09-28T18:00:00+02:00,21.9,79,0.0,99,18.2,108.0,1.0,107.0,WE_HOME,WE_HOME,True,FULL,FULL,False,,False,,,,WE_HOME,21.956770099,21.058053429,23.188723646,off,False,True,0.0,1.0,0.060478478,0.130897257,0.0,0.0,0.0,0.0,0.0,0.0,0.0,0.0,0.191375735,0.0,0.0,0.0,0.0,0.0,0.0,0.0,0.0,0.0,0.0,0.191375735,0.0,0.0,0.0,0.191375735
2025-09-28T19:00:00+02:00,21.4,80,0.0,100,16.8,48.0,0.0,48.0,WE_HOME,WE_HOME,True,FULL,FULL,False,,True,guest_005,,,WE_HOME,21.947308416,21.058053429,23.188723646,off,False,True,0.0,1.0,0.060657674,0.130897257,1.280058513,0.0,0.0,0.0,0.02917733,0.0,0.0,0.0,1.500790774,0.0,0.0,0.0,0.0,0.0,0.0,0.0,0.0,0.0,0.0,0.191554931,1.309235843,0.0,0.0,1.500790774
2025-09-28T20:00:00+02:00,21.1,80,0.0,100,16.3,6.0,0.0,6.0,WE_HOME,WE_HOME,True,FULL,FULL,False,,True,guest_005,,,WE_HOME,21.856090346,21.058053429,23.188723646,off,True,True,0.829898507,1.0,0.06118305,0.130897257,0.0,0.0,0.0,0.0,0.191548588,0.0,0.0,0.0,0.383628895,0.0,0.0,0.0,1.513072464,0.0,1.513072464,0.0,0.0,0.0,1.513072464,0.192080307,0.191548588,1.513072464,0.0,1.896701359
2025-09-28T21:00:00+02:00,20.9,81,0.0,100,16.8,0.0,0.0,0.0,WE_HOME,WE_HOME,True,FULL,FULL,False,,True,guest_005,,,WE_HOME,21.730075289,21.058053429,23.188723646,off,True,True,1.0,1.0,0.062018802,0.130897257,0.0,0.838084202,0.0,0.0,0.16161792,0.010008214,0.324982315,0.081245579,1.608854289,0.0,0.0,0.0,7.4,0.0,7.4,0.0,0.0,4.794843716,12.194843716,0.192916059,1.415938230,7.4,0.0,13.803698005
2025-09-28T22:00:00+02:00,20.5,81,0.0,100,17.7,0.0,0.0,0.0,WE_HOME,WE_HOME,True,FULL,FULL,False,,False,,,,WE_HOME,21.591729407,21.058053429,23.188723646,off,True,True,1.0,1.0,0.063107977,0.130897257,0.0,0.202154672,0.0,0.0,0.0,0.007524636,0.324982315,0.081245579,0.809912436,0.0,0.0,0.0,7.4,0.0,7.4,0.0,0.0,5.593778691,12.993778691,0.194005234,0.615907202,7.4,0.0,13.803691127
2025-09-28T23:00:00+02:00,20.1,83,0.0,96,16.4,0.0,0.0,0.0,WE_HOME,WE_HOME,True,FULL,FULL,False,,False,,,,WE_HOME,21.409774506,21.058053429,23.188723646,off,True,True,1.0,1.0,0.064376347,0.130897257,0.0,0.0,0.0,0.0,0.0,0.0,0.324982315,0.081245579,0.601501498,0.0,0.0,0.0,0.221688738,0.0,0.221688738,0.0,0.0,0.0,0.221688738,0.195273604,0.406227894,0.221688738,0.0,0.823190236
2025-09-29T00:00:00+02:00,20.0,82,0.0,86,7.7,0.0,0.0,0.0,WD_HOME,WD_HOME,False,PARTIAL,FULL,False,,False,,2025-09-29T08:58:19.241703+02:00,2025-09-29T16:55:29.896851+02:00,WD_HOME,21.191478755,21.861812967,23.992483184,heat,True,True,1.0,1.0,0.065737476,0.130897257,0.0,0.0,0.0,0.0,0.0,0.0,0.324982315,0.081245579,0.602862627,1.727328253,0.0,1.727328253,0.0,0.0,0.0,0.0,0.0,0.0,1.727328253,0.196634733,0.406227894,0.0,0.0,2.330190880
2025-09-29T01:00:00+02:00,19.6,82,0.0,82,9.1,0.0,0.0,0.0,WD_HOME,WD_HOME,False,PARTIAL,FULL,False,,False,,2025-09-29T08:58:19.241703+02:00,2025-09-29T16:55:29.896851+02:00,WD_HOME,21.992898963,21.861812967,23.992483184,off,True,True,1.0,1.0,0.067098604,0.130897257,0.0,0.0,0.0,0.0,0.0,0.0,0.324982315,0.081245579,0.604223755,0.0,0.0,0.0,0.0,0.0,0.0,0.0,0.0,0.0,0.0,0.197995861,0.406227894,0.0,0.0,0.604223755
2025-09-29T02:00:00+02:00,19.5,82,0.0,85,11.2,0.0,0.0,0.0,WD_HOME,WD_HOME,False,PARTIAL,FULL,False,,False,,2025-09-29T08:58:19.241703+02:00,2025-09-29T16:55:29.896851+02:00,WD_HOME,21.594082469,21.861812967,23.992483184,off,True,True,1.0,1.0,0.068366975,0.130897257,0.0,0.0,0.0,0.0,0.0,0.0,0.324982315,0.081245579,0.605492126,0.0,0.0,0.0,0.0,0.0,0.0,0.0,0.0,0.0,0.0,0.199264232,0.406227894,0.0,0.0,0.605492126
2025-09-29T03:00:00+02:00,19.0,82,0.0,80,11.4,0.0,0.0,0.0,WD_HOME,WD_HOME,False,PARTIAL,FULL,False,,False,,2025-09-29T08:58:19.241703+02:00,2025-09-29T16:55:29.896851+02:00,WD_HOME,21.245068724,21.861812967,23.992483184,heat,True,True,1.0,1.0,0.069456149,0.130897257,0.0,0.0,0.0,0.0,0.0,0.0,0.324982315,0.081245579,0.6065813,1.727328253,0.0,1.727328253,0.0,0.0,0.0,0.0,0.0,0.0,1.727328253,0.200353406,0.406227894,0.0,0.0,2.333909553
2025-09-29T04:00:00+02:00,18.7,82,0.0,48,11.9,0.0,0.0,0.0,WD_HOME,WD_HOME,False,PARTIAL,FULL,False,,False,,2025-09-29T08:58:19.241703+02:00,2025-09-29T16:55:29.896851+02:00,WD_HOME,21.870890603,21.861812967,23.992483184,off,True,True,1.0,1.0,0.070291902,0.130897257,0.0,0.0,0.0,0.0,0.0,0.0,0.324982315,0.081245579,0.607417053,0.0,0.0,0.0,0.0,0.0,0.0,0.0,0.0,0.0,0.0,0.201189159,0.406227894,0.0,0.0,0.607417053
2025-09-29T05:00:00+02:00,18.0,83,0.0,33,12.1,0.0,0.0,0.0,WD_HOME,WD_HOME,False,PARTIAL,FULL,False,,False,,2025-09-29T08:58:19.241703+02:00,2025-09-29T16:55:29.896851+02:00,WD_HOME,21.342408836,21.861812967,23.992483184,heat,True,True,1.0,1.0,0.070817278,0.130897257,0.0,0.0,0.0,0.0,0.0,0.0,0.324982315,0.081245579,0.607942429,1.727328253,0.0,1.727328253,0.0,0.0,0.0,0.0,0.0,0.0,1.727328253,0.201714535,0.406227894,0.0,0.0,2.335270682
2025-09-29T06:00:00+02:00,17.9,84,0.0,78,12.3,0.0,0.0,0.0,WD_HOME,WD_HOME,False,PARTIAL,FULL,False,,False,,2025-09-29T08:58:19.241703+02:00,2025-09-29T16:55:29.896851+02:00,WD_HOME,21.785340697,21.861812967,23.992483184,heat,True,True,1.0,1.0,0.070996474,0.130897257,0.0,0.0,0.0,0.0,0.0,0.0,0.324982315,0.081245579,0.608121625,1.727328253,0.0,1.727328253,0.0,0.0,0.0,0.0,0.0,0.0,1.727328253,0.201893731,0.406227894,0.0,0.0,2.335449878
2025-09-29T07:00:00+02:00,17.8,86,0.0,87,11.8,0.0,0.0,0.0,WD_HOME,WD_HOME,False,PARTIAL,FULL,False,,False,,2025-09-29T08:58:19.241703+02:00,2025-09-29T16:55:29.896851+02:00,WD_HOME,22.137783914,21.861812967,23.992483184,off,True,True,1.0,1.0,0.070817278,0.130897257,0.0,0.0,0.0,0.0,0.0,0.0,0.324982315,0.081245579,0.607942429,0.0,0.0,0.0,0.0,0.0,0.0,0.585830984,0.0,0.0,0.585830984,0.201714535,0.406227894,0.0,0.585830984,1.193773413
2025-09-29T08:00:00+02:00,17.6,87,0.0,96,12.0,1.0,0.0,1.0,WD_HOME,WD_HOME,False,PARTIAL,FULL,False,,False,,2025-09-29T08:58:19.241703+02:00,2025-09-29T16:55:29.896851+02:00,WD_HOME,21.414819928,21.861812967,23.992483184,off,True,True,1.0,0.506986783,0.070291902,0.130897257,0.0,0.0,0.0,0.0,0.0,0.0,0.0,0.0,0.201189159,0.0,0.0,0.0,0.0,0.0,0.0,0.880530278,0.0,0.0,0.880530278,0.201189159,0.0,0.0,0.880530278,1.081719437
2025-09-29T09:00:00+02:00,18.0,85,0.0,95,12.1,63.0,24.0,39.0,WD_HOME,WD_HOME,False,PARTIAL,PARTIAL,False,,False,,2025-09-29T08:58:19.241703+02:00,2025-09-29T16:55:29.896851+02:00,WD_HOME,20.779016607,21.861812967,23.992483184,heat,True,False,1.0,0.0,0.069456149,0.130897257,0.0,0.0,0.0,0.0,0.0,0.0,0.0,0.0,0.200353406,1.727328253,0.0,1.727328253,0.0,0.0,0.0,0.880530278,0.0,0.0,2.607858532,0.200353406,0.0,0.0,0.880530278,2.808211938
2025-09-29T10:00:00+02:00,19.5,80,0.0,90,11.9,190.0,97.0,93.0,WD_HOME,WD_HOME,False,PARTIAL,PARTIAL,False,,False,,2025-09-29T08:58:19.241703+02:00,2025-09-29T16:55:29.896851+02:00,WD_HOME,21.315847172,21.861812967,23.992483184,heat,True,False,1.0,0.0,0.068366975,0.130897257,0.0,0.0,0.0,0.0,0.0,0.0,0.0,0.0,0.199264232,1.727328253,0.0,1.727328253,0.0,0.0,0.0,0.880530278,0.0,0.0,2.607858532,0.199264232,0.0,0.0,0.880530278,2.807122764
2025-09-29T11:00:00+02:00,21.1,70,0.0,92,12.5,371.0,245.0,126.0,WD_HOME,WD_HOME,False,PARTIAL,PARTIAL,False,,False,,2025-09-29T08:58:19.241703+02:00,2025-09-29T16:55:29.896851+02:00,WD_HOME,22.013205977,21.861812967,23.992483184,off,True,False,1.0,0.0,0.067098604,0.130897257,0.0,0.0,0.0,0.0,0.0,0.0,0.0,0.0,0.197995861,0.0,0.0,0.0,0.0,0.0,0.0,0.880530278,0.0,0.0,0.880530278,0.197995861,0.0,0.0,0.880530278,1.078526139
2025-09-29T12:00:00+02:00,22.0,66,0.0,96,14.8,460.0,311.0,149.0,WD_HOME,WD_HOME,False,PARTIAL,PARTIAL,False,,False,,2025-09-29T08:58:19.241703+02:00,2025-09-29T16:55:29.896851+02:00,WD_HOME,21.861004981,21.861812967,23.992483184,off,True,False,1.0,0.0,0.065737476,0.130897257,0.0,0.0,0.0,0.0,0.0,0.0,0.0,0.0,0.196634733,0.0,0.0,0.0,0.0,0.0,0.0,0.485668345,0.0,0.0,0.485668345,0.196634733,0.0,0.0,0.485668345,0.682303078
2025-09-29T13:00:00+02:00,22.5,65,0.0,98,15.3,571.0,412.0,159.0,WD_HOME,WD_HOME,False,PARTIAL,PARTIAL,False,,False,,2025-09-29T08:58:19.241703+02:00,2025-09-29T16:55:29.896851+02:00,WD_HOME,21.884170817,21.861812967,23.992483184,off,True,False,1.0,0.0,0.064376347,0.130897257,0.0,0.0,0.0,0.0,0.0,0.0,0.0,0.0,0.195273604,0.0,0.0,0.0,0.0,0.0,0.0,0.0,0.0,0.0,0.0,0.195273604,0.0,0.0,0.0,0.195273604
2025-09-29T14:00:00+02:00,23.1,64,0.0,97,13.1,691.0,555.0,136.0,WD_HOME,WD_HOME,False,PARTIAL,PARTIAL,False,,False,,2025-09-29T08:58:19.241703+02:00,2025-09-29T16:55:29.896851+02:00,WD_HOME,21.986809014,21.861812967,23.992483184,off,True,False,1.0,0.0,0.063107977,0.130897257,0.0,0.0,0.0,0.0,0.0,0.0,0.0,0.0,0.194005234,0.0,0.0,0.0,0.0,0.0,0.0,0.0,0.0,0.0,0.0,0.194005234,0.0,0.0,0.0,0.194005234
2025-09-29T15:00:00+02:00,23.3,64,0.0,90,11.7,655.0,501.0,154.0,WD_HOME,WD_HOME,False,PARTIAL,PARTIAL,False,,False,,2025-09-29T08:58:19.241703+02:00,2025-09-29T16:55:29.896851+02:00,WD_HOME,22.172340845,21.861812967,23.992483184,off,True,False,1.0,0.0,0.062018802,0.130897257,0.0,0.0,0.0,0.0,0.0,0.0,0.0,0.0,0.192916059,0.0,0.0,0.0,0.0,0.0,0.0,0.0,0.0,0.0,0.0,0.192916059,0.0,0.0,0.0,0.192916059
2025-09-29T16:00:00+02:00,23.4,64,0.0,96,11.6,547.0,386.0,161.0,WD_HOME,WD_HOME,False,PARTIAL,PARTIAL,False,,False,,2025-09-29T08:58:19.241703+02:00,2025-09-29T16:55:29.896851+02:00,WD_HOME,22.360284038,21.861812967,23.992483184,off,True,True,1.0,0.922650506,0.06118305,0.130897257,0.0,0.0,0.0,0.0,0.0,0.0,0.0,0.0,0.192080307,0.0,0.0,0.0,0.0,5.699989638,5.699989638,0.051865199,0.0,0.0,5.751854837,0.192080307,0.0,5.699989638,0.051865199,5.943935144
2025-09-29T17:00:00+02:00,23.2,65,0.0,94,11.0,458.0,326.0,132.0,WD_HOME,WD_HOME,False,PARTIAL,FULL,False,,False,,2025-09-29T08:58:19.241703+02:00,2025-09-29T16:55:29.896851+02:00,WD_HOME,22.533570032,21.861812967,23.992483184,off,True,True,1.0,1.0,0.060657674,0.130897257,0.0,0.0,0.0,0.0,0.0,0.0,0.0,0.0,0.191554931,0.0,0.0,0.0,0.0,3.948793305,3.948793305,0.880530278,0.0,0.0,4.829323584,0.191554931,0.0,3.948793305,0.880530278,5.020878515
2025-09-29T18:00:00+02:00,22.5,68,0.0,87,9.3,286.0,183.0,103.0,WD_HOME,WD_HOME,False,PARTIAL,FULL,False,,False,,2025-09-29T08:58:19.241703+02:00,2025-09-29T16:55:29.896851+02:00,WD_HOME,22.644641693,21.861812967,23.992483184,off,True,True,1.0,1.0,0.060478478,0.130897257,0.0,0.0,0.0,0.0,0.0,0.0,0.0,0.0,0.191375735,0.0,0.0,0.0,0.0,0.0,0.0,0.880530278,0.0,0.0,0.880530278,0.191375735,0.0,0.0,0.880530278,1.071906013
2025-09-29T19:00:00+02:00,21.6,72,0.0,49,7.2,118.0,61.0,57.0,WD_HOME,WD_HOME,False,PARTIAL,FULL,False,,False,,2025-09-29T08:58:19.241703+02:00,2025-09-29T16:55:29.896851+02:00,WD_HOME,22.620534744,21.861812967,23.992483184,off,True,True,1.0,1.0,0.060657674,0.130897257,0.0,0.0,0.0,0.0,0.0,0.011726363,0.0,0.0,0.203281294,0.0,0.0,0.0,0.0,0.0,0.0,0.880530278,0.0,0.0,0.880530278,0.191554931,0.011726363,0.0,0.880530278,1.083811572
2025-09-29T20:00:00+02:00,20.3,79,0.0,30,6.2,11.0,3.0,8.0,WD_HOME,WD_HOME,False,PARTIAL,FULL,False,,False,,2025-09-29T08:58:19.241703+02:00,2025-09-29T16:55:29.896851+02:00,WD_HOME,22.45044562,21.861812967,23.992483184,off,True,True,1.0,1.0,0.06118305,0.130897257,0.205694382,0.015163768,0.0,0.0,0.0,0.0,0.0,0.0,0.412938457,0.0,0.0,0.0,0.0,0.0,0.0,0.671101168,0.0,0.0,0.671101168,0.192080307,0.220858150,0.0,0.671101168,1.084039625
2025-09-29T21:00:00+02:00,20.0,80,0.0,35,5.3,0.0,0.0,0.0,WD_HOME,WD_HOME,False,PARTIAL,FULL,False,,False,,2025-09-29T08:58:19.241703+02:00,2025-09-29T16:55:29.896851+02:00,WD_HOME,22.092038017,21.861812967,23.992483184,off,True,True,1.0,1.0,0.062018802,0.130897257,0.847833264,0.6771792,0.0,0.0,0.0,0.0,0.324982315,0.081245579,2.124156417,0.0,0.0,0.0,0.0,0.0,0.0,0.0,0.0,0.0,0.0,0.192916059,1.931240358,0.0,0.0,2.124156417
2025-09-29T22:00:00+02:00,20.2,80,0.0,31,3.7,0.0,0.0,0.0,WD_HOME,WD_HOME,False,PARTIAL,FULL,False,,False,,2025-09-29T08:58:19.241703+02:00,2025-09-29T16:55:29.896851+02:00,WD_HOME,21.743365014,21.861812967,23.992483184,off,True,True,1.0,1.0,0.063107977,0.130897257,0.0,0.32218855,0.0,0.0,0.0,0.017652102,0.324982315,0.081245579,0.94007378,0.0,0.0,0.0,0.0,0.0,0.0,0.0,0.0,0.0,0.0,0.194005234,0.746068546,0.0,0.0,0.94007378
2025-09-29T23:00:00+02:00,19.7,81,0.0,35,3.9,0.0,0.0,0.0,WD_HOME,WD_HOME,False,PARTIAL,FULL,False,,False,,2025-09-29T08:58:19.241703+02:00,2025-09-29T16:55:29.896851+02:00,WD_HOME,21.486137512,21.861812967,23.992483184,off,True,True,1.0,1.0,0.064376347,0.130897257,0.0,0.0,0.0,0.0,0.0,0.0,0.324982315,0.081245579,0.601501498,0.0,0.0,0.0,0.0,0.0,0.0,0.0,0.0,0.0,0.0,0.195273604,0.406227894,0.0,0.0,0.601501498
2025-09-30T00:00:00+02:00,19.1,84,0.0,16,2.0,0.0,0.0,0.0,WD_HOME,WD_HOME,False,EMPTY,FULL,False,,False,,2025-09-30T08:31:21.758949+02:00,2025-09-30T17:24:09.679673+02:00,AWAY_DAY,21.188447926,21.540538558,23.671208775,off,True,True,1.0,1.0,0.065737476,0.130897257,0.0,0.0,0.0,0.0,0.0,0.0,0.324982315,0.081245579,0.602862627,0.0,0.0,0.0,0.0,0.0,0.0,0.0,0.0,0.0,0.0,0.196634733,0.406227894,0.0,0.0,0.602862627
2025-09-30T01:00:00+02:00,18.7,85,0.0,23,5.3,0.0,0.0,0.0,WD_HOME,WD_HOME,False,EMPTY,FULL,False,,False,,2025-09-30T08:31:21.758949+02:00,2025-09-30T17:24:09.679673+02:00,AWAY_DAY,20.840373272,21.540538558,23.671208775,heat,True,True,1.0,1.0,0.067098604,0.130897257,0.0,0.0,0.0,0.0,0.0,0.0,0.324982315,0.081245579,0.604223755,1.727328253,0.0,1.727328253,0.0,0.0,0.0,0.0,0.0,0.0,1.727328253,0.197995861,0.406227894,0.0,0.0,2.331552008
2025-09-30T02:00:00+02:00,18.5,86,0.0,37,5.9,0.0,0.0,0.0,WD_HOME,WD_HOME,False,EMPTY,FULL,False,,False,,2025-09-30T08:31:21.758949+02:00,2025-09-30T17:24:09.679673+02:00,AWAY_DAY,21.483644393,21.540538558,23.671208775,heat,True,True,1.0,1.0,0.068366975,0.130897257,0.0,0.0,0.0,0.0,0.0,0.0,0.324982315,0.081245579,0.605492126,1.727328253,0.0,1.727328253,0.0,0.0,0.0,0.0,0.0,0.0,1.727328253,0.199264232,0.406227894,0.0,0.0,2.332820379
2025-09-30T03:00:00+02:00,17.9,88,0.0,36,6.8,0.0,0.0,0.0,WD_HOME,WD_HOME,False,EMPTY,FULL,False,,False,,2025-09-30T08:31:21.758949+02:00,2025-09-30T17:24:09.679673+02:00,AWAY_DAY,21.986370328,21.540538558,23.671208775,off,True,True,1.0,1.0,0.069456149,0.130897257,0.0,0.0,0.0,0.0,0.0,0.0,0.324982315,0.081245579,0.6065813,0.0,0.0,0.0,0.0,0.0,0.0,0.0,0.0,0.0,0.0,0.200353406,0.406227894,0.0,0.0,0.6065813
2025-09-30T04:00:00+02:00,17.9,88,0.0,35,6.2,0.0,0.0,0.0,WD_HOME,WD_HOME,False,EMPTY,FULL,False,,False,,2025-09-30T08:31:21.758949+02:00,2025-09-30T17:24:09.679673+02:00,AWAY_DAY,21.305308606,21.540538558,23.671208775,off,True,True,1.0,1.0,0.070291902,0.130897257,0.0,0.0,0.0,0.0,0.0,0.0,0.324982315,0.081245579,0.607417053,0.0,0.0,0.0,0.0,0.0,0.0,0.0,0.0,0.0,0.0,0.201189159,0.406227894,0.0,0.0,0.607417053
2025-09-30T05:00:00+02:00,17.5,88,0.0,31,6.0,0.0,0.0,0.0,WD_HOME,WD_HOME,False,EMPTY,FULL,False,,False,,2025-09-30T08:31:21.758949+02:00,2025-09-30T17:24:09.679673+02:00,AWAY_DAY,20.737757172,21.540538558,23.671208775,heat,True,True,1.0,1.0,0.070817278,0.130897257,0.0,0.0,0.0,0.0,0.0,0.0,0.324982315,0.081245579,0.607942429,1.727328253,0.0,1.727328253,0.0,0.0,0.0,0.0,0.0,0.0,1.727328253,0.201714535,0.406227894,0.0,0.0,2.335270682
2025-09-30T06:00:00+02:00,17.2,87,0.0,25,5.0,0.0,0.0,0.0,WD_HOME,WD_HOME,False,EMPTY,FULL,False,,False,,2025-09-30T08:31:21.758949+02:00,2025-09-30T17:24:09.679673+02:00,AWAY_DAY,21.198130977,21.540538558,23.671208775,heat,True,True,1.0,1.0,0.070996474,0.130897257,0.0,0.0,0.0,0.0,0.0,0.0,0.324982315,0.081245579,0.608121625,1.727328253,0.0,1.727328253,0.0,0.0,0.0,0.0,0.0,0.0,1.727328253,0.201893731,0.406227894,0.0,0.0,2.335449878
2025-09-30T07:00:00+02:00,16.9,87,0.0,20,4.7,0.0,0.0,0.0,WD_HOME,WD_HOME,False,EMPTY,FULL,False,,False,,2025-09-30T08:31:21.758949+02:00,2025-09-30T17:24:09.679673+02:00,AWAY_DAY,21.531775814,21.540538558,23.671208775,heat,True,True,1.0,1.0,0.070817278,0.130897257,0.0,0.0,0.0,0.0,0.0,0.0,0.324982315,0.081245579,0.607942429,1.727328253,0.0,1.727328253,0.0,0.0,0.0,0.0,0.0,0.0,1.727328253,0.201714535,0.406227894,0.0,0.0,2.335270682
2025-09-30T08:00:00+02:00,17.1,87,0.0,36,4.6,1.0,0.0,1.0,WD_HOME,WD_HOME,False,EMPTY,FULL,False,,False,,2025-09-30T08:31:21.758949+02:00,2025-09-30T17:24:09.679673+02:00,AWAY_DAY,21.759813178,21.540538558,23.671208775,off,True,True,1.0,1.0,0.070291902,0.130897257,0.0,0.0,0.0,0.0,0.0,0.0,0.0,0.0,0.201189159,0.0,0.0,0.0,0.0,0.0,0.0,0.430474539,0.0,0.0,0.430474539,0.201189159,0.0,0.0,0.430474539,0.631663698
2025-09-30T09:00:00+02:00,18.7,86,0.0,31,4.9,75.0,43.0,32.0,WD_HOME,WD_HOME,False,EMPTY,EMPTY,False,,False,,2025-09-30T08:31:21.758949+02:00,2025-09-30T17:24:09.679673+02:00,AWAY_DAY,20.983177649,20.540538558,24.671208775,off,True,True,1.0,1.0,0.069456149,0.130897257,0.0,0.0,0.0,0.0,0.0,0.0,0.0,0.0,0.200353406,0.0,0.0,0.0,0.0,0.0,0.0,0.880530278,0.0,0.0,0.880530278,0.200353406,0.0,0.0,0.880530278,1.080883684
2025-09-30T10:00:00+02:00,20.5,79,0.0,22,3.3,219.0,147.0,72.0,WD_HOME,WD_HOME,False,EMPTY,EMPTY,False,,False,,2025-09-30T08:31:21.758949+02:00,2025-09-30T17:24:09.679673+02:00,AWAY_DAY,20.60264804,20.540538558,24.671208775,off,True,True,1.0,1.0,0.068366975,0.130897257,0.0,0.0,0.0,0.0,0.0,0.0,0.0,0.0,0.199264232,0.0,0.0,0.0,0.0,0.0,0.0,0.880530278,0.0,0.0,0.880530278,0.199264232,0.0,0.0,0.880530278,1.079794510
2025-09-30T11:00:00+02:00,21.9,72,0.0,29,0.6,343.0,248.0,95.0,WD_HOME,WD_HOME,False,EMPTY,EMPTY,False,,False,,2025-09-30T08:31:21.758949+02:00,2025-09-30T17:24:09.679673+02:00,AWAY_DAY,20.585540034,20.540538558,24.671208775,off,True,True,1.0,1.0,0.067098604,0.130897257,0.0,0.0,0.0,0.0,0.0,0.0,0.0,0.0,0.197995861,0.0,0.0,0.0,0.0,0.0,0.0,0.880530278,0.0,0.0,0.880530278,0.197995861,0.0,0.0,0.880530278,1.078526139
2025-09-30T12:00:00+02:00,22.8,68,0.0,38,4.2,489.0,369.0,120.0,WD_HOME,WD_HOME,False,EMPTY,EMPTY,False,,False,,2025-09-30T08:31:21.758949+02:00,2025-09-30T17:24:09.679673+02:00,AWAY_DAY,20.804616695,20.540538558,24.671208775,off,True,True,1.0,1.0,0.065737476,0.130897257,0.0,0.0,0.0,0.0,0.0,0.0,0.0,0.0,0.196634733,0.0,0.0,0.0,0.0,0.0,0.0,0.151734145,0.0,0.0,0.151734145,0.196634733,0.0,0.0,0.151734145,0.348368878
2025-09-30T13:00:00+02:00,23.4,67,0.0,22,5.2,578.0,456.0,122.0,WD_HOME,WD_HOME,False,EMPTY,EMPTY,False,,False,,2025-09-30T08:31:21.758949+02:00,2025-09-30T17:24:09.679673+02:00,AWAY_DAY,21.137180579,20.540538558,24.671208775,off,True,True,1.0,1.0,0.064376347,0.130897257,0.0,0.0,0.0,0.0,0.0,0.0,0.0,0.0,0.195273604,0.0,0.0,0.0,0.0,0.0,0.0,0.0,0.0,0.0,0.0,0.195273604,0.0,0.0,0.0,0.195273604
2025-09-30T14:00:00+02:00,23.7,67,0.0,12,6.2,590.0,431.0,159.0,WD_HOME,WD_HOME,False,EMPTY,EMPTY,False,,False,,2025-09-30T08:31:21.758949+02:00,2025-09-30T17:24:09.679673+02:00,AWAY_DAY,21.514317149,20.540538558,24.671208775,off,True,True,1.0,1.0,0.063107977,0.130897257,0.0,0.0,0.0,0.0,0.0,0.0,0.0,0.0,0.194005234,0.0,0.0,0.0,0.0,0.0,0.0,0.0,0.0,0.0,0.0,0.194005234,0.0,0.0,0.0,0.194005234
2025-09-30T15:00:00+02:00,23.6,68,0.1,73,9.2,479.0,330.0,149.0,WD_HOME,WD_HOME,False,EMPTY,EMPTY,False,,False,,2025-09-30T08:31:21.758949+02:00,2025-09-30T17:24:09.679673+02:00,AWAY_DAY,21.878597624,20.540538558,24.671208775,off,True,True,1.0,1.0,0.062018802,0.130897257,0.0,0.0,0.0,0.0,0.0,0.0,0.0,0.0,0.192916059,0.0,0.0,0.0,0.0,0.0,0.0,0.0,0.0,0.0,0.0,0.192916059,0.0,0.0,0.0,0.192916059
2025-09-30T16:00:00+02:00,23.6,68,0.0,79,11.4,416.0,296.0,120.0,WD_HOME,WD_HOME,False,EMPTY,EMPTY,False,,False,,2025-09-30T08:31:21.758949+02:00,2025-09-30T17:24:09.679673+02:00,AWAY_DAY,22.16549802,20.540538558,24.671208775,off,True,True,1.0,1.0,0.06118305,0.130897257,0.0,0.0,0.0,0.0,0.0,0.0,0.0,0.0,0.192080307,0.0,0.0,0.0,0.0,0.0,0.0,0.834102522,0.0,0.0,0.834102522,0.192080307,0.0,0.0,0.834102522,1.026182829
2025-09-30T17:00:00+02:00,22.7,72,0.3,92,10.8,344.0,239.0,105.0,WD_HOME,WD_HOME,False,EMPTY,FULL,False,,False,,2025-09-30T08:31:21.758949+02:00,2025-09-30T17:24:09.679673+02:00,AWAY_DAY,22.404581684,21.540538558,23.671208775,off,True,True,1.0,1.0,0.060657674,0.130897257,0.0,0.0,0.0,0.0,0.0,0.0,0.0,0.0,0.191554931,0.0,0.0,0.0,0.0,0.0,0.0,0.880530278,0.0,0.0,0.880530278,0.191554931,0.0,0.0,0.880530278,1.072085209
2025-09-30T18:00:00+02:00,22.1,74,0.0,78,9.5,236.0,141.0,95.0,WD_HOME,WD_HOME,False,EMPTY,FULL,False,,False,,2025-09-30T08:31:21.758949+02:00,2025-09-30T17:24:09.679673+02:00,AWAY_DAY,22.45381807,21.540538558,23.671208775,off,True,True,1.0,1.0,0.060478478,0.130897257,0.0,0.0,0.0,0.0,0.0,0.0,0.0,0.0,0.191375735,0.0,0.0,0.0,0.0,0.0,0.0,0.109861814,0.0,0.0,0.109861814,0.191375735,0.0,0.0,0.109861814,0.301237549
2025-09-30T19:00:00+02:00,21.3,76,0.0,50,7.5,112.0,69.0,43.0,WD_HOME,WD_HOME,False,EMPTY,FULL,False,,False,,2025-09-30T08:31:21.758949+02:00,2025-09-30T17:24:09.679673+02:00,AWAY_DAY,22.394848391,21.540538558,23.671208775,off,True,True,1.0,0.779314029,0.060657674,0.130897257,0.0,0.0,0.0,0.0,0.0,0.0,0.0,0.0,0.191554931,0.0,0.0,0.0,0.0,0.0,0.0,0.0,0.0,0.0,0.0,0.191554931,0.0,0.0,0.0,0.191554931
2025-09-30T20:00:00+02:00,20.7,78,0.0,52,3.5,10.0,3.0,7.0,AWAY,WD_HOME,False,EMPTY,EMPTY,True,away_004,False,,2025-09-30T08:31:21.758949+02:00,2025-09-30T17:24:09.679673+02:00,AWAY_DAY,22.212373659,18.540538558,26.671208775,off,True,False,1.0,0.0,0.06118305,0.130897257,0.0,0.0,0.0,0.0,0.0,0.0,0.0,0.0,0.192080307,0.0,0.0,0.0,0.0,0.0,0.0,0.0,0.0,0.0,0.0,0.192080307,0.0,0.0,0.0,0.192080307
2025-09-30T21:00:00+02:00,20.7,77,0.0,49,2.1,0.0,0.0,0.0,AWAY,WD_HOME,False,EMPTY,EMPTY,True,away_004,False,,2025-09-30T08:31:21.758949+02:00,2025-09-30T17:24:09.679673+02:00,AWAY_DAY,21.960311383,18.540538558,26.671208775,off,True,False,1.0,0.0,0.062018802,0.130897257,0.0,0.0,0.0,0.0,0.0,0.0,0.0,0.081245579,0.274161638,0.0,0.0,0.0,0.0,0.0,0.0,0.0,0.0,0.0,0.0,0.192916059,0.081245579,0.0,0.0,0.274161638
2025-09-30T22:00:00+02:00,20.6,78,0.0,47,2.1,0.0,0.0,0.0,AWAY,WD_HOME,False,EMPTY,EMPTY,True,away_004,False,,2025-09-30T08:31:21.758949+02:00,2025-09-30T17:24:09.679673+02:00,AWAY_DAY,21.750259486,18.540538558,26.671208775,off,True,False,1.0,0.0,0.063107977,0.130897257,0.0,0.0,0.0,0.0,0.0,0.0,0.0,0.081245579,0.275250813,0.0,0.0,0.0,0.0,0.0,0.0,0.0,0.0,0.0,0.0,0.194005234,0.081245579,0.0,0.0,0.275250813
2025-09-30T23:00:00+02:00,20.2,79,0.0,41,3.7,0.0,0.0,0.0,AWAY,WD_HOME,False,EMPTY,EMPTY,True,away_004,False,,2025-09-30T08:31:21.758949+02:00,2025-09-30T17:24:09.679673+02:00,AWAY_DAY,21.558549571,18.540538558,26.671208775,off,True,False,1.0,0.0,0.064376347,0.130897257,0.0,0.0,0.0,0.0,0.0,0.0,0.0,0.081245579,0.276519183,0.0,0.0,0.0,0.0,0.0,0.0,0.0,0.0,0.0,0.0,0.195273604,0.081245579,0.0,0.0,0.276519183
