timestamp,day_type,base_day_type,is_weekend,daytime_occupancy_state,occupancy_state,away,away_event_id,guest_event,guest_event_id,household_departure,household_return,refrigerator_kwh,smart_home_base_kwh,cooking_kwh,dishwasher_kwh,washer_kwh,dryer_kwh,electronics_kwh,phone_tablet_kwh,interior_lighting_kwh,exterior_security_lighting_kwh,stage3a_total_kwh
2025-08-01T00:00:00+02:00,WD_HOME,WD_HOME,False,EMPTY,FULL,False,,False,,2025-08-01T08:34:23.829963+02:00,2025-08-01T17:00:38.630003+02:00,0.065737476,0.130897257,0.0,0.0,0.0,0.0,0.0,0.0,0.324982315,0.081245579,0.602862627
2025-08-01T01:00:00+02:00,WD_HOME,WD_HOME,False,EMPTY,FULL,False,,False,,2025-08-01T08:34:23.829963+02:00,2025-08-01T17:00:38.630003+02:00,0.067098604,0.130897257,0.0,0.0,0.0,0.0,0.0,0.0,0.324982315,0.081245579,0.604223755
2025-08-01T02:00:00+02:00,WD_HOME,WD_HOME,False,EMPTY,FULL,False,,False,,2025-08-01T08:34:23.829963+02:00,2025-08-01T17:00:38.630003+02:00,0.068366975,0.130897257,0.0,0.0,0.0,0.0,0.0,0.0,0.324982315,0.081245579,0.605492126
2025-08-01T03:00:00+02:00,WD_HOME,WD_HOME,False,EMPTY,FULL,False,,False,,2025-08-01T08:34:23.829963+02:00,2025-08-01T17:00:38.630003+02:00,0.069456149,0.130897257,0.0,0.0,0.0,0.0,0.0,0.0,0.324982315,0.081245579,0.6065813
2025-08-01T04:00:00+02:00,WD_HOME,WD_HOME,False,EMPTY,FULL,False,,False,,2025-08-01T08:34:23.829963+02:00,2025-08-01T17:00:38.630003+02:00,0.070291902,0.130897257,0.0,0.0,0.0,0.0,0.0,0.0,0.324982315,0.081245579,0.607417053
2025-08-01T05:00:00+02:00,WD_HOME,WD_HOME,False,EMPTY,FULL,False,,False,,2025-08-01T08:34:23.829963+02:00,2025-08-01T17:00:38.630003+02:00,0.070817278,0.130897257,0.0,0.0,0.0,0.0,0.0,0.0,0.324982315,0.081245579,0.607942429
2025-08-01T06:00:00+02:00,WD_HOME,WD_HOME,False,EMPTY,FULL,False,,False,,2025-08-01T08:34:23.829963+02:00,2025-08-01T17:00:38.630003+02:00,0.070996474,0.130897257,0.0,0.0,0.0,0.0,0.0,0.0,0.324982315,0.081245579,0.608121625
2025-08-01T07:00:00+02:00,WD_HOME,WD_HOME,False,EMPTY,FULL,False,,False,,2025-08-01T08:34:23.829963+02:00,2025-08-01T17:00:38.630003+02:00,0.070817278,0.130897257,0.0,0.0,0.0,0.0,0.0,0.0,0.0,0.0,0.201714535
2025-08-01T08:00:00+02:00,WD_HOME,WD_HOME,False,EMPTY,FULL,False,,False,,2025-08-01T08:34:23.829963+02:00,2025-08-01T17:00:38.630003+02:00,0.070291902,0.130897257,0.0,0.0,0.0,0.0,0.0,0.0,0.0,0.0,0.201189159
2025-08-01T09:00:00+02:00,WD_HOME,WD_HOME,False,EMPTY,EMPTY,False,,False,,2025-08-01T08:34:23.829963+02:00,2025-08-01T17:00:38.630003+02:00,0.069456149,0.130897257,0.0,0.0,0.0,0.0,0.0,0.0,0.0,0.0,0.200353406
2025-08-01T10:00:00+02:00,WD_HOME,WD_HOME,False,EMPTY,EMPTY,False,,False,,2025-08-01T08:34:23.829963+02:00,2025-08-01T17:00:38.630003+02:00,0.068366975,0.130897257,0.0,0.0,0.0,0.0,0.0,0.0,0.0,0.0,0.199264232
2025-08-01T11:00:00+02:00,WD_HOME,WD_HOME,False,EMPTY,EMPTY,False,,False,,2025-08-01T08:34:23.829963+02:00,2025-08-01T17:00:38.630003+02:00,0.067098604,0.130897257,0.0,0.0,0.0,0.0,0.0,0.0,0.0,0.0,0.197995861
2025-08-01T12:00:00+02:00,WD_HOME,WD_HOME,False,EMPTY,EMPTY,False,,False,,2025-08-01T08:34:23.829963+02:00,2025-08-01T17:00:38.630003+02:00,0.065737476,0.130897257,0.0,0.0,0.0,0.0,0.0,0.0,0.0,0.0,0.196634733
2025-08-01T13:00:00+02:00,WD_HOME,WD_HOME,False,EMPTY,EMPTY,False,,False,,2025-08-01T08:34:23.829963+02:00,2025-08-01T17:00:38.630003+02:00,0.064376347,0.130897257,0.0,0.0,0.0,0.0,0.0,0.0,0.0,0.0,0.195273604
2025-08-01T14:00:00+02:00,WD_HOME,WD_HOME,False,EMPTY,EMPTY,False,,False,,2025-08-01T08:34:23.829963+02:00,2025-08-01T17:00:38.630003+02:00,0.063107977,0.130897257,0.0,0.0,0.0,0.0,0.0,0.0,0.0,0.0,0.194005234
2025-08-01T15:00:00+02:00,WD_HOME,WD_HOME,False,EMPTY,EMPTY,False,,False,,2025-08-01T08:34:23.829963+02:00,2025-08-01T17:00:38.630003+02:00,0.062018802,0.130897257,0.0,0.0,0.0,0.0,0.0,0.0,0.0,0.0,0.192916059
2025-08-01T16:00:00+02:00,WD_HOME,WD_HOME,False,EMPTY,EMPTY,False,,False,,2025-08-01T08:34:23.829963+02:00,2025-08-01T17:00:38.630003+02:00,0.06118305,0.130897257,0.0,0.0,0.0,0.0,0.0,0.0,0.0,0.0,0.192080307
2025-08-01T17:00:00+02:00,WD_HOME,WD_HOME,False,EMPTY,FULL,False,,False,,2025-08-01T08:34:23.829963+02:00,2025-08-01T17:00:38.630003+02:00,0.060657674,0.130897257,0.0,0.0,0.0,0.0,0.0,0.0,0.0,0.0,0.191554931
2025-08-01T18:00:00+02:00,WD_HOME,WD_HOME,False,EMPTY,FULL,False,,False,,2025-08-01T08:34:23.829963+02:00,2025-08-01T17:00:38.630003+02:00,0.060478478,0.130897257,0.32125982,0.0,0.0,0.0,0.0,0.016942348,0.0,0.0,0.529577903
2025-08-01T19:00:00+02:00,WD_HOME,WD_HOME,False,EMPTY,FULL,False,,False,,2025-08-01T08:34:23.829963+02:00,2025-08-01T17:00:38.630003+02:00,0.060657674,0.130897257,1.043935148,0.0,0.0,0.0,0.0,0.0,0.0,0.0,1.235490079
2025-08-01T20:00:00+02:00,WD_HOME,WD_HOME,False,EMPTY,FULL,False,,False,,2025-08-01T08:34:23.829963+02:00,2025-08-01T17:00:38.630003+02:00,0.06118305,0.130897257,0.0,0.0,0.0,0.0,0.0,0.0,0.0,0.0,0.192080307
2025-08-01T21:00:00+02:00,WD_HOME,WD_HOME,False,EMPTY,FULL,False,,False,,2025-08-01T08:34:23.829963+02:00,2025-08-01T17:00:38.630003+02:00,0.062018802,0.130897257,0.0,0.0,0.0,0.0,0.0,0.0,0.0,0.0,0.192916059
2025-08-01T22:00:00+02:00,WD_HOME,WD_HOME,False,EMPTY,FULL,False,,False,,2025-08-01T08:34:23.829963+02:00,2025-08-01T17:00:38.630003+02:00,0.063107977,0.130897257,0.0,0.0,0.0,0.0,0.0,0.006999054,0.324982315,0.081245579,0.607232182
2025-08-01T23:00:00+02:00,WD_HOME,WD_HOME,False,EMPTY,FULL,False,,False,,2025-08-01T08:34:23.829963+02:00,2025-08-01T17:00:38.630003+02:00,0.064376347,0.130897257,0.0,0.0,0.0,0.0,0.0,0.01367957,0.324982315,0.081245579,0.615181068
2025-08-02T00:00:00+02:00,WE_HOME,WE_HOME,True,FULL,FULL,False,,False,,,,0.065737476,0.130897257,0.0,0.0,0.0,0.0,0.0,0.0,0.324982315,0.081245579,0.602862627
2025-08-02T01:00:00+02:00,WE_HOME,WE_HOME,True,FULL,FULL,False,,False,,,,0.067098604,0.130897257,0.0,0.0,0.0,0.0,0.0,0.0,0.324982315,0.081245579,0.604223755
2025-08-02T02:00:00+02:00,WE_HOME,WE_HOME,True,FULL,FULL,False,,False,,,,0.068366975,0.130897257,0.0,0.0,0.0,0.0,0.0,0.0,0.324982315,0.081245579,0.605492126
2025-08-02T03:00:00+02:00,WE_HOME,WE_HOME,True,FULL,FULL,False,,False,,,,0.069456149,0.130897257,0.0,0.0,0.0,0.0,0.0,0.0,0.324982315,0.081245579,0.6065813
2025-08-02T04:00:00+02:00,WE_HOME,WE_HOME,True,FULL,FULL,False,,False,,,,0.070291902,0.130897257,0.0,0.0,0.0,0.0,0.0,0.0,0.324982315,0.081245579,0.607417053
2025-08-02T05:00:00+02:00,WE_HOME,WE_HOME,True,FULL,FULL,False,,False,,,,0.070817278,0.130897257,0.0,0.0,0.0,0.0,0.0,0.0,0.324982315,0.081245579,0.607942429
2025-08-02T06:00:00+02:00,WE_HOME,WE_HOME,True,FULL,FULL,False,,False,,,,0.070996474,0.130897257,0.0,0.0,0.0,0.0,0.0,0.0,0.324982315,0.081245579,0.608121625
2025-08-02T07:00:00+02:00,WE_HOME,WE_HOME,True,FULL,FULL,False,,False,,,,0.070817278,0.130897257,0.0,0.0,0.0,0.0,0.0,0.0,0.324982315,0.081245579,0.607942429
2025-08-02T08:00:00+02:00,WE_HOME,WE_HOME,True,FULL,FULL,False,,False,,,,0.070291902,0.130897257,0.0,0.0,0.0,0.0,0.0,0.0,0.0,0.0,0.201189159
2025-08-02T09:00:00+02:00,WE_HOME,WE_HOME,True,FULL,FULL,False,,False,,,,0.069456149,0.130897257,0.0,0.0,0.0,0.0,0.0,0.0,0.0,0.0,0.200353406
2025-08-02T10:00:00+02:00,WE_HOME,WE_HOME,True,FULL,FULL,False,,False,,,,0.068366975,0.130897257,0.0,0.0,0.0,0.0,0.0,0.0,0.0,0.0,0.199264232
2025-08-02T11:00:00+02:00,WE_HOME,WE_HOME,True,FULL,FULL,False,,False,,,,0.067098604,0.130897257,0.0,0.0,0.0,0.0,0.0,0.0,0.0,0.0,0.197995861
2025-08-02T12:00:00+02:00,WE_HOME,WE_HOME,True,FULL,FULL,False,,False,,,,0.065737476,0.130897257,0.0,0.0,0.0,0.0,0.0,0.0,0.0,0.0,0.196634733
2025-08-02T13:00:00+02:00,WE_HOME,WE_HOME,True,FULL,FULL,False,,False,,,,0.064376347,0.130897257,0.0,0.0,0.0,0.0,0.0,0.0,0.0,0.0,0.195273604
2025-08-02T14:00:00+02:00,WE_HOME,WE_HOME,True,FULL,FULL,False,,False,,,,0.063107977,0.130897257,0.0,0.0,0.0,0.0,0.0,0.0,0.0,0.0,0.194005234
2025-08-02T15:00:00+02:00,WE_HOME,WE_HOME,True,FULL,FULL,False,,False,,,,0.062018802,0.130897257,0.0,0.0,0.0,0.0,0.0,0.0,0.0,0.0,0.192916059
2025-08-02T16:00:00+02:00,WE_HOME,WE_HOME,True,FULL,FULL,False,,False,,,,0.06118305,0.130897257,0.0,0.0,0.0,0.0,0.0,0.0,0.0,0.0,0.192080307
2025-08-02T17:00:00+02:00,WE_HOME,WE_HOME,True,FULL,FULL,False,,False,,,,0.060657674,0.130897257,0.0,0.0,0.0,0.0,0.0,0.0,0.0,0.0,0.191554931
2025-08-02T18:00:00+02:00,WE_HOME,WE_HOME,True,FULL,FULL,False,,False,,,,0.060478478,0.130897257,0.0,0.0,0.0,0.0,0.0,0.0,0.0,0.0,0.191375735
2025-08-02T19:00:00+02:00,WE_HOME,WE_HOME,True,FULL,FULL,False,,False,,,,0.060657674,0.130897257,0.965381102,0.0,0.0,0.0,0.087347981,0.0,0.0,0.0,1.244284014
2025-08-02T20:00:00+02:00,WE_HOME,WE_HOME,True,FULL,FULL,False,,False,,,,0.06118305,0.130897257,1.444140116,0.0,0.0,0.0,0.179430887,0.0,0.0,0.0,1.81565131
2025-08-02T21:00:00+02:00,WE_HOME,WE_HOME,True,FULL,FULL,False,,False,,,,0.062018802,0.130897257,0.0,0.0,0.0,0.0,0.0,0.0,0.0,0.0,0.192916059
2025-08-02T22:00:00+02:00,WE_HOME,WE_HOME,True,FULL,FULL,False,,False,,,,0.063107977,0.130897257,0.0,0.0,0.0,0.0,0.0,0.007842095,0.324982315,0.081245579,0.608075223
2025-08-02T23:00:00+02:00,WE_HOME,WE_HOME,True,FULL,FULL,False,,False,,,,0.064376347,0.130897257,0.0,0.0,0.0,0.0,0.0,0.016514512,0.324982315,0.081245579,0.61801601
2025-08-03T00:00:00+02:00,WE_HOME,WE_HOME,True,PARTIAL,FULL,False,,False,,2025-08-03T11:25:51.883009+02:00,2025-08-03T15:20:51.248803+02:00,0.065737476,0.130897257,0.0,0.0,0.0,0.0,0.0,0.0,0.324982315,0.081245579,0.602862627
2025-08-03T01:00:00+02:00,WE_HOME,WE_HOME,True,PARTIAL,FULL,False,,False,,2025-08-03T11:25:51.883009+02:00,2025-08-03T15:20:51.248803+02:00,0.067098604,0.130897257,0.0,0.0,0.0,0.0,0.0,0.0,0.324982315,0.081245579,0.604223755
2025-08-03T02:00:00+02:00,WE_HOME,WE_HOME,True,PARTIAL,FULL,False,,False,,2025-08-03T11:25:51.883009+02:00,2025-08-03T15:20:51.248803+02:00,0.068366975,0.130897257,0.0,0.0,0.0,0.0,0.0,0.0,0.324982315,0.081245579,0.605492126
2025-08-03T03:00:00+02:00,WE_HOME,WE_HOME,True,PARTIAL,FULL,False,,False,,2025-08-03T11:25:51.883009+02:00,2025-08-03T15:20:51.248803+02:00,0.069456149,0.130897257,0.0,0.0,0.0,0.0,0.0,0.0,0.324982315,0.081245579,0.6065813
2025-08-03T04:00:00+02:00,WE_HOME,WE_HOME,True,PARTIAL,FULL,False,,False,,2025-08-03T11:25:51.883009+02:00,2025-08-03T15:20:51.248803+02:00,0.070291902,0.130897257,0.0,0.0,0.0,0.0,0.0,0.0,0.324982315,0.081245579,0.607417053
2025-08-03T05:00:00+02:00,WE_HOME,WE_HOME,True,PARTIAL,FULL,False,,False,,2025-08-03T11:25:51.883009+02:00,2025-08-03T15:20:51.248803+02:00,0.070817278,0.130897257,0.0,0.0,0.0,0.0,0.0,0.0,0.324982315,0.081245579,0.607942429
2025-08-03T06:00:00+02:00,WE_HOME,WE_HOME,True,PARTIAL,FULL,False,,False,,2025-08-03T11:25:51.883009+02:00,2025-08-03T15:20:51.248803+02:00,0.070996474,0.130897257,0.0,0.0,0.0,0.0,0.0,0.0,0.324982315,0.081245579,0.608121625
2025-08-03T07:00:00+02:00,WE_HOME,WE_HOME,True,PARTIAL,FULL,False,,False,,2025-08-03T11:25:51.883009+02:00,2025-08-03T15:20:51.248803+02:00,0.070817278,0.130897257,0.0,0.0,0.0,0.0,0.0,0.0,0.324982315,0.081245579,0.607942429
2025-08-03T08:00:00+02:00,WE_HOME,WE_HOME,True,PARTIAL,FULL,False,,False,,2025-08-03T11:25:51.883009+02:00,2025-08-03T15:20:51.248803+02:00,0.070291902,0.130897257,0.0,0.0,0.0,0.0,0.0,0.0,0.0,0.0,0.201189159
2025-08-03T09:00:00+02:00,WE_HOME,WE_HOME,True,PARTIAL,FULL,False,,False,,2025-08-03T11:25:51.883009+02:00,2025-08-03T15:20:51.248803+02:00,0.069456149,0.130897257,0.0,0.0,0.0,0.0,0.0,0.0,0.0,0.0,0.200353406
2025-08-03T10:00:00+02:00,WE_HOME,WE_HOME,True,PARTIAL,FULL,False,,False,,2025-08-03T11:25:51.883009+02:00,2025-08-03T15:20:51.248803+02:00,0.068366975,0.130897257,0.0,0.0,0.0,0.0,0.0,0.0,0.0,0.0,0.199264232
2025-08-03T11:00:00+02:00,WE_HOME,WE_HOME,True,PARTIAL,PARTIAL,False,,False,,2025-08-03T11:25:51.883009+02:00,2025-08-03T15:20:51.248803+02:00,0.067098604,0.130897257,0.0,0.0,0.0,0.0,0.0,0.0,0.0,0.0,0.197995861
2025-08-03T12:00:00+02:00,WE_HOME,WE_HOME,True,PARTIAL,PARTIAL,False,,False,,2025-08-03T11:25:51.883009+02:00,2025-08-03T15:20:51.248803+02:00,0.065737476,0.130897257,0.0,0.0,0.0,0.0,0.0,0.0,0.0,0.0,0.196634733
2025-08-03T13:00:00+02:00,WE_HOME,WE_HOME,True,PARTIAL,PARTIAL,False,,False,,2025-08-03T11:25:51.883009+02:00,2025-08-03T15:20:51.248803+02:00,0.064376347,0.130897257,0.0,0.0,0.0,0.0,0.0,0.0,0.0,0.0,0.195273604
2025-08-03T14:00:00+02:00,WE_HOME,WE_HOME,True,PARTIAL,PARTIAL,False,,False,,2025-08-03T11:25:51.883009+02:00,2025-08-03T15:20:51.248803+02:00,0.063107977,0.130897257,0.0,0.0,0.0,0.0,0.0,0.0,0.0,0.0,0.194005234
2025-08-03T15:00:00+02:00,WE_HOME,WE_HOME,True,PARTIAL,FULL,False,,False,,2025-08-03T11:25:51.883009+02:00,2025-08-03T15:20:51.248803+02:00,0.062018802,0.130897257,0.0,0.0,0.0,0.0,0.0,0.0,0.0,0.0,0.192916059
2025-08-03T16:00:00+02:00,WE_HOME,WE_HOME,True,PARTIAL,FULL,False,,False,,2025-08-03T11:25:51.883009+02:00,2025-08-03T15:20:51.248803+02:00,0.06118305,0.130897257,0.0,0.0,0.0,0.0,0.0,0.0,0.0,0.0,0.192080307
2025-08-03T17:00:00+02:00,WE_HOME,WE_HOME,True,PARTIAL,FULL,False,,False,,2025-08-03T11:25:51.883009+02:00,2025-08-03T15:20:51.248803+02:00,0.060657674,0.130897257,0.0,0.0,0.0,0.0,0.0,0.0,0.0,0.0,0.191554931
2025-08-03T18:00:00+02:00,WE_HOME,WE_HOME,True,PARTIAL,FULL,False,,False,,2025-08-03T11:25:51.883009+02:00,2025-08-03T15:20:51.248803+02:00,0.060478478,0.130897257,0.847419449,0.0,0.0,0.0,0.0,0.0,0.0,0.0,1.038795184
2025-08-03T19:00:00+02:00,WE_HOME,WE_HOME,True,PARTIAL,FULL,False,,False,,2025-08-03T11:25:51.883009+02:00,2025-08-03T15:20:51.248803+02:00,0.060657674,0.130897257,1.663851951,0.0,0.0,0.0,0.0,0.010528654,0.0,0.0,1.865935536
2025-08-03T20:00:00+02:00,WE_HOME,WE_HOME,True,PARTIAL,FULL,False,,False,,2025-08-03T11:25:51.883009+02:00,2025-08-03T15:20:51.248803+02:00,0.06118305,0.130897257,0.0,0.0,0.0,0.0,0.0,0.0,0.0,0.0,0.192080307
2025-08-03T21:00:00+02:00,WE_HOME,WE_HOME,True,PARTIAL,FULL,False,,False,,2025-08-03T11:25:51.883009+02:00,2025-08-03T15:20:51.248803+02:00,0.062018802,0.130897257,0.0,0.766008243,0.0,0.0,0.0,0.01449271,0.0,0.0,0.973417012
2025-08-03T22:00:00+02:00,WE_HOME,WE_HOME,True,PARTIAL,FULL,False,,False,,2025-08-03T11:25:51.883009+02:00,2025-08-03T15:20:51.248803+02:00,0.063107977,0.130897257,0.0,0.278011058,0.0,0.0,0.0,0.0,0.324982315,0.081245579,0.878244186
2025-08-03T23:00:00+02:00,WE_HOME,WE_HOME,True,PARTIAL,FULL,False,,False,,2025-08-03T11:25:51.883009+02:00,2025-08-03T15:20:51.248803+02:00,0.064376347,0.130897257,0.0,0.0,0.0,0.0,0.0,0.0,0.324982315,0.081245579,0.601501498
2025-08-04T00:00:00+02:00,WD_HOME,WD_HOME,False,EMPTY,FULL,False,,False,,2025-08-04T08:47:04.046638+02:00,2025-08-04T16:25:31.981802+02:00,0.065737476,0.130897257,0.0,0.0,0.0,0.0,0.0,0.0,0.324982315,0.081245579,0.602862627
2025-08-04T01:00:00+02:00,WD_HOME,WD_HOME,False,EMPTY,FULL,False,,False,,2025-08-04T08:47:04.046638+02:00,2025-08-04T16:25:31.981802+02:00,0.067098604,0.130897257,0.0,0.0,0.0,0.0,0.0,0.0,0.324982315,0.081245579,0.604223755
2025-08-04T02:00:00+02:00,WD_HOME,WD_HOME,False,EMPTY,FULL,False,,False,,2025-08-04T08:47:04.046638+02:00,2025-08-04T16:25:31.981802+02:00,0.068366975,0.130897257,0.0,0.0,0.0,0.0,0.0,0.0,0.324982315,0.081245579,0.605492126
2025-08-04T03:00:00+02:00,WD_HOME,WD_HOME,False,EMPTY,FULL,False,,False,,2025-08-04T08:47:04.046638+02:00,2025-08-04T16:25:31.981802+02:00,0.069456149,0.130897257,0.0,0.0,0.0,0.0,0.0,0.0,0.324982315,0.081245579,0.6065813
2025-08-04T04:00:00+02:00,WD_HOME,WD_HOME,False,EMPTY,FULL,False,,False,,2025-08-04T08:47:04.046638+02:00,2025-08-04T16:25:31.981802+02:00,0.070291902,0.130897257,0.0,0.0,0.0,0.0,0.0,0.0,0.324982315,0.081245579,0.607417053
2025-08-04T05:00:00+02:00,WD_HOME,WD_HOME,False,EMPTY,FULL,False,,False,,2025-08-04T08:47:04.046638+02:00,2025-08-04T16:25:31.981802+02:00,0.070817278,0.130897257,0.0,0.0,0.0,0.0,0.0,0.0,0.324982315,0.081245579,0.607942429
2025-08-04T06:00:00+02:00,WD_HOME,WD_HOME,False,EMPTY,FULL,False,,False,,2025-08-04T08:47:04.046638+02:00,2025-08-04T16:25:31.981802+02:00,0.070996474,0.130897257,0.0,0.0,0.0,0.0,0.0,0.0,0.324982315,0.081245579,0.608121625
2025-08-04T07:00:00+02:00,WD_HOME,WD_HOME,False,EMPTY,FULL,False,,False,,2025-08-04T08:47:04.046638+02:00,2025-08-04T16:25:31.981802+02:00,0.070817278,0.130897257,0.0,0.0,0.0,0.0,0.0,0.0,0.324982315,0.081245579,0.607942429
2025-08-04T08:00:00+02:00,WD_HOME,WD_HOME,False,EMPTY,FULL,False,,False,,2025-08-04T08:47:04.046638+02:00,2025-08-04T16:25:31.981802+02:00,0.070291902,0.130897257,0.0,0.0,0.0,0.0,0.0,0.0,0.0,0.0,0.201189159
2025-08-04T09:00:00+02:00,WD_HOME,WD_HOME,False,EMPTY,EMPTY,False,,False,,2025-08-04T08:47:04.046638+02:00,2025-08-04T16:25:31.981802+02:00,0.069456149,0.130897257,0.0,0.0,0.0,0.0,0.0,0.0,0.0,0.0,0.200353406
2025-08-04T10:00:00+02:00,WD_HOME,WD_HOME,False,EMPTY,EMPTY,False,,False,,2025-08-04T08:47:04.046638+02:00,2025-08-04T16:25:31.981802+02:00,0.068366975,0.130897257,0.0,0.0,0.4761549,0.0,0.0,0.0,0.0,0.0,0.675419132
2025-08-04T11:00:00+02:00,WD_HOME,WD_HOME,False,EMPTY,EMPTY,False,,False,,2025-08-04T08:47:04.046638+02:00,2025-08-04T16:25:31.981802+02:00,0.067098604,0.130897257,0.0,0.0,0.174004032,0.549131922,0.0,0.0,0.0,0.0,0.921131815
2025-08-04T12:00:00+02:00,WD_HOME,WD_HOME,False,EMPTY,EMPTY,False,,False,,2025-08-04T08:47:04.046638+02:00,2025-08-04T16:25:31.981802+02:00,0.065737476,0.130897257,0.0,0.0,0.0,1.637198343,0.0,0.0,0.0,0.0,1.833833076
2025-08-04T13:00:00+02:00,WD_HOME,WD_HOME,False,EMPTY,EMPTY,False,,False,,2025-08-04T08:47:04.046638+02:00,2025-08-04T16:25:31.981802+02:00,0.064376347,0.130897257,0.0,0.0,0.0,0.12726703,0.0,0.0,0.0,0.0,0.322540634
2025-08-04T14:00:00+02:00,WD_HOME,WD_HOME,False,EMPTY,EMPTY,False,,False,,2025-08-04T08:47:04.046638+02:00,2025-08-04T16:25:31.981802+02:00,0.063107977,0.130897257,0.0,0.0,0.0,0.0,0.0,0.0,0.0,0.0,0.194005234
2025-08-04T15:00:00+02:00,WD_HOME,WD_HOME,False,EMPTY,EMPTY,False,,False,,2025-08-04T08:47:04.046638+02:00,2025-08-04T16:25:31.981802+02:00,0.062018802,0.130897257,0.0,0.0,0.0,0.0,0.0,0.0,0.0,0.0,0.192916059
2025-08-04T16:00:00+02:00,WD_HOME,WD_HOME,False,EMPTY,FULL,False,,False,,2025-08-04T08:47:04.046638+02:00,2025-08-04T16:25:31.981802+02:00,0.06118305,0.130897257,0.0,0.0,0.0,0.0,0.0,0.0,0.0,0.0,0.192080307
2025-08-04T17:00:00+02:00,WD_HOME,WD_HOME,False,EMPTY,FULL,False,,False,,2025-08-04T08:47:04.046638+02:00,2025-08-04T16:25:31.981802+02:00,0.060657674,0.130897257,0.0,0.0,0.0,0.0,0.0,0.0,0.0,0.0,0.191554931
2025-08-04T18:00:00+02:00,WD_HOME,WD_HOME,False,EMPTY,FULL,False,,False,,2025-08-04T08:47:04.046638+02:00,2025-08-04T16:25:31.981802+02:00,0.060478478,0.130897257,0.0,0.0,0.0,0.0,0.0,0.0,0.0,0.0,0.191375735
2025-08-04T19:00:00+02:00,WD_HOME,WD_HOME,False,EMPTY,FULL,False,,False,,2025-08-04T08:47:04.046638+02:00,2025-08-04T16:25:31.981802+02:00,0.060657674,0.130897257,0.233592273,0.0,0.0,0.0,0.0,0.010291543,0.0,0.0,0.435438747
2025-08-04T20:00:00+02:00,WD_HOME,WD_HOME,False,EMPTY,FULL,False,,False,,2025-08-04T08:47:04.046638+02:00,2025-08-04T16:25:31.981802+02:00,0.06118305,0.130897257,1.139925495,0.926444773,0.0,0.0,0.0,0.0,0.0,0.0,2.258450575
2025-08-04T21:00:00+02:00,WD_HOME,WD_HOME,False,EMPTY,FULL,False,,False,,2025-08-04T08:47:04.046638+02:00,2025-08-04T16:25:31.981802+02:00,0.062018802,0.130897257,0.0,0.221100019,0.0,0.0,0.0,0.0,0.0,0.0,0.414016078
2025-08-04T22:00:00+02:00,WD_HOME,WD_HOME,False,EMPTY,FULL,False,,False,,2025-08-04T08:47:04.046638+02:00,2025-08-04T16:25:31.981802+02:00,0.063107977,0.130897257,0.0,0.0,0.0,0.0,0.0,0.012781647,0.324982315,0.081245579,0.613014775
2025-08-04T23:00:00+02:00,WD_HOME,WD_HOME,False,EMPTY,FULL,False,,False,,2025-08-04T08:47:04.046638+02:00,2025-08-04T16:25:31.981802+02:00,0.064376347,0.130897257,0.0,0.0,0.0,0.0,0.0,0.0,0.324982315,0.081245579,0.601501498
2025-08-05T00:00:00+02:00,WD_HOME,WD_HOME,False,EMPTY,FULL,False,,False,,2025-08-05T08:44:18.469436+02:00,2025-08-05T18:47:54.669406+02:00,0.065737476,0.130897257,0.0,0.0,0.0,0.0,0.0,0.0,0.324982315,0.081245579,0.602862627
2025-08-05T01:00:00+02:00,WD_HOME,WD_HOME,False,EMPTY,FULL,False,,False,,2025-08-05T08:44:18.469436+02:00,2025-08-05T18:47:54.669406+02:00,0.067098604,0.130897257,0.0,0.0,0.0,0.0,0.0,0.0,0.324982315,0.081245579,0.604223755
2025-08-05T02:00:00+02:00,WD_HOME,WD_HOME,False,EMPTY,FULL,False,,False,,2025-08-05T08:44:18.469436+02:00,2025-08-05T18:47:54.669406+02:00,0.068366975,0.130897257,0.0,0.0,0.0,0.0,0.0,0.0,0.324982315,0.081245579,0.605492126
2025-08-05T03:00:00+02:00,WD_HOME,WD_HOME,False,EMPTY,FULL,False,,False,,2025-08-05T08:44:18.469436+02:00,2025-08-05T18:47:54.669406+02:00,0.069456149,0.130897257,0.0,0.0,0.0,0.0,0.0,0.0,0.324982315,0.081245579,0.6065813
2025-08-05T04:00:00+02:00,WD_HOME,WD_HOME,False,EMPTY,FULL,False,,False,,2025-08-05T08:44:18.469436+02:00,2025-08-05T18:47:54.669406+02:00,0.070291902,0.130897257,0.0,0.0,0.0,0.0,0.0,0.0,0.324982315,0.081245579,0.607417053
2025-08-05T05:00:00+02:00,WD_HOME,WD_HOME,False,EMPTY,FULL,False,,False,,2025-08-05T08:44:18.469436+02:00,2025-08-05T18:47:54.669406+02:00,0.070817278,0.130897257,0.0,0.0,0.0,0.0,0.0,0.0,0.324982315,0.081245579,0.607942429
2025-08-05T06:00:00+02:00,WD_HOME,WD_HOME,False,EMPTY,FULL,False,,False,,2025-08-05T08:44:18.469436+02:00,2025-08-05T18:47:54.669406+02:00,0.070996474,0.130897257,0.0,0.0,0.0,0.0,0.0,0.0,0.324982315,0.081245579,0.608121625
2025-08-05T07:00:00+02:00,WD_HOME,WD_HOME,False,EMPTY,FULL,False,,False,,2025-08-05T08:44:18.469436+02:00,2025-08-05T18:47:54.669406+02:00,0.070817278,0.130897257,0.0,0.0,0.0,0.0,0.0,0.0,0.324982315,0.081245579,0.607942429
2025-08-05T08:00:00+02:00,WD_HOME,WD_HOME,False,EMPTY,FULL,False,,False,,2025-08-05T08:44:18.469436+02:00,2025-08-05T18:47:54.669406+02:00,0.070291902,0.130897257,0.0,0.0,0.0,0.0,0.0,0.0,0.0,0.0,0.201189159
2025-08-05T09:00:00+02:00,WD_HOME,WD_HOME,False,EMPTY,EMPTY,False,,False,,2025-08-05T08:44:18.469436+02:00,2025-08-05T18:47:54.669406+02:00,0.069456149,0.130897257,0.0,0.0,0.0,0.0,0.0,0.0,0.0,0.0,0.200353406
2025-08-05T10:00:00+02:00,WD_HOME,WD_HOME,False,EMPTY,EMPTY,False,,False,,2025-08-05T08:44:18.469436+02:00,2025-08-05T18:47:54.669406+02:00,0.068366975,0.130897257,0.0,0.0,0.0,0.0,0.0,0.0,0.0,0.0,0.199264232
2025-08-05T11:00:00+02:00,WD_HOME,WD_HOME,False,EMPTY,EMPTY,False,,False,,2025-08-05T08:44:18.469436+02:00,2025-08-05T18:47:54.669406+02:00,0.067098604,0.130897257,0.0,0.0,0.0,0.0,0.0,0.0,0.0,0.0,0.197995861
2025-08-05T12:00:00+02:00,WD_HOME,WD_HOME,False,EMPTY,EMPTY,False,,False,,2025-08-05T08:44:18.469436+02:00,2025-08-05T18:47:54.669406+02:00,0.065737476,0.130897257,0.0,0.0,0.0,0.0,0.0,0.0,0.0,0.0,0.196634733
2025-08-05T13:00:00+02:00,WD_HOME,WD_HOME,False,EMPTY,EMPTY,False,,False,,2025-08-05T08:44:18.469436+02:00,2025-08-05T18:47:54.669406+02:00,0.064376347,0.130897257,0.0,0.0,0.0,0.0,0.0,0.0,0.0,0.0,0.195273604
2025-08-05T14:00:00+02:00,WD_HOME,WD_HOME,False,EMPTY,EMPTY,False,,False,,2025-08-05T08:44:18.469436+02:00,2025-08-05T18:47:54.669406+02:00,0.063107977,0.130897257,0.0,0.0,0.0,0.0,0.0,0.0,0.0,0.0,0.194005234
2025-08-05T15:00:00+02:00,WD_HOME,WD_HOME,False,EMPTY,EMPTY,False,,False,,2025-08-05T08:44:18.469436+02:00,2025-08-05T18:47:54.669406+02:00,0.062018802,0.130897257,0.0,0.0,0.0,0.0,0.0,0.0,0.0,0.0,0.192916059
2025-08-05T16:00:00+02:00,WD_HOME,WD_HOME,False,EMPTY,EMPTY,False,,False,,2025-08-05T08:44:18.469436+02:00,2025-08-05T18:47:54.669406+02:00,0.06118305,0.130897257,0.0,0.0,0.0,0.0,0.0,0.0,0.0,0.0,0.192080307
2025-08-05T17:00:00+02:00,WD_HOME,WD_HOME,False,EMPTY,EMPTY,False,,False,,2025-08-05T08:44:18.469436+02:00,2025-08-05T18:47:54.669406+02:00,0.060657674,0.130897257,0.0,0.0,0.0,0.0,0.0,0.0,0.0,0.0,0.191554931
2025-08-05T18:00:00+02:00,WD_HOME,WD_HOME,False,EMPTY,EMPTY,False,,False,,2025-08-05T08:44:18.469436+02:00,2025-08-05T18:47:54.669406+02:00,0.060478478,0.130897257,0.0,0.0,0.0,0.0,0.0,0.0,0.0,0.0,0.191375735
2025-08-05T19:00:00+02:00,WD_HOME,WD_HOME,False,EMPTY,FULL,False,,False,,2025-08-05T08:44:18.469436+02:00,2025-08-05T18:47:54.669406+02:00,0.060657674,0.130897257,0.0,0.0,0.0,0.0,0.0,0.0,0.0,0.0,0.191554931
2025-08-05T20:00:00+02:00,WD_HOME,WD_HOME,False,EMPTY,FULL,False,,False,,2025-08-05T08:44:18.469436+02:00,2025-08-05T18:47:54.669406+02:00,0.06118305,0.130897257,1.631938831,0.0,0.0,0.0,0.038978528,0.0,0.0,0.0,1.862997666
2025-08-05T21:00:00+02:00,WD_HOME,WD_HOME,False,EMPTY,FULL,False,,False,,2025-08-05T08:44:18.469436+02:00,2025-08-05T18:47:54.669406+02:00,0.062018802,0.130897257,0.199602818,0.0,0.0,0.0,0.224168266,0.0,0.0,0.0,0.616687143
2025-08-05T22:00:00+02:00,WD_HOME,WD_HOME,False,EMPTY,FULL,False,,False,,2025-08-05T08:44:18.469436+02:00,2025-08-05T18:47:54.669406+02:00,0.063107977,0.130897257,0.0,0.105439495,0.0,0.0,0.08861496,0.0,0.324982315,0.081245579,0.794287583
2025-08-05T23:00:00+02:00,WD_HOME,WD_HOME,False,EMPTY,FULL,False,,False,,2025-08-05T08:44:18.469436+02:00,2025-08-05T18:47:54.669406+02:00,0.064376347,0.130897257,0.0,1.062376626,0.0,0.0,0.0,0.029504279,0.324982315,0.081245579,1.693382403
2025-08-06T00:00:00+02:00,WD_HOME,WD_HOME,False,PARTIAL,FULL,False,,False,,2025-08-06T08:37:00.901947+02:00,2025-08-06T16:28:03.252291+02:00,0.065737476,0.130897257,0.0,0.0,0.0,0.0,0.0,0.0,0.324982315,0.081245579,0.602862627
2025-08-06T01:00:00+02:00,WD_HOME,WD_HOME,False,PARTIAL,FULL,False,,False,,2025-08-06T08:37:00.901947+02:00,2025-08-06T16:28:03.252291+02:00,0.067098604,0.130897257,0.0,0.0,0.0,0.0,0.0,0.0,0.324982315,0.081245579,0.604223755
2025-08-06T02:00:00+02:00,WD_HOME,WD_HOME,False,PARTIAL,FULL,False,,False,,2025-08-06T08:37:00.901947+02:00,2025-08-06T16:28:03.252291+02:00,0.068366975,0.130897257,0.0,0.0,0.0,0.0,0.0,0.0,0.324982315,0.081245579,0.605492126
2025-08-06T03:00:00+02:00,WD_HOME,WD_HOME,False,PARTIAL,FULL,False,,False,,2025-08-06T08:37:00.901947+02:00,2025-08-06T16:28:03.252291+02:00,0.069456149,0.130897257,0.0,0.0,0.0,0.0,0.0,0.0,0.324982315,0.081245579,0.6065813
2025-08-06T04:00:00+02:00,WD_HOME,WD_HOME,False,PARTIAL,FULL,False,,False,,2025-08-06T08:37:00.901947+02:00,2025-08-06T16:28:03.252291+02:00,0.070291902,0.130897257,0.0,0.0,0.0,0.0,0.0,0.0,0.324982315,0.081245579,0.607417053
2025-08-06T05:00:00+02:00,WD_HOME,WD_HOME,False,PARTIAL,FULL,False,,False,,2025-08-06T08:37:00.901947+02:00,2025-08-06T16:28:03.252291+02:00,0.070817278,0.130897257,0.0,0.0,0.0,0.0,0.0,0.0,0.324982315,0.081245579,0.607942429
2025-08-06T06:00:00+02:00,WD_HOME,WD_HOME,False,PARTIAL,FULL,False,,False,,2025-08-06T08:37:00.901947+02:00,2025-08-06T16:28:03.252291+02:00,0.070996474,0.130897257,0.0,0.0,0.0,0.0,0.0,0.0,0.324982315,0.081245579,0.608121625
2025-08-06T07:00:00+02:00,WD_HOME,WD_HOME,False,PARTIAL,FULL,False,,False,,2025-08-06T08:37:00.901947+02:00,2025-08-06T16:28:03.252291+02:00,0.070817278,0.130897257,0.0,0.0,0.0,0.0,0.0,0.0,0.324982315,0.081245579,0.607942429
2025-08-06T08:00:00+02:00,WD_HOME,WD_HOME,False,PARTIAL,FULL,False,,False,,2025-08-06T08:37:00.901947+02:00,2025-08-06T16:28:03.252291+02:00,0.070291902,0.130897257,0.0,0.0,0.0,0.0,0.0,0.0,0.0,0.0,0.201189159
2025-08-06T09:00:00+02:00,WD_HOME,WD_HOME,False,PARTIAL,PARTIAL,False,,False,,2025-08-06T08:37:00.901947+02:00,2025-08-06T16:28:03.252291+02:00,0.069456149,0.130897257,0.0,0.0,0.0,0.0,0.0,0.0,0.0,0.0,0.200353406
2025-08-06T10:00:00+02:00,WD_HOME,WD_HOME,False,PARTIAL,PARTIAL,False,,False,,2025-08-06T08:37:00.901947+02:00,2025-08-06T16:28:03.252291+02:00,0.068366975,0.130897257,0.0,0.0,0.0,0.0,0.0,0.0,0.0,0.0,0.199264232
2025-08-06T11:00:00+02:00,WD_HOME,WD_HOME,False,PARTIAL,PARTIAL,False,,False,,2025-08-06T08:37:00.901947+02:00,2025-08-06T16:28:03.252291+02:00,0.067098604,0.130897257,0.0,0.0,0.0,0.0,0.0,0.0,0.0,0.0,0.197995861
2025-08-06T12:00:00+02:00,WD_HOME,WD_HOME,False,PARTIAL,PARTIAL,False,,False,,2025-08-06T08:37:00.901947+02:00,2025-08-06T16:28:03.252291+02:00,0.065737476,0.130897257,0.0,0.0,0.0,0.0,0.0,0.0,0.0,0.0,0.196634733
2025-08-06T13:00:00+02:00,WD_HOME,WD_HOME,False,PARTIAL,PARTIAL,False,,False,,2025-08-06T08:37:00.901947+02:00,2025-08-06T16:28:03.252291+02:00,0.064376347,0.130897257,0.0,0.0,0.0,0.0,0.0,0.0,0.0,0.0,0.195273604
2025-08-06T14:00:00+02:00,WD_HOME,WD_HOME,False,PARTIAL,PARTIAL,False,,False,,2025-08-06T08:37:00.901947+02:00,2025-08-06T16:28:03.252291+02:00,0.063107977,0.130897257,0.0,0.0,0.0,0.0,0.0,0.0,0.0,0.0,0.194005234
2025-08-06T15:00:00+02:00,WD_HOME,WD_HOME,False,PARTIAL,PARTIAL,False,,False,,2025-08-06T08:37:00.901947+02:00,2025-08-06T16:28:03.252291+02:00,0.062018802,0.130897257,0.0,0.0,0.0,0.0,0.0,0.0,0.0,0.0,0.192916059
2025-08-06T16:00:00+02:00,WD_HOME,WD_HOME,False,PARTIAL,FULL,False,,False,,2025-08-06T08:37:00.901947+02:00,2025-08-06T16:28:03.252291+02:00,0.06118305,0.130897257,0.0,0.0,0.0,0.0,0.0,0.0,0.0,0.0,0.192080307
2025-08-06T17:00:00+02:00,WD_HOME,WD_HOME,False,PARTIAL,FULL,False,,False,,2025-08-06T08:37:00.901947+02:00,2025-08-06T16:28:03.252291+02:00,0.060657674,0.130897257,0.0,0.0,0.0,0.0,0.0,0.0,0.0,0.0,0.191554931
2025-08-06T18:00:00+02:00,WD_HOME,WD_HOME,False,PARTIAL,FULL,False,,False,,2025-08-06T08:37:00.901947+02:00,2025-08-06T16:28:03.252291+02:00,0.060478478,0.130897257,0.0,0.0,0.0,0.0,0.0,0.0058081,0.0,0.0,0.197183835
2025-08-06T19:00:00+02:00,WD_HOME,WD_HOME,False,PARTIAL,FULL,False,,False,,2025-08-06T08:37:00.901947+02:00,2025-08-06T16:28:03.252291+02:00,0.060657674,0.130897257,0.0,0.0,0.0,0.0,0.0,0.0,0.0,0.0,0.191554931
2025-08-06T20:00:00+02:00,WD_HOME,WD_HOME,False,PARTIAL,FULL,False,,False,,2025-08-06T08:37:00.901947+02:00,2025-08-06T16:28:03.252291+02:00,0.06118305,0.130897257,0.0,0.0,0.0,0.0,0.027679942,0.0,0.0,0.0,0.219760249
2025-08-06T21:00:00+02:00,WD_HOME,WD_HOME,False,PARTIAL,FULL,False,,False,,2025-08-06T08:37:00.901947+02:00,2025-08-06T16:28:03.252291+02:00,0.062018802,0.130897257,0.0,0.0,0.0,0.0,0.415716855,0.017278268,0.0,0.0,0.625911182
2025-08-06T22:00:00+02:00,WD_HOME,WD_HOME,False,PARTIAL,FULL,False,,False,,2025-08-06T08:37:00.901947+02:00,2025-08-06T16:28:03.252291+02:00,0.063107977,0.130897257,0.0,0.653701204,0.0,0.0,0.411612966,0.0,0.324982315,0.081245579,1.665547298
2025-08-06T23:00:00+02:00,WD_HOME,WD_HOME,False,PARTIAL,FULL,False,,False,,2025-08-06T08:37:00.901947+02:00,2025-08-06T16:28:03.252291+02:00,0.064376347,0.130897257,0.0,0.420670392,0.0,0.0,0.0,0.006379507,0.324982315,0.081245579,1.028551397
2025-08-07T00:00:00+02:00,WD_HOME,WD_HOME,False,EMPTY,FULL,False,,False,,2025-08-07T08:44:35.258154+02:00,2025-08-07T17:13:25.229632+02:00,0.065737476,0.130897257,0.0,0.0,0.0,0.0,0.0,0.0,0.324982315,0.081245579,0.602862627
2025-08-07T01:00:00+02:00,WD_HOME,WD_HOME,False,EMPTY,FULL,False,,False,,2025-08-07T08:44:35.258154+02:00,2025-08-07T17:13:25.229632+02:00,0.067098604,0.130897257,0.0,0.0,0.0,0.0,0.0,0.0,0.324982315,0.081245579,0.604223755
2025-08-07T02:00:00+02:00,WD_HOME,WD_HOME,False,EMPTY,FULL,False,,False,,2025-08-07T08:44:35.258154+02:00,2025-08-07T17:13:25.229632+02:00,0.068366975,0.130897257,0.0,0.0,0.0,0.0,0.0,0.0,0.324982315,0.081245579,0.605492126
2025-08-07T03:00:00+02:00,WD_HOME,WD_HOME,False,EMPTY,FULL,False,,False,,2025-08-07T08:44:35.258154+02:00,2025-08-07T17:13:25.229632+02:00,0.069456149,0.130897257,0.0,0.0,0.0,0.0,0.0,0.0,0.324982315,0.081245579,0.6065813
2025-08-07T04:00:00+02:00,WD_HOME,WD_HOME,False,EMPTY,FULL,False,,False,,2025-08-07T08:44:35.258154+02:00,2025-08-07T17:13:25.229632+02:00,0.070291902,0.130897257,0.0,0.0,0.0,0.0,0.0,0.0,0.324982315,0.081245579,0.607417053
2025-08-07T05:00:00+02:00,WD_HOME,WD_HOME,False,EMPTY,FULL,False,,False,,2025-08-07T08:44:35.258154+02:00,2025-08-07T17:13:25.229632+02:00,0.070817278,0.130897257,0.0,0.0,0.0,0.0,0.0,0.0,0.324982315,0.081245579,0.607942429
2025-08-07T06:00:00+02:00,WD_HOME,WD_HOME,False,EMPTY,FULL,False,,False,,2025-08-07T08:44:35.258154+02:00,2025-08-07T17:13:25.229632+02:00,0.070996474,0.130897257,0.0,0.0,0.0,0.0,0.0,0.0,0.324982315,0.081245579,0.608121625
2025-08-07T07:00:00+02:00,WD_HOME,WD_HOME,False,EMPTY,FULL,False,,False,,2025-08-07T08:44:35.258154+02:00,2025-08-07T17:13:25.229632+02:00,0.070817278,0.130897257,0.0,0.0,0.0,0.0,0.0,0.0,0.324982315,0.081245579,0.607942429
2025-08-07T08:00:00+02:00,WD_HOME,WD_HOME,False,EMPTY,FULL,False,,False,,2025-08-07T08:44:35.258154+02:00,2025-08-07T17:13:25.229632+02:00,0.070291902,0.130897257,0.0,0.0,0.0,0.0,0.0,0.0,0.0,0.0,0.201189159
2025-08-07T09:00:00+02:00,WD_HOME,WD_HOME,False,EMPTY,EMPTY,False,,False,,2025-08-07T08:44:35.258154+02:00,2025-08-07T17:13:25.229632+02:00,0.069456149,0.130897257,0.0,0.0,0.0,0.0,0.0,0.0,0.0,0.0,0.200353406
2025-08-07T10:00:00+02:00,WD_HOME,WD_HOME,False,EMPTY,EMPTY,False,,False,,2025-08-07T08:44:35.258154+02:00,2025-08-07T17:13:25.229632+02:00,0.068366975,0.130897257,0.0,0.0,0.0,0.0,0.0,0.0,0.0,0.0,0.199264232
2025-08-07T11:00:00+02:00,WD_HOME,WD_HOME,False,EMPTY,EMPTY,False,,False,,2025-08-07T08:44:35.258154+02:00,2025-08-07T17:13:25.229632+02:00,0.067098604,0.130897257,0.0,0.0,0.0,0.0,0.0,0.0,0.0,0.0,0.197995861
2025-08-07T12:00:00+02:00,WD_HOME,WD_HOME,False,EMPTY,EMPTY,False,,False,,2025-08-07T08:44:35.258154+02:00,2025-08-07T17:13:25.229632+02:00,0.065737476,0.130897257,0.0,0.0,0.0,0.0,0.0,0.0,0.0,0.0,0.196634733
2025-08-07T13:00:00+02:00,WD_HOME,WD_HOME,False,EMPTY,EMPTY,False,,False,,2025-08-07T08:44:35.258154+02:00,2025-08-07T17:13:25.229632+02:00,0.064376347,0.130897257,0.0,0.0,0.0,0.0,0.0,0.0,0.0,0.0,0.195273604
2025-08-07T14:00:00+02:00,WD_HOME,WD_HOME,False,EMPTY,EMPTY,False,,False,,2025-08-07T08:44:35.258154+02:00,2025-08-07T17:13:25.229632+02:00,0.063107977,0.130897257,0.0,0.0,0.0,0.0,0.0,0.0,0.0,0.0,0.194005234
2025-08-07T15:00:00+02:00,WD_HOME,WD_HOME,False,EMPTY,EMPTY,False,,False,,2025-08-07T08:44:35.258154+02:00,2025-08-07T17:13:25.229632+02:00,0.062018802,0.130897257,0.0,0.0,0.0,0.0,0.0,0.0,0.0,0.0,0.192916059
2025-08-07T16:00:00+02:00,WD_HOME,WD_HOME,False,EMPTY,EMPTY,False,,False,,2025-08-07T08:44:35.258154+02:00,2025-08-07T17:13:25.229632+02:00,0.06118305,0.130897257,0.0,0.0,0.0,0.0,0.0,0.0,0.0,0.0,0.192080307
2025-08-07T17:00:00+02:00,WD_HOME,WD_HOME,False,EMPTY,FULL,False,,False,,2025-08-07T08:44:35.258154+02:00,2025-08-07T17:13:25.229632+02:00,0.060657674,0.130897257,0.0,0.0,0.0,0.0,0.0,0.0,0.0,0.0,0.191554931
2025-08-07T18:00:00+02:00,WD_HOME,WD_HOME,False,EMPTY,FULL,False,,False,,2025-08-07T08:44:35.258154+02:00,2025-08-07T17:13:25.229632+02:00,0.060478478,0.130897257,0.0,0.0,0.0,0.0,0.0,0.0,0.0,0.0,0.191375735
2025-08-07T19:00:00+02:00,WD_HOME,WD_HOME,False,EMPTY,FULL,False,,False,,2025-08-07T08:44:35.258154+02:00,2025-08-07T17:13:25.229632+02:00,0.060657674,0.130897257,0.0,0.0,0.0,0.0,0.0,0.0,0.0,0.0,0.191554931
2025-08-07T20:00:00+02:00,WD_HOME,WD_HOME,False,EMPTY,FULL,False,,False,,2025-08-07T08:44:35.258154+02:00,2025-08-07T17:13:25.229632+02:00,0.06118305,0.130897257,0.643333726,0.0,0.0,0.0,0.087868232,0.0,0.0,0.0,0.923282265
2025-08-07T21:00:00+02:00,WD_HOME,WD_HOME,False,EMPTY,FULL,False,,False,,2025-08-07T08:44:35.258154+02:00,2025-08-07T17:13:25.229632+02:00,0.062018802,0.130897257,2.009027414,0.0,0.0,0.0,0.191548588,0.0,0.0,0.0,2.393492061
2025-08-07T22:00:00+02:00,WD_HOME,WD_HOME,False,EMPTY,FULL,False,,False,,2025-08-07T08:44:35.258154+02:00,2025-08-07T17:13:25.229632+02:00,0.063107977,0.130897257,0.252582996,0.507360217,0.0,0.0,0.136524183,0.010483076,0.324982315,0.081245579,1.5071836
2025-08-07T23:00:00+02:00,WD_HOME,WD_HOME,False,EMPTY,FULL,False,,False,,2025-08-07T08:44:35.258154+02:00,2025-08-07T17:13:25.229632+02:00,0.064376347,0.130897257,0.0,0.570891483,0.0,0.0,0.0,0.022997567,0.324982315,0.081245579,1.195390548
2025-08-08T00:00:00+02:00,WD_HOME,WD_HOME,False,FULL,FULL,False,,False,,,,0.065737476,0.130897257,0.0,0.0,0.0,0.0,0.0,0.0,0.324982315,0.081245579,0.602862627
2025-08-08T01:00:00+02:00,WD_HOME,WD_HOME,False,FULL,FULL,False,,False,,,,0.067098604,0.130897257,0.0,0.0,0.0,0.0,0.0,0.0,0.324982315,0.081245579,0.604223755
2025-08-08T02:00:00+02:00,WD_HOME,WD_HOME,False,FULL,FULL,False,,False,,,,0.068366975,0.130897257,0.0,0.0,0.0,0.0,0.0,0.0,0.324982315,0.081245579,0.605492126
2025-08-08T03:00:00+02:00,WD_HOME,WD_HOME,False,FULL,FULL,False,,False,,,,0.069456149,0.130897257,0.0,0.0,0.0,0.0,0.0,0.0,0.324982315,0.081245579,0.6065813
2025-08-08T04:00:00+02:00,WD_HOME,WD_HOME,False,FULL,FULL,False,,False,,,,0.070291902,0.130897257,0.0,0.0,0.0,0.0,0.0,0.0,0.324982315,0.081245579,0.607417053
2025-08-08T05:00:00+02:00,WD_HOME,WD_HOME,False,FULL,FULL,False,,False,,,,0.070817278,0.130897257,0.0,0.0,0.0,0.0,0.0,0.0,0.324982315,0.081245579,0.607942429
2025-08-08T06:00:00+02:00,WD_HOME,WD_HOME,False,FULL,FULL,False,,False,,,,0.070996474,0.130897257,0.0,0.0,0.0,0.0,0.0,0.0,0.324982315,0.081245579,0.608121625
2025-08-08T07:00:00+02:00,WD_HOME,WD_HOME,False,FULL,FULL,False,,False,,,,0.070817278,0.130897257,0.0,0.0,0.0,0.0,0.0,0.0,0.324982315,0.081245579,0.607942429
2025-08-08T08:00:00+02:00,WD_HOME,WD_HOME,False,FULL,FULL,False,,False,,,,0.070291902,0.130897257,0.0,0.0,0.0,0.0,0.0,0.0,0.0,0.0,0.201189159
2025-08-08T09:00:00+02:00,WD_HOME,WD_HOME,False,FULL,FULL,False,,False,,,,0.069456149,0.130897257,0.0,0.0,0.0,0.0,0.0,0.0,0.0,0.0,0.200353406
2025-08-08T10:00:00+02:00,WD_HOME,WD_HOME,False,FULL,FULL,False,,False,,,,0.068366975,0.130897257,0.0,0.0,0.0,0.0,0.0,0.0,0.0,0.0,0.199264232
2025-08-08T11:00:00+02:00,WD_HOME,WD_HOME,False,FULL,FULL,False,,False,,,,0.067098604,0.130897257,0.0,0.0,0.0,0.0,0.0,0.0,0.0,0.0,0.197995861
2025-08-08T12:00:00+02:00,WD_HOME,WD_HOME,False,FULL,FULL,False,,False,,,,0.065737476,0.130897257,0.0,0.0,0.0,0.0,0.042804103,0.0,0.0,0.0,0.239438836
2025-08-08T13:00:00+02:00,WD_HOME,WD_HOME,False,FULL,FULL,False,,False,,,,0.064376347,0.130897257,0.0,0.0,0.0,0.0,0.224168266,0.0,0.0,0.0,0.41944187
2025-08-08T14:00:00+02:00,WD_HOME,WD_HOME,False,FULL,FULL,False,,False,,,,0.063107977,0.130897257,0.0,0.0,0.0,0.0,0.224168266,0.0,0.0,0.0,0.4181735
2025-08-08T15:00:00+02:00,WD_HOME,WD_HOME,False,FULL,FULL,False,,False,,,,0.062018802,0.130897257,0.0,0.0,0.0,0.0,0.026617102,0.0,0.0,0.0,0.219533161
2025-08-08T16:00:00+02:00,WD_HOME,WD_HOME,False,FULL,FULL,False,,False,,,,0.06118305,0.130897257,0.0,0.0,0.0,0.0,0.0,0.0,0.0,0.0,0.192080307
2025-08-08T17:00:00+02:00,WD_HOME,WD_HOME,False,FULL,FULL,False,,False,,,,0.060657674,0.130897257,0.0,0.0,0.0,0.0,0.0,0.0,0.0,0.0,0.191554931
2025-08-08T18:00:00+02:00,WD_HOME,WD_HOME,False,FULL,FULL,False,,False,,,,0.060478478,0.130897257,1.62955583,0.0,0.0,0.0,0.0,0.0,0.0,0.0,1.820931565
2025-08-08T19:00:00+02:00,WD_HOME,WD_HOME,False,FULL,FULL,False,,True,guest_001,,,0.060657674,0.130897257,0.0,0.0,0.0,0.0,0.074677304,0.0,0.0,0.0,0.266232235
2025-08-08T20:00:00+02:00,WD_HOME,WD_HOME,False,FULL,FULL,False,,True,guest_001,,,0.06118305,0.130897257,0.0,0.0,0.0,0.0,0.191548588,0.011649788,0.0,0.0,0.395278683
2025-08-08T21:00:00+02:00,WD_HOME,WD_HOME,False,FULL,FULL,False,,False,,,,0.062018802,0.130897257,0.0,0.0,0.0,0.0,0.084228754,0.0128856,0.0,0.0,0.290030413
2025-08-08T22:00:00+02:00,WD_HOME,WD_HOME,False,FULL,FULL,False,,False,,,,0.063107977,0.130897257,0.0,0.15807754,0.0,0.0,0.0,0.0,0.324982315,0.081245579,0.758310668
2025-08-08T23:00:00+02:00,WD_HOME,WD_HOME,False,FULL,FULL,False,,False,,,,0.064376347,0.130897257,0.0,0.6612173,0.0,0.0,0.0,0.0,0.324982315,0.081245579,1.262718798
2025-08-09T00:00:00+02:00,WE_HOME,WE_HOME,True,EMPTY,FULL,False,,False,,2025-08-09T10:22:07.571036+02:00,2025-08-09T16:08:28.806695+02:00,0.065737476,0.130897257,0.0,0.0,0.0,0.0,0.0,0.0,0.324982315,0.081245579,0.602862627
2025-08-09T01:00:00+02:00,WE_HOME,WE_HOME,True,EMPTY,FULL,False,,False,,2025-08-09T10:22:07.571036+02:00,2025-08-09T16:08:28.806695+02:00,0.067098604,0.130897257,0.0,0.0,0.0,0.0,0.0,0.0,0.324982315,0.081245579,0.604223755
2025-08-09T02:00:00+02:00,WE_HOME,WE_HOME,True,EMPTY,FULL,False,,False,,2025-08-09T10:22:07.571036+02:00,2025-08-09T16:08:28.806695+02:00,0.068366975,0.130897257,0.0,0.0,0.0,0.0,0.0,0.0,0.324982315,0.081245579,0.605492126
2025-08-09T03:00:00+02:00,WE_HOME,WE_HOME,True,EMPTY,FULL,False,,False,,2025-08-09T10:22:07.571036+02:00,2025-08-09T16:08:28.806695+02:00,0.069456149,0.130897257,0.0,0.0,0.0,0.0,0.0,0.0,0.324982315,0.081245579,0.6065813
2025-08-09T04:00:00+02:00,WE_HOME,WE_HOME,True,EMPTY,FULL,False,,False,,2025-08-09T10:22:07.571036+02:00,2025-08-09T16:08:28.806695+02:00,0.070291902,0.130897257,0.0,0.0,0.0,0.0,0.0,0.0,0.324982315,0.081245579,0.607417053
2025-08-09T05:00:00+02:00,WE_HOME,WE_HOME,True,EMPTY,FULL,False,,False,,2025-08-09T10:22:07.571036+02:00,2025-08-09T16:08:28.806695+02:00,0.070817278,0.130897257,0.0,0.0,0.0,0.0,0.0,0.0,0.324982315,0.081245579,0.607942429
2025-08-09T06:00:00+02:00,WE_HOME,WE_HOME,True,EMPTY,FULL,False,,False,,2025-08-09T10:22:07.571036+02:00,2025-08-09T16:08:28.806695+02:00,0.070996474,0.130897257,0.0,0.0,0.0,0.0,0.0,0.0,0.324982315,0.081245579,0.608121625
2025-08-09T07:00:00+02:00,WE_HOME,WE_HOME,True,EMPTY,FULL,False,,False,,2025-08-09T10:22:07.571036+02:00,2025-08-09T16:08:28.806695+02:00,0.070817278,0.130897257,0.0,0.0,0.0,0.0,0.0,0.0,0.324982315,0.081245579,0.607942429
2025-08-09T08:00:00+02:00,WE_HOME,WE_HOME,True,EMPTY,FULL,False,,False,,2025-08-09T10:22:07.571036+02:00,2025-08-09T16:08:28.806695+02:00,0.070291902,0.130897257,0.0,0.0,0.0,0.0,0.0,0.0,0.0,0.0,0.201189159
2025-08-09T09:00:00+02:00,WE_HOME,WE_HOME,True,EMPTY,FULL,False,,False,,2025-08-09T10:22:07.571036+02:00,2025-08-09T16:08:28.806695+02:00,0.069456149,0.130897257,0.0,0.0,0.0,0.0,0.0,0.0,0.0,0.0,0.200353406
2025-08-09T10:00:00+02:00,WE_HOME,WE_HOME,True,EMPTY,EMPTY,False,,False,,2025-08-09T10:22:07.571036+02:00,2025-08-09T16:08:28.806695+02:00,0.068366975,0.130897257,0.0,0.0,0.0,0.0,0.0,0.0,0.0,0.0,0.199264232
2025-08-09T11:00:00+02:00,WE_HOME,WE_HOME,True,EMPTY,EMPTY,False,,False,,2025-08-09T10:22:07.571036+02:00,2025-08-09T16:08:28.806695+02:00,0.067098604,0.130897257,0.0,0.0,0.0,0.0,0.0,0.0,0.0,0.0,0.197995861
2025-08-09T12:00:00+02:00,WE_HOME,WE_HOME,True,EMPTY,EMPTY,False,,False,,2025-08-09T10:22:07.571036+02:00,2025-08-09T16:08:28.806695+02:00,0.065737476,0.130897257,0.0,0.0,0.0,0.0,0.0,0.0,0.0,0.0,0.196634733
2025-08-09T13:00:00+02:00,WE_HOME,WE_HOME,True,EMPTY,EMPTY,False,,False,,2025-08-09T10:22:07.571036+02:00,2025-08-09T16:08:28.806695+02:00,0.064376347,0.130897257,0.0,0.0,0.0,0.0,0.0,0.0,0.0,0.0,0.195273604
2025-08-09T14:00:00+02:00,WE_HOME,WE_HOME,True,EMPTY,EMPTY,False,,False,,2025-08-09T10:22:07.571036+02:00,2025-08-09T16:08:28.806695+02:00,0.063107977,0.130897257,0.0,0.0,0.0,0.0,0.0,0.0,0.0,0.0,0.194005234
2025-08-09T15:00:00+02:00,WE_HOME,WE_HOME,True,EMPTY,EMPTY,False,,False,,2025-08-09T10:22:07.571036+02:00,2025-08-09T16:08:28.806695+02:00,0.062018802,0.130897257,0.0,0.0,0.0,0.0,0.0,0.0,0.0,0.0,0.192916059
2025-08-09T16:00:00+02:00,WE_HOME,WE_HOME,True,EMPTY,FULL,False,,False,,2025-08-09T10:22:07.571036+02:00,2025-08-09T16:08:28.806695+02:00,0.06118305,0.130897257,0.0,0.0,0.0,0.0,0.0,0.0,0.0,0.0,0.192080307
2025-08-09T17:00:00+02:00,WE_HOME,WE_HOME,True,EMPTY,FULL,False,,False,,2025-08-09T10:22:07.571036+02:00,2025-08-09T16:08:28.806695+02:00,0.060657674,0.130897257,0.0,0.0,0.0,0.0,0.0,0.0,0.0,0.0,0.191554931
2025-08-09T18:00:00+02:00,WE_HOME,WE_HOME,True,EMPTY,FULL,False,,False,,2025-08-09T10:22:07.571036+02:00,2025-08-09T16:08:28.806695+02:00,0.060478478,0.130897257,0.0,0.0,0.0,0.0,0.0,0.0,0.0,0.0,0.191375735
2025-08-09T19:00:00+02:00,WE_HOME,WE_HOME,True,EMPTY,FULL,False,,False,,2025-08-09T10:22:07.571036+02:00,2025-08-09T16:08:28.806695+02:00,0.060657674,0.130897257,0.0,0.0,0.0,0.0,0.165546673,0.0,0.0,0.0,0.357101604
2025-08-09T20:00:00+02:00,WE_HOME,WE_HOME,True,EMPTY,FULL,False,,False,,2025-08-09T10:22:07.571036+02:00,2025-08-09T16:08:28.806695+02:00,0.06118305,0.130897257,0.0,0.0,0.0,0.0,0.097152553,0.017786998,0.0,0.0,0.307019858
2025-08-09T21:00:00+02:00,WE_HOME,WE_HOME,True,EMPTY,FULL,False,,False,,2025-08-09T10:22:07.571036+02:00,2025-08-09T16:08:28.806695+02:00,0.062018802,0.130897257,0.0,0.0,0.0,0.0,0.0,0.0,0.0,0.0,0.192916059
2025-08-09T22:00:00+02:00,WE_HOME,WE_HOME,True,EMPTY,FULL,False,,False,,2025-08-09T10:22:07.571036+02:00,2025-08-09T16:08:28.806695+02:00,0.063107977,0.130897257,0.0,0.218387804,0.0,0.0,0.0,0.0,0.324982315,0.081245579,0.818620932
2025-08-09T23:00:00+02:00,WE_HOME,WE_HOME,True,EMPTY,FULL,False,,False,,2025-08-09T10:22:07.571036+02:00,2025-08-09T16:08:28.806695+02:00,0.064376347,0.130897257,0.0,0.954083432,0.0,0.0,0.0,0.0,0.324982315,0.081245579,1.55558493
2025-08-10T00:00:00+02:00,WE_HOME,WE_HOME,True,FULL,FULL,False,,False,,,,0.065737476,0.130897257,0.0,0.0,0.0,0.0,0.0,0.0,0.324982315,0.081245579,0.602862627
2025-08-10T01:00:00+02:00,WE_HOME,WE_HOME,True,FULL,FULL,False,,False,,,,0.067098604,0.130897257,0.0,0.0,0.0,0.0,0.0,0.0,0.324982315,0.081245579,0.604223755
2025-08-10T02:00:00+02:00,WE_HOME,WE_HOME,True,FULL,FULL,False,,False,,,,0.068366975,0.130897257,0.0,0.0,0.0,0.0,0.0,0.0,0.324982315,0.081245579,0.605492126
2025-08-10T03:00:00+02:00,WE_HOME,WE_HOME,True,FULL,FULL,False,,False,,,,0.069456149,0.130897257,0.0,0.0,0.0,0.0,0.0,0.0,0.324982315,0.081245579,0.6065813
2025-08-10T04:00:00+02:00,WE_HOME,WE_HOME,True,FULL,FULL,False,,False,,,,0.070291902,0.130897257,0.0,0.0,0.0,0.0,0.0,0.0,0.324982315,0.081245579,0.607417053
2025-08-10T05:00:00+02:00,WE_HOME,WE_HOME,True,FULL,FULL,False,,False,,,,0.070817278,0.130897257,0.0,0.0,0.0,0.0,0.0,0.0,0.324982315,0.081245579,0.607942429
2025-08-10T06:00:00+02:00,WE_HOME,WE_HOME,True,FULL,FULL,False,,False,,,,0.070996474,0.130897257,0.0,0.0,0.0,0.0,0.0,0.0,0.324982315,0.081245579,0.608121625
2025-08-10T07:00:00+02:00,WE_HOME,WE_HOME,True,FULL,FULL,False,,False,,,,0.070817278,0.130897257,0.365847633,0.0,0.0,0.0,0.0,0.0,0.324982315,0.081245579,0.973790062
2025-08-10T08:00:00+02:00,WE_HOME,WE_HOME,True,FULL,FULL,False,,False,,,,0.070291902,0.130897257,0.809566246,0.0,0.0,0.0,0.0,0.0,0.0,0.0,1.010755405
2025-08-10T09:00:00+02:00,WE_HOME,WE_HOME,True,FULL,FULL,False,,False,,,,0.069456149,0.130897257,0.0,0.0,0.0,0.0,0.0,0.0,0.0,0.0,0.200353406
2025-08-10T10:00:00+02:00,WE_HOME,WE_HOME,True,FULL,FULL,False,,False,,,,0.068366975,0.130897257,0.0,0.0,0.0,0.0,0.0,0.0,0.0,0.0,0.199264232
2025-08-10T11:00:00+02:00,WE_HOME,WE_HOME,True,FULL,FULL,False,,False,,,,0.067098604,0.130897257,0.0,0.0,0.0,0.0,0.0,0.0,0.0,0.0,0.197995861
2025-08-10T12:00:00+02:00,WE_HOME,WE_HOME,True,FULL,FULL,False,,False,,,,0.065737476,0.130897257,0.0,0.0,0.0,0.0,0.0,0.0,0.0,0.0,0.196634733
2025-08-10T13:00:00+02:00,WE_HOME,WE_HOME,True,FULL,FULL,False,,False,,,,0.064376347,0.130897257,0.0,0.0,0.0,0.0,0.0,0.0,0.0,0.0,0.195273604
2025-08-10T14:00:00+02:00,WE_HOME,WE_HOME,True,FULL,FULL,False,,False,,,,0.063107977,0.130897257,0.0,0.0,0.0,0.0,0.0,0.0,0.0,0.0,0.194005234
2025-08-10T15:00:00+02:00,WE_HOME,WE_HOME,True,FULL,FULL,False,,False,,,,0.062018802,0.130897257,0.0,0.0,0.0,0.0,0.0,0.0,0.0,0.0,0.192916059
2025-08-10T16:00:00+02:00,WE_HOME,WE_HOME,True,FULL,FULL,False,,False,,,,0.06118305,0.130897257,0.0,0.0,0.0,0.0,0.0,0.0,0.0,0.0,0.192080307
2025-08-10T17:00:00+02:00,WE_HOME,WE_HOME,True,FULL,FULL,False,,False,,,,0.060657674,0.130897257,0.0,0.0,0.0,0.0,0.0,0.0,0.0,0.0,0.191554931
2025-08-10T18:00:00+02:00,WE_HOME,WE_HOME,True,FULL,FULL,False,,False,,,,0.060478478,0.130897257,0.0,0.0,0.0,0.0,0.0,0.0,0.0,0.0,0.191375735
2025-08-10T19:00:00+02:00,WE_HOME,WE_HOME,True,FULL,FULL,False,,False,,,,0.060657674,0.130897257,0.0,0.0,0.0,0.0,0.0,0.005424185,0.0,0.0,0.196979116
2025-08-10T20:00:00+02:00,WE_HOME,WE_HOME,True,FULL,FULL,False,,False,,,,0.06118305,0.130897257,1.622346632,0.0,0.0,0.0,0.0,0.0,0.0,0.0,1.814426939
2025-08-10T21:00:00+02:00,WE_HOME,WE_HOME,True,FULL,FULL,False,,False,,,,0.062018802,0.130897257,2.45864511,0.0,0.0,0.0,0.159236683,0.026107162,0.0,0.0,2.836905014
2025-08-10T22:00:00+02:00,WE_HOME,WE_HOME,True,FULL,FULL,False,,False,,,,0.063107977,0.130897257,0.0,0.0,0.0,0.0,0.083192496,0.01074001,0.324982315,0.081245579,0.694165634
2025-08-10T23:00:00+02:00,WE_HOME,WE_HOME,True,FULL,FULL,False,,False,,,,0.064376347,0.130897257,0.0,0.0,0.0,0.0,0.0,0.0,0.324982315,0.081245579,0.601501498
2025-08-11T00:00:00+02:00,WD_HOME,WD_HOME,False,FULL,FULL,False,,False,,,,0.065737476,0.130897257,0.0,0.0,0.0,0.0,0.0,0.0,0.324982315,0.081245579,0.602862627
2025-08-11T01:00:00+02:00,WD_HOME,WD_HOME,False,FULL,FULL,False,,False,,,,0.067098604,0.130897257,0.0,0.0,0.0,0.0,0.0,0.0,0.324982315,0.081245579,0.604223755
2025-08-11T02:00:00+02:00,WD_HOME,WD_HOME,False,FULL,FULL,False,,False,,,,0.068366975,0.130897257,0.0,0.0,0.0,0.0,0.0,0.0,0.324982315,0.081245579,0.605492126
2025-08-11T03:00:00+02:00,WD_HOME,WD_HOME,False,FULL,FULL,False,,False,,,,0.069456149,0.130897257,0.0,0.0,0.0,0.0,0.0,0.0,0.324982315,0.081245579,0.6065813
2025-08-11T04:00:00+02:00,WD_HOME,WD_HOME,False,FULL,FULL,False,,False,,,,0.070291902,0.130897257,0.0,0.0,0.0,0.0,0.0,0.0,0.324982315,0.081245579,0.607417053
2025-08-11T05:00:00+02:00,WD_HOME,WD_HOME,False,FULL,FULL,False,,False,,,,0.070817278,0.130897257,0.0,0.0,0.0,0.0,0.0,0.0,0.324982315,0.081245579,0.607942429
2025-08-11T06:00:00+02:00,WD_HOME,WD_HOME,False,FULL,FULL,False,,False,,,,0.070996474,0.130897257,0.0,0.0,0.0,0.0,0.0,0.0,0.324982315,0.081245579,0.608121625
2025-08-11T07:00:00+02:00,WD_HOME,WD_HOME,False,FULL,FULL,False,,False,,,,0.070817278,0.130897257,2.747244996,0.0,0.0,0.0,0.0,0.0,0.324982315,0.081245579,3.355187425
2025-08-11T08:00:00+02:00,WD_HOME,WD_HOME,False,FULL,FULL,False,,False,,,,0.070291902,0.130897257,0.0,0.0,0.0,0.0,0.0,0.0,0.0,0.0,0.201189159
2025-08-11T09:00:00+02:00,WD_HOME,WD_HOME,False,FULL,FULL,False,,False,,,,0.069456149,0.130897257,0.0,0.0,0.0,0.0,0.0,0.0,0.0,0.0,0.200353406
2025-08-11T10:00:00+02:00,WD_HOME,WD_HOME,False,FULL,FULL,False,,False,,,,0.068366975,0.130897257,0.0,0.0,0.0,0.0,0.0,0.0,0.0,0.0,0.199264232
2025-08-11T11:00:00+02:00,WD_HOME,WD_HOME,False,FULL,FULL,False,,False,,,,0.067098604,0.130897257,0.0,0.0,0.0,0.0,0.0,0.0,0.0,0.0,0.197995861
2025-08-11T12:00:00+02:00,WD_HOME,WD_HOME,False,FULL,FULL,False,,False,,,,0.065737476,0.130897257,0.0,0.0,0.0,0.0,0.123532631,0.0,0.0,0.0,0.320167364
2025-08-11T13:00:00+02:00,WD_HOME,WD_HOME,False,FULL,FULL,False,,False,,,,0.064376347,0.130897257,0.0,0.0,0.0,0.0,0.150651723,0.0,0.0,0.0,0.345925327
2025-08-11T14:00:00+02:00,WD_HOME,WD_HOME,False,FULL,FULL,False,,False,,,,0.063107977,0.130897257,0.0,0.0,0.0,0.0,0.0,0.0,0.0,0.0,0.194005234
2025-08-11T15:00:00+02:00,WD_HOME,WD_HOME,False,FULL,FULL,False,,False,,,,0.062018802,0.130897257,0.0,0.0,0.0,0.0,0.0,0.0,0.0,0.0,0.192916059
2025-08-11T16:00:00+02:00,WD_HOME,WD_HOME,False,FULL,FULL,False,,False,,,,0.06118305,0.130897257,0.0,0.0,0.0,0.0,0.0,0.0,0.0,0.0,0.192080307
2025-08-11T17:00:00+02:00,WD_HOME,WD_HOME,False,FULL,FULL,False,,False,,,,0.060657674,0.130897257,0.0,0.0,0.0,0.0,0.0,0.0,0.0,0.0,0.191554931
2025-08-11T18:00:00+02:00,WD_HOME,WD_HOME,False,FULL,FULL,False,,False,,,,0.060478478,0.130897257,0.0,0.0,0.0,0.0,0.0,0.0,0.0,0.0,0.191375735
2025-08-11T19:00:00+02:00,WD_HOME,WD_HOME,False,FULL,FULL,False,,False,,,,0.060657674,0.130897257,0.0,0.0,0.0,0.0,0.0,0.0,0.0,0.0,0.191554931
2025-08-11T20:00:00+02:00,WD_HOME,WD_HOME,False,FULL,FULL,False,,False,,,,0.06118305,0.130897257,0.0,0.0,0.0,0.0,0.0,0.0,0.0,0.0,0.192080307
2025-08-11T21:00:00+02:00,WD_HOME,WD_HOME,False,FULL,FULL,False,,False,,,,0.062018802,0.130897257,0.0,0.0,0.0,0.0,0.0,0.0,0.0,0.0,0.192916059
2025-08-11T22:00:00+02:00,WD_HOME,WD_HOME,False,FULL,FULL,False,,False,,,,0.063107977,0.130897257,0.0,0.030467997,0.0,0.0,0.0,0.0,0.324982315,0.081245579,0.630701125
2025-08-11T23:00:00+02:00,WD_HOME,WD_HOME,False,FULL,FULL,False,,False,,,,0.064376347,0.130897257,0.0,0.465775356,0.0,0.0,0.0,0.0,0.324982315,0.081245579,1.067276854
2025-08-12T00:00:00+02:00,WD_HOME,WD_HOME,False,EMPTY,FULL,False,,False,,2025-08-12T08:52:19.081107+02:00,2025-08-12T17:50:44.098024+02:00,0.065737476,0.130897257,0.0,0.367329795,0.0,0.0,0.0,0.0,0.324982315,0.081245579,0.970192422
2025-08-12T01:00:00+02:00,WD_HOME,WD_HOME,False,EMPTY,FULL,False,,False,,2025-08-12T08:52:19.081107+02:00,2025-08-12T17:50:44.098024+02:00,0.067098604,0.130897257,0.0,0.0,0.0,0.0,0.0,0.0,0.324982315,0.081245579,0.604223755
2025-08-12T02:00:00+02:00,WD_HOME,WD_HOME,False,EMPTY,FULL,False,,False,,2025-08-12T08:52:19.081107+02:00,2025-08-12T17:50:44.098024+02:00,0.068366975,0.130897257,0.0,0.0,0.0,0.0,0.0,0.0,0.324982315,0.081245579,0.605492126
2025-08-12T03:00:00+02:00,WD_HOME,WD_HOME,False,EMPTY,FULL,False,,False,,2025-08-12T08:52:19.081107+02:00,2025-08-12T17:50:44.098024+02:00,0.069456149,0.130897257,0.0,0.0,0.0,0.0,0.0,0.0,0.324982315,0.081245579,0.6065813
2025-08-12T04:00:00+02:00,WD_HOME,WD_HOME,False,EMPTY,FULL,False,,False,,2025-08-12T08:52:19.081107+02:00,2025-08-12T17:50:44.098024+02:00,0.070291902,0.130897257,0.0,0.0,0.0,0.0,0.0,0.0,0.324982315,0.081245579,0.607417053
2025-08-12T05:00:00+02:00,WD_HOME,WD_HOME,False,EMPTY,FULL,False,,False,,2025-08-12T08:52:19.081107+02:00,2025-08-12T17:50:44.098024+02:00,0.070817278,0.130897257,0.0,0.0,0.0,0.0,0.0,0.0,0.324982315,0.081245579,0.607942429
2025-08-12T06:00:00+02:00,WD_HOME,WD_HOME,False,EMPTY,FULL,False,,False,,2025-08-12T08:52:19.081107+02:00,2025-08-12T17:50:44.098024+02:00,0.070996474,0.130897257,0.0,0.0,0.0,0.0,0.0,0.0,0.324982315,0.081245579,0.608121625
2025-08-12T07:00:00+02:00,WD_HOME,WD_HOME,False,EMPTY,FULL,False,,False,,2025-08-12T08:52:19.081107+02:00,2025-08-12T17:50:44.098024+02:00,0.070817278,0.130897257,1.085798717,0.0,0.0,0.0,0.0,0.0,0.324982315,0.081245579,1.693741146
2025-08-12T08:00:00+02:00,WD_HOME,WD_HOME,False,EMPTY,FULL,False,,False,,2025-08-12T08:52:19.081107+02:00,2025-08-12T17:50:44.098024+02:00,0.070291902,0.130897257,0.0,0.0,0.0,0.0,0.0,0.0,0.0,0.0,0.201189159
2025-08-12T09:00:00+02:00,WD_HOME,WD_HOME,False,EMPTY,EMPTY,False,,False,,2025-08-12T08:52:19.081107+02:00,2025-08-12T17:50:44.098024+02:00,0.069456149,0.130897257,0.0,0.0,0.0,0.0,0.0,0.0,0.0,0.0,0.200353406
2025-08-12T10:00:00+02:00,WD_HOME,WD_HOME,False,EMPTY,EMPTY,False,,False,,2025-08-12T08:52:19.081107+02:00,2025-08-12T17:50:44.098024+02:00,0.068366975,0.130897257,0.0,0.0,0.0,0.0,0.0,0.0,0.0,0.0,0.199264232
2025-08-12T11:00:00+02:00,WD_HOME,WD_HOME,False,EMPTY,EMPTY,False,,False,,2025-08-12T08:52:19.081107+02:00,2025-08-12T17:50:44.098024+02:00,0.067098604,0.130897257,0.0,0.0,0.0,0.0,0.0,0.0,0.0,0.0,0.197995861
2025-08-12T12:00:00+02:00,WD_HOME,WD_HOME,False,EMPTY,EMPTY,False,,False,,2025-08-12T08:52:19.081107+02:00,2025-08-12T17:50:44.098024+02:00,0.065737476,0.130897257,0.0,0.0,0.0,0.0,0.0,0.0,0.0,0.0,0.196634733
2025-08-12T13:00:00+02:00,WD_HOME,WD_HOME,False,EMPTY,EMPTY,False,,False,,2025-08-12T08:52:19.081107+02:00,2025-08-12T17:50:44.098024+02:00,0.064376347,0.130897257,0.0,0.0,0.0,0.0,0.0,0.0,0.0,0.0,0.195273604
2025-08-12T14:00:00+02:00,WD_HOME,WD_HOME,False,EMPTY,EMPTY,False,,False,,2025-08-12T08:52:19.081107+02:00,2025-08-12T17:50:44.098024+02:00,0.063107977,0.130897257,0.0,0.0,0.0,0.0,0.0,0.0,0.0,0.0,0.194005234
2025-08-12T15:00:00+02:00,WD_HOME,WD_HOME,False,EMPTY,EMPTY,False,,False,,2025-08-12T08:52:19.081107+02:00,2025-08-12T17:50:44.098024+02:00,0.062018802,0.130897257,0.0,0.0,0.0,0.0,0.0,0.0,0.0,0.0,0.192916059
2025-08-12T16:00:00+02:00,WD_HOME,WD_HOME,False,EMPTY,EMPTY,False,,False,,2025-08-12T08:52:19.081107+02:00,2025-08-12T17:50:44.098024+02:00,0.06118305,0.130897257,0.0,0.0,0.0,0.0,0.0,0.0,0.0,0.0,0.192080307
2025-08-12T17:00:00+02:00,WD_HOME,WD_HOME,False,EMPTY,EMPTY,False,,False,,2025-08-12T08:52:19.081107+02:00,2025-08-12T17:50:44.098024+02:00,0.060657674,0.130897257,0.0,0.0,0.0,0.0,0.0,0.0,0.0,0.0,0.191554931
2025-08-12T18:00:00+02:00,WD_HOME,WD_HOME,False,EMPTY,FULL,False,,False,,2025-08-12T08:52:19.081107+02:00,2025-08-12T17:50:44.098024+02:00,0.060478478,0.130897257,0.0,0.0,0.0,0.0,0.0,0.0,0.0,0.0,0.191375735
2025-08-12T19:00:00+02:00,WD_HOME,WD_HOME,False,EMPTY,FULL,False,,False,,2025-08-12T08:52:19.081107+02:00,2025-08-12T17:50:44.098024+02:00,0.060657674,0.130897257,0.0,0.0,0.0,0.0,0.212373179,0.017642878,0.0,0.0,0.421570988
2025-08-12T20:00:00+02:00,WD_HOME,WD_HOME,False,EMPTY,FULL,False,,False,,2025-08-12T08:52:19.081107+02:00,2025-08-12T17:50:44.098024+02:00,0.06118305,0.130897257,0.950860167,0.0,0.0,0.0,0.213222216,0.0,0.0,0.0,1.35616269
2025-08-12T21:00:00+02:00,WD_HOME,WD_HOME,False,EMPTY,FULL,False,,False,,2025-08-12T08:52:19.081107+02:00,2025-08-12T17:50:44.098024+02:00,0.062018802,0.130897257,1.573487719,0.0,0.0,0.0,0.0,0.01958129,0.0,0.0,1.785985068
2025-08-12T22:00:00+02:00,WD_HOME,WD_HOME,False,EMPTY,FULL,False,,False,,2025-08-12T08:52:19.081107+02:00,2025-08-12T17:50:44.098024+02:00,0.063107977,0.130897257,0.0,0.0,0.0,0.0,0.0,0.0,0.324982315,0.081245579,0.600233128
2025-08-12T23:00:00+02:00,WD_HOME,WD_HOME,False,EMPTY,FULL,False,,False,,2025-08-12T08:52:19.081107+02:00,2025-08-12T17:50:44.098024+02:00,0.064376347,0.130897257,0.0,0.0,0.0,0.0,0.0,0.0,0.324982315,0.081245579,0.601501498
2025-08-13T00:00:00+02:00,WD_HOME,WD_HOME,False,FULL,FULL,False,,False,,,,0.065737476,0.130897257,0.0,0.0,0.0,0.0,0.0,0.0,0.324982315,0.081245579,0.602862627
2025-08-13T01:00:00+02:00,WD_HOME,WD_HOME,False,FULL,FULL,False,,False,,,,0.067098604,0.130897257,0.0,0.0,0.0,0.0,0.0,0.0,0.324982315,0.081245579,0.604223755
2025-08-13T02:00:00+02:00,WD_HOME,WD_HOME,False,FULL,FULL,False,,False,,,,0.068366975,0.130897257,0.0,0.0,0.0,0.0,0.0,0.0,0.324982315,0.081245579,0.605492126
2025-08-13T03:00:00+02:00,WD_HOME,WD_HOME,False,FULL,FULL,False,,False,,,,0.069456149,0.130897257,0.0,0.0,0.0,0.0,0.0,0.0,0.324982315,0.081245579,0.6065813
2025-08-13T04:00:00+02:00,WD_HOME,WD_HOME,False,FULL,FULL,False,,False,,,,0.070291902,0.130897257,0.0,0.0,0.0,0.0,0.0,0.0,0.324982315,0.081245579,0.607417053
2025-08-13T05:00:00+02:00,WD_HOME,WD_HOME,False,FULL,FULL,False,,False,,,,0.070817278,0.130897257,0.0,0.0,0.0,0.0,0.0,0.0,0.324982315,0.081245579,0.607942429
2025-08-13T06:00:00+02:00,WD_HOME,WD_HOME,False,FULL,FULL,False,,False,,,,0.070996474,0.130897257,0.0,0.0,0.0,0.0,0.0,0.0,0.324982315,0.081245579,0.608121625
2025-08-13T07:00:00+02:00,WD_HOME,WD_HOME,False,FULL,FULL,False,,False,,,,0.070817278,0.130897257,0.818744868,0.0,0.0,0.0,0.0,0.0,0.324982315,0.081245579,1.426687297
2025-08-13T08:00:00+02:00,WD_HOME,WD_HOME,False,FULL,FULL,False,,False,,,,0.070291902,0.130897257,0.0,0.0,0.0,0.0,0.0,0.0,0.0,0.0,0.201189159
2025-08-13T09:00:00+02:00,WD_HOME,WD_HOME,False,FULL,FULL,False,,False,,,,0.069456149,0.130897257,0.0,0.0,0.0,0.0,0.0,0.0,0.0,0.0,0.200353406
2025-08-13T10:00:00+02:00,WD_HOME,WD_HOME,False,FULL,FULL,False,,False,,,,0.068366975,0.130897257,0.0,0.0,0.0,0.0,0.0,0.0,0.0,0.0,0.199264232
2025-08-13T11:00:00+02:00,WD_HOME,WD_HOME,False,FULL,FULL,False,,False,,,,0.067098604,0.130897257,0.0,0.0,0.0,0.0,0.0,0.0,0.0,0.0,0.197995861
2025-08-13T12:00:00+02:00,WD_HOME,WD_HOME,False,FULL,FULL,False,,False,,,,0.065737476,0.130897257,0.0,0.0,0.0,0.0,0.0,0.0,0.0,0.0,0.196634733
2025-08-13T13:00:00+02:00,WD_HOME,WD_HOME,False,FULL,FULL,False,,False,,,,0.064376347,0.130897257,0.0,0.0,0.0,0.0,0.0,0.0,0.0,0.0,0.195273604
2025-08-13T14:00:00+02:00,WD_HOME,WD_HOME,False,FULL,FULL,False,,False,,,,0.063107977,0.130897257,0.0,0.0,0.0,0.0,0.0,0.0,0.0,0.0,0.194005234
2025-08-13T15:00:00+02:00,WD_HOME,WD_HOME,False,FULL,FULL,False,,False,,,,0.062018802,0.130897257,0.0,0.0,0.0,0.0,0.0,0.0,0.0,0.0,0.192916059
2025-08-13T16:00:00+02:00,WD_HOME,WD_HOME,False,FULL,FULL,False,,False,,,,0.06118305,0.130897257,0.0,0.0,0.0,0.0,0.0,0.0,0.0,0.0,0.192080307
2025-08-13T17:00:00+02:00,WD_HOME,WD_HOME,False,FULL,FULL,False,,False,,,,0.060657674,0.130897257,0.0,0.0,0.0,0.0,0.0,0.0,0.0,0.0,0.191554931
2025-08-13T18:00:00+02:00,WD_HOME,WD_HOME,False,FULL,FULL,False,,False,,,,0.060478478,0.130897257,0.0,0.0,0.0,0.0,0.0,0.0,0.0,0.0,0.191375735
2025-08-13T19:00:00+02:00,WD_HOME,WD_HOME,False,FULL,FULL,False,,False,,,,0.060657674,0.130897257,0.0,0.0,0.0,0.0,0.176612627,0.015995891,0.0,0.0,0.384163449
2025-08-13T20:00:00+02:00,WD_HOME,WD_HOME,False,FULL,FULL,False,,False,,,,0.06118305,0.130897257,0.745969806,0.074589851,0.0,0.0,0.16817578,0.0,0.0,0.0,1.180815744
2025-08-13T21:00:00+02:00,WD_HOME,WD_HOME,False,FULL,FULL,False,,False,,,,0.062018802,0.130897257,4.270660812,0.629549465,0.0,0.0,0.0,0.010638228,0.0,0.0,5.103764564
2025-08-13T22:00:00+02:00,WD_HOME,WD_HOME,False,FULL,FULL,False,,False,,,,0.063107977,0.130897257,0.988044665,0.449831486,0.0,0.0,0.0,0.01390273,0.324982315,0.081245579,2.052012009
2025-08-13T23:00:00+02:00,WD_HOME,WD_HOME,False,FULL,FULL,False,,False,,,,0.064376347,0.130897257,0.0,0.0,0.0,0.0,0.0,0.0,0.324982315,0.081245579,0.601501498
2025-08-14T00:00:00+02:00,WD_HOME,WD_HOME,False,EMPTY,FULL,False,,False,,2025-08-14T08:58:52.437602+02:00,2025-08-14T17:16:29.898808+02:00,0.065737476,0.130897257,0.0,0.0,0.0,0.0,0.0,0.0,0.324982315,0.081245579,0.602862627
2025-08-14T01:00:00+02:00,WD_HOME,WD_HOME,False,EMPTY,FULL,False,,False,,2025-08-14T08:58:52.437602+02:00,2025-08-14T17:16:29.898808+02:00,0.067098604,0.130897257,0.0,0.0,0.0,0.0,0.0,0.0,0.324982315,0.081245579,0.604223755
2025-08-14T02:00:00+02:00,WD_HOME,WD_HOME,False,EMPTY,FULL,False,,False,,2025-08-14T08:58:52.437602+02:00,2025-08-14T17:16:29.898808+02:00,0.068366975,0.130897257,0.0,0.0,0.0,0.0,0.0,0.0,0.324982315,0.081245579,0.605492126
2025-08-14T03:00:00+02:00,WD_HOME,WD_HOME,False,EMPTY,FULL,False,,False,,2025-08-14T08:58:52.437602+02:00,2025-08-14T17:16:29.898808+02:00,0.069456149,0.130897257,0.0,0.0,0.0,0.0,0.0,0.0,0.324982315,0.081245579,0.6065813
2025-08-14T04:00:00+02:00,WD_HOME,WD_HOME,False,EMPTY,FULL,False,,False,,2025-08-14T08:58:52.437602+02:00,2025-08-14T17:16:29.898808+02:00,0.070291902,0.130897257,0.0,0.0,0.0,0.0,0.0,0.0,0.324982315,0.081245579,0.607417053
2025-08-14T05:00:00+02:00,WD_HOME,WD_HOME,False,EMPTY,FULL,False,,False,,2025-08-14T08:58:52.437602+02:00,2025-08-14T17:16:29.898808+02:00,0.070817278,0.130897257,0.0,0.0,0.0,0.0,0.0,0.0,0.324982315,0.081245579,0.607942429
2025-08-14T06:00:00+02:00,WD_HOME,WD_HOME,False,EMPTY,FULL,False,,False,,2025-08-14T08:58:52.437602+02:00,2025-08-14T17:16:29.898808+02:00,0.070996474,0.130897257,0.0,0.0,0.0,0.0,0.0,0.0,0.324982315,0.081245579,0.608121625
2025-08-14T07:00:00+02:00,WD_HOME,WD_HOME,False,EMPTY,FULL,False,,False,,2025-08-14T08:58:52.437602+02:00,2025-08-14T17:16:29.898808+02:00,0.070817278,0.130897257,0.0,0.0,0.0,0.0,0.0,0.0,0.324982315,0.081245579,0.607942429
2025-08-14T08:00:00+02:00,WD_HOME,WD_HOME,False,EMPTY,FULL,False,,False,,2025-08-14T08:58:52.437602+02:00,2025-08-14T17:16:29.898808+02:00,0.070291902,0.130897257,0.0,0.0,0.0,0.0,0.0,0.0,0.0,0.0,0.201189159
2025-08-14T09:00:00+02:00,WD_HOME,WD_HOME,False,EMPTY,EMPTY,False,,False,,2025-08-14T08:58:52.437602+02:00,2025-08-14T17:16:29.898808+02:00,0.069456149,0.130897257,0.0,0.0,0.0,0.0,0.0,0.0,0.0,0.0,0.200353406
2025-08-14T10:00:00+02:00,WD_HOME,WD_HOME,False,EMPTY,EMPTY,False,,False,,2025-08-14T08:58:52.437602+02:00,2025-08-14T17:16:29.898808+02:00,0.068366975,0.130897257,0.0,0.0,0.0,0.0,0.0,0.0,0.0,0.0,0.199264232
2025-08-14T11:00:00+02:00,WD_HOME,WD_HOME,False,EMPTY,EMPTY,False,,False,,2025-08-14T08:58:52.437602+02:00,2025-08-14T17:16:29.898808+02:00,0.067098604,0.130897257,0.0,0.0,0.0,0.0,0.0,0.0,0.0,0.0,0.197995861
2025-08-14T12:00:00+02:00,WD_HOME,WD_HOME,False,EMPTY,EMPTY,False,,False,,2025-08-14T08:58:52.437602+02:00,2025-08-14T17:16:29.898808+02:00,0.065737476,0.130897257,0.0,0.0,0.0,0.0,0.0,0.0,0.0,0.0,0.196634733
2025-08-14T13:00:00+02:00,WD_HOME,WD_HOME,False,EMPTY,EMPTY,False,,False,,2025-08-14T08:58:52.437602+02:00,2025-08-14T17:16:29.898808+02:00,0.064376347,0.130897257,0.0,0.0,0.0,0.0,0.0,0.0,0.0,0.0,0.195273604
2025-08-14T14:00:00+02:00,WD_HOME,WD_HOME,False,EMPTY,EMPTY,False,,False,,2025-08-14T08:58:52.437602+02:00,2025-08-14T17:16:29.898808+02:00,0.063107977,0.130897257,0.0,0.0,0.0,0.0,0.0,0.0,0.0,0.0,0.194005234
2025-08-14T15:00:00+02:00,WD_HOME,WD_HOME,False,EMPTY,EMPTY,False,,False,,2025-08-14T08:58:52.437602+02:00,2025-08-14T17:16:29.898808+02:00,0.062018802,0.130897257,0.0,0.0,0.0,0.0,0.0,0.0,0.0,0.0,0.192916059
2025-08-14T16:00:00+02:00,WD_HOME,WD_HOME,False,EMPTY,EMPTY,False,,False,,2025-08-14T08:58:52.437602+02:00,2025-08-14T17:16:29.898808+02:00,0.06118305,0.130897257,0.0,0.0,0.0,0.0,0.0,0.0,0.0,0.0,0.192080307
2025-08-14T17:00:00+02:00,WD_HOME,WD_HOME,False,EMPTY,FULL,False,,False,,2025-08-14T08:58:52.437602+02:00,2025-08-14T17:16:29.898808+02:00,0.060657674,0.130897257,0.0,0.0,0.0,0.0,0.0,0.0,0.0,0.0,0.191554931
2025-08-14T18:00:00+02:00,WD_HOME,WD_HOME,False,EMPTY,FULL,False,,False,,2025-08-14T08:58:52.437602+02:00,2025-08-14T17:16:29.898808+02:00,0.060478478,0.130897257,0.0,0.0,0.0,0.0,0.0,0.017056843,0.0,0.0,0.208432578
2025-08-14T19:00:00+02:00,WD_HOME,WD_HOME,False,EMPTY,FULL,False,,False,,2025-08-14T08:58:52.437602+02:00,2025-08-14T17:16:29.898808+02:00,0.060657674,0.130897257,0.0,0.0,0.0,0.0,0.118067736,0.016190225,0.0,0.0,0.325812892
2025-08-14T20:00:00+02:00,WD_HOME,WD_HOME,False,EMPTY,FULL,False,,False,,2025-08-14T08:58:52.437602+02:00,2025-08-14T17:16:29.898808+02:00,0.06118305,0.130897257,0.0,0.469733248,0.0,0.0,0.093993444,0.0,0.0,0.0,0.755806999
2025-08-14T21:00:00+02:00,WD_HOME,WD_HOME,False,EMPTY,FULL,False,,False,,2025-08-14T08:58:52.437602+02:00,2025-08-14T17:16:29.898808+02:00,0.062018802,0.130897257,0.0,0.601087242,0.0,0.0,0.0,0.0,0.0,0.0,0.794003301
2025-08-14T22:00:00+02:00,WD_HOME,WD_HOME,False,EMPTY,FULL,False,,False,,2025-08-14T08:58:52.437602+02:00,2025-08-14T17:16:29.898808+02:00,0.063107977,0.130897257,0.0,0.0,0.0,0.0,0.0,0.0,0.324982315,0.081245579,0.600233128
2025-08-14T23:00:00+02:00,WD_HOME,WD_HOME,False,EMPTY,FULL,False,,False,,2025-08-14T08:58:52.437602+02:00,2025-08-14T17:16:29.898808+02:00,0.064376347,0.130897257,0.0,0.0,0.0,0.0,0.0,0.019680488,0.324982315,0.081245579,0.621181986
2025-08-15T00:00:00+02:00,WD_HOME,WD_HOME,False,EMPTY,FULL,False,,False,,2025-08-15T08:40:52.064735+02:00,2025-08-15T18:58:19.153344+02:00,0.065737476,0.130897257,0.0,0.0,0.0,0.0,0.0,0.0,0.324982315,0.081245579,0.602862627
2025-08-15T01:00:00+02:00,WD_HOME,WD_HOME,False,EMPTY,FULL,False,,False,,2025-08-15T08:40:52.064735+02:00,2025-08-15T18:58:19.153344+02:00,0.067098604,0.130897257,0.0,0.0,0.0,0.0,0.0,0.0,0.324982315,0.081245579,0.604223755
2025-08-15T02:00:00+02:00,WD_HOME,WD_HOME,False,EMPTY,FULL,False,,False,,2025-08-15T08:40:52.064735+02:00,2025-08-15T18:58:19.153344+02:00,0.068366975,0.130897257,0.0,0.0,0.0,0.0,0.0,0.0,0.324982315,0.081245579,0.605492126
2025-08-15T03:00:00+02:00,WD_HOME,WD_HOME,False,EMPTY,FULL,False,,False,,2025-08-15T08:40:52.064735+02:00,2025-08-15T18:58:19.153344+02:00,0.069456149,0.130897257,0.0,0.0,0.0,0.0,0.0,0.0,0.324982315,0.081245579,0.6065813
2025-08-15T04:00:00+02:00,WD_HOME,WD_HOME,False,EMPTY,FULL,False,,False,,2025-08-15T08:40:52.064735+02:00,2025-08-15T18:58:19.153344+02:00,0.070291902,0.130897257,0.0,0.0,0.0,0.0,0.0,0.0,0.324982315,0.081245579,0.607417053
2025-08-15T05:00:00+02:00,WD_HOME,WD_HOME,False,EMPTY,FULL,False,,False,,2025-08-15T08:40:52.064735+02:00,2025-08-15T18:58:19.153344+02:00,0.070817278,0.130897257,0.0,0.0,0.0,0.0,0.0,0.0,0.324982315,0.081245579,0.607942429
2025-08-15T06:00:00+02:00,WD_HOME,WD_HOME,False,EMPTY,FULL,False,,False,,2025-08-15T08:40:52.064735+02:00,2025-08-15T18:58:19.153344+02:00,0.070996474,0.130897257,0.0,0.0,0.0,0.0,0.0,0.0,0.324982315,0.081245579,0.608121625
2025-08-15T07:00:00+02:00,WD_HOME,WD_HOME,False,EMPTY,FULL,False,,False,,2025-08-15T08:40:52.064735+02:00,2025-08-15T18:58:19.153344+02:00,0.070817278,0.130897257,0.0,0.0,0.0,0.0,0.0,0.0,0.324982315,0.081245579,0.607942429
2025-08-15T08:00:00+02:00,WD_HOME,WD_HOME,False,EMPTY,FULL,False,,False,,2025-08-15T08:40:52.064735+02:00,2025-08-15T18:58:19.153344+02:00,0.070291902,0.130897257,0.984198608,0.0,0.0,0.0,0.0,0.0,0.0,0.0,1.185387767
2025-08-15T09:00:00+02:00,WD_HOME,WD_HOME,False,EMPTY,EMPTY,False,,False,,2025-08-15T08:40:52.064735+02:00,2025-08-15T18:58:19.153344+02:00,0.069456149,0.130897257,0.0,0.0,0.0,0.0,0.0,0.0,0.0,0.0,0.200353406
2025-08-15T10:00:00+02:00,WD_HOME,WD_HOME,False,EMPTY,EMPTY,False,,False,,2025-08-15T08:40:52.064735+02:00,2025-08-15T18:58:19.153344+02:00,0.068366975,0.130897257,0.0,0.0,0.0,0.0,0.0,0.0,0.0,0.0,0.199264232
2025-08-15T11:00:00+02:00,WD_HOME,WD_HOME,False,EMPTY,EMPTY,False,,False,,2025-08-15T08:40:52.064735+02:00,2025-08-15T18:58:19.153344+02:00,0.067098604,0.130897257,0.0,0.0,0.0,0.0,0.0,0.0,0.0,0.0,0.197995861
2025-08-15T12:00:00+02:00,WD_HOME,WD_HOME,False,EMPTY,EMPTY,False,,False,,2025-08-15T08:40:52.064735+02:00,2025-08-15T18:58:19.153344+02:00,0.065737476,0.130897257,0.0,0.0,0.0,0.0,0.0,0.0,0.0,0.0,0.196634733
2025-08-15T13:00:00+02:00,WD_HOME,WD_HOME,False,EMPTY,EMPTY,False,,False,,2025-08-15T08:40:52.064735+02:00,2025-08-15T18:58:19.153344+02:00,0.064376347,0.130897257,0.0,0.0,0.0,0.0,0.0,0.0,0.0,0.0,0.195273604
2025-08-15T14:00:00+02:00,WD_HOME,WD_HOME,False,EMPTY,EMPTY,False,,False,,2025-08-15T08:40:52.064735+02:00,2025-08-15T18:58:19.153344+02:00,0.063107977,0.130897257,0.0,0.0,0.0,0.0,0.0,0.0,0.0,0.0,0.194005234
2025-08-15T15:00:00+02:00,WD_HOME,WD_HOME,False,EMPTY,EMPTY,False,,False,,2025-08-15T08:40:52.064735+02:00,2025-08-15T18:58:19.153344+02:00,0.062018802,0.130897257,0.0,0.0,0.0,0.0,0.0,0.0,0.0,0.0,0.192916059
2025-08-15T16:00:00+02:00,WD_HOME,WD_HOME,False,EMPTY,EMPTY,False,,False,,2025-08-15T08:40:52.064735+02:00,2025-08-15T18:58:19.153344+02:00,0.06118305,0.130897257,0.0,0.0,0.0,0.0,0.0,0.0,0.0,0.0,0.192080307
2025-08-15T17:00:00+02:00,WD_HOME,WD_HOME,False,EMPTY,EMPTY,False,,False,,2025-08-15T08:40:52.064735+02:00,2025-08-15T18:58:19.153344+02:00,0.060657674,0.130897257,0.0,0.0,0.0,0.0,0.0,0.0,0.0,0.0,0.191554931
2025-08-15T18:00:00+02:00,WD_HOME,WD_HOME,False,EMPTY,EMPTY,False,,False,,2025-08-15T08:40:52.064735+02:00,2025-08-15T18:58:19.153344+02:00,0.060478478,0.130897257,1.327748806,0.0,0.0,0.0,0.0,0.035271099,0.0,0.0,1.55439564
2025-08-15T19:00:00+02:00,WD_HOME,WD_HOME,False,EMPTY,FULL,False,,False,,2025-08-15T08:40:52.064735+02:00,2025-08-15T18:58:19.153344+02:00,0.060657674,0.130897257,0.413661991,0.0,0.0,0.0,0.0,0.0,0.0,0.0,0.605216922
2025-08-15T20:00:00+02:00,WD_HOME,WD_HOME,False,EMPTY,FULL,False,,False,,2025-08-15T08:40:52.064735+02:00,2025-08-15T18:58:19.153344+02:00,0.06118305,0.130897257,0.0,0.0,0.0,0.0,0.171775245,0.0,0.0,0.0,0.363855552
2025-08-15T21:00:00+02:00,WD_HOME,WD_HOME,False,EMPTY,FULL,False,,False,,2025-08-15T08:40:52.064735+02:00,2025-08-15T18:58:19.153344+02:00,0.062018802,0.130897257,0.0,0.0,0.0,0.0,0.415716855,0.0,0.0,0.0,0.608632914
2025-08-15T22:00:00+02:00,WD_HOME,WD_HOME,False,EMPTY,FULL,False,,False,,2025-08-15T08:40:52.064735+02:00,2025-08-15T18:58:19.153344+02:00,0.063107977,0.130897257,0.0,0.0,0.0,0.0,0.121099248,0.0,0.324982315,0.081245579,0.721332376
2025-08-15T23:00:00+02:00,WD_HOME,WD_HOME,False,EMPTY,FULL,False,,False,,2025-08-15T08:40:52.064735+02:00,2025-08-15T18:58:19.153344+02:00,0.064376347,0.130897257,0.0,0.0,0.0,0.0,0.0,0.0,0.324982315,0.081245579,0.601501498
2025-08-16T00:00:00+02:00,WE_HOME,WE_HOME,True,FULL,FULL,False,,False,,,,0.065737476,0.130897257,0.0,0.0,0.0,0.0,0.0,0.0,0.324982315,0.081245579,0.602862627
2025-08-16T01:00:00+02:00,WE_HOME,WE_HOME,True,FULL,FULL,False,,False,,,,0.067098604,0.130897257,0.0,0.0,0.0,0.0,0.0,0.0,0.324982315,0.081245579,0.604223755
2025-08-16T02:00:00+02:00,WE_HOME,WE_HOME,True,FULL,FULL,False,,False,,,,0.068366975,0.130897257,0.0,0.0,0.0,0.0,0.0,0.0,0.324982315,0.081245579,0.605492126
2025-08-16T03:00:00+02:00,WE_HOME,WE_HOME,True,FULL,FULL,False,,False,,,,0.069456149,0.130897257,0.0,0.0,0.0,0.0,0.0,0.0,0.324982315,0.081245579,0.6065813
2025-08-16T04:00:00+02:00,WE_HOME,WE_HOME,True,FULL,FULL,False,,False,,,,0.070291902,0.130897257,0.0,0.0,0.0,0.0,0.0,0.0,0.324982315,0.081245579,0.607417053
2025-08-16T05:00:00+02:00,WE_HOME,WE_HOME,True,FULL,FULL,False,,False,,,,0.070817278,0.130897257,0.0,0.0,0.0,0.0,0.0,0.0,0.324982315,0.081245579,0.607942429
2025-08-16T06:00:00+02:00,WE_HOME,WE_HOME,True,FULL,FULL,False,,False,,,,0.070996474,0.130897257,0.0,0.0,0.0,0.0,0.0,0.0,0.324982315,0.081245579,0.608121625
2025-08-16T07:00:00+02:00,WE_HOME,WE_HOME,True,FULL,FULL,False,,False,,,,0.070817278,0.130897257,0.0,0.0,0.0,0.0,0.0,0.0,0.324982315,0.081245579,0.607942429
2025-08-16T08:00:00+02:00,WE_HOME,WE_HOME,True,FULL,FULL,False,,False,,,,0.070291902,0.130897257,0.0,0.0,0.0,0.0,0.0,0.0,0.0,0.0,0.201189159
2025-08-16T09:00:00+02:00,WE_HOME,WE_HOME,True,FULL,FULL,False,,False,,,,0.069456149,0.130897257,0.0,0.0,0.0,0.0,0.0,0.0,0.0,0.0,0.200353406
2025-08-16T10:00:00+02:00,WE_HOME,WE_HOME,True,FULL,FULL,False,,False,,,,0.068366975,0.130897257,0.0,0.0,0.0,0.0,0.01038843,0.0,0.0,0.0,0.209652662
2025-08-16T11:00:00+02:00,WE_HOME,WE_HOME,True,FULL,FULL,False,,False,,,,0.067098604,0.130897257,0.0,0.0,0.0,0.0,0.224168266,0.0,0.0,0.0,0.422164127
2025-08-16T12:00:00+02:00,WE_HOME,WE_HOME,True,FULL,FULL,False,,False,,,,0.065737476,0.130897257,0.0,0.0,0.0,0.0,0.209549037,0.0,0.0,0.0,0.40618377
2025-08-16T13:00:00+02:00,WE_HOME,WE_HOME,True,FULL,FULL,False,,False,,,,0.064376347,0.130897257,0.0,0.0,0.0,0.0,0.0,0.0,0.0,0.0,0.195273604
2025-08-16T14:00:00+02:00,WE_HOME,WE_HOME,True,FULL,FULL,False,,False,,,,0.063107977,0.130897257,0.0,0.0,0.0,0.0,0.0,0.0,0.0,0.0,0.194005234
2025-08-16T15:00:00+02:00,WE_HOME,WE_HOME,True,FULL,FULL,False,,False,,,,0.062018802,0.130897257,0.0,0.0,0.0,0.0,0.0,0.0,0.0,0.0,0.192916059
2025-08-16T16:00:00+02:00,WE_HOME,WE_HOME,True,FULL,FULL,False,,False,,,,0.06118305,0.130897257,0.0,0.0,0.0,0.0,0.0,0.0,0.0,0.0,0.192080307
2025-08-16T17:00:00+02:00,WE_HOME,WE_HOME,True,FULL,FULL,False,,False,,,,0.060657674,0.130897257,0.0,0.0,0.0,0.0,0.0,0.0,0.0,0.0,0.191554931
2025-08-16T18:00:00+02:00,WE_HOME,WE_HOME,True,FULL,FULL,False,,False,,,,0.060478478,0.130897257,0.0,0.0,0.0,0.0,0.0,0.005677644,0.0,0.0,0.197053379
2025-08-16T19:00:00+02:00,WE_HOME,WE_HOME,True,FULL,FULL,False,,False,,,,0.060657674,0.130897257,0.0,0.0,0.0,0.0,0.176585034,0.0,0.0,0.0,0.368139965
2025-08-16T20:00:00+02:00,WE_HOME,WE_HOME,True,FULL,FULL,False,,False,,,,0.06118305,0.130897257,3.71183537,0.350799341,0.0,0.0,0.415716855,0.0,0.0,0.0,4.670431873
2025-08-16T21:00:00+02:00,WE_HOME,WE_HOME,True,FULL,FULL,False,,False,,,,0.062018802,0.130897257,1.814215941,0.549526871,0.0,0.0,0.415716855,0.0,0.0,0.0,2.972375726
2025-08-16T22:00:00+02:00,WE_HOME,WE_HOME,True,FULL,FULL,False,,False,,,,0.063107977,0.130897257,0.0,0.0,0.0,0.0,0.22345817,0.007406386,0.324982315,0.081245579,0.831097684
2025-08-16T23:00:00+02:00,WE_HOME,WE_HOME,True,FULL,FULL,False,,False,,,,0.064376347,0.130897257,0.0,0.0,0.0,0.0,0.0,0.014772182,0.324982315,0.081245579,0.61627368
2025-08-17T00:00:00+02:00,WE_HOME,WE_HOME,True,EMPTY,FULL,False,,False,,2025-08-17T12:56:11.203001+02:00,2025-08-17T18:23:36.769499+02:00,0.065737476,0.130897257,0.0,0.0,0.0,0.0,0.0,0.0,0.324982315,0.081245579,0.602862627
2025-08-17T01:00:00+02:00,WE_HOME,WE_HOME,True,EMPTY,FULL,False,,False,,2025-08-17T12:56:11.203001+02:00,2025-08-17T18:23:36.769499+02:00,0.067098604,0.130897257,0.0,0.0,0.0,0.0,0.0,0.0,0.324982315,0.081245579,0.604223755
2025-08-17T02:00:00+02:00,WE_HOME,WE_HOME,True,EMPTY,FULL,False,,False,,2025-08-17T12:56:11.203001+02:00,2025-08-17T18:23:36.769499+02:00,0.068366975,0.130897257,0.0,0.0,0.0,0.0,0.0,0.0,0.324982315,0.081245579,0.605492126
2025-08-17T03:00:00+02:00,WE_HOME,WE_HOME,True,EMPTY,FULL,False,,False,,2025-08-17T12:56:11.203001+02:00,2025-08-17T18:23:36.769499+02:00,0.069456149,0.130897257,0.0,0.0,0.0,0.0,0.0,0.0,0.324982315,0.081245579,0.6065813
2025-08-17T04:00:00+02:00,WE_HOME,WE_HOME,True,EMPTY,FULL,False,,False,,2025-08-17T12:56:11.203001+02:00,2025-08-17T18:23:36.769499+02:00,0.070291902,0.130897257,0.0,0.0,0.0,0.0,0.0,0.0,0.324982315,0.081245579,0.607417053
2025-08-17T05:00:00+02:00,WE_HOME,WE_HOME,True,EMPTY,FULL,False,,False,,2025-08-17T12:56:11.203001+02:00,2025-08-17T18:23:36.769499+02:00,0.070817278,0.130897257,0.0,0.0,0.0,0.0,0.0,0.0,0.324982315,0.081245579,0.607942429
2025-08-17T06:00:00+02:00,WE_HOME,WE_HOME,True,EMPTY,FULL,False,,False,,2025-08-17T12:56:11.203001+02:00,2025-08-17T18:23:36.769499+02:00,0.070996474,0.130897257,1.906507223,0.0,0.0,0.0,0.0,0.0,0.324982315,0.081245579,2.514628848
2025-08-17T07:00:00+02:00,WE_HOME,WE_HOME,True,EMPTY,FULL,False,,False,,2025-08-17T12:56:11.203001+02:00,2025-08-17T18:23:36.769499+02:00,0.070817278,0.130897257,1.134335311,0.0,0.0,0.0,0.0,0.0,0.324982315,0.081245579,1.74227774
2025-08-17T08:00:00+02:00,WE_HOME,WE_HOME,True,EMPTY,FULL,False,,False,,2025-08-17T12:56:11.203001+02:00,2025-08-17T18:23:36.769499+02:00,0.070291902,0.130897257,0.0,0.0,0.0,0.0,0.0,0.0,0.0,0.0,0.201189159
2025-08-17T09:00:00+02:00,WE_HOME,WE_HOME,True,EMPTY,FULL,False,,False,,2025-08-17T12:56:11.203001+02:00,2025-08-17T18:23:36.769499+02:00,0.069456149,0.130897257,0.0,0.0,0.0,0.0,0.0,0.0,0.0,0.0,0.200353406
2025-08-17T10:00:00+02:00,WE_HOME,WE_HOME,True,EMPTY,FULL,False,,False,,2025-08-17T12:56:11.203001+02:00,2025-08-17T18:23:36.769499+02:00,0.068366975,0.130897257,0.0,0.0,0.0,0.0,0.0,0.0,0.0,0.0,0.199264232
2025-08-17T11:00:00+02:00,WE_HOME,WE_HOME,True,EMPTY,FULL,False,,False,,2025-08-17T12:56:11.203001+02:00,2025-08-17T18:23:36.769499+02:00,0.067098604,0.130897257,0.0,0.0,0.0,0.0,0.0,0.0,0.0,0.0,0.197995861
2025-08-17T12:00:00+02:00,WE_HOME,WE_HOME,True,EMPTY,FULL,False,,False,,2025-08-17T12:56:11.203001+02:00,2025-08-17T18:23:36.769499+02:00,0.065737476,0.130897257,0.0,0.0,0.0,0.0,0.0,0.0,0.0,0.0,0.196634733
2025-08-17T13:00:00+02:00,WE_HOME,WE_HOME,True,EMPTY,EMPTY,False,,False,,2025-08-17T12:56:11.203001+02:00,2025-08-17T18:23:36.769499+02:00,0.064376347,0.130897257,0.0,0.0,0.0,0.0,0.0,0.0,0.0,0.0,0.195273604
2025-08-17T14:00:00+02:00,WE_HOME,WE_HOME,True,EMPTY,EMPTY,False,,False,,2025-08-17T12:56:11.203001+02:00,2025-08-17T18:23:36.769499+02:00,0.063107977,0.130897257,0.0,0.0,0.0,0.0,0.0,0.0,0.0,0.0,0.194005234
2025-08-17T15:00:00+02:00,WE_HOME,WE_HOME,True,EMPTY,EMPTY,False,,False,,2025-08-17T12:56:11.203001+02:00,2025-08-17T18:23:36.769499+02:00,0.062018802,0.130897257,0.0,0.0,0.0,0.0,0.0,0.0,0.0,0.0,0.192916059
2025-08-17T16:00:00+02:00,WE_HOME,WE_HOME,True,EMPTY,EMPTY,False,,False,,2025-08-17T12:56:11.203001+02:00,2025-08-17T18:23:36.769499+02:00,0.06118305,0.130897257,0.0,0.0,0.0,0.0,0.0,0.0,0.0,0.0,0.192080307
2025-08-17T17:00:00+02:00,WE_HOME,WE_HOME,True,EMPTY,EMPTY,False,,False,,2025-08-17T12:56:11.203001+02:00,2025-08-17T18:23:36.769499+02:00,0.060657674,0.130897257,0.0,0.0,0.0,0.0,0.0,0.0,0.0,0.0,0.191554931
2025-08-17T18:00:00+02:00,WE_HOME,WE_HOME,True,EMPTY,FULL,False,,False,,2025-08-17T12:56:11.203001+02:00,2025-08-17T18:23:36.769499+02:00,0.060478478,0.130897257,0.0,0.0,0.0,0.0,0.0,0.0,0.0,0.0,0.191375735
2025-08-17T19:00:00+02:00,WE_HOME,WE_HOME,True,EMPTY,FULL,False,,False,,2025-08-17T12:56:11.203001+02:00,2025-08-17T18:23:36.769499+02:00,0.060657674,0.130897257,0.0,0.0,0.0,0.0,0.141797507,0.0,0.0,0.0,0.333352438
2025-08-17T20:00:00+02:00,WE_HOME,WE_HOME,True,EMPTY,FULL,False,,False,,2025-08-17T12:56:11.203001+02:00,2025-08-17T18:23:36.769499+02:00,0.06118305,0.130897257,0.0,0.052624257,0.0,0.0,0.224168266,0.007002451,0.0,0.0,0.475875281
2025-08-17T21:00:00+02:00,WE_HOME,WE_HOME,True,EMPTY,FULL,False,,False,,2025-08-17T12:56:11.203001+02:00,2025-08-17T18:23:36.769499+02:00,0.062018802,0.130897257,0.0,0.597642576,0.0,0.0,0.017818351,0.006781766,0.0,0.0,0.815158752
2025-08-17T22:00:00+02:00,WE_HOME,WE_HOME,True,EMPTY,FULL,False,,False,,2025-08-17T12:56:11.203001+02:00,2025-08-17T18:23:36.769499+02:00,0.063107977,0.130897257,0.0,0.430208849,0.0,0.0,0.0,0.0,0.324982315,0.081245579,1.030441977
2025-08-17T23:00:00+02:00,WE_HOME,WE_HOME,True,EMPTY,FULL,False,,False,,2025-08-17T12:56:11.203001+02:00,2025-08-17T18:23:36.769499+02:00,0.064376347,0.130897257,0.0,0.0,0.0,0.0,0.0,0.010846053,0.324982315,0.081245579,0.612347551
2025-08-18T00:00:00+02:00,WD_HOME,WD_HOME,False,EMPTY,FULL,False,,False,,2025-08-18T08:49:42.650471+02:00,2025-08-18T17:13:42.611770+02:00,0.065737476,0.130897257,0.0,0.0,0.0,0.0,0.0,0.0,0.324982315,0.081245579,0.602862627
2025-08-18T01:00:00+02:00,WD_HOME,WD_HOME,False,EMPTY,FULL,False,,False,,2025-08-18T08:49:42.650471+02:00,2025-08-18T17:13:42.611770+02:00,0.067098604,0.130897257,0.0,0.0,0.0,0.0,0.0,0.0,0.324982315,0.081245579,0.604223755
2025-08-18T02:00:00+02:00,WD_HOME,WD_HOME,False,EMPTY,FULL,False,,False,,2025-08-18T08:49:42.650471+02:00,2025-08-18T17:13:42.611770+02:00,0.068366975,0.130897257,0.0,0.0,0.0,0.0,0.0,0.0,0.324982315,0.081245579,0.605492126
2025-08-18T03:00:00+02:00,WD_HOME,WD_HOME,False,EMPTY,FULL,False,,False,,2025-08-18T08:49:42.650471+02:00,2025-08-18T17:13:42.611770+02:00,0.069456149,0.130897257,0.0,0.0,0.0,0.0,0.0,0.0,0.324982315,0.081245579,0.6065813
2025-08-18T04:00:00+02:00,WD_HOME,WD_HOME,False,EMPTY,FULL,False,,False,,2025-08-18T08:49:42.650471+02:00,2025-08-18T17:13:42.611770+02:00,0.070291902,0.130897257,0.0,0.0,0.0,0.0,0.0,0.0,0.324982315,0.081245579,0.607417053
2025-08-18T05:00:00+02:00,WD_HOME,WD_HOME,False,EMPTY,FULL,False,,False,,2025-08-18T08:49:42.650471+02:00,2025-08-18T17:13:42.611770+02:00,0.070817278,0.130897257,0.0,0.0,0.0,0.0,0.0,0.0,0.324982315,0.081245579,0.607942429
2025-08-18T06:00:00+02:00,WD_HOME,WD_HOME,False,EMPTY,FULL,False,,False,,2025-08-18T08:49:42.650471+02:00,2025-08-18T17:13:42.611770+02:00,0.070996474,0.130897257,0.758960089,0.0,0.0,0.0,0.0,0.0,0.324982315,0.081245579,1.367081714
2025-08-18T07:00:00+02:00,WD_HOME,WD_HOME,False,EMPTY,FULL,False,,False,,2025-08-18T08:49:42.650471+02:00,2025-08-18T17:13:42.611770+02:00,0.070817278,0.130897257,0.326749033,0.0,0.0,0.0,0.0,0.0,0.324982315,0.081245579,0.934691462
2025-08-18T08:00:00+02:00,WD_HOME,WD_HOME,False,EMPTY,FULL,False,,False,,2025-08-18T08:49:42.650471+02:00,2025-08-18T17:13:42.611770+02:00,0.070291902,0.130897257,0.0,0.0,0.0,0.0,0.0,0.0,0.0,0.0,0.201189159
2025-08-18T09:00:00+02:00,WD_HOME,WD_HOME,False,EMPTY,EMPTY,False,,False,,2025-08-18T08:49:42.650471+02:00,2025-08-18T17:13:42.611770+02:00,0.069456149,0.130897257,0.0,0.0,0.0,0.0,0.0,0.0,0.0,0.0,0.200353406
2025-08-18T10:00:00+02:00,WD_HOME,WD_HOME,False,EMPTY,EMPTY,False,,False,,2025-08-18T08:49:42.650471+02:00,2025-08-18T17:13:42.611770+02:00,0.068366975,0.130897257,0.0,0.0,0.0,0.0,0.0,0.0,0.0,0.0,0.199264232
2025-08-18T11:00:00+02:00,WD_HOME,WD_HOME,False,EMPTY,EMPTY,False,,False,,2025-08-18T08:49:42.650471+02:00,2025-08-18T17:13:42.611770+02:00,0.067098604,0.130897257,0.0,0.0,0.0,0.0,0.0,0.0,0.0,0.0,0.197995861
2025-08-18T12:00:00+02:00,WD_HOME,WD_HOME,False,EMPTY,EMPTY,False,,False,,2025-08-18T08:49:42.650471+02:00,2025-08-18T17:13:42.611770+02:00,0.065737476,0.130897257,0.0,0.0,0.0,0.0,0.0,0.0,0.0,0.0,0.196634733
2025-08-18T13:00:00+02:00,WD_HOME,WD_HOME,False,EMPTY,EMPTY,False,,False,,2025-08-18T08:49:42.650471+02:00,2025-08-18T17:13:42.611770+02:00,0.064376347,0.130897257,0.0,0.0,0.0,0.0,0.0,0.0,0.0,0.0,0.195273604
2025-08-18T14:00:00+02:00,WD_HOME,WD_HOME,False,EMPTY,EMPTY,False,,False,,2025-08-18T08:49:42.650471+02:00,2025-08-18T17:13:42.611770+02:00,0.063107977,0.130897257,0.0,0.0,0.0,0.0,0.0,0.0,0.0,0.0,0.194005234
2025-08-18T15:00:00+02:00,WD_HOME,WD_HOME,False,EMPTY,EMPTY,False,,False,,2025-08-18T08:49:42.650471+02:00,2025-08-18T17:13:42.611770+02:00,0.062018802,0.130897257,0.0,0.0,0.0,0.0,0.0,0.0,0.0,0.0,0.192916059
2025-08-18T16:00:00+02:00,WD_HOME,WD_HOME,False,EMPTY,EMPTY,False,,False,,2025-08-18T08:49:42.650471+02:00,2025-08-18T17:13:42.611770+02:00,0.06118305,0.130897257,0.0,0.0,0.0,0.0,0.0,0.0,0.0,0.0,0.192080307
2025-08-18T17:00:00+02:00,WD_HOME,WD_HOME,False,EMPTY,FULL,False,,False,,2025-08-18T08:49:42.650471+02:00,2025-08-18T17:13:42.611770+02:00,0.060657674,0.130897257,0.0,0.0,0.0,0.0,0.0,0.0,0.0,0.0,0.191554931
2025-08-18T18:00:00+02:00,WD_HOME,WD_HOME,False,EMPTY,FULL,False,,False,,2025-08-18T08:49:42.650471+02:00,2025-08-18T17:13:42.611770+02:00,0.060478478,0.130897257,0.0,0.0,0.0,0.0,0.0,0.01195764,0.0,0.0,0.203333375
2025-08-18T19:00:00+02:00,WD_HOME,WD_HOME,False,EMPTY,FULL,False,,False,,2025-08-18T08:49:42.650471+02:00,2025-08-18T17:13:42.611770+02:00,0.060657674,0.130897257,0.0,0.0,0.0,0.0,0.333134723,0.019794778,0.0,0.0,0.544484432
2025-08-18T20:00:00+02:00,WD_HOME,WD_HOME,False,EMPTY,FULL,False,,False,,2025-08-18T08:49:42.650471+02:00,2025-08-18T17:13:42.611770+02:00,0.06118305,0.130897257,2.43284511,0.0,0.0,0.0,0.415716855,0.0,0.0,0.0,3.040642272
2025-08-18T21:00:00+02:00,WD_HOME,WD_HOME,False,EMPTY,FULL,False,,False,,2025-08-18T08:49:42.650471+02:00,2025-08-18T17:13:42.611770+02:00,0.062018802,0.130897257,0.0,0.0,0.0,0.0,0.315836364,0.016992539,0.0,0.0,0.525744962
2025-08-18T22:00:00+02:00,WD_HOME,WD_HOME,False,EMPTY,FULL,False,,False,,2025-08-18T08:49:42.650471+02:00,2025-08-18T17:13:42.611770+02:00,0.063107977,0.130897257,0.0,0.0,0.0,0.0,0.0,0.0,0.324982315,0.081245579,0.600233128
2025-08-18T23:00:00+02:00,WD_HOME,WD_HOME,False,EMPTY,FULL,False,,False,,2025-08-18T08:49:42.650471+02:00,2025-08-18T17:13:42.611770+02:00,0.064376347,0.130897257,0.0,0.0,0.0,0.0,0.0,0.0,0.324982315,0.081245579,0.601501498
2025-08-19T00:00:00+02:00,WD_HOME,WD_HOME,False,FULL,FULL,False,,False,,,,0.065737476,0.130897257,0.0,0.0,0.0,0.0,0.0,0.0,0.324982315,0.081245579,0.602862627
2025-08-19T01:00:00+02:00,WD_HOME,WD_HOME,False,FULL,FULL,False,,False,,,,0.067098604,0.130897257,0.0,0.0,0.0,0.0,0.0,0.0,0.324982315,0.081245579,0.604223755
2025-08-19T02:00:00+02:00,WD_HOME,WD_HOME,False,FULL,FULL,False,,False,,,,0.068366975,0.130897257,0.0,0.0,0.0,0.0,0.0,0.0,0.324982315,0.081245579,0.605492126
2025-08-19T03:00:00+02:00,WD_HOME,WD_HOME,False,FULL,FULL,False,,False,,,,0.069456149,0.130897257,0.0,0.0,0.0,0.0,0.0,0.0,0.324982315,0.081245579,0.6065813
2025-08-19T04:00:00+02:00,WD_HOME,WD_HOME,False,FULL,FULL,False,,False,,,,0.070291902,0.130897257,0.0,0.0,0.0,0.0,0.0,0.0,0.324982315,0.081245579,0.607417053
2025-08-19T05:00:00+02:00,WD_HOME,WD_HOME,False,FULL,FULL,False,,False,,,,0.070817278,0.130897257,0.0,0.0,0.0,0.0,0.0,0.0,0.324982315,0.081245579,0.607942429
2025-08-19T06:00:00+02:00,WD_HOME,WD_HOME,False,FULL,FULL,False,,False,,,,0.070996474,0.130897257,0.0,0.0,0.0,0.0,0.0,0.0,0.324982315,0.081245579,0.608121625
2025-08-19T07:00:00+02:00,WD_HOME,WD_HOME,False,FULL,FULL,False,,False,,,,0.070817278,0.130897257,0.0,0.0,0.0,0.0,0.0,0.0,0.324982315,0.081245579,0.607942429
2025-08-19T08:00:00+02:00,WD_HOME,WD_HOME,False,FULL,FULL,False,,False,,,,0.070291902,0.130897257,0.0,0.0,0.0,0.0,0.0,0.0,0.0,0.0,0.201189159
2025-08-19T09:00:00+02:00,WD_HOME,WD_HOME,False,FULL,FULL,False,,False,,,,0.069456149,0.130897257,0.0,0.0,0.0,0.0,0.012722507,0.0,0.0,0.0,0.213075913
2025-08-19T10:00:00+02:00,WD_HOME,WD_HOME,False,FULL,FULL,False,,False,,,,0.068366975,0.130897257,0.0,0.0,0.0,0.0,0.224168266,0.0,0.0,0.0,0.423432498
2025-08-19T11:00:00+02:00,WD_HOME,WD_HOME,False,FULL,FULL,False,,False,,,,0.067098604,0.130897257,0.0,0.0,0.161885051,0.0,0.224168266,0.0,0.0,0.0,0.584049178
2025-08-19T12:00:00+02:00,WD_HOME,WD_HOME,False,FULL,FULL,False,,False,,,,0.065737476,0.130897257,0.0,0.0,0.609252077,0.0,0.051217518,0.0,0.0,0.0,0.857104328
2025-08-19T13:00:00+02:00,WD_HOME,WD_HOME,False,FULL,FULL,False,,False,,,,0.064376347,0.130897257,0.0,0.0,0.113242893,0.56467494,0.0,0.0,0.0,0.0,0.873191437
2025-08-19T14:00:00+02:00,WD_HOME,WD_HOME,False,FULL,FULL,False,,False,,,,0.063107977,0.130897257,0.0,0.0,0.0,1.30144408,0.0,0.0,0.0,0.0,1.495449314
2025-08-19T15:00:00+02:00,WD_HOME,WD_HOME,False,FULL,FULL,False,,False,,,,0.062018802,0.130897257,0.0,0.0,0.0,0.0,0.0,0.0,0.0,0.0,0.192916059
2025-08-19T16:00:00+02:00,WD_HOME,WD_HOME,False,FULL,FULL,False,,False,,,,0.06118305,0.130897257,0.0,0.0,0.0,0.0,0.0,0.0,0.0,0.0,0.192080307
2025-08-19T17:00:00+02:00,WD_HOME,WD_HOME,False,FULL,FULL,False,,False,,,,0.060657674,0.130897257,0.0,0.0,0.0,0.0,0.0,0.0,0.0,0.0,0.191554931
2025-08-19T18:00:00+02:00,WD_HOME,WD_HOME,False,FULL,FULL,False,,True,guest_002,,,0.060478478,0.130897257,0.869309795,0.0,0.0,0.0,0.0,0.0,0.0,0.0,1.06068553
2025-08-19T19:00:00+02:00,WD_HOME,WD_HOME,False,FULL,FULL,False,,True,guest_002,,,0.060657674,0.130897257,0.622477782,0.0,0.0,0.0,0.0,0.0,0.0,0.0,0.814032713
2025-08-19T20:00:00+02:00,WD_HOME,WD_HOME,False,FULL,FULL,False,,True,guest_002,,,0.06118305,0.130897257,0.0,0.2987034,0.0,0.0,0.0,0.007647986,0.0,0.0,0.498431693
2025-08-19T21:00:00+02:00,WD_HOME,WD_HOME,False,FULL,FULL,False,,False,,,,0.062018802,0.130897257,0.0,0.546913391,0.0,0.0,0.0,0.019564977,0.0,0.0,0.759394427
2025-08-19T22:00:00+02:00,WD_HOME,WD_HOME,False,FULL,FULL,False,,False,,,,0.063107977,0.130897257,0.0,0.218336462,0.0,0.0,0.0,0.026765017,0.324982315,0.081245579,0.845334607
2025-08-19T23:00:00+02:00,WD_HOME,WD_HOME,False,FULL,FULL,False,,False,,,,0.064376347,0.130897257,0.0,0.0,0.0,0.0,0.0,0.0,0.324982315,0.081245579,0.601501498
2025-08-20T00:00:00+02:00,WD_HOME,WD_HOME,False,EMPTY,FULL,False,,False,,2025-08-20T08:38:49.628954+02:00,2025-08-20T16:48:42.647703+02:00,0.065737476,0.130897257,0.0,0.0,0.0,0.0,0.0,0.0,0.324982315,0.081245579,0.602862627
2025-08-20T01:00:00+02:00,WD_HOME,WD_HOME,False,EMPTY,FULL,False,,False,,2025-08-20T08:38:49.628954+02:00,2025-08-20T16:48:42.647703+02:00,0.067098604,0.130897257,0.0,0.0,0.0,0.0,0.0,0.0,0.324982315,0.081245579,0.604223755
2025-08-20T02:00:00+02:00,WD_HOME,WD_HOME,False,EMPTY,FULL,False,,False,,2025-08-20T08:38:49.628954+02:00,2025-08-20T16:48:42.647703+02:00,0.068366975,0.130897257,0.0,0.0,0.0,0.0,0.0,0.0,0.324982315,0.081245579,0.605492126
2025-08-20T03:00:00+02:00,WD_HOME,WD_HOME,False,EMPTY,FULL,False,,False,,2025-08-20T08:38:49.628954+02:00,2025-08-20T16:48:42.647703+02:00,0.069456149,0.130897257,0.0,0.0,0.0,0.0,0.0,0.0,0.324982315,0.081245579,0.6065813
2025-08-20T04:00:00+02:00,WD_HOME,WD_HOME,False,EMPTY,FULL,False,,False,,2025-08-20T08:38:49.628954+02:00,2025-08-20T16:48:42.647703+02:00,0.070291902,0.130897257,0.0,0.0,0.0,0.0,0.0,0.0,0.324982315,0.081245579,0.607417053
2025-08-20T05:00:00+02:00,WD_HOME,WD_HOME,False,EMPTY,FULL,False,,False,,2025-08-20T08:38:49.628954+02:00,2025-08-20T16:48:42.647703+02:00,0.070817278,0.130897257,0.0,0.0,0.0,0.0,0.0,0.0,0.324982315,0.081245579,0.607942429
2025-08-20T06:00:00+02:00,WD_HOME,WD_HOME,False,EMPTY,FULL,False,,False,,2025-08-20T08:38:49.628954+02:00,2025-08-20T16:48:42.647703+02:00,0.070996474,0.130897257,0.452007425,0.0,0.0,0.0,0.0,0.0,0.324982315,0.081245579,1.06012905
2025-08-20T07:00:00+02:00,WD_HOME,WD_HOME,False,EMPTY,FULL,False,,False,,2025-08-20T08:38:49.628954+02:00,2025-08-20T16:48:42.647703+02:00,0.070817278,0.130897257,0.391643029,0.0,0.0,0.0,0.0,0.0,0.324982315,0.081245579,0.999585458
2025-08-20T08:00:00+02:00,WD_HOME,WD_HOME,False,EMPTY,FULL,False,,False,,2025-08-20T08:38:49.628954+02:00,2025-08-20T16:48:42.647703+02:00,0.070291902,0.130897257,0.0,0.0,0.0,0.0,0.0,0.0,0.0,0.0,0.201189159
2025-08-20T09:00:00+02:00,WD_HOME,WD_HOME,False,EMPTY,EMPTY,False,,False,,2025-08-20T08:38:49.628954+02:00,2025-08-20T16:48:42.647703+02:00,0.069456149,0.130897257,0.0,0.0,0.0,0.0,0.0,0.0,0.0,0.0,0.200353406
2025-08-20T10:00:00+02:00,WD_HOME,WD_HOME,False,EMPTY,EMPTY,False,,False,,2025-08-20T08:38:49.628954+02:00,2025-08-20T16:48:42.647703+02:00,0.068366975,0.130897257,0.0,0.0,0.0,0.0,0.0,0.0,0.0,0.0,0.199264232
2025-08-20T11:00:00+02:00,WD_HOME,WD_HOME,False,EMPTY,EMPTY,False,,False,,2025-08-20T08:38:49.628954+02:00,2025-08-20T16:48:42.647703+02:00,0.067098604,0.130897257,0.0,0.0,0.0,0.0,0.0,0.0,0.0,0.0,0.197995861
2025-08-20T12:00:00+02:00,WD_HOME,WD_HOME,False,EMPTY,EMPTY,False,,False,,2025-08-20T08:38:49.628954+02:00,2025-08-20T16:48:42.647703+02:00,0.065737476,0.130897257,0.0,0.0,0.0,0.0,0.0,0.0,0.0,0.0,0.196634733
2025-08-20T13:00:00+02:00,WD_HOME,WD_HOME,False,EMPTY,EMPTY,False,,False,,2025-08-20T08:38:49.628954+02:00,2025-08-20T16:48:42.647703+02:00,0.064376347,0.130897257,0.0,0.0,0.0,0.0,0.0,0.0,0.0,0.0,0.195273604
2025-08-20T14:00:00+02:00,WD_HOME,WD_HOME,False,EMPTY,EMPTY,False,,False,,2025-08-20T08:38:49.628954+02:00,2025-08-20T16:48:42.647703+02:00,0.063107977,0.130897257,0.0,0.0,0.0,0.0,0.0,0.0,0.0,0.0,0.194005234
2025-08-20T15:00:00+02:00,WD_HOME,WD_HOME,False,EMPTY,EMPTY,False,,False,,2025-08-20T08:38:49.628954+02:00,2025-08-20T16:48:42.647703+02:00,0.062018802,0.130897257,0.0,0.0,0.0,0.0,0.0,0.0,0.0,0.0,0.192916059
2025-08-20T16:00:00+02:00,WD_HOME,WD_HOME,False,EMPTY,EMPTY,False,,False,,2025-08-20T08:38:49.628954+02:00,2025-08-20T16:48:42.647703+02:00,0.06118305,0.130897257,0.0,0.0,0.0,0.0,0.0,0.0,0.0,0.0,0.192080307
2025-08-20T17:00:00+02:00,WD_HOME,WD_HOME,False,EMPTY,FULL,False,,False,,2025-08-20T08:38:49.628954+02:00,2025-08-20T16:48:42.647703+02:00,0.060657674,0.130897257,0.0,0.0,0.0,0.0,0.0,0.0,0.0,0.0,0.191554931
2025-08-20T18:00:00+02:00,WD_HOME,WD_HOME,False,EMPTY,FULL,False,,False,,2025-08-20T08:38:49.628954+02:00,2025-08-20T16:48:42.647703+02:00,0.060478478,0.130897257,0.0,0.0,0.0,0.0,0.0,0.010387019,0.0,0.0,0.201762754
2025-08-20T19:00:00+02:00,WD_HOME,WD_HOME,False,EMPTY,FULL,False,,False,,2025-08-20T08:38:49.628954+02:00,2025-08-20T16:48:42.647703+02:00,0.060657674,0.130897257,0.0,0.0,0.0,0.0,0.0,0.0,0.0,0.0,0.191554931
2025-08-20T20:00:00+02:00,WD_HOME,WD_HOME,False,EMPTY,FULL,False,,False,,2025-08-20T08:38:49.628954+02:00,2025-08-20T16:48:42.647703+02:00,0.06118305,0.130897257,0.0,0.0,0.0,0.0,0.0,0.008657191,0.0,0.0,0.200737498
2025-08-20T21:00:00+02:00,WD_HOME,WD_HOME,False,EMPTY,FULL,False,,False,,2025-08-20T08:38:49.628954+02:00,2025-08-20T16:48:42.647703+02:00,0.062018802,0.130897257,0.0,0.0,0.0,0.0,0.0,0.0,0.0,0.0,0.192916059
2025-08-20T22:00:00+02:00,WD_HOME,WD_HOME,False,EMPTY,FULL,False,,False,,2025-08-20T08:38:49.628954+02:00,2025-08-20T16:48:42.647703+02:00,0.063107977,0.130897257,0.0,0.0,0.0,0.0,0.0,0.007526225,0.324982315,0.081245579,0.607759353
2025-08-20T23:00:00+02:00,WD_HOME,WD_HOME,False,EMPTY,FULL,False,,False,,2025-08-20T08:38:49.628954+02:00,2025-08-20T16:48:42.647703+02:00,0.064376347,0.130897257,0.0,0.0,0.0,0.0,0.0,0.0,0.324982315,0.081245579,0.601501498
2025-08-21T00:00:00+02:00,WD_HOME,WD_HOME,False,EMPTY,FULL,False,,False,,2025-08-21T08:31:38.436128+02:00,2025-08-21T18:13:15.463334+02:00,0.065737476,0.130897257,0.0,0.0,0.0,0.0,0.0,0.0,0.324982315,0.081245579,0.602862627
2025-08-21T01:00:00+02:00,WD_HOME,WD_HOME,False,EMPTY,FULL,False,,False,,2025-08-21T08:31:38.436128+02:00,2025-08-21T18:13:15.463334+02:00,0.067098604,0.130897257,0.0,0.0,0.0,0.0,0.0,0.0,0.324982315,0.081245579,0.604223755
2025-08-21T02:00:00+02:00,WD_HOME,WD_HOME,False,EMPTY,FULL,False,,False,,2025-08-21T08:31:38.436128+02:00,2025-08-21T18:13:15.463334+02:00,0.068366975,0.130897257,0.0,0.0,0.0,0.0,0.0,0.0,0.324982315,0.081245579,0.605492126
2025-08-21T03:00:00+02:00,WD_HOME,WD_HOME,False,EMPTY,FULL,False,,False,,2025-08-21T08:31:38.436128+02:00,2025-08-21T18:13:15.463334+02:00,0.069456149,0.130897257,0.0,0.0,0.0,0.0,0.0,0.0,0.324982315,0.081245579,0.6065813
2025-08-21T04:00:00+02:00,WD_HOME,WD_HOME,False,EMPTY,FULL,False,,False,,2025-08-21T08:31:38.436128+02:00,2025-08-21T18:13:15.463334+02:00,0.070291902,0.130897257,0.0,0.0,0.0,0.0,0.0,0.0,0.324982315,0.081245579,0.607417053
2025-08-21T05:00:00+02:00,WD_HOME,WD_HOME,False,EMPTY,FULL,False,,False,,2025-08-21T08:31:38.436128+02:00,2025-08-21T18:13:15.463334+02:00,0.070817278,0.130897257,0.0,0.0,0.0,0.0,0.0,0.0,0.324982315,0.081245579,0.607942429
2025-08-21T06:00:00+02:00,WD_HOME,WD_HOME,False,EMPTY,FULL,False,,False,,2025-08-21T08:31:38.436128+02:00,2025-08-21T18:13:15.463334+02:00,0.070996474,0.130897257,0.824713593,0.0,0.0,0.0,0.0,0.0,0.324982315,0.081245579,1.432835218
2025-08-21T07:00:00+02:00,WD_HOME,WD_HOME,False,EMPTY,FULL,False,,False,,2025-08-21T08:31:38.436128+02:00,2025-08-21T18:13:15.463334+02:00,0.070817278,0.130897257,0.0,0.0,0.0,0.0,0.0,0.0,0.324982315,0.081245579,0.607942429
2025-08-21T08:00:00+02:00,WD_HOME,WD_HOME,False,EMPTY,FULL,False,,False,,2025-08-21T08:31:38.436128+02:00,2025-08-21T18:13:15.463334+02:00,0.070291902,0.130897257,0.0,0.0,0.0,0.0,0.0,0.0,0.0,0.0,0.201189159
2025-08-21T09:00:00+02:00,WD_HOME,WD_HOME,False,EMPTY,EMPTY,False,,False,,2025-08-21T08:31:38.436128+02:00,2025-08-21T18:13:15.463334+02:00,0.069456149,0.130897257,0.0,0.0,0.0,0.0,0.0,0.0,0.0,0.0,0.200353406
2025-08-21T10:00:00+02:00,WD_HOME,WD_HOME,False,EMPTY,EMPTY,False,,False,,2025-08-21T08:31:38.436128+02:00,2025-08-21T18:13:15.463334+02:00,0.068366975,0.130897257,0.0,0.0,0.0,0.0,0.0,0.0,0.0,0.0,0.199264232
2025-08-21T11:00:00+02:00,WD_HOME,WD_HOME,False,EMPTY,EMPTY,False,,False,,2025-08-21T08:31:38.436128+02:00,2025-08-21T18:13:15.463334+02:00,0.067098604,0.130897257,0.0,0.0,0.0,0.0,0.0,0.0,0.0,0.0,0.197995861
2025-08-21T12:00:00+02:00,WD_HOME,WD_HOME,False,EMPTY,EMPTY,False,,False,,2025-08-21T08:31:38.436128+02:00,2025-08-21T18:13:15.463334+02:00,0.065737476,0.130897257,0.0,0.0,0.0,0.0,0.0,0.0,0.0,0.0,0.196634733
2025-08-21T13:00:00+02:00,WD_HOME,WD_HOME,False,EMPTY,EMPTY,False,,False,,2025-08-21T08:31:38.436128+02:00,2025-08-21T18:13:15.463334+02:00,0.064376347,0.130897257,0.0,0.0,0.0,0.0,0.0,0.0,0.0,0.0,0.195273604
2025-08-21T14:00:00+02:00,WD_HOME,WD_HOME,False,EMPTY,EMPTY,False,,False,,2025-08-21T08:31:38.436128+02:00,2025-08-21T18:13:15.463334+02:00,0.063107977,0.130897257,0.0,0.0,0.0,0.0,0.0,0.0,0.0,0.0,0.194005234
2025-08-21T15:00:00+02:00,WD_HOME,WD_HOME,False,EMPTY,EMPTY,False,,False,,2025-08-21T08:31:38.436128+02:00,2025-08-21T18:13:15.463334+02:00,0.062018802,0.130897257,0.0,0.0,0.0,0.0,0.0,0.0,0.0,0.0,0.192916059
2025-08-21T16:00:00+02:00,WD_HOME,WD_HOME,False,EMPTY,EMPTY,False,,False,,2025-08-21T08:31:38.436128+02:00,2025-08-21T18:13:15.463334+02:00,0.06118305,0.130897257,0.0,0.0,0.0,0.0,0.0,0.0,0.0,0.0,0.192080307
2025-08-21T17:00:00+02:00,WD_HOME,WD_HOME,False,EMPTY,EMPTY,False,,False,,2025-08-21T08:31:38.436128+02:00,2025-08-21T18:13:15.463334+02:00,0.060657674,0.130897257,0.0,0.0,0.0,0.0,0.0,0.0,0.0,0.0,0.191554931
2025-08-21T18:00:00+02:00,WD_HOME,WD_HOME,False,EMPTY,FULL,False,,False,,2025-08-21T08:31:38.436128+02:00,2025-08-21T18:13:15.463334+02:00,0.060478478,0.130897257,0.0,0.0,0.0,0.0,0.0,0.0,0.0,0.0,0.191375735
2025-08-21T19:00:00+02:00,WD_HOME,WD_HOME,False,EMPTY,FULL,False,,False,,2025-08-21T08:31:38.436128+02:00,2025-08-21T18:13:15.463334+02:00,0.060657674,0.130897257,0.0,0.0,0.0,0.0,0.0,0.0,0.0,0.0,0.191554931
2025-08-21T20:00:00+02:00,WD_HOME,WD_HOME,False,EMPTY,FULL,False,,False,,2025-08-21T08:31:38.436128+02:00,2025-08-21T18:13:15.463334+02:00,0.06118305,0.130897257,1.12759392,0.0,0.0,0.0,0.0,0.009691846,0.0,0.0,1.329366073
2025-08-21T21:00:00+02:00,WD_HOME,WD_HOME,False,EMPTY,FULL,False,,False,,2025-08-21T08:31:38.436128+02:00,2025-08-21T18:13:15.463334+02:00,0.062018802,0.130897257,1.121198874,0.0,0.0,0.0,0.0,0.015754025,0.0,0.0,1.329868958
2025-08-21T22:00:00+02:00,WD_HOME,WD_HOME,False,EMPTY,FULL,False,,False,,2025-08-21T08:31:38.436128+02:00,2025-08-21T18:13:15.463334+02:00,0.063107977,0.130897257,0.0,0.0,0.0,0.0,0.0,0.018632633,0.324982315,0.081245579,0.618865761
2025-08-21T23:00:00+02:00,WD_HOME,WD_HOME,False,EMPTY,FULL,False,,False,,2025-08-21T08:31:38.436128+02:00,2025-08-21T18:13:15.463334+02:00,0.064376347,0.130897257,0.0,0.0,0.0,0.0,0.0,0.0,0.324982315,0.081245579,0.601501498
2025-08-22T00:00:00+02:00,WD_HOME,WD_HOME,False,EMPTY,FULL,False,,False,,2025-08-22T08:39:41.412244+02:00,2025-08-22T18:00:27.856395+02:00,0.065737476,0.130897257,0.0,0.0,0.0,0.0,0.0,0.0,0.324982315,0.081245579,0.602862627
2025-08-22T01:00:00+02:00,WD_HOME,WD_HOME,False,EMPTY,FULL,False,,False,,2025-08-22T08:39:41.412244+02:00,2025-08-22T18:00:27.856395+02:00,0.067098604,0.130897257,0.0,0.0,0.0,0.0,0.0,0.0,0.324982315,0.081245579,0.604223755
2025-08-22T02:00:00+02:00,WD_HOME,WD_HOME,False,EMPTY,FULL,False,,False,,2025-08-22T08:39:41.412244+02:00,2025-08-22T18:00:27.856395+02:00,0.068366975,0.130897257,0.0,0.0,0.0,0.0,0.0,0.0,0.324982315,0.081245579,0.605492126
2025-08-22T03:00:00+02:00,WD_HOME,WD_HOME,False,EMPTY,FULL,False,,False,,2025-08-22T08:39:41.412244+02:00,2025-08-22T18:00:27.856395+02:00,0.069456149,0.130897257,0.0,0.0,0.0,0.0,0.0,0.0,0.324982315,0.081245579,0.6065813
2025-08-22T04:00:00+02:00,WD_HOME,WD_HOME,False,EMPTY,FULL,False,,False,,2025-08-22T08:39:41.412244+02:00,2025-08-22T18:00:27.856395+02:00,0.070291902,0.130897257,0.0,0.0,0.0,0.0,0.0,0.0,0.324982315,0.081245579,0.607417053
2025-08-22T05:00:00+02:00,WD_HOME,WD_HOME,False,EMPTY,FULL,False,,False,,2025-08-22T08:39:41.412244+02:00,2025-08-22T18:00:27.856395+02:00,0.070817278,0.130897257,0.0,0.0,0.0,0.0,0.0,0.0,0.324982315,0.081245579,0.607942429
2025-08-22T06:00:00+02:00,WD_HOME,WD_HOME,False,EMPTY,FULL,False,,False,,2025-08-22T08:39:41.412244+02:00,2025-08-22T18:00:27.856395+02:00,0.070996474,0.130897257,0.0,0.0,0.0,0.0,0.0,0.0,0.324982315,0.081245579,0.608121625
2025-08-22T07:00:00+02:00,AWAY,WD_HOME,False,EMPTY,EMPTY,True,away_001,False,,2025-08-22T08:39:41.412244+02:00,2025-08-22T18:00:27.856395+02:00,0.070817278,0.130897257,0.0,0.0,0.0,0.0,0.0,0.0,0.0,0.081245579,0.282960114
2025-08-22T08:00:00+02:00,AWAY,WD_HOME,False,EMPTY,EMPTY,True,away_001,False,,2025-08-22T08:39:41.412244+02:00,2025-08-22T18:00:27.856395+02:00,0.070291902,0.130897257,0.0,0.0,0.0,0.0,0.0,0.0,0.0,0.0,0.201189159
2025-08-22T09:00:00+02:00,AWAY,WD_HOME,False,EMPTY,EMPTY,True,away_001,False,,2025-08-22T08:39:41.412244+02:00,2025-08-22T18:00:27.856395+02:00,0.069456149,0.130897257,0.0,0.0,0.0,0.0,0.0,0.0,0.0,0.0,0.200353406
2025-08-22T10:00:00+02:00,AWAY,WD_HOME,False,EMPTY,EMPTY,True,away_001,False,,2025-08-22T08:39:41.412244+02:00,2025-08-22T18:00:27.856395+02:00,0.068366975,0.130897257,0.0,0.0,0.0,0.0,0.0,0.0,0.0,0.0,0.199264232
2025-08-22T11:00:00+02:00,AWAY,WD_HOME,False,EMPTY,EMPTY,True,away_001,False,,2025-08-22T08:39:41.412244+02:00,2025-08-22T18:00:27.856395+02:00,0.067098604,0.130897257,0.0,0.0,0.0,0.0,0.0,0.0,0.0,0.0,0.197995861
2025-08-22T12:00:00+02:00,AWAY,WD_HOME,False,EMPTY,EMPTY,True,away_001,False,,2025-08-22T08:39:41.412244+02:00,2025-08-22T18:00:27.856395+02:00,0.065737476,0.130897257,0.0,0.0,0.0,0.0,0.0,0.0,0.0,0.0,0.196634733
2025-08-22T13:00:00+02:00,AWAY,WD_HOME,False,EMPTY,EMPTY,True,away_001,False,,2025-08-22T08:39:41.412244+02:00,2025-08-22T18:00:27.856395+02:00,0.064376347,0.130897257,0.0,0.0,0.0,0.0,0.0,0.0,0.0,0.0,0.195273604
2025-08-22T14:00:00+02:00,AWAY,WD_HOME,False,EMPTY,EMPTY,True,away_001,False,,2025-08-22T08:39:41.412244+02:00,2025-08-22T18:00:27.856395+02:00,0.063107977,0.130897257,0.0,0.0,0.0,0.0,0.0,0.0,0.0,0.0,0.194005234
2025-08-22T15:00:00+02:00,AWAY,WD_HOME,False,EMPTY,EMPTY,True,away_001,False,,2025-08-22T08:39:41.412244+02:00,2025-08-22T18:00:27.856395+02:00,0.062018802,0.130897257,0.0,0.0,0.0,0.0,0.0,0.0,0.0,0.0,0.192916059
2025-08-22T16:00:00+02:00,AWAY,WD_HOME,False,EMPTY,EMPTY,True,away_001,False,,2025-08-22T08:39:41.412244+02:00,2025-08-22T18:00:27.856395+02:00,0.06118305,0.130897257,0.0,0.0,0.0,0.0,0.0,0.0,0.0,0.0,0.192080307
2025-08-22T17:00:00+02:00,AWAY,WD_HOME,False,EMPTY,EMPTY,True,away_001,False,,2025-08-22T08:39:41.412244+02:00,2025-08-22T18:00:27.856395+02:00,0.060657674,0.130897257,0.0,0.0,0.0,0.0,0.0,0.0,0.0,0.0,0.191554931
2025-08-22T18:00:00+02:00,AWAY,WD_HOME,False,EMPTY,EMPTY,True,away_001,False,,2025-08-22T08:39:41.412244+02:00,2025-08-22T18:00:27.856395+02:00,0.060478478,0.130897257,0.0,0.0,0.0,0.0,0.0,0.0,0.0,0.0,0.191375735
2025-08-22T19:00:00+02:00,AWAY,WD_HOME,False,EMPTY,EMPTY,True,away_001,False,,2025-08-22T08:39:41.412244+02:00,2025-08-22T18:00:27.856395+02:00,0.060657674,0.130897257,0.0,0.0,0.0,0.0,0.0,0.0,0.0,0.0,0.191554931
2025-08-22T20:00:00+02:00,AWAY,WD_HOME,False,EMPTY,EMPTY,True,away_001,False,,2025-08-22T08:39:41.412244+02:00,2025-08-22T18:00:27.856395+02:00,0.06118305,0.130897257,0.0,0.0,0.0,0.0,0.0,0.0,0.0,0.0,0.192080307
2025-08-22T21:00:00+02:00,WD_HOME,WD_HOME,False,EMPTY,FULL,False,,False,,2025-08-22T08:39:41.412244+02:00,2025-08-22T18:00:27.856395+02:00,0.062018802,0.130897257,0.0,0.0,0.0,0.0,0.0,0.0,0.0,0.0,0.192916059
2025-08-22T22:00:00+02:00,WD_HOME,WD_HOME,False,EMPTY,FULL,False,,False,,2025-08-22T08:39:41.412244+02:00,2025-08-22T18:00:27.856395+02:00,0.063107977,0.130897257,0.0,0.0,0.0,0.0,0.0,0.0,0.324982315,0.081245579,0.600233128
2025-08-22T23:00:00+02:00,WD_HOME,WD_HOME,False,EMPTY,FULL,False,,False,,2025-08-22T08:39:41.412244+02:00,2025-08-22T18:00:27.856395+02:00,0.064376347,0.130897257,0.0,0.0,0.0,0.0,0.0,0.0,0.324982315,0.081245579,0.601501498
2025-08-23T00:00:00+02:00,WE_HOME,WE_HOME,True,FULL,FULL,False,,False,,,,0.065737476,0.130897257,0.0,0.0,0.0,0.0,0.0,0.0,0.324982315,0.081245579,0.602862627
2025-08-23T01:00:00+02:00,WE_HOME,WE_HOME,True,FULL,FULL,False,,False,,,,0.067098604,0.130897257,0.0,0.0,0.0,0.0,0.0,0.0,0.324982315,0.081245579,0.604223755
2025-08-23T02:00:00+02:00,WE_HOME,WE_HOME,True,FULL,FULL,False,,False,,,,0.068366975,0.130897257,0.0,0.0,0.0,0.0,0.0,0.0,0.324982315,0.081245579,0.605492126
2025-08-23T03:00:00+02:00,WE_HOME,WE_HOME,True,FULL,FULL,False,,False,,,,0.069456149,0.130897257,0.0,0.0,0.0,0.0,0.0,0.0,0.324982315,0.081245579,0.6065813
2025-08-23T04:00:00+02:00,WE_HOME,WE_HOME,True,FULL,FULL,False,,False,,,,0.070291902,0.130897257,0.0,0.0,0.0,0.0,0.0,0.0,0.324982315,0.081245579,0.607417053
2025-08-23T05:00:00+02:00,WE_HOME,WE_HOME,True,FULL,FULL,False,,False,,,,0.070817278,0.130897257,0.0,0.0,0.0,0.0,0.0,0.0,0.324982315,0.081245579,0.607942429
2025-08-23T06:00:00+02:00,WE_HOME,WE_HOME,True,FULL,FULL,False,,False,,,,0.070996474,0.130897257,1.246643498,0.0,0.0,0.0,0.0,0.0,0.324982315,0.081245579,1.854765123
2025-08-23T07:00:00+02:00,WE_HOME,WE_HOME,True,FULL,FULL,False,,False,,,,0.070817278,0.130897257,0.646575426,0.0,0.0,0.0,0.0,0.0,0.324982315,0.081245579,1.254517855
2025-08-23T08:00:00+02:00,WE_HOME,WE_HOME,True,FULL,FULL,False,,False,,,,0.070291902,0.130897257,0.0,0.0,0.0,0.0,0.0,0.0,0.0,0.0,0.201189159
2025-08-23T09:00:00+02:00,WE_HOME,WE_HOME,True,FULL,FULL,False,,False,,,,0.069456149,0.130897257,0.0,0.0,0.0,0.0,0.0,0.0,0.0,0.0,0.200353406
2025-08-23T10:00:00+02:00,WE_HOME,WE_HOME,True,FULL,FULL,False,,False,,,,0.068366975,0.130897257,0.0,0.0,0.0,0.0,0.0,0.0,0.0,0.0,0.199264232
2025-08-23T11:00:00+02:00,WE_HOME,WE_HOME,True,FULL,FULL,False,,False,,,,0.067098604,0.130897257,0.0,0.0,0.0,0.0,0.0,0.0,0.0,0.0,0.197995861
2025-08-23T12:00:00+02:00,WE_HOME,WE_HOME,True,FULL,FULL,False,,False,,,,0.065737476,0.130897257,0.0,0.0,0.0,0.0,0.051715641,0.0,0.0,0.0,0.248350374
2025-08-23T13:00:00+02:00,WE_HOME,WE_HOME,True,FULL,FULL,False,,False,,,,0.064376347,0.130897257,0.0,0.0,0.0,0.0,0.224168266,0.0,0.0,0.0,0.41944187
2025-08-23T14:00:00+02:00,WE_HOME,WE_HOME,True,FULL,FULL,False,,False,,,,0.063107977,0.130897257,0.0,0.0,0.0,0.0,0.055142532,0.0,0.0,0.0,0.249147766
2025-08-23T15:00:00+02:00,WE_HOME,WE_HOME,True,FULL,FULL,False,,False,,,,0.062018802,0.130897257,0.0,0.0,0.0,0.0,0.0,0.0,0.0,0.0,0.192916059
2025-08-23T16:00:00+02:00,WE_HOME,WE_HOME,True,FULL,FULL,False,,False,,,,0.06118305,0.130897257,0.0,0.0,0.0,0.0,0.0,0.0,0.0,0.0,0.192080307
2025-08-23T17:00:00+02:00,WE_HOME,WE_HOME,True,FULL,FULL,False,,False,,,,0.060657674,0.130897257,0.0,0.0,0.0,0.0,0.0,0.0,0.0,0.0,0.191554931
2025-08-23T18:00:00+02:00,WE_HOME,WE_HOME,True,FULL,FULL,False,,False,,,,0.060478478,0.130897257,0.0,0.0,0.0,0.0,0.0,0.0,0.0,0.0,0.191375735
2025-08-23T19:00:00+02:00,WE_HOME,WE_HOME,True,FULL,FULL,False,,False,,,,0.060657674,0.130897257,2.202891838,0.0,0.0,0.0,0.137529594,0.019636791,0.0,0.0,2.551613154
2025-08-23T20:00:00+02:00,WE_HOME,WE_HOME,True,FULL,FULL,False,,False,,,,0.06118305,0.130897257,2.408418296,0.0,0.0,0.0,0.191548588,0.0,0.0,0.0,2.792047191
2025-08-23T21:00:00+02:00,WE_HOME,WE_HOME,True,FULL,FULL,False,,False,,,,0.062018802,0.130897257,0.0,0.345051011,0.0,0.0,0.086334995,0.0,0.0,0.0,0.624302065
2025-08-23T22:00:00+02:00,WE_HOME,WE_HOME,True,FULL,FULL,False,,False,,,,0.063107977,0.130897257,0.0,0.553887813,0.0,0.0,0.0,0.0,0.324982315,0.081245579,1.154120941
2025-08-23T23:00:00+02:00,WE_HOME,WE_HOME,True,FULL,FULL,False,,False,,,,0.064376347,0.130897257,0.0,0.0,0.0,0.0,0.0,0.0,0.324982315,0.081245579,0.601501498
2025-08-24T00:00:00+02:00,WE_HOME,WE_HOME,True,EMPTY,FULL,False,,False,,2025-08-24T12:52:12.576933+02:00,2025-08-24T16:41:58.573440+02:00,0.065737476,0.130897257,0.0,0.0,0.0,0.0,0.0,0.0,0.324982315,0.081245579,0.602862627
2025-08-24T01:00:00+02:00,WE_HOME,WE_HOME,True,EMPTY,FULL,False,,False,,2025-08-24T12:52:12.576933+02:00,2025-08-24T16:41:58.573440+02:00,0.067098604,0.130897257,0.0,0.0,0.0,0.0,0.0,0.0,0.324982315,0.081245579,0.604223755
2025-08-24T02:00:00+02:00,WE_HOME,WE_HOME,True,EMPTY,FULL,False,,False,,2025-08-24T12:52:12.576933+02:00,2025-08-24T16:41:58.573440+02:00,0.068366975,0.130897257,0.0,0.0,0.0,0.0,0.0,0.0,0.324982315,0.081245579,0.605492126
2025-08-24T03:00:00+02:00,WE_HOME,WE_HOME,True,EMPTY,FULL,False,,False,,2025-08-24T12:52:12.576933+02:00,2025-08-24T16:41:58.573440+02:00,0.069456149,0.130897257,0.0,0.0,0.0,0.0,0.0,0.0,0.324982315,0.081245579,0.6065813
2025-08-24T04:00:00+02:00,WE_HOME,WE_HOME,True,EMPTY,FULL,False,,False,,2025-08-24T12:52:12.576933+02:00,2025-08-24T16:41:58.573440+02:00,0.070291902,0.130897257,0.0,0.0,0.0,0.0,0.0,0.0,0.324982315,0.081245579,0.607417053
2025-08-24T05:00:00+02:00,WE_HOME,WE_HOME,True,EMPTY,FULL,False,,False,,2025-08-24T12:52:12.576933+02:00,2025-08-24T16:41:58.573440+02:00,0.070817278,0.130897257,0.0,0.0,0.0,0.0,0.0,0.0,0.324982315,0.081245579,0.607942429
2025-08-24T06:00:00+02:00,WE_HOME,WE_HOME,True,EMPTY,FULL,False,,False,,2025-08-24T12:52:12.576933+02:00,2025-08-24T16:41:58.573440+02:00,0.070996474,0.130897257,0.0,0.0,0.0,0.0,0.0,0.0,0.324982315,0.081245579,0.608121625
2025-08-24T07:00:00+02:00,WE_HOME,WE_HOME,True,EMPTY,FULL,False,,False,,2025-08-24T12:52:12.576933+02:00,2025-08-24T16:41:58.573440+02:00,0.070817278,0.130897257,0.0,0.0,0.0,0.0,0.0,0.0,0.324982315,0.081245579,0.607942429
2025-08-24T08:00:00+02:00,WE_HOME,WE_HOME,True,EMPTY,FULL,False,,False,,2025-08-24T12:52:12.576933+02:00,2025-08-24T16:41:58.573440+02:00,0.070291902,0.130897257,0.0,0.0,0.0,0.0,0.0,0.0,0.0,0.0,0.201189159
2025-08-24T09:00:00+02:00,WE_HOME,WE_HOME,True,EMPTY,FULL,False,,False,,2025-08-24T12:52:12.576933+02:00,2025-08-24T16:41:58.573440+02:00,0.069456149,0.130897257,0.0,0.0,0.0,0.0,0.0,0.0,0.0,0.0,0.200353406
2025-08-24T10:00:00+02:00,WE_HOME,WE_HOME,True,EMPTY,FULL,False,,False,,2025-08-24T12:52:12.576933+02:00,2025-08-24T16:41:58.573440+02:00,0.068366975,0.130897257,0.0,0.0,0.0,0.0,0.0,0.0,0.0,0.0,0.199264232
2025-08-24T11:00:00+02:00,WE_HOME,WE_HOME,True,EMPTY,FULL,False,,False,,2025-08-24T12:52:12.576933+02:00,2025-08-24T16:41:58.573440+02:00,0.067098604,0.130897257,0.0,0.0,0.0,0.0,0.0,0.0,0.0,0.0,0.197995861
2025-08-24T12:00:00+02:00,WE_HOME,WE_HOME,True,EMPTY,FULL,False,,False,,2025-08-24T12:52:12.576933+02:00,2025-08-24T16:41:58.573440+02:00,0.065737476,0.130897257,0.0,0.0,0.0,0.0,0.0,0.0,0.0,0.0,0.196634733
2025-08-24T13:00:00+02:00,WE_HOME,WE_HOME,True,EMPTY,EMPTY,False,,False,,2025-08-24T12:52:12.576933+02:00,2025-08-24T16:41:58.573440+02:00,0.064376347,0.130897257,0.0,0.0,0.0,0.0,0.0,0.0,0.0,0.0,0.195273604
2025-08-24T14:00:00+02:00,WE_HOME,WE_HOME,True,EMPTY,EMPTY,False,,False,,2025-08-24T12:52:12.576933+02:00,2025-08-24T16:41:58.573440+02:00,0.063107977,0.130897257,0.0,0.0,0.0,0.0,0.0,0.0,0.0,0.0,0.194005234
2025-08-24T15:00:00+02:00,WE_HOME,WE_HOME,True,EMPTY,EMPTY,False,,False,,2025-08-24T12:52:12.576933+02:00,2025-08-24T16:41:58.573440+02:00,0.062018802,0.130897257,0.0,0.0,0.0,0.0,0.0,0.0,0.0,0.0,0.192916059
2025-08-24T16:00:00+02:00,WE_HOME,WE_HOME,True,EMPTY,EMPTY,False,,False,,2025-08-24T12:52:12.576933+02:00,2025-08-24T16:41:58.573440+02:00,0.06118305,0.130897257,0.0,0.0,0.0,0.0,0.0,0.0,0.0,0.0,0.192080307
2025-08-24T17:00:00+02:00,WE_HOME,WE_HOME,True,EMPTY,FULL,False,,False,,2025-08-24T12:52:12.576933+02:00,2025-08-24T16:41:58.573440+02:00,0.060657674,0.130897257,0.0,0.0,0.0,0.0,0.0,0.0,0.0,0.0,0.191554931
2025-08-24T18:00:00+02:00,WE_HOME,WE_HOME,True,EMPTY,FULL,False,,False,,2025-08-24T12:52:12.576933+02:00,2025-08-24T16:41:58.573440+02:00,0.060478478,0.130897257,0.0,0.0,0.0,0.0,0.0,0.0,0.0,0.0,0.191375735
2025-08-24T19:00:00+02:00,WE_HOME,WE_HOME,True,EMPTY,FULL,False,,False,,2025-08-24T12:52:12.576933+02:00,2025-08-24T16:41:58.573440+02:00,0.060657674,0.130897257,0.0,0.0,0.0,0.0,0.0,0.0,0.0,0.0,0.191554931
2025-08-24T20:00:00+02:00,WE_HOME,WE_HOME,True,EMPTY,FULL,False,,False,,2025-08-24T12:52:12.576933+02:00,2025-08-24T16:41:58.573440+02:00,0.06118305,0.130897257,0.0,0.0,0.0,0.0,0.174521074,0.0,0.0,0.0,0.366601381
2025-08-24T21:00:00+02:00,WE_HOME,WE_HOME,True,EMPTY,FULL,False,,False,,2025-08-24T12:52:12.576933+02:00,2025-08-24T16:41:58.573440+02:00,0.062018802,0.130897257,0.0,0.0,0.0,0.0,0.018582817,0.01874635,0.0,0.0,0.230245226
2025-08-24T22:00:00+02:00,WE_HOME,WE_HOME,True,EMPTY,FULL,False,,False,,2025-08-24T12:52:12.576933+02:00,2025-08-24T16:41:58.573440+02:00,0.063107977,0.130897257,0.0,0.0,0.0,0.0,0.0,0.018069685,0.324982315,0.081245579,0.618302813
2025-08-24T23:00:00+02:00,WE_HOME,WE_HOME,True,EMPTY,FULL,False,,False,,2025-08-24T12:52:12.576933+02:00,2025-08-24T16:41:58.573440+02:00,0.064376347,0.130897257,0.0,0.0,0.0,0.0,0.0,0.012854701,0.324982315,0.081245579,0.614356199
2025-08-25T00:00:00+02:00,WD_HOME,WD_HOME,False,PARTIAL,FULL,False,,False,,2025-08-25T08:43:13.258795+02:00,2025-08-25T17:14:12.631558+02:00,0.065737476,0.130897257,0.0,0.0,0.0,0.0,0.0,0.0,0.324982315,0.081245579,0.602862627
2025-08-25T01:00:00+02:00,WD_HOME,WD_HOME,False,PARTIAL,FULL,False,,False,,2025-08-25T08:43:13.258795+02:00,2025-08-25T17:14:12.631558+02:00,0.067098604,0.130897257,0.0,0.0,0.0,0.0,0.0,0.0,0.324982315,0.081245579,0.604223755
2025-08-25T02:00:00+02:00,WD_HOME,WD_HOME,False,PARTIAL,FULL,False,,False,,2025-08-25T08:43:13.258795+02:00,2025-08-25T17:14:12.631558+02:00,0.068366975,0.130897257,0.0,0.0,0.0,0.0,0.0,0.0,0.324982315,0.081245579,0.605492126
2025-08-25T03:00:00+02:00,WD_HOME,WD_HOME,False,PARTIAL,FULL,False,,False,,2025-08-25T08:43:13.258795+02:00,2025-08-25T17:14:12.631558+02:00,0.069456149,0.130897257,0.0,0.0,0.0,0.0,0.0,0.0,0.324982315,0.081245579,0.6065813
2025-08-25T04:00:00+02:00,WD_HOME,WD_HOME,False,PARTIAL,FULL,False,,False,,2025-08-25T08:43:13.258795+02:00,2025-08-25T17:14:12.631558+02:00,0.070291902,0.130897257,0.0,0.0,0.0,0.0,0.0,0.0,0.324982315,0.081245579,0.607417053
2025-08-25T05:00:00+02:00,WD_HOME,WD_HOME,False,PARTIAL,FULL,False,,False,,2025-08-25T08:43:13.258795+02:00,2025-08-25T17:14:12.631558+02:00,0.070817278,0.130897257,0.0,0.0,0.0,0.0,0.0,0.0,0.324982315,0.081245579,0.607942429
2025-08-25T06:00:00+02:00,WD_HOME,WD_HOME,False,PARTIAL,FULL,False,,False,,2025-08-25T08:43:13.258795+02:00,2025-08-25T17:14:12.631558+02:00,0.070996474,0.130897257,0.0,0.0,0.0,0.0,0.0,0.0,0.324982315,0.081245579,0.608121625
2025-08-25T07:00:00+02:00,AWAY,WD_HOME,False,PARTIAL,EMPTY,True,away_002,False,,2025-08-25T08:43:13.258795+02:00,2025-08-25T17:14:12.631558+02:00,0.070817278,0.130897257,0.0,0.0,0.0,0.0,0.0,0.0,0.0,0.081245579,0.282960114
2025-08-25T08:00:00+02:00,AWAY,WD_HOME,False,PARTIAL,EMPTY,True,away_002,False,,2025-08-25T08:43:13.258795+02:00,2025-08-25T17:14:12.631558+02:00,0.070291902,0.130897257,0.0,0.0,0.0,0.0,0.0,0.0,0.0,0.0,0.201189159
2025-08-25T09:00:00+02:00,AWAY,WD_HOME,False,PARTIAL,EMPTY,True,away_002,False,,2025-08-25T08:43:13.258795+02:00,2025-08-25T17:14:12.631558+02:00,0.069456149,0.130897257,0.0,0.0,0.0,0.0,0.0,0.0,0.0,0.0,0.200353406
2025-08-25T10:00:00+02:00,AWAY,WD_HOME,False,PARTIAL,EMPTY,True,away_002,False,,2025-08-25T08:43:13.258795+02:00,2025-08-25T17:14:12.631558+02:00,0.068366975,0.130897257,0.0,0.0,0.0,0.0,0.0,0.0,0.0,0.0,0.199264232
2025-08-25T11:00:00+02:00,AWAY,WD_HOME,False,PARTIAL,EMPTY,True,away_002,False,,2025-08-25T08:43:13.258795+02:00,2025-08-25T17:14:12.631558+02:00,0.067098604,0.130897257,0.0,0.0,0.0,0.0,0.0,0.0,0.0,0.0,0.197995861
2025-08-25T12:00:00+02:00,AWAY,WD_HOME,False,PARTIAL,EMPTY,True,away_002,False,,2025-08-25T08:43:13.258795+02:00,2025-08-25T17:14:12.631558+02:00,0.065737476,0.130897257,0.0,0.0,0.0,0.0,0.0,0.0,0.0,0.0,0.196634733
2025-08-25T13:00:00+02:00,AWAY,WD_HOME,False,PARTIAL,EMPTY,True,away_002,False,,2025-08-25T08:43:13.258795+02:00,2025-08-25T17:14:12.631558+02:00,0.064376347,0.130897257,0.0,0.0,0.0,0.0,0.0,0.0,0.0,0.0,0.195273604
2025-08-25T14:00:00+02:00,AWAY,WD_HOME,False,PARTIAL,EMPTY,True,away_002,False,,2025-08-25T08:43:13.258795+02:00,2025-08-25T17:14:12.631558+02:00,0.063107977,0.130897257,0.0,0.0,0.0,0.0,0.0,0.0,0.0,0.0,0.194005234
2025-08-25T15:00:00+02:00,AWAY,WD_HOME,False,PARTIAL,EMPTY,True,away_002,False,,2025-08-25T08:43:13.258795+02:00,2025-08-25T17:14:12.631558+02:00,0.062018802,0.130897257,0.0,0.0,0.0,0.0,0.0,0.0,0.0,0.0,0.192916059
2025-08-25T16:00:00+02:00,AWAY,WD_HOME,False,PARTIAL,EMPTY,True,away_002,False,,2025-08-25T08:43:13.258795+02:00,2025-08-25T17:14:12.631558+02:00,0.06118305,0.130897257,0.0,0.0,0.0,0.0,0.0,0.0,0.0,0.0,0.192080307
2025-08-25T17:00:00+02:00,AWAY,WD_HOME,False,PARTIAL,EMPTY,True,away_002,False,,2025-08-25T08:43:13.258795+02:00,2025-08-25T17:14:12.631558+02:00,0.060657674,0.130897257,0.0,0.0,0.0,0.0,0.0,0.0,0.0,0.0,0.191554931
2025-08-25T18:00:00+02:00,AWAY,WD_HOME,False,PARTIAL,EMPTY,True,away_002,False,,2025-08-25T08:43:13.258795+02:00,2025-08-25T17:14:12.631558+02:00,0.060478478,0.130897257,0.0,0.0,0.0,0.0,0.0,0.0,0.0,0.0,0.191375735
2025-08-25T19:00:00+02:00,AWAY,WD_HOME,False,PARTIAL,EMPTY,True,away_002,False,,2025-08-25T08:43:13.258795+02:00,2025-08-25T17:14:12.631558+02:00,0.060657674,0.130897257,0.0,0.0,0.0,0.0,0.0,0.0,0.0,0.0,0.191554931
2025-08-25T20:00:00+02:00,AWAY,WD_HOME,False,PARTIAL,EMPTY,True,away_002,False,,2025-08-25T08:43:13.258795+02:00,2025-08-25T17:14:12.631558+02:00,0.06118305,0.130897257,0.0,0.0,0.0,0.0,0.0,0.0,0.0,0.0,0.192080307
2025-08-25T21:00:00+02:00,AWAY,WD_HOME,False,PARTIAL,EMPTY,True,away_002,False,,2025-08-25T08:43:13.258795+02:00,2025-08-25T17:14:12.631558+02:00,0.062018802,0.130897257,0.0,0.0,0.0,0.0,0.0,0.0,0.0,0.0,0.192916059
2025-08-25T22:00:00+02:00,AWAY,WD_HOME,False,PARTIAL,EMPTY,True,away_002,False,,2025-08-25T08:43:13.258795+02:00,2025-08-25T17:14:12.631558+02:00,0.063107977,0.130897257,0.0,0.0,0.0,0.0,0.0,0.0,0.0,0.081245579,0.275250813
2025-08-25T23:00:00+02:00,AWAY,WD_HOME,False,PARTIAL,EMPTY,True,away_002,False,,2025-08-25T08:43:13.258795+02:00,2025-08-25T17:14:12.631558+02:00,0.064376347,0.130897257,0.0,0.0,0.0,0.0,0.0,0.0,0.0,0.081245579,0.276519183
2025-08-26T00:00:00+02:00,AWAY,WD_HOME,False,EMPTY,EMPTY,True,away_002,False,,2025-08-26T08:46:12.785044+02:00,2025-08-26T18:05:37.655336+02:00,0.065737476,0.130897257,0.0,0.0,0.0,0.0,0.0,0.0,0.0,0.081245579,0.277880312
2025-08-26T01:00:00+02:00,AWAY,WD_HOME,False,EMPTY,EMPTY,True,away_002,False,,2025-08-26T08:46:12.785044+02:00,2025-08-26T18:05:37.655336+02:00,0.067098604,0.130897257,0.0,0.0,0.0,0.0,0.0,0.0,0.0,0.081245579,0.27924144
2025-08-26T02:00:00+02:00,AWAY,WD_HOME,False,EMPTY,EMPTY,True,away_002,False,,2025-08-26T08:46:12.785044+02:00,2025-08-26T18:05:37.655336+02:00,0.068366975,0.130897257,0.0,0.0,0.0,0.0,0.0,0.0,0.0,0.081245579,0.280509811
2025-08-26T03:00:00+02:00,AWAY,WD_HOME,False,EMPTY,EMPTY,True,away_002,False,,2025-08-26T08:46:12.785044+02:00,2025-08-26T18:05:37.655336+02:00,0.069456149,0.130897257,0.0,0.0,0.0,0.0,0.0,0.0,0.0,0.081245579,0.281598985
2025-08-26T04:00:00+02:00,AWAY,WD_HOME,False,EMPTY,EMPTY,True,away_002,False,,2025-08-26T08:46:12.785044+02:00,2025-08-26T18:05:37.655336+02:00,0.070291902,0.130897257,0.0,0.0,0.0,0.0,0.0,0.0,0.0,0.081245579,0.282434738
2025-08-26T05:00:00+02:00,AWAY,WD_HOME,False,EMPTY,EMPTY,True,away_002,False,,2025-08-26T08:46:12.785044+02:00,2025-08-26T18:05:37.655336+02:00,0.070817278,0.130897257,0.0,0.0,0.0,0.0,0.0,0.0,0.0,0.081245579,0.282960114
2025-08-26T06:00:00+02:00,AWAY,WD_HOME,False,EMPTY,EMPTY,True,away_002,False,,2025-08-26T08:46:12.785044+02:00,2025-08-26T18:05:37.655336+02:00,0.070996474,0.130897257,0.0,0.0,0.0,0.0,0.0,0.0,0.0,0.081245579,0.28313931
2025-08-26T07:00:00+02:00,AWAY,WD_HOME,False,EMPTY,EMPTY,True,away_002,False,,2025-08-26T08:46:12.785044+02:00,2025-08-26T18:05:37.655336+02:00,0.070817278,0.130897257,0.0,0.0,0.0,0.0,0.0,0.0,0.0,0.081245579,0.282960114
2025-08-26T08:00:00+02:00,AWAY,WD_HOME,False,EMPTY,EMPTY,True,away_002,False,,2025-08-26T08:46:12.785044+02:00,2025-08-26T18:05:37.655336+02:00,0.070291902,0.130897257,0.0,0.0,0.0,0.0,0.0,0.0,0.0,0.0,0.201189159
2025-08-26T09:00:00+02:00,AWAY,WD_HOME,False,EMPTY,EMPTY,True,away_002,False,,2025-08-26T08:46:12.785044+02:00,2025-08-26T18:05:37.655336+02:00,0.069456149,0.130897257,0.0,0.0,0.0,0.0,0.0,0.0,0.0,0.0,0.200353406
2025-08-26T10:00:00+02:00,AWAY,WD_HOME,False,EMPTY,EMPTY,True,away_002,False,,2025-08-26T08:46:12.785044+02:00,2025-08-26T18:05:37.655336+02:00,0.068366975,0.130897257,0.0,0.0,0.0,0.0,0.0,0.0,0.0,0.0,0.199264232
2025-08-26T11:00:00+02:00,AWAY,WD_HOME,False,EMPTY,EMPTY,True,away_002,False,,2025-08-26T08:46:12.785044+02:00,2025-08-26T18:05:37.655336+02:00,0.067098604,0.130897257,0.0,0.0,0.0,0.0,0.0,0.0,0.0,0.0,0.197995861
2025-08-26T12:00:00+02:00,WD_HOME,WD_HOME,False,EMPTY,EMPTY,False,,False,,2025-08-26T08:46:12.785044+02:00,2025-08-26T18:05:37.655336+02:00,0.065737476,0.130897257,0.0,0.0,0.0,0.0,0.0,0.0,0.0,0.0,0.196634733
2025-08-26T13:00:00+02:00,WD_HOME,WD_HOME,False,EMPTY,EMPTY,False,,False,,2025-08-26T08:46:12.785044+02:00,2025-08-26T18:05:37.655336+02:00,0.064376347,0.130897257,0.0,0.0,0.0,0.0,0.0,0.0,0.0,0.0,0.195273604
2025-08-26T14:00:00+02:00,WD_HOME,WD_HOME,False,EMPTY,EMPTY,False,,False,,2025-08-26T08:46:12.785044+02:00,2025-08-26T18:05:37.655336+02:00,0.063107977,0.130897257,0.0,0.0,0.0,0.0,0.0,0.0,0.0,0.0,0.194005234
2025-08-26T15:00:00+02:00,WD_HOME,WD_HOME,False,EMPTY,EMPTY,False,,False,,2025-08-26T08:46:12.785044+02:00,2025-08-26T18:05:37.655336+02:00,0.062018802,0.130897257,0.0,0.0,0.0,0.0,0.0,0.0,0.0,0.0,0.192916059
2025-08-26T16:00:00+02:00,WD_HOME,WD_HOME,False,EMPTY,EMPTY,False,,False,,2025-08-26T08:46:12.785044+02:00,2025-08-26T18:05:37.655336+02:00,0.06118305,0.130897257,0.0,0.0,0.0,0.0,0.0,0.0,0.0,0.0,0.192080307
2025-08-26T17:00:00+02:00,WD_HOME,WD_HOME,False,EMPTY,EMPTY,False,,False,,2025-08-26T08:46:12.785044+02:00,2025-08-26T18:05:37.655336+02:00,0.060657674,0.130897257,0.0,0.0,0.0,0.0,0.0,0.0,0.0,0.0,0.191554931
2025-08-26T18:00:00+02:00,WD_HOME,WD_HOME,False,EMPTY,FULL,False,,False,,2025-08-26T08:46:12.785044+02:00,2025-08-26T18:05:37.655336+02:00,0.060478478,0.130897257,0.0,0.0,0.0,0.0,0.0,0.0,0.0,0.0,0.191375735
2025-08-26T19:00:00+02:00,WD_HOME,WD_HOME,False,EMPTY,FULL,False,,False,,2025-08-26T08:46:12.785044+02:00,2025-08-26T18:05:37.655336+02:00,0.060657674,0.130897257,0.0,0.0,0.0,0.0,0.0,0.0,0.0,0.0,0.191554931
2025-08-26T20:00:00+02:00,WD_HOME,WD_HOME,False,EMPTY,FULL,False,,False,,2025-08-26T08:46:12.785044+02:00,2025-08-26T18:05:37.655336+02:00,0.06118305,0.130897257,0.229997114,0.0,0.0,0.0,0.0,0.012877119,0.0,0.0,0.43495454
2025-08-26T21:00:00+02:00,WD_HOME,WD_HOME,False,EMPTY,FULL,False,,False,,2025-08-26T08:46:12.785044+02:00,2025-08-26T18:05:37.655336+02:00,0.062018802,0.130897257,2.261633398,0.0,0.0,0.0,0.0,0.016852413,0.0,0.0,2.47140187
2025-08-26T22:00:00+02:00,WD_HOME,WD_HOME,False,EMPTY,FULL,False,,False,,2025-08-26T08:46:12.785044+02:00,2025-08-26T18:05:37.655336+02:00,0.063107977,0.130897257,0.865399987,0.0,0.0,0.0,0.0,0.0,0.324982315,0.081245579,1.465633115
2025-08-26T23:00:00+02:00,WD_HOME,WD_HOME,False,EMPTY,FULL,False,,False,,2025-08-26T08:46:12.785044+02:00,2025-08-26T18:05:37.655336+02:00,0.064376347,0.130897257,0.0,0.0,0.0,0.0,0.0,0.0,0.324982315,0.081245579,0.601501498
2025-08-27T00:00:00+02:00,WD_HOME,WD_HOME,False,EMPTY,FULL,False,,False,,2025-08-27T08:33:20.274750+02:00,2025-08-27T17:43:04.861783+02:00,0.065737476,0.130897257,0.0,0.0,0.0,0.0,0.0,0.0,0.324982315,0.081245579,0.602862627
2025-08-27T01:00:00+02:00,WD_HOME,WD_HOME,False,EMPTY,FULL,False,,False,,2025-08-27T08:33:20.274750+02:00,2025-08-27T17:43:04.861783+02:00,0.067098604,0.130897257,0.0,0.0,0.0,0.0,0.0,0.0,0.324982315,0.081245579,0.604223755
2025-08-27T02:00:00+02:00,WD_HOME,WD_HOME,False,EMPTY,FULL,False,,False,,2025-08-27T08:33:20.274750+02:00,2025-08-27T17:43:04.861783+02:00,0.068366975,0.130897257,0.0,0.0,0.0,0.0,0.0,0.0,0.324982315,0.081245579,0.605492126
2025-08-27T03:00:00+02:00,WD_HOME,WD_HOME,False,EMPTY,FULL,False,,False,,2025-08-27T08:33:20.274750+02:00,2025-08-27T17:43:04.861783+02:00,0.069456149,0.130897257,0.0,0.0,0.0,0.0,0.0,0.0,0.324982315,0.081245579,0.6065813
2025-08-27T04:00:00+02:00,WD_HOME,WD_HOME,False,EMPTY,FULL,False,,False,,2025-08-27T08:33:20.274750+02:00,2025-08-27T17:43:04.861783+02:00,0.070291902,0.130897257,0.0,0.0,0.0,0.0,0.0,0.0,0.324982315,0.081245579,0.607417053
2025-08-27T05:00:00+02:00,WD_HOME,WD_HOME,False,EMPTY,FULL,False,,False,,2025-08-27T08:33:20.274750+02:00,2025-08-27T17:43:04.861783+02:00,0.070817278,0.130897257,0.0,0.0,0.0,0.0,0.0,0.0,0.324982315,0.081245579,0.607942429
2025-08-27T06:00:00+02:00,WD_HOME,WD_HOME,False,EMPTY,FULL,False,,False,,2025-08-27T08:33:20.274750+02:00,2025-08-27T17:43:04.861783+02:00,0.070996474,0.130897257,0.0,0.0,0.0,0.0,0.0,0.0,0.324982315,0.081245579,0.608121625
2025-08-27T07:00:00+02:00,WD_HOME,WD_HOME,False,EMPTY,FULL,False,,False,,2025-08-27T08:33:20.274750+02:00,2025-08-27T17:43:04.861783+02:00,0.070817278,0.130897257,0.0,0.0,0.0,0.0,0.0,0.0,0.324982315,0.081245579,0.607942429
2025-08-27T08:00:00+02:00,WD_HOME,WD_HOME,False,EMPTY,FULL,False,,False,,2025-08-27T08:33:20.274750+02:00,2025-08-27T17:43:04.861783+02:00,0.070291902,0.130897257,0.0,0.0,0.0,0.0,0.0,0.0,0.0,0.0,0.201189159
2025-08-27T09:00:00+02:00,WD_HOME,WD_HOME,False,EMPTY,EMPTY,False,,False,,2025-08-27T08:33:20.274750+02:00,2025-08-27T17:43:04.861783+02:00,0.069456149,0.130897257,0.0,0.0,0.0,0.0,0.0,0.0,0.0,0.0,0.200353406
2025-08-27T10:00:00+02:00,WD_HOME,WD_HOME,False,EMPTY,EMPTY,False,,False,,2025-08-27T08:33:20.274750+02:00,2025-08-27T17:43:04.861783+02:00,0.068366975,0.130897257,0.0,0.0,0.0,0.0,0.0,0.0,0.0,0.0,0.199264232
2025-08-27T11:00:00+02:00,WD_HOME,WD_HOME,False,EMPTY,EMPTY,False,,False,,2025-08-27T08:33:20.274750+02:00,2025-08-27T17:43:04.861783+02:00,0.067098604,0.130897257,0.0,0.0,0.0,0.0,0.0,0.0,0.0,0.0,0.197995861
2025-08-27T12:00:00+02:00,WD_HOME,WD_HOME,False,EMPTY,EMPTY,False,,False,,2025-08-27T08:33:20.274750+02:00,2025-08-27T17:43:04.861783+02:00,0.065737476,0.130897257,0.0,0.0,0.0,0.0,0.0,0.0,0.0,0.0,0.196634733
2025-08-27T13:00:00+02:00,WD_HOME,WD_HOME,False,EMPTY,EMPTY,False,,False,,2025-08-27T08:33:20.274750+02:00,2025-08-27T17:43:04.861783+02:00,0.064376347,0.130897257,0.0,0.0,0.0,0.0,0.0,0.0,0.0,0.0,0.195273604
2025-08-27T14:00:00+02:00,WD_HOME,WD_HOME,False,EMPTY,EMPTY,False,,False,,2025-08-27T08:33:20.274750+02:00,2025-08-27T17:43:04.861783+02:00,0.063107977,0.130897257,0.0,0.0,0.0,0.0,0.0,0.0,0.0,0.0,0.194005234
2025-08-27T15:00:00+02:00,WD_HOME,WD_HOME,False,EMPTY,EMPTY,False,,False,,2025-08-27T08:33:20.274750+02:00,2025-08-27T17:43:04.861783+02:00,0.062018802,0.130897257,0.0,0.0,0.0,0.0,0.0,0.0,0.0,0.0,0.192916059
2025-08-27T16:00:00+02:00,WD_HOME,WD_HOME,False,EMPTY,EMPTY,False,,False,,2025-08-27T08:33:20.274750+02:00,2025-08-27T17:43:04.861783+02:00,0.06118305,0.130897257,0.0,0.0,0.0,0.0,0.0,0.0,0.0,0.0,0.192080307
2025-08-27T17:00:00+02:00,WD_HOME,WD_HOME,False,EMPTY,EMPTY,False,,False,,2025-08-27T08:33:20.274750+02:00,2025-08-27T17:43:04.861783+02:00,0.060657674,0.130897257,0.0,0.0,0.0,0.0,0.0,0.0,0.0,0.0,0.191554931
2025-08-27T18:00:00+02:00,WD_HOME,WD_HOME,False,EMPTY,FULL,False,,False,,2025-08-27T08:33:20.274750+02:00,2025-08-27T17:43:04.861783+02:00,0.060478478,0.130897257,0.0,0.0,0.0,0.0,0.0,0.0,0.0,0.0,0.191375735
2025-08-27T19:00:00+02:00,WD_HOME,WD_HOME,False,EMPTY,FULL,False,,False,,2025-08-27T08:33:20.274750+02:00,2025-08-27T17:43:04.861783+02:00,0.060657674,0.130897257,1.086949326,0.0,0.0,0.0,0.0,0.0,0.0,0.0,1.278504257
2025-08-27T20:00:00+02:00,WD_HOME,WD_HOME,False,EMPTY,FULL,False,,False,,2025-08-27T08:33:20.274750+02:00,2025-08-27T17:43:04.861783+02:00,0.06118305,0.130897257,1.471092214,0.104081243,0.0,0.0,0.0,0.03397085,0.0,0.0,1.801224614
2025-08-27T21:00:00+02:00,WD_HOME,WD_HOME,False,EMPTY,FULL,False,,False,,2025-08-27T08:33:20.274750+02:00,2025-08-27T17:43:04.861783+02:00,0.062018802,0.130897257,0.0,0.846426766,0.0,0.0,0.0,0.010683285,0.0,0.0,1.05002611
2025-08-27T22:00:00+02:00,WD_HOME,WD_HOME,False,EMPTY,FULL,False,,False,,2025-08-27T08:33:20.274750+02:00,2025-08-27T17:43:04.861783+02:00,0.063107977,0.130897257,0.0,0.094132514,0.0,0.0,0.0,0.0,0.324982315,0.081245579,0.694365642
2025-08-27T23:00:00+02:00,WD_HOME,WD_HOME,False,EMPTY,FULL,False,,False,,2025-08-27T08:33:20.274750+02:00,2025-08-27T17:43:04.861783+02:00,0.064376347,0.130897257,0.0,0.0,0.0,0.0,0.0,0.0,0.324982315,0.081245579,0.601501498
2025-08-28T00:00:00+02:00,WD_HOME,WD_HOME,False,FULL,FULL,False,,False,,,,0.065737476,0.130897257,0.0,0.0,0.0,0.0,0.0,0.0,0.324982315,0.081245579,0.602862627
2025-08-28T01:00:00+02:00,WD_HOME,WD_HOME,False,FULL,FULL,False,,False,,,,0.067098604,0.130897257,0.0,0.0,0.0,0.0,0.0,0.0,0.324982315,0.081245579,0.604223755
2025-08-28T02:00:00+02:00,WD_HOME,WD_HOME,False,FULL,FULL,False,,False,,,,0.068366975,0.130897257,0.0,0.0,0.0,0.0,0.0,0.0,0.324982315,0.081245579,0.605492126
2025-08-28T03:00:00+02:00,WD_HOME,WD_HOME,False,FULL,FULL,False,,False,,,,0.069456149,0.130897257,0.0,0.0,0.0,0.0,0.0,0.0,0.324982315,0.081245579,0.6065813
2025-08-28T04:00:00+02:00,WD_HOME,WD_HOME,False,FULL,FULL,False,,False,,,,0.070291902,0.130897257,0.0,0.0,0.0,0.0,0.0,0.0,0.324982315,0.081245579,0.607417053
2025-08-28T05:00:00+02:00,WD_HOME,WD_HOME,False,FULL,FULL,False,,False,,,,0.070817278,0.130897257,0.0,0.0,0.0,0.0,0.0,0.0,0.324982315,0.081245579,0.607942429
2025-08-28T06:00:00+02:00,WD_HOME,WD_HOME,False,FULL,FULL,False,,False,,,,0.070996474,0.130897257,0.0,0.0,0.0,0.0,0.0,0.0,0.324982315,0.081245579,0.608121625
2025-08-28T07:00:00+02:00,WD_HOME,WD_HOME,False,FULL,FULL,False,,False,,,,0.070817278,0.130897257,0.0,0.0,0.0,0.0,0.0,0.0,0.324982315,0.081245579,0.607942429
2025-08-28T08:00:00+02:00,WD_HOME,WD_HOME,False,FULL,FULL,False,,False,,,,0.070291902,0.130897257,0.0,0.0,0.0,0.0,0.0,0.0,0.0,0.0,0.201189159
2025-08-28T09:00:00+02:00,WD_HOME,WD_HOME,False,FULL,FULL,False,,False,,,,0.069456149,0.130897257,0.0,0.0,0.0,0.0,0.0,0.0,0.0,0.0,0.200353406
2025-08-28T10:00:00+02:00,WD_HOME,WD_HOME,False,FULL,FULL,False,,False,,,,0.068366975,0.130897257,0.0,0.0,0.282736299,0.0,0.0,0.0,0.0,0.0,0.482000531
2025-08-28T11:00:00+02:00,WD_HOME,WD_HOME,False,FULL,FULL,False,,False,,,,0.067098604,0.130897257,0.0,0.0,0.712762561,0.0,0.035190006,0.0,0.0,0.0,0.945948428
2025-08-28T12:00:00+02:00,WD_HOME,WD_HOME,False,FULL,FULL,False,,False,,,,0.065737476,0.130897257,0.0,0.0,0.0,0.0,0.224168266,0.0,0.0,0.0,0.420802999
2025-08-28T13:00:00+02:00,WD_HOME,WD_HOME,False,FULL,FULL,False,,False,,,,0.064376347,0.130897257,0.0,0.0,0.0,0.0,0.047111179,0.0,0.0,0.0,0.242384783
2025-08-28T14:00:00+02:00,WD_HOME,WD_HOME,False,FULL,FULL,False,,False,,,,0.063107977,0.130897257,0.0,0.0,0.0,0.0,0.0,0.0,0.0,0.0,0.194005234
2025-08-28T15:00:00+02:00,WD_HOME,WD_HOME,False,FULL,FULL,False,,False,,,,0.062018802,0.130897257,0.0,0.0,0.0,0.0,0.0,0.0,0.0,0.0,0.192916059
2025-08-28T16:00:00+02:00,WD_HOME,WD_HOME,False,FULL,FULL,False,,False,,,,0.06118305,0.130897257,0.0,0.0,0.0,0.0,0.0,0.0,0.0,0.0,0.192080307
2025-08-28T17:00:00+02:00,WD_HOME,WD_HOME,False,FULL,FULL,False,,False,,,,0.060657674,0.130897257,0.0,0.0,0.0,0.0,0.0,0.0,0.0,0.0,0.191554931
2025-08-28T18:00:00+02:00,WD_HOME,WD_HOME,False,FULL,FULL,False,,False,,,,0.060478478,0.130897257,0.0,0.0,0.0,0.0,0.0,0.02646387,0.0,0.0,0.217839605
2025-08-28T19:00:00+02:00,WD_HOME,WD_HOME,False,FULL,FULL,False,,False,,,,0.060657674,0.130897257,0.0,0.0,0.0,0.0,0.091077347,0.010680771,0.0,0.0,0.293313049
2025-08-28T20:00:00+02:00,WD_HOME,WD_HOME,False,FULL,FULL,False,,False,,,,0.06118305,0.130897257,1.419460875,0.0,0.0,0.0,0.191548588,0.0,0.0,0.0,1.80308977
2025-08-28T21:00:00+02:00,WD_HOME,WD_HOME,False,FULL,FULL,False,,False,,,,0.062018802,0.130897257,0.297418772,0.0,0.0,0.0,0.191548588,0.0,0.0,0.0,0.681883419
2025-08-28T22:00:00+02:00,WD_HOME,WD_HOME,False,FULL,FULL,False,,False,,,,0.063107977,0.130897257,0.0,0.0,0.0,0.0,0.099115154,0.0,0.324982315,0.081245579,0.699348282
2025-08-28T23:00:00+02:00,WD_HOME,WD_HOME,False,FULL,FULL,False,,False,,,,0.064376347,0.130897257,0.0,0.0,0.0,0.0,0.0,0.0,0.324982315,0.081245579,0.601501498
2025-08-29T00:00:00+02:00,WD_HOME,WD_HOME,False,EMPTY,FULL,False,,False,,2025-08-29T08:55:03.838975+02:00,2025-08-29T18:54:09.421283+02:00,0.065737476,0.130897257,0.0,0.0,0.0,0.0,0.0,0.0,0.324982315,0.081245579,0.602862627
2025-08-29T01:00:00+02:00,WD_HOME,WD_HOME,False,EMPTY,FULL,False,,False,,2025-08-29T08:55:03.838975+02:00,2025-08-29T18:54:09.421283+02:00,0.067098604,0.130897257,0.0,0.0,0.0,0.0,0.0,0.0,0.324982315,0.081245579,0.604223755
2025-08-29T02:00:00+02:00,WD_HOME,WD_HOME,False,EMPTY,FULL,False,,False,,2025-08-29T08:55:03.838975+02:00,2025-08-29T18:54:09.421283+02:00,0.068366975,0.130897257,0.0,0.0,0.0,0.0,0.0,0.0,0.324982315,0.081245579,0.605492126
2025-08-29T03:00:00+02:00,WD_HOME,WD_HOME,False,EMPTY,FULL,False,,False,,2025-08-29T08:55:03.838975+02:00,2025-08-29T18:54:09.421283+02:00,0.069456149,0.130897257,0.0,0.0,0.0,0.0,0.0,0.0,0.324982315,0.081245579,0.6065813
2025-08-29T04:00:00+02:00,WD_HOME,WD_HOME,False,EMPTY,FULL,False,,False,,2025-08-29T08:55:03.838975+02:00,2025-08-29T18:54:09.421283+02:00,0.070291902,0.130897257,0.0,0.0,0.0,0.0,0.0,0.0,0.324982315,0.081245579,0.607417053
2025-08-29T05:00:00+02:00,WD_HOME,WD_HOME,False,EMPTY,FULL,False,,False,,2025-08-29T08:55:03.838975+02:00,2025-08-29T18:54:09.421283+02:00,0.070817278,0.130897257,0.0,0.0,0.0,0.0,0.0,0.0,0.324982315,0.081245579,0.607942429
2025-08-29T06:00:00+02:00,WD_HOME,WD_HOME,False,EMPTY,FULL,False,,False,,2025-08-29T08:55:03.838975+02:00,2025-08-29T18:54:09.421283+02:00,0.070996474,0.130897257,0.0,0.0,0.0,0.0,0.0,0.0,0.324982315,0.081245579,0.608121625
2025-08-29T07:00:00+02:00,WD_HOME,WD_HOME,False,EMPTY,FULL,False,,False,,2025-08-29T08:55:03.838975+02:00,2025-08-29T18:54:09.421283+02:00,0.070817278,0.130897257,0.0,0.0,0.0,0.0,0.0,0.0,0.324982315,0.081245579,0.607942429
2025-08-29T08:00:00+02:00,WD_HOME,WD_HOME,False,EMPTY,FULL,False,,False,,2025-08-29T08:55:03.838975+02:00,2025-08-29T18:54:09.421283+02:00,0.070291902,0.130897257,1.286747795,0.0,0.0,0.0,0.0,0.0,0.0,0.0,1.487936954
2025-08-29T09:00:00+02:00,WD_HOME,WD_HOME,False,EMPTY,EMPTY,False,,False,,2025-08-29T08:55:03.838975+02:00,2025-08-29T18:54:09.421283+02:00,0.069456149,0.130897257,0.0,0.0,0.0,0.0,0.0,0.0,0.0,0.0,0.200353406
2025-08-29T10:00:00+02:00,WD_HOME,WD_HOME,False,EMPTY,EMPTY,False,,False,,2025-08-29T08:55:03.838975+02:00,2025-08-29T18:54:09.421283+02:00,0.068366975,0.130897257,0.0,0.0,0.0,0.0,0.0,0.0,0.0,0.0,0.199264232
2025-08-29T11:00:00+02:00,WD_HOME,WD_HOME,False,EMPTY,EMPTY,False,,False,,2025-08-29T08:55:03.838975+02:00,2025-08-29T18:54:09.421283+02:00,0.067098604,0.130897257,0.0,0.0,0.0,0.0,0.0,0.0,0.0,0.0,0.197995861
2025-08-29T12:00:00+02:00,WD_HOME,WD_HOME,False,EMPTY,EMPTY,False,,False,,2025-08-29T08:55:03.838975+02:00,2025-08-29T18:54:09.421283+02:00,0.065737476,0.130897257,0.0,0.0,0.0,0.0,0.0,0.0,0.0,0.0,0.196634733
2025-08-29T13:00:00+02:00,WD_HOME,WD_HOME,False,EMPTY,EMPTY,False,,False,,2025-08-29T08:55:03.838975+02:00,2025-08-29T18:54:09.421283+02:00,0.064376347,0.130897257,0.0,0.0,0.0,0.0,0.0,0.0,0.0,0.0,0.195273604
2025-08-29T14:00:00+02:00,WD_HOME,WD_HOME,False,EMPTY,EMPTY,False,,False,,2025-08-29T08:55:03.838975+02:00,2025-08-29T18:54:09.421283+02:00,0.063107977,0.130897257,0.0,0.0,0.0,0.0,0.0,0.0,0.0,0.0,0.194005234
2025-08-29T15:00:00+02:00,WD_HOME,WD_HOME,False,EMPTY,EMPTY,False,,False,,2025-08-29T08:55:03.838975+02:00,2025-08-29T18:54:09.421283+02:00,0.062018802,0.130897257,0.0,0.0,0.0,0.0,0.0,0.0,0.0,0.0,0.192916059
2025-08-29T16:00:00+02:00,WD_HOME,WD_HOME,False,EMPTY,EMPTY,False,,False,,2025-08-29T08:55:03.838975+02:00,2025-08-29T18:54:09.421283+02:00,0.06118305,0.130897257,0.0,0.0,0.0,0.0,0.0,0.0,0.0,0.0,0.192080307
2025-08-29T17:00:00+02:00,WD_HOME,WD_HOME,False,EMPTY,EMPTY,False,,False,,2025-08-29T08:55:03.838975+02:00,2025-08-29T18:54:09.421283+02:00,0.060657674,0.130897257,0.0,0.0,0.0,0.0,0.0,0.0,0.0,0.0,0.191554931
2025-08-29T18:00:00+02:00,WD_HOME,WD_HOME,False,EMPTY,EMPTY,False,,False,,2025-08-29T08:55:03.838975+02:00,2025-08-29T18:54:09.421283+02:00,0.060478478,0.130897257,0.0,0.0,0.0,0.0,0.0,0.0,0.0,0.0,0.191375735
2025-08-29T19:00:00+02:00,WD_HOME,WD_HOME,False,EMPTY,FULL,False,,False,,2025-08-29T08:55:03.838975+02:00,2025-08-29T18:54:09.421283+02:00,0.060657674,0.130897257,0.293257356,0.0,0.0,0.0,0.288814394,0.0,0.0,0.0,0.773626681
2025-08-29T20:00:00+02:00,WD_HOME,WD_HOME,False,EMPTY,FULL,False,,False,,2025-08-29T08:55:03.838975+02:00,2025-08-29T18:54:09.421283+02:00,0.06118305,0.130897257,1.458502954,0.0,0.0,0.0,0.330264084,0.013877432,0.0,0.0,1.994724777
2025-08-29T21:00:00+02:00,WD_HOME,WD_HOME,False,EMPTY,FULL,False,,False,,2025-08-29T08:55:03.838975+02:00,2025-08-29T18:54:09.421283+02:00,0.062018802,0.130897257,0.0,0.369546836,0.0,0.0,0.0,0.0,0.0,0.0,0.562462895
2025-08-29T22:00:00+02:00,WD_HOME,WD_HOME,False,EMPTY,FULL,False,,False,,2025-08-29T08:55:03.838975+02:00,2025-08-29T18:54:09.421283+02:00,0.063107977,0.130897257,0.0,0.591035045,0.0,0.0,0.0,0.015096444,0.324982315,0.081245579,1.206364617
2025-08-29T23:00:00+02:00,WD_HOME,WD_HOME,False,EMPTY,FULL,False,,False,,2025-08-29T08:55:03.838975+02:00,2025-08-29T18:54:09.421283+02:00,0.064376347,0.130897257,0.0,0.114732203,0.0,0.0,0.0,0.017480836,0.324982315,0.081245579,0.733714537
2025-08-30T00:00:00+02:00,WE_HOME,WE_HOME,True,FULL,FULL,False,,False,,,,0.065737476,0.130897257,0.0,0.0,0.0,0.0,0.0,0.0,0.324982315,0.081245579,0.602862627
2025-08-30T01:00:00+02:00,WE_HOME,WE_HOME,True,FULL,FULL,False,,False,,,,0.067098604,0.130897257,0.0,0.0,0.0,0.0,0.0,0.0,0.324982315,0.081245579,0.604223755
2025-08-30T02:00:00+02:00,WE_HOME,WE_HOME,True,FULL,FULL,False,,False,,,,0.068366975,0.130897257,0.0,0.0,0.0,0.0,0.0,0.0,0.324982315,0.081245579,0.605492126
2025-08-30T03:00:00+02:00,WE_HOME,WE_HOME,True,FULL,FULL,False,,False,,,,0.069456149,0.130897257,0.0,0.0,0.0,0.0,0.0,0.0,0.324982315,0.081245579,0.6065813
2025-08-30T04:00:00+02:00,WE_HOME,WE_HOME,True,FULL,FULL,False,,False,,,,0.070291902,0.130897257,0.0,0.0,0.0,0.0,0.0,0.0,0.324982315,0.081245579,0.607417053
2025-08-30T05:00:00+02:00,WE_HOME,WE_HOME,True,FULL,FULL,False,,False,,,,0.070817278,0.130897257,0.0,0.0,0.0,0.0,0.0,0.0,0.324982315,0.081245579,0.607942429
2025-08-30T06:00:00+02:00,WE_HOME,WE_HOME,True,FULL,FULL,False,,False,,,,0.070996474,0.130897257,0.0,0.0,0.0,0.0,0.0,0.0,0.324982315,0.081245579,0.608121625
2025-08-30T07:00:00+02:00,WE_HOME,WE_HOME,True,FULL,FULL,False,,False,,,,0.070817278,0.130897257,0.0,0.0,0.0,0.0,0.0,0.0,0.324982315,0.081245579,0.607942429
2025-08-30T08:00:00+02:00,WE_HOME,WE_HOME,True,FULL,FULL,False,,False,,,,0.070291902,0.130897257,0.0,0.0,0.0,0.0,0.0,0.0,0.0,0.0,0.201189159
2025-08-30T09:00:00+02:00,WE_HOME,WE_HOME,True,FULL,FULL,False,,False,,,,0.069456149,0.130897257,0.0,0.0,0.0,0.0,0.0,0.0,0.0,0.0,0.200353406
2025-08-30T10:00:00+02:00,WE_HOME,WE_HOME,True,FULL,FULL,False,,False,,,,0.068366975,0.130897257,0.0,0.0,0.0,0.0,0.0,0.0,0.0,0.0,0.199264232
2025-08-30T11:00:00+02:00,WE_HOME,WE_HOME,True,FULL,FULL,False,,False,,,,0.067098604,0.130897257,0.0,0.0,0.0,0.0,0.0,0.0,0.0,0.0,0.197995861
2025-08-30T12:00:00+02:00,WE_HOME,WE_HOME,True,FULL,FULL,False,,False,,,,0.065737476,0.130897257,0.0,0.0,0.0,0.0,0.0,0.0,0.0,0.0,0.196634733
2025-08-30T13:00:00+02:00,WE_HOME,WE_HOME,True,FULL,FULL,False,,False,,,,0.064376347,0.130897257,0.0,0.0,0.0,0.0,0.0,0.0,0.0,0.0,0.195273604
2025-08-30T14:00:00+02:00,WE_HOME,WE_HOME,True,FULL,FULL,False,,False,,,,0.063107977,0.130897257,0.0,0.0,0.0,0.0,0.0,0.0,0.0,0.0,0.194005234
2025-08-30T15:00:00+02:00,WE_HOME,WE_HOME,True,FULL,FULL,False,,False,,,,0.062018802,0.130897257,0.0,0.0,0.0,0.0,0.0,0.0,0.0,0.0,0.192916059
2025-08-30T16:00:00+02:00,WE_HOME,WE_HOME,True,FULL,FULL,False,,False,,,,0.06118305,0.130897257,0.0,0.0,0.0,0.0,0.0,0.0,0.0,0.0,0.192080307
2025-08-30T17:00:00+02:00,WE_HOME,WE_HOME,True,FULL,FULL,False,,False,,,,0.060657674,0.130897257,0.0,0.0,0.0,0.0,0.0,0.0,0.0,0.0,0.191554931
2025-08-30T18:00:00+02:00,WE_HOME,WE_HOME,True,FULL,FULL,False,,False,,,,0.060478478,0.130897257,0.355917333,0.0,0.0,0.0,0.0,0.009689486,0.0,0.0,0.556982554
2025-08-30T19:00:00+02:00,WE_HOME,WE_HOME,True,FULL,FULL,False,,False,,,,0.060657674,0.130897257,2.009027414,0.0,0.0,0.0,0.0,0.0,0.0,0.0,2.200582345
2025-08-30T20:00:00+02:00,WE_HOME,WE_HOME,True,FULL,FULL,False,,False,,,,0.06118305,0.130897257,0.605729085,0.09157024,0.0,0.0,0.316130065,0.0,0.0,0.0,1.205509697
2025-08-30T21:00:00+02:00,WE_HOME,WE_HOME,True,FULL,FULL,False,,False,,,,0.062018802,0.130897257,0.0,0.868549568,0.0,0.0,0.415716855,0.0,0.0,0.0,1.477182482
2025-08-30T22:00:00+02:00,WE_HOME,WE_HOME,True,FULL,FULL,False,,False,,,,0.063107977,0.130897257,0.0,0.111837839,0.0,0.0,0.41398744,0.007150402,0.324982315,0.081245579,1.133208809
2025-08-30T23:00:00+02:00,WE_HOME,WE_HOME,True,FULL,FULL,False,,False,,,,0.064376347,0.130897257,0.0,0.0,0.0,0.0,0.0,0.0,0.324982315,0.081245579,0.601501498
2025-08-31T00:00:00+02:00,WE_HOME,WE_HOME,True,EMPTY,FULL,False,,False,,2025-08-31T11:06:57.062761+02:00,2025-08-31T18:03:49.591165+02:00,0.065737476,0.130897257,0.0,0.0,0.0,0.0,0.0,0.0,0.324982315,0.081245579,0.602862627
2025-08-31T01:00:00+02:00,WE_HOME,WE_HOME,True,EMPTY,FULL,False,,False,,2025-08-31T11:06:57.062761+02:00,2025-08-31T18:03:49.591165+02:00,0.067098604,0.130897257,0.0,0.0,0.0,0.0,0.0,0.0,0.324982315,0.081245579,0.604223755
2025-08-31T02:00:00+02:00,WE_HOME,WE_HOME,True,EMPTY,FULL,False,,False,,2025-08-31T11:06:57.062761+02:00,2025-08-31T18:03:49.591165+02:00,0.068366975,0.130897257,0.0,0.0,0.0,0.0,0.0,0.0,0.324982315,0.081245579,0.605492126
2025-08-31T03:00:00+02:00,WE_HOME,WE_HOME,True,EMPTY,FULL,False,,False,,2025-08-31T11:06:57.062761+02:00,2025-08-31T18:03:49.591165+02:00,0.069456149,0.130897257,0.0,0.0,0.0,0.0,0.0,0.0,0.324982315,0.081245579,0.6065813
2025-08-31T04:00:00+02:00,WE_HOME,WE_HOME,True,EMPTY,FULL,False,,False,,2025-08-31T11:06:57.062761+02:00,2025-08-31T18:03:49.591165+02:00,0.070291902,0.130897257,0.0,0.0,0.0,0.0,0.0,0.0,0.324982315,0.081245579,0.607417053
2025-08-31T05:00:00+02:00,WE_HOME,WE_HOME,True,EMPTY,FULL,False,,False,,2025-08-31T11:06:57.062761+02:00,2025-08-31T18:03:49.591165+02:00,0.070817278,0.130897257,0.0,0.0,0.0,0.0,0.0,0.0,0.324982315,0.081245579,0.607942429
2025-08-31T06:00:00+02:00,WE_HOME,WE_HOME,True,EMPTY,FULL,False,,False,,2025-08-31T11:06:57.062761+02:00,2025-08-31T18:03:49.591165+02:00,0.070996474,0.130897257,0.0,0.0,0.0,0.0,0.0,0.0,0.324982315,0.081245579,0.608121625
2025-08-31T07:00:00+02:00,WE_HOME,WE_HOME,True,EMPTY,FULL,False,,False,,2025-08-31T11:06:57.062761+02:00,2025-08-31T18:03:49.591165+02:00,0.070817278,0.130897257,0.0,0.0,0.0,0.0,0.0,0.0,0.324982315,0.081245579,0.607942429
2025-08-31T08:00:00+02:00,WE_HOME,WE_HOME,True,EMPTY,FULL,False,,False,,2025-08-31T11:06:57.062761+02:00,2025-08-31T18:03:49.591165+02:00,0.070291902,0.130897257,0.0,0.0,0.0,0.0,0.0,0.0,0.0,0.0,0.201189159
2025-08-31T09:00:00+02:00,WE_HOME,WE_HOME,True,EMPTY,FULL,False,,False,,2025-08-31T11:06:57.062761+02:00,2025-08-31T18:03:49.591165+02:00,0.069456149,0.130897257,0.0,0.0,0.0,0.0,0.0,0.0,0.0,0.0,0.200353406
2025-08-31T10:00:00+02:00,WE_HOME,WE_HOME,True,EMPTY,FULL,False,,False,,2025-08-31T11:06:57.062761+02:00,2025-08-31T18:03:49.591165+02:00,0.068366975,0.130897257,0.0,0.0,0.0,0.0,0.0,0.0,0.0,0.0,0.199264232
2025-08-31T11:00:00+02:00,WE_HOME,WE_HOME,True,EMPTY,EMPTY,False,,False,,2025-08-31T11:06:57.062761+02:00,2025-08-31T18:03:49.591165+02:00,0.067098604,0.130897257,0.0,0.0,0.0,0.0,0.0,0.0,0.0,0.0,0.197995861
2025-08-31T12:00:00+02:00,WE_HOME,WE_HOME,True,EMPTY,EMPTY,False,,False,,2025-08-31T11:06:57.062761+02:00,2025-08-31T18:03:49.591165+02:00,0.065737476,0.130897257,0.0,0.0,0.0,0.0,0.0,0.0,0.0,0.0,0.196634733
2025-08-31T13:00:00+02:00,WE_HOME,WE_HOME,True,EMPTY,EMPTY,False,,False,,2025-08-31T11:06:57.062761+02:00,2025-08-31T18:03:49.591165+02:00,0.064376347,0.130897257,0.0,0.0,0.0,0.0,0.0,0.0,0.0,0.0,0.195273604
2025-08-31T14:00:00+02:00,WE_HOME,WE_HOME,True,EMPTY,EMPTY,False,,False,,2025-08-31T11:06:57.062761+02:00,2025-08-31T18:03:49.591165+02:00,0.063107977,0.130897257,0.0,0.0,0.0,0.0,0.0,0.0,0.0,0.0,0.194005234
2025-08-31T15:00:00+02:00,WE_HOME,WE_HOME,True,EMPTY,EMPTY,False,,False,,2025-08-31T11:06:57.062761+02:00,2025-08-31T18:03:49.591165+02:00,0.062018802,0.130897257,0.0,0.0,0.0,0.0,0.0,0.0,0.0,0.0,0.192916059
2025-08-31T16:00:00+02:00,WE_HOME,WE_HOME,True,EMPTY,EMPTY,False,,False,,2025-08-31T11:06:57.062761+02:00,2025-08-31T18:03:49.591165+02:00,0.06118305,0.130897257,0.0,0.0,0.0,0.0,0.0,0.0,0.0,0.0,0.192080307
2025-08-31T17:00:00+02:00,WE_HOME,WE_HOME,True,EMPTY,EMPTY,False,,False,,2025-08-31T11:06:57.062761+02:00,2025-08-31T18:03:49.591165+02:00,0.060657674,0.130897257,0.0,0.0,0.0,0.0,0.0,0.0,0.0,0.0,0.191554931
2025-08-31T18:00:00+02:00,WE_HOME,WE_HOME,True,EMPTY,FULL,False,,False,,2025-08-31T11:06:57.062761+02:00,2025-08-31T18:03:49.591165+02:00,0.060478478,0.130897257,0.0,0.0,0.0,0.0,0.0,0.0,0.0,0.0,0.191375735
2025-08-31T19:00:00+02:00,WE_HOME,WE_HOME,True,EMPTY,FULL,False,,False,,2025-08-31T11:06:57.062761+02:00,2025-08-31T18:03:49.591165+02:00,0.060657674,0.130897257,1.282863694,0.0,0.0,0.0,0.0,0.019950554,0.0,0.0,1.494369179
2025-08-31T20:00:00+02:00,WE_HOME,WE_HOME,True,EMPTY,FULL,False,,False,,2025-08-31T11:06:57.062761+02:00,2025-08-31T18:03:49.591165+02:00,0.06118305,0.130897257,0.730469429,0.570461772,0.0,0.0,0.0,0.0,0.0,0.0,1.493011508
2025-08-31T21:00:00+02:00,WE_HOME,WE_HOME,True,EMPTY,FULL,False,,False,,2025-08-31T11:06:57.062761+02:00,2025-08-31T18:03:49.591165+02:00,0.062018802,0.130897257,0.0,0.603772441,0.0,0.0,0.0,0.0,0.0,0.0,0.7966885
2025-08-31T22:00:00+02:00,WE_HOME,WE_HOME,True,EMPTY,FULL,False,,False,,2025-08-31T11:06:57.062761+02:00,2025-08-31T18:03:49.591165+02:00,0.063107977,0.130897257,0.0,0.0,0.0,0.0,0.0,0.017045131,0.324982315,0.081245579,0.617278259
2025-08-31T23:00:00+02:00,WE_HOME,WE_HOME,True,EMPTY,FULL,False,,False,,2025-08-31T11:06:57.062761+02:00,2025-08-31T18:03:49.591165+02:00,0.064376347,0.130897257,0.0,0.0,0.0,0.0,0.0,0.0,0.324982315,0.081245579,0.601501498
2025-09-01T00:00:00+02:00,WD_HOME,WD_HOME,False,PARTIAL,FULL,False,,False,,2025-09-01T08:57:22.373949+02:00,2025-09-01T18:58:12.760423+02:00,0.065737476,0.130897257,0.0,0.0,0.0,0.0,0.0,0.0,0.324982315,0.081245579,0.602862627
2025-09-01T01:00:00+02:00,WD_HOME,WD_HOME,False,PARTIAL,FULL,False,,False,,2025-09-01T08:57:22.373949+02:00,2025-09-01T18:58:12.760423+02:00,0.067098604,0.130897257,0.0,0.0,0.0,0.0,0.0,0.0,0.324982315,0.081245579,0.604223755
2025-09-01T02:00:00+02:00,WD_HOME,WD_HOME,False,PARTIAL,FULL,False,,False,,2025-09-01T08:57:22.373949+02:00,2025-09-01T18:58:12.760423+02:00,0.068366975,0.130897257,0.0,0.0,0.0,0.0,0.0,0.0,0.324982315,0.081245579,0.605492126
2025-09-01T03:00:00+02:00,WD_HOME,WD_HOME,False,PARTIAL,FULL,False,,False,,2025-09-01T08:57:22.373949+02:00,2025-09-01T18:58:12.760423+02:00,0.069456149,0.130897257,0.0,0.0,0.0,0.0,0.0,0.0,0.324982315,0.081245579,0.6065813
2025-09-01T04:00:00+02:00,WD_HOME,WD_HOME,False,PARTIAL,FULL,False,,False,,2025-09-01T08:57:22.373949+02:00,2025-09-01T18:58:12.760423+02:00,0.070291902,0.130897257,0.0,0.0,0.0,0.0,0.0,0.0,0.324982315,0.081245579,0.607417053
2025-09-01T05:00:00+02:00,WD_HOME,WD_HOME,False,PARTIAL,FULL,False,,False,,2025-09-01T08:57:22.373949+02:00,2025-09-01T18:58:12.760423+02:00,0.070817278,0.130897257,0.0,0.0,0.0,0.0,0.0,0.0,0.324982315,0.081245579,0.607942429
2025-09-01T06:00:00+02:00,WD_HOME,WD_HOME,False,PARTIAL,FULL,False,,False,,2025-09-01T08:57:22.373949+02:00,2025-09-01T18:58:12.760423+02:00,0.070996474,0.130897257,0.0,0.0,0.0,0.0,0.0,0.0,0.324982315,0.081245579,0.608121625
2025-09-01T07:00:00+02:00,WD_HOME,WD_HOME,False,PARTIAL,FULL,False,,False,,2025-09-01T08:57:22.373949+02:00,2025-09-01T18:58:12.760423+02:00,0.070817278,0.130897257,0.0,0.0,0.0,0.0,0.0,0.0,0.324982315,0.081245579,0.607942429
2025-09-01T08:00:00+02:00,WD_HOME,WD_HOME,False,PARTIAL,FULL,False,,False,,2025-09-01T08:57:22.373949+02:00,2025-09-01T18:58:12.760423+02:00,0.070291902,0.130897257,0.0,0.0,0.0,0.0,0.0,0.0,0.0,0.0,0.201189159
2025-09-01T09:00:00+02:00,WD_HOME,WD_HOME,False,PARTIAL,PARTIAL,False,,False,,2025-09-01T08:57:22.373949+02:00,2025-09-01T18:58:12.760423+02:00,0.069456149,0.130897257,0.0,0.0,0.0,0.0,0.0,0.0,0.0,0.0,0.200353406
2025-09-01T10:00:00+02:00,WD_HOME,WD_HOME,False,PARTIAL,PARTIAL,False,,False,,2025-09-01T08:57:22.373949+02:00,2025-09-01T18:58:12.760423+02:00,0.068366975,0.130897257,0.0,0.0,0.0,0.0,0.0,0.0,0.0,0.0,0.199264232
2025-09-01T11:00:00+02:00,WD_HOME,WD_HOME,False,PARTIAL,PARTIAL,False,,False,,2025-09-01T08:57:22.373949+02:00,2025-09-01T18:58:12.760423+02:00,0.067098604,0.130897257,0.0,0.0,0.0,0.0,0.0,0.0,0.0,0.0,0.197995861
2025-09-01T12:00:00+02:00,WD_HOME,WD_HOME,False,PARTIAL,PARTIAL,False,,False,,2025-09-01T08:57:22.373949+02:00,2025-09-01T18:58:12.760423+02:00,0.065737476,0.130897257,0.0,0.0,0.0,0.0,0.0,0.0,0.0,0.0,0.196634733
2025-09-01T13:00:00+02:00,WD_HOME,WD_HOME,False,PARTIAL,PARTIAL,False,,False,,2025-09-01T08:57:22.373949+02:00,2025-09-01T18:58:12.760423+02:00,0.064376347,0.130897257,0.0,0.0,0.0,0.0,0.0,0.0,0.0,0.0,0.195273604
2025-09-01T14:00:00+02:00,WD_HOME,WD_HOME,False,PARTIAL,PARTIAL,False,,False,,2025-09-01T08:57:22.373949+02:00,2025-09-01T18:58:12.760423+02:00,0.063107977,0.130897257,0.0,0.0,0.623632169,0.0,0.0,0.0,0.0,0.0,0.817637403
2025-09-01T15:00:00+02:00,WD_HOME,WD_HOME,False,PARTIAL,PARTIAL,False,,False,,2025-09-01T08:57:22.373949+02:00,2025-09-01T18:58:12.760423+02:00,0.062018802,0.130897257,0.0,0.0,0.198015402,0.0,0.0,0.0,0.0,0.0,0.390931461
2025-09-01T16:00:00+02:00,WD_HOME,WD_HOME,False,PARTIAL,PARTIAL,False,,False,,2025-09-01T08:57:22.373949+02:00,2025-09-01T18:58:12.760423+02:00,0.06118305,0.130897257,0.0,0.0,0.0,0.0,0.0,0.0,0.0,0.0,0.192080307
2025-09-01T17:00:00+02:00,WD_HOME,WD_HOME,False,PARTIAL,PARTIAL,False,,False,,2025-09-01T08:57:22.373949+02:00,2025-09-01T18:58:12.760423+02:00,0.060657674,0.130897257,0.0,0.0,0.0,0.0,0.0,0.0,0.0,0.0,0.191554931
2025-09-01T18:00:00+02:00,WD_HOME,WD_HOME,False,PARTIAL,PARTIAL,False,,False,,2025-09-01T08:57:22.373949+02:00,2025-09-01T18:58:12.760423+02:00,0.060478478,0.130897257,0.0,0.0,0.0,0.0,0.0,0.011204711,0.0,0.0,0.202580446
2025-09-01T19:00:00+02:00,WD_HOME,WD_HOME,False,PARTIAL,FULL,False,,False,,2025-09-01T08:57:22.373949+02:00,2025-09-01T18:58:12.760423+02:00,0.060657674,0.130897257,0.0,0.0,0.0,0.0,0.0,0.0,0.0,0.0,0.191554931
2025-09-01T20:00:00+02:00,WD_HOME,WD_HOME,False,PARTIAL,FULL,False,,False,,2025-09-01T08:57:22.373949+02:00,2025-09-01T18:58:12.760423+02:00,0.06118305,0.130897257,1.264856511,0.0,0.0,0.0,0.0,0.0,0.0,0.0,1.456936818
2025-09-01T21:00:00+02:00,WD_HOME,WD_HOME,False,PARTIAL,FULL,False,,False,,2025-09-01T08:57:22.373949+02:00,2025-09-01T18:58:12.760423+02:00,0.062018802,0.130897257,0.0,0.0,0.0,0.0,0.0,0.0,0.0,0.0,0.192916059
2025-09-01T22:00:00+02:00,WD_HOME,WD_HOME,False,PARTIAL,FULL,False,,False,,2025-09-01T08:57:22.373949+02:00,2025-09-01T18:58:12.760423+02:00,0.063107977,0.130897257,0.0,0.0,0.0,0.0,0.0,0.005646645,0.324982315,0.081245579,0.605879773
2025-09-01T23:00:00+02:00,WD_HOME,WD_HOME,False,PARTIAL,FULL,False,,False,,2025-09-01T08:57:22.373949+02:00,2025-09-01T18:58:12.760423+02:00,0.064376347,0.130897257,0.0,0.0,0.0,0.0,0.0,0.017844763,0.324982315,0.081245579,0.619346261
2025-09-02T00:00:00+02:00,WD_HOME,WD_HOME,False,PARTIAL,FULL,False,,False,,2025-09-02T08:55:22.249466+02:00,2025-09-02T18:10:55.886575+02:00,0.065737476,0.130897257,0.0,0.0,0.0,0.0,0.0,0.0,0.324982315,0.081245579,0.602862627
2025-09-02T01:00:00+02:00,WD_HOME,WD_HOME,False,PARTIAL,FULL,False,,False,,2025-09-02T08:55:22.249466+02:00,2025-09-02T18:10:55.886575+02:00,0.067098604,0.130897257,0.0,0.0,0.0,0.0,0.0,0.0,0.324982315,0.081245579,0.604223755
2025-09-02T02:00:00+02:00,WD_HOME,WD_HOME,False,PARTIAL,FULL,False,,False,,2025-09-02T08:55:22.249466+02:00,2025-09-02T18:10:55.886575+02:00,0.068366975,0.130897257,0.0,0.0,0.0,0.0,0.0,0.0,0.324982315,0.081245579,0.605492126
2025-09-02T03:00:00+02:00,WD_HOME,WD_HOME,False,PARTIAL,FULL,False,,False,,2025-09-02T08:55:22.249466+02:00,2025-09-02T18:10:55.886575+02:00,0.069456149,0.130897257,0.0,0.0,0.0,0.0,0.0,0.0,0.324982315,0.081245579,0.6065813
2025-09-02T04:00:00+02:00,WD_HOME,WD_HOME,False,PARTIAL,FULL,False,,False,,2025-09-02T08:55:22.249466+02:00,2025-09-02T18:10:55.886575+02:00,0.070291902,0.130897257,0.0,0.0,0.0,0.0,0.0,0.0,0.324982315,0.081245579,0.607417053
2025-09-02T05:00:00+02:00,WD_HOME,WD_HOME,False,PARTIAL,FULL,False,,False,,2025-09-02T08:55:22.249466+02:00,2025-09-02T18:10:55.886575+02:00,0.070817278,0.130897257,0.0,0.0,0.0,0.0,0.0,0.0,0.324982315,0.081245579,0.607942429
2025-09-02T06:00:00+02:00,WD_HOME,WD_HOME,False,PARTIAL,FULL,False,,False,,2025-09-02T08:55:22.249466+02:00,2025-09-02T18:10:55.886575+02:00,0.070996474,0.130897257,0.0,0.0,0.0,0.0,0.0,0.0,0.324982315,0.081245579,0.608121625
2025-09-02T07:00:00+02:00,WD_HOME,WD_HOME,False,PARTIAL,FULL,False,,False,,2025-09-02T08:55:22.249466+02:00,2025-09-02T18:10:55.886575+02:00,0.070817278,0.130897257,0.0,0.0,0.0,0.0,0.0,0.0,0.324982315,0.081245579,0.607942429
2025-09-02T08:00:00+02:00,WD_HOME,WD_HOME,False,PARTIAL,FULL,False,,False,,2025-09-02T08:55:22.249466+02:00,2025-09-02T18:10:55.886575+02:00,0.070291902,0.130897257,0.0,0.0,0.0,0.0,0.0,0.0,0.0,0.0,0.201189159
2025-09-02T09:00:00+02:00,WD_HOME,WD_HOME,False,PARTIAL,PARTIAL,False,,False,,2025-09-02T08:55:22.249466+02:00,2025-09-02T18:10:55.886575+02:00,0.069456149,0.130897257,0.0,0.0,0.0,0.0,0.0,0.0,0.0,0.0,0.200353406
2025-09-02T10:00:00+02:00,WD_HOME,WD_HOME,False,PARTIAL,PARTIAL,False,,False,,2025-09-02T08:55:22.249466+02:00,2025-09-02T18:10:55.886575+02:00,0.068366975,0.130897257,0.0,0.0,0.0,0.0,0.0,0.0,0.0,0.0,0.199264232
2025-09-02T11:00:00+02:00,WD_HOME,WD_HOME,False,PARTIAL,PARTIAL,False,,False,,2025-09-02T08:55:22.249466+02:00,2025-09-02T18:10:55.886575+02:00,0.067098604,0.130897257,0.0,0.0,0.0,0.0,0.0,0.0,0.0,0.0,0.197995861
2025-09-02T12:00:00+02:00,WD_HOME,WD_HOME,False,PARTIAL,PARTIAL,False,,False,,2025-09-02T08:55:22.249466+02:00,2025-09-02T18:10:55.886575+02:00,0.065737476,0.130897257,0.0,0.0,0.0,0.0,0.0,0.0,0.0,0.0,0.196634733
2025-09-02T13:00:00+02:00,WD_HOME,WD_HOME,False,PARTIAL,PARTIAL,False,,False,,2025-09-02T08:55:22.249466+02:00,2025-09-02T18:10:55.886575+02:00,0.064376347,0.130897257,0.0,0.0,0.0,0.0,0.0,0.0,0.0,0.0,0.195273604
2025-09-02T14:00:00+02:00,AWAY,WD_HOME,False,PARTIAL,EMPTY,True,away_003,False,,2025-09-02T08:55:22.249466+02:00,2025-09-02T18:10:55.886575+02:00,0.063107977,0.130897257,0.0,0.0,0.0,0.0,0.0,0.0,0.0,0.0,0.194005234
2025-09-02T15:00:00+02:00,AWAY,WD_HOME,False,PARTIAL,EMPTY,True,away_003,False,,2025-09-02T08:55:22.249466+02:00,2025-09-02T18:10:55.886575+02:00,0.062018802,0.130897257,0.0,0.0,0.0,0.0,0.0,0.0,0.0,0.0,0.192916059
2025-09-02T16:00:00+02:00,AWAY,WD_HOME,False,PARTIAL,EMPTY,True,away_003,False,,2025-09-02T08:55:22.249466+02:00,2025-09-02T18:10:55.886575+02:00,0.06118305,0.130897257,0.0,0.0,0.0,0.0,0.0,0.0,0.0,0.0,0.192080307
2025-09-02T17:00:00+02:00,AWAY,WD_HOME,False,PARTIAL,EMPTY,True,away_003,False,,2025-09-02T08:55:22.249466+02:00,2025-09-02T18:10:55.886575+02:00,0.060657674,0.130897257,0.0,0.0,0.0,0.0,0.0,0.0,0.0,0.0,0.191554931
2025-09-02T18:00:00+02:00,AWAY,WD_HOME,False,PARTIAL,EMPTY,True,away_003,False,,2025-09-02T08:55:22.249466+02:00,2025-09-02T18:10:55.886575+02:00,0.060478478,0.130897257,0.0,0.0,0.0,0.0,0.0,0.0,0.0,0.0,0.191375735
2025-09-02T19:00:00+02:00,AWAY,WD_HOME,False,PARTIAL,EMPTY,True,away_003,False,,2025-09-02T08:55:22.249466+02:00,2025-09-02T18:10:55.886575+02:00,0.060657674,0.130897257,0.0,0.0,0.0,0.0,0.0,0.0,0.0,0.0,0.191554931
2025-09-02T20:00:00+02:00,AWAY,WD_HOME,False,PARTIAL,EMPTY,True,away_003,False,,2025-09-02T08:55:22.249466+02:00,2025-09-02T18:10:55.886575+02:00,0.06118305,0.130897257,0.0,0.0,0.0,0.0,0.0,0.0,0.0,0.0,0.192080307
2025-09-02T21:00:00+02:00,AWAY,WD_HOME,False,PARTIAL,EMPTY,True,away_003,False,,2025-09-02T08:55:22.249466+02:00,2025-09-02T18:10:55.886575+02:00,0.062018802,0.130897257,0.0,0.0,0.0,0.0,0.0,0.0,0.0,0.0,0.192916059
2025-09-02T22:00:00+02:00,AWAY,WD_HOME,False,PARTIAL,EMPTY,True,away_003,False,,2025-09-02T08:55:22.249466+02:00,2025-09-02T18:10:55.886575+02:00,0.063107977,0.130897257,0.0,0.0,0.0,0.0,0.0,0.0,0.0,0.081245579,0.275250813
2025-09-02T23:00:00+02:00,AWAY,WD_HOME,False,PARTIAL,EMPTY,True,away_003,False,,2025-09-02T08:55:22.249466+02:00,2025-09-02T18:10:55.886575+02:00,0.064376347,0.130897257,0.0,0.0,0.0,0.0,0.0,0.0,0.0,0.081245579,0.276519183
2025-09-03T00:00:00+02:00,AWAY,WD_HOME,False,EMPTY,EMPTY,True,away_003,False,,2025-09-03T08:54:52.586299+02:00,2025-09-03T17:35:09.724897+02:00,0.065737476,0.130897257,0.0,0.0,0.0,0.0,0.0,0.0,0.0,0.081245579,0.277880312
2025-09-03T01:00:00+02:00,AWAY,WD_HOME,False,EMPTY,EMPTY,True,away_003,False,,2025-09-03T08:54:52.586299+02:00,2025-09-03T17:35:09.724897+02:00,0.067098604,0.130897257,0.0,0.0,0.0,0.0,0.0,0.0,0.0,0.081245579,0.27924144
2025-09-03T02:00:00+02:00,AWAY,WD_HOME,False,EMPTY,EMPTY,True,away_003,False,,2025-09-03T08:54:52.586299+02:00,2025-09-03T17:35:09.724897+02:00,0.068366975,0.130897257,0.0,0.0,0.0,0.0,0.0,0.0,0.0,0.081245579,0.280509811
2025-09-03T03:00:00+02:00,AWAY,WD_HOME,False,EMPTY,EMPTY,True,away_003,False,,2025-09-03T08:54:52.586299+02:00,2025-09-03T17:35:09.724897+02:00,0.069456149,0.130897257,0.0,0.0,0.0,0.0,0.0,0.0,0.0,0.081245579,0.281598985
2025-09-03T04:00:00+02:00,AWAY,WD_HOME,False,EMPTY,EMPTY,True,away_003,False,,2025-09-03T08:54:52.586299+02:00,2025-09-03T17:35:09.724897+02:00,0.070291902,0.130897257,0.0,0.0,0.0,0.0,0.0,0.0,0.0,0.081245579,0.282434738
2025-09-03T05:00:00+02:00,AWAY,WD_HOME,False,EMPTY,EMPTY,True,away_003,False,,2025-09-03T08:54:52.586299+02:00,2025-09-03T17:35:09.724897+02:00,0.070817278,0.130897257,0.0,0.0,0.0,0.0,0.0,0.0,0.0,0.081245579,0.282960114
2025-09-03T06:00:00+02:00,AWAY,WD_HOME,False,EMPTY,EMPTY,True,away_003,False,,2025-09-03T08:54:52.586299+02:00,2025-09-03T17:35:09.724897+02:00,0.070996474,0.130897257,0.0,0.0,0.0,0.0,0.0,0.0,0.0,0.081245579,0.28313931
2025-09-03T07:00:00+02:00,AWAY,WD_HOME,False,EMPTY,EMPTY,True,away_003,False,,2025-09-03T08:54:52.586299+02:00,2025-09-03T17:35:09.724897+02:00,0.070817278,0.130897257,0.0,0.0,0.0,0.0,0.0,0.0,0.0,0.081245579,0.282960114
2025-09-03T08:00:00+02:00,AWAY,WD_HOME,False,EMPTY,EMPTY,True,away_003,False,,2025-09-03T08:54:52.586299+02:00,2025-09-03T17:35:09.724897+02:00,0.070291902,0.130897257,0.0,0.0,0.0,0.0,0.0,0.0,0.0,0.0,0.201189159
2025-09-03T09:00:00+02:00,AWAY,WD_HOME,False,EMPTY,EMPTY,True,away_003,False,,2025-09-03T08:54:52.586299+02:00,2025-09-03T17:35:09.724897+02:00,0.069456149,0.130897257,0.0,0.0,0.0,0.0,0.0,0.0,0.0,0.0,0.200353406
2025-09-03T10:00:00+02:00,AWAY,WD_HOME,False,EMPTY,EMPTY,True,away_003,False,,2025-09-03T08:54:52.586299+02:00,2025-09-03T17:35:09.724897+02:00,0.068366975,0.130897257,0.0,0.0,0.0,0.0,0.0,0.0,0.0,0.0,0.199264232
2025-09-03T11:00:00+02:00,AWAY,WD_HOME,False,EMPTY,EMPTY,True,away_003,False,,2025-09-03T08:54:52.586299+02:00,2025-09-03T17:35:09.724897+02:00,0.067098604,0.130897257,0.0,0.0,0.0,0.0,0.0,0.0,0.0,0.0,0.197995861
2025-09-03T12:00:00+02:00,AWAY,WD_HOME,False,EMPTY,EMPTY,True,away_003,False,,2025-09-03T08:54:52.586299+02:00,2025-09-03T17:35:09.724897+02:00,0.065737476,0.130897257,0.0,0.0,0.0,0.0,0.0,0.0,0.0,0.0,0.196634733
2025-09-03T13:00:00+02:00,AWAY,WD_HOME,False,EMPTY,EMPTY,True,away_003,False,,2025-09-03T08:54:52.586299+02:00,2025-09-03T17:35:09.724897+02:00,0.064376347,0.130897257,0.0,0.0,0.0,0.0,0.0,0.0,0.0,0.0,0.195273604
2025-09-03T14:00:00+02:00,AWAY,WD_HOME,False,EMPTY,EMPTY,True,away_003,False,,2025-09-03T08:54:52.586299+02:00,2025-09-03T17:35:09.724897+02:00,0.063107977,0.130897257,0.0,0.0,0.0,0.0,0.0,0.0,0.0,0.0,0.194005234
2025-09-03T15:00:00+02:00,AWAY,WD_HOME,False,EMPTY,EMPTY,True,away_003,False,,2025-09-03T08:54:52.586299+02:00,2025-09-03T17:35:09.724897+02:00,0.062018802,0.130897257,0.0,0.0,0.0,0.0,0.0,0.0,0.0,0.0,0.192916059
2025-09-03T16:00:00+02:00,AWAY,WD_HOME,False,EMPTY,EMPTY,True,away_003,False,,2025-09-03T08:54:52.586299+02:00,2025-09-03T17:35:09.724897+02:00,0.06118305,0.130897257,0.0,0.0,0.0,0.0,0.0,0.0,0.0,0.0,0.192080307
2025-09-03T17:00:00+02:00,AWAY,WD_HOME,False,EMPTY,EMPTY,True,away_003,False,,2025-09-03T08:54:52.586299+02:00,2025-09-03T17:35:09.724897+02:00,0.060657674,0.130897257,0.0,0.0,0.0,0.0,0.0,0.0,0.0,0.0,0.191554931
2025-09-03T18:00:00+02:00,WD_HOME,WD_HOME,False,EMPTY,FULL,False,,False,,2025-09-03T08:54:52.586299+02:00,2025-09-03T17:35:09.724897+02:00,0.060478478,0.130897257,0.0,0.0,0.0,0.0,0.0,0.006652211,0.0,0.0,0.198027946
2025-09-03T19:00:00+02:00,WD_HOME,WD_HOME,False,EMPTY,FULL,False,,False,,2025-09-03T08:54:52.586299+02:00,2025-09-03T17:35:09.724897+02:00,0.060657674,0.130897257,0.0,0.0,0.0,0.0,0.079186242,0.0,0.0,0.0,0.270741173
2025-09-03T20:00:00+02:00,WD_HOME,WD_HOME,False,EMPTY,FULL,False,,False,,2025-09-03T08:54:52.586299+02:00,2025-09-03T17:35:09.724897+02:00,0.06118305,0.130897257,2.005951206,0.0,0.0,0.0,0.191548588,0.0,0.0,0.0,2.389580101
2025-09-03T21:00:00+02:00,WD_HOME,WD_HOME,False,EMPTY,FULL,False,,False,,2025-09-03T08:54:52.586299+02:00,2025-09-03T17:35:09.724897+02:00,0.062018802,0.130897257,1.521017385,0.0,0.0,0.0,0.191548588,0.008843214,0.0,0.0,1.914325246
2025-09-03T22:00:00+02:00,WD_HOME,WD_HOME,False,EMPTY,FULL,False,,False,,2025-09-03T08:54:52.586299+02:00,2025-09-03T17:35:09.724897+02:00,0.063107977,0.130897257,0.0,0.050504759,0.0,0.0,0.101927059,0.016955803,0.324982315,0.081245579,0.769620749
2025-09-03T23:00:00+02:00,WD_HOME,WD_HOME,False,EMPTY,FULL,False,,False,,2025-09-03T08:54:52.586299+02:00,2025-09-03T17:35:09.724897+02:00,0.064376347,0.130897257,0.0,0.501600021,0.0,0.0,0.0,0.011340972,0.324982315,0.081245579,1.114442491
2025-09-04T00:00:00+02:00,WD_HOME,WD_HOME,False,EMPTY,FULL,False,,False,,2025-09-04T08:43:35.213895+02:00,2025-09-04T18:02:57.697576+02:00,0.065737476,0.130897257,0.0,0.367185938,0.0,0.0,0.0,0.0,0.324982315,0.081245579,0.970048565
2025-09-04T01:00:00+02:00,WD_HOME,WD_HOME,False,EMPTY,FULL,False,,False,,2025-09-04T08:43:35.213895+02:00,2025-09-04T18:02:57.697576+02:00,0.067098604,0.130897257,0.0,0.0,0.0,0.0,0.0,0.0,0.324982315,0.081245579,0.604223755
2025-09-04T02:00:00+02:00,WD_HOME,WD_HOME,False,EMPTY,FULL,False,,False,,2025-09-04T08:43:35.213895+02:00,2025-09-04T18:02:57.697576+02:00,0.068366975,0.130897257,0.0,0.0,0.0,0.0,0.0,0.0,0.324982315,0.081245579,0.605492126
2025-09-04T03:00:00+02:00,WD_HOME,WD_HOME,False,EMPTY,FULL,False,,False,,2025-09-04T08:43:35.213895+02:00,2025-09-04T18:02:57.697576+02:00,0.069456149,0.130897257,0.0,0.0,0.0,0.0,0.0,0.0,0.324982315,0.081245579,0.6065813
2025-09-04T04:00:00+02:00,WD_HOME,WD_HOME,False,EMPTY,FULL,False,,False,,2025-09-04T08:43:35.213895+02:00,2025-09-04T18:02:57.697576+02:00,0.070291902,0.130897257,0.0,0.0,0.0,0.0,0.0,0.0,0.324982315,0.081245579,0.607417053
2025-09-04T05:00:00+02:00,WD_HOME,WD_HOME,False,EMPTY,FULL,False,,False,,2025-09-04T08:43:35.213895+02:00,2025-09-04T18:02:57.697576+02:00,0.070817278,0.130897257,0.0,0.0,0.0,0.0,0.0,0.0,0.324982315,0.081245579,0.607942429
2025-09-04T06:00:00+02:00,WD_HOME,WD_HOME,False,EMPTY,FULL,False,,False,,2025-09-04T08:43:35.213895+02:00,2025-09-04T18:02:57.697576+02:00,0.070996474,0.130897257,0.088192882,0.0,0.0,0.0,0.0,0.0,0.324982315,0.081245579,0.696314507
2025-09-04T07:00:00+02:00,WD_HOME,WD_HOME,False,EMPTY,FULL,False,,False,,2025-09-04T08:43:35.213895+02:00,2025-09-04T18:02:57.697576+02:00,0.070817278,0.130897257,1.510072839,0.0,0.0,0.0,0.0,0.0,0.324982315,0.081245579,2.118015268
2025-09-04T08:00:00+02:00,WD_HOME,WD_HOME,False,EMPTY,FULL,False,,False,,2025-09-04T08:43:35.213895+02:00,2025-09-04T18:02:57.697576+02:00,0.070291902,0.130897257,0.0,0.0,0.0,0.0,0.0,0.0,0.0,0.0,0.201189159
2025-09-04T09:00:00+02:00,WD_HOME,WD_HOME,False,EMPTY,EMPTY,False,,False,,2025-09-04T08:43:35.213895+02:00,2025-09-04T18:02:57.697576+02:00,0.069456149,0.130897257,0.0,0.0,0.0,0.0,0.0,0.0,0.0,0.0,0.200353406
2025-09-04T10:00:00+02:00,WD_HOME,WD_HOME,False,EMPTY,EMPTY,False,,False,,2025-09-04T08:43:35.213895+02:00,2025-09-04T18:02:57.697576+02:00,0.068366975,0.130897257,0.0,0.0,0.0,0.0,0.0,0.0,0.0,0.0,0.199264232
2025-09-04T11:00:00+02:00,WD_HOME,WD_HOME,False,EMPTY,EMPTY,False,,False,,2025-09-04T08:43:35.213895+02:00,2025-09-04T18:02:57.697576+02:00,0.067098604,0.130897257,0.0,0.0,0.0,0.0,0.0,0.0,0.0,0.0,0.197995861
2025-09-04T12:00:00+02:00,WD_HOME,WD_HOME,False,EMPTY,EMPTY,False,,False,,2025-09-04T08:43:35.213895+02:00,2025-09-04T18:02:57.697576+02:00,0.065737476,0.130897257,0.0,0.0,0.0,0.0,0.0,0.0,0.0,0.0,0.196634733
2025-09-04T13:00:00+02:00,WD_HOME,WD_HOME,False,EMPTY,EMPTY,False,,False,,2025-09-04T08:43:35.213895+02:00,2025-09-04T18:02:57.697576+02:00,0.064376347,0.130897257,0.0,0.0,0.0,0.0,0.0,0.0,0.0,0.0,0.195273604
2025-09-04T14:00:00+02:00,WD_HOME,WD_HOME,False,EMPTY,EMPTY,False,,False,,2025-09-04T08:43:35.213895+02:00,2025-09-04T18:02:57.697576+02:00,0.063107977,0.130897257,0.0,0.0,0.0,0.0,0.0,0.0,0.0,0.0,0.194005234
2025-09-04T15:00:00+02:00,WD_HOME,WD_HOME,False,EMPTY,EMPTY,False,,False,,2025-09-04T08:43:35.213895+02:00,2025-09-04T18:02:57.697576+02:00,0.062018802,0.130897257,0.0,0.0,0.0,0.0,0.0,0.0,0.0,0.0,0.192916059
2025-09-04T16:00:00+02:00,WD_HOME,WD_HOME,False,EMPTY,EMPTY,False,,False,,2025-09-04T08:43:35.213895+02:00,2025-09-04T18:02:57.697576+02:00,0.06118305,0.130897257,0.0,0.0,0.0,0.0,0.0,0.0,0.0,0.0,0.192080307
2025-09-04T17:00:00+02:00,WD_HOME,WD_HOME,False,EMPTY,EMPTY,False,,False,,2025-09-04T08:43:35.213895+02:00,2025-09-04T18:02:57.697576+02:00,0.060657674,0.130897257,0.0,0.0,0.0,0.0,0.0,0.0,0.0,0.0,0.191554931
2025-09-04T18:00:00+02:00,WD_HOME,WD_HOME,False,EMPTY,FULL,False,,False,,2025-09-04T08:43:35.213895+02:00,2025-09-04T18:02:57.697576+02:00,0.060478478,0.130897257,0.0,0.0,0.0,0.0,0.0,0.00529167,0.0,0.0,0.196667405
2025-09-04T19:00:00+02:00,WD_HOME,WD_HOME,False,EMPTY,FULL,False,,False,,2025-09-04T08:43:35.213895+02:00,2025-09-04T18:02:57.697576+02:00,0.060657674,0.130897257,1.185223882,0.0,0.0,0.0,0.0,0.007045558,0.0,0.0,1.383824371
2025-09-04T20:00:00+02:00,WD_HOME,WD_HOME,False,EMPTY,FULL,False,,False,,2025-09-04T08:43:35.213895+02:00,2025-09-04T18:02:57.697576+02:00,0.06118305,0.130897257,1.027324063,0.0,0.0,0.0,0.341371337,0.0,0.0,0.0,1.560775707
2025-09-04T21:00:00+02:00,WD_HOME,WD_HOME,False,EMPTY,FULL,False,,False,,2025-09-04T08:43:35.213895+02:00,2025-09-04T18:02:57.697576+02:00,0.062018802,0.130897257,0.0,0.0,0.0,0.0,0.415716855,0.013606764,0.0,0.0,0.622239678
2025-09-04T22:00:00+02:00,WD_HOME,WD_HOME,False,EMPTY,FULL,False,,False,,2025-09-04T08:43:35.213895+02:00,2025-09-04T18:02:57.697576+02:00,0.063107977,0.130897257,0.0,0.0,0.0,0.0,0.370284878,0.0,0.324982315,0.081245579,0.970518006
2025-09-04T23:00:00+02:00,WD_HOME,WD_HOME,False,EMPTY,FULL,False,,False,,2025-09-04T08:43:35.213895+02:00,2025-09-04T18:02:57.697576+02:00,0.064376347,0.130897257,0.0,0.0,0.0,0.0,0.0,0.0,0.324982315,0.081245579,0.601501498
2025-09-05T00:00:00+02:00,WD_HOME,WD_HOME,False,EMPTY,FULL,False,,False,,2025-09-05T08:54:04.455524+02:00,2025-09-05T16:06:23.544553+02:00,0.065737476,0.130897257,0.0,0.0,0.0,0.0,0.0,0.0,0.324982315,0.081245579,0.602862627
2025-09-05T01:00:00+02:00,WD_HOME,WD_HOME,False,EMPTY,FULL,False,,False,,2025-09-05T08:54:04.455524+02:00,2025-09-05T16:06:23.544553+02:00,0.067098604,0.130897257,0.0,0.0,0.0,0.0,0.0,0.0,0.324982315,0.081245579,0.604223755
2025-09-05T02:00:00+02:00,WD_HOME,WD_HOME,False,EMPTY,FULL,False,,False,,2025-09-05T08:54:04.455524+02:00,2025-09-05T16:06:23.544553+02:00,0.068366975,0.130897257,0.0,0.0,0.0,0.0,0.0,0.0,0.324982315,0.081245579,0.605492126
2025-09-05T03:00:00+02:00,WD_HOME,WD_HOME,False,EMPTY,FULL,False,,False,,2025-09-05T08:54:04.455524+02:00,2025-09-05T16:06:23.544553+02:00,0.069456149,0.130897257,0.0,0.0,0.0,0.0,0.0,0.0,0.324982315,0.081245579,0.6065813
2025-09-05T04:00:00+02:00,WD_HOME,WD_HOME,False,EMPTY,FULL,False,,False,,2025-09-05T08:54:04.455524+02:00,2025-09-05T16:06:23.544553+02:00,0.070291902,0.130897257,0.0,0.0,0.0,0.0,0.0,0.0,0.324982315,0.081245579,0.607417053
2025-09-05T05:00:00+02:00,WD_HOME,WD_HOME,False,EMPTY,FULL,False,,False,,2025-09-05T08:54:04.455524+02:00,2025-09-05T16:06:23.544553+02:00,0.070817278,0.130897257,0.0,0.0,0.0,0.0,0.0,0.0,0.324982315,0.081245579,0.607942429
2025-09-05T06:00:00+02:00,WD_HOME,WD_HOME,False,EMPTY,FULL,False,,False,,2025-09-05T08:54:04.455524+02:00,2025-09-05T16:06:23.544553+02:00,0.070996474,0.130897257,0.0,0.0,0.0,0.0,0.0,0.0,0.324982315,0.081245579,0.608121625
2025-09-05T07:00:00+02:00,WD_HOME,WD_HOME,False,EMPTY,FULL,False,,False,,2025-09-05T08:54:04.455524+02:00,2025-09-05T16:06:23.544553+02:00,0.070817278,0.130897257,1.030150856,0.0,0.0,0.0,0.0,0.0,0.324982315,0.081245579,1.638093285
2025-09-05T08:00:00+02:00,WD_HOME,WD_HOME,False,EMPTY,FULL,False,,False,,2025-09-05T08:54:04.455524+02:00,2025-09-05T16:06:23.544553+02:00,0.070291902,0.130897257,0.0,0.0,0.0,0.0,0.0,0.0,0.0,0.0,0.201189159
2025-09-05T09:00:00+02:00,WD_HOME,WD_HOME,False,EMPTY,EMPTY,False,,False,,2025-09-05T08:54:04.455524+02:00,2025-09-05T16:06:23.544553+02:00,0.069456149,0.130897257,0.0,0.0,0.0,0.0,0.0,0.0,0.0,0.0,0.200353406
2025-09-05T10:00:00+02:00,WD_HOME,WD_HOME,False,EMPTY,EMPTY,False,,False,,2025-09-05T08:54:04.455524+02:00,2025-09-05T16:06:23.544553+02:00,0.068366975,0.130897257,0.0,0.0,0.0,0.0,0.0,0.0,0.0,0.0,0.199264232
2025-09-05T11:00:00+02:00,WD_HOME,WD_HOME,False,EMPTY,EMPTY,False,,False,,2025-09-05T08:54:04.455524+02:00,2025-09-05T16:06:23.544553+02:00,0.067098604,0.130897257,0.0,0.0,0.0,0.0,0.0,0.0,0.0,0.0,0.197995861
2025-09-05T12:00:00+02:00,WD_HOME,WD_HOME,False,EMPTY,EMPTY,False,,False,,2025-09-05T08:54:04.455524+02:00,2025-09-05T16:06:23.544553+02:00,0.065737476,0.130897257,0.0,0.0,0.0,0.0,0.0,0.0,0.0,0.0,0.196634733
2025-09-05T13:00:00+02:00,WD_HOME,WD_HOME,False,EMPTY,EMPTY,False,,False,,2025-09-05T08:54:04.455524+02:00,2025-09-05T16:06:23.544553+02:00,0.064376347,0.130897257,0.0,0.0,0.0,0.0,0.0,0.0,0.0,0.0,0.195273604
2025-09-05T14:00:00+02:00,WD_HOME,WD_HOME,False,EMPTY,EMPTY,False,,False,,2025-09-05T08:54:04.455524+02:00,2025-09-05T16:06:23.544553+02:00,0.063107977,0.130897257,0.0,0.0,0.0,0.0,0.0,0.0,0.0,0.0,0.194005234
2025-09-05T15:00:00+02:00,WD_HOME,WD_HOME,False,EMPTY,EMPTY,False,,False,,2025-09-05T08:54:04.455524+02:00,2025-09-05T16:06:23.544553+02:00,0.062018802,0.130897257,0.0,0.0,0.0,0.0,0.0,0.0,0.0,0.0,0.192916059
2025-09-05T16:00:00+02:00,WD_HOME,WD_HOME,False,EMPTY,FULL,False,,False,,2025-09-05T08:54:04.455524+02:00,2025-09-05T16:06:23.544553+02:00,0.06118305,0.130897257,0.0,0.0,0.0,0.0,0.0,0.0,0.0,0.0,0.192080307
2025-09-05T17:00:00+02:00,WD_HOME,WD_HOME,False,EMPTY,FULL,False,,False,,2025-09-05T08:54:04.455524+02:00,2025-09-05T16:06:23.544553+02:00,0.060657674,0.130897257,0.0,0.0,0.0,0.0,0.0,0.0,0.0,0.0,0.191554931
2025-09-05T18:00:00+02:00,WD_HOME,WD_HOME,False,EMPTY,FULL,False,,False,,2025-09-05T08:54:04.455524+02:00,2025-09-05T16:06:23.544553+02:00,0.060478478,0.130897257,0.0,0.0,0.0,0.0,0.0,0.0,0.0,0.0,0.191375735
2025-09-05T19:00:00+02:00,WD_HOME,WD_HOME,False,EMPTY,FULL,False,,False,,2025-09-05T08:54:04.455524+02:00,2025-09-05T16:06:23.544553+02:00,0.060657674,0.130897257,0.338448372,0.0,0.0,0.0,0.0,0.014084832,0.0,0.0,0.544088135
2025-09-05T20:00:00+02:00,WD_HOME,WD_HOME,False,EMPTY,FULL,False,,False,,2025-09-05T08:54:04.455524+02:00,2025-09-05T16:06:23.544553+02:00,0.06118305,0.130897257,1.49457687,0.0,0.0,0.0,0.0,0.0,0.0,0.0,1.686657177
2025-09-05T21:00:00+02:00,WD_HOME,WD_HOME,False,EMPTY,FULL,False,,False,,2025-09-05T08:54:04.455524+02:00,2025-09-05T16:06:23.544553+02:00,0.062018802,0.130897257,0.0,0.0,0.0,0.0,0.0,0.014610214,0.0,0.0,0.207526273
2025-09-05T22:00:00+02:00,WD_HOME,WD_HOME,False,EMPTY,FULL,False,,False,,2025-09-05T08:54:04.455524+02:00,2025-09-05T16:06:23.544553+02:00,0.063107977,0.130897257,0.0,0.0,0.0,0.0,0.0,0.0,0.324982315,0.081245579,0.600233128
2025-09-05T23:00:00+02:00,WD_HOME,WD_HOME,False,EMPTY,FULL,False,,False,,2025-09-05T08:54:04.455524+02:00,2025-09-05T16:06:23.544553+02:00,0.064376347,0.130897257,0.0,0.0,0.0,0.0,0.0,0.016710833,0.324982315,0.081245579,0.618212331
2025-09-06T00:00:00+02:00,WE_HOME,WE_HOME,True,FULL,FULL,False,,False,,,,0.065737476,0.130897257,0.0,0.0,0.0,0.0,0.0,0.0,0.324982315,0.081245579,0.602862627
2025-09-06T01:00:00+02:00,WE_HOME,WE_HOME,True,FULL,FULL,False,,False,,,,0.067098604,0.130897257,0.0,0.0,0.0,0.0,0.0,0.0,0.324982315,0.081245579,0.604223755
2025-09-06T02:00:00+02:00,WE_HOME,WE_HOME,True,FULL,FULL,False,,False,,,,0.068366975,0.130897257,0.0,0.0,0.0,0.0,0.0,0.0,0.324982315,0.081245579,0.605492126
2025-09-06T03:00:00+02:00,WE_HOME,WE_HOME,True,FULL,FULL,False,,False,,,,0.069456149,0.130897257,0.0,0.0,0.0,0.0,0.0,0.0,0.324982315,0.081245579,0.6065813
2025-09-06T04:00:00+02:00,WE_HOME,WE_HOME,True,FULL,FULL,False,,False,,,,0.070291902,0.130897257,0.0,0.0,0.0,0.0,0.0,0.0,0.324982315,0.081245579,0.607417053
2025-09-06T05:00:00+02:00,WE_HOME,WE_HOME,True,FULL,FULL,False,,False,,,,0.070817278,0.130897257,0.0,0.0,0.0,0.0,0.0,0.0,0.324982315,0.081245579,0.607942429
2025-09-06T06:00:00+02:00,WE_HOME,WE_HOME,True,FULL,FULL,False,,False,,,,0.070996474,0.130897257,1.003798899,0.0,0.0,0.0,0.0,0.0,0.324982315,0.081245579,1.611920524
2025-09-06T07:00:00+02:00,WE_HOME,WE_HOME,True,FULL,FULL,False,,False,,,,0.070817278,0.130897257,0.574292313,0.0,0.0,0.0,0.0,0.0,0.324982315,0.081245579,1.182234742
2025-09-06T08:00:00+02:00,WE_HOME,WE_HOME,True,FULL,FULL,False,,False,,,,0.070291902,0.130897257,0.0,0.0,0.0,0.0,0.0,0.0,0.0,0.0,0.201189159
2025-09-06T09:00:00+02:00,WE_HOME,WE_HOME,True,FULL,FULL,False,,False,,,,0.069456149,0.130897257,0.0,0.0,0.0,0.0,0.0,0.0,0.0,0.0,0.200353406
2025-09-06T10:00:00+02:00,WE_HOME,WE_HOME,True,FULL,FULL,False,,False,,,,0.068366975,0.130897257,0.0,0.0,0.0,0.0,0.0,0.0,0.0,0.0,0.199264232
2025-09-06T11:00:00+02:00,WE_HOME,WE_HOME,True,FULL,FULL,False,,False,,,,0.067098604,0.130897257,0.0,0.0,0.0,0.0,0.0,0.0,0.0,0.0,0.197995861
2025-09-06T12:00:00+02:00,WE_HOME,WE_HOME,True,FULL,FULL,False,,False,,,,0.065737476,0.130897257,0.0,0.0,0.0,0.0,0.0,0.0,0.0,0.0,0.196634733
2025-09-06T13:00:00+02:00,WE_HOME,WE_HOME,True,FULL,FULL,False,,False,,,,0.064376347,0.130897257,0.0,0.0,0.0,0.0,0.0,0.0,0.0,0.0,0.195273604
2025-09-06T14:00:00+02:00,WE_HOME,WE_HOME,True,FULL,FULL,False,,False,,,,0.063107977,0.130897257,0.0,0.0,0.0,0.0,0.0,0.0,0.0,0.0,0.194005234
2025-09-06T15:00:00+02:00,WE_HOME,WE_HOME,True,FULL,FULL,False,,False,,,,0.062018802,0.130897257,0.0,0.0,0.0,0.0,0.0,0.0,0.0,0.0,0.192916059
2025-09-06T16:00:00+02:00,WE_HOME,WE_HOME,True,FULL,FULL,False,,False,,,,0.06118305,0.130897257,0.0,0.0,0.0,0.0,0.0,0.0,0.0,0.0,0.192080307
2025-09-06T17:00:00+02:00,WE_HOME,WE_HOME,True,FULL,FULL,False,,False,,,,0.060657674,0.130897257,0.0,0.0,0.0,0.0,0.0,0.0,0.0,0.0,0.191554931
2025-09-06T18:00:00+02:00,WE_HOME,WE_HOME,True,FULL,FULL,False,,False,,,,0.060478478,0.130897257,0.0,0.0,0.0,0.0,0.0,0.0,0.0,0.0,0.191375735
2025-09-06T19:00:00+02:00,WE_HOME,WE_HOME,True,FULL,FULL,False,,False,,,,0.060657674,0.130897257,0.0,0.0,0.0,0.0,0.0,0.010322461,0.0,0.0,0.201877392
2025-09-06T20:00:00+02:00,WE_HOME,WE_HOME,True,FULL,FULL,False,,True,guest_003,,,0.06118305,0.130897257,0.0,0.0,0.0,0.0,0.116145229,0.0,0.0,0.0,0.308225536
2025-09-06T21:00:00+02:00,WE_HOME,WE_HOME,True,FULL,FULL,False,,True,guest_003,,,0.062018802,0.130897257,0.0,0.0,0.0,0.0,0.166418829,0.01076748,0.0,0.0,0.370102368
2025-09-06T22:00:00+02:00,WE_HOME,WE_HOME,True,FULL,FULL,False,,True,guest_003,,,0.063107977,0.130897257,0.0,0.135387787,0.0,0.0,0.0,0.0,0.324982315,0.081245579,0.735620915
2025-09-06T23:00:00+02:00,WE_HOME,WE_HOME,True,FULL,FULL,False,,False,,,,0.064376347,0.130897257,0.0,0.57911476,0.0,0.0,0.0,0.01990306,0.324982315,0.081245579,1.200519318
2025-09-07T00:00:00+02:00,WE_HOME,WE_HOME,True,PARTIAL,FULL,False,,False,,2025-09-07T11:15:43.720868+02:00,2025-09-07T17:42:46.906697+02:00,0.065737476,0.130897257,0.0,0.229586653,0.0,0.0,0.0,0.0,0.324982315,0.081245579,0.83244928
2025-09-07T01:00:00+02:00,WE_HOME,WE_HOME,True,PARTIAL,FULL,False,,False,,2025-09-07T11:15:43.720868+02:00,2025-09-07T17:42:46.906697+02:00,0.067098604,0.130897257,0.0,0.0,0.0,0.0,0.0,0.0,0.324982315,0.081245579,0.604223755
2025-09-07T02:00:00+02:00,WE_HOME,WE_HOME,True,PARTIAL,FULL,False,,False,,2025-09-07T11:15:43.720868+02:00,2025-09-07T17:42:46.906697+02:00,0.068366975,0.130897257,0.0,0.0,0.0,0.0,0.0,0.0,0.324982315,0.081245579,0.605492126
2025-09-07T03:00:00+02:00,WE_HOME,WE_HOME,True,PARTIAL,FULL,False,,False,,2025-09-07T11:15:43.720868+02:00,2025-09-07T17:42:46.906697+02:00,0.069456149,0.130897257,0.0,0.0,0.0,0.0,0.0,0.0,0.324982315,0.081245579,0.6065813
2025-09-07T04:00:00+02:00,WE_HOME,WE_HOME,True,PARTIAL,FULL,False,,False,,2025-09-07T11:15:43.720868+02:00,2025-09-07T17:42:46.906697+02:00,0.070291902,0.130897257,0.0,0.0,0.0,0.0,0.0,0.0,0.324982315,0.081245579,0.607417053
2025-09-07T05:00:00+02:00,WE_HOME,WE_HOME,True,PARTIAL,FULL,False,,False,,2025-09-07T11:15:43.720868+02:00,2025-09-07T17:42:46.906697+02:00,0.070817278,0.130897257,0.0,0.0,0.0,0.0,0.0,0.0,0.324982315,0.081245579,0.607942429
2025-09-07T06:00:00+02:00,WE_HOME,WE_HOME,True,PARTIAL,FULL,False,,False,,2025-09-07T11:15:43.720868+02:00,2025-09-07T17:42:46.906697+02:00,0.070996474,0.130897257,0.0,0.0,0.0,0.0,0.0,0.0,0.324982315,0.081245579,0.608121625
2025-09-07T07:00:00+02:00,WE_HOME,WE_HOME,True,PARTIAL,FULL,False,,False,,2025-09-07T11:15:43.720868+02:00,2025-09-07T17:42:46.906697+02:00,0.070817278,0.130897257,0.0,0.0,0.0,0.0,0.0,0.0,0.324982315,0.081245579,0.607942429
2025-09-07T08:00:00+02:00,WE_HOME,WE_HOME,True,PARTIAL,FULL,False,,False,,2025-09-07T11:15:43.720868+02:00,2025-09-07T17:42:46.906697+02:00,0.070291902,0.130897257,0.0,0.0,0.0,0.0,0.0,0.0,0.0,0.0,0.201189159
2025-09-07T09:00:00+02:00,WE_HOME,WE_HOME,True,PARTIAL,FULL,False,,False,,2025-09-07T11:15:43.720868+02:00,2025-09-07T17:42:46.906697+02:00,0.069456149,0.130897257,0.0,0.0,0.0,0.0,0.0,0.0,0.0,0.0,0.200353406
2025-09-07T10:00:00+02:00,WE_HOME,WE_HOME,True,PARTIAL,FULL,False,,False,,2025-09-07T11:15:43.720868+02:00,2025-09-07T17:42:46.906697+02:00,0.068366975,0.130897257,0.0,0.0,0.0,0.0,0.0,0.0,0.0,0.0,0.199264232
2025-09-07T11:00:00+02:00,WE_HOME,WE_HOME,True,PARTIAL,PARTIAL,False,,False,,2025-09-07T11:15:43.720868+02:00,2025-09-07T17:42:46.906697+02:00,0.067098604,0.130897257,0.0,0.0,0.0,0.0,0.0,0.0,0.0,0.0,0.197995861
2025-09-07T12:00:00+02:00,WE_HOME,WE_HOME,True,PARTIAL,PARTIAL,False,,False,,2025-09-07T11:15:43.720868+02:00,2025-09-07T17:42:46.906697+02:00,0.065737476,0.130897257,0.0,0.0,0.0,0.0,0.0,0.0,0.0,0.0,0.196634733
2025-09-07T13:00:00+02:00,WE_HOME,WE_HOME,True,PARTIAL,PARTIAL,False,,False,,2025-09-07T11:15:43.720868+02:00,2025-09-07T17:42:46.906697+02:00,0.064376347,0.130897257,0.0,0.0,0.403176714,0.0,0.0,0.0,0.0,0.0,0.598450318
2025-09-07T14:00:00+02:00,WE_HOME,WE_HOME,True,PARTIAL,PARTIAL,False,,False,,2025-09-07T11:15:43.720868+02:00,2025-09-07T17:42:46.906697+02:00,0.063107977,0.130897257,0.0,0.0,0.511559404,0.426339192,0.0,0.0,0.0,0.0,1.13190383
2025-09-07T15:00:00+02:00,WE_HOME,WE_HOME,True,PARTIAL,PARTIAL,False,,False,,2025-09-07T11:15:43.720868+02:00,2025-09-07T17:42:46.906697+02:00,0.062018802,0.130897257,0.0,0.0,0.0,1.165005826,0.0,0.0,0.0,0.0,1.357921885
2025-09-07T16:00:00+02:00,WE_HOME,WE_HOME,True,PARTIAL,PARTIAL,False,,False,,2025-09-07T11:15:43.720868+02:00,2025-09-07T17:42:46.906697+02:00,0.06118305,0.130897257,0.0,0.0,0.0,0.0,0.0,0.0,0.0,0.0,0.192080307
2025-09-07T17:00:00+02:00,WE_HOME,WE_HOME,True,PARTIAL,PARTIAL,False,,False,,2025-09-07T11:15:43.720868+02:00,2025-09-07T17:42:46.906697+02:00,0.060657674,0.130897257,0.0,0.0,0.0,0.0,0.0,0.0,0.0,0.0,0.191554931
2025-09-07T18:00:00+02:00,WE_HOME,WE_HOME,True,PARTIAL,FULL,False,,False,,2025-09-07T11:15:43.720868+02:00,2025-09-07T17:42:46.906697+02:00,0.060478478,0.130897257,0.0,0.0,0.0,0.0,0.0,0.0,0.0,0.0,0.191375735
2025-09-07T19:00:00+02:00,WE_HOME,WE_HOME,True,PARTIAL,FULL,False,,False,,2025-09-07T11:15:43.720868+02:00,2025-09-07T17:42:46.906697+02:00,0.060657674,0.130897257,0.710704346,0.0,0.0,0.0,0.0,0.0,0.0,0.0,0.902259277
2025-09-07T20:00:00+02:00,WE_HOME,WE_HOME,True,PARTIAL,FULL,False,,False,,2025-09-07T11:15:43.720868+02:00,2025-09-07T17:42:46.906697+02:00,0.06118305,0.130897257,0.47472493,0.0,0.0,0.0,0.41427447,0.00817259,0.0,0.0,1.089252297
2025-09-07T21:00:00+02:00,WE_HOME,WE_HOME,True,PARTIAL,FULL,False,,False,,2025-09-07T11:15:43.720868+02:00,2025-09-07T17:42:46.906697+02:00,0.062018802,0.130897257,0.0,0.051922302,0.0,0.0,0.154882806,0.0,0.0,0.0,0.399721167
2025-09-07T22:00:00+02:00,WE_HOME,WE_HOME,True,PARTIAL,FULL,False,,False,,2025-09-07T11:15:43.720868+02:00,2025-09-07T17:42:46.906697+02:00,0.063107977,0.130897257,0.0,0.685776701,0.0,0.0,0.0,0.030902933,0.324982315,0.081245579,1.316912762
2025-09-07T23:00:00+02:00,WE_HOME,WE_HOME,True,PARTIAL,FULL,False,,False,,2025-09-07T11:15:43.720868+02:00,2025-09-07T17:42:46.906697+02:00,0.064376347,0.130897257,0.0,0.370772134,0.0,0.0,0.0,0.0,0.324982315,0.081245579,0.972273632
2025-09-08T00:00:00+02:00,WD_HOME,WD_HOME,False,EMPTY,FULL,False,,False,,2025-09-08T08:43:34.545784+02:00,2025-09-08T16:21:02.999784+02:00,0.065737476,0.130897257,0.0,0.0,0.0,0.0,0.0,0.0,0.324982315,0.081245579,0.602862627
2025-09-08T01:00:00+02:00,WD_HOME,WD_HOME,False,EMPTY,FULL,False,,False,,2025-09-08T08:43:34.545784+02:00,2025-09-08T16:21:02.999784+02:00,0.067098604,0.130897257,0.0,0.0,0.0,0.0,0.0,0.0,0.324982315,0.081245579,0.604223755
2025-09-08T02:00:00+02:00,WD_HOME,WD_HOME,False,EMPTY,FULL,False,,False,,2025-09-08T08:43:34.545784+02:00,2025-09-08T16:21:02.999784+02:00,0.068366975,0.130897257,0.0,0.0,0.0,0.0,0.0,0.0,0.324982315,0.081245579,0.605492126
2025-09-08T03:00:00+02:00,WD_HOME,WD_HOME,False,EMPTY,FULL,False,,False,,2025-09-08T08:43:34.545784+02:00,2025-09-08T16:21:02.999784+02:00,0.069456149,0.130897257,0.0,0.0,0.0,0.0,0.0,0.0,0.324982315,0.081245579,0.6065813
2025-09-08T04:00:00+02:00,WD_HOME,WD_HOME,False,EMPTY,FULL,False,,False,,2025-09-08T08:43:34.545784+02:00,2025-09-08T16:21:02.999784+02:00,0.070291902,0.130897257,0.0,0.0,0.0,0.0,0.0,0.0,0.324982315,0.081245579,0.607417053
2025-09-08T05:00:00+02:00,WD_HOME,WD_HOME,False,EMPTY,FULL,False,,False,,2025-09-08T08:43:34.545784+02:00,2025-09-08T16:21:02.999784+02:00,0.070817278,0.130897257,0.0,0.0,0.0,0.0,0.0,0.0,0.324982315,0.081245579,0.607942429
2025-09-08T06:00:00+02:00,WD_HOME,WD_HOME,False,EMPTY,FULL,False,,False,,2025-09-08T08:43:34.545784+02:00,2025-09-08T16:21:02.999784+02:00,0.070996474,0.130897257,0.0,0.0,0.0,0.0,0.0,0.0,0.324982315,0.081245579,0.608121625
2025-09-08T07:00:00+02:00,WD_HOME,WD_HOME,False,EMPTY,FULL,False,,False,,2025-09-08T08:43:34.545784+02:00,2025-09-08T16:21:02.999784+02:00,0.070817278,0.130897257,0.0,0.0,0.0,0.0,0.0,0.0,0.324982315,0.081245579,0.607942429
2025-09-08T08:00:00+02:00,WD_HOME,WD_HOME,False,EMPTY,FULL,False,,False,,2025-09-08T08:43:34.545784+02:00,2025-09-08T16:21:02.999784+02:00,0.070291902,0.130897257,0.0,0.0,0.0,0.0,0.0,0.0,0.0,0.0,0.201189159
2025-09-08T09:00:00+02:00,WD_HOME,WD_HOME,False,EMPTY,EMPTY,False,,False,,2025-09-08T08:43:34.545784+02:00,2025-09-08T16:21:02.999784+02:00,0.069456149,0.130897257,0.0,0.0,0.0,0.0,0.0,0.0,0.0,0.0,0.200353406
2025-09-08T10:00:00+02:00,WD_HOME,WD_HOME,False,EMPTY,EMPTY,False,,False,,2025-09-08T08:43:34.545784+02:00,2025-09-08T16:21:02.999784+02:00,0.068366975,0.130897257,0.0,0.0,0.0,0.0,0.0,0.0,0.0,0.0,0.199264232
2025-09-08T11:00:00+02:00,WD_HOME,WD_HOME,False,EMPTY,EMPTY,False,,False,,2025-09-08T08:43:34.545784+02:00,2025-09-08T16:21:02.999784+02:00,0.067098604,0.130897257,0.0,0.0,0.0,0.0,0.0,0.0,0.0,0.0,0.197995861
2025-09-08T12:00:00+02:00,WD_HOME,WD_HOME,False,EMPTY,EMPTY,False,,False,,2025-09-08T08:43:34.545784+02:00,2025-09-08T16:21:02.999784+02:00,0.065737476,0.130897257,0.0,0.0,0.0,0.0,0.0,0.0,0.0,0.0,0.196634733
2025-09-08T13:00:00+02:00,WD_HOME,WD_HOME,False,EMPTY,EMPTY,False,,False,,2025-09-08T08:43:34.545784+02:00,2025-09-08T16:21:02.999784+02:00,0.064376347,0.130897257,0.0,0.0,0.0,0.0,0.0,0.0,0.0,0.0,0.195273604
2025-09-08T14:00:00+02:00,WD_HOME,WD_HOME,False,EMPTY,EMPTY,False,,False,,2025-09-08T08:43:34.545784+02:00,2025-09-08T16:21:02.999784+02:00,0.063107977,0.130897257,0.0,0.0,0.0,0.0,0.0,0.0,0.0,0.0,0.194005234
2025-09-08T15:00:00+02:00,WD_HOME,WD_HOME,False,EMPTY,EMPTY,False,,False,,2025-09-08T08:43:34.545784+02:00,2025-09-08T16:21:02.999784+02:00,0.062018802,0.130897257,0.0,0.0,0.0,0.0,0.0,0.0,0.0,0.0,0.192916059
2025-09-08T16:00:00+02:00,WD_HOME,WD_HOME,False,EMPTY,FULL,False,,False,,2025-09-08T08:43:34.545784+02:00,2025-09-08T16:21:02.999784+02:00,0.06118305,0.130897257,0.0,0.0,0.0,0.0,0.0,0.0,0.0,0.0,0.192080307
2025-09-08T17:00:00+02:00,WD_HOME,WD_HOME,False,EMPTY,FULL,False,,False,,2025-09-08T08:43:34.545784+02:00,2025-09-08T16:21:02.999784+02:00,0.060657674,0.130897257,0.0,0.0,0.0,0.0,0.0,0.0,0.0,0.0,0.191554931
2025-09-08T18:00:00+02:00,WD_HOME,WD_HOME,False,EMPTY,FULL,False,,False,,2025-09-08T08:43:34.545784+02:00,2025-09-08T16:21:02.999784+02:00,0.060478478,0.130897257,0.0,0.0,0.0,0.0,0.0,0.0,0.0,0.0,0.191375735
2025-09-08T19:00:00+02:00,WD_HOME,WD_HOME,False,EMPTY,FULL,False,,False,,2025-09-08T08:43:34.545784+02:00,2025-09-08T16:21:02.999784+02:00,0.060657674,0.130897257,0.0,0.0,0.0,0.0,0.0,0.0,0.0,0.0,0.191554931
2025-09-08T20:00:00+02:00,WD_HOME,WD_HOME,False,EMPTY,FULL,False,,False,,2025-09-08T08:43:34.545784+02:00,2025-09-08T16:21:02.999784+02:00,0.06118305,0.130897257,1.721257139,0.0,0.0,0.0,0.346914554,0.007222385,0.0,0.0,2.267474385
2025-09-08T21:00:00+02:00,WD_HOME,WD_HOME,False,EMPTY,FULL,False,,False,,2025-09-08T08:43:34.545784+02:00,2025-09-08T16:21:02.999784+02:00,0.062018802,0.130897257,0.0,0.0,0.0,0.0,0.353828205,0.0,0.324982315,0.081245579,0.952972158
2025-09-08T22:00:00+02:00,WD_HOME,WD_HOME,False,EMPTY,FULL,False,,False,,2025-09-08T08:43:34.545784+02:00,2025-09-08T16:21:02.999784+02:00,0.063107977,0.130897257,0.0,0.0,0.0,0.0,0.0,0.005621129,0.324982315,0.081245579,0.605854257
2025-09-08T23:00:00+02:00,WD_HOME,WD_HOME,False,EMPTY,FULL,False,,False,,2025-09-08T08:43:34.545784+02:00,2025-09-08T16:21:02.999784+02:00,0.064376347,0.130897257,0.0,0.0,0.0,0.0,0.0,0.0,0.324982315,0.081245579,0.601501498
2025-09-09T00:00:00+02:00,WD_HOME,WD_HOME,False,EMPTY,FULL,False,,False,,2025-09-09T08:36:28.185055+02:00,2025-09-09T17:51:56.469420+02:00,0.065737476,0.130897257,0.0,0.0,0.0,0.0,0.0,0.0,0.324982315,0.081245579,0.602862627
2025-09-09T01:00:00+02:00,WD_HOME,WD_HOME,False,EMPTY,FULL,False,,False,,2025-09-09T08:36:28.185055+02:00,2025-09-09T17:51:56.469420+02:00,0.067098604,0.130897257,0.0,0.0,0.0,0.0,0.0,0.0,0.324982315,0.081245579,0.604223755
2025-09-09T02:00:00+02:00,WD_HOME,WD_HOME,False,EMPTY,FULL,False,,False,,2025-09-09T08:36:28.185055+02:00,2025-09-09T17:51:56.469420+02:00,0.068366975,0.130897257,0.0,0.0,0.0,0.0,0.0,0.0,0.324982315,0.081245579,0.605492126
2025-09-09T03:00:00+02:00,WD_HOME,WD_HOME,False,EMPTY,FULL,False,,False,,2025-09-09T08:36:28.185055+02:00,2025-09-09T17:51:56.469420+02:00,0.069456149,0.130897257,0.0,0.0,0.0,0.0,0.0,0.0,0.324982315,0.081245579,0.6065813
2025-09-09T04:00:00+02:00,WD_HOME,WD_HOME,False,EMPTY,FULL,False,,False,,2025-09-09T08:36:28.185055+02:00,2025-09-09T17:51:56.469420+02:00,0.070291902,0.130897257,0.0,0.0,0.0,0.0,0.0,0.0,0.324982315,0.081245579,0.607417053
2025-09-09T05:00:00+02:00,WD_HOME,WD_HOME,False,EMPTY,FULL,False,,False,,2025-09-09T08:36:28.185055+02:00,2025-09-09T17:51:56.469420+02:00,0.070817278,0.130897257,0.0,0.0,0.0,0.0,0.0,0.0,0.324982315,0.081245579,0.607942429
2025-09-09T06:00:00+02:00,WD_HOME,WD_HOME,False,EMPTY,FULL,False,,False,,2025-09-09T08:36:28.185055+02:00,2025-09-09T17:51:56.469420+02:00,0.070996474,0.130897257,0.0,0.0,0.0,0.0,0.0,0.0,0.324982315,0.081245579,0.608121625
2025-09-09T07:00:00+02:00,WD_HOME,WD_HOME,False,EMPTY,FULL,False,,False,,2025-09-09T08:36:28.185055+02:00,2025-09-09T17:51:56.469420+02:00,0.070817278,0.130897257,0.900780446,0.0,0.0,0.0,0.0,0.0,0.324982315,0.081245579,1.508722875
2025-09-09T08:00:00+02:00,WD_HOME,WD_HOME,False,EMPTY,FULL,False,,False,,2025-09-09T08:36:28.185055+02:00,2025-09-09T17:51:56.469420+02:00,0.070291902,0.130897257,0.038283285,0.0,0.0,0.0,0.0,0.0,0.0,0.0,0.239472444
2025-09-09T09:00:00+02:00,WD_HOME,WD_HOME,False,EMPTY,EMPTY,False,,False,,2025-09-09T08:36:28.185055+02:00,2025-09-09T17:51:56.469420+02:00,0.069456149,0.130897257,0.0,0.0,0.0,0.0,0.0,0.0,0.0,0.0,0.200353406
2025-09-09T10:00:00+02:00,WD_HOME,WD_HOME,False,EMPTY,EMPTY,False,,False,,2025-09-09T08:36:28.185055+02:00,2025-09-09T17:51:56.469420+02:00,0.068366975,0.130897257,0.0,0.0,0.0,0.0,0.0,0.0,0.0,0.0,0.199264232
2025-09-09T11:00:00+02:00,WD_HOME,WD_HOME,False,EMPTY,EMPTY,False,,False,,2025-09-09T08:36:28.185055+02:00,2025-09-09T17:51:56.469420+02:00,0.067098604,0.130897257,0.0,0.0,0.0,0.0,0.0,0.0,0.0,0.0,0.197995861
2025-09-09T12:00:00+02:00,WD_HOME,WD_HOME,False,EMPTY,EMPTY,False,,False,,2025-09-09T08:36:28.185055+02:00,2025-09-09T17:51:56.469420+02:00,0.065737476,0.130897257,0.0,0.0,0.0,0.0,0.0,0.0,0.0,0.0,0.196634733
2025-09-09T13:00:00+02:00,WD_HOME,WD_HOME,False,EMPTY,EMPTY,False,,False,,2025-09-09T08:36:28.185055+02:00,2025-09-09T17:51:56.469420+02:00,0.064376347,0.130897257,0.0,0.0,0.0,0.0,0.0,0.0,0.0,0.0,0.195273604
2025-09-09T14:00:00+02:00,WD_HOME,WD_HOME,False,EMPTY,EMPTY,False,,False,,2025-09-09T08:36:28.185055+02:00,2025-09-09T17:51:56.469420+02:00,0.063107977,0.130897257,0.0,0.0,0.0,0.0,0.0,0.0,0.0,0.0,0.194005234
2025-09-09T15:00:00+02:00,WD_HOME,WD_HOME,False,EMPTY,EMPTY,False,,False,,2025-09-09T08:36:28.185055+02:00,2025-09-09T17:51:56.469420+02:00,0.062018802,0.130897257,0.0,0.0,0.0,0.0,0.0,0.0,0.0,0.0,0.192916059
2025-09-09T16:00:00+02:00,WD_HOME,WD_HOME,False,EMPTY,EMPTY,False,,False,,2025-09-09T08:36:28.185055+02:00,2025-09-09T17:51:56.469420+02:00,0.06118305,0.130897257,0.0,0.0,0.0,0.0,0.0,0.0,0.0,0.0,0.192080307
2025-09-09T17:00:00+02:00,WD_HOME,WD_HOME,False,EMPTY,EMPTY,False,,False,,2025-09-09T08:36:28.185055+02:00,2025-09-09T17:51:56.469420+02:00,0.060657674,0.130897257,0.0,0.0,0.0,0.0,0.0,0.0,0.0,0.0,0.191554931
2025-09-09T18:00:00+02:00,WD_HOME,WD_HOME,False,EMPTY,FULL,False,,False,,2025-09-09T08:36:28.185055+02:00,2025-09-09T17:51:56.469420+02:00,0.060478478,0.130897257,0.0,0.0,0.0,0.0,0.0,0.0,0.0,0.0,0.191375735
2025-09-09T19:00:00+02:00,WD_HOME,WD_HOME,False,EMPTY,FULL,False,,False,,2025-09-09T08:36:28.185055+02:00,2025-09-09T17:51:56.469420+02:00,0.060657674,0.130897257,0.0,0.0,0.0,0.0,0.0,0.0,0.0,0.0,0.191554931
2025-09-09T20:00:00+02:00,WD_HOME,WD_HOME,False,EMPTY,FULL,False,,False,,2025-09-09T08:36:28.185055+02:00,2025-09-09T17:51:56.469420+02:00,0.06118305,0.130897257,0.0,0.0,0.0,0.0,0.117688662,0.0,0.0,0.0,0.309768969
2025-09-09T21:00:00+02:00,WD_HOME,WD_HOME,False,EMPTY,FULL,False,,False,,2025-09-09T08:36:28.185055+02:00,2025-09-09T17:51:56.469420+02:00,0.062018802,0.130897257,0.0,0.0,0.0,0.0,0.191548588,0.0,0.324982315,0.081245579,0.790692541
2025-09-09T22:00:00+02:00,WD_HOME,WD_HOME,False,EMPTY,FULL,False,,False,,2025-09-09T08:36:28.185055+02:00,2025-09-09T17:51:56.469420+02:00,0.063107977,0.130897257,0.0,0.0,0.0,0.0,0.142168231,0.018495666,0.324982315,0.081245579,0.760897025
2025-09-09T23:00:00+02:00,WD_HOME,WD_HOME,False,EMPTY,FULL,False,,False,,2025-09-09T08:36:28.185055+02:00,2025-09-09T17:51:56.469420+02:00,0.064376347,0.130897257,0.0,0.0,0.0,0.0,0.0,0.0,0.324982315,0.081245579,0.601501498
2025-09-10T00:00:00+02:00,WD_HOME,WD_HOME,False,EMPTY,FULL,False,,False,,2025-09-10T08:45:04.779530+02:00,2025-09-10T18:59:44.618843+02:00,0.065737476,0.130897257,0.0,0.0,0.0,0.0,0.0,0.0,0.324982315,0.081245579,0.602862627
2025-09-10T01:00:00+02:00,WD_HOME,WD_HOME,False,EMPTY,FULL,False,,False,,2025-09-10T08:45:04.779530+02:00,2025-09-10T18:59:44.618843+02:00,0.067098604,0.130897257,0.0,0.0,0.0,0.0,0.0,0.0,0.324982315,0.081245579,0.604223755
2025-09-10T02:00:00+02:00,WD_HOME,WD_HOME,False,EMPTY,FULL,False,,False,,2025-09-10T08:45:04.779530+02:00,2025-09-10T18:59:44.618843+02:00,0.068366975,0.130897257,0.0,0.0,0.0,0.0,0.0,0.0,0.324982315,0.081245579,0.605492126
2025-09-10T03:00:00+02:00,WD_HOME,WD_HOME,False,EMPTY,FULL,False,,False,,2025-09-10T08:45:04.779530+02:00,2025-09-10T18:59:44.618843+02:00,0.069456149,0.130897257,0.0,0.0,0.0,0.0,0.0,0.0,0.324982315,0.081245579,0.6065813
2025-09-10T04:00:00+02:00,WD_HOME,WD_HOME,False,EMPTY,FULL,False,,False,,2025-09-10T08:45:04.779530+02:00,2025-09-10T18:59:44.618843+02:00,0.070291902,0.130897257,0.0,0.0,0.0,0.0,0.0,0.0,0.324982315,0.081245579,0.607417053
2025-09-10T05:00:00+02:00,WD_HOME,WD_HOME,False,EMPTY,FULL,False,,False,,2025-09-10T08:45:04.779530+02:00,2025-09-10T18:59:44.618843+02:00,0.070817278,0.130897257,0.0,0.0,0.0,0.0,0.0,0.0,0.324982315,0.081245579,0.607942429
2025-09-10T06:00:00+02:00,WD_HOME,WD_HOME,False,EMPTY,FULL,False,,False,,2025-09-10T08:45:04.779530+02:00,2025-09-10T18:59:44.618843+02:00,0.070996474,0.130897257,0.0,0.0,0.0,0.0,0.0,0.0,0.324982315,0.081245579,0.608121625
2025-09-10T07:00:00+02:00,WD_HOME,WD_HOME,False,EMPTY,FULL,False,,False,,2025-09-10T08:45:04.779530+02:00,2025-09-10T18:59:44.618843+02:00,0.070817278,0.130897257,0.0,0.0,0.0,0.0,0.0,0.0,0.324982315,0.081245579,0.607942429
2025-09-10T08:00:00+02:00,WD_HOME,WD_HOME,False,EMPTY,FULL,False,,False,,2025-09-10T08:45:04.779530+02:00,2025-09-10T18:59:44.618843+02:00,0.070291902,0.130897257,1.505275536,0.0,0.0,0.0,0.0,0.0,0.0,0.0,1.706464695
2025-09-10T09:00:00+02:00,WD_HOME,WD_HOME,False,EMPTY,EMPTY,False,,False,,2025-09-10T08:45:04.779530+02:00,2025-09-10T18:59:44.618843+02:00,0.069456149,0.130897257,0.0,0.0,0.0,0.0,0.0,0.0,0.0,0.0,0.200353406
2025-09-10T10:00:00+02:00,WD_HOME,WD_HOME,False,EMPTY,EMPTY,False,,False,,2025-09-10T08:45:04.779530+02:00,2025-09-10T18:59:44.618843+02:00,0.068366975,0.130897257,0.0,0.0,0.0,0.0,0.0,0.0,0.0,0.0,0.199264232
2025-09-10T11:00:00+02:00,WD_HOME,WD_HOME,False,EMPTY,EMPTY,False,,False,,2025-09-10T08:45:04.779530+02:00,2025-09-10T18:59:44.618843+02:00,0.067098604,0.130897257,0.0,0.0,0.0,0.0,0.0,0.0,0.0,0.0,0.197995861
2025-09-10T12:00:00+02:00,WD_HOME,WD_HOME,False,EMPTY,EMPTY,False,,False,,2025-09-10T08:45:04.779530+02:00,2025-09-10T18:59:44.618843+02:00,0.065737476,0.130897257,0.0,0.0,0.0,0.0,0.0,0.0,0.0,0.0,0.196634733
2025-09-10T13:00:00+02:00,WD_HOME,WD_HOME,False,EMPTY,EMPTY,False,,False,,2025-09-10T08:45:04.779530+02:00,2025-09-10T18:59:44.618843+02:00,0.064376347,0.130897257,0.0,0.0,0.0,0.0,0.0,0.0,0.0,0.0,0.195273604
2025-09-10T14:00:00+02:00,WD_HOME,WD_HOME,False,EMPTY,EMPTY,False,,False,,2025-09-10T08:45:04.779530+02:00,2025-09-10T18:59:44.618843+02:00,0.063107977,0.130897257,0.0,0.0,0.0,0.0,0.0,0.0,0.0,0.0,0.194005234
2025-09-10T15:00:00+02:00,WD_HOME,WD_HOME,False,EMPTY,EMPTY,False,,False,,2025-09-10T08:45:04.779530+02:00,2025-09-10T18:59:44.618843+02:00,0.062018802,0.130897257,0.0,0.0,0.0,0.0,0.0,0.0,0.0,0.0,0.192916059
2025-09-10T16:00:00+02:00,WD_HOME,WD_HOME,False,EMPTY,EMPTY,False,,False,,2025-09-10T08:45:04.779530+02:00,2025-09-10T18:59:44.618843+02:00,0.06118305,0.130897257,0.0,0.0,0.0,0.0,0.0,0.0,0.0,0.0,0.192080307
2025-09-10T17:00:00+02:00,WD_HOME,WD_HOME,False,EMPTY,EMPTY,False,,False,,2025-09-10T08:45:04.779530+02:00,2025-09-10T18:59:44.618843+02:00,0.060657674,0.130897257,0.0,0.0,0.0,0.0,0.0,0.0,0.0,0.0,0.191554931
2025-09-10T18:00:00+02:00,WD_HOME,WD_HOME,False,EMPTY,EMPTY,False,,False,,2025-09-10T08:45:04.779530+02:00,2025-09-10T18:59:44.618843+02:00,0.060478478,0.130897257,1.642686679,0.0,0.0,0.0,0.0,0.0,0.0,0.0,1.834062414
2025-09-10T19:00:00+02:00,WD_HOME,WD_HOME,False,EMPTY,FULL,False,,False,,2025-09-10T08:45:04.779530+02:00,2025-09-10T18:59:44.618843+02:00,0.060657674,0.130897257,0.0,0.0,0.0,0.0,0.0,0.018095701,0.0,0.0,0.209650632
2025-09-10T20:00:00+02:00,WD_HOME,WD_HOME,False,EMPTY,FULL,False,,False,,2025-09-10T08:45:04.779530+02:00,2025-09-10T18:59:44.618843+02:00,0.06118305,0.130897257,0.0,0.276847989,0.0,0.0,0.0,0.011645047,0.0,0.0,0.480573343
2025-09-10T21:00:00+02:00,WD_HOME,WD_HOME,False,EMPTY,FULL,False,,False,,2025-09-10T08:45:04.779530+02:00,2025-09-10T18:59:44.618843+02:00,0.062018802,0.130897257,0.0,0.537207048,0.0,0.0,0.0,0.0,0.324982315,0.081245579,1.136351001
2025-09-10T22:00:00+02:00,WD_HOME,WD_HOME,False,EMPTY,FULL,False,,False,,2025-09-10T08:45:04.779530+02:00,2025-09-10T18:59:44.618843+02:00,0.063107977,0.130897257,0.0,0.015837279,0.0,0.0,0.0,0.0,0.324982315,0.081245579,0.616070407
2025-09-10T23:00:00+02:00,WD_HOME,WD_HOME,False,EMPTY,FULL,False,,False,,2025-09-10T08:45:04.779530+02:00,2025-09-10T18:59:44.618843+02:00,0.064376347,0.130897257,0.0,0.0,0.0,0.0,0.0,0.0,0.324982315,0.081245579,0.601501498
2025-09-11T00:00:00+02:00,WD_HOME,WD_HOME,False,EMPTY,FULL,False,,False,,2025-09-11T08:47:40.300520+02:00,2025-09-11T17:19:41.457191+02:00,0.065737476,0.130897257,0.0,0.0,0.0,0.0,0.0,0.0,0.324982315,0.081245579,0.602862627
2025-09-11T01:00:00+02:00,WD_HOME,WD_HOME,False,EMPTY,FULL,False,,False,,2025-09-11T08:47:40.300520+02:00,2025-09-11T17:19:41.457191+02:00,0.067098604,0.130897257,0.0,0.0,0.0,0.0,0.0,0.0,0.324982315,0.081245579,0.604223755
2025-09-11T02:00:00+02:00,WD_HOME,WD_HOME,False,EMPTY,FULL,False,,False,,2025-09-11T08:47:40.300520+02:00,2025-09-11T17:19:41.457191+02:00,0.068366975,0.130897257,0.0,0.0,0.0,0.0,0.0,0.0,0.324982315,0.081245579,0.605492126
2025-09-11T03:00:00+02:00,WD_HOME,WD_HOME,False,EMPTY,FULL,False,,False,,2025-09-11T08:47:40.300520+02:00,2025-09-11T17:19:41.457191+02:00,0.069456149,0.130897257,0.0,0.0,0.0,0.0,0.0,0.0,0.324982315,0.081245579,0.6065813
2025-09-11T04:00:00+02:00,WD_HOME,WD_HOME,False,EMPTY,FULL,False,,False,,2025-09-11T08:47:40.300520+02:00,2025-09-11T17:19:41.457191+02:00,0.070291902,0.130897257,0.0,0.0,0.0,0.0,0.0,0.0,0.324982315,0.081245579,0.607417053
2025-09-11T05:00:00+02:00,WD_HOME,WD_HOME,False,EMPTY,FULL,False,,False,,2025-09-11T08:47:40.300520+02:00,2025-09-11T17:19:41.457191+02:00,0.070817278,0.130897257,0.0,0.0,0.0,0.0,0.0,0.0,0.324982315,0.081245579,0.607942429
2025-09-11T06:00:00+02:00,WD_HOME,WD_HOME,False,EMPTY,FULL,False,,False,,2025-09-11T08:47:40.300520+02:00,2025-09-11T17:19:41.457191+02:00,0.070996474,0.130897257,0.0,0.0,0.0,0.0,0.0,0.0,0.324982315,0.081245579,0.608121625
2025-09-11T07:00:00+02:00,WD_HOME,WD_HOME,False,EMPTY,FULL,False,,False,,2025-09-11T08:47:40.300520+02:00,2025-09-11T17:19:41.457191+02:00,0.070817278,0.130897257,0.0,0.0,0.0,0.0,0.0,0.0,0.324982315,0.081245579,0.607942429
2025-09-11T08:00:00+02:00,WD_HOME,WD_HOME,False,EMPTY,FULL,False,,False,,2025-09-11T08:47:40.300520+02:00,2025-09-11T17:19:41.457191+02:00,0.070291902,0.130897257,0.0,0.0,0.0,0.0,0.0,0.0,0.0,0.0,0.201189159
2025-09-11T09:00:00+02:00,WD_HOME,WD_HOME,False,EMPTY,EMPTY,False,,False,,2025-09-11T08:47:40.300520+02:00,2025-09-11T17:19:41.457191+02:00,0.069456149,0.130897257,0.0,0.0,0.0,0.0,0.0,0.0,0.0,0.0,0.200353406
2025-09-11T10:00:00+02:00,WD_HOME,WD_HOME,False,EMPTY,EMPTY,False,,False,,2025-09-11T08:47:40.300520+02:00,2025-09-11T17:19:41.457191+02:00,0.068366975,0.130897257,0.0,0.0,0.0,0.0,0.0,0.0,0.0,0.0,0.199264232
2025-09-11T11:00:00+02:00,WD_HOME,WD_HOME,False,EMPTY,EMPTY,False,,False,,2025-09-11T08:47:40.300520+02:00,2025-09-11T17:19:41.457191+02:00,0.067098604,0.130897257,0.0,0.0,0.0,0.0,0.0,0.0,0.0,0.0,0.197995861
2025-09-11T12:00:00+02:00,WD_HOME,WD_HOME,False,EMPTY,EMPTY,False,,False,,2025-09-11T08:47:40.300520+02:00,2025-09-11T17:19:41.457191+02:00,0.065737476,0.130897257,0.0,0.0,0.0,0.0,0.0,0.0,0.0,0.0,0.196634733
2025-09-11T13:00:00+02:00,WD_HOME,WD_HOME,False,EMPTY,EMPTY,False,,False,,2025-09-11T08:47:40.300520+02:00,2025-09-11T17:19:41.457191+02:00,0.064376347,0.130897257,0.0,0.0,0.0,0.0,0.0,0.0,0.0,0.0,0.195273604
2025-09-11T14:00:00+02:00,WD_HOME,WD_HOME,False,EMPTY,EMPTY,False,,False,,2025-09-11T08:47:40.300520+02:00,2025-09-11T17:19:41.457191+02:00,0.063107977,0.130897257,0.0,0.0,0.0,0.0,0.0,0.0,0.0,0.0,0.194005234
2025-09-11T15:00:00+02:00,WD_HOME,WD_HOME,False,EMPTY,EMPTY,False,,False,,2025-09-11T08:47:40.300520+02:00,2025-09-11T17:19:41.457191+02:00,0.062018802,0.130897257,0.0,0.0,0.0,0.0,0.0,0.0,0.0,0.0,0.192916059
2025-09-11T16:00:00+02:00,WD_HOME,WD_HOME,False,EMPTY,EMPTY,False,,False,,2025-09-11T08:47:40.300520+02:00,2025-09-11T17:19:41.457191+02:00,0.06118305,0.130897257,0.0,0.0,0.0,0.0,0.0,0.0,0.0,0.0,0.192080307
2025-09-11T17:00:00+02:00,WD_HOME,WD_HOME,False,EMPTY,FULL,False,,False,,2025-09-11T08:47:40.300520+02:00,2025-09-11T17:19:41.457191+02:00,0.060657674,0.130897257,0.0,0.0,0.0,0.0,0.0,0.0,0.0,0.0,0.191554931
2025-09-11T18:00:00+02:00,WD_HOME,WD_HOME,False,EMPTY,FULL,False,,False,,2025-09-11T08:47:40.300520+02:00,2025-09-11T17:19:41.457191+02:00,0.060478478,0.130897257,0.288980811,0.0,0.0,0.0,0.0,0.0,0.0,0.0,0.480356546
2025-09-11T19:00:00+02:00,WD_HOME,WD_HOME,False,EMPTY,FULL,False,,False,,2025-09-11T08:47:40.300520+02:00,2025-09-11T17:19:41.457191+02:00,0.060657674,0.130897257,2.009027414,0.0,0.0,0.0,0.0,0.0,0.0,0.0,2.200582345
2025-09-11T20:00:00+02:00,WD_HOME,WD_HOME,False,EMPTY,FULL,False,,False,,2025-09-11T08:47:40.300520+02:00,2025-09-11T17:19:41.457191+02:00,0.06118305,0.130897257,0.248083075,0.0,0.0,0.0,0.0,0.014827862,0.0,0.0,0.454991244
2025-09-11T21:00:00+02:00,WD_HOME,WD_HOME,False,EMPTY,FULL,False,,False,,2025-09-11T08:47:40.300520+02:00,2025-09-11T17:19:41.457191+02:00,0.062018802,0.130897257,0.0,0.0,0.0,0.0,0.0,0.0,0.324982315,0.081245579,0.599143953
2025-09-11T22:00:00+02:00,WD_HOME,WD_HOME,False,EMPTY,FULL,False,,False,,2025-09-11T08:47:40.300520+02:00,2025-09-11T17:19:41.457191+02:00,0.063107977,0.130897257,0.0,0.0,0.0,0.0,0.0,0.009463185,0.324982315,0.081245579,0.609696313
2025-09-11T23:00:00+02:00,WD_HOME,WD_HOME,False,EMPTY,FULL,False,,False,,2025-09-11T08:47:40.300520+02:00,2025-09-11T17:19:41.457191+02:00,0.064376347,0.130897257,0.0,0.0,0.0,0.0,0.0,0.006364584,0.324982315,0.081245579,0.607866082
2025-09-12T00:00:00+02:00,WD_HOME,WD_HOME,False,EMPTY,FULL,False,,False,,2025-09-12T08:40:56.920237+02:00,2025-09-12T18:24:21.860473+02:00,0.065737476,0.130897257,0.0,0.0,0.0,0.0,0.0,0.0,0.324982315,0.081245579,0.602862627
2025-09-12T01:00:00+02:00,WD_HOME,WD_HOME,False,EMPTY,FULL,False,,False,,2025-09-12T08:40:56.920237+02:00,2025-09-12T18:24:21.860473+02:00,0.067098604,0.130897257,0.0,0.0,0.0,0.0,0.0,0.0,0.324982315,0.081245579,0.604223755
2025-09-12T02:00:00+02:00,WD_HOME,WD_HOME,False,EMPTY,FULL,False,,False,,2025-09-12T08:40:56.920237+02:00,2025-09-12T18:24:21.860473+02:00,0.068366975,0.130897257,0.0,0.0,0.0,0.0,0.0,0.0,0.324982315,0.081245579,0.605492126
2025-09-12T03:00:00+02:00,WD_HOME,WD_HOME,False,EMPTY,FULL,False,,False,,2025-09-12T08:40:56.920237+02:00,2025-09-12T18:24:21.860473+02:00,0.069456149,0.130897257,0.0,0.0,0.0,0.0,0.0,0.0,0.324982315,0.081245579,0.6065813
2025-09-12T04:00:00+02:00,WD_HOME,WD_HOME,False,EMPTY,FULL,False,,False,,2025-09-12T08:40:56.920237+02:00,2025-09-12T18:24:21.860473+02:00,0.070291902,0.130897257,0.0,0.0,0.0,0.0,0.0,0.0,0.324982315,0.081245579,0.607417053
2025-09-12T05:00:00+02:00,WD_HOME,WD_HOME,False,EMPTY,FULL,False,,False,,2025-09-12T08:40:56.920237+02:00,2025-09-12T18:24:21.860473+02:00,0.070817278,0.130897257,0.0,0.0,0.0,0.0,0.0,0.0,0.324982315,0.081245579,0.607942429
2025-09-12T06:00:00+02:00,WD_HOME,WD_HOME,False,EMPTY,FULL,False,,False,,2025-09-12T08:40:56.920237+02:00,2025-09-12T18:24:21.860473+02:00,0.070996474,0.130897257,0.0,0.0,0.0,0.0,0.0,0.0,0.324982315,0.081245579,0.608121625
2025-09-12T07:00:00+02:00,WD_HOME,WD_HOME,False,EMPTY,FULL,False,,False,,2025-09-12T08:40:56.920237+02:00,2025-09-12T18:24:21.860473+02:00,0.070817278,0.130897257,0.0,0.0,0.0,0.0,0.0,0.0,0.324982315,0.081245579,0.607942429
2025-09-12T08:00:00+02:00,WD_HOME,WD_HOME,False,EMPTY,FULL,False,,False,,2025-09-12T08:40:56.920237+02:00,2025-09-12T18:24:21.860473+02:00,0.070291902,0.130897257,0.0,0.0,0.0,0.0,0.0,0.0,0.0,0.0,0.201189159
2025-09-12T09:00:00+02:00,WD_HOME,WD_HOME,False,EMPTY,EMPTY,False,,False,,2025-09-12T08:40:56.920237+02:00,2025-09-12T18:24:21.860473+02:00,0.069456149,0.130897257,0.0,0.0,0.0,0.0,0.0,0.0,0.0,0.0,0.200353406
2025-09-12T10:00:00+02:00,WD_HOME,WD_HOME,False,EMPTY,EMPTY,False,,False,,2025-09-12T08:40:56.920237+02:00,2025-09-12T18:24:21.860473+02:00,0.068366975,0.130897257,0.0,0.0,0.0,0.0,0.0,0.0,0.0,0.0,0.199264232
2025-09-12T11:00:00+02:00,WD_HOME,WD_HOME,False,EMPTY,EMPTY,False,,False,,2025-09-12T08:40:56.920237+02:00,2025-09-12T18:24:21.860473+02:00,0.067098604,0.130897257,0.0,0.0,0.0,0.0,0.0,0.0,0.0,0.0,0.197995861
2025-09-12T12:00:00+02:00,WD_HOME,WD_HOME,False,EMPTY,EMPTY,False,,False,,2025-09-12T08:40:56.920237+02:00,2025-09-12T18:24:21.860473+02:00,0.065737476,0.130897257,0.0,0.0,0.0,0.0,0.0,0.0,0.0,0.0,0.196634733
2025-09-12T13:00:00+02:00,WD_HOME,WD_HOME,False,EMPTY,EMPTY,False,,False,,2025-09-12T08:40:56.920237+02:00,2025-09-12T18:24:21.860473+02:00,0.064376347,0.130897257,0.0,0.0,0.0,0.0,0.0,0.0,0.0,0.0,0.195273604
2025-09-12T14:00:00+02:00,WD_HOME,WD_HOME,False,EMPTY,EMPTY,False,,False,,2025-09-12T08:40:56.920237+02:00,2025-09-12T18:24:21.860473+02:00,0.063107977,0.130897257,0.0,0.0,0.0,0.0,0.0,0.0,0.0,0.0,0.194005234
2025-09-12T15:00:00+02:00,WD_HOME,WD_HOME,False,EMPTY,EMPTY,False,,False,,2025-09-12T08:40:56.920237+02:00,2025-09-12T18:24:21.860473+02:00,0.062018802,0.130897257,0.0,0.0,0.0,0.0,0.0,0.0,0.0,0.0,0.192916059
2025-09-12T16:00:00+02:00,WD_HOME,WD_HOME,False,EMPTY,EMPTY,False,,False,,2025-09-12T08:40:56.920237+02:00,2025-09-12T18:24:21.860473+02:00,0.06118305,0.130897257,0.0,0.0,0.0,0.0,0.0,0.0,0.0,0.0,0.192080307
2025-09-12T17:00:00+02:00,WD_HOME,WD_HOME,False,EMPTY,EMPTY,False,,False,,2025-09-12T08:40:56.920237+02:00,2025-09-12T18:24:21.860473+02:00,0.060657674,0.130897257,0.0,0.0,0.0,0.0,0.0,0.0,0.0,0.0,0.191554931
2025-09-12T18:00:00+02:00,WD_HOME,WD_HOME,False,EMPTY,FULL,False,,False,,2025-09-12T08:40:56.920237+02:00,2025-09-12T18:24:21.860473+02:00,0.060478478,0.130897257,0.0,0.0,0.0,0.0,0.0,0.018350183,0.0,0.0,0.209725918
2025-09-12T19:00:00+02:00,WD_HOME,WD_HOME,False,EMPTY,FULL,False,,False,,2025-09-12T08:40:56.920237+02:00,2025-09-12T18:24:21.860473+02:00,0.060657674,0.130897257,0.866838491,0.0,0.0,0.0,0.180427753,0.0,0.0,0.0,1.238821175
2025-09-12T20:00:00+02:00,WD_HOME,WD_HOME,False,EMPTY,FULL,False,,False,,2025-09-12T08:40:56.920237+02:00,2025-09-12T18:24:21.860473+02:00,0.06118305,0.130897257,1.756726845,0.0,0.0,0.0,0.224168266,0.0,0.0,0.0,2.172975418
2025-09-12T21:00:00+02:00,WD_HOME,WD_HOME,False,EMPTY,FULL,False,,False,,2025-09-12T08:40:56.920237+02:00,2025-09-12T18:24:21.860473+02:00,0.062018802,0.130897257,0.0,0.0,0.0,0.0,0.186369513,0.0,0.324982315,0.081245579,0.785513466
2025-09-12T22:00:00+02:00,WD_HOME,WD_HOME,False,EMPTY,FULL,False,,False,,2025-09-12T08:40:56.920237+02:00,2025-09-12T18:24:21.860473+02:00,0.063107977,0.130897257,0.0,0.0,0.0,0.0,0.0,0.006661979,0.324982315,0.081245579,0.606895107
2025-09-12T23:00:00+02:00,WD_HOME,WD_HOME,False,EMPTY,FULL,False,,False,,2025-09-12T08:40:56.920237+02:00,2025-09-12T18:24:21.860473+02:00,0.064376347,0.130897257,0.0,0.0,0.0,0.0,0.0,0.016971846,0.324982315,0.081245579,0.618473344
2025-09-13T00:00:00+02:00,WE_HOME,WE_HOME,True,PARTIAL,FULL,False,,False,,2025-09-13T11:37:13.401290+02:00,2025-09-13T18:19:27.679214+02:00,0.065737476,0.130897257,0.0,0.0,0.0,0.0,0.0,0.0,0.324982315,0.081245579,0.602862627
2025-09-13T01:00:00+02:00,WE_HOME,WE_HOME,True,PARTIAL,FULL,False,,False,,2025-09-13T11:37:13.401290+02:00,2025-09-13T18:19:27.679214+02:00,0.067098604,0.130897257,0.0,0.0,0.0,0.0,0.0,0.0,0.324982315,0.081245579,0.604223755
2025-09-13T02:00:00+02:00,WE_HOME,WE_HOME,True,PARTIAL,FULL,False,,False,,2025-09-13T11:37:13.401290+02:00,2025-09-13T18:19:27.679214+02:00,0.068366975,0.130897257,0.0,0.0,0.0,0.0,0.0,0.0,0.324982315,0.081245579,0.605492126
2025-09-13T03:00:00+02:00,WE_HOME,WE_HOME,True,PARTIAL,FULL,False,,False,,2025-09-13T11:37:13.401290+02:00,2025-09-13T18:19:27.679214+02:00,0.069456149,0.130897257,0.0,0.0,0.0,0.0,0.0,0.0,0.324982315,0.081245579,0.6065813
2025-09-13T04:00:00+02:00,WE_HOME,WE_HOME,True,PARTIAL,FULL,False,,False,,2025-09-13T11:37:13.401290+02:00,2025-09-13T18:19:27.679214+02:00,0.070291902,0.130897257,0.0,0.0,0.0,0.0,0.0,0.0,0.324982315,0.081245579,0.607417053
2025-09-13T05:00:00+02:00,WE_HOME,WE_HOME,True,PARTIAL,FULL,False,,False,,2025-09-13T11:37:13.401290+02:00,2025-09-13T18:19:27.679214+02:00,0.070817278,0.130897257,0.0,0.0,0.0,0.0,0.0,0.0,0.324982315,0.081245579,0.607942429
2025-09-13T06:00:00+02:00,WE_HOME,WE_HOME,True,PARTIAL,FULL,False,,False,,2025-09-13T11:37:13.401290+02:00,2025-09-13T18:19:27.679214+02:00,0.070996474,0.130897257,0.0,0.0,0.0,0.0,0.0,0.0,0.324982315,0.081245579,0.608121625
2025-09-13T07:00:00+02:00,WE_HOME,WE_HOME,True,PARTIAL,FULL,False,,False,,2025-09-13T11:37:13.401290+02:00,2025-09-13T18:19:27.679214+02:00,0.070817278,0.130897257,0.270631107,0.0,0.0,0.0,0.0,0.0,0.324982315,0.081245579,0.878573536
2025-09-13T08:00:00+02:00,WE_HOME,WE_HOME,True,PARTIAL,FULL,False,,False,,2025-09-13T11:37:13.401290+02:00,2025-09-13T18:19:27.679214+02:00,0.070291902,0.130897257,0.940716865,0.0,0.0,0.0,0.0,0.0,0.0,0.0,1.141906024
2025-09-13T09:00:00+02:00,WE_HOME,WE_HOME,True,PARTIAL,FULL,False,,False,,2025-09-13T11:37:13.401290+02:00,2025-09-13T18:19:27.679214+02:00,0.069456149,0.130897257,0.0,0.0,0.0,0.0,0.0,0.0,0.0,0.0,0.200353406
2025-09-13T10:00:00+02:00,WE_HOME,WE_HOME,True,PARTIAL,FULL,False,,False,,2025-09-13T11:37:13.401290+02:00,2025-09-13T18:19:27.679214+02:00,0.068366975,0.130897257,0.0,0.0,0.143408544,0.0,0.0,0.0,0.0,0.0,0.342672776
2025-09-13T11:00:00+02:00,WE_HOME,WE_HOME,True,PARTIAL,FULL,False,,False,,2025-09-13T11:37:13.401290+02:00,2025-09-13T18:19:27.679214+02:00,0.067098604,0.130897257,0.0,0.0,0.786563693,0.238842994,0.0,0.0,0.0,0.0,1.223402548
2025-09-13T12:00:00+02:00,WE_HOME,WE_HOME,True,PARTIAL,PARTIAL,False,,False,,2025-09-13T11:37:13.401290+02:00,2025-09-13T18:19:27.679214+02:00,0.065737476,0.130897257,0.0,0.0,0.0,1.940423419,0.0,0.0,0.0,0.0,2.137058152
2025-09-13T13:00:00+02:00,WE_HOME,WE_HOME,True,PARTIAL,PARTIAL,False,,False,,2025-09-13T11:37:13.401290+02:00,2025-09-13T18:19:27.679214+02:00,0.064376347,0.130897257,0.0,0.0,0.0,0.0,0.0,0.0,0.0,0.0,0.195273604
2025-09-13T14:00:00+02:00,WE_HOME,WE_HOME,True,PARTIAL,PARTIAL,False,,False,,2025-09-13T11:37:13.401290+02:00,2025-09-13T18:19:27.679214+02:00,0.063107977,0.130897257,0.0,0.0,0.0,0.0,0.0,0.0,0.0,0.0,0.194005234
2025-09-13T15:00:00+02:00,WE_HOME,WE_HOME,True,PARTIAL,PARTIAL,False,,False,,2025-09-13T11:37:13.401290+02:00,2025-09-13T18:19:27.679214+02:00,0.062018802,0.130897257,0.0,0.0,0.0,0.0,0.0,0.0,0.0,0.0,0.192916059
2025-09-13T16:00:00+02:00,WE_HOME,WE_HOME,True,PARTIAL,PARTIAL,False,,False,,2025-09-13T11:37:13.401290+02:00,2025-09-13T18:19:27.679214+02:00,0.06118305,0.130897257,0.0,0.0,0.0,0.0,0.0,0.0,0.0,0.0,0.192080307
2025-09-13T17:00:00+02:00,WE_HOME,WE_HOME,True,PARTIAL,PARTIAL,False,,False,,2025-09-13T11:37:13.401290+02:00,2025-09-13T18:19:27.679214+02:00,0.060657674,0.130897257,0.0,0.0,0.0,0.0,0.0,0.0,0.0,0.0,0.191554931
2025-09-13T18:00:00+02:00,WE_HOME,WE_HOME,True,PARTIAL,FULL,False,,False,,2025-09-13T11:37:13.401290+02:00,2025-09-13T18:19:27.679214+02:00,0.060478478,0.130897257,0.0,0.0,0.0,0.0,0.0,0.0,0.0,0.0,0.191375735
2025-09-13T19:00:00+02:00,WE_HOME,WE_HOME,True,PARTIAL,FULL,False,,False,,2025-09-13T11:37:13.401290+02:00,2025-09-13T18:19:27.679214+02:00,0.060657674,0.130897257,4.243546939,0.0,0.0,0.0,0.0,0.0,0.0,0.0,4.43510187
2025-09-13T20:00:00+02:00,WE_HOME,WE_HOME,True,PARTIAL,FULL,False,,False,,2025-09-13T11:37:13.401290+02:00,2025-09-13T18:19:27.679214+02:00,0.06118305,0.130897257,1.177806754,0.0,0.0,0.0,0.12029633,0.0,0.0,0.0,1.490183391
2025-09-13T21:00:00+02:00,WE_HOME,WE_HOME,True,PARTIAL,FULL,False,,False,,2025-09-13T11:37:13.401290+02:00,2025-09-13T18:19:27.679214+02:00,0.062018802,0.130897257,0.0,0.0,0.0,0.0,0.149114915,0.006748777,0.324982315,0.081245579,0.755007645
2025-09-13T22:00:00+02:00,WE_HOME,WE_HOME,True,PARTIAL,FULL,False,,False,,2025-09-13T11:37:13.401290+02:00,2025-09-13T18:19:27.679214+02:00,0.063107977,0.130897257,0.0,0.0,0.0,0.0,0.0,0.0,0.324982315,0.081245579,0.600233128
2025-09-13T23:00:00+02:00,WE_HOME,WE_HOME,True,PARTIAL,FULL,False,,False,,2025-09-13T11:37:13.401290+02:00,2025-09-13T18:19:27.679214+02:00,0.064376347,0.130897257,0.0,0.0,0.0,0.0,0.0,0.008519863,0.324982315,0.081245579,0.610021361
2025-09-14T00:00:00+02:00,WE_HOME,WE_HOME,True,FULL,FULL,False,,False,,,,0.065737476,0.130897257,0.0,0.0,0.0,0.0,0.0,0.0,0.324982315,0.081245579,0.602862627
2025-09-14T01:00:00+02:00,WE_HOME,WE_HOME,True,FULL,FULL,False,,False,,,,0.067098604,0.130897257,0.0,0.0,0.0,0.0,0.0,0.0,0.324982315,0.081245579,0.604223755
2025-09-14T02:00:00+02:00,WE_HOME,WE_HOME,True,FULL,FULL,False,,False,,,,0.068366975,0.130897257,0.0,0.0,0.0,0.0,0.0,0.0,0.324982315,0.081245579,0.605492126
2025-09-14T03:00:00+02:00,WE_HOME,WE_HOME,True,FULL,FULL,False,,False,,,,0.069456149,0.130897257,0.0,0.0,0.0,0.0,0.0,0.0,0.324982315,0.081245579,0.6065813
2025-09-14T04:00:00+02:00,WE_HOME,WE_HOME,True,FULL,FULL,False,,False,,,,0.070291902,0.130897257,0.0,0.0,0.0,0.0,0.0,0.0,0.324982315,0.081245579,0.607417053
2025-09-14T05:00:00+02:00,WE_HOME,WE_HOME,True,FULL,FULL,False,,False,,,,0.070817278,0.130897257,0.0,0.0,0.0,0.0,0.0,0.0,0.324982315,0.081245579,0.607942429
2025-09-14T06:00:00+02:00,WE_HOME,WE_HOME,True,FULL,FULL,False,,False,,,,0.070996474,0.130897257,0.0,0.0,0.0,0.0,0.0,0.0,0.324982315,0.081245579,0.608121625
2025-09-14T07:00:00+02:00,WE_HOME,WE_HOME,True,FULL,FULL,False,,False,,,,0.070817278,0.130897257,0.0,0.0,0.0,0.0,0.0,0.0,0.324982315,0.081245579,0.607942429
2025-09-14T08:00:00+02:00,WE_HOME,WE_HOME,True,FULL,FULL,False,,False,,,,0.070291902,0.130897257,0.0,0.0,0.0,0.0,0.0,0.0,0.0,0.0,0.201189159
2025-09-14T09:00:00+02:00,WE_HOME,WE_HOME,True,FULL,FULL,False,,False,,,,0.069456149,0.130897257,0.0,0.0,0.0,0.0,0.0,0.0,0.0,0.0,0.200353406
2025-09-14T10:00:00+02:00,WE_HOME,WE_HOME,True,FULL,FULL,False,,False,,,,0.068366975,0.130897257,0.0,0.0,0.0,0.0,0.0,0.0,0.0,0.0,0.199264232
2025-09-14T11:00:00+02:00,WE_HOME,WE_HOME,True,FULL,FULL,False,,False,,,,0.067098604,0.130897257,0.0,0.0,0.41478497,0.0,0.0,0.0,0.0,0.0,0.612780831
2025-09-14T12:00:00+02:00,WE_HOME,WE_HOME,True,FULL,FULL,False,,False,,,,0.065737476,0.130897257,0.0,0.0,0.288518125,0.0,0.0,0.0,0.0,0.0,0.485152858
2025-09-14T13:00:00+02:00,WE_HOME,WE_HOME,True,FULL,FULL,False,,False,,,,0.064376347,0.130897257,0.0,0.0,0.0,1.589406811,0.0,0.0,0.0,0.0,1.784680415
2025-09-14T14:00:00+02:00,WE_HOME,WE_HOME,True,FULL,FULL,False,,False,,,,0.063107977,0.130897257,0.0,0.0,0.0,0.752408918,0.0,0.0,0.0,0.0,0.946414152
2025-09-14T15:00:00+02:00,WE_HOME,WE_HOME,True,FULL,FULL,False,,False,,,,0.062018802,0.130897257,0.0,0.0,0.0,0.0,0.0,0.0,0.0,0.0,0.192916059
2025-09-14T16:00:00+02:00,WE_HOME,WE_HOME,True,FULL,FULL,False,,False,,,,0.06118305,0.130897257,0.0,0.0,0.0,0.0,0.0,0.0,0.0,0.0,0.192080307
2025-09-14T17:00:00+02:00,WE_HOME,WE_HOME,True,FULL,FULL,False,,False,,,,0.060657674,0.130897257,0.0,0.0,0.0,0.0,0.0,0.0,0.0,0.0,0.191554931
2025-09-14T18:00:00+02:00,WE_HOME,WE_HOME,True,FULL,FULL,False,,False,,,,0.060478478,0.130897257,0.0,0.0,0.0,0.0,0.0,0.016001138,0.0,0.0,0.207376873
2025-09-14T19:00:00+02:00,WE_HOME,WE_HOME,True,FULL,FULL,False,,False,,,,0.060657674,0.130897257,1.589869833,0.0,0.0,0.0,0.0,0.0,0.0,0.0,1.781424764
2025-09-14T20:00:00+02:00,WE_HOME,WE_HOME,True,FULL,FULL,False,,False,,,,0.06118305,0.130897257,0.0,0.0,0.0,0.0,0.0,0.0,0.0,0.0,0.192080307
2025-09-14T21:00:00+02:00,WE_HOME,WE_HOME,True,FULL,FULL,False,,False,,,,0.062018802,0.130897257,0.0,0.0,0.0,0.0,0.0,0.01167698,0.324982315,0.081245579,0.610820933
2025-09-14T22:00:00+02:00,WE_HOME,WE_HOME,True,FULL,FULL,False,,False,,,,0.063107977,0.130897257,0.0,0.0,0.0,0.0,0.0,0.0,0.324982315,0.081245579,0.600233128
2025-09-14T23:00:00+02:00,WE_HOME,WE_HOME,True,FULL,FULL,False,,False,,,,0.064376347,0.130897257,0.0,0.0,0.0,0.0,0.0,0.016410703,0.324982315,0.081245579,0.617912201
2025-09-15T00:00:00+02:00,WD_HOME,WD_HOME,False,EMPTY,FULL,False,,False,,2025-09-15T08:34:41.874722+02:00,2025-09-15T16:59:26.770208+02:00,0.065737476,0.130897257,0.0,0.0,0.0,0.0,0.0,0.0,0.324982315,0.081245579,0.602862627
2025-09-15T01:00:00+02:00,WD_HOME,WD_HOME,False,EMPTY,FULL,False,,False,,2025-09-15T08:34:41.874722+02:00,2025-09-15T16:59:26.770208+02:00,0.067098604,0.130897257,0.0,0.0,0.0,0.0,0.0,0.0,0.324982315,0.081245579,0.604223755
2025-09-15T02:00:00+02:00,WD_HOME,WD_HOME,False,EMPTY,FULL,False,,False,,2025-09-15T08:34:41.874722+02:00,2025-09-15T16:59:26.770208+02:00,0.068366975,0.130897257,0.0,0.0,0.0,0.0,0.0,0.0,0.324982315,0.081245579,0.605492126
2025-09-15T03:00:00+02:00,WD_HOME,WD_HOME,False,EMPTY,FULL,False,,False,,2025-09-15T08:34:41.874722+02:00,2025-09-15T16:59:26.770208+02:00,0.069456149,0.130897257,0.0,0.0,0.0,0.0,0.0,0.0,0.324982315,0.081245579,0.6065813
2025-09-15T04:00:00+02:00,WD_HOME,WD_HOME,False,EMPTY,FULL,False,,False,,2025-09-15T08:34:41.874722+02:00,2025-09-15T16:59:26.770208+02:00,0.070291902,0.130897257,0.0,0.0,0.0,0.0,0.0,0.0,0.324982315,0.081245579,0.607417053
2025-09-15T05:00:00+02:00,WD_HOME,WD_HOME,False,EMPTY,FULL,False,,False,,2025-09-15T08:34:41.874722+02:00,2025-09-15T16:59:26.770208+02:00,0.070817278,0.130897257,0.0,0.0,0.0,0.0,0.0,0.0,0.324982315,0.081245579,0.607942429
2025-09-15T06:00:00+02:00,WD_HOME,WD_HOME,False,EMPTY,FULL,False,,False,,2025-09-15T08:34:41.874722+02:00,2025-09-15T16:59:26.770208+02:00,0.070996474,0.130897257,0.0,0.0,0.0,0.0,0.0,0.0,0.324982315,0.081245579,0.608121625
2025-09-15T07:00:00+02:00,WD_HOME,WD_HOME,False,EMPTY,FULL,False,,False,,2025-09-15T08:34:41.874722+02:00,2025-09-15T16:59:26.770208+02:00,0.070817278,0.130897257,0.0,0.0,0.0,0.0,0.0,0.0,0.324982315,0.081245579,0.607942429
2025-09-15T08:00:00+02:00,WD_HOME,WD_HOME,False,EMPTY,FULL,False,,False,,2025-09-15T08:34:41.874722+02:00,2025-09-15T16:59:26.770208+02:00,0.070291902,0.130897257,0.0,0.0,0.0,0.0,0.0,0.0,0.0,0.0,0.201189159
2025-09-15T09:00:00+02:00,WD_HOME,WD_HOME,False,EMPTY,EMPTY,False,,False,,2025-09-15T08:34:41.874722+02:00,2025-09-15T16:59:26.770208+02:00,0.069456149,0.130897257,0.0,0.0,0.0,0.0,0.0,0.0,0.0,0.0,0.200353406
2025-09-15T10:00:00+02:00,WD_HOME,WD_HOME,False,EMPTY,EMPTY,False,,False,,2025-09-15T08:34:41.874722+02:00,2025-09-15T16:59:26.770208+02:00,0.068366975,0.130897257,0.0,0.0,0.0,0.0,0.0,0.0,0.0,0.0,0.199264232
2025-09-15T11:00:00+02:00,WD_HOME,WD_HOME,False,EMPTY,EMPTY,False,,False,,2025-09-15T08:34:41.874722+02:00,2025-09-15T16:59:26.770208+02:00,0.067098604,0.130897257,0.0,0.0,0.0,0.0,0.0,0.0,0.0,0.0,0.197995861
2025-09-15T12:00:00+02:00,WD_HOME,WD_HOME,False,EMPTY,EMPTY,False,,False,,2025-09-15T08:34:41.874722+02:00,2025-09-15T16:59:26.770208+02:00,0.065737476,0.130897257,0.0,0.0,0.0,0.0,0.0,0.0,0.0,0.0,0.196634733
2025-09-15T13:00:00+02:00,WD_HOME,WD_HOME,False,EMPTY,EMPTY,False,,False,,2025-09-15T08:34:41.874722+02:00,2025-09-15T16:59:26.770208+02:00,0.064376347,0.130897257,0.0,0.0,0.0,0.0,0.0,0.0,0.0,0.0,0.195273604
2025-09-15T14:00:00+02:00,WD_HOME,WD_HOME,False,EMPTY,EMPTY,False,,False,,2025-09-15T08:34:41.874722+02:00,2025-09-15T16:59:26.770208+02:00,0.063107977,0.130897257,0.0,0.0,0.0,0.0,0.0,0.0,0.0,0.0,0.194005234
2025-09-15T15:00:00+02:00,WD_HOME,WD_HOME,False,EMPTY,EMPTY,False,,False,,2025-09-15T08:34:41.874722+02:00,2025-09-15T16:59:26.770208+02:00,0.062018802,0.130897257,0.0,0.0,0.0,0.0,0.0,0.0,0.0,0.0,0.192916059
2025-09-15T16:00:00+02:00,WD_HOME,WD_HOME,False,EMPTY,EMPTY,False,,False,,2025-09-15T08:34:41.874722+02:00,2025-09-15T16:59:26.770208+02:00,0.06118305,0.130897257,0.0,0.0,0.0,0.0,0.0,0.0,0.0,0.0,0.192080307
2025-09-15T17:00:00+02:00,WD_HOME,WD_HOME,False,EMPTY,FULL,False,,False,,2025-09-15T08:34:41.874722+02:00,2025-09-15T16:59:26.770208+02:00,0.060657674,0.130897257,0.0,0.0,0.0,0.0,0.0,0.0,0.0,0.0,0.191554931
2025-09-15T18:00:00+02:00,WD_HOME,WD_HOME,False,EMPTY,FULL,False,,False,,2025-09-15T08:34:41.874722+02:00,2025-09-15T16:59:26.770208+02:00,0.060478478,0.130897257,0.0,0.0,0.0,0.0,0.0,0.0,0.0,0.0,0.191375735
2025-09-15T19:00:00+02:00,WD_HOME,WD_HOME,False,EMPTY,FULL,False,,False,,2025-09-15T08:34:41.874722+02:00,2025-09-15T16:59:26.770208+02:00,0.060657674,0.130897257,2.81408967,0.0,0.0,0.0,0.0,0.017735802,0.0,0.0,3.023380403
2025-09-15T20:00:00+02:00,WD_HOME,WD_HOME,False,EMPTY,FULL,False,,False,,2025-09-15T08:34:41.874722+02:00,2025-09-15T16:59:26.770208+02:00,0.06118305,0.130897257,2.867759323,0.0,0.0,0.0,0.16822502,0.0,0.0,0.0,3.22806465
2025-09-15T21:00:00+02:00,WD_HOME,WD_HOME,False,EMPTY,FULL,False,,False,,2025-09-15T08:34:41.874722+02:00,2025-09-15T16:59:26.770208+02:00,0.062018802,0.130897257,0.0,0.0,0.0,0.0,0.224168266,0.008172428,0.324982315,0.081245579,0.831484647
2025-09-15T22:00:00+02:00,WD_HOME,WD_HOME,False,EMPTY,FULL,False,,False,,2025-09-15T08:34:41.874722+02:00,2025-09-15T16:59:26.770208+02:00,0.063107977,0.130897257,0.0,0.162497901,0.0,0.0,0.038122149,0.0,0.324982315,0.081245579,0.800853178
2025-09-15T23:00:00+02:00,WD_HOME,WD_HOME,False,EMPTY,FULL,False,,False,,2025-09-15T08:34:41.874722+02:00,2025-09-15T16:59:26.770208+02:00,0.064376347,0.130897257,0.0,0.942784533,0.0,0.0,0.0,0.0,0.324982315,0.081245579,1.544286031
2025-09-16T00:00:00+02:00,WD_HOME,WD_HOME,False,PARTIAL,FULL,False,,False,,2025-09-16T08:56:36.302155+02:00,2025-09-16T18:12:16.305867+02:00,0.065737476,0.130897257,0.0,0.0,0.0,0.0,0.0,0.0,0.324982315,0.081245579,0.602862627
2025-09-16T01:00:00+02:00,WD_HOME,WD_HOME,False,PARTIAL,FULL,False,,False,,2025-09-16T08:56:36.302155+02:00,2025-09-16T18:12:16.305867+02:00,0.067098604,0.130897257,0.0,0.0,0.0,0.0,0.0,0.0,0.324982315,0.081245579,0.604223755
2025-09-16T02:00:00+02:00,WD_HOME,WD_HOME,False,PARTIAL,FULL,False,,False,,2025-09-16T08:56:36.302155+02:00,2025-09-16T18:12:16.305867+02:00,0.068366975,0.130897257,0.0,0.0,0.0,0.0,0.0,0.0,0.324982315,0.081245579,0.605492126
2025-09-16T03:00:00+02:00,WD_HOME,WD_HOME,False,PARTIAL,FULL,False,,False,,2025-09-16T08:56:36.302155+02:00,2025-09-16T18:12:16.305867+02:00,0.069456149,0.130897257,0.0,0.0,0.0,0.0,0.0,0.0,0.324982315,0.081245579,0.6065813
2025-09-16T04:00:00+02:00,WD_HOME,WD_HOME,False,PARTIAL,FULL,False,,False,,2025-09-16T08:56:36.302155+02:00,2025-09-16T18:12:16.305867+02:00,0.070291902,0.130897257,0.0,0.0,0.0,0.0,0.0,0.0,0.324982315,0.081245579,0.607417053
2025-09-16T05:00:00+02:00,WD_HOME,WD_HOME,False,PARTIAL,FULL,False,,False,,2025-09-16T08:56:36.302155+02:00,2025-09-16T18:12:16.305867+02:00,0.070817278,0.130897257,0.0,0.0,0.0,0.0,0.0,0.0,0.324982315,0.081245579,0.607942429
2025-09-16T06:00:00+02:00,WD_HOME,WD_HOME,False,PARTIAL,FULL,False,,False,,2025-09-16T08:56:36.302155+02:00,2025-09-16T18:12:16.305867+02:00,0.070996474,0.130897257,0.0,0.0,0.0,0.0,0.0,0.0,0.324982315,0.081245579,0.608121625
2025-09-16T07:00:00+02:00,WD_HOME,WD_HOME,False,PARTIAL,FULL,False,,False,,2025-09-16T08:56:36.302155+02:00,2025-09-16T18:12:16.305867+02:00,0.070817278,0.130897257,0.0,0.0,0.0,0.0,0.0,0.0,0.324982315,0.081245579,0.607942429
2025-09-16T08:00:00+02:00,WD_HOME,WD_HOME,False,PARTIAL,FULL,False,,False,,2025-09-16T08:56:36.302155+02:00,2025-09-16T18:12:16.305867+02:00,0.070291902,0.130897257,0.0,0.0,0.0,0.0,0.0,0.0,0.0,0.0,0.201189159
2025-09-16T09:00:00+02:00,WD_HOME,WD_HOME,False,PARTIAL,PARTIAL,False,,False,,2025-09-16T08:56:36.302155+02:00,2025-09-16T18:12:16.305867+02:00,0.069456149,0.130897257,0.0,0.0,0.0,0.0,0.0,0.0,0.0,0.0,0.200353406
2025-09-16T10:00:00+02:00,WD_HOME,WD_HOME,False,PARTIAL,PARTIAL,False,,False,,2025-09-16T08:56:36.302155+02:00,2025-09-16T18:12:16.305867+02:00,0.068366975,0.130897257,0.0,0.0,0.0,0.0,0.0,0.0,0.0,0.0,0.199264232
2025-09-16T11:00:00+02:00,WD_HOME,WD_HOME,False,PARTIAL,PARTIAL,False,,False,,2025-09-16T08:56:36.302155+02:00,2025-09-16T18:12:16.305867+02:00,0.067098604,0.130897257,0.0,0.0,0.0,0.0,0.0,0.0,0.0,0.0,0.197995861
2025-09-16T12:00:00+02:00,WD_HOME,WD_HOME,False,PARTIAL,PARTIAL,False,,False,,2025-09-16T08:56:36.302155+02:00,2025-09-16T18:12:16.305867+02:00,0.065737476,0.130897257,0.0,0.0,0.0,0.0,0.033371994,0.0,0.0,0.0,0.230006727
2025-09-16T13:00:00+02:00,WD_HOME,WD_HOME,False,PARTIAL,PARTIAL,False,,False,,2025-09-16T08:56:36.302155+02:00,2025-09-16T18:12:16.305867+02:00,0.064376347,0.130897257,0.0,0.0,0.0,0.0,0.224168266,0.0,0.0,0.0,0.41944187
2025-09-16T14:00:00+02:00,WD_HOME,WD_HOME,False,PARTIAL,PARTIAL,False,,False,,2025-09-16T08:56:36.302155+02:00,2025-09-16T18:12:16.305867+02:00,0.063107977,0.130897257,0.0,0.0,0.0,0.0,0.224168266,0.0,0.0,0.0,0.4181735
2025-09-16T15:00:00+02:00,WD_HOME,WD_HOME,False,PARTIAL,PARTIAL,False,,False,,2025-09-16T08:56:36.302155+02:00,2025-09-16T18:12:16.305867+02:00,0.062018802,0.130897257,0.0,0.0,0.0,0.0,0.140403912,0.0,0.0,0.0,0.333319971
2025-09-16T16:00:00+02:00,WD_HOME,WD_HOME,False,PARTIAL,PARTIAL,False,,False,,2025-09-16T08:56:36.302155+02:00,2025-09-16T18:12:16.305867+02:00,0.06118305,0.130897257,0.0,0.0,0.0,0.0,0.0,0.0,0.0,0.0,0.192080307
2025-09-16T17:00:00+02:00,WD_HOME,WD_HOME,False,PARTIAL,PARTIAL,False,,False,,2025-09-16T08:56:36.302155+02:00,2025-09-16T18:12:16.305867+02:00,0.060657674,0.130897257,0.0,0.0,0.0,0.0,0.0,0.0,0.0,0.0,0.191554931
2025-09-16T18:00:00+02:00,WD_HOME,WD_HOME,False,PARTIAL,FULL,False,,False,,2025-09-16T08:56:36.302155+02:00,2025-09-16T18:12:16.305867+02:00,0.060478478,0.130897257,1.052022142,0.0,0.0,0.0,0.0,0.0,0.0,0.0,1.243397877
2025-09-16T19:00:00+02:00,WD_HOME,WD_HOME,False,PARTIAL,FULL,False,,False,,2025-09-16T08:56:36.302155+02:00,2025-09-16T18:12:16.305867+02:00,0.060657674,0.130897257,1.489490005,0.0,0.0,0.0,0.147029528,0.0,0.0,0.0,1.828074464
2025-09-16T20:00:00+02:00,WD_HOME,WD_HOME,False,PARTIAL,FULL,False,,False,,2025-09-16T08:56:36.302155+02:00,2025-09-16T18:12:16.305867+02:00,0.06118305,0.130897257,0.0,0.0,0.0,0.0,0.415716855,0.005134507,0.0,0.0,0.612931669
2025-09-16T21:00:00+02:00,WD_HOME,WD_HOME,False,PARTIAL,FULL,False,,False,,2025-09-16T08:56:36.302155+02:00,2025-09-16T18:12:16.305867+02:00,0.062018802,0.130897257,0.0,0.0,0.0,0.0,0.22514431,0.0,0.324982315,0.081245579,0.824288263
2025-09-16T22:00:00+02:00,WD_HOME,WD_HOME,False,PARTIAL,FULL,False,,False,,2025-09-16T08:56:36.302155+02:00,2025-09-16T18:12:16.305867+02:00,0.063107977,0.130897257,0.0,0.204123157,0.0,0.0,0.0,0.0,0.324982315,0.081245579,0.804356285
2025-09-16T23:00:00+02:00,WD_HOME,WD_HOME,False,PARTIAL,FULL,False,,False,,2025-09-16T08:56:36.302155+02:00,2025-09-16T18:12:16.305867+02:00,0.064376347,0.130897257,0.0,0.799544692,0.0,0.0,0.0,0.037733896,0.324982315,0.081245579,1.438780086
2025-09-17T00:00:00+02:00,WD_HOME,WD_HOME,False,FULL,FULL,False,,False,,,,0.065737476,0.130897257,0.0,0.0,0.0,0.0,0.0,0.0,0.324982315,0.081245579,0.602862627
2025-09-17T01:00:00+02:00,WD_HOME,WD_HOME,False,FULL,FULL,False,,False,,,,0.067098604,0.130897257,0.0,0.0,0.0,0.0,0.0,0.0,0.324982315,0.081245579,0.604223755
2025-09-17T02:00:00+02:00,WD_HOME,WD_HOME,False,FULL,FULL,False,,False,,,,0.068366975,0.130897257,0.0,0.0,0.0,0.0,0.0,0.0,0.324982315,0.081245579,0.605492126
2025-09-17T03:00:00+02:00,WD_HOME,WD_HOME,False,FULL,FULL,False,,False,,,,0.069456149,0.130897257,0.0,0.0,0.0,0.0,0.0,0.0,0.324982315,0.081245579,0.6065813
2025-09-17T04:00:00+02:00,WD_HOME,WD_HOME,False,FULL,FULL,False,,False,,,,0.070291902,0.130897257,0.0,0.0,0.0,0.0,0.0,0.0,0.324982315,0.081245579,0.607417053
2025-09-17T05:00:00+02:00,WD_HOME,WD_HOME,False,FULL,FULL,False,,False,,,,0.070817278,0.130897257,0.0,0.0,0.0,0.0,0.0,0.0,0.324982315,0.081245579,0.607942429
2025-09-17T06:00:00+02:00,WD_HOME,WD_HOME,False,FULL,FULL,False,,False,,,,0.070996474,0.130897257,0.0,0.0,0.0,0.0,0.0,0.0,0.324982315,0.081245579,0.608121625
2025-09-17T07:00:00+02:00,WD_HOME,WD_HOME,False,FULL,FULL,False,,False,,,,0.070817278,0.130897257,0.0,0.0,0.0,0.0,0.0,0.0,0.324982315,0.081245579,0.607942429
2025-09-17T08:00:00+02:00,WD_HOME,WD_HOME,False,FULL,FULL,False,,False,,,,0.070291902,0.130897257,1.381968252,0.0,0.0,0.0,0.0,0.0,0.0,0.0,1.583157411
2025-09-17T09:00:00+02:00,WD_HOME,WD_HOME,False,FULL,FULL,False,,False,,,,0.069456149,0.130897257,0.0,0.0,0.0,0.0,0.0,0.0,0.0,0.0,0.200353406
2025-09-17T10:00:00+02:00,WD_HOME,WD_HOME,False,FULL,FULL,False,,False,,,,0.068366975,0.130897257,0.0,0.0,0.0,0.0,0.0,0.0,0.0,0.0,0.199264232
2025-09-17T11:00:00+02:00,WD_HOME,WD_HOME,False,FULL,FULL,False,,False,,,,0.067098604,0.130897257,0.0,0.0,0.0,0.0,0.0,0.0,0.0,0.0,0.197995861
2025-09-17T12:00:00+02:00,WD_HOME,WD_HOME,False,FULL,FULL,False,,False,,,,0.065737476,0.130897257,0.0,0.0,0.0,0.0,0.0,0.0,0.0,0.0,0.196634733
2025-09-17T13:00:00+02:00,WD_HOME,WD_HOME,False,FULL,FULL,False,,False,,,,0.064376347,0.130897257,0.0,0.0,0.0,0.0,0.0,0.0,0.0,0.0,0.195273604
2025-09-17T14:00:00+02:00,WD_HOME,WD_HOME,False,FULL,FULL,False,,False,,,,0.063107977,0.130897257,0.0,0.0,0.0,0.0,0.0,0.0,0.0,0.0,0.194005234
2025-09-17T15:00:00+02:00,WD_HOME,WD_HOME,False,FULL,FULL,False,,False,,,,0.062018802,0.130897257,0.0,0.0,0.0,0.0,0.0,0.0,0.0,0.0,0.192916059
2025-09-17T16:00:00+02:00,WD_HOME,WD_HOME,False,FULL,FULL,False,,False,,,,0.06118305,0.130897257,0.0,0.0,0.0,0.0,0.0,0.0,0.0,0.0,0.192080307
2025-09-17T17:00:00+02:00,WD_HOME,WD_HOME,False,FULL,FULL,False,,False,,,,0.060657674,0.130897257,0.0,0.0,0.0,0.0,0.0,0.0,0.0,0.0,0.191554931
2025-09-17T18:00:00+02:00,WD_HOME,WD_HOME,False,FULL,FULL,False,,False,,,,0.060478478,0.130897257,0.0,0.0,0.0,0.0,0.0,0.025614141,0.0,0.0,0.216989876
2025-09-17T19:00:00+02:00,WD_HOME,WD_HOME,False,FULL,FULL,False,,False,,,,0.060657674,0.130897257,0.0,0.0,0.0,0.0,0.0,0.005975645,0.0,0.0,0.197530576
2025-09-17T20:00:00+02:00,WD_HOME,WD_HOME,False,FULL,FULL,False,,False,,,,0.06118305,0.130897257,1.269159412,0.0,0.0,0.0,0.0,0.008615082,0.0,0.0,1.469854801
2025-09-17T21:00:00+02:00,WD_HOME,WD_HOME,False,FULL,FULL,False,,False,,,,0.062018802,0.130897257,0.873431432,0.326854771,0.0,0.0,0.0,0.0,0.324982315,0.081245579,1.799430156
2025-09-17T22:00:00+02:00,WD_HOME,WD_HOME,False,FULL,FULL,False,,False,,,,0.063107977,0.130897257,0.0,0.719594723,0.0,0.0,0.0,0.0,0.324982315,0.081245579,1.319827851
2025-09-17T23:00:00+02:00,WD_HOME,WD_HOME,False,FULL,FULL,False,,False,,,,0.064376347,0.130897257,0.0,0.0,0.0,0.0,0.0,0.0,0.324982315,0.081245579,0.601501498
2025-09-18T00:00:00+02:00,WD_HOME,WD_HOME,False,EMPTY,FULL,False,,False,,2025-09-18T08:53:27.445693+02:00,2025-09-18T18:00:41.673774+02:00,0.065737476,0.130897257,0.0,0.0,0.0,0.0,0.0,0.0,0.324982315,0.081245579,0.602862627
2025-09-18T01:00:00+02:00,WD_HOME,WD_HOME,False,EMPTY,FULL,False,,False,,2025-09-18T08:53:27.445693+02:00,2025-09-18T18:00:41.673774+02:00,0.067098604,0.130897257,0.0,0.0,0.0,0.0,0.0,0.0,0.324982315,0.081245579,0.604223755
2025-09-18T02:00:00+02:00,WD_HOME,WD_HOME,False,EMPTY,FULL,False,,False,,2025-09-18T08:53:27.445693+02:00,2025-09-18T18:00:41.673774+02:00,0.068366975,0.130897257,0.0,0.0,0.0,0.0,0.0,0.0,0.324982315,0.081245579,0.605492126
2025-09-18T03:00:00+02:00,WD_HOME,WD_HOME,False,EMPTY,FULL,False,,False,,2025-09-18T08:53:27.445693+02:00,2025-09-18T18:00:41.673774+02:00,0.069456149,0.130897257,0.0,0.0,0.0,0.0,0.0,0.0,0.324982315,0.081245579,0.6065813
2025-09-18T04:00:00+02:00,WD_HOME,WD_HOME,False,EMPTY,FULL,False,,False,,2025-09-18T08:53:27.445693+02:00,2025-09-18T18:00:41.673774+02:00,0.070291902,0.130897257,0.0,0.0,0.0,0.0,0.0,0.0,0.324982315,0.081245579,0.607417053
2025-09-18T05:00:00+02:00,WD_HOME,WD_HOME,False,EMPTY,FULL,False,,False,,2025-09-18T08:53:27.445693+02:00,2025-09-18T18:00:41.673774+02:00,0.070817278,0.130897257,0.0,0.0,0.0,0.0,0.0,0.0,0.324982315,0.081245579,0.607942429
2025-09-18T06:00:00+02:00,WD_HOME,WD_HOME,False,EMPTY,FULL,False,,False,,2025-09-18T08:53:27.445693+02:00,2025-09-18T18:00:41.673774+02:00,0.070996474,0.130897257,0.0,0.0,0.0,0.0,0.0,0.0,0.324982315,0.081245579,0.608121625
2025-09-18T07:00:00+02:00,WD_HOME,WD_HOME,False,EMPTY,FULL,False,,False,,2025-09-18T08:53:27.445693+02:00,2025-09-18T18:00:41.673774+02:00,0.070817278,0.130897257,0.020593621,0.0,0.0,0.0,0.0,0.0,0.324982315,0.081245579,0.62853605
2025-09-18T08:00:00+02:00,WD_HOME,WD_HOME,False,EMPTY,FULL,False,,False,,2025-09-18T08:53:27.445693+02:00,2025-09-18T18:00:41.673774+02:00,0.070291902,0.130897257,1.057081824,0.0,0.0,0.0,0.0,0.0,0.0,0.0,1.258270983
2025-09-18T09:00:00+02:00,WD_HOME,WD_HOME,False,EMPTY,EMPTY,False,,False,,2025-09-18T08:53:27.445693+02:00,2025-09-18T18:00:41.673774+02:00,0.069456149,0.130897257,0.0,0.0,0.0,0.0,0.0,0.0,0.0,0.0,0.200353406
2025-09-18T10:00:00+02:00,WD_HOME,WD_HOME,False,EMPTY,EMPTY,False,,False,,2025-09-18T08:53:27.445693+02:00,2025-09-18T18:00:41.673774+02:00,0.068366975,0.130897257,0.0,0.0,0.0,0.0,0.0,0.0,0.0,0.0,0.199264232
2025-09-18T11:00:00+02:00,WD_HOME,WD_HOME,False,EMPTY,EMPTY,False,,False,,2025-09-18T08:53:27.445693+02:00,2025-09-18T18:00:41.673774+02:00,0.067098604,0.130897257,0.0,0.0,0.0,0.0,0.0,0.0,0.0,0.0,0.197995861
2025-09-18T12:00:00+02:00,WD_HOME,WD_HOME,False,EMPTY,EMPTY,False,,False,,2025-09-18T08:53:27.445693+02:00,2025-09-18T18:00:41.673774+02:00,0.065737476,0.130897257,0.0,0.0,0.0,0.0,0.0,0.0,0.0,0.0,0.196634733
2025-09-18T13:00:00+02:00,WD_HOME,WD_HOME,False,EMPTY,EMPTY,False,,False,,2025-09-18T08:53:27.445693+02:00,2025-09-18T18:00:41.673774+02:00,0.064376347,0.130897257,0.0,0.0,0.0,0.0,0.0,0.0,0.0,0.0,0.195273604
2025-09-18T14:00:00+02:00,WD_HOME,WD_HOME,False,EMPTY,EMPTY,False,,False,,2025-09-18T08:53:27.445693+02:00,2025-09-18T18:00:41.673774+02:00,0.063107977,0.130897257,0.0,0.0,0.0,0.0,0.0,0.0,0.0,0.0,0.194005234
2025-09-18T15:00:00+02:00,WD_HOME,WD_HOME,False,EMPTY,EMPTY,False,,False,,2025-09-18T08:53:27.445693+02:00,2025-09-18T18:00:41.673774+02:00,0.062018802,0.130897257,0.0,0.0,0.0,0.0,0.0,0.0,0.0,0.0,0.192916059
2025-09-18T16:00:00+02:00,WD_HOME,WD_HOME,False,EMPTY,EMPTY,False,,False,,2025-09-18T08:53:27.445693+02:00,2025-09-18T18:00:41.673774+02:00,0.06118305,0.130897257,0.0,0.0,0.0,0.0,0.0,0.0,0.0,0.0,0.192080307
2025-09-18T17:00:00+02:00,WD_HOME,WD_HOME,False,EMPTY,EMPTY,False,,False,,2025-09-18T08:53:27.445693+02:00,2025-09-18T18:00:41.673774+02:00,0.060657674,0.130897257,0.0,0.0,0.0,0.0,0.0,0.0,0.0,0.0,0.191554931
2025-09-18T18:00:00+02:00,WD_HOME,WD_HOME,False,EMPTY,FULL,False,,False,,2025-09-18T08:53:27.445693+02:00,2025-09-18T18:00:41.673774+02:00,0.060478478,0.130897257,0.0,0.0,0.0,0.0,0.0,0.013888272,0.0,0.0,0.205264007
2025-09-18T19:00:00+02:00,WD_HOME,WD_HOME,False,EMPTY,FULL,False,,False,,2025-09-18T08:53:27.445693+02:00,2025-09-18T18:00:41.673774+02:00,0.060657674,0.130897257,0.757296889,0.0,0.0,0.0,0.212419379,0.0,0.0,0.0,1.161271199
2025-09-18T20:00:00+02:00,WD_HOME,WD_HOME,False,EMPTY,FULL,False,,False,,2025-09-18T08:53:27.445693+02:00,2025-09-18T18:00:41.673774+02:00,0.06118305,0.130897257,2.009027414,0.0,0.0,0.0,0.415716855,0.0,0.0,0.0,2.616824576
2025-09-18T21:00:00+02:00,WD_HOME,WD_HOME,False,EMPTY,FULL,False,,False,,2025-09-18T08:53:27.445693+02:00,2025-09-18T18:00:41.673774+02:00,0.062018802,0.130897257,0.125504351,0.0,0.0,0.0,0.299236025,0.0,0.324982315,0.081245579,1.023884329
2025-09-18T22:00:00+02:00,WD_HOME,WD_HOME,False,EMPTY,FULL,False,,False,,2025-09-18T08:53:27.445693+02:00,2025-09-18T18:00:41.673774+02:00,0.063107977,0.130897257,0.0,0.0,0.0,0.0,0.0,0.011068563,0.324982315,0.081245579,0.611301691
2025-09-18T23:00:00+02:00,WD_HOME,WD_HOME,False,EMPTY,FULL,False,,False,,2025-09-18T08:53:27.445693+02:00,2025-09-18T18:00:41.673774+02:00,0.064376347,0.130897257,0.0,0.0,0.0,0.0,0.0,0.0,0.324982315,0.081245579,0.601501498
2025-09-19T00:00:00+02:00,WD_HOME,WD_HOME,False,PARTIAL,FULL,False,,False,,2025-09-19T08:40:20.294730+02:00,2025-09-19T18:28:31.669764+02:00,0.065737476,0.130897257,0.0,0.0,0.0,0.0,0.0,0.0,0.324982315,0.081245579,0.602862627
2025-09-19T01:00:00+02:00,WD_HOME,WD_HOME,False,PARTIAL,FULL,False,,False,,2025-09-19T08:40:20.294730+02:00,2025-09-19T18:28:31.669764+02:00,0.067098604,0.130897257,0.0,0.0,0.0,0.0,0.0,0.0,0.324982315,0.081245579,0.604223755
2025-09-19T02:00:00+02:00,WD_HOME,WD_HOME,False,PARTIAL,FULL,False,,False,,2025-09-19T08:40:20.294730+02:00,2025-09-19T18:28:31.669764+02:00,0.068366975,0.130897257,0.0,0.0,0.0,0.0,0.0,0.0,0.324982315,0.081245579,0.605492126
2025-09-19T03:00:00+02:00,WD_HOME,WD_HOME,False,PARTIAL,FULL,False,,False,,2025-09-19T08:40:20.294730+02:00,2025-09-19T18:28:31.669764+02:00,0.069456149,0.130897257,0.0,0.0,0.0,0.0,0.0,0.0,0.324982315,0.081245579,0.6065813
2025-09-19T04:00:00+02:00,WD_HOME,WD_HOME,False,PARTIAL,FULL,False,,False,,2025-09-19T08:40:20.294730+02:00,2025-09-19T18:28:31.669764+02:00,0.070291902,0.130897257,0.0,0.0,0.0,0.0,0.0,0.0,0.324982315,0.081245579,0.607417053
2025-09-19T05:00:00+02:00,WD_HOME,WD_HOME,False,PARTIAL,FULL,False,,False,,2025-09-19T08:40:20.294730+02:00,2025-09-19T18:28:31.669764+02:00,0.070817278,0.130897257,0.0,0.0,0.0,0.0,0.0,0.0,0.324982315,0.081245579,0.607942429
2025-09-19T06:00:00+02:00,WD_HOME,WD_HOME,False,PARTIAL,FULL,False,,False,,2025-09-19T08:40:20.294730+02:00,2025-09-19T18:28:31.669764+02:00,0.070996474,0.130897257,0.0,0.0,0.0,0.0,0.0,0.0,0.324982315,0.081245579,0.608121625
2025-09-19T07:00:00+02:00,WD_HOME,WD_HOME,False,PARTIAL,FULL,False,,False,,2025-09-19T08:40:20.294730+02:00,2025-09-19T18:28:31.669764+02:00,0.070817278,0.130897257,0.0,0.0,0.0,0.0,0.0,0.0,0.324982315,0.081245579,0.607942429
2025-09-19T08:00:00+02:00,WD_HOME,WD_HOME,False,PARTIAL,FULL,False,,False,,2025-09-19T08:40:20.294730+02:00,2025-09-19T18:28:31.669764+02:00,0.070291902,0.130897257,0.0,0.0,0.0,0.0,0.0,0.0,0.0,0.0,0.201189159
2025-09-19T09:00:00+02:00,WD_HOME,WD_HOME,False,PARTIAL,PARTIAL,False,,False,,2025-09-19T08:40:20.294730+02:00,2025-09-19T18:28:31.669764+02:00,0.069456149,0.130897257,0.0,0.0,0.0,0.0,0.0,0.0,0.0,0.0,0.200353406
2025-09-19T10:00:00+02:00,WD_HOME,WD_HOME,False,PARTIAL,PARTIAL,False,,False,,2025-09-19T08:40:20.294730+02:00,2025-09-19T18:28:31.669764+02:00,0.068366975,0.130897257,0.0,0.0,0.0,0.0,0.0,0.0,0.0,0.0,0.199264232
2025-09-19T11:00:00+02:00,WD_HOME,WD_HOME,False,PARTIAL,PARTIAL,False,,False,,2025-09-19T08:40:20.294730+02:00,2025-09-19T18:28:31.669764+02:00,0.067098604,0.130897257,0.0,0.0,0.0,0.0,0.0,0.0,0.0,0.0,0.197995861
2025-09-19T12:00:00+02:00,WD_HOME,WD_HOME,False,PARTIAL,PARTIAL,False,,False,,2025-09-19T08:40:20.294730+02:00,2025-09-19T18:28:31.669764+02:00,0.065737476,0.130897257,0.0,0.0,0.0,0.0,0.0,0.0,0.0,0.0,0.196634733
2025-09-19T13:00:00+02:00,WD_HOME,WD_HOME,False,PARTIAL,PARTIAL,False,,False,,2025-09-19T08:40:20.294730+02:00,2025-09-19T18:28:31.669764+02:00,0.064376347,0.130897257,0.0,0.0,0.0,0.0,0.20038946,0.0,0.0,0.0,0.395663064
2025-09-19T14:00:00+02:00,WD_HOME,WD_HOME,False,PARTIAL,PARTIAL,False,,False,,2025-09-19T08:40:20.294730+02:00,2025-09-19T18:28:31.669764+02:00,0.063107977,0.130897257,0.0,0.0,0.0,0.0,0.105987376,0.0,0.0,0.0,0.29999261
2025-09-19T15:00:00+02:00,WD_HOME,WD_HOME,False,PARTIAL,PARTIAL,False,,False,,2025-09-19T08:40:20.294730+02:00,2025-09-19T18:28:31.669764+02:00,0.062018802,0.130897257,0.0,0.0,0.0,0.0,0.0,0.0,0.0,0.0,0.192916059
2025-09-19T16:00:00+02:00,WD_HOME,WD_HOME,False,PARTIAL,PARTIAL,False,,False,,2025-09-19T08:40:20.294730+02:00,2025-09-19T18:28:31.669764+02:00,0.06118305,0.130897257,0.0,0.0,0.0,0.0,0.0,0.0,0.0,0.0,0.192080307
2025-09-19T17:00:00+02:00,WD_HOME,WD_HOME,False,PARTIAL,PARTIAL,False,,False,,2025-09-19T08:40:20.294730+02:00,2025-09-19T18:28:31.669764+02:00,0.060657674,0.130897257,0.0,0.0,0.0,0.0,0.0,0.0,0.0,0.0,0.191554931
2025-09-19T18:00:00+02:00,WD_HOME,WD_HOME,False,PARTIAL,FULL,False,,False,,2025-09-19T08:40:20.294730+02:00,2025-09-19T18:28:31.669764+02:00,0.060478478,0.130897257,0.0,0.0,0.0,0.0,0.0,0.0,0.0,0.0,0.191375735
2025-09-19T19:00:00+02:00,WD_HOME,WD_HOME,False,PARTIAL,FULL,False,,False,,2025-09-19T08:40:20.294730+02:00,2025-09-19T18:28:31.669764+02:00,0.060657674,0.130897257,0.0,0.0,0.0,0.0,0.0,0.0,0.0,0.0,0.191554931
2025-09-19T20:00:00+02:00,WD_HOME,WD_HOME,False,PARTIAL,FULL,False,,False,,2025-09-19T08:40:20.294730+02:00,2025-09-19T18:28:31.669764+02:00,0.06118305,0.130897257,0.0,0.425982951,0.0,0.0,0.218373624,0.019314025,0.0,0.0,0.855750907
2025-09-19T21:00:00+02:00,WD_HOME,WD_HOME,False,PARTIAL,FULL,False,,False,,2025-09-19T08:40:20.294730+02:00,2025-09-19T18:28:31.669764+02:00,0.062018802,0.130897257,0.0,0.541784549,0.0,0.0,0.224168266,0.0,0.324982315,0.081245579,1.365096768
2025-09-19T22:00:00+02:00,WD_HOME,WD_HOME,False,PARTIAL,FULL,False,,False,,2025-09-19T08:40:20.294730+02:00,2025-09-19T18:28:31.669764+02:00,0.063107977,0.130897257,0.0,0.091089794,0.0,0.0,0.00115357,0.0,0.324982315,0.081245579,0.692476492
2025-09-19T23:00:00+02:00,WD_HOME,WD_HOME,False,PARTIAL,FULL,False,,False,,2025-09-19T08:40:20.294730+02:00,2025-09-19T18:28:31.669764+02:00,0.064376347,0.130897257,0.0,0.0,0.0,0.0,0.0,0.0,0.324982315,0.081245579,0.601501498
2025-09-20T00:00:00+02:00,WE_HOME,WE_HOME,True,PARTIAL,FULL,False,,False,,2025-09-20T11:04:36.115987+02:00,2025-09-20T17:47:22.026097+02:00,0.065737476,0.130897257,0.0,0.0,0.0,0.0,0.0,0.0,0.324982315,0.081245579,0.602862627
2025-09-20T01:00:00+02:00,WE_HOME,WE_HOME,True,PARTIAL,FULL,False,,False,,2025-09-20T11:04:36.115987+02:00,2025-09-20T17:47:22.026097+02:00,0.067098604,0.130897257,0.0,0.0,0.0,0.0,0.0,0.0,0.324982315,0.081245579,0.604223755
2025-09-20T02:00:00+02:00,WE_HOME,WE_HOME,True,PARTIAL,FULL,False,,False,,2025-09-20T11:04:36.115987+02:00,2025-09-20T17:47:22.026097+02:00,0.068366975,0.130897257,0.0,0.0,0.0,0.0,0.0,0.0,0.324982315,0.081245579,0.605492126
2025-09-20T03:00:00+02:00,WE_HOME,WE_HOME,True,PARTIAL,FULL,False,,False,,2025-09-20T11:04:36.115987+02:00,2025-09-20T17:47:22.026097+02:00,0.069456149,0.130897257,0.0,0.0,0.0,0.0,0.0,0.0,0.324982315,0.081245579,0.6065813
2025-09-20T04:00:00+02:00,WE_HOME,WE_HOME,True,PARTIAL,FULL,False,,False,,2025-09-20T11:04:36.115987+02:00,2025-09-20T17:47:22.026097+02:00,0.070291902,0.130897257,0.0,0.0,0.0,0.0,0.0,0.0,0.324982315,0.081245579,0.607417053
2025-09-20T05:00:00+02:00,WE_HOME,WE_HOME,True,PARTIAL,FULL,False,,False,,2025-09-20T11:04:36.115987+02:00,2025-09-20T17:47:22.026097+02:00,0.070817278,0.130897257,0.0,0.0,0.0,0.0,0.0,0.0,0.324982315,0.081245579,0.607942429
2025-09-20T06:00:00+02:00,WE_HOME,WE_HOME,True,PARTIAL,FULL,False,,False,,2025-09-20T11:04:36.115987+02:00,2025-09-20T17:47:22.026097+02:00,0.070996474,0.130897257,0.0,0.0,0.0,0.0,0.0,0.0,0.324982315,0.081245579,0.608121625
2025-09-20T07:00:00+02:00,WE_HOME,WE_HOME,True,PARTIAL,FULL,False,,False,,2025-09-20T11:04:36.115987+02:00,2025-09-20T17:47:22.026097+02:00,0.070817278,0.130897257,0.0,0.0,0.0,0.0,0.0,0.0,0.324982315,0.081245579,0.607942429
2025-09-20T08:00:00+02:00,WE_HOME,WE_HOME,True,PARTIAL,FULL,False,,False,,2025-09-20T11:04:36.115987+02:00,2025-09-20T17:47:22.026097+02:00,0.070291902,0.130897257,0.0,0.0,0.0,0.0,0.0,0.0,0.0,0.0,0.201189159
2025-09-20T09:00:00+02:00,WE_HOME,WE_HOME,True,PARTIAL,FULL,False,,False,,2025-09-20T11:04:36.115987+02:00,2025-09-20T17:47:22.026097+02:00,0.069456149,0.130897257,0.0,0.0,0.0,0.0,0.0,0.0,0.0,0.0,0.200353406
2025-09-20T10:00:00+02:00,WE_HOME,WE_HOME,True,PARTIAL,FULL,False,,False,,2025-09-20T11:04:36.115987+02:00,2025-09-20T17:47:22.026097+02:00,0.068366975,0.130897257,0.0,0.0,0.0,0.0,0.0,0.0,0.0,0.0,0.199264232
2025-09-20T11:00:00+02:00,WE_HOME,WE_HOME,True,PARTIAL,PARTIAL,False,,False,,2025-09-20T11:04:36.115987+02:00,2025-09-20T17:47:22.026097+02:00,0.067098604,0.130897257,0.0,0.0,0.0,0.0,0.0,0.0,0.0,0.0,0.197995861
2025-09-20T12:00:00+02:00,WE_HOME,WE_HOME,True,PARTIAL,PARTIAL,False,,False,,2025-09-20T11:04:36.115987+02:00,2025-09-20T17:47:22.026097+02:00,0.065737476,0.130897257,0.0,0.0,0.0,0.0,0.0,0.0,0.0,0.0,0.196634733
2025-09-20T13:00:00+02:00,WE_HOME,WE_HOME,True,PARTIAL,PARTIAL,False,,False,,2025-09-20T11:04:36.115987+02:00,2025-09-20T17:47:22.026097+02:00,0.064376347,0.130897257,0.0,0.0,0.0,0.0,0.0,0.0,0.0,0.0,0.195273604
2025-09-20T14:00:00+02:00,WE_HOME,WE_HOME,True,PARTIAL,PARTIAL,False,,False,,2025-09-20T11:04:36.115987+02:00,2025-09-20T17:47:22.026097+02:00,0.063107977,0.130897257,0.0,0.0,0.0,0.0,0.0,0.0,0.0,0.0,0.194005234
2025-09-20T15:00:00+02:00,WE_HOME,WE_HOME,True,PARTIAL,PARTIAL,False,,False,,2025-09-20T11:04:36.115987+02:00,2025-09-20T17:47:22.026097+02:00,0.062018802,0.130897257,0.0,0.0,0.0,0.0,0.0,0.0,0.0,0.0,0.192916059
2025-09-20T16:00:00+02:00,WE_HOME,WE_HOME,True,PARTIAL,PARTIAL,False,,False,,2025-09-20T11:04:36.115987+02:00,2025-09-20T17:47:22.026097+02:00,0.06118305,0.130897257,0.0,0.0,0.0,0.0,0.0,0.0,0.0,0.0,0.192080307
2025-09-20T17:00:00+02:00,WE_HOME,WE_HOME,True,PARTIAL,PARTIAL,False,,False,,2025-09-20T11:04:36.115987+02:00,2025-09-20T17:47:22.026097+02:00,0.060657674,0.130897257,0.0,0.0,0.0,0.0,0.0,0.0,0.0,0.0,0.191554931
2025-09-20T18:00:00+02:00,WE_HOME,WE_HOME,True,PARTIAL,FULL,False,,False,,2025-09-20T11:04:36.115987+02:00,2025-09-20T17:47:22.026097+02:00,0.060478478,0.130897257,0.0,0.0,0.0,0.0,0.0,0.0,0.0,0.0,0.191375735
2025-09-20T19:00:00+02:00,WE_HOME,WE_HOME,True,PARTIAL,FULL,False,,False,,2025-09-20T11:04:36.115987+02:00,2025-09-20T17:47:22.026097+02:00,0.060657674,0.130897257,0.0,0.0,0.0,0.0,0.0,0.0,0.0,0.0,0.191554931
2025-09-20T20:00:00+02:00,WE_HOME,WE_HOME,True,PARTIAL,FULL,False,,False,,2025-09-20T11:04:36.115987+02:00,2025-09-20T17:47:22.026097+02:00,0.06118305,0.130897257,1.692314168,0.449630998,0.0,0.0,0.199376446,0.011899626,0.0,0.0,2.545301545
2025-09-20T21:00:00+02:00,WE_HOME,WE_HOME,True,PARTIAL,FULL,False,,False,,2025-09-20T11:04:36.115987+02:00,2025-09-20T17:47:22.026097+02:00,0.062018802,0.130897257,0.602867585,0.532267225,0.0,0.0,0.05858823,0.011851709,0.324982315,0.081245579,1.804718702
2025-09-20T22:00:00+02:00,WE_HOME,WE_HOME,True,PARTIAL,FULL,False,,False,,2025-09-20T11:04:36.115987+02:00,2025-09-20T17:47:22.026097+02:00,0.063107977,0.130897257,0.0,0.065994883,0.0,0.0,0.0,0.0,0.324982315,0.081245579,0.666228011
2025-09-20T23:00:00+02:00,WE_HOME,WE_HOME,True,PARTIAL,FULL,False,,False,,2025-09-20T11:04:36.115987+02:00,2025-09-20T17:47:22.026097+02:00,0.064376347,0.130897257,0.0,0.0,0.0,0.0,0.0,0.015433406,0.324982315,0.081245579,0.616934904
2025-09-21T00:00:00+02:00,WE_HOME,WE_HOME,True,FULL,FULL,False,,False,,,,0.065737476,0.130897257,0.0,0.0,0.0,0.0,0.0,0.0,0.324982315,0.081245579,0.602862627
2025-09-21T01:00:00+02:00,WE_HOME,WE_HOME,True,FULL,FULL,False,,False,,,,0.067098604,0.130897257,0.0,0.0,0.0,0.0,0.0,0.0,0.324982315,0.081245579,0.604223755
2025-09-21T02:00:00+02:00,WE_HOME,WE_HOME,True,FULL,FULL,False,,False,,,,0.068366975,0.130897257,0.0,0.0,0.0,0.0,0.0,0.0,0.324982315,0.081245579,0.605492126
2025-09-21T03:00:00+02:00,WE_HOME,WE_HOME,True,FULL,FULL,False,,False,,,,0.069456149,0.130897257,0.0,0.0,0.0,0.0,0.0,0.0,0.324982315,0.081245579,0.6065813
2025-09-21T04:00:00+02:00,WE_HOME,WE_HOME,True,FULL,FULL,False,,False,,,,0.070291902,0.130897257,0.0,0.0,0.0,0.0,0.0,0.0,0.324982315,0.081245579,0.607417053
2025-09-21T05:00:00+02:00,WE_HOME,WE_HOME,True,FULL,FULL,False,,False,,,,0.070817278,0.130897257,0.0,0.0,0.0,0.0,0.0,0.0,0.324982315,0.081245579,0.607942429
2025-09-21T06:00:00+02:00,WE_HOME,WE_HOME,True,FULL,FULL,False,,False,,,,0.070996474,0.130897257,0.0,0.0,0.0,0.0,0.0,0.0,0.324982315,0.081245579,0.608121625
2025-09-21T07:00:00+02:00,WE_HOME,WE_HOME,True,FULL,FULL,False,,False,,,,0.070817278,0.130897257,0.0,0.0,0.0,0.0,0.0,0.0,0.324982315,0.081245579,0.607942429
2025-09-21T08:00:00+02:00,WE_HOME,WE_HOME,True,FULL,FULL,False,,False,,,,0.070291902,0.130897257,0.586313685,0.0,0.0,0.0,0.0,0.0,0.0,0.0,0.787502844
2025-09-21T09:00:00+02:00,WE_HOME,WE_HOME,True,FULL,FULL,False,,False,,,,0.069456149,0.130897257,0.0,0.0,0.0,0.0,0.0,0.0,0.0,0.0,0.200353406
2025-09-21T10:00:00+02:00,WE_HOME,WE_HOME,True,FULL,FULL,False,,False,,,,0.068366975,0.130897257,0.0,0.0,0.0,0.0,0.0,0.0,0.0,0.0,0.199264232
2025-09-21T11:00:00+02:00,WE_HOME,WE_HOME,True,FULL,FULL,False,,False,,,,0.067098604,0.130897257,0.0,0.0,0.0,0.0,0.0,0.0,0.0,0.0,0.197995861
2025-09-21T12:00:00+02:00,WE_HOME,WE_HOME,True,FULL,FULL,False,,False,,,,0.065737476,0.130897257,0.0,0.0,0.0,0.0,0.0,0.0,0.0,0.0,0.196634733
2025-09-21T13:00:00+02:00,WE_HOME,WE_HOME,True,FULL,FULL,False,,False,,,,0.064376347,0.130897257,0.0,0.0,0.0,0.0,0.149627841,0.0,0.0,0.0,0.344901445
2025-09-21T14:00:00+02:00,WE_HOME,WE_HOME,True,FULL,FULL,False,,False,,,,0.063107977,0.130897257,0.0,0.0,0.0,0.0,0.224168266,0.0,0.0,0.0,0.4181735
2025-09-21T15:00:00+02:00,WE_HOME,WE_HOME,True,FULL,FULL,False,,False,,,,0.062018802,0.130897257,0.0,0.0,0.0,0.0,0.024355727,0.0,0.0,0.0,0.217271786
2025-09-21T16:00:00+02:00,WE_HOME,WE_HOME,True,FULL,FULL,False,,False,,,,0.06118305,0.130897257,0.0,0.0,0.0,0.0,0.0,0.0,0.0,0.0,0.192080307
2025-09-21T17:00:00+02:00,WE_HOME,WE_HOME,True,FULL,FULL,False,,False,,,,0.060657674,0.130897257,0.0,0.0,0.0,0.0,0.0,0.0,0.0,0.0,0.191554931
2025-09-21T18:00:00+02:00,WE_HOME,WE_HOME,True,FULL,FULL,False,,False,,,,0.060478478,0.130897257,0.0,0.0,0.0,0.0,0.0,0.0,0.0,0.0,0.191375735
2025-09-21T19:00:00+02:00,WE_HOME,WE_HOME,True,FULL,FULL,False,,False,,,,0.060657674,0.130897257,1.142281095,0.0,0.0,0.0,0.182822912,0.01665237,0.0,0.0,1.533311308
2025-09-21T20:00:00+02:00,WE_HOME,WE_HOME,True,FULL,FULL,False,,False,,,,0.06118305,0.130897257,0.0,0.394997975,0.0,0.0,0.191548588,0.0,0.0,0.0,0.77862687
2025-09-21T21:00:00+02:00,WE_HOME,WE_HOME,True,FULL,FULL,False,,False,,,,0.062018802,0.130897257,0.0,0.696578625,0.0,0.0,0.172586007,0.016090919,0.324982315,0.081245579,1.484399504
2025-09-21T22:00:00+02:00,WE_HOME,WE_HOME,True,FULL,FULL,False,,False,,,,0.063107977,0.130897257,0.0,0.038509569,0.0,0.0,0.0,0.0,0.324982315,0.081245579,0.638742697
2025-09-21T23:00:00+02:00,WE_HOME,WE_HOME,True,FULL,FULL,False,,False,,,,0.064376347,0.130897257,0.0,0.0,0.0,0.0,0.0,0.027187774,0.324982315,0.081245579,0.628689272
2025-09-22T00:00:00+02:00,WD_HOME,WD_HOME,False,EMPTY,FULL,False,,False,,2025-09-22T08:35:19.767874+02:00,2025-09-22T16:46:36.617624+02:00,0.065737476,0.130897257,0.0,0.0,0.0,0.0,0.0,0.0,0.324982315,0.081245579,0.602862627
2025-09-22T01:00:00+02:00,WD_HOME,WD_HOME,False,EMPTY,FULL,False,,False,,2025-09-22T08:35:19.767874+02:00,2025-09-22T16:46:36.617624+02:00,0.067098604,0.130897257,0.0,0.0,0.0,0.0,0.0,0.0,0.324982315,0.081245579,0.604223755
2025-09-22T02:00:00+02:00,WD_HOME,WD_HOME,False,EMPTY,FULL,False,,False,,2025-09-22T08:35:19.767874+02:00,2025-09-22T16:46:36.617624+02:00,0.068366975,0.130897257,0.0,0.0,0.0,0.0,0.0,0.0,0.324982315,0.081245579,0.605492126
2025-09-22T03:00:00+02:00,WD_HOME,WD_HOME,False,EMPTY,FULL,False,,False,,2025-09-22T08:35:19.767874+02:00,2025-09-22T16:46:36.617624+02:00,0.069456149,0.130897257,0.0,0.0,0.0,0.0,0.0,0.0,0.324982315,0.081245579,0.6065813
2025-09-22T04:00:00+02:00,WD_HOME,WD_HOME,False,EMPTY,FULL,False,,False,,2025-09-22T08:35:19.767874+02:00,2025-09-22T16:46:36.617624+02:00,0.070291902,0.130897257,0.0,0.0,0.0,0.0,0.0,0.0,0.324982315,0.081245579,0.607417053
2025-09-22T05:00:00+02:00,WD_HOME,WD_HOME,False,EMPTY,FULL,False,,False,,2025-09-22T08:35:19.767874+02:00,2025-09-22T16:46:36.617624+02:00,0.070817278,0.130897257,0.0,0.0,0.0,0.0,0.0,0.0,0.324982315,0.081245579,0.607942429
2025-09-22T06:00:00+02:00,WD_HOME,WD_HOME,False,EMPTY,FULL,False,,False,,2025-09-22T08:35:19.767874+02:00,2025-09-22T16:46:36.617624+02:00,0.070996474,0.130897257,0.573752189,0.0,0.0,0.0,0.0,0.0,0.324982315,0.081245579,1.181873814
2025-09-22T07:00:00+02:00,WD_HOME,WD_HOME,False,EMPTY,FULL,False,,False,,2025-09-22T08:35:19.767874+02:00,2025-09-22T16:46:36.617624+02:00,0.070817278,0.130897257,1.299021052,0.0,0.0,0.0,0.0,0.0,0.324982315,0.081245579,1.906963481
2025-09-22T08:00:00+02:00,WD_HOME,WD_HOME,False,EMPTY,FULL,False,,False,,2025-09-22T08:35:19.767874+02:00,2025-09-22T16:46:36.617624+02:00,0.070291902,0.130897257,0.0,0.0,0.0,0.0,0.0,0.0,0.0,0.0,0.201189159
2025-09-22T09:00:00+02:00,WD_HOME,WD_HOME,False,EMPTY,EMPTY,False,,False,,2025-09-22T08:35:19.767874+02:00,2025-09-22T16:46:36.617624+02:00,0.069456149,0.130897257,0.0,0.0,0.0,0.0,0.0,0.0,0.0,0.0,0.200353406
2025-09-22T10:00:00+02:00,WD_HOME,WD_HOME,False,EMPTY,EMPTY,False,,False,,2025-09-22T08:35:19.767874+02:00,2025-09-22T16:46:36.617624+02:00,0.068366975,0.130897257,0.0,0.0,0.0,0.0,0.0,0.0,0.0,0.0,0.199264232
2025-09-22T11:00:00+02:00,WD_HOME,WD_HOME,False,EMPTY,EMPTY,False,,False,,2025-09-22T08:35:19.767874+02:00,2025-09-22T16:46:36.617624+02:00,0.067098604,0.130897257,0.0,0.0,0.0,0.0,0.0,0.0,0.0,0.0,0.197995861
2025-09-22T12:00:00+02:00,WD_HOME,WD_HOME,False,EMPTY,EMPTY,False,,False,,2025-09-22T08:35:19.767874+02:00,2025-09-22T16:46:36.617624+02:00,0.065737476,0.130897257,0.0,0.0,0.0,0.0,0.0,0.0,0.0,0.0,0.196634733
2025-09-22T13:00:00+02:00,WD_HOME,WD_HOME,False,EMPTY,EMPTY,False,,False,,2025-09-22T08:35:19.767874+02:00,2025-09-22T16:46:36.617624+02:00,0.064376347,0.130897257,0.0,0.0,0.0,0.0,0.0,0.0,0.0,0.0,0.195273604
2025-09-22T14:00:00+02:00,WD_HOME,WD_HOME,False,EMPTY,EMPTY,False,,False,,2025-09-22T08:35:19.767874+02:00,2025-09-22T16:46:36.617624+02:00,0.063107977,0.130897257,0.0,0.0,0.0,0.0,0.0,0.0,0.0,0.0,0.194005234
2025-09-22T15:00:00+02:00,WD_HOME,WD_HOME,False,EMPTY,EMPTY,False,,False,,2025-09-22T08:35:19.767874+02:00,2025-09-22T16:46:36.617624+02:00,0.062018802,0.130897257,0.0,0.0,0.0,0.0,0.0,0.0,0.0,0.0,0.192916059
2025-09-22T16:00:00+02:00,WD_HOME,WD_HOME,False,EMPTY,EMPTY,False,,False,,2025-09-22T08:35:19.767874+02:00,2025-09-22T16:46:36.617624+02:00,0.06118305,0.130897257,0.0,0.0,0.0,0.0,0.0,0.0,0.0,0.0,0.192080307
2025-09-22T17:00:00+02:00,WD_HOME,WD_HOME,False,EMPTY,FULL,False,,False,,2025-09-22T08:35:19.767874+02:00,2025-09-22T16:46:36.617624+02:00,0.060657674,0.130897257,0.0,0.0,0.0,0.0,0.0,0.0,0.0,0.0,0.191554931
2025-09-22T18:00:00+02:00,WD_HOME,WD_HOME,False,EMPTY,FULL,False,,False,,2025-09-22T08:35:19.767874+02:00,2025-09-22T16:46:36.617624+02:00,0.060478478,0.130897257,0.0,0.0,0.0,0.0,0.0,0.0,0.0,0.0,0.191375735
2025-09-22T19:00:00+02:00,WD_HOME,WD_HOME,False,EMPTY,FULL,False,,False,,2025-09-22T08:35:19.767874+02:00,2025-09-22T16:46:36.617624+02:00,0.060657674,0.130897257,0.339340645,0.0,0.0,0.0,0.040961967,0.036279511,0.0,0.0,0.608137054
2025-09-22T20:00:00+02:00,WD_HOME,WD_HOME,False,EMPTY,FULL,False,,False,,2025-09-22T08:35:19.767874+02:00,2025-09-22T16:46:36.617624+02:00,0.06118305,0.130897257,2.261633398,0.0,0.0,0.0,0.224168266,0.0,0.0,0.0,2.677881971
2025-09-22T21:00:00+02:00,WD_HOME,WD_HOME,False,EMPTY,FULL,False,,False,,2025-09-22T08:35:19.767874+02:00,2025-09-22T16:46:36.617624+02:00,0.062018802,0.130897257,0.240365061,0.0,0.0,0.0,0.224168266,0.019212574,0.324982315,0.081245579,1.082889854
2025-09-22T22:00:00+02:00,WD_HOME,WD_HOME,False,EMPTY,FULL,False,,False,,2025-09-22T08:35:19.767874+02:00,2025-09-22T16:46:36.617624+02:00,0.063107977,0.130897257,0.0,0.008480598,0.0,0.0,0.155434293,0.0,0.324982315,0.081245579,0.764148019
2025-09-22T23:00:00+02:00,WD_HOME,WD_HOME,False,EMPTY,FULL,False,,False,,2025-09-22T08:35:19.767874+02:00,2025-09-22T16:46:36.617624+02:00,0.064376347,0.130897257,0.0,0.574283819,0.0,0.0,0.0,0.0,0.324982315,0.081245579,1.175785317
2025-09-23T00:00:00+02:00,WD_HOME,WD_HOME,False,FULL,FULL,False,,False,,,,0.065737476,0.130897257,0.0,0.340329157,0.0,0.0,0.0,0.0,0.324982315,0.081245579,0.943191784
2025-09-23T01:00:00+02:00,WD_HOME,WD_HOME,False,FULL,FULL,False,,False,,,,0.067098604,0.130897257,0.0,0.0,0.0,0.0,0.0,0.0,0.324982315,0.081245579,0.604223755
2025-09-23T02:00:00+02:00,WD_HOME,WD_HOME,False,FULL,FULL,False,,False,,,,0.068366975,0.130897257,0.0,0.0,0.0,0.0,0.0,0.0,0.324982315,0.081245579,0.605492126
2025-09-23T03:00:00+02:00,WD_HOME,WD_HOME,False,FULL,FULL,False,,False,,,,0.069456149,0.130897257,0.0,0.0,0.0,0.0,0.0,0.0,0.324982315,0.081245579,0.6065813
2025-09-23T04:00:00+02:00,WD_HOME,WD_HOME,False,FULL,FULL,False,,False,,,,0.070291902,0.130897257,0.0,0.0,0.0,0.0,0.0,0.0,0.324982315,0.081245579,0.607417053
2025-09-23T05:00:00+02:00,WD_HOME,WD_HOME,False,FULL,FULL,False,,False,,,,0.070817278,0.130897257,0.0,0.0,0.0,0.0,0.0,0.0,0.324982315,0.081245579,0.607942429
2025-09-23T06:00:00+02:00,WD_HOME,WD_HOME,False,FULL,FULL,False,,False,,,,0.070996474,0.130897257,0.0,0.0,0.0,0.0,0.0,0.0,0.324982315,0.081245579,0.608121625
2025-09-23T07:00:00+02:00,WD_HOME,WD_HOME,False,FULL,FULL,False,,False,,,,0.070817278,0.130897257,0.857506679,0.0,0.0,0.0,0.0,0.0,0.324982315,0.081245579,1.465449108
2025-09-23T08:00:00+02:00,WD_HOME,WD_HOME,False,FULL,FULL,False,,False,,,,0.070291902,0.130897257,0.0,0.0,0.0,0.0,0.0,0.0,0.0,0.0,0.201189159
2025-09-23T09:00:00+02:00,WD_HOME,WD_HOME,False,FULL,FULL,False,,False,,,,0.069456149,0.130897257,0.0,0.0,0.0,0.0,0.0,0.0,0.0,0.0,0.200353406
2025-09-23T10:00:00+02:00,WD_HOME,WD_HOME,False,FULL,FULL,False,,False,,,,0.068366975,0.130897257,0.0,0.0,0.0,0.0,0.0,0.0,0.0,0.0,0.199264232
2025-09-23T11:00:00+02:00,WD_HOME,WD_HOME,False,FULL,FULL,False,,False,,,,0.067098604,0.130897257,0.0,0.0,0.0,0.0,0.0,0.0,0.0,0.0,0.197995861
2025-09-23T12:00:00+02:00,WD_HOME,WD_HOME,False,FULL,FULL,False,,False,,,,0.065737476,0.130897257,0.0,0.0,0.0,0.0,0.219362535,0.0,0.0,0.0,0.415997268
2025-09-23T13:00:00+02:00,WD_HOME,WD_HOME,False,FULL,FULL,False,,False,,,,0.064376347,0.130897257,0.0,0.0,0.0,0.0,0.224168266,0.0,0.0,0.0,0.41944187
2025-09-23T14:00:00+02:00,WD_HOME,WD_HOME,False,FULL,FULL,False,,False,,,,0.063107977,0.130897257,0.0,0.0,0.0,0.0,0.12135261,0.0,0.0,0.0,0.315357844
2025-09-23T15:00:00+02:00,WD_HOME,WD_HOME,False,FULL,FULL,False,,False,,,,0.062018802,0.130897257,0.0,0.0,0.0,0.0,0.0,0.0,0.0,0.0,0.192916059
2025-09-23T16:00:00+02:00,WD_HOME,WD_HOME,False,FULL,FULL,False,,False,,,,0.06118305,0.130897257,0.0,0.0,0.0,0.0,0.0,0.0,0.0,0.0,0.192080307
2025-09-23T17:00:00+02:00,WD_HOME,WD_HOME,False,FULL,FULL,False,,False,,,,0.060657674,0.130897257,0.0,0.0,0.0,0.0,0.0,0.0,0.0,0.0,0.191554931
2025-09-23T18:00:00+02:00,WD_HOME,WD_HOME,False,FULL,FULL,False,,False,,,,0.060478478,0.130897257,0.0,0.0,0.0,0.0,0.0,0.006384442,0.0,0.0,0.197760177
2025-09-23T19:00:00+02:00,WD_HOME,WD_HOME,False,FULL,FULL,False,,False,,,,0.060657674,0.130897257,0.0,0.0,0.0,0.0,0.082759242,0.0,0.0,0.0,0.274314173
2025-09-23T20:00:00+02:00,WD_HOME,WD_HOME,False,FULL,FULL,False,,False,,,,0.06118305,0.130897257,0.0,0.0,0.0,0.0,0.224168266,0.0,0.0,0.0,0.416248573
2025-09-23T21:00:00+02:00,WD_HOME,WD_HOME,False,FULL,FULL,False,,False,,,,0.062018802,0.130897257,0.0,0.0,0.0,0.0,0.121382477,0.025350774,0.324982315,0.081245579,0.745877204
2025-09-23T22:00:00+02:00,WD_HOME,WD_HOME,False,FULL,FULL,False,,False,,,,0.063107977,0.130897257,0.0,0.0,0.0,0.0,0.0,0.0,0.324982315,0.081245579,0.600233128
2025-09-23T23:00:00+02:00,WD_HOME,WD_HOME,False,FULL,FULL,False,,False,,,,0.064376347,0.130897257,0.0,0.0,0.0,0.0,0.0,0.0,0.324982315,0.081245579,0.601501498
2025-09-24T00:00:00+02:00,WD_HOME,WD_HOME,False,EMPTY,FULL,False,,False,,2025-09-24T08:57:30.628436+02:00,2025-09-24T17:27:24.477269+02:00,0.065737476,0.130897257,0.0,0.0,0.0,0.0,0.0,0.0,0.324982315,0.081245579,0.602862627
2025-09-24T01:00:00+02:00,WD_HOME,WD_HOME,False,EMPTY,FULL,False,,False,,2025-09-24T08:57:30.628436+02:00,2025-09-24T17:27:24.477269+02:00,0.067098604,0.130897257,0.0,0.0,0.0,0.0,0.0,0.0,0.324982315,0.081245579,0.604223755
2025-09-24T02:00:00+02:00,WD_HOME,WD_HOME,False,EMPTY,FULL,False,,False,,2025-09-24T08:57:30.628436+02:00,2025-09-24T17:27:24.477269+02:00,0.068366975,0.130897257,0.0,0.0,0.0,0.0,0.0,0.0,0.324982315,0.081245579,0.605492126
2025-09-24T03:00:00+02:00,WD_HOME,WD_HOME,False,EMPTY,FULL,False,,False,,2025-09-24T08:57:30.628436+02:00,2025-09-24T17:27:24.477269+02:00,0.069456149,0.130897257,0.0,0.0,0.0,0.0,0.0,0.0,0.324982315,0.081245579,0.6065813
2025-09-24T04:00:00+02:00,WD_HOME,WD_HOME,False,EMPTY,FULL,False,,False,,2025-09-24T08:57:30.628436+02:00,2025-09-24T17:27:24.477269+02:00,0.070291902,0.130897257,0.0,0.0,0.0,0.0,0.0,0.0,0.324982315,0.081245579,0.607417053
2025-09-24T05:00:00+02:00,WD_HOME,WD_HOME,False,EMPTY,FULL,False,,False,,2025-09-24T08:57:30.628436+02:00,2025-09-24T17:27:24.477269+02:00,0.070817278,0.130897257,0.0,0.0,0.0,0.0,0.0,0.0,0.324982315,0.081245579,0.607942429
2025-09-24T06:00:00+02:00,WD_HOME,WD_HOME,False,EMPTY,FULL,False,,False,,2025-09-24T08:57:30.628436+02:00,2025-09-24T17:27:24.477269+02:00,0.070996474,0.130897257,0.0,0.0,0.0,0.0,0.0,0.0,0.324982315,0.081245579,0.608121625
2025-09-24T07:00:00+02:00,WD_HOME,WD_HOME,False,EMPTY,FULL,False,,False,,2025-09-24T08:57:30.628436+02:00,2025-09-24T17:27:24.477269+02:00,0.070817278,0.130897257,0.0,0.0,0.0,0.0,0.0,0.0,0.324982315,0.081245579,0.607942429
2025-09-24T08:00:00+02:00,WD_HOME,WD_HOME,False,EMPTY,FULL,False,,False,,2025-09-24T08:57:30.628436+02:00,2025-09-24T17:27:24.477269+02:00,0.070291902,0.130897257,0.0,0.0,0.0,0.0,0.0,0.0,0.0,0.0,0.201189159
2025-09-24T09:00:00+02:00,WD_HOME,WD_HOME,False,EMPTY,EMPTY,False,,False,,2025-09-24T08:57:30.628436+02:00,2025-09-24T17:27:24.477269+02:00,0.069456149,0.130897257,0.0,0.0,0.0,0.0,0.0,0.0,0.0,0.0,0.200353406
2025-09-24T10:00:00+02:00,WD_HOME,WD_HOME,False,EMPTY,EMPTY,False,,False,,2025-09-24T08:57:30.628436+02:00,2025-09-24T17:27:24.477269+02:00,0.068366975,0.130897257,0.0,0.0,0.0,0.0,0.0,0.0,0.0,0.0,0.199264232
2025-09-24T11:00:00+02:00,WD_HOME,WD_HOME,False,EMPTY,EMPTY,False,,False,,2025-09-24T08:57:30.628436+02:00,2025-09-24T17:27:24.477269+02:00,0.067098604,0.130897257,0.0,0.0,0.0,0.0,0.0,0.0,0.0,0.0,0.197995861
2025-09-24T12:00:00+02:00,WD_HOME,WD_HOME,False,EMPTY,EMPTY,False,,False,,2025-09-24T08:57:30.628436+02:00,2025-09-24T17:27:24.477269+02:00,0.065737476,0.130897257,0.0,0.0,0.0,0.0,0.0,0.0,0.0,0.0,0.196634733
2025-09-24T13:00:00+02:00,WD_HOME,WD_HOME,False,EMPTY,EMPTY,False,,False,,2025-09-24T08:57:30.628436+02:00,2025-09-24T17:27:24.477269+02:00,0.064376347,0.130897257,0.0,0.0,0.0,0.0,0.0,0.0,0.0,0.0,0.195273604
2025-09-24T14:00:00+02:00,WD_HOME,WD_HOME,False,EMPTY,EMPTY,False,,False,,2025-09-24T08:57:30.628436+02:00,2025-09-24T17:27:24.477269+02:00,0.063107977,0.130897257,0.0,0.0,0.0,0.0,0.0,0.0,0.0,0.0,0.194005234
2025-09-24T15:00:00+02:00,WD_HOME,WD_HOME,False,EMPTY,EMPTY,False,,False,,2025-09-24T08:57:30.628436+02:00,2025-09-24T17:27:24.477269+02:00,0.062018802,0.130897257,0.0,0.0,0.0,0.0,0.0,0.0,0.0,0.0,0.192916059
2025-09-24T16:00:00+02:00,WD_HOME,WD_HOME,False,EMPTY,EMPTY,False,,False,,2025-09-24T08:57:30.628436+02:00,2025-09-24T17:27:24.477269+02:00,0.06118305,0.130897257,0.0,0.0,0.0,0.0,0.0,0.0,0.0,0.0,0.192080307
2025-09-24T17:00:00+02:00,WD_HOME,WD_HOME,False,EMPTY,FULL,False,,False,,2025-09-24T08:57:30.628436+02:00,2025-09-24T17:27:24.477269+02:00,0.060657674,0.130897257,0.0,0.0,0.0,0.0,0.0,0.0,0.0,0.0,0.191554931
2025-09-24T18:00:00+02:00,WD_HOME,WD_HOME,False,EMPTY,FULL,False,,False,,2025-09-24T08:57:30.628436+02:00,2025-09-24T17:27:24.477269+02:00,0.060478478,0.130897257,1.20733665,0.0,0.0,0.0,0.0,0.016225048,0.0,0.0,1.414937433
2025-09-24T19:00:00+02:00,WD_HOME,WD_HOME,False,EMPTY,FULL,False,,False,,2025-09-24T08:57:30.628436+02:00,2025-09-24T17:27:24.477269+02:00,0.060657674,0.130897257,0.387578585,0.0,0.0,0.0,0.186370152,0.0,0.0,0.0,0.765503668
2025-09-24T20:00:00+02:00,WD_HOME,WD_HOME,False,EMPTY,FULL,False,,True,guest_004,2025-09-24T08:57:30.628436+02:00,2025-09-24T17:27:24.477269+02:00,0.06118305,0.130897257,0.0,0.376539743,0.0,0.0,0.04536077,0.0,0.0,0.0,0.61398082
2025-09-24T21:00:00+02:00,WD_HOME,WD_HOME,False,EMPTY,FULL,False,,True,guest_004,2025-09-24T08:57:30.628436+02:00,2025-09-24T17:27:24.477269+02:00,0.062018802,0.130897257,0.0,0.541191607,0.0,0.0,0.0,0.008141394,0.324982315,0.081245579,1.148476954
2025-09-24T22:00:00+02:00,WD_HOME,WD_HOME,False,EMPTY,FULL,False,,True,guest_004,2025-09-24T08:57:30.628436+02:00,2025-09-24T17:27:24.477269+02:00,0.063107977,0.130897257,0.0,0.0,0.0,0.0,0.0,0.023170111,0.324982315,0.081245579,0.623403239
2025-09-24T23:00:00+02:00,WD_HOME,WD_HOME,False,EMPTY,FULL,False,,False,,2025-09-24T08:57:30.628436+02:00,2025-09-24T17:27:24.477269+02:00,0.064376347,0.130897257,0.0,0.0,0.0,0.0,0.0,0.0,0.324982315,0.081245579,0.601501498
2025-09-25T00:00:00+02:00,WD_HOME,WD_HOME,False,EMPTY,FULL,False,,False,,2025-09-25T08:50:26.479807+02:00,2025-09-25T18:24:38.541170+02:00,0.065737476,0.130897257,0.0,0.0,0.0,0.0,0.0,0.0,0.324982315,0.081245579,0.602862627
2025-09-25T01:00:00+02:00,WD_HOME,WD_HOME,False,EMPTY,FULL,False,,False,,2025-09-25T08:50:26.479807+02:00,2025-09-25T18:24:38.541170+02:00,0.067098604,0.130897257,0.0,0.0,0.0,0.0,0.0,0.0,0.324982315,0.081245579,0.604223755
2025-09-25T02:00:00+02:00,WD_HOME,WD_HOME,False,EMPTY,FULL,False,,False,,2025-09-25T08:50:26.479807+02:00,2025-09-25T18:24:38.541170+02:00,0.068366975,0.130897257,0.0,0.0,0.0,0.0,0.0,0.0,0.324982315,0.081245579,0.605492126
2025-09-25T03:00:00+02:00,WD_HOME,WD_HOME,False,EMPTY,FULL,False,,False,,2025-09-25T08:50:26.479807+02:00,2025-09-25T18:24:38.541170+02:00,0.069456149,0.130897257,0.0,0.0,0.0,0.0,0.0,0.0,0.324982315,0.081245579,0.6065813
2025-09-25T04:00:00+02:00,WD_HOME,WD_HOME,False,EMPTY,FULL,False,,False,,2025-09-25T08:50:26.479807+02:00,2025-09-25T18:24:38.541170+02:00,0.070291902,0.130897257,0.0,0.0,0.0,0.0,0.0,0.0,0.324982315,0.081245579,0.607417053
2025-09-25T05:00:00+02:00,WD_HOME,WD_HOME,False,EMPTY,FULL,False,,False,,2025-09-25T08:50:26.479807+02:00,2025-09-25T18:24:38.541170+02:00,0.070817278,0.130897257,0.0,0.0,0.0,0.0,0.0,0.0,0.324982315,0.081245579,0.607942429
2025-09-25T06:00:00+02:00,WD_HOME,WD_HOME,False,EMPTY,FULL,False,,False,,2025-09-25T08:50:26.479807+02:00,2025-09-25T18:24:38.541170+02:00,0.070996474,0.130897257,0.0,0.0,0.0,0.0,0.0,0.0,0.324982315,0.081245579,0.608121625
2025-09-25T07:00:00+02:00,WD_HOME,WD_HOME,False,EMPTY,FULL,False,,False,,2025-09-25T08:50:26.479807+02:00,2025-09-25T18:24:38.541170+02:00,0.070817278,0.130897257,0.0,0.0,0.0,0.0,0.0,0.0,0.324982315,0.081245579,0.607942429
2025-09-25T08:00:00+02:00,WD_HOME,WD_HOME,False,EMPTY,FULL,False,,False,,2025-09-25T08:50:26.479807+02:00,2025-09-25T18:24:38.541170+02:00,0.070291902,0.130897257,0.0,0.0,0.0,0.0,0.0,0.0,0.0,0.0,0.201189159
2025-09-25T09:00:00+02:00,WD_HOME,WD_HOME,False,EMPTY,EMPTY,False,,False,,2025-09-25T08:50:26.479807+02:00,2025-09-25T18:24:38.541170+02:00,0.069456149,0.130897257,0.0,0.0,0.0,0.0,0.0,0.0,0.0,0.0,0.200353406
2025-09-25T10:00:00+02:00,WD_HOME,WD_HOME,False,EMPTY,EMPTY,False,,False,,2025-09-25T08:50:26.479807+02:00,2025-09-25T18:24:38.541170+02:00,0.068366975,0.130897257,0.0,0.0,0.0,0.0,0.0,0.0,0.0,0.0,0.199264232
2025-09-25T11:00:00+02:00,WD_HOME,WD_HOME,False,EMPTY,EMPTY,False,,False,,2025-09-25T08:50:26.479807+02:00,2025-09-25T18:24:38.541170+02:00,0.067098604,0.130897257,0.0,0.0,0.0,0.0,0.0,0.0,0.0,0.0,0.197995861
2025-09-25T12:00:00+02:00,WD_HOME,WD_HOME,False,EMPTY,EMPTY,False,,False,,2025-09-25T08:50:26.479807+02:00,2025-09-25T18:24:38.541170+02:00,0.065737476,0.130897257,0.0,0.0,0.0,0.0,0.0,0.0,0.0,0.0,0.196634733
2025-09-25T13:00:00+02:00,WD_HOME,WD_HOME,False,EMPTY,EMPTY,False,,False,,2025-09-25T08:50:26.479807+02:00,2025-09-25T18:24:38.541170+02:00,0.064376347,0.130897257,0.0,0.0,0.0,0.0,0.0,0.0,0.0,0.0,0.195273604
2025-09-25T14:00:00+02:00,WD_HOME,WD_HOME,False,EMPTY,EMPTY,False,,False,,2025-09-25T08:50:26.479807+02:00,2025-09-25T18:24:38.541170+02:00,0.063107977,0.130897257,0.0,0.0,0.0,0.0,0.0,0.0,0.0,0.0,0.194005234
2025-09-25T15:00:00+02:00,WD_HOME,WD_HOME,False,EMPTY,EMPTY,False,,False,,2025-09-25T08:50:26.479807+02:00,2025-09-25T18:24:38.541170+02:00,0.062018802,0.130897257,0.0,0.0,0.0,0.0,0.0,0.0,0.0,0.0,0.192916059
2025-09-25T16:00:00+02:00,WD_HOME,WD_HOME,False,EMPTY,EMPTY,False,,False,,2025-09-25T08:50:26.479807+02:00,2025-09-25T18:24:38.541170+02:00,0.06118305,0.130897257,0.0,0.0,0.0,0.0,0.0,0.0,0.0,0.0,0.192080307
2025-09-25T17:00:00+02:00,WD_HOME,WD_HOME,False,EMPTY,EMPTY,False,,False,,2025-09-25T08:50:26.479807+02:00,2025-09-25T18:24:38.541170+02:00,0.060657674,0.130897257,0.0,0.0,0.0,0.0,0.0,0.0,0.0,0.0,0.191554931
2025-09-25T18:00:00+02:00,WD_HOME,WD_HOME,False,EMPTY,FULL,False,,False,,2025-09-25T08:50:26.479807+02:00,2025-09-25T18:24:38.541170+02:00,0.060478478,0.130897257,2.599420477,0.0,0.0,0.0,0.0,0.006223063,0.0,0.0,2.797019275
2025-09-25T19:00:00+02:00,WD_HOME,WD_HOME,False,EMPTY,FULL,False,,False,,2025-09-25T08:50:26.479807+02:00,2025-09-25T18:24:38.541170+02:00,0.060657674,0.130897257,2.276264766,0.0,0.0,0.0,0.190772972,0.0,0.0,0.0,2.658592669
2025-09-25T20:00:00+02:00,WD_HOME,WD_HOME,False,EMPTY,FULL,False,,False,,2025-09-25T08:50:26.479807+02:00,2025-09-25T18:24:38.541170+02:00,0.06118305,0.130897257,0.0,0.0,0.0,0.0,0.040118837,0.01086381,0.0,0.0,0.243062954
2025-09-25T21:00:00+02:00,WD_HOME,WD_HOME,False,EMPTY,FULL,False,,False,,2025-09-25T08:50:26.479807+02:00,2025-09-25T18:24:38.541170+02:00,0.062018802,0.130897257,0.0,0.0,0.0,0.0,0.0,0.016233862,0.324982315,0.081245579,0.615377815
2025-09-25T22:00:00+02:00,WD_HOME,WD_HOME,False,EMPTY,FULL,False,,False,,2025-09-25T08:50:26.479807+02:00,2025-09-25T18:24:38.541170+02:00,0.063107977,0.130897257,0.0,0.0,0.0,0.0,0.0,0.0,0.324982315,0.081245579,0.600233128
2025-09-25T23:00:00+02:00,WD_HOME,WD_HOME,False,EMPTY,FULL,False,,False,,2025-09-25T08:50:26.479807+02:00,2025-09-25T18:24:38.541170+02:00,0.064376347,0.130897257,0.0,0.0,0.0,0.0,0.0,0.0,0.324982315,0.081245579,0.601501498
2025-09-26T00:00:00+02:00,WD_HOME,WD_HOME,False,PARTIAL,FULL,False,,False,,2025-09-26T08:54:08.427069+02:00,2025-09-26T16:17:13.648718+02:00,0.065737476,0.130897257,0.0,0.0,0.0,0.0,0.0,0.0,0.324982315,0.081245579,0.602862627
2025-09-26T01:00:00+02:00,WD_HOME,WD_HOME,False,PARTIAL,FULL,False,,False,,2025-09-26T08:54:08.427069+02:00,2025-09-26T16:17:13.648718+02:00,0.067098604,0.130897257,0.0,0.0,0.0,0.0,0.0,0.0,0.324982315,0.081245579,0.604223755
2025-09-26T02:00:00+02:00,WD_HOME,WD_HOME,False,PARTIAL,FULL,False,,False,,2025-09-26T08:54:08.427069+02:00,2025-09-26T16:17:13.648718+02:00,0.068366975,0.130897257,0.0,0.0,0.0,0.0,0.0,0.0,0.324982315,0.081245579,0.605492126
2025-09-26T03:00:00+02:00,WD_HOME,WD_HOME,False,PARTIAL,FULL,False,,False,,2025-09-26T08:54:08.427069+02:00,2025-09-26T16:17:13.648718+02:00,0.069456149,0.130897257,0.0,0.0,0.0,0.0,0.0,0.0,0.324982315,0.081245579,0.6065813
2025-09-26T04:00:00+02:00,WD_HOME,WD_HOME,False,PARTIAL,FULL,False,,False,,2025-09-26T08:54:08.427069+02:00,2025-09-26T16:17:13.648718+02:00,0.070291902,0.130897257,0.0,0.0,0.0,0.0,0.0,0.0,0.324982315,0.081245579,0.607417053
2025-09-26T05:00:00+02:00,WD_HOME,WD_HOME,False,PARTIAL,FULL,False,,False,,2025-09-26T08:54:08.427069+02:00,2025-09-26T16:17:13.648718+02:00,0.070817278,0.130897257,0.0,0.0,0.0,0.0,0.0,0.0,0.324982315,0.081245579,0.607942429
2025-09-26T06:00:00+02:00,WD_HOME,WD_HOME,False,PARTIAL,FULL,False,,False,,2025-09-26T08:54:08.427069+02:00,2025-09-26T16:17:13.648718+02:00,0.070996474,0.130897257,0.0,0.0,0.0,0.0,0.0,0.0,0.324982315,0.081245579,0.608121625
2025-09-26T07:00:00+02:00,WD_HOME,WD_HOME,False,PARTIAL,FULL,False,,False,,2025-09-26T08:54:08.427069+02:00,2025-09-26T16:17:13.648718+02:00,0.070817278,0.130897257,0.881853193,0.0,0.0,0.0,0.0,0.0,0.324982315,0.081245579,1.489795622
2025-09-26T08:00:00+02:00,WD_HOME,WD_HOME,False,PARTIAL,FULL,False,,False,,2025-09-26T08:54:08.427069+02:00,2025-09-26T16:17:13.648718+02:00,0.070291902,0.130897257,0.140588181,0.0,0.0,0.0,0.0,0.0,0.0,0.0,0.34177734
2025-09-26T09:00:00+02:00,WD_HOME,WD_HOME,False,PARTIAL,PARTIAL,False,,False,,2025-09-26T08:54:08.427069+02:00,2025-09-26T16:17:13.648718+02:00,0.069456149,0.130897257,0.0,0.0,0.0,0.0,0.0,0.0,0.0,0.0,0.200353406
2025-09-26T10:00:00+02:00,WD_HOME,WD_HOME,False,PARTIAL,PARTIAL,False,,False,,2025-09-26T08:54:08.427069+02:00,2025-09-26T16:17:13.648718+02:00,0.068366975,0.130897257,0.0,0.0,0.0,0.0,0.0,0.0,0.0,0.0,0.199264232
2025-09-26T11:00:00+02:00,WD_HOME,WD_HOME,False,PARTIAL,PARTIAL,False,,False,,2025-09-26T08:54:08.427069+02:00,2025-09-26T16:17:13.648718+02:00,0.067098604,0.130897257,0.0,0.0,0.0,0.0,0.0,0.0,0.0,0.0,0.197995861
2025-09-26T12:00:00+02:00,WD_HOME,WD_HOME,False,PARTIAL,PARTIAL,False,,False,,2025-09-26T08:54:08.427069+02:00,2025-09-26T16:17:13.648718+02:00,0.065737476,0.130897257,0.0,0.0,0.0,0.0,0.0,0.0,0.0,0.0,0.196634733
2025-09-26T13:00:00+02:00,WD_HOME,WD_HOME,False,PARTIAL,PARTIAL,False,,False,,2025-09-26T08:54:08.427069+02:00,2025-09-26T16:17:13.648718+02:00,0.064376347,0.130897257,0.0,0.0,0.0,0.0,0.0,0.0,0.0,0.0,0.195273604
2025-09-26T14:00:00+02:00,WD_HOME,WD_HOME,False,PARTIAL,PARTIAL,False,,False,,2025-09-26T08:54:08.427069+02:00,2025-09-26T16:17:13.648718+02:00,0.063107977,0.130897257,0.0,0.0,0.0,0.0,0.0,0.0,0.0,0.0,0.194005234
2025-09-26T15:00:00+02:00,WD_HOME,WD_HOME,False,PARTIAL,PARTIAL,False,,False,,2025-09-26T08:54:08.427069+02:00,2025-09-26T16:17:13.648718+02:00,0.062018802,0.130897257,0.0,0.0,0.0,0.0,0.0,0.0,0.0,0.0,0.192916059
2025-09-26T16:00:00+02:00,WD_HOME,WD_HOME,False,PARTIAL,FULL,False,,False,,2025-09-26T08:54:08.427069+02:00,2025-09-26T16:17:13.648718+02:00,0.06118305,0.130897257,0.0,0.0,0.13228782,0.0,0.0,0.0,0.0,0.0,0.324368127
2025-09-26T17:00:00+02:00,WD_HOME,WD_HOME,False,PARTIAL,FULL,False,,False,,2025-09-26T08:54:08.427069+02:00,2025-09-26T16:17:13.648718+02:00,0.060657674,0.130897257,0.0,0.0,0.647246494,0.0,0.0,0.0,0.0,0.0,0.838801425
2025-09-26T18:00:00+02:00,WD_HOME,WD_HOME,False,PARTIAL,FULL,False,,False,,2025-09-26T08:54:08.427069+02:00,2025-09-26T16:17:13.648718+02:00,0.060478478,0.130897257,0.0,0.0,0.0,0.0,0.0,0.006195044,0.0,0.0,0.197570779
2025-09-26T19:00:00+02:00,WD_HOME,WD_HOME,False,PARTIAL,FULL,False,,False,,2025-09-26T08:54:08.427069+02:00,2025-09-26T16:17:13.648718+02:00,0.060657674,0.130897257,0.0,0.0,0.0,0.0,0.0,0.010242366,0.0,0.0,0.201797297
2025-09-26T20:00:00+02:00,WD_HOME,WD_HOME,False,PARTIAL,FULL,False,,False,,2025-09-26T08:54:08.427069+02:00,2025-09-26T16:17:13.648718+02:00,0.06118305,0.130897257,0.998511984,0.0,0.0,0.0,0.112883865,0.0,0.0,0.0,1.303476156
2025-09-26T21:00:00+02:00,WD_HOME,WD_HOME,False,PARTIAL,FULL,False,,False,,2025-09-26T08:54:08.427069+02:00,2025-09-26T16:17:13.648718+02:00,0.062018802,0.130897257,1.190587628,0.0,0.0,0.0,0.415716855,0.0,0.324982315,0.081245579,2.205448436
2025-09-26T22:00:00+02:00,WD_HOME,WD_HOME,False,PARTIAL,FULL,False,,False,,2025-09-26T08:54:08.427069+02:00,2025-09-26T16:17:13.648718+02:00,0.063107977,0.130897257,0.0,0.154036855,0.0,0.0,0.094461854,0.016470505,0.324982315,0.081245579,0.865202342
2025-09-26T23:00:00+02:00,WD_HOME,WD_HOME,False,PARTIAL,FULL,False,,False,,2025-09-26T08:54:08.427069+02:00,2025-09-26T16:17:13.648718+02:00,0.064376347,0.130897257,0.0,0.604865123,0.0,0.0,0.0,0.0082788,0.324982315,0.081245579,1.214645421
2025-09-27T00:00:00+02:00,WE_HOME,WE_HOME,True,EMPTY,FULL,False,,False,,2025-09-27T10:55:38.750806+02:00,2025-09-27T17:06:31.345960+02:00,0.065737476,0.130897257,0.0,0.120608785,0.0,0.0,0.0,0.0,0.324982315,0.081245579,0.723471412
2025-09-27T01:00:00+02:00,WE_HOME,WE_HOME,True,EMPTY,FULL,False,,False,,2025-09-27T10:55:38.750806+02:00,2025-09-27T17:06:31.345960+02:00,0.067098604,0.130897257,0.0,0.0,0.0,0.0,0.0,0.0,0.324982315,0.081245579,0.604223755
2025-09-27T02:00:00+02:00,WE_HOME,WE_HOME,True,EMPTY,FULL,False,,False,,2025-09-27T10:55:38.750806+02:00,2025-09-27T17:06:31.345960+02:00,0.068366975,0.130897257,0.0,0.0,0.0,0.0,0.0,0.0,0.324982315,0.081245579,0.605492126
2025-09-27T03:00:00+02:00,WE_HOME,WE_HOME,True,EMPTY,FULL,False,,False,,2025-09-27T10:55:38.750806+02:00,2025-09-27T17:06:31.345960+02:00,0.069456149,0.130897257,0.0,0.0,0.0,0.0,0.0,0.0,0.324982315,0.081245579,0.6065813
2025-09-27T04:00:00+02:00,WE_HOME,WE_HOME,True,EMPTY,FULL,False,,False,,2025-09-27T10:55:38.750806+02:00,2025-09-27T17:06:31.345960+02:00,0.070291902,0.130897257,0.0,0.0,0.0,0.0,0.0,0.0,0.324982315,0.081245579,0.607417053
2025-09-27T05:00:00+02:00,WE_HOME,WE_HOME,True,EMPTY,FULL,False,,False,,2025-09-27T10:55:38.750806+02:00,2025-09-27T17:06:31.345960+02:00,0.070817278,0.130897257,0.0,0.0,0.0,0.0,0.0,0.0,0.324982315,0.081245579,0.607942429
2025-09-27T06:00:00+02:00,WE_HOME,WE_HOME,True,EMPTY,FULL,False,,False,,2025-09-27T10:55:38.750806+02:00,2025-09-27T17:06:31.345960+02:00,0.070996474,0.130897257,0.0,0.0,0.0,0.0,0.0,0.0,0.324982315,0.081245579,0.608121625
2025-09-27T07:00:00+02:00,WE_HOME,WE_HOME,True,EMPTY,FULL,False,,False,,2025-09-27T10:55:38.750806+02:00,2025-09-27T17:06:31.345960+02:00,0.070817278,0.130897257,0.0,0.0,0.0,0.0,0.0,0.0,0.324982315,0.081245579,0.607942429
2025-09-27T08:00:00+02:00,WE_HOME,WE_HOME,True,EMPTY,FULL,False,,False,,2025-09-27T10:55:38.750806+02:00,2025-09-27T17:06:31.345960+02:00,0.070291902,0.130897257,0.0,0.0,0.0,0.0,0.0,0.0,0.0,0.0,0.201189159
2025-09-27T09:00:00+02:00,WE_HOME,WE_HOME,True,EMPTY,FULL,False,,False,,2025-09-27T10:55:38.750806+02:00,2025-09-27T17:06:31.345960+02:00,0.069456149,0.130897257,0.0,0.0,0.0,0.0,0.0,0.0,0.0,0.0,0.200353406
2025-09-27T10:00:00+02:00,WE_HOME,WE_HOME,True,EMPTY,FULL,False,,False,,2025-09-27T10:55:38.750806+02:00,2025-09-27T17:06:31.345960+02:00,0.068366975,0.130897257,0.0,0.0,0.0,0.0,0.0,0.0,0.0,0.0,0.199264232
2025-09-27T11:00:00+02:00,WE_HOME,WE_HOME,True,EMPTY,EMPTY,False,,False,,2025-09-27T10:55:38.750806+02:00,2025-09-27T17:06:31.345960+02:00,0.067098604,0.130897257,0.0,0.0,0.0,0.0,0.0,0.0,0.0,0.0,0.197995861
2025-09-27T12:00:00+02:00,WE_HOME,WE_HOME,True,EMPTY,EMPTY,False,,False,,2025-09-27T10:55:38.750806+02:00,2025-09-27T17:06:31.345960+02:00,0.065737476,0.130897257,0.0,0.0,0.0,0.0,0.0,0.0,0.0,0.0,0.196634733
2025-09-27T13:00:00+02:00,WE_HOME,WE_HOME,True,EMPTY,EMPTY,False,,False,,2025-09-27T10:55:38.750806+02:00,2025-09-27T17:06:31.345960+02:00,0.064376347,0.130897257,0.0,0.0,0.0,0.0,0.0,0.0,0.0,0.0,0.195273604
2025-09-27T14:00:00+02:00,WE_HOME,WE_HOME,True,EMPTY,EMPTY,False,,False,,2025-09-27T10:55:38.750806+02:00,2025-09-27T17:06:31.345960+02:00,0.063107977,0.130897257,0.0,0.0,0.0,0.0,0.0,0.0,0.0,0.0,0.194005234
2025-09-27T15:00:00+02:00,WE_HOME,WE_HOME,True,EMPTY,EMPTY,False,,False,,2025-09-27T10:55:38.750806+02:00,2025-09-27T17:06:31.345960+02:00,0.062018802,0.130897257,0.0,0.0,0.0,0.0,0.0,0.0,0.0,0.0,0.192916059
2025-09-27T16:00:00+02:00,WE_HOME,WE_HOME,True,EMPTY,EMPTY,False,,False,,2025-09-27T10:55:38.750806+02:00,2025-09-27T17:06:31.345960+02:00,0.06118305,0.130897257,0.0,0.0,0.0,0.0,0.0,0.0,0.0,0.0,0.192080307
2025-09-27T17:00:00+02:00,WE_HOME,WE_HOME,True,EMPTY,FULL,False,,False,,2025-09-27T10:55:38.750806+02:00,2025-09-27T17:06:31.345960+02:00,0.060657674,0.130897257,0.0,0.0,0.0,0.0,0.0,0.0,0.0,0.0,0.191554931
2025-09-27T18:00:00+02:00,WE_HOME,WE_HOME,True,EMPTY,FULL,False,,False,,2025-09-27T10:55:38.750806+02:00,2025-09-27T17:06:31.345960+02:00,0.060478478,0.130897257,1.513959064,0.0,0.0,0.0,0.0,0.018226516,0.0,0.0,1.723561315
2025-09-27T19:00:00+02:00,WE_HOME,WE_HOME,True,EMPTY,FULL,False,,False,,2025-09-27T10:55:38.750806+02:00,2025-09-27T17:06:31.345960+02:00,0.060657674,0.130897257,2.934909566,0.0,0.0,0.0,0.0,0.0,0.0,0.0,3.126464497
2025-09-27T20:00:00+02:00,WE_HOME,WE_HOME,True,EMPTY,FULL,False,,False,,2025-09-27T10:55:38.750806+02:00,2025-09-27T17:06:31.345960+02:00,0.06118305,0.130897257,0.0,0.0,0.0,0.0,0.015839256,0.017410243,0.0,0.0,0.225329806
2025-09-27T21:00:00+02:00,WE_HOME,WE_HOME,True,EMPTY,FULL,False,,False,,2025-09-27T10:55:38.750806+02:00,2025-09-27T17:06:31.345960+02:00,0.062018802,0.130897257,0.0,0.0,0.0,0.0,0.224168266,0.0,0.324982315,0.081245579,0.823312219
2025-09-27T22:00:00+02:00,WE_HOME,WE_HOME,True,EMPTY,FULL,False,,False,,2025-09-27T10:55:38.750806+02:00,2025-09-27T17:06:31.345960+02:00,0.063107977,0.130897257,0.0,0.0,0.0,0.0,0.198083672,0.011510231,0.324982315,0.081245579,0.809827031
2025-09-27T23:00:00+02:00,WE_HOME,WE_HOME,True,EMPTY,FULL,False,,False,,2025-09-27T10:55:38.750806+02:00,2025-09-27T17:06:31.345960+02:00,0.064376347,0.130897257,0.0,0.0,0.0,0.0,0.0,0.012130848,0.324982315,0.081245579,0.613632346
2025-09-28T00:00:00+02:00,WE_HOME,WE_HOME,True,FULL,FULL,False,,False,,,,0.065737476,0.130897257,0.0,0.0,0.0,0.0,0.0,0.0,0.324982315,0.081245579,0.602862627
2025-09-28T01:00:00+02:00,WE_HOME,WE_HOME,True,FULL,FULL,False,,False,,,,0.067098604,0.130897257,0.0,0.0,0.0,0.0,0.0,0.0,0.324982315,0.081245579,0.604223755
2025-09-28T02:00:00+02:00,WE_HOME,WE_HOME,True,FULL,FULL,False,,False,,,,0.068366975,0.130897257,0.0,0.0,0.0,0.0,0.0,0.0,0.324982315,0.081245579,0.605492126
2025-09-28T03:00:00+02:00,WE_HOME,WE_HOME,True,FULL,FULL,False,,False,,,,0.069456149,0.130897257,0.0,0.0,0.0,0.0,0.0,0.0,0.324982315,0.081245579,0.6065813
2025-09-28T04:00:00+02:00,WE_HOME,WE_HOME,True,FULL,FULL,False,,False,,,,0.070291902,0.130897257,0.0,0.0,0.0,0.0,0.0,0.0,0.324982315,0.081245579,0.607417053
2025-09-28T05:00:00+02:00,WE_HOME,WE_HOME,True,FULL,FULL,False,,False,,,,0.070817278,0.130897257,0.0,0.0,0.0,0.0,0.0,0.0,0.324982315,0.081245579,0.607942429
2025-09-28T06:00:00+02:00,WE_HOME,WE_HOME,True,FULL,FULL,False,,False,,,,0.070996474,0.130897257,0.0,0.0,0.0,0.0,0.0,0.0,0.324982315,0.081245579,0.608121625
2025-09-28T07:00:00+02:00,WE_HOME,WE_HOME,True,FULL,FULL,False,,False,,,,0.070817278,0.130897257,0.715192119,0.0,0.0,0.0,0.0,0.0,0.324982315,0.081245579,1.323134548
2025-09-28T08:00:00+02:00,WE_HOME,WE_HOME,True,FULL,FULL,False,,False,,,,0.070291902,0.130897257,0.260775154,0.0,0.0,0.0,0.0,0.0,0.324982315,0.081245579,0.868192207
2025-09-28T09:00:00+02:00,WE_HOME,WE_HOME,True,FULL,FULL,False,,False,,,,0.069456149,0.130897257,0.0,0.0,0.0,0.0,0.0,0.0,0.0,0.0,0.200353406
2025-09-28T10:00:00+02:00,WE_HOME,WE_HOME,True,FULL,FULL,False,,False,,,,0.068366975,0.130897257,0.0,0.0,0.0,0.0,0.0,0.0,0.0,0.0,0.199264232
2025-09-28T11:00:00+02:00,WE_HOME,WE_HOME,True,FULL,FULL,False,,False,,,,0.067098604,0.130897257,0.0,0.0,0.0,0.0,0.0,0.0,0.0,0.0,0.197995861
2025-09-28T12:00:00+02:00,WE_HOME,WE_HOME,True,FULL,FULL,False,,False,,,,0.065737476,0.130897257,0.0,0.0,0.0,0.0,0.0,0.0,0.0,0.0,0.196634733
2025-09-28T13:00:00+02:00,WE_HOME,WE_HOME,True,FULL,FULL,False,,False,,,,0.064376347,0.130897257,0.0,0.0,0.0,0.0,0.073300134,0.0,0.0,0.0,0.268573738
2025-09-28T14:00:00+02:00,WE_HOME,WE_HOME,True,FULL,FULL,False,,False,,,,0.063107977,0.130897257,0.0,0.0,0.0,0.0,0.224168266,0.0,0.0,0.0,0.4181735
2025-09-28T15:00:00+02:00,WE_HOME,WE_HOME,True,FULL,FULL,False,,False,,,,0.062018802,0.130897257,0.0,0.0,0.0,0.0,0.147943635,0.0,0.0,0.0,0.340859694
2025-09-28T16:00:00+02:00,WE_HOME,WE_HOME,True,FULL,FULL,False,,False,,,,0.06118305,0.130897257,0.0,0.0,0.0,0.0,0.0,0.0,0.0,0.0,0.192080307
2025-09-28T17:00:00+02:00,WE_HOME,WE_HOME,True,FULL,FULL,False,,False,,,,0.060657674,0.130897257,0.0,0.0,0.0,0.0,0.0,0.0,0.0,0.0,0.191554931
2025-09-28T18:00:00+02:00,WE_HOME,WE_HOME,True,FULL,FULL,False,,False,,,,0.060478478,0.130897257,0.0,0.0,0.0,0.0,0.0,0.0,0.0,0.0,0.191375735
2025-09-28T19:00:00+02:00,WE_HOME,WE_HOME,True,FULL,FULL,False,,True,guest_005,,,0.060657674,0.130897257,1.280058513,0.0,0.0,0.0,0.02917733,0.0,0.0,0.0,1.500790774
2025-09-28T20:00:00+02:00,WE_HOME,WE_HOME,True,FULL,FULL,False,,True,guest_005,,,0.06118305,0.130897257,0.0,0.0,0.0,0.0,0.191548588,0.0,0.0,0.0,0.383628895
2025-09-28T21:00:00+02:00,WE_HOME,WE_HOME,True,FULL,FULL,False,,True,guest_005,,,0.062018802,0.130897257,0.0,0.838084202,0.0,0.0,0.16161792,0.010008214,0.324982315,0.081245579,1.608854289
2025-09-28T22:00:00+02:00,WE_HOME,WE_HOME,True,FULL,FULL,False,,False,,,,0.063107977,0.130897257,0.0,0.202154672,0.0,0.0,0.0,0.007524636,0.324982315,0.081245579,0.809912436
2025-09-28T23:00:00+02:00,WE_HOME,WE_HOME,True,FULL,FULL,False,,False,,,,0.064376347,0.130897257,0.0,0.0,0.0,0.0,0.0,0.0,0.324982315,0.081245579,0.601501498
2025-09-29T00:00:00+02:00,WD_HOME,WD_HOME,False,PARTIAL,FULL,False,,False,,2025-09-29T08:58:19.241703+02:00,2025-09-29T16:55:29.896851+02:00,0.065737476,0.130897257,0.0,0.0,0.0,0.0,0.0,0.0,0.324982315,0.081245579,0.602862627
2025-09-29T01:00:00+02:00,WD_HOME,WD_HOME,False,PARTIAL,FULL,False,,False,,2025-09-29T08:58:19.241703+02:00,2025-09-29T16:55:29.896851+02:00,0.067098604,0.130897257,0.0,0.0,0.0,0.0,0.0,0.0,0.324982315,0.081245579,0.604223755
2025-09-29T02:00:00+02:00,WD_HOME,WD_HOME,False,PARTIAL,FULL,False,,False,,2025-09-29T08:58:19.241703+02:00,2025-09-29T16:55:29.896851+02:00,0.068366975,0.130897257,0.0,0.0,0.0,0.0,0.0,0.0,0.324982315,0.081245579,0.605492126
2025-09-29T03:00:00+02:00,WD_HOME,WD_HOME,False,PARTIAL,FULL,False,,False,,2025-09-29T08:58:19.241703+02:00,2025-09-29T16:55:29.896851+02:00,0.069456149,0.130897257,0.0,0.0,0.0,0.0,0.0,0.0,0.324982315,0.081245579,0.6065813
2025-09-29T04:00:00+02:00,WD_HOME,WD_HOME,False,PARTIAL,FULL,False,,False,,2025-09-29T08:58:19.241703+02:00,2025-09-29T16:55:29.896851+02:00,0.070291902,0.130897257,0.0,0.0,0.0,0.0,0.0,0.0,0.324982315,0.081245579,0.607417053
2025-09-29T05:00:00+02:00,WD_HOME,WD_HOME,False,PARTIAL,FULL,False,,False,,2025-09-29T08:58:19.241703+02:00,2025-09-29T16:55:29.896851+02:00,0.070817278,0.130897257,0.0,0.0,0.0,0.0,0.0,0.0,0.324982315,0.081245579,0.607942429
2025-09-29T06:00:00+02:00,WD_HOME,WD_HOME,False,PARTIAL,FULL,False,,False,,2025-09-29T08:58:19.241703+02:00,2025-09-29T16:55:29.896851+02:00,0.070996474,0.130897257,0.0,0.0,0.0,0.0,0.0,0.0,0.324982315,0.081245579,0.608121625
2025-09-29T07:00:00+02:00,WD_HOME,WD_HOME,False,PARTIAL,FULL,False,,False,,2025-09-29T08:58:19.241703+02:00,2025-09-29T16:55:29.896851+02:00,0.070817278,0.130897257,0.0,0.0,0.0,0.0,0.0,0.0,0.324982315,0.081245579,0.607942429
2025-09-29T08:00:00+02:00,WD_HOME,WD_HOME,False,PARTIAL,FULL,False,,False,,2025-09-29T08:58:19.241703+02:00,2025-09-29T16:55:29.896851+02:00,0.070291902,0.130897257,0.0,0.0,0.0,0.0,0.0,0.0,0.0,0.0,0.201189159
2025-09-29T09:00:00+02:00,WD_HOME,WD_HOME,False,PARTIAL,PARTIAL,False,,False,,2025-09-29T08:58:19.241703+02:00,2025-09-29T16:55:29.896851+02:00,0.069456149,0.130897257,0.0,0.0,0.0,0.0,0.0,0.0,0.0,0.0,0.200353406
2025-09-29T10:00:00+02:00,WD_HOME,WD_HOME,False,PARTIAL,PARTIAL,False,,False,,2025-09-29T08:58:19.241703+02:00,2025-09-29T16:55:29.896851+02:00,0.068366975,0.130897257,0.0,0.0,0.0,0.0,0.0,0.0,0.0,0.0,0.199264232
2025-09-29T11:00:00+02:00,WD_HOME,WD_HOME,False,PARTIAL,PARTIAL,False,,False,,2025-09-29T08:58:19.241703+02:00,2025-09-29T16:55:29.896851+02:00,0.067098604,0.130897257,0.0,0.0,0.0,0.0,0.0,0.0,0.0,0.0,0.197995861
2025-09-29T12:00:00+02:00,WD_HOME,WD_HOME,False,PARTIAL,PARTIAL,False,,False,,2025-09-29T08:58:19.241703+02:00,2025-09-29T16:55:29.896851+02:00,0.065737476,0.130897257,0.0,0.0,0.0,0.0,0.0,0.0,0.0,0.0,0.196634733
2025-09-29T13:00:00+02:00,WD_HOME,WD_HOME,False,PARTIAL,PARTIAL,False,,False,,2025-09-29T08:58:19.241703+02:00,2025-09-29T16:55:29.896851+02:00,0.064376347,0.130897257,0.0,0.0,0.0,0.0,0.0,0.0,0.0,0.0,0.195273604
2025-09-29T14:00:00+02:00,WD_HOME,WD_HOME,False,PARTIAL,PARTIAL,False,,False,,2025-09-29T08:58:19.241703+02:00,2025-09-29T16:55:29.896851+02:00,0.063107977,0.130897257,0.0,0.0,0.0,0.0,0.0,0.0,0.0,0.0,0.194005234
2025-09-29T15:00:00+02:00,WD_HOME,WD_HOME,False,PARTIAL,PARTIAL,False,,False,,2025-09-29T08:58:19.241703+02:00,2025-09-29T16:55:29.896851+02:00,0.062018802,0.130897257,0.0,0.0,0.0,0.0,0.0,0.0,0.0,0.0,0.192916059
2025-09-29T16:00:00+02:00,WD_HOME,WD_HOME,False,PARTIAL,PARTIAL,False,,False,,2025-09-29T08:58:19.241703+02:00,2025-09-29T16:55:29.896851+02:00,0.06118305,0.130897257,0.0,0.0,0.0,0.0,0.0,0.0,0.0,0.0,0.192080307
2025-09-29T17:00:00+02:00,WD_HOME,WD_HOME,False,PARTIAL,FULL,False,,False,,2025-09-29T08:58:19.241703+02:00,2025-09-29T16:55:29.896851+02:00,0.060657674,0.130897257,0.0,0.0,0.0,0.0,0.0,0.0,0.0,0.0,0.191554931
2025-09-29T18:00:00+02:00,WD_HOME,WD_HOME,False,PARTIAL,FULL,False,,False,,2025-09-29T08:58:19.241703+02:00,2025-09-29T16:55:29.896851+02:00,0.060478478,0.130897257,0.0,0.0,0.0,0.0,0.0,0.0,0.0,0.0,0.191375735
2025-09-29T19:00:00+02:00,WD_HOME,WD_HOME,False,PARTIAL,FULL,False,,False,,2025-09-29T08:58:19.241703+02:00,2025-09-29T16:55:29.896851+02:00,0.060657674,0.130897257,0.0,0.0,0.0,0.0,0.0,0.011726363,0.0,0.0,0.203281294
2025-09-29T20:00:00+02:00,WD_HOME,WD_HOME,False,PARTIAL,FULL,False,,False,,2025-09-29T08:58:19.241703+02:00,2025-09-29T16:55:29.896851+02:00,0.06118305,0.130897257,0.205694382,0.015163768,0.0,0.0,0.0,0.0,0.0,0.0,0.412938457
2025-09-29T21:00:00+02:00,WD_HOME,WD_HOME,False,PARTIAL,FULL,False,,False,,2025-09-29T08:58:19.241703+02:00,2025-09-29T16:55:29.896851+02:00,0.062018802,0.130897257,0.847833264,0.6771792,0.0,0.0,0.0,0.0,0.324982315,0.081245579,2.124156417
2025-09-29T22:00:00+02:00,WD_HOME,WD_HOME,False,PARTIAL,FULL,False,,False,,2025-09-29T08:58:19.241703+02:00,2025-09-29T16:55:29.896851+02:00,0.063107977,0.130897257,0.0,0.32218855,0.0,0.0,0.0,0.017652102,0.324982315,0.081245579,0.94007378
2025-09-29T23:00:00+02:00,WD_HOME,WD_HOME,False,PARTIAL,FULL,False,,False,,2025-09-29T08:58:19.241703+02:00,2025-09-29T16:55:29.896851+02:00,0.064376347,0.130897257,0.0,0.0,0.0,0.0,0.0,0.0,0.324982315,0.081245579,0.601501498
2025-09-30T00:00:00+02:00,WD_HOME,WD_HOME,False,EMPTY,FULL,False,,False,,2025-09-30T08:31:21.758949+02:00,2025-09-30T17:24:09.679673+02:00,0.065737476,0.130897257,0.0,0.0,0.0,0.0,0.0,0.0,0.324982315,0.081245579,0.602862627
2025-09-30T01:00:00+02:00,WD_HOME,WD_HOME,False,EMPTY,FULL,False,,False,,2025-09-30T08:31:21.758949+02:00,2025-09-30T17:24:09.679673+02:00,0.067098604,0.130897257,0.0,0.0,0.0,0.0,0.0,0.0,0.324982315,0.081245579,0.604223755
2025-09-30T02:00:00+02:00,WD_HOME,WD_HOME,False,EMPTY,FULL,False,,False,,2025-09-30T08:31:21.758949+02:00,2025-09-30T17:24:09.679673+02:00,0.068366975,0.130897257,0.0,0.0,0.0,0.0,0.0,0.0,0.324982315,0.081245579,0.605492126
2025-09-30T03:00:00+02:00,WD_HOME,WD_HOME,False,EMPTY,FULL,False,,False,,2025-09-30T08:31:21.758949+02:00,2025-09-30T17:24:09.679673+02:00,0.069456149,0.130897257,0.0,0.0,0.0,0.0,0.0,0.0,0.324982315,0.081245579,0.6065813
2025-09-30T04:00:00+02:00,WD_HOME,WD_HOME,False,EMPTY,FULL,False,,False,,2025-09-30T08:31:21.758949+02:00,2025-09-30T17:24:09.679673+02:00,0.070291902,0.130897257,0.0,0.0,0.0,0.0,0.0,0.0,0.324982315,0.081245579,0.607417053
2025-09-30T05:00:00+02:00,WD_HOME,WD_HOME,False,EMPTY,FULL,False,,False,,2025-09-30T08:31:21.758949+02:00,2025-09-30T17:24:09.679673+02:00,0.070817278,0.130897257,0.0,0.0,0.0,0.0,0.0,0.0,0.324982315,0.081245579,0.607942429
2025-09-30T06:00:00+02:00,WD_HOME,WD_HOME,False,EMPTY,FULL,False,,False,,2025-09-30T08:31:21.758949+02:00,2025-09-30T17:24:09.679673+02:00,0.070996474,0.130897257,0.0,0.0,0.0,0.0,0.0,0.0,0.324982315,0.081245579,0.608121625
2025-09-30T07:00:00+02:00,WD_HOME,WD_HOME,False,EMPTY,FULL,False,,False,,2025-09-30T08:31:21.758949+02:00,2025-09-30T17:24:09.679673+02:00,0.070817278,0.130897257,0.0,0.0,0.0,0.0,0.0,0.0,0.324982315,0.081245579,0.607942429
2025-09-30T08:00:00+02:00,WD_HOME,WD_HOME,False,EMPTY,FULL,False,,False,,2025-09-30T08:31:21.758949+02:00,2025-09-30T17:24:09.679673+02:00,0.070291902,0.130897257,0.0,0.0,0.0,0.0,0.0,0.0,0.0,0.0,0.201189159
2025-09-30T09:00:00+02:00,WD_HOME,WD_HOME,False,EMPTY,EMPTY,False,,False,,2025-09-30T08:31:21.758949+02:00,2025-09-30T17:24:09.679673+02:00,0.069456149,0.130897257,0.0,0.0,0.0,0.0,0.0,0.0,0.0,0.0,0.200353406
2025-09-30T10:00:00+02:00,WD_HOME,WD_HOME,False,EMPTY,EMPTY,False,,False,,2025-09-30T08:31:21.758949+02:00,2025-09-30T17:24:09.679673+02:00,0.068366975,0.130897257,0.0,0.0,0.0,0.0,0.0,0.0,0.0,0.0,0.199264232
2025-09-30T11:00:00+02:00,WD_HOME,WD_HOME,False,EMPTY,EMPTY,False,,False,,2025-09-30T08:31:21.758949+02:00,2025-09-30T17:24:09.679673+02:00,0.067098604,0.130897257,0.0,0.0,0.0,0.0,0.0,0.0,0.0,0.0,0.197995861
2025-09-30T12:00:00+02:00,WD_HOME,WD_HOME,False,EMPTY,EMPTY,False,,False,,2025-09-30T08:31:21.758949+02:00,2025-09-30T17:24:09.679673+02:00,0.065737476,0.130897257,0.0,0.0,0.0,0.0,0.0,0.0,0.0,0.0,0.196634733
2025-09-30T13:00:00+02:00,WD_HOME,WD_HOME,False,EMPTY,EMPTY,False,,False,,2025-09-30T08:31:21.758949+02:00,2025-09-30T17:24:09.679673+02:00,0.064376347,0.130897257,0.0,0.0,0.0,0.0,0.0,0.0,0.0,0.0,0.195273604
2025-09-30T14:00:00+02:00,WD_HOME,WD_HOME,False,EMPTY,EMPTY,False,,False,,2025-09-30T08:31:21.758949+02:00,2025-09-30T17:24:09.679673+02:00,0.063107977,0.130897257,0.0,0.0,0.0,0.0,0.0,0.0,0.0,0.0,0.194005234
2025-09-30T15:00:00+02:00,WD_HOME,WD_HOME,False,EMPTY,EMPTY,False,,False,,2025-09-30T08:31:21.758949+02:00,2025-09-30T17:24:09.679673+02:00,0.062018802,0.130897257,0.0,0.0,0.0,0.0,0.0,0.0,0.0,0.0,0.192916059
2025-09-30T16:00:00+02:00,WD_HOME,WD_HOME,False,EMPTY,EMPTY,False,,False,,2025-09-30T08:31:21.758949+02:00,2025-09-30T17:24:09.679673+02:00,0.06118305,0.130897257,0.0,0.0,0.0,0.0,0.0,0.0,0.0,0.0,0.192080307
2025-09-30T17:00:00+02:00,WD_HOME,WD_HOME,False,EMPTY,FULL,False,,False,,2025-09-30T08:31:21.758949+02:00,2025-09-30T17:24:09.679673+02:00,0.060657674,0.130897257,0.0,0.0,0.0,0.0,0.0,0.0,0.0,0.0,0.191554931
2025-09-30T18:00:00+02:00,WD_HOME,WD_HOME,False,EMPTY,FULL,False,,False,,2025-09-30T08:31:21.758949+02:00,2025-09-30T17:24:09.679673+02:00,0.060478478,0.130897257,0.0,0.0,0.0,0.0,0.0,0.0,0.0,0.0,0.191375735
2025-09-30T19:00:00+02:00,WD_HOME,WD_HOME,False,EMPTY,FULL,False,,False,,2025-09-30T08:31:21.758949+02:00,2025-09-30T17:24:09.679673+02:00,0.060657674,0.130897257,0.0,0.0,0.0,0.0,0.0,0.0,0.0,0.0,0.191554931
2025-09-30T20:00:00+02:00,AWAY,WD_HOME,False,EMPTY,EMPTY,True,away_004,False,,2025-09-30T08:31:21.758949+02:00,2025-09-30T17:24:09.679673+02:00,0.06118305,0.130897257,0.0,0.0,0.0,0.0,0.0,0.0,0.0,0.0,0.192080307
2025-09-30T21:00:00+02:00,AWAY,WD_HOME,False,EMPTY,EMPTY,True,away_004,False,,2025-09-30T08:31:21.758949+02:00,2025-09-30T17:24:09.679673+02:00,0.062018802,0.130897257,0.0,0.0,0.0,0.0,0.0,0.0,0.0,0.081245579,0.274161638
2025-09-30T22:00:00+02:00,AWAY,WD_HOME,False,EMPTY,EMPTY,True,away_004,False,,2025-09-30T08:31:21.758949+02:00,2025-09-30T17:24:09.679673+02:00,0.063107977,0.130897257,0.0,0.0,0.0,0.0,0.0,0.0,0.0,0.081245579,0.275250813
2025-09-30T23:00:00+02:00,AWAY,WD_HOME,False,EMPTY,EMPTY,True,away_004,False,,2025-09-30T08:31:21.758949+02:00,2025-09-30T17:24:09.679673+02:00,0.064376347,0.130897257,0.0,0.0,0.0,0.0,0.0,0.0,0.0,0.081245579,0.276519183
