timestamp,forecast_origin,horizon_hours,lead_hour,stage5_selected_model,point_forecast_kwh,p10_kwh,p50_kwh,p90_kwh,p95_kwh,peak_threshold_kwh,peak_probability,peak_risk_label,temperature_2m,is_weekend,behavioral_block,tariff_eur_per_kwh,tariff_period,primary_explanation,secondary_explanation,point_forecast_source,risk_quantile_source,explanation_source,provenance
2025-09-02T00:00:00+02:00,2025-09-01T23:00:00+02:00,24,1,M2_GBT_HISTORY,1.1272576432419554,0.3163110485,0.495394303,0.6778701686999999,0.7568934529499998,3.7097626867000058,0.0,LOW,21.0,False,NIGHT,0.18,OFF_PEAK_00_06,"Demand is usually lower overnight, although base loads, HVAC, pool systems and EV charging may remain active.",,stage5_frozen_selected_model,stage6a_frozen_ensemble,stage6b_deterministic_rules,real
2025-09-02T01:00:00+02:00,2025-09-01T23:00:00+02:00,24,2,M2_GBT_HISTORY,1.091062662298987,0.3189683386,0.482710967,0.6500586041,0.6685748573499999,3.7097626867000058,0.0,LOW,20.1,False,NIGHT,0.18,OFF_PEAK_00_06,"Demand is usually lower overnight, although base loads, HVAC, pool systems and EV charging may remain active.",,stage5_frozen_selected_model,stage6a_frozen_ensemble,stage6b_deterministic_rules,real
2025-09-02T02:00:00+02:00,2025-09-01T23:00:00+02:00,24,3,M2_GBT_HISTORY,1.091062662298987,0.3205867772,0.484266718,0.6514319019,0.6700408691499999,3.7097626867000058,0.0,LOW,21.1,False,NIGHT,0.18,OFF_PEAK_00_06,"Demand is usually lower overnight, although base loads, HVAC, pool systems and EV charging may remain active.",,stage5_frozen_selected_model,stage6a_frozen_ensemble,stage6b_deterministic_rules,real
2025-09-02T03:00:00+02:00,2025-09-01T23:00:00+02:00,24,4,M2_GBT_HISTORY,1.091062662298987,0.3219765609,0.48553978600000003,0.6526111793,0.6712997623999999,3.7097626867000058,0.0,LOW,20.9,False,NIGHT,0.18,OFF_PEAK_00_06,"Demand is usually lower overnight, although base loads, HVAC, pool systems and EV charging may remain active.",,stage5_frozen_selected_model,stage6a_frozen_ensemble,stage6b_deterministic_rules,real
2025-09-02T04:00:00+02:00,2025-09-01T23:00:00+02:00,24,5,M2_GBT_HISTORY,1.091062662298987,0.3230429804,0.4865115085,0.6535160707,0.6722657439499998,3.7097626867000058,0.0,LOW,19.6,False,NIGHT,0.18,OFF_PEAK_00_06,"Demand is usually lower overnight, although base loads, HVAC, pool systems and EV charging may remain active.",,stage5_frozen_selected_model,stage6a_frozen_ensemble,stage6b_deterministic_rules,real
2025-09-02T05:00:00+02:00,2025-09-01T23:00:00+02:00,24,6,M2_GBT_HISTORY,1.091062662298987,0.3240128586,0.488535807,0.666352117,0.6884969743999998,3.7097626867000058,0.01,LOW,19.4,False,NIGHT,0.18,OFF_PEAK_00_06,"Demand is usually lower overnight, although base loads, HVAC, pool systems and EV charging may remain active.",,stage5_frozen_selected_model,stage6a_frozen_ensemble,stage6b_deterministic_rules,real
2025-09-02T06:00:00+02:00,2025-09-01T23:00:00+02:00,24,7,M2_GBT_HISTORY,1.091062662298987,0.35716798750000006,0.6023907645,3.1507100058999997,3.7490993278999944,3.7097626867000058,0.055,LOW,20.1,False,NIGHT,0.28,STANDARD_06_17,Pool circulation or heating can add to household demand during this period.,"Demand is usually lower overnight, although base loads, HVAC, pool systems and EV charging may remain active.",stage5_frozen_selected_model,stage6a_frozen_ensemble,stage6b_deterministic_rules,real
2025-09-02T07:00:00+02:00,2025-09-01T23:00:00+02:00,24,8,M2_GBT_HISTORY,1.091062662298987,0.4108561858,1.14697038,3.0558230924999994,3.663280217699999,3.7097626867000058,0.05,LOW,20.0,False,MORNING,0.28,STANDARD_06_17,Pool circulation or heating can add to household demand during this period.,,stage5_frozen_selected_model,stage6a_frozen_ensemble,stage6b_deterministic_rules,real
2025-09-02T08:00:00+02:00,2025-09-01T23:00:00+02:00,24,9,M2_GBT_HISTORY,1.1323934922576684,0.19198716610000002,1.0252475245000001,3.0670697766,3.7453414067999997,3.7097626867000058,0.065,LOW,20.0,False,MORNING,0.28,STANDARD_06_17,Pool circulation or heating can add to household demand during this period.,,stage5_frozen_selected_model,stage6a_frozen_ensemble,stage6b_deterministic_rules,real
2025-09-02T09:00:00+02:00,2025-09-01T23:00:00+02:00,24,10,M2_GBT_HISTORY,1.1323934922576684,0.2157252178,1.0172422774999998,1.3558501148999997,3.0134189490999974,3.7097626867000058,0.03,LOW,21.3,False,DAYTIME,0.28,STANDARD_06_17,Pool circulation or heating can add to household demand during this period.,,stage5_frozen_selected_model,stage6a_frozen_ensemble,stage6b_deterministic_rules,real
2025-09-02T10:00:00+02:00,2025-09-01T23:00:00+02:00,24,11,M2_GBT_HISTORY,1.1323934922576684,0.2192054571,1.0194897875,1.3379771532,1.4171729347999924,3.7097626867000058,0.02,LOW,22.1,False,DAYTIME,0.28,STANDARD_06_17,Pool circulation or heating can add to household demand during this period.,,stage5_frozen_selected_model,stage6a_frozen_ensemble,stage6b_deterministic_rules,real
2025-09-02T11:00:00+02:00,2025-09-01T23:00:00+02:00,24,12,M2_GBT_HISTORY,1.1526559559031155,0.2097359872,0.9725987185,1.3534984560999999,2.1505773517999978,3.7097626867000058,0.035,LOW,23.1,False,DAYTIME,0.28,STANDARD_06_17,Pool circulation or heating can add to household demand during this period.,,stage5_frozen_selected_model,stage6a_frozen_ensemble,stage6b_deterministic_rules,real
2025-09-02T12:00:00+02:00,2025-09-01T23:00:00+02:00,24,13,M2_GBT_HISTORY,1.2434748870003265,0.1569828326,0.8229434695,1.3754260201,2.9281727270499953,3.7097626867000058,0.04,LOW,23.3,False,DAYTIME,0.28,STANDARD_06_17,Pool circulation or heating can add to household demand during this period.,,stage5_frozen_selected_model,stage6a_frozen_ensemble,stage6b_deterministic_rules,real
2025-09-02T13:00:00+02:00,2025-09-01T23:00:00+02:00,24,14,M2_GBT_HISTORY,1.3482581538773561,0.14289011499999998,0.32529649299999996,1.3661374749999997,2.654209731499999,3.7097626867000058,0.03,LOW,24.5,False,DAYTIME,0.28,STANDARD_06_17,Pool circulation or heating can add to household demand during this period.,,stage5_frozen_selected_model,stage6a_frozen_ensemble,stage6b_deterministic_rules,real
2025-09-02T14:00:00+02:00,2025-09-01T23:00:00+02:00,24,15,M2_GBT_HISTORY,1.38473254242219,0.14061694919999998,0.20764053500000001,1.2523719484999998,1.4890591912499977,3.7097626867000058,0.01,LOW,25.6,False,DAYTIME,0.28,STANDARD_06_17,Warm weather can increase cooling demand during this period.,Pool circulation or heating can add to household demand during this period.,stage5_frozen_selected_model,stage6a_frozen_ensemble,stage6b_deterministic_rules,real
2025-09-02T15:00:00+02:00,2025-09-01T23:00:00+02:00,24,16,M2_GBT_HISTORY,1.5030652852214936,0.149292809,0.254816807,1.1744672915999999,1.3105864391499997,3.7097626867000058,0.01,LOW,26.6,False,DAYTIME,0.28,STANDARD_06_17,Warm weather can increase cooling demand during this period.,Pool circulation or heating can add to household demand during this period.,stage5_frozen_selected_model,stage6a_frozen_ensemble,stage6b_deterministic_rules,real
2025-09-02T16:00:00+02:00,2025-09-01T23:00:00+02:00,24,17,M2_GBT_HISTORY,1.837611220053904,0.1618050416,0.885429249,1.6680577524999987,3.3570483820499986,3.7097626867000058,0.04,LOW,27.0,False,RETURN_RAMP,0.28,STANDARD_06_17,Warm weather can increase cooling demand during this period.,Pool circulation or heating can add to household demand during this period.,stage5_frozen_selected_model,stage6a_frozen_ensemble,stage6b_deterministic_rules,real
2025-09-02T17:00:00+02:00,2025-09-01T23:00:00+02:00,24,18,M2_GBT_HISTORY,1.7593648693488058,0.5077334184000002,1.3710166030000002,7.735272951,8.49668685745,3.7097626867000058,0.31,MEDIUM,27.2,False,RETURN_RAMP,0.4,PEAK_17_22,"Evening demand can rise when EV charging, HVAC and household activities overlap.",Warm weather can increase cooling demand during this period.,stage5_frozen_selected_model,stage6a_frozen_ensemble,stage6b_deterministic_rules,real
2025-09-02T18:00:00+02:00,2025-09-01T23:00:00+02:00,24,19,M2_GBT_HISTORY,1.8564996089744503,0.8789267194999999,4.556510444000001,10.381678298199997,13.452688365499998,3.7097626867000058,0.555,HIGH,26.5,False,RETURN_RAMP,0.4,PEAK_17_22,"This is a high-risk period because EV charging can coincide with HVAC, cooking and optional high-power loads such as the sauna.",Warm weather can increase cooling demand during this period.,stage5_frozen_selected_model,stage6a_frozen_ensemble,stage6b_deterministic_rules,real
2025-09-02T19:00:00+02:00,2025-09-01T23:00:00+02:00,24,20,M2_GBT_HISTORY,1.7593648693488058,0.5690057301,5.165118248500001,12.4268962856,14.396320408699994,3.7097626867000058,0.56,HIGH,25.6,False,EVENING,0.4,PEAK_17_22,"This is a high-risk period because EV charging can coincide with HVAC, cooking and optional high-power loads such as the sauna.",Warm weather can increase cooling demand during this period.,stage5_frozen_selected_model,stage6a_frozen_ensemble,stage6b_deterministic_rules,real
2025-09-02T20:00:00+02:00,2025-09-01T23:00:00+02:00,24,21,M2_GBT_HISTORY,1.6420090220796635,0.21000552730000002,2.6746914985,10.2636724528,11.150151181699998,3.7097626867000058,0.435,HIGH,24.6,False,EVENING,0.4,PEAK_17_22,"This is a high-risk period because EV charging can coincide with HVAC, cooking and optional high-power loads such as the sauna.",Pool circulation or heating can add to household demand during this period.,stage5_frozen_selected_model,stage6a_frozen_ensemble,stage6b_deterministic_rules,real
2025-09-02T21:00:00+02:00,2025-09-01T23:00:00+02:00,24,22,M2_GBT_HISTORY,1.3892596326628945,0.1855647452,0.8858263040000001,7.812059582999999,9.06476266695,3.7097626867000058,0.29,MEDIUM,23.9,False,EVENING,0.4,PEAK_17_22,"Evening demand can rise when EV charging, HVAC and household activities overlap.",Pool circulation or heating can add to household demand during this period.,stage5_frozen_selected_model,stage6a_frozen_ensemble,stage6b_deterministic_rules,real
2025-09-02T22:00:00+02:00,2025-09-01T23:00:00+02:00,24,23,M2_GBT_HISTORY,1.2458697936431244,0.3345549517,0.6774355425,3.769268991199992,7.794733235149999,3.7097626867000058,0.1,LOW,23.3,False,EVENING,0.28,STANDARD_22_24,Pool circulation or heating can add to household demand during this period.,,stage5_frozen_selected_model,stage6a_frozen_ensemble,stage6b_deterministic_rules,real
2025-09-02T23:00:00+02:00,2025-09-01T23:00:00+02:00,24,24,M2_GBT_HISTORY,1.091062662298987,0.31014384759999997,0.5372070090000001,1.1642214942,1.7370861122499759,3.7097626867000058,0.03,LOW,23.0,False,NIGHT,0.28,STANDARD_22_24,"Demand is usually lower overnight, although base loads, HVAC, pool systems and EV charging may remain active.",,stage5_frozen_selected_model,stage6a_frozen_ensemble,stage6b_deterministic_rules,real
2025-09-05T00:00:00+02:00,2025-09-04T23:00:00+02:00,24,1,M2_GBT_HISTORY,1.2496303840303604,0.3171833881,0.5227890909999999,1.6956170681999991,2.1376757896000003,3.3187679449000007,0.0,LOW,23.4,False,NIGHT,0.18,OFF_PEAK_00_06,"Demand is usually lower overnight, although base loads, HVAC, pool systems and EV charging may remain active.",,stage5_frozen_selected_model,stage6a_frozen_ensemble,stage6b_deterministic_rules,real
2025-09-05T01:00:00+02:00,2025-09-04T23:00:00+02:00,24,2,M2_GBT_HISTORY,1.0800797068756127,0.3105810075,0.4815668595,0.652798535,0.676651861,3.3187679449000007,0.01,LOW,22.7,False,NIGHT,0.18,OFF_PEAK_00_06,"Demand is usually lower overnight, although base loads, HVAC, pool systems and EV charging may remain active.",,stage5_frozen_selected_model,stage6a_frozen_ensemble,stage6b_deterministic_rules,real
2025-09-05T02:00:00+02:00,2025-09-04T23:00:00+02:00,24,3,M2_GBT_HISTORY,1.0800797068756127,0.3148955392,0.484266718,0.6556736035999999,0.6788138865000001,3.3187679449000007,0.01,LOW,22.5,False,NIGHT,0.18,OFF_PEAK_00_06,"Demand is usually lower overnight, although base loads, HVAC, pool systems and EV charging may remain active.",,stage5_frozen_selected_model,stage6a_frozen_ensemble,stage6b_deterministic_rules,real
2025-09-05T03:00:00+02:00,2025-09-04T23:00:00+02:00,24,4,M2_GBT_HISTORY,1.0800797068756127,0.31619243280000003,0.48553978600000003,0.6569951098,0.6798997658,3.3187679449000007,0.015,LOW,22.3,False,NIGHT,0.18,OFF_PEAK_00_06,"Demand is usually lower overnight, although base loads, HVAC, pool systems and EV charging may remain active.",,stage5_frozen_selected_model,stage6a_frozen_ensemble,stage6b_deterministic_rules,real
2025-09-05T04:00:00+02:00,2025-09-04T23:00:00+02:00,24,5,M2_GBT_HISTORY,1.0800797068756127,0.3194864844,0.487581599,0.6563414593,0.6806709250999999,3.3187679449000007,0.005,LOW,22.7,False,NIGHT,0.18,OFF_PEAK_00_06,"Demand is usually lower overnight, although base loads, HVAC, pool systems and EV charging may remain active.",,stage5_frozen_selected_model,stage6a_frozen_ensemble,stage6b_deterministic_rules,real
2025-09-05T05:00:00+02:00,2025-09-04T23:00:00+02:00,24,6,M2_GBT_HISTORY,1.0800797068756127,0.3201566164,0.48712235800000003,0.6540849085,0.6728729857499999,3.3187679449000007,0.0,LOW,22.1,False,NIGHT,0.18,OFF_PEAK_00_06,"Demand is usually lower overnight, although base loads, HVAC, pool systems and EV charging may remain active.",,stage5_frozen_selected_model,stage6a_frozen_ensemble,stage6b_deterministic_rules,real
2025-09-05T06:00:00+02:00,2025-09-04T23:00:00+02:00,24,7,M2_GBT_HISTORY,1.0998782850882092,0.3394556894,0.5410294375,1.1601822761,1.2724559443999996,3.3187679449000007,0.0,LOW,21.8,False,NIGHT,0.28,STANDARD_06_17,Pool circulation or heating can add to household demand during this period.,"Demand is usually lower overnight, although base loads, HVAC, pool systems and EV charging may remain active.",stage5_frozen_selected_model,stage6a_frozen_ensemble,stage6b_deterministic_rules,real
2025-09-05T07:00:00+02:00,2025-09-04T23:00:00+02:00,24,8,M2_GBT_HISTORY,1.1622955412362095,0.41018163080000003,0.9111261740000001,2.2794883190999995,2.7815286473499996,3.3187679449000007,0.015,LOW,21.3,False,MORNING,0.28,STANDARD_06_17,Pool circulation or heating can add to household demand during this period.,,stage5_frozen_selected_model,stage6a_frozen_ensemble,stage6b_deterministic_rules,real
2025-09-05T08:00:00+02:00,2025-09-04T23:00:00+02:00,24,9,M2_GBT_HISTORY,1.0800797068756127,0.1862991464,0.9648142685000001,1.9452776844000002,2.361664604,3.3187679449000007,0.02,LOW,21.6,False,MORNING,0.28,STANDARD_06_17,Pool circulation or heating can add to household demand during this period.,,stage5_frozen_selected_model,stage6a_frozen_ensemble,stage6b_deterministic_rules,real
2025-09-05T09:00:00+02:00,2025-09-04T23:00:00+02:00,24,10,M2_GBT_HISTORY,1.139212818628282,0.1858678607,1.0165008800000002,1.3404257921,1.6748358614499996,3.3187679449000007,0.03,LOW,22.8,False,DAYTIME,0.28,STANDARD_06_17,Pool circulation or heating can add to household demand during this period.,,stage5_frozen_selected_model,stage6a_frozen_ensemble,stage6b_deterministic_rules,real
2025-09-05T10:00:00+02:00,2025-09-04T23:00:00+02:00,24,11,M2_GBT_HISTORY,1.139212818628282,0.2477549581000001,1.020977594,1.3951127386000002,3.0828777685999955,3.3187679449000007,0.05,LOW,23.9,False,DAYTIME,0.28,STANDARD_06_17,Pool circulation or heating can add to household demand during this period.,,stage5_frozen_selected_model,stage6a_frozen_ensemble,stage6b_deterministic_rules,real
2025-09-05T11:00:00+02:00,2025-09-04T23:00:00+02:00,24,12,M2_GBT_HISTORY,1.139212818628282,0.2149729401,0.970396085,1.5894826584,3.578081951149993,3.3187679449000007,0.055,LOW,24.8,False,DAYTIME,0.28,STANDARD_06_17,Pool circulation or heating can add to household demand during this period.,,stage5_frozen_selected_model,stage6a_frozen_ensemble,stage6b_deterministic_rules,real
2025-09-05T12:00:00+02:00,2025-09-04T23:00:00+02:00,24,13,M2_GBT_HISTORY,1.139212818628282,0.1671966603,0.86544925,1.3773639094,2.5420153867999975,3.3187679449000007,0.04,LOW,25.2,False,DAYTIME,0.28,STANDARD_06_17,Pool circulation or heating can add to household demand during this period.,,stage5_frozen_selected_model,stage6a_frozen_ensemble,stage6b_deterministic_rules,real
2025-09-05T13:00:00+02:00,2025-09-04T23:00:00+02:00,24,14,M2_GBT_HISTORY,1.1558384662329295,0.144385109,0.32874911250000005,1.3331750624,1.8259317758499929,3.3187679449000007,0.035,LOW,25.8,False,DAYTIME,0.28,STANDARD_06_17,Warm weather can increase cooling demand during this period.,Pool circulation or heating can add to household demand during this period.,stage5_frozen_selected_model,stage6a_frozen_ensemble,stage6b_deterministic_rules,real
2025-09-05T14:00:00+02:00,2025-09-04T23:00:00+02:00,24,15,M2_GBT_HISTORY,1.0967053544802603,0.1415906191,0.212145989,1.3099617096,2.2175003409499983,3.3187679449000007,0.025,LOW,25.9,False,DAYTIME,0.28,STANDARD_06_17,Warm weather can increase cooling demand during this period.,Pool circulation or heating can add to household demand during this period.,stage5_frozen_selected_model,stage6a_frozen_ensemble,stage6b_deterministic_rules,real
2025-09-05T15:00:00+02:00,2025-09-04T23:00:00+02:00,24,16,M2_GBT_HISTORY,1.128359776404072,0.1497524878,0.395593158,1.3735853678,1.996870611749998,3.3187679449000007,0.01,LOW,26.0,False,DAYTIME,0.28,STANDARD_06_17,Warm weather can increase cooling demand during this period.,Pool circulation or heating can add to household demand during this period.,stage5_frozen_selected_model,stage6a_frozen_ensemble,stage6b_deterministic_rules,real
2025-09-05T16:00:00+02:00,2025-09-04T23:00:00+02:00,24,17,M2_GBT_HISTORY,1.4488494839152641,0.1774341285,0.9985549874999999,2.8802815878999994,4.4056844351499995,3.3187679449000007,0.08,LOW,26.0,False,RETURN_RAMP,0.28,STANDARD_06_17,Warm weather can increase cooling demand during this period.,Pool circulation or heating can add to household demand during this period.,stage5_frozen_selected_model,stage6a_frozen_ensemble,stage6b_deterministic_rules,real
2025-09-05T17:00:00+02:00,2025-09-04T23:00:00+02:00,24,18,M2_GBT_HISTORY,1.6631049550178996,0.6731941403,2.0700642645,8.413203828899999,10.03460471055,3.3187679449000007,0.34,MEDIUM,25.7,False,RETURN_RAMP,0.4,PEAK_17_22,"Evening demand can rise when EV charging, HVAC and household activities overlap.",Warm weather can increase cooling demand during this period.,stage5_frozen_selected_model,stage6a_frozen_ensemble,stage6b_deterministic_rules,real
2025-09-05T18:00:00+02:00,2025-09-04T23:00:00+02:00,24,19,M2_GBT_HISTORY,1.9556868734606236,0.7878723061999999,4.3384612605,12.091160449199998,13.3424543781,3.3187679449000007,0.56,HIGH,25.4,False,RETURN_RAMP,0.4,PEAK_17_22,"This is a high-risk period because EV charging can coincide with HVAC, cooking and optional high-power loads such as the sauna.",Pool circulation or heating can add to household demand during this period.,stage5_frozen_selected_model,stage6a_frozen_ensemble,stage6b_deterministic_rules,real
2025-09-05T19:00:00+02:00,2025-09-04T23:00:00+02:00,24,20,M2_GBT_HISTORY,1.8940642017182565,0.24690821950000005,5.2281511665,12.627489378799996,15.059434272649995,3.3187679449000007,0.6,HIGH,24.6,False,EVENING,0.4,PEAK_17_22,"This is a high-risk period because EV charging can coincide with HVAC, cooking and optional high-power loads such as the sauna.",Pool circulation or heating can add to household demand during this period.,stage5_frozen_selected_model,stage6a_frozen_ensemble,stage6b_deterministic_rules,real
2025-09-05T20:00:00+02:00,2025-09-04T23:00:00+02:00,24,21,M2_GBT_HISTORY,1.5986015828574154,0.2544264474,2.9952823825,10.818183061299997,13.875915310549997,3.3187679449000007,0.47,HIGH,23.5,False,EVENING,0.4,PEAK_17_22,"This is a high-risk period because EV charging can coincide with HVAC, cooking and optional high-power loads such as the sauna.",Pool circulation or heating can add to household demand during this period.,stage5_frozen_selected_model,stage6a_frozen_ensemble,stage6b_deterministic_rules,real
2025-09-05T21:00:00+02:00,2025-09-04T23:00:00+02:00,24,22,M2_GBT_HISTORY,1.2979104535588197,0.2048405942,0.9582186975,7.9540463505,9.23213248865,3.3187679449000007,0.33,MEDIUM,22.2,False,EVENING,0.4,PEAK_17_22,"Evening demand can rise when EV charging, HVAC and household activities overlap.",Pool circulation or heating can add to household demand during this period.,stage5_frozen_selected_model,stage6a_frozen_ensemble,stage6b_deterministic_rules,real
2025-09-05T22:00:00+02:00,2025-09-04T23:00:00+02:00,24,23,M2_GBT_HISTORY,1.190230168463004,0.3481445337,0.7999484880000001,6.1264549364999965,8.29068669185,3.3187679449000007,0.145,LOW,21.4,False,EVENING,0.28,STANDARD_22_24,Pool circulation or heating can add to household demand during this period.,,stage5_frozen_selected_model,stage6a_frozen_ensemble,stage6b_deterministic_rules,real
2025-09-05T23:00:00+02:00,2025-09-04T23:00:00+02:00,24,24,M2_GBT_HISTORY,1.1622955412362095,0.31704108459999997,0.5548219595,1.276407944,3.6755687013499903,3.3187679449000007,0.055,LOW,21.9,False,NIGHT,0.28,STANDARD_22_24,"Demand is usually lower overnight, although base loads, HVAC, pool systems and EV charging may remain active.",,stage5_frozen_selected_model,stage6a_frozen_ensemble,stage6b_deterministic_rules,real
2025-09-08T00:00:00+02:00,2025-09-07T23:00:00+02:00,24,1,M2_GBT_HISTORY,1.144031278052306,0.3046981474,0.5205563945,1.5062194807999996,2.257750967399998,3.112946172899999,0.0,LOW,24.3,False,NIGHT,0.18,OFF_PEAK_00_06,"Demand is usually lower overnight, although base loads, HVAC, pool systems and EV charging may remain active.",,stage5_frozen_selected_model,stage6a_frozen_ensemble,stage6b_deterministic_rules,real
2025-09-08T01:00:00+02:00,2025-09-07T23:00:00+02:00,24,2,M2_GBT_HISTORY,1.144031278052306,0.3092762134,0.48068291350000003,0.6612860959,0.6985159463499999,3.112946172899999,0.005,LOW,24.4,False,NIGHT,0.18,OFF_PEAK_00_06,"Demand is usually lower overnight, although base loads, HVAC, pool systems and EV charging may remain active.",,stage5_frozen_selected_model,stage6a_frozen_ensemble,stage6b_deterministic_rules,real
2025-09-08T02:00:00+02:00,2025-09-07T23:00:00+02:00,24,3,M2_GBT_HISTORY,1.144031278052306,0.3148955392,0.484266718,0.6652415521999999,0.700050428,3.112946172899999,0.01,LOW,24.4,False,NIGHT,0.18,OFF_PEAK_00_06,"Demand is usually lower overnight, although base loads, HVAC, pool systems and EV charging may remain active.",,stage5_frozen_selected_model,stage6a_frozen_ensemble,stage6b_deterministic_rules,real
2025-09-08T03:00:00+02:00,2025-09-07T23:00:00+02:00,24,4,M2_GBT_HISTORY,1.144031278052306,0.3206350326,0.4890222955,0.6671398322,0.7086000233999985,3.112946172899999,0.015,LOW,24.2,False,NIGHT,0.18,OFF_PEAK_00_06,"Demand is usually lower overnight, although base loads, HVAC, pool systems and EV charging may remain active.",,stage5_frozen_selected_model,stage6a_frozen_ensemble,stage6b_deterministic_rules,real
2025-09-08T04:00:00+02:00,2025-09-07T23:00:00+02:00,24,5,M2_GBT_HISTORY,1.144031278052306,0.3233875349,0.495691231,0.6793985778,1.8423486047999973,3.112946172899999,0.025,LOW,24.3,False,NIGHT,0.18,OFF_PEAK_00_06,"Demand is usually lower overnight, although base loads, HVAC, pool systems and EV charging may remain active.",,stage5_frozen_selected_model,stage6a_frozen_ensemble,stage6b_deterministic_rules,real
2025-09-08T05:00:00+02:00,2025-09-07T23:00:00+02:00,24,6,M2_GBT_HISTORY,1.144031278052306,0.3257827905,0.5012977395,0.6732418505,1.8235544149999972,3.112946172899999,0.025,LOW,24.4,False,NIGHT,0.18,OFF_PEAK_00_06,"Demand is usually lower overnight, although base loads, HVAC, pool systems and EV charging may remain active.",,stage5_frozen_selected_model,stage6a_frozen_ensemble,stage6b_deterministic_rules,real
2025-09-08T06:00:00+02:00,2025-09-07T23:00:00+02:00,24,7,M2_GBT_HISTORY,1.144031278052306,0.3433815754,0.5981926925,1.8446507779999999,2.777223973649998,3.112946172899999,0.03,LOW,24.3,False,NIGHT,0.28,STANDARD_06_17,Pool circulation or heating can add to household demand during this period.,"Demand is usually lower overnight, although base loads, HVAC, pool systems and EV charging may remain active.",stage5_frozen_selected_model,stage6a_frozen_ensemble,stage6b_deterministic_rules,real
2025-09-08T07:00:00+02:00,2025-09-07T23:00:00+02:00,24,8,M2_GBT_HISTORY,1.144031278052306,0.3927129479,0.9624880925,2.6295574439999996,3.3531553771999976,3.112946172899999,0.065,LOW,24.2,False,MORNING,0.28,STANDARD_06_17,Pool circulation or heating can add to household demand during this period.,,stage5_frozen_selected_model,stage6a_frozen_ensemble,stage6b_deterministic_rules,real
2025-09-08T08:00:00+02:00,2025-09-07T23:00:00+02:00,24,9,M2_GBT_HISTORY,1.144031278052306,0.21220524429999998,0.9489825445000001,2.090266580099999,2.6985610963999993,3.112946172899999,0.035,LOW,24.2,False,MORNING,0.28,STANDARD_06_17,Pool circulation or heating can add to household demand during this period.,,stage5_frozen_selected_model,stage6a_frozen_ensemble,stage6b_deterministic_rules,real
2025-09-08T09:00:00+02:00,2025-09-07T23:00:00+02:00,24,10,M2_GBT_HISTORY,1.144031278052306,0.232032388,1.0318678170000002,1.3392092774,1.3763358797999996,3.112946172899999,0.005,LOW,24.6,False,DAYTIME,0.28,STANDARD_06_17,Pool circulation or heating can add to household demand during this period.,,stage5_frozen_selected_model,stage6a_frozen_ensemble,stage6b_deterministic_rules,real
2025-09-08T10:00:00+02:00,2025-09-07T23:00:00+02:00,24,11,M2_GBT_HISTORY,1.144031278052306,0.5159737059,1.0367001625,1.3344747889,1.39550539395,3.112946172899999,0.02,LOW,24.9,False,DAYTIME,0.28,STANDARD_06_17,Pool circulation or heating can add to household demand during this period.,,stage5_frozen_selected_model,stage6a_frozen_ensemble,stage6b_deterministic_rules,real
2025-09-08T11:00:00+02:00,2025-09-07T23:00:00+02:00,24,12,M2_GBT_HISTORY,1.144031278052306,0.2102457588,1.005408687,1.3730375977000002,2.8270509331499984,3.112946172899999,0.045,LOW,25.8,False,DAYTIME,0.28,STANDARD_06_17,Warm weather can increase cooling demand during this period.,Pool circulation or heating can add to household demand during this period.,stage5_frozen_selected_model,stage6a_frozen_ensemble,stage6b_deterministic_rules,real
2025-09-08T12:00:00+02:00,2025-09-07T23:00:00+02:00,24,13,M2_GBT_HISTORY,1.144031278052306,0.1604255331,0.8556916635,1.5569747951,2.627788707049999,3.112946172899999,0.035,LOW,26.7,False,DAYTIME,0.28,STANDARD_06_17,Warm weather can increase cooling demand during this period.,Pool circulation or heating can add to household demand during this period.,stage5_frozen_selected_model,stage6a_frozen_ensemble,stage6b_deterministic_rules,real
2025-09-08T13:00:00+02:00,2025-09-07T23:00:00+02:00,24,14,M2_GBT_HISTORY,1.1879245030723138,0.15419339140000002,0.5073712035,2.5479769244999995,2.932047629749996,3.112946172899999,0.05,LOW,26.6,False,DAYTIME,0.28,STANDARD_06_17,Warm weather can increase cooling demand during this period.,Pool circulation or heating can add to household demand during this period.,stage5_frozen_selected_model,stage6a_frozen_ensemble,stage6b_deterministic_rules,real
2025-09-08T14:00:00+02:00,2025-09-07T23:00:00+02:00,24,15,M2_GBT_HISTORY,1.1879245030723138,0.143135813,0.291184629,2.338759493499999,2.7954931173,3.112946172899999,0.04,LOW,26.1,False,DAYTIME,0.28,STANDARD_06_17,Warm weather can increase cooling demand during this period.,Pool circulation or heating can add to household demand during this period.,stage5_frozen_selected_model,stage6a_frozen_ensemble,stage6b_deterministic_rules,real
2025-09-08T15:00:00+02:00,2025-09-07T23:00:00+02:00,24,16,M2_GBT_HISTORY,1.2323892124713192,0.1553924776,0.532878568,2.1066138872,2.5324219593499997,3.112946172899999,0.005,LOW,25.9,False,DAYTIME,0.28,STANDARD_06_17,Warm weather can increase cooling demand during this period.,Pool circulation or heating can add to household demand during this period.,stage5_frozen_selected_model,stage6a_frozen_ensemble,stage6b_deterministic_rules,real
2025-09-08T16:00:00+02:00,2025-09-07T23:00:00+02:00,24,17,M2_GBT_HISTORY,1.522839996024382,0.1645017966,1.024185379,3.037824162099999,4.022942935799998,3.112946172899999,0.1,LOW,25.6,False,RETURN_RAMP,0.28,STANDARD_06_17,Warm weather can increase cooling demand during this period.,Pool circulation or heating can add to household demand during this period.,stage5_frozen_selected_model,stage6a_frozen_ensemble,stage6b_deterministic_rules,real
2025-09-08T17:00:00+02:00,2025-09-07T23:00:00+02:00,24,18,M2_GBT_HISTORY,1.7559617335062785,0.32948645930000003,1.756235782,8.794397994599995,10.616891451599999,3.112946172899999,0.32,MEDIUM,24.9,False,RETURN_RAMP,0.4,PEAK_17_22,"Evening demand can rise when EV charging, HVAC and household activities overlap.",Pool circulation or heating can add to household demand during this period.,stage5_frozen_selected_model,stage6a_frozen_ensemble,stage6b_deterministic_rules,real
2025-09-08T18:00:00+02:00,2025-09-07T23:00:00+02:00,24,19,M2_GBT_HISTORY,1.8537143273586523,0.7996172119000001,4.069816342999999,10.225883055799999,12.122861976199996,3.112946172899999,0.545,HIGH,24.6,False,RETURN_RAMP,0.4,PEAK_17_22,"This is a high-risk period because EV charging can coincide with HVAC, cooking and optional high-power loads such as the sauna.",Pool circulation or heating can add to household demand during this period.,stage5_frozen_selected_model,stage6a_frozen_ensemble,stage6b_deterministic_rules,real
2025-09-08T19:00:00+02:00,2025-09-07T23:00:00+02:00,24,20,M2_GBT_HISTORY,1.8976075523786604,0.2200599866,4.137427969,11.2984297853,14.275912220499993,3.112946172899999,0.57,HIGH,24.3,False,EVENING,0.4,PEAK_17_22,"This is a high-risk period because EV charging can coincide with HVAC, cooking and optional high-power loads such as the sauna.",Pool circulation or heating can add to household demand during this period.,stage5_frozen_selected_model,stage6a_frozen_ensemble,stage6b_deterministic_rules,real
2025-09-08T20:00:00+02:00,2025-09-07T23:00:00+02:00,24,21,M2_GBT_HISTORY,1.5377071544625527,0.20070530410000004,2.2717128625000003,8.909013151699995,10.772187643599997,3.112946172899999,0.41,HIGH,23.8,False,EVENING,0.4,PEAK_17_22,"This is a high-risk period because EV charging can coincide with HVAC, cooking and optional high-power loads such as the sauna.",Pool circulation or heating can add to household demand during this period.,stage5_frozen_selected_model,stage6a_frozen_ensemble,stage6b_deterministic_rules,real
2025-09-08T21:00:00+02:00,2025-09-07T23:00:00+02:00,24,22,M2_GBT_HISTORY,1.4399786891697115,0.38327810390000006,1.094814467,7.9410785931,8.633502108849996,3.112946172899999,0.255,MEDIUM,23.6,False,EVENING,0.4,PEAK_17_22,"Evening demand can rise when EV charging, HVAC and household activities overlap.",Pool circulation or heating can add to household demand during this period.,stage5_frozen_selected_model,stage6a_frozen_ensemble,stage6b_deterministic_rules,real
2025-09-08T22:00:00+02:00,2025-09-07T23:00:00+02:00,24,23,M2_GBT_HISTORY,1.3736819947449392,0.3293708524,0.7165034939999999,3.325143604999999,6.844521147999995,3.112946172899999,0.12,LOW,23.6,False,EVENING,0.28,STANDARD_22_24,Pool circulation or heating can add to household demand during this period.,,stage5_frozen_selected_model,stage6a_frozen_ensemble,stage6b_deterministic_rules,real
2025-09-08T23:00:00+02:00,2025-09-07T23:00:00+02:00,24,24,M2_GBT_HISTORY,1.2265636768677473,0.31013227509999997,0.5553664195,1.0878600548,1.2653437977999997,3.112946172899999,0.025,LOW,23.3,False,NIGHT,0.28,STANDARD_22_24,"Demand is usually lower overnight, although base loads, HVAC, pool systems and EV charging may remain active.",,stage5_frozen_selected_model,stage6a_frozen_ensemble,stage6b_deterministic_rules,real
2025-09-11T00:00:00+02:00,2025-09-10T23:00:00+02:00,24,1,M2_GBT_HISTORY,0.9952856121740886,0.3078817022,0.4845618355,0.6635283847,0.7017373864999983,3.343047598300002,0.0,LOW,21.7,False,NIGHT,0.18,OFF_PEAK_00_06,"Demand is usually lower overnight, although base loads, HVAC, pool systems and EV charging may remain active.",,stage5_frozen_selected_model,stage6a_frozen_ensemble,stage6b_deterministic_rules,real
2025-09-11T01:00:00+02:00,2025-09-10T23:00:00+02:00,24,2,M2_GBT_HISTORY,1.0979516674312413,0.3092762134,0.4787980125,0.6480599723999999,0.663987467,3.343047598300002,0.0,LOW,21.1,False,NIGHT,0.18,OFF_PEAK_00_06,"Demand is usually lower overnight, although base loads, HVAC, pool systems and EV charging may remain active.",,stage5_frozen_selected_model,stage6a_frozen_ensemble,stage6b_deterministic_rules,real
2025-09-11T02:00:00+02:00,2025-09-10T23:00:00+02:00,24,3,M2_GBT_HISTORY,1.1191009900772808,0.3122679786,0.481691512,0.6511974301,0.6662559746,3.343047598300002,0.0,LOW,20.2,False,NIGHT,0.18,OFF_PEAK_00_06,"Demand is usually lower overnight, although base loads, HVAC, pool systems and EV charging may remain active.",,stage5_frozen_selected_model,stage6a_frozen_ensemble,stage6b_deterministic_rules,real
2025-09-11T03:00:00+02:00,2025-09-10T23:00:00+02:00,24,4,M2_GBT_HISTORY,1.1191009900772808,0.31371661380000004,0.4830015775,0.6523443012,0.6674900074499999,3.343047598300002,0.0,LOW,19.6,False,NIGHT,0.18,OFF_PEAK_00_06,"Demand is usually lower overnight, although base loads, HVAC, pool systems and EV charging may remain active.",,stage5_frozen_selected_model,stage6a_frozen_ensemble,stage6b_deterministic_rules,real
2025-09-11T04:00:00+02:00,2025-09-10T23:00:00+02:00,24,5,M2_GBT_HISTORY,1.1191009900772808,0.3202192715,0.4878395175,0.6580091371,0.68084417825,3.343047598300002,0.01,LOW,19.0,False,NIGHT,0.18,OFF_PEAK_00_06,"Demand is usually lower overnight, although base loads, HVAC, pool systems and EV charging may remain active.",,stage5_frozen_selected_model,stage6a_frozen_ensemble,stage6b_deterministic_rules,real
2025-09-11T05:00:00+02:00,2025-09-10T23:00:00+02:00,24,6,M2_GBT_HISTORY,1.1191009900772808,0.3240128586,0.49310686449999996,0.683387599,2.883225457249998,3.343047598300002,0.025,LOW,18.7,False,NIGHT,0.18,OFF_PEAK_00_06,"Demand is usually lower overnight, although base loads, HVAC, pool systems and EV charging may remain active.",,stage5_frozen_selected_model,stage6a_frozen_ensemble,stage6b_deterministic_rules,real
2025-09-11T06:00:00+02:00,2025-09-10T23:00:00+02:00,24,7,M2_GBT_HISTORY,1.1191009900772808,0.3662153731,0.6155055105,3.6421392486,4.12782070005,3.343047598300002,0.14,LOW,19.3,False,NIGHT,0.28,STANDARD_06_17,Pool circulation or heating can add to household demand during this period.,"Demand is usually lower overnight, although base loads, HVAC, pool systems and EV charging may remain active.",stage5_frozen_selected_model,stage6a_frozen_ensemble,stage6b_deterministic_rules,real
2025-09-11T07:00:00+02:00,2025-09-10T23:00:00+02:00,24,8,M2_GBT_HISTORY,1.220986478729896,0.40815379360000004,1.302567793,3.9404379419999995,4.626773942049998,3.343047598300002,0.17,LOW,19.4,False,MORNING,0.28,STANDARD_06_17,Pool circulation or heating can add to household demand during this period.,,stage5_frozen_selected_model,stage6a_frozen_ensemble,stage6b_deterministic_rules,real
2025-09-11T08:00:00+02:00,2025-09-10T23:00:00+02:00,24,9,M2_GBT_HISTORY,1.2757727784527082,0.1734445956,1.0091360090000001,3.4219067579999995,4.073970397799992,3.343047598300002,0.115,LOW,19.5,False,MORNING,0.28,STANDARD_06_17,Pool circulation or heating can add to household demand during this period.,,stage5_frozen_selected_model,stage6a_frozen_ensemble,stage6b_deterministic_rules,real
2025-09-11T09:00:00+02:00,2025-09-10T23:00:00+02:00,24,10,M2_GBT_HISTORY,1.173887289800093,0.1853398389,1.012640489,1.3826890635999998,3.065546004699997,3.343047598300002,0.035,LOW,21.8,False,DAYTIME,0.28,STANDARD_06_17,Pool circulation or heating can add to household demand during this period.,,stage5_frozen_selected_model,stage6a_frozen_ensemble,stage6b_deterministic_rules,real
2025-09-11T10:00:00+02:00,2025-09-10T23:00:00+02:00,24,11,M2_GBT_HISTORY,1.1617468123309271,0.20898487770000002,0.9827450984999999,1.3500512457,1.8350091055999835,3.343047598300002,0.03,LOW,22.6,False,DAYTIME,0.28,STANDARD_06_17,Pool circulation or heating can add to household demand during this period.,,stage5_frozen_selected_model,stage6a_frozen_ensemble,stage6b_deterministic_rules,real
2025-09-11T11:00:00+02:00,2025-09-10T23:00:00+02:00,24,12,M2_GBT_HISTORY,1.1617468123309271,0.2208060404,0.984123965,1.3486599471999998,1.8615984938499925,3.343047598300002,0.035,LOW,23.3,False,DAYTIME,0.28,STANDARD_06_17,Pool circulation or heating can add to household demand during this period.,,stage5_frozen_selected_model,stage6a_frozen_ensemble,stage6b_deterministic_rules,real
2025-09-11T12:00:00+02:00,2025-09-10T23:00:00+02:00,24,13,M2_GBT_HISTORY,1.1617468123309271,0.1700798664,0.8989721785,1.3336438360999998,1.8988192767999956,3.343047598300002,0.03,LOW,24.0,False,DAYTIME,0.28,STANDARD_06_17,Pool circulation or heating can add to household demand during this period.,,stage5_frozen_selected_model,stage6a_frozen_ensemble,stage6b_deterministic_rules,real
2025-09-11T13:00:00+02:00,2025-09-10T23:00:00+02:00,24,14,M2_GBT_HISTORY,1.1617468123309271,0.15453245510000002,0.7546657139999999,1.3236680409,1.7342015545499985,3.343047598300002,0.03,LOW,24.5,False,DAYTIME,0.28,STANDARD_06_17,Pool circulation or heating can add to household demand during this period.,,stage5_frozen_selected_model,stage6a_frozen_ensemble,stage6b_deterministic_rules,real
2025-09-11T14:00:00+02:00,2025-09-10T23:00:00+02:00,24,15,M2_GBT_HISTORY,1.1617468123309271,0.14908610390000002,0.2180904085,1.2230545779,1.38779234015,3.343047598300002,0.02,LOW,24.2,False,DAYTIME,0.28,STANDARD_06_17,Pool circulation or heating can add to household demand during this period.,,stage5_frozen_selected_model,stage6a_frozen_ensemble,stage6b_deterministic_rules,real
2025-09-11T15:00:00+02:00,2025-09-10T23:00:00+02:00,24,16,M2_GBT_HISTORY,1.226655892982491,0.14978785760000002,0.407925419,1.1264847567,1.2724595251499997,3.343047598300002,0.015,LOW,23.9,False,DAYTIME,0.28,STANDARD_06_17,Pool circulation or heating can add to household demand during this period.,,stage5_frozen_selected_model,stage6a_frozen_ensemble,stage6b_deterministic_rules,real
2025-09-11T16:00:00+02:00,2025-09-10T23:00:00+02:00,24,17,M2_GBT_HISTORY,1.4427562446747864,0.1600701471,0.893347041,2.411822097699999,4.265408220949996,3.343047598300002,0.08,LOW,23.8,False,RETURN_RAMP,0.28,STANDARD_06_17,Pool circulation or heating can add to household demand during this period.,,stage5_frozen_selected_model,stage6a_frozen_ensemble,stage6b_deterministic_rules,real
2025-09-11T17:00:00+02:00,2025-09-10T23:00:00+02:00,24,18,M2_GBT_HISTORY,1.8197121418765096,0.21125099420000001,1.1421452545,8.2784175343,8.604765906999999,3.343047598300002,0.31,MEDIUM,23.4,False,RETURN_RAMP,0.4,PEAK_17_22,"Evening demand can rise when EV charging, HVAC and household activities overlap.",Pool circulation or heating can add to household demand during this period.,stage5_frozen_selected_model,stage6a_frozen_ensemble,stage6b_deterministic_rules,real
2025-09-11T18:00:00+02:00,2025-09-10T23:00:00+02:00,24,19,M2_GBT_HISTORY,2.2934926528101016,0.20515918640000003,3.3701037305000003,9.605177836,12.618969835699998,3.343047598300002,0.5,HIGH,23.1,False,RETURN_RAMP,0.4,PEAK_17_22,"This is a high-risk period because EV charging can coincide with HVAC, cooking and optional high-power loads such as the sauna.",Pool circulation or heating can add to household demand during this period.,stage5_frozen_selected_model,stage6a_frozen_ensemble,stage6b_deterministic_rules,real
2025-09-11T19:00:00+02:00,2025-09-10T23:00:00+02:00,24,20,M2_GBT_HISTORY,2.3108097192953,0.20608903160000003,3.3960960125,11.414658471799994,15.0950479762,3.343047598300002,0.505,HIGH,22.1,False,EVENING,0.4,PEAK_17_22,"This is a high-risk period because EV charging can coincide with HVAC, cooking and optional high-power loads such as the sauna.",Pool circulation or heating can add to household demand during this period.,stage5_frozen_selected_model,stage6a_frozen_ensemble,stage6b_deterministic_rules,real
2025-09-11T20:00:00+02:00,2025-09-10T23:00:00+02:00,24,21,M2_GBT_HISTORY,2.1149441839336336,0.21482173870000001,2.3613781795,9.573388205999999,11.016827255299999,3.343047598300002,0.4,HIGH,21.7,False,EVENING,0.4,PEAK_17_22,"This is a high-risk period because EV charging can coincide with HVAC, cooking and optional high-power loads such as the sauna.",Pool circulation or heating can add to household demand during this period.,stage5_frozen_selected_model,stage6a_frozen_ensemble,stage6b_deterministic_rules,real
2025-09-11T21:00:00+02:00,2025-09-10T23:00:00+02:00,24,22,M2_GBT_HISTORY,1.5599659778876689,0.41659286440000004,1.1898637074999998,7.262131110099999,8.168442293899998,3.343047598300002,0.245,MEDIUM,21.5,False,EVENING,0.4,PEAK_17_22,"Evening demand can rise when EV charging, HVAC and household activities overlap.",Pool circulation or heating can add to household demand during this period.,stage5_frozen_selected_model,stage6a_frozen_ensemble,stage6b_deterministic_rules,real
2025-09-11T22:00:00+02:00,2025-09-10T23:00:00+02:00,24,23,M2_GBT_HISTORY,1.3979509953506903,0.3669224128,0.6540649265,1.9923152636999992,6.000802876299997,3.343047598300002,0.075,LOW,21.3,False,EVENING,0.28,STANDARD_22_24,Pool circulation or heating can add to household demand during this period.,,stage5_frozen_selected_model,stage6a_frozen_ensemble,stage6b_deterministic_rules,real
2025-09-11T23:00:00+02:00,2025-09-10T23:00:00+02:00,24,24,M2_GBT_HISTORY,1.2311564260465113,0.32756456120000005,0.5476555715,1.0517136901999997,1.22409215105,3.343047598300002,0.01,LOW,21.1,False,NIGHT,0.28,STANDARD_22_24,"Demand is usually lower overnight, although base loads, HVAC, pool systems and EV charging may remain active.",,stage5_frozen_selected_model,stage6a_frozen_ensemble,stage6b_deterministic_rules,real
2025-09-14T00:00:00+02:00,2025-09-13T23:00:00+02:00,24,1,M2_GBT_HISTORY,1.0488704165005514,0.3198499807,0.5192604224999999,0.7007246761,1.0084683480499994,3.481469789,0.03,LOW,21.9,True,NIGHT,0.18,OFF_PEAK_00_06,"Demand is usually lower overnight, although base loads, HVAC, pool systems and EV charging may remain active.",,stage5_frozen_selected_model,stage6a_frozen_ensemble,stage6b_deterministic_rules,real
2025-09-14T01:00:00+02:00,2025-09-13T23:00:00+02:00,24,2,M2_GBT_HISTORY,1.159526831421926,0.3189683386,0.484883253,0.6506715206,0.67552491385,3.481469789,0.005,LOW,21.7,True,NIGHT,0.18,OFF_PEAK_00_06,"Demand is usually lower overnight, although base loads, HVAC, pool systems and EV charging may remain active.",,stage5_frozen_selected_model,stage6a_frozen_ensemble,stage6b_deterministic_rules,real
2025-09-14T02:00:00+02:00,2025-09-13T23:00:00+02:00,24,3,M2_GBT_HISTORY,1.159526831421926,0.3205867772,0.48635788999999996,0.6519626259,0.6700408691499999,3.481469789,0.0,LOW,21.6,True,NIGHT,0.18,OFF_PEAK_00_06,"Demand is usually lower overnight, although base loads, HVAC, pool systems and EV charging may remain active.",,stage5_frozen_selected_model,stage6a_frozen_ensemble,stage6b_deterministic_rules,real
2025-09-14T03:00:00+02:00,2025-09-13T23:00:00+02:00,24,4,M2_GBT_HISTORY,1.159526831421926,0.3219765609,0.48762418949999997,0.6526111793,0.6712997623999999,3.481469789,0.0,LOW,21.3,True,NIGHT,0.18,OFF_PEAK_00_06,"Demand is usually lower overnight, although base loads, HVAC, pool systems and EV charging may remain active.",,stage5_frozen_selected_model,stage6a_frozen_ensemble,stage6b_deterministic_rules,real
2025-09-14T04:00:00+02:00,2025-09-13T23:00:00+02:00,24,5,M2_GBT_HISTORY,1.159526831421926,0.3230429804,0.488595855,0.6535160707,0.6722657439499998,3.481469789,0.0,LOW,21.0,True,NIGHT,0.18,OFF_PEAK_00_06,"Demand is usually lower overnight, although base loads, HVAC, pool systems and EV charging may remain active.",,stage5_frozen_selected_model,stage6a_frozen_ensemble,stage6b_deterministic_rules,real
2025-09-14T05:00:00+02:00,2025-09-13T23:00:00+02:00,24,6,M2_GBT_HISTORY,1.159526831421926,0.3236559542,0.48920667,0.6540849085,0.6728729857499999,3.481469789,0.0,LOW,20.8,True,NIGHT,0.18,OFF_PEAK_00_06,"Demand is usually lower overnight, although base loads, HVAC, pool systems and EV charging may remain active.",,stage5_frozen_selected_model,stage6a_frozen_ensemble,stage6b_deterministic_rules,real
2025-09-14T06:00:00+02:00,2025-09-13T23:00:00+02:00,24,7,M2_GBT_HISTORY,1.159526831421926,0.346908222,0.572325663,1.2447682553999997,1.4089757622,3.481469789,0.01,LOW,20.7,True,NIGHT,0.28,STANDARD_06_17,Pool circulation or heating can add to household demand during this period.,"Demand is usually lower overnight, although base loads, HVAC, pool systems and EV charging may remain active.",stage5_frozen_selected_model,stage6a_frozen_ensemble,stage6b_deterministic_rules,real
2025-09-14T07:00:00+02:00,2025-09-13T23:00:00+02:00,24,8,M2_GBT_HISTORY,1.159526831421926,0.386548656,0.971742216,1.8445386276999998,2.600047116499998,3.481469789,0.02,LOW,20.5,True,MORNING,0.28,STANDARD_06_17,Pool circulation or heating can add to household demand during this period.,Weekend occupancy can increase daytime household activity.,stage5_frozen_selected_model,stage6a_frozen_ensemble,stage6b_deterministic_rules,real
2025-09-14T08:00:00+02:00,2025-09-13T23:00:00+02:00,24,9,M2_GBT_HISTORY,1.2505265670163428,0.1846508059,0.947214733,2.6428744976999994,3.776063977149999,3.481469789,0.06,LOW,20.7,True,MORNING,0.28,STANDARD_06_17,Pool circulation or heating can add to household demand during this period.,Weekend occupancy can increase daytime household activity.,stage5_frozen_selected_model,stage6a_frozen_ensemble,stage6b_deterministic_rules,real
2025-09-14T09:00:00+02:00,2025-09-13T23:00:00+02:00,24,10,M2_GBT_HISTORY,1.2556337737737246,0.21679620589999998,1.050060959,1.3712698038,1.7776451661999944,3.481469789,0.035,LOW,21.6,True,DAYTIME,0.28,STANDARD_06_17,Pool circulation or heating can add to household demand during this period.,Weekend occupancy can increase daytime household activity.,stage5_frozen_selected_model,stage6a_frozen_ensemble,stage6b_deterministic_rules,real
2025-09-14T10:00:00+02:00,2025-09-13T23:00:00+02:00,24,11,M2_GBT_HISTORY,1.3094443679936991,0.3089711506,1.0484917865,1.4315366106,1.6837300164999995,3.481469789,0.025,LOW,22.7,True,DAYTIME,0.28,STANDARD_06_17,Pool circulation or heating can add to household demand during this period.,Weekend occupancy can increase daytime household activity.,stage5_frozen_selected_model,stage6a_frozen_ensemble,stage6b_deterministic_rules,real
2025-09-14T11:00:00+02:00,2025-09-13T23:00:00+02:00,24,12,M2_GBT_HISTORY,1.3094443679936991,0.2103204301,0.975629989,1.573845596,2.359732808799999,3.481469789,0.025,LOW,23.7,True,DAYTIME,0.28,STANDARD_06_17,Pool circulation or heating can add to household demand during this period.,Weekend occupancy can increase daytime household activity.,stage5_frozen_selected_model,stage6a_frozen_ensemble,stage6b_deterministic_rules,real
2025-09-14T12:00:00+02:00,2025-09-13T23:00:00+02:00,24,13,M2_GBT_HISTORY,1.3094443679936991,0.16700941519999998,0.8943365464999999,1.4058364079,2.00400170185,3.481469789,0.015,LOW,24.8,True,DAYTIME,0.28,STANDARD_06_17,Pool circulation or heating can add to household demand during this period.,Weekend occupancy can increase daytime household activity.,stage5_frozen_selected_model,stage6a_frozen_ensemble,stage6b_deterministic_rules,real
2025-09-14T13:00:00+02:00,2025-09-13T23:00:00+02:00,24,14,M2_GBT_HISTORY,1.2374148814448638,0.1525775564,0.4102313445,1.3380535359,1.8336054141999987,3.481469789,0.015,LOW,25.5,True,DAYTIME,0.28,STANDARD_06_17,Warm weather can increase cooling demand during this period.,Pool circulation or heating can add to household demand during this period.,stage5_frozen_selected_model,stage6a_frozen_ensemble,stage6b_deterministic_rules,real
2025-09-14T14:00:00+02:00,2025-09-13T23:00:00+02:00,24,15,M2_GBT_HISTORY,1.2374148814448638,0.1418914818,0.215669683,1.2416563197,1.385058453199999,3.481469789,0.02,LOW,26.1,True,DAYTIME,0.28,STANDARD_06_17,Warm weather can increase cooling demand during this period.,Pool circulation or heating can add to household demand during this period.,stage5_frozen_selected_model,stage6a_frozen_ensemble,stage6b_deterministic_rules,real
2025-09-14T15:00:00+02:00,2025-09-13T23:00:00+02:00,24,16,M2_GBT_HISTORY,1.2374148814448638,0.14924699600000002,0.31767695549999997,1.3338497259000002,2.0356508780999967,3.481469789,0.03,LOW,26.2,True,DAYTIME,0.28,STANDARD_06_17,Warm weather can increase cooling demand during this period.,Pool circulation or heating can add to household demand during this period.,stage5_frozen_selected_model,stage6a_frozen_ensemble,stage6b_deterministic_rules,real
2025-09-14T16:00:00+02:00,2025-09-13T23:00:00+02:00,24,17,M2_GBT_HISTORY,1.542746414592142,0.1783647726,0.8930139595,3.8961091317,6.630553742749996,3.481469789,0.12,LOW,26.1,True,RETURN_RAMP,0.28,STANDARD_06_17,Warm weather can increase cooling demand during this period.,Pool circulation or heating can add to household demand during this period.,stage5_frozen_selected_model,stage6a_frozen_ensemble,stage6b_deterministic_rules,real
2025-09-14T17:00:00+02:00,2025-09-13T23:00:00+02:00,24,18,M2_GBT_HISTORY,1.9626086838580268,0.2701442477000001,1.1892959975,6.8362868258999985,8.16019489725,3.481469789,0.185,LOW,25.6,True,RETURN_RAMP,0.4,PEAK_17_22,Warm weather can increase cooling demand during this period.,Pool circulation or heating can add to household demand during this period.,stage5_frozen_selected_model,stage6a_frozen_ensemble,stage6b_deterministic_rules,real
2025-09-14T18:00:00+02:00,2025-09-13T23:00:00+02:00,24,19,M2_GBT_HISTORY,2.156181091400553,0.22539937630000004,1.4812643035,7.5664141548,8.636079875950001,3.481469789,0.265,MEDIUM,25.3,True,RETURN_RAMP,0.4,PEAK_17_22,"Evening demand can rise when EV charging, HVAC and household activities overlap.",Pool circulation or heating can add to household demand during this period.,stage5_frozen_selected_model,stage6a_frozen_ensemble,stage6b_deterministic_rules,real
2025-09-14T19:00:00+02:00,2025-09-13T23:00:00+02:00,24,20,M2_GBT_HISTORY,2.385144665059212,0.1837633001,2.0366043965,7.948000832999999,8.833180606499997,3.481469789,0.285,MEDIUM,24.4,True,EVENING,0.4,PEAK_17_22,"Evening demand can rise when EV charging, HVAC and household activities overlap.",Pool circulation or heating can add to household demand during this period.,stage5_frozen_selected_model,stage6a_frozen_ensemble,stage6b_deterministic_rules,real
2025-09-14T20:00:00+02:00,2025-09-13T23:00:00+02:00,24,21,M2_GBT_HISTORY,2.0757265321037055,0.2057862234,1.7152690365,8.3250456559,9.595610386599999,3.481469789,0.32,MEDIUM,23.5,True,EVENING,0.4,PEAK_17_22,"Evening demand can rise when EV charging, HVAC and household activities overlap.",Pool circulation or heating can add to household demand during this period.,stage5_frozen_selected_model,stage6a_frozen_ensemble,stage6b_deterministic_rules,real
2025-09-14T21:00:00+02:00,2025-09-13T23:00:00+02:00,24,22,M2_GBT_HISTORY,1.6026479049190183,0.44883680880000004,1.4546928875000003,7.9915496607000005,9.249054044849972,3.481469789,0.32,MEDIUM,23.5,True,EVENING,0.4,PEAK_17_22,"Evening demand can rise when EV charging, HVAC and household activities overlap.",Pool circulation or heating can add to household demand during this period.,stage5_frozen_selected_model,stage6a_frozen_ensemble,stage6b_deterministic_rules,real
2025-09-14T22:00:00+02:00,2025-09-13T23:00:00+02:00,24,23,M2_GBT_HISTORY,1.2957999299185812,0.3591411613,0.695754914,7.973364567,8.161868968450001,3.481469789,0.215,MEDIUM,23.2,True,EVENING,0.28,STANDARD_22_24,"Evening demand can rise when EV charging, HVAC and household activities overlap.",Pool circulation or heating can add to household demand during this period.,stage5_frozen_selected_model,stage6a_frozen_ensemble,stage6b_deterministic_rules,real
2025-09-14T23:00:00+02:00,2025-09-13T23:00:00+02:00,24,24,M2_GBT_HISTORY,1.2374148814448638,0.3283185653,0.5390662079999999,1.4815007122999995,4.458033803049997,3.481469789,0.065,LOW,22.8,True,NIGHT,0.28,STANDARD_22_24,"Demand is usually lower overnight, although base loads, HVAC, pool systems and EV charging may remain active.",,stage5_frozen_selected_model,stage6a_frozen_ensemble,stage6b_deterministic_rules,real
2025-09-17T00:00:00+02:00,2025-09-16T23:00:00+02:00,24,1,M2_GBT_HISTORY,1.2581027710240382,0.3002463641,0.4785287335,0.667362205,0.70734331575,3.7708782645000003,0.005,LOW,22.2,False,NIGHT,0.18,OFF_PEAK_00_06,"Demand is usually lower overnight, although base loads, HVAC, pool systems and EV charging may remain active.",,stage5_frozen_selected_model,stage6a_frozen_ensemble,stage6b_deterministic_rules,real
2025-09-17T01:00:00+02:00,2025-09-16T23:00:00+02:00,24,2,M2_GBT_HISTORY,1.2581027710240382,0.3016357501,0.4731760515,0.6480599723999999,0.6641660538999999,3.7708782645000003,0.0,LOW,22.3,False,NIGHT,0.18,OFF_PEAK_00_06,"Demand is usually lower overnight, although base loads, HVAC, pool systems and EV charging may remain active.",,stage5_frozen_selected_model,stage6a_frozen_ensemble,stage6b_deterministic_rules,real
2025-09-17T02:00:00+02:00,2025-09-16T23:00:00+02:00,24,3,M2_GBT_HISTORY,1.2581027710240382,0.3031467785,0.4746977885,0.6497147819,0.6658584062499999,3.7708782645000003,0.0,LOW,21.7,False,NIGHT,0.18,OFF_PEAK_00_06,"Demand is usually lower overnight, although base loads, HVAC, pool systems and EV charging may remain active.",,stage5_frozen_selected_model,stage6a_frozen_ensemble,stage6b_deterministic_rules,real
2025-09-17T03:00:00+02:00,2025-09-16T23:00:00+02:00,24,4,M2_GBT_HISTORY,1.2581027710240382,0.3044044475,0.4760045335,0.6511357989000001,0.6673116620499999,3.7708782645000003,0.0,LOW,21.5,False,NIGHT,0.18,OFF_PEAK_00_06,"Demand is usually lower overnight, although base loads, HVAC, pool systems and EV charging may remain active.",,stage5_frozen_selected_model,stage6a_frozen_ensemble,stage6b_deterministic_rules,real
2025-09-17T04:00:00+02:00,2025-09-16T23:00:00+02:00,24,5,M2_GBT_HISTORY,1.2581027710240382,0.3054837537,0.4770072345,0.652226184,0.6684267837499999,3.7708782645000003,0.0,LOW,21.1,False,NIGHT,0.18,OFF_PEAK_00_06,"Demand is usually lower overnight, although base loads, HVAC, pool systems and EV charging may remain active.",,stage5_frozen_selected_model,stage6a_frozen_ensemble,stage6b_deterministic_rules,real
2025-09-17T05:00:00+02:00,2025-09-16T23:00:00+02:00,24,6,M2_GBT_HISTORY,1.2581027710240382,0.3060978325,0.477637559,0.6529116287,0.6691277791999999,3.7708782645000003,0.0,LOW,20.8,False,NIGHT,0.18,OFF_PEAK_00_06,"Demand is usually lower overnight, although base loads, HVAC, pool systems and EV charging may remain active.",,stage5_frozen_selected_model,stage6a_frozen_ensemble,stage6b_deterministic_rules,real
2025-09-17T06:00:00+02:00,2025-09-16T23:00:00+02:00,24,7,M2_GBT_HISTORY,1.2581027710240382,0.3242373707,0.5351145575,1.2305030316999996,1.4962178494499991,3.7708782645000003,0.005,LOW,20.8,False,NIGHT,0.28,STANDARD_06_17,Pool circulation or heating can add to household demand during this period.,"Demand is usually lower overnight, although base loads, HVAC, pool systems and EV charging may remain active.",stage5_frozen_selected_model,stage6a_frozen_ensemble,stage6b_deterministic_rules,real
2025-09-17T07:00:00+02:00,2025-09-16T23:00:00+02:00,24,8,M2_GBT_HISTORY,1.2581027710240382,0.35676117500000004,0.8217091835,1.9894692013,2.5386066548499993,3.7708782645000003,0.02,LOW,21.0,False,MORNING,0.28,STANDARD_06_17,Pool circulation or heating can add to household demand during this period.,,stage5_frozen_selected_model,stage6a_frozen_ensemble,stage6b_deterministic_rules,real
2025-09-17T08:00:00+02:00,2025-09-16T23:00:00+02:00,24,9,M2_GBT_HISTORY,1.2581027710240382,0.185614574,0.882425546,2.0711398142,2.7165392727999995,3.7708782645000003,0.025,LOW,21.6,False,MORNING,0.28,STANDARD_06_17,Pool circulation or heating can add to household demand during this period.,,stage5_frozen_selected_model,stage6a_frozen_ensemble,stage6b_deterministic_rules,real
2025-09-17T09:00:00+02:00,2025-09-16T23:00:00+02:00,24,10,M2_GBT_HISTORY,1.2581027710240382,0.2109442889,1.0001129385,1.3204706955,1.36741869265,3.7708782645000003,0.01,LOW,22.3,False,DAYTIME,0.28,STANDARD_06_17,Pool circulation or heating can add to household demand during this period.,,stage5_frozen_selected_model,stage6a_frozen_ensemble,stage6b_deterministic_rules,real
2025-09-17T10:00:00+02:00,2025-09-16T23:00:00+02:00,24,11,M2_GBT_HISTORY,1.2581027710240382,0.22853111210000002,1.0073169100000001,1.3217818288999998,1.3663223091999999,3.7708782645000003,0.015,LOW,23.2,False,DAYTIME,0.28,STANDARD_06_17,Pool circulation or heating can add to household demand during this period.,,stage5_frozen_selected_model,stage6a_frozen_ensemble,stage6b_deterministic_rules,real
2025-09-17T11:00:00+02:00,2025-09-16T23:00:00+02:00,24,12,M2_GBT_HISTORY,1.386183490920272,0.21150808540000002,0.9804348585,1.3204223962,1.3744102535999996,3.7708782645000003,0.005,LOW,24.7,False,DAYTIME,0.28,STANDARD_06_17,Pool circulation or heating can add to household demand during this period.,,stage5_frozen_selected_model,stage6a_frozen_ensemble,stage6b_deterministic_rules,real
2025-09-17T12:00:00+02:00,2025-09-16T23:00:00+02:00,24,13,M2_GBT_HISTORY,1.386183490920272,0.16936686990000002,0.8614872434999999,1.3026229732,1.3664853075999999,3.7708782645000003,0.0,LOW,26.4,False,DAYTIME,0.28,STANDARD_06_17,Warm weather can increase cooling demand during this period.,Pool circulation or heating can add to household demand during this period.,stage5_frozen_selected_model,stage6a_frozen_ensemble,stage6b_deterministic_rules,real
2025-09-17T13:00:00+02:00,2025-09-16T23:00:00+02:00,24,14,M2_GBT_HISTORY,1.386183490920272,0.1454624645,0.528952402,1.2896582343999998,1.3902846118999999,3.7708782645000003,0.02,LOW,27.2,False,DAYTIME,0.28,STANDARD_06_17,Warm weather can increase cooling demand during this period.,Pool circulation or heating can add to household demand during this period.,stage5_frozen_selected_model,stage6a_frozen_ensemble,stage6b_deterministic_rules,real
2025-09-17T14:00:00+02:00,2025-09-16T23:00:00+02:00,24,15,M2_GBT_HISTORY,1.386183490920272,0.1416187692,0.22814686350000002,1.3324207541,2.0158564169499993,3.7708782645000003,0.025,LOW,27.6,False,DAYTIME,0.28,STANDARD_06_17,Warm weather can increase cooling demand during this period.,Pool circulation or heating can add to household demand during this period.,stage5_frozen_selected_model,stage6a_frozen_ensemble,stage6b_deterministic_rules,real
2025-09-17T15:00:00+02:00,2025-09-16T23:00:00+02:00,24,16,M2_GBT_HISTORY,1.386183490920272,0.14766893180000001,0.739254607,2.0484172928999995,2.7734324050499994,3.7708782645000003,0.02,LOW,27.7,False,DAYTIME,0.28,STANDARD_06_17,Warm weather can increase cooling demand during this period.,Pool circulation or heating can add to household demand during this period.,stage5_frozen_selected_model,stage6a_frozen_ensemble,stage6b_deterministic_rules,real
2025-09-17T16:00:00+02:00,2025-09-16T23:00:00+02:00,24,17,M2_GBT_HISTORY,1.5105479948908476,0.179591276,1.2388311505,3.5867630428999973,5.9179606655,3.7708782645000003,0.1,LOW,27.8,False,RETURN_RAMP,0.28,STANDARD_06_17,Warm weather can increase cooling demand during this period.,Pool circulation or heating can add to household demand during this period.,stage5_frozen_selected_model,stage6a_frozen_ensemble,stage6b_deterministic_rules,real
2025-09-17T17:00:00+02:00,2025-09-16T23:00:00+02:00,24,18,M2_GBT_HISTORY,2.161348627213681,0.7436397506,2.595061638,9.392096498699999,10.824096548399993,3.7708782645000003,0.385,MEDIUM,27.6,False,RETURN_RAMP,0.4,PEAK_17_22,"Evening demand can rise when EV charging, HVAC and household activities overlap.",Warm weather can increase cooling demand during this period.,stage5_frozen_selected_model,stage6a_frozen_ensemble,stage6b_deterministic_rules,real
2025-09-17T18:00:00+02:00,2025-09-16T23:00:00+02:00,24,19,M2_GBT_HISTORY,2.645134921026635,0.8638165265000001,4.983872568,11.7988413689,13.655110636299987,3.7708782645000003,0.54,HIGH,27.1,False,RETURN_RAMP,0.4,PEAK_17_22,"This is a high-risk period because EV charging can coincide with HVAC, cooking and optional high-power loads such as the sauna.",Warm weather can increase cooling demand during this period.,stage5_frozen_selected_model,stage6a_frozen_ensemble,stage6b_deterministic_rules,real
2025-09-17T19:00:00+02:00,2025-09-16T23:00:00+02:00,24,20,M2_GBT_HISTORY,3.8860309641170745,0.2204676962,4.8215286619999995,12.549495381899998,16.0385840111,3.7708782645000003,0.555,HIGH,26.0,False,EVENING,0.4,PEAK_17_22,"This is a high-risk period because EV charging can coincide with HVAC, cooking and optional high-power loads such as the sauna.",Warm weather can increase cooling demand during this period.,stage5_frozen_selected_model,stage6a_frozen_ensemble,stage6b_deterministic_rules,real
2025-09-17T20:00:00+02:00,2025-09-16T23:00:00+02:00,24,21,M2_GBT_HISTORY,3.0389685553162593,0.2074823687,2.8853360235,10.086099797400001,12.118453665149998,3.7708782645000003,0.415,HIGH,24.6,False,EVENING,0.4,PEAK_17_22,"This is a high-risk period because EV charging can coincide with HVAC, cooking and optional high-power loads such as the sauna.",Pool circulation or heating can add to household demand during this period.,stage5_frozen_selected_model,stage6a_frozen_ensemble,stage6b_deterministic_rules,real
2025-09-17T21:00:00+02:00,2025-09-16T23:00:00+02:00,24,22,M2_GBT_HISTORY,2.0045724178790976,0.31382498980000006,1.2053874075,7.9225961797,8.554096099950002,3.7708782645000003,0.255,MEDIUM,23.8,False,EVENING,0.4,PEAK_17_22,"Evening demand can rise when EV charging, HVAC and household activities overlap.",Pool circulation or heating can add to household demand during this period.,stage5_frozen_selected_model,stage6a_frozen_ensemble,stage6b_deterministic_rules,real
2025-09-17T22:00:00+02:00,2025-09-16T23:00:00+02:00,24,23,M2_GBT_HISTORY,1.2581027710240382,0.3189170657,0.6517830600000001,1.9956125771999982,5.835460441199986,3.7708782645000003,0.075,LOW,23.7,False,EVENING,0.28,STANDARD_22_24,Pool circulation or heating can add to household demand during this period.,,stage5_frozen_selected_model,stage6a_frozen_ensemble,stage6b_deterministic_rules,real
2025-09-17T23:00:00+02:00,2025-09-16T23:00:00+02:00,24,24,M2_GBT_HISTORY,1.386183490920272,0.2983917636,0.534578415,1.0600407913999996,1.2752924397999996,3.7708782645000003,0.02,LOW,23.5,False,NIGHT,0.28,STANDARD_22_24,"Demand is usually lower overnight, although base loads, HVAC, pool systems and EV charging may remain active.",,stage5_frozen_selected_model,stage6a_frozen_ensemble,stage6b_deterministic_rules,real
2025-09-20T00:00:00+02:00,2025-09-19T23:00:00+02:00,24,1,M2_GBT_HISTORY,0.9897289543547926,0.31372299000000003,0.5186666575000001,0.6778701686999999,0.83600946665,3.7975427456000026,0.0,LOW,23.2,True,NIGHT,0.18,OFF_PEAK_00_06,"Demand is usually lower overnight, although base loads, HVAC, pool systems and EV charging may remain active.",,stage5_frozen_selected_model,stage6a_frozen_ensemble,stage6b_deterministic_rules,real
2025-09-20T01:00:00+02:00,2025-09-19T23:00:00+02:00,24,2,M2_GBT_HISTORY,1.1996713209267236,0.31500222330000005,0.482710967,0.6498618703,0.6685748573499999,3.7975427456000026,0.0,LOW,22.9,True,NIGHT,0.18,OFF_PEAK_00_06,"Demand is usually lower overnight, although base loads, HVAC, pool systems and EV charging may remain active.",,stage5_frozen_selected_model,stage6a_frozen_ensemble,stage6b_deterministic_rules,real
2025-09-20T02:00:00+02:00,2025-09-19T23:00:00+02:00,24,3,M2_GBT_HISTORY,1.3036465687058114,0.3177119435,0.485076469,0.6514319019,0.6770379761499999,3.7975427456000026,0.0,LOW,22.8,True,NIGHT,0.18,OFF_PEAK_00_06,"Demand is usually lower overnight, although base loads, HVAC, pool systems and EV charging may remain active.",,stage5_frozen_selected_model,stage6a_frozen_ensemble,stage6b_deterministic_rules,real
2025-09-20T03:00:00+02:00,2025-09-19T23:00:00+02:00,24,4,M2_GBT_HISTORY,1.3036465687058114,0.3224739626,0.486731881,0.653071324,0.67969919955,3.7975427456000026,0.005,LOW,22.8,True,NIGHT,0.18,OFF_PEAK_00_06,"Demand is usually lower overnight, although base loads, HVAC, pool systems and EV charging may remain active.",,stage5_frozen_selected_model,stage6a_frozen_ensemble,stage6b_deterministic_rules,real
2025-09-20T04:00:00+02:00,2025-09-19T23:00:00+02:00,24,5,M2_GBT_HISTORY,1.3036465687058114,0.3233875349,0.4878395175,0.6535160707,0.6793282268999999,3.7975427456000026,0.005,LOW,22.7,True,NIGHT,0.18,OFF_PEAK_00_06,"Demand is usually lower overnight, although base loads, HVAC, pool systems and EV charging may remain active.",,stage5_frozen_selected_model,stage6a_frozen_ensemble,stage6b_deterministic_rules,real
2025-09-20T05:00:00+02:00,2025-09-19T23:00:00+02:00,24,6,M2_GBT_HISTORY,1.3036465687058114,0.3240128586,0.488535807,0.6540849085,0.6728729857499999,3.7975427456000026,0.0,LOW,22.4,True,NIGHT,0.18,OFF_PEAK_00_06,"Demand is usually lower overnight, although base loads, HVAC, pool systems and EV charging may remain active.",,stage5_frozen_selected_model,stage6a_frozen_ensemble,stage6b_deterministic_rules,real
2025-09-20T06:00:00+02:00,2025-09-19T23:00:00+02:00,24,7,M2_GBT_HISTORY,1.3036465687058114,0.33963197840000003,0.562490487,1.1195128114,1.45818934385,3.7975427456000026,0.0,LOW,22.3,True,NIGHT,0.28,STANDARD_06_17,Pool circulation or heating can add to household demand during this period.,"Demand is usually lower overnight, although base loads, HVAC, pool systems and EV charging may remain active.",stage5_frozen_selected_model,stage6a_frozen_ensemble,stage6b_deterministic_rules,real
2025-09-20T07:00:00+02:00,2025-09-19T23:00:00+02:00,24,8,M2_GBT_HISTORY,1.3657979780651799,0.3710383815,0.7057759855000001,1.8407886775,2.483347257449999,3.7975427456000026,0.01,LOW,22.0,True,MORNING,0.28,STANDARD_06_17,Pool circulation or heating can add to household demand during this period.,Weekend occupancy can increase daytime household activity.,stage5_frozen_selected_model,stage6a_frozen_ensemble,stage6b_deterministic_rules,real
2025-09-20T08:00:00+02:00,2025-09-19T23:00:00+02:00,24,9,M2_GBT_HISTORY,1.3657979780651799,0.1836889686,0.8436291140000001,1.6561408058999991,2.6186764729999994,3.7975427456000026,0.02,LOW,22.1,True,MORNING,0.28,STANDARD_06_17,Pool circulation or heating can add to household demand during this period.,Weekend occupancy can increase daytime household activity.,stage5_frozen_selected_model,stage6a_frozen_ensemble,stage6b_deterministic_rules,real
2025-09-20T09:00:00+02:00,2025-09-19T23:00:00+02:00,24,10,M2_GBT_HISTORY,1.3657979780651799,0.2157062987,1.0009210065,1.3252679776,1.3810835022999994,3.7975427456000026,0.03,LOW,22.9,True,DAYTIME,0.28,STANDARD_06_17,Pool circulation or heating can add to household demand during this period.,Weekend occupancy can increase daytime household activity.,stage5_frozen_selected_model,stage6a_frozen_ensemble,stage6b_deterministic_rules,real
2025-09-20T10:00:00+02:00,2025-09-19T23:00:00+02:00,24,11,M2_GBT_HISTORY,1.3657979780651799,0.25132406590000006,1.0704176925,1.3867550967,2.4312909221999965,3.7975427456000026,0.03,LOW,24.0,True,DAYTIME,0.28,STANDARD_06_17,Pool circulation or heating can add to household demand during this period.,Weekend occupancy can increase daytime household activity.,stage5_frozen_selected_model,stage6a_frozen_ensemble,stage6b_deterministic_rules,real
2025-09-20T11:00:00+02:00,2025-09-19T23:00:00+02:00,24,12,M2_GBT_HISTORY,1.3657979780651799,0.33788326160000004,1.049427284,1.4342120057999999,2.6344273137999945,3.7975427456000026,0.04,LOW,25.3,True,DAYTIME,0.28,STANDARD_06_17,Pool circulation or heating can add to household demand during this period.,Weekend occupancy can increase daytime household activity.,stage5_frozen_selected_model,stage6a_frozen_ensemble,stage6b_deterministic_rules,real
2025-09-20T12:00:00+02:00,2025-09-19T23:00:00+02:00,24,13,M2_GBT_HISTORY,1.3657979780651799,0.179721073,0.954704399,1.3969560292,2.619961156499999,3.7975427456000026,0.025,LOW,25.9,True,DAYTIME,0.28,STANDARD_06_17,Warm weather can increase cooling demand during this period.,Pool circulation or heating can add to household demand during this period.,stage5_frozen_selected_model,stage6a_frozen_ensemble,stage6b_deterministic_rules,real
2025-09-20T13:00:00+02:00,2025-09-19T23:00:00+02:00,24,14,M2_GBT_HISTORY,1.3657979780651799,0.1642671992,0.7887637535,1.7916293024999999,2.639759332799997,3.7975427456000026,0.01,LOW,26.1,True,DAYTIME,0.28,STANDARD_06_17,Warm weather can increase cooling demand during this period.,Pool circulation or heating can add to household demand during this period.,stage5_frozen_selected_model,stage6a_frozen_ensemble,stage6b_deterministic_rules,real
2025-09-20T14:00:00+02:00,2025-09-19T23:00:00+02:00,24,15,M2_GBT_HISTORY,1.3036465687058114,0.1543513231,0.5759986875,2.190744534099999,2.7071973332499986,3.7975427456000026,0.01,LOW,26.0,True,DAYTIME,0.28,STANDARD_06_17,Warm weather can increase cooling demand during this period.,Pool circulation or heating can add to household demand during this period.,stage5_frozen_selected_model,stage6a_frozen_ensemble,stage6b_deterministic_rules,real
2025-09-20T15:00:00+02:00,2025-09-19T23:00:00+02:00,24,16,M2_GBT_HISTORY,1.3657979780651799,0.15710894120000002,0.818161677,2.5708936996999996,2.879463973749989,3.7975427456000026,0.04,LOW,25.9,True,DAYTIME,0.28,STANDARD_06_17,Warm weather can increase cooling demand during this period.,Pool circulation or heating can add to household demand during this period.,stage5_frozen_selected_model,stage6a_frozen_ensemble,stage6b_deterministic_rules,real
2025-09-20T16:00:00+02:00,2025-09-19T23:00:00+02:00,24,17,M2_GBT_HISTORY,1.6737960124866391,0.2035958254,1.0999708435,5.707524820199997,8.353815876699997,3.7975427456000026,0.145,LOW,25.9,True,RETURN_RAMP,0.28,STANDARD_06_17,Warm weather can increase cooling demand during this period.,Pool circulation or heating can add to household demand during this period.,stage5_frozen_selected_model,stage6a_frozen_ensemble,stage6b_deterministic_rules,real
2025-09-20T17:00:00+02:00,2025-09-19T23:00:00+02:00,24,18,M2_GBT_HISTORY,2.2031317901881096,0.2762252428,1.2983032115,8.383297732099999,9.517522498899996,3.7975427456000026,0.19,LOW,25.7,True,RETURN_RAMP,0.4,PEAK_17_22,Warm weather can increase cooling demand during this period.,Pool circulation or heating can add to household demand during this period.,stage5_frozen_selected_model,stage6a_frozen_ensemble,stage6b_deterministic_rules,real
2025-09-20T18:00:00+02:00,2025-09-19T23:00:00+02:00,24,19,M2_GBT_HISTORY,2.41646286630898,0.1963519936,1.573788933,8.250165331299998,9.3384740595,3.7975427456000026,0.26,MEDIUM,25.2,True,RETURN_RAMP,0.4,PEAK_17_22,"Evening demand can rise when EV charging, HVAC and household activities overlap.",Pool circulation or heating can add to household demand during this period.,stage5_frozen_selected_model,stage6a_frozen_ensemble,stage6b_deterministic_rules,real
2025-09-20T19:00:00+02:00,2025-09-19T23:00:00+02:00,24,20,M2_GBT_HISTORY,2.8130093972962196,0.18841286110000002,2.0937948155,8.6487827672,10.187291467249999,3.7975427456000026,0.275,MEDIUM,24.8,True,EVENING,0.4,PEAK_17_22,"Evening demand can rise when EV charging, HVAC and household activities overlap.",Pool circulation or heating can add to household demand during this period.,stage5_frozen_selected_model,stage6a_frozen_ensemble,stage6b_deterministic_rules,real
2025-09-20T20:00:00+02:00,2025-09-19T23:00:00+02:00,24,21,M2_GBT_HISTORY,2.351872848294578,0.20127068960000002,1.9844072465,9.009263983099997,10.574838524799995,3.7975427456000026,0.335,MEDIUM,23.9,True,EVENING,0.4,PEAK_17_22,"Evening demand can rise when EV charging, HVAC and household activities overlap.",Pool circulation or heating can add to household demand during this period.,stage5_frozen_selected_model,stage6a_frozen_ensemble,stage6b_deterministic_rules,real
2025-09-20T21:00:00+02:00,2025-09-19T23:00:00+02:00,24,22,M2_GBT_HISTORY,1.7227556728082003,0.414194652,1.3688332019999998,8.0252381757,8.6322753263,3.7975427456000026,0.3,MEDIUM,24.3,True,EVENING,0.4,PEAK_17_22,"Evening demand can rise when EV charging, HVAC and household activities overlap.",Pool circulation or heating can add to household demand during this period.,stage5_frozen_selected_model,stage6a_frozen_ensemble,stage6b_deterministic_rules,real
2025-09-20T22:00:00+02:00,2025-09-19T23:00:00+02:00,24,23,M2_GBT_HISTORY,1.3036465687058114,0.3976103063,0.784170402,7.8036692156,8.3778001437,3.7975427456000026,0.19,LOW,24.1,True,EVENING,0.28,STANDARD_22_24,Pool circulation or heating can add to household demand during this period.,,stage5_frozen_selected_model,stage6a_frozen_ensemble,stage6b_deterministic_rules,real
2025-09-20T23:00:00+02:00,2025-09-19T23:00:00+02:00,24,24,M2_GBT_HISTORY,1.3036465687058114,0.3433146252,0.601755056,3.8499928611999987,6.2982328127499745,3.7975427456000026,0.105,LOW,23.9,True,NIGHT,0.28,STANDARD_22_24,"Demand is usually lower overnight, although base loads, HVAC, pool systems and EV charging may remain active.",,stage5_frozen_selected_model,stage6a_frozen_ensemble,stage6b_deterministic_rules,real
2025-09-23T00:00:00+02:00,2025-09-22T23:00:00+02:00,24,1,M2_GBT_HISTORY,4.665950744791121,0.2923441621,0.590276917,3.680115548,4.12251776905,4.509140465700005,0.01,LOW,18.5,False,NIGHT,0.18,OFF_PEAK_00_06,"Demand is usually lower overnight, although base loads, HVAC, pool systems and EV charging may remain active.",,stage5_frozen_selected_model,stage6a_frozen_ensemble,stage6b_deterministic_rules,real
2025-09-23T01:00:00+02:00,2025-09-22T23:00:00+02:00,24,2,M2_GBT_HISTORY,2.7237563383727634,0.30043253940000003,0.607033322,3.8841896451999998,4.152460857,4.509140465700005,0.005,LOW,17.9,False,NIGHT,0.18,OFF_PEAK_00_06,"Demand is usually lower overnight, although base loads, HVAC, pool systems and EV charging may remain active.",,stage5_frozen_selected_model,stage6a_frozen_ensemble,stage6b_deterministic_rules,real
2025-09-23T02:00:00+02:00,2025-09-22T23:00:00+02:00,24,3,M2_GBT_HISTORY,1.8942884375621634,0.30376903489999996,0.641391991,3.7884500906,4.16854333345,4.509140465700005,0.015,LOW,17.1,False,NIGHT,0.18,OFF_PEAK_00_06,"Demand is usually lower overnight, although base loads, HVAC, pool systems and EV charging may remain active.",,stage5_frozen_selected_model,stage6a_frozen_ensemble,stage6b_deterministic_rules,real
2025-09-23T03:00:00+02:00,2025-09-22T23:00:00+02:00,24,4,M2_GBT_HISTORY,1.344166478771328,0.30611217409999997,2.4172061905,3.9310911252,4.1487175413,4.509140465700005,0.015,LOW,16.6,False,NIGHT,0.18,OFF_PEAK_00_06,"Demand is usually lower overnight, although base loads, HVAC, pool systems and EV charging may remain active.",,stage5_frozen_selected_model,stage6a_frozen_ensemble,stage6b_deterministic_rules,real
2025-09-23T04:00:00+02:00,2025-09-22T23:00:00+02:00,24,5,M2_GBT_HISTORY,1.344166478771328,0.31642009000000004,2.898812013,4.112689222099999,4.2723501629,4.509140465700005,0.015,LOW,15.9,False,NIGHT,0.18,OFF_PEAK_00_06,"Demand is usually lower overnight, although base loads, HVAC, pool systems and EV charging may remain active.",,stage5_frozen_selected_model,stage6a_frozen_ensemble,stage6b_deterministic_rules,real
2025-09-23T05:00:00+02:00,2025-09-22T23:00:00+02:00,24,6,M2_GBT_HISTORY,1.344166478771328,0.3855622381,2.8140039985,4.082762067499999,4.234130886249999,4.509140465700005,0.015,LOW,15.7,False,NIGHT,0.18,OFF_PEAK_00_06,"Demand is usually lower overnight, although base loads, HVAC, pool systems and EV charging may remain active.",,stage5_frozen_selected_model,stage6a_frozen_ensemble,stage6b_deterministic_rules,real
2025-09-23T06:00:00+02:00,2025-09-22T23:00:00+02:00,24,7,M2_GBT_HISTORY,1.3860106659902678,1.3394099438,3.358314257,4.4423593481,4.671629790199999,4.509140465700005,0.075,LOW,15.6,False,NIGHT,0.28,STANDARD_06_17,Pool circulation or heating can add to household demand during this period.,"Demand is usually lower overnight, although base loads, HVAC, pool systems and EV charging may remain active.",stage5_frozen_selected_model,stage6a_frozen_ensemble,stage6b_deterministic_rules,real
2025-09-23T07:00:00+02:00,2025-09-22T23:00:00+02:00,24,8,M2_GBT_HISTORY,1.3860106659902678,1.1578827188999998,3.6484346555,5.147696239899999,5.656459278,4.509140465700005,0.205,MEDIUM,15.5,False,MORNING,0.28,STANDARD_06_17,Pool circulation or heating can add to household demand during this period.,,stage5_frozen_selected_model,stage6a_frozen_ensemble,stage6b_deterministic_rules,real
2025-09-23T08:00:00+02:00,2025-09-22T23:00:00+02:00,24,9,M2_GBT_HISTORY,1.3860106659902678,0.9595625238,3.4618208575000002,5.028867652299999,5.640539657099999,4.509140465700005,0.195,LOW,15.3,False,MORNING,0.28,STANDARD_06_17,Pool circulation or heating can add to household demand during this period.,,stage5_frozen_selected_model,stage6a_frozen_ensemble,stage6b_deterministic_rules,real
2025-09-23T09:00:00+02:00,2025-09-22T23:00:00+02:00,24,10,M2_GBT_HISTORY,1.3860106659902678,0.24713764500000002,1.2554799460000001,4.508704949499999,4.935269911199999,4.509140465700005,0.1,LOW,16.5,False,DAYTIME,0.28,STANDARD_06_17,Pool circulation or heating can add to household demand during this period.,,stage5_frozen_selected_model,stage6a_frozen_ensemble,stage6b_deterministic_rules,real
2025-09-23T10:00:00+02:00,2025-09-22T23:00:00+02:00,24,11,M2_GBT_HISTORY,1.3860106659902678,0.40462675220000016,1.129373111,4.7090015943,5.7480244140000005,4.509140465700005,0.11,LOW,17.7,False,DAYTIME,0.28,STANDARD_06_17,Pool circulation or heating can add to household demand during this period.,,stage5_frozen_selected_model,stage6a_frozen_ensemble,stage6b_deterministic_rules,real
2025-09-23T11:00:00+02:00,2025-09-22T23:00:00+02:00,24,12,M2_GBT_HISTORY,1.3860106659902678,0.32525410440000013,1.3052987950000001,5.0768905338999994,6.252691634999985,4.509140465700005,0.18,LOW,18.4,False,DAYTIME,0.28,STANDARD_06_17,Pool circulation or heating can add to household demand during this period.,,stage5_frozen_selected_model,stage6a_frozen_ensemble,stage6b_deterministic_rules,real
2025-09-23T12:00:00+02:00,2025-09-22T23:00:00+02:00,24,13,M2_GBT_HISTORY,1.3860106659902678,0.1833497889,1.382508704,4.8807403184,6.093346108799992,4.509140465700005,0.13,LOW,19.7,False,DAYTIME,0.28,STANDARD_06_17,Pool circulation or heating can add to household demand during this period.,,stage5_frozen_selected_model,stage6a_frozen_ensemble,stage6b_deterministic_rules,real
2025-09-23T13:00:00+02:00,2025-09-22T23:00:00+02:00,24,14,M2_GBT_HISTORY,1.344166478771328,0.1546229381,0.8235225879999999,3.5977530863999996,4.603310475449998,4.509140465700005,0.055,LOW,20.1,False,DAYTIME,0.28,STANDARD_06_17,Pool circulation or heating can add to household demand during this period.,,stage5_frozen_selected_model,stage6a_frozen_ensemble,stage6b_deterministic_rules,real
2025-09-23T14:00:00+02:00,2025-09-22T23:00:00+02:00,24,15,M2_GBT_HISTORY,1.344166478771328,0.14224709259999999,0.2192023585,2.9180126757999996,4.272566931099997,4.509140465700005,0.04,LOW,20.6,False,DAYTIME,0.28,STANDARD_06_17,Pool circulation or heating can add to household demand during this period.,,stage5_frozen_selected_model,stage6a_frozen_ensemble,stage6b_deterministic_rules,real
2025-09-23T15:00:00+02:00,2025-09-22T23:00:00+02:00,24,16,M2_GBT_HISTORY,1.344166478771328,0.14959204280000002,0.4458233215,2.4126781915,3.3237008613499985,4.509140465700005,0.015,LOW,20.2,False,DAYTIME,0.28,STANDARD_06_17,Pool circulation or heating can add to household demand during this period.,,stage5_frozen_selected_model,stage6a_frozen_ensemble,stage6b_deterministic_rules,real
2025-09-23T16:00:00+02:00,2025-09-22T23:00:00+02:00,24,17,M2_GBT_HISTORY,1.8011142438096919,0.1733421292,0.962046282,4.081659029199999,4.779102637099998,4.509140465700005,0.07,LOW,19.7,False,RETURN_RAMP,0.28,STANDARD_06_17,Pool circulation or heating can add to household demand during this period.,,stage5_frozen_selected_model,stage6a_frozen_ensemble,stage6b_deterministic_rules,real
2025-09-23T17:00:00+02:00,2025-09-22T23:00:00+02:00,24,18,M2_GBT_HISTORY,2.428787841705512,0.4771266301,2.129608984,9.293407200499999,11.8593615449,4.509140465700005,0.32,MEDIUM,18.4,False,RETURN_RAMP,0.4,PEAK_17_22,"Evening demand can rise when EV charging, HVAC and household activities overlap.",Pool circulation or heating can add to household demand during this period.,stage5_frozen_selected_model,stage6a_frozen_ensemble,stage6b_deterministic_rules,real
2025-09-23T18:00:00+02:00,2025-09-22T23:00:00+02:00,24,19,M2_GBT_HISTORY,2.668296212299657,0.7944306980000001,4.4865322435,12.3869431009,13.80209793439997,4.509140465700005,0.5,HIGH,18.1,False,RETURN_RAMP,0.4,PEAK_17_22,"This is a high-risk period because EV charging can coincide with HVAC, cooking and optional high-power loads such as the sauna.",Pool circulation or heating can add to household demand during this period.,stage5_frozen_selected_model,stage6a_frozen_ensemble,stage6b_deterministic_rules,real
2025-09-23T19:00:00+02:00,2025-09-22T23:00:00+02:00,24,20,M2_GBT_HISTORY,4.007861135073007,0.38784443720000006,5.731880317,13.068834491199999,16.706832505149993,4.509140465700005,0.6,HIGH,17.0,False,EVENING,0.4,PEAK_17_22,"This is a high-risk period because EV charging can coincide with HVAC, cooking and optional high-power loads such as the sauna.",Pool circulation or heating can add to household demand during this period.,stage5_frozen_selected_model,stage6a_frozen_ensemble,stage6b_deterministic_rules,real
2025-09-23T20:00:00+02:00,2025-09-22T23:00:00+02:00,24,21,M2_GBT_HISTORY,3.429107570184758,0.30694144410000007,4.522175385000001,11.3789028894,13.529274330949997,4.509140465700005,0.5,HIGH,16.6,False,EVENING,0.4,PEAK_17_22,"This is a high-risk period because EV charging can coincide with HVAC, cooking and optional high-power loads such as the sauna.",Pool circulation or heating can add to household demand during this period.,stage5_frozen_selected_model,stage6a_frozen_ensemble,stage6b_deterministic_rules,real
2025-09-23T21:00:00+02:00,2025-09-22T23:00:00+02:00,24,22,M2_GBT_HISTORY,2.1236451713421034,0.5142097014,3.867176432,10.564663691,11.974352590699993,4.509140465700005,0.35,MEDIUM,16.7,False,EVENING,0.4,PEAK_17_22,"Evening demand can rise when EV charging, HVAC and household activities overlap.",Pool circulation or heating can add to household demand during this period.,stage5_frozen_selected_model,stage6a_frozen_ensemble,stage6b_deterministic_rules,real
2025-09-23T22:00:00+02:00,2025-09-22T23:00:00+02:00,24,23,M2_GBT_HISTORY,1.54246299097057,0.4211773265,3.143792842,7.456560547699999,10.692099574999999,4.509140465700005,0.165,LOW,16.8,False,EVENING,0.28,STANDARD_22_24,Pool circulation or heating can add to household demand during this period.,,stage5_frozen_selected_model,stage6a_frozen_ensemble,stage6b_deterministic_rules,real
2025-09-23T23:00:00+02:00,2025-09-22T23:00:00+02:00,24,24,M2_GBT_HISTORY,1.3860106659902678,0.4117374095,2.7383191594999996,4.390217375999999,5.239765261049996,4.509140465700005,0.085,LOW,16.5,False,NIGHT,0.28,STANDARD_22_24,"Demand is usually lower overnight, although base loads, HVAC, pool systems and EV charging may remain active.",,stage5_frozen_selected_model,stage6a_frozen_ensemble,stage6b_deterministic_rules,real
2025-09-26T00:00:00+02:00,2025-09-25T23:00:00+02:00,24,1,M2_GBT_HISTORY,1.0251347519692304,0.3319768455,2.1932124170000002,4.0803003987,4.21847399455,4.728316851300005,0.005,LOW,17.6,False,NIGHT,0.18,OFF_PEAK_00_06,"Demand is usually lower overnight, although base loads, HVAC, pool systems and EV charging may remain active.",,stage5_frozen_selected_model,stage6a_frozen_ensemble,stage6b_deterministic_rules,real
2025-09-26T01:00:00+02:00,2025-09-25T23:00:00+02:00,24,2,M2_GBT_HISTORY,1.2159887328555232,0.335023861,2.2689557574999997,3.9855119859999997,4.21140143605,4.728316851300005,0.0,LOW,17.4,False,NIGHT,0.18,OFF_PEAK_00_06,"Demand is usually lower overnight, although base loads, HVAC, pool systems and EV charging may remain active.",,stage5_frozen_selected_model,stage6a_frozen_ensemble,stage6b_deterministic_rules,real
2025-09-26T02:00:00+02:00,2025-09-25T23:00:00+02:00,24,3,M2_GBT_HISTORY,1.428763561595639,0.3451818995,2.3431848935,4.0138645736,4.213080048899999,4.728316851300005,0.005,LOW,17.4,False,NIGHT,0.18,OFF_PEAK_00_06,"Demand is usually lower overnight, although base loads, HVAC, pool systems and EV charging may remain active.",,stage5_frozen_selected_model,stage6a_frozen_ensemble,stage6b_deterministic_rules,real
2025-09-26T03:00:00+02:00,2025-09-25T23:00:00+02:00,24,4,M2_GBT_HISTORY,1.428763561595639,0.37420622610000004,2.294644718,4.0811631767,4.195249039499999,4.728316851300005,0.005,LOW,17.2,False,NIGHT,0.18,OFF_PEAK_00_06,"Demand is usually lower overnight, although base loads, HVAC, pool systems and EV charging may remain active.",,stage5_frozen_selected_model,stage6a_frozen_ensemble,stage6b_deterministic_rules,real
2025-09-26T04:00:00+02:00,2025-09-25T23:00:00+02:00,24,5,M2_GBT_HISTORY,1.428763561595639,0.3969274438,2.455410464,3.9753533236,4.1729909023,4.728316851300005,0.01,LOW,16.9,False,NIGHT,0.18,OFF_PEAK_00_06,"Demand is usually lower overnight, although base loads, HVAC, pool systems and EV charging may remain active.",,stage5_frozen_selected_model,stage6a_frozen_ensemble,stage6b_deterministic_rules,real
2025-09-26T05:00:00+02:00,2025-09-25T23:00:00+02:00,24,6,M2_GBT_HISTORY,1.3298877314800333,0.3696936024,2.6578341744999996,4.0568182537,4.340049317849999,4.728316851300005,0.01,LOW,16.5,False,NIGHT,0.18,OFF_PEAK_00_06,"Demand is usually lower overnight, although base loads, HVAC, pool systems and EV charging may remain active.",,stage5_frozen_selected_model,stage6a_frozen_ensemble,stage6b_deterministic_rules,real
2025-09-26T06:00:00+02:00,2025-09-25T23:00:00+02:00,24,7,M2_GBT_HISTORY,1.428763561595639,0.483489614,3.0537357475,4.3945420596,4.635639634999999,4.728316851300005,0.035,LOW,16.1,False,NIGHT,0.28,STANDARD_06_17,Pool circulation or heating can add to household demand during this period.,"Demand is usually lower overnight, although base loads, HVAC, pool systems and EV charging may remain active.",stage5_frozen_selected_model,stage6a_frozen_ensemble,stage6b_deterministic_rules,real
2025-09-26T07:00:00+02:00,2025-09-25T23:00:00+02:00,24,8,M2_GBT_HISTORY,1.428763561595639,0.9930196025,3.566564766,5.2529286795,5.4717119684,4.728316851300005,0.125,LOW,16.3,False,MORNING,0.28,STANDARD_06_17,Pool circulation or heating can add to household demand during this period.,,stage5_frozen_selected_model,stage6a_frozen_ensemble,stage6b_deterministic_rules,real
2025-09-26T08:00:00+02:00,2025-09-25T23:00:00+02:00,24,9,M2_GBT_HISTORY,1.489038060918909,0.2780456310000001,3.1765816664999997,4.825483557499999,5.6486807838999935,4.728316851300005,0.115,LOW,16.9,False,MORNING,0.28,STANDARD_06_17,Pool circulation or heating can add to household demand during this period.,,stage5_frozen_selected_model,stage6a_frozen_ensemble,stage6b_deterministic_rules,real
2025-09-26T09:00:00+02:00,2025-09-25T23:00:00+02:00,24,10,M2_GBT_HISTORY,1.3568433541085325,0.1897904531,1.102240327,4.2580572137,4.887561906349999,4.728316851300005,0.06,LOW,17.3,False,DAYTIME,0.28,STANDARD_06_17,Pool circulation or heating can add to household demand during this period.,,stage5_frozen_selected_model,stage6a_frozen_ensemble,stage6b_deterministic_rules,real
2025-09-26T10:00:00+02:00,2025-09-25T23:00:00+02:00,24,11,M2_GBT_HISTORY,1.3568433541085325,0.2758000102,1.106533513,4.3528724595,4.9576991461499995,4.728316851300005,0.065,LOW,18.6,False,DAYTIME,0.28,STANDARD_06_17,Pool circulation or heating can add to household demand during this period.,,stage5_frozen_selected_model,stage6a_frozen_ensemble,stage6b_deterministic_rules,real
2025-09-26T11:00:00+02:00,2025-09-25T23:00:00+02:00,24,12,M2_GBT_HISTORY,1.3298877314800333,0.2267085415,1.1049933264999998,4.2735358303,4.6105332280499995,4.728316851300005,0.04,LOW,19.9,False,DAYTIME,0.28,STANDARD_06_17,Pool circulation or heating can add to household demand during this period.,,stage5_frozen_selected_model,stage6a_frozen_ensemble,stage6b_deterministic_rules,real
2025-09-26T12:00:00+02:00,2025-09-25T23:00:00+02:00,24,13,M2_GBT_HISTORY,1.3298877314800333,0.17121728690000002,0.9533316995000001,3.520321231099999,4.545222542999999,4.728316851300005,0.035,LOW,21.2,False,DAYTIME,0.28,STANDARD_06_17,Pool circulation or heating can add to household demand during this period.,,stage5_frozen_selected_model,stage6a_frozen_ensemble,stage6b_deterministic_rules,real
2025-09-26T13:00:00+02:00,2025-09-25T23:00:00+02:00,24,14,M2_GBT_HISTORY,1.3298877314800333,0.15419339140000002,0.797574518,2.905538514099999,3.801206619549999,4.728316851300005,0.02,LOW,21.3,False,DAYTIME,0.28,STANDARD_06_17,Pool circulation or heating can add to household demand during this period.,,stage5_frozen_selected_model,stage6a_frozen_ensemble,stage6b_deterministic_rules,real
2025-09-26T14:00:00+02:00,2025-09-25T23:00:00+02:00,24,15,M2_GBT_HISTORY,1.428763561595639,0.1421739645,0.21803117,2.855899828899999,3.9563957718499987,4.728316851300005,0.02,LOW,21.8,False,DAYTIME,0.28,STANDARD_06_17,Pool circulation or heating can add to household demand during this period.,,stage5_frozen_selected_model,stage6a_frozen_ensemble,stage6b_deterministic_rules,real
2025-09-26T15:00:00+02:00,2025-09-25T23:00:00+02:00,24,16,M2_GBT_HISTORY,1.3298877314800333,0.1455336367,0.7131562124999999,1.3538765504999999,2.4051959363499935,4.728316851300005,0.01,LOW,21.9,False,DAYTIME,0.28,STANDARD_06_17,Pool circulation or heating can add to household demand during this period.,,stage5_frozen_selected_model,stage6a_frozen_ensemble,stage6b_deterministic_rules,real
2025-09-26T16:00:00+02:00,2025-09-25T23:00:00+02:00,24,17,M2_GBT_HISTORY,1.6714766695857037,0.1640153491,0.9925840180000001,3.0688703279999996,4.73074614785,4.728316851300005,0.055,LOW,22.1,False,RETURN_RAMP,0.28,STANDARD_06_17,Pool circulation or heating can add to household demand during this period.,,stage5_frozen_selected_model,stage6a_frozen_ensemble,stage6b_deterministic_rules,real
2025-09-26T17:00:00+02:00,2025-09-25T23:00:00+02:00,24,18,M2_GBT_HISTORY,2.4819051303218593,0.273111951,1.245520457,8.134889485799999,8.619728405550001,4.728316851300005,0.3,MEDIUM,22.2,False,RETURN_RAMP,0.4,PEAK_17_22,"Evening demand can rise when EV charging, HVAC and household activities overlap.",Pool circulation or heating can add to household demand during this period.,stage5_frozen_selected_model,stage6a_frozen_ensemble,stage6b_deterministic_rules,real
2025-09-26T18:00:00+02:00,2025-09-25T23:00:00+02:00,24,19,M2_GBT_HISTORY,3.3851663193280843,0.20691753540000002,2.9106322679999996,11.221584848599997,13.541547519999986,4.728316851300005,0.43,HIGH,22.0,False,RETURN_RAMP,0.4,PEAK_17_22,"This is a high-risk period because EV charging can coincide with HVAC, cooking and optional high-power loads such as the sauna.",Pool circulation or heating can add to household demand during this period.,stage5_frozen_selected_model,stage6a_frozen_ensemble,stage6b_deterministic_rules,real
2025-09-26T19:00:00+02:00,2025-09-25T23:00:00+02:00,24,20,M2_GBT_HISTORY,3.3851663193280843,0.20713085450000002,3.596965181,11.2840281577,13.849985575099993,4.728316851300005,0.46,HIGH,21.4,False,EVENING,0.4,PEAK_17_22,"This is a high-risk period because EV charging can coincide with HVAC, cooking and optional high-power loads such as the sauna.",Pool circulation or heating can add to household demand during this period.,stage5_frozen_selected_model,stage6a_frozen_ensemble,stage6b_deterministic_rules,real
2025-09-26T20:00:00+02:00,2025-09-25T23:00:00+02:00,24,21,M2_GBT_HISTORY,2.364600440660834,0.2043565592,2.0681043785,9.115947081,11.492684185299998,4.728316851300005,0.335,MEDIUM,19.6,False,EVENING,0.4,PEAK_17_22,"Evening demand can rise when EV charging, HVAC and household activities overlap.",Pool circulation or heating can add to household demand during this period.,stage5_frozen_selected_model,stage6a_frozen_ensemble,stage6b_deterministic_rules,real
2025-09-26T21:00:00+02:00,2025-09-25T23:00:00+02:00,24,22,M2_GBT_HISTORY,1.8041833567560555,0.36611363599999996,1.1857504535,8.0781822931,9.548041310899997,4.728316851300005,0.205,MEDIUM,19.0,False,EVENING,0.4,PEAK_17_22,"Evening demand can rise when EV charging, HVAC and household activities overlap.",Pool circulation or heating can add to household demand during this period.,stage5_frozen_selected_model,stage6a_frozen_ensemble,stage6b_deterministic_rules,real
2025-09-26T22:00:00+02:00,2025-09-25T23:00:00+02:00,24,23,M2_GBT_HISTORY,1.489038060918909,0.3408834981,1.122444188,4.501836457399998,6.861055610299993,4.728316851300005,0.1,LOW,17.8,False,EVENING,0.28,STANDARD_22_24,Pool circulation or heating can add to household demand during this period.,,stage5_frozen_selected_model,stage6a_frozen_ensemble,stage6b_deterministic_rules,real
2025-09-26T23:00:00+02:00,2025-09-25T23:00:00+02:00,24,24,M2_GBT_HISTORY,1.3298877314800333,0.3244673788,2.277511633,4.232968690799999,4.468836076049999,4.728316851300005,0.03,LOW,17.3,False,NIGHT,0.28,STANDARD_22_24,"Demand is usually lower overnight, although base loads, HVAC, pool systems and EV charging may remain active.",,stage5_frozen_selected_model,stage6a_frozen_ensemble,stage6b_deterministic_rules,real
2025-09-29T00:00:00+02:00,2025-09-28T23:00:00+02:00,24,1,M2_GBT_HISTORY,1.1563257968218694,0.30259631940000004,0.529705848,3.2875361855,3.6610032797999987,4.7648620059999995,0.015,LOW,20.0,False,NIGHT,0.18,OFF_PEAK_00_06,"Demand is usually lower overnight, although base loads, HVAC, pool systems and EV charging may remain active.",,stage5_frozen_selected_model,stage6a_frozen_ensemble,stage6b_deterministic_rules,real
2025-09-29T01:00:00+02:00,2025-09-28T23:00:00+02:00,24,2,M2_GBT_HISTORY,1.46335166597202,0.2984189554,0.5209250195,2.885107822399999,3.6739640248499956,4.7648620059999995,0.005,LOW,19.6,False,NIGHT,0.18,OFF_PEAK_00_06,"Demand is usually lower overnight, although base loads, HVAC, pool systems and EV charging may remain active.",,stage5_frozen_selected_model,stage6a_frozen_ensemble,stage6b_deterministic_rules,real
2025-09-29T02:00:00+02:00,2025-09-28T23:00:00+02:00,24,3,M2_GBT_HISTORY,1.46335166597202,0.2981324843,0.5225267795,2.6002317312000005,3.5533734905999994,4.7648620059999995,0.0,LOW,19.5,False,NIGHT,0.18,OFF_PEAK_00_06,"Demand is usually lower overnight, although base loads, HVAC, pool systems and EV charging may remain active.",,stage5_frozen_selected_model,stage6a_frozen_ensemble,stage6b_deterministic_rules,real
2025-09-29T03:00:00+02:00,2025-09-28T23:00:00+02:00,24,4,M2_GBT_HISTORY,1.46335166597202,0.3064454279,0.5357100800000001,2.9880417878999994,3.6459424405999994,4.7648620059999995,0.0,LOW,19.0,False,NIGHT,0.18,OFF_PEAK_00_06,"Demand is usually lower overnight, although base loads, HVAC, pool systems and EV charging may remain active.",,stage5_frozen_selected_model,stage6a_frozen_ensemble,stage6b_deterministic_rules,real
2025-09-29T04:00:00+02:00,2025-09-28T23:00:00+02:00,24,5,M2_GBT_HISTORY,1.46335166597202,0.3194864844,0.5695163035,3.8578732449999995,4.1707604979,4.7648620059999995,0.005,LOW,18.7,False,NIGHT,0.18,OFF_PEAK_00_06,"Demand is usually lower overnight, although base loads, HVAC, pool systems and EV charging may remain active.",,stage5_frozen_selected_model,stage6a_frozen_ensemble,stage6b_deterministic_rules,real
2025-09-29T05:00:00+02:00,2025-09-28T23:00:00+02:00,24,6,M2_GBT_HISTORY,1.46335166597202,0.3204420268,0.6015664425,3.9005240323,4.14065716355,4.7648620059999995,0.005,LOW,18.0,False,NIGHT,0.18,OFF_PEAK_00_06,"Demand is usually lower overnight, although base loads, HVAC, pool systems and EV charging may remain active.",,stage5_frozen_selected_model,stage6a_frozen_ensemble,stage6b_deterministic_rules,real
2025-09-29T06:00:00+02:00,2025-09-28T23:00:00+02:00,24,7,M2_GBT_HISTORY,1.46335166597202,0.43908819190000004,2.2787550995,4.096734649099999,4.380177335,4.7648620059999995,0.04,LOW,17.9,False,NIGHT,0.28,STANDARD_06_17,Pool circulation or heating can add to household demand during this period.,"Demand is usually lower overnight, although base loads, HVAC, pool systems and EV charging may remain active.",stage5_frozen_selected_model,stage6a_frozen_ensemble,stage6b_deterministic_rules,real
2025-09-29T07:00:00+02:00,2025-09-28T23:00:00+02:00,24,8,M2_GBT_HISTORY,1.5385236981702821,0.4721193892,2.5029273885,4.679044047400001,5.180826657899997,4.7648620059999995,0.085,LOW,17.8,False,MORNING,0.28,STANDARD_06_17,Pool circulation or heating can add to household demand during this period.,,stage5_frozen_selected_model,stage6a_frozen_ensemble,stage6b_deterministic_rules,real
2025-09-29T08:00:00+02:00,2025-09-28T23:00:00+02:00,24,9,M2_GBT_HISTORY,1.5385236981702821,0.2169246958,1.2503496625000001,4.449638058,5.006584848399999,4.7648620059999995,0.07,LOW,17.6,False,MORNING,0.28,STANDARD_06_17,Pool circulation or heating can add to household demand during this period.,,stage5_frozen_selected_model,stage6a_frozen_ensemble,stage6b_deterministic_rules,real
2025-09-29T09:00:00+02:00,2025-09-28T23:00:00+02:00,24,10,M2_GBT_HISTORY,1.6379002811271892,0.19999214830000003,1.0599238005,3.2457464237999996,4.064259196849997,4.7648620059999995,0.03,LOW,18.0,False,DAYTIME,0.28,STANDARD_06_17,Pool circulation or heating can add to household demand during this period.,,stage5_frozen_selected_model,stage6a_frozen_ensemble,stage6b_deterministic_rules,real
2025-09-29T10:00:00+02:00,2025-09-28T23:00:00+02:00,24,11,M2_GBT_HISTORY,1.4837240866750168,0.5037564355,1.08364211,3.9167223220999996,4.424746523399994,4.7648620059999995,0.05,LOW,19.5,False,DAYTIME,0.28,STANDARD_06_17,Pool circulation or heating can add to household demand during this period.,,stage5_frozen_selected_model,stage6a_frozen_ensemble,stage6b_deterministic_rules,real
2025-09-29T11:00:00+02:00,2025-09-28T23:00:00+02:00,24,12,M2_GBT_HISTORY,1.4837240866750168,0.3354928488,1.0521127620000001,2.6474100763999995,4.018277973249997,4.7648620059999995,0.035,LOW,21.1,False,DAYTIME,0.28,STANDARD_06_17,Pool circulation or heating can add to household demand during this period.,,stage5_frozen_selected_model,stage6a_frozen_ensemble,stage6b_deterministic_rules,real
2025-09-29T12:00:00+02:00,2025-09-28T23:00:00+02:00,24,13,M2_GBT_HISTORY,1.4837240866750168,0.16461199950000002,0.908016261,1.3624527650000002,1.9941744945999986,4.7648620059999995,0.005,LOW,22.0,False,DAYTIME,0.28,STANDARD_06_17,Pool circulation or heating can add to household demand during this period.,,stage5_frozen_selected_model,stage6a_frozen_ensemble,stage6b_deterministic_rules,real
2025-09-29T13:00:00+02:00,2025-09-28T23:00:00+02:00,24,14,M2_GBT_HISTORY,1.46335166597202,0.1433444643,0.27684733650000004,1.3104337704,1.4191785228499998,4.7648620059999995,0.01,LOW,22.5,False,DAYTIME,0.28,STANDARD_06_17,Pool circulation or heating can add to household demand during this period.,,stage5_frozen_selected_model,stage6a_frozen_ensemble,stage6b_deterministic_rules,real
2025-09-29T14:00:00+02:00,2025-09-28T23:00:00+02:00,24,15,M2_GBT_HISTORY,1.46335166597202,0.14061694919999998,0.2067236555,1.3301803228999998,1.9746679296999994,4.7648620059999995,0.01,LOW,23.1,False,DAYTIME,0.28,STANDARD_06_17,Pool circulation or heating can add to household demand during this period.,,stage5_frozen_selected_model,stage6a_frozen_ensemble,stage6b_deterministic_rules,real
2025-09-29T15:00:00+02:00,2025-09-28T23:00:00+02:00,24,16,M2_GBT_HISTORY,1.46335166597202,0.1459442284,0.504870455,1.2742282441,1.3728586168499999,4.7648620059999995,0.01,LOW,23.3,False,DAYTIME,0.28,STANDARD_06_17,Pool circulation or heating can add to household demand during this period.,,stage5_frozen_selected_model,stage6a_frozen_ensemble,stage6b_deterministic_rules,real
2025-09-29T16:00:00+02:00,2025-09-28T23:00:00+02:00,24,17,M2_GBT_HISTORY,1.7559389618099548,0.1649623282,0.8936084234999999,2.384501103699999,4.055726515949996,4.7648620059999995,0.03,LOW,23.4,False,RETURN_RAMP,0.28,STANDARD_06_17,Pool circulation or heating can add to household demand during this period.,,stage5_frozen_selected_model,stage6a_frozen_ensemble,stage6b_deterministic_rules,real
2025-09-29T17:00:00+02:00,2025-09-28T23:00:00+02:00,24,18,M2_GBT_HISTORY,2.5286326977622684,0.23200085390000003,1.2384866875,8.259510847399998,8.586985336649999,4.7648620059999995,0.26,MEDIUM,23.2,False,RETURN_RAMP,0.4,PEAK_17_22,"Evening demand can rise when EV charging, HVAC and household activities overlap.",Pool circulation or heating can add to household demand during this period.,stage5_frozen_selected_model,stage6a_frozen_ensemble,stage6b_deterministic_rules,real
2025-09-29T18:00:00+02:00,2025-09-28T23:00:00+02:00,24,19,M2_GBT_HISTORY,3.3734024299006093,0.3483195042000002,2.9981524275,10.483253937399999,12.473151347749994,4.7648620059999995,0.445,HIGH,22.5,False,RETURN_RAMP,0.4,PEAK_17_22,"This is a high-risk period because EV charging can coincide with HVAC, cooking and optional high-power loads such as the sauna.",Pool circulation or heating can add to household demand during this period.,stage5_frozen_selected_model,stage6a_frozen_ensemble,stage6b_deterministic_rules,real
2025-09-29T19:00:00+02:00,2025-09-28T23:00:00+02:00,24,20,M2_GBT_HISTORY,3.5602419711347455,0.2174733589,3.4350038224999997,11.483814429499999,13.622725897899993,4.7648620059999995,0.465,HIGH,21.6,False,EVENING,0.4,PEAK_17_22,"This is a high-risk period because EV charging can coincide with HVAC, cooking and optional high-power loads such as the sauna.",Pool circulation or heating can add to household demand during this period.,stage5_frozen_selected_model,stage6a_frozen_ensemble,stage6b_deterministic_rules,real
2025-09-29T20:00:00+02:00,2025-09-28T23:00:00+02:00,24,21,M2_GBT_HISTORY,3.4798114040036054,0.2079663957,2.4534101434999998,10.1391047281,13.440043233999992,4.7648620059999995,0.405,HIGH,20.3,False,EVENING,0.4,PEAK_17_22,"This is a high-risk period because EV charging can coincide with HVAC, cooking and optional high-power loads such as the sauna.",Pool circulation or heating can add to household demand during this period.,stage5_frozen_selected_model,stage6a_frozen_ensemble,stage6b_deterministic_rules,real
2025-09-29T21:00:00+02:00,2025-09-28T23:00:00+02:00,24,22,M2_GBT_HISTORY,3.418118045814211,0.3924148511,1.1073223775,8.3560926452,9.490078585049993,4.7648620059999995,0.21,MEDIUM,20.0,False,EVENING,0.4,PEAK_17_22,"Evening demand can rise when EV charging, HVAC and household activities overlap.",Pool circulation or heating can add to household demand during this period.,stage5_frozen_selected_model,stage6a_frozen_ensemble,stage6b_deterministic_rules,real
2025-09-29T22:00:00+02:00,2025-09-28T23:00:00+02:00,24,23,M2_GBT_HISTORY,2.087188008229545,0.34439371990000006,0.6679489485,2.5848268574,6.445491502199993,4.7648620059999995,0.06,LOW,20.2,False,EVENING,0.28,STANDARD_22_24,Pool circulation or heating can add to household demand during this period.,,stage5_frozen_selected_model,stage6a_frozen_ensemble,stage6b_deterministic_rules,real
2025-09-29T23:00:00+02:00,2025-09-28T23:00:00+02:00,24,24,M2_GBT_HISTORY,1.6220292222493902,0.3149661685,0.5772457285,2.5958545274000002,3.9258799028499993,4.7648620059999995,0.035,LOW,19.7,False,NIGHT,0.28,STANDARD_22_24,"Demand is usually lower overnight, although base loads, HVAC, pool systems and EV charging may remain active.",,stage5_frozen_selected_model,stage6a_frozen_ensemble,stage6b_deterministic_rules,real
2025-09-02T00:00:00+02:00,2025-09-01T23:00:00+02:00,72,1,M1_GBT_CAL_WEATHER,1.0744038503386522,0.3163110485,0.495394303,0.6778701686999999,0.7568934529499998,3.7097626867000058,0.0,LOW,21.0,False,NIGHT,0.18,OFF_PEAK_00_06,"Demand is usually lower overnight, although base loads, HVAC, pool systems and EV charging may remain active.",,stage5_frozen_selected_model,stage6a_frozen_ensemble,stage6b_deterministic_rules,real
2025-09-02T01:00:00+02:00,2025-09-01T23:00:00+02:00,72,2,M1_GBT_CAL_WEATHER,1.021441849907485,0.3189683386,0.482710967,0.6500586041,0.6685748573499999,3.7097626867000058,0.0,LOW,20.1,False,NIGHT,0.18,OFF_PEAK_00_06,"Demand is usually lower overnight, although base loads, HVAC, pool systems and EV charging may remain active.",,stage5_frozen_selected_model,stage6a_frozen_ensemble,stage6b_deterministic_rules,real
2025-09-02T02:00:00+02:00,2025-09-01T23:00:00+02:00,72,3,M1_GBT_CAL_WEATHER,1.021441849907485,0.3205867772,0.484266718,0.6514319019,0.6700408691499999,3.7097626867000058,0.0,LOW,21.1,False,NIGHT,0.18,OFF_PEAK_00_06,"Demand is usually lower overnight, although base loads, HVAC, pool systems and EV charging may remain active.",,stage5_frozen_selected_model,stage6a_frozen_ensemble,stage6b_deterministic_rules,real
2025-09-02T03:00:00+02:00,2025-09-01T23:00:00+02:00,72,4,M1_GBT_CAL_WEATHER,1.0028167331034223,0.3219765609,0.48553978600000003,0.6526111793,0.6712997623999999,3.7097626867000058,0.0,LOW,20.9,False,NIGHT,0.18,OFF_PEAK_00_06,"Demand is usually lower overnight, although base loads, HVAC, pool systems and EV charging may remain active.",,stage5_frozen_selected_model,stage6a_frozen_ensemble,stage6b_deterministic_rules,real
2025-09-02T04:00:00+02:00,2025-09-01T23:00:00+02:00,72,5,M1_GBT_CAL_WEATHER,1.0028167331034223,0.3230429804,0.4865115085,0.6535160707,0.6722657439499998,3.7097626867000058,0.0,LOW,19.6,False,NIGHT,0.18,OFF_PEAK_00_06,"Demand is usually lower overnight, although base loads, HVAC, pool systems and EV charging may remain active.",,stage5_frozen_selected_model,stage6a_frozen_ensemble,stage6b_deterministic_rules,real
2025-09-02T05:00:00+02:00,2025-09-01T23:00:00+02:00,72,6,M1_GBT_CAL_WEATHER,1.0028167331034223,0.3240128586,0.488535807,0.666352117,0.6884969743999998,3.7097626867000058,0.01,LOW,19.4,False,NIGHT,0.18,OFF_PEAK_00_06,"Demand is usually lower overnight, although base loads, HVAC, pool systems and EV charging may remain active.",,stage5_frozen_selected_model,stage6a_frozen_ensemble,stage6b_deterministic_rules,real
2025-09-02T06:00:00+02:00,2025-09-01T23:00:00+02:00,72,7,M1_GBT_CAL_WEATHER,1.0028167331034223,0.35716798750000006,0.6023907645,3.1507100058999997,3.7490993278999944,3.7097626867000058,0.055,LOW,20.1,False,NIGHT,0.28,STANDARD_06_17,Pool circulation or heating can add to household demand during this period.,"Demand is usually lower overnight, although base loads, HVAC, pool systems and EV charging may remain active.",stage5_frozen_selected_model,stage6a_frozen_ensemble,stage6b_deterministic_rules,real
2025-09-02T07:00:00+02:00,2025-09-01T23:00:00+02:00,72,8,M1_GBT_CAL_WEATHER,1.0028167331034223,0.4108561858,1.14697038,3.0558230924999994,3.663280217699999,3.7097626867000058,0.05,LOW,20.0,False,MORNING,0.28,STANDARD_06_17,Pool circulation or heating can add to household demand during this period.,,stage5_frozen_selected_model,stage6a_frozen_ensemble,stage6b_deterministic_rules,real
2025-09-02T08:00:00+02:00,2025-09-01T23:00:00+02:00,72,9,M1_GBT_CAL_WEATHER,1.0028167331034223,0.19198716610000002,1.0252475245000001,3.0670697766,3.7453414067999997,3.7097626867000058,0.065,LOW,20.0,False,MORNING,0.28,STANDARD_06_17,Pool circulation or heating can add to household demand during this period.,,stage5_frozen_selected_model,stage6a_frozen_ensemble,stage6b_deterministic_rules,real
2025-09-02T09:00:00+02:00,2025-09-01T23:00:00+02:00,72,10,M1_GBT_CAL_WEATHER,1.0028167331034223,0.2157252178,1.0172422774999998,1.3558501148999997,3.0134189490999974,3.7097626867000058,0.03,LOW,21.3,False,DAYTIME,0.28,STANDARD_06_17,Pool circulation or heating can add to household demand during this period.,,stage5_frozen_selected_model,stage6a_frozen_ensemble,stage6b_deterministic_rules,real
2025-09-02T10:00:00+02:00,2025-09-01T23:00:00+02:00,72,11,M1_GBT_CAL_WEATHER,1.0028167331034223,0.2192054571,1.0194897875,1.3379771532,1.4171729347999924,3.7097626867000058,0.02,LOW,22.1,False,DAYTIME,0.28,STANDARD_06_17,Pool circulation or heating can add to household demand during this period.,,stage5_frozen_selected_model,stage6a_frozen_ensemble,stage6b_deterministic_rules,real
2025-09-02T11:00:00+02:00,2025-09-01T23:00:00+02:00,72,12,M1_GBT_CAL_WEATHER,1.0028167331034223,0.2097359872,0.9725987185,1.3534984560999999,2.1505773517999978,3.7097626867000058,0.035,LOW,23.1,False,DAYTIME,0.28,STANDARD_06_17,Pool circulation or heating can add to household demand during this period.,,stage5_frozen_selected_model,stage6a_frozen_ensemble,stage6b_deterministic_rules,real
2025-09-02T12:00:00+02:00,2025-09-01T23:00:00+02:00,72,13,M1_GBT_CAL_WEATHER,1.0557787335345894,0.1569828326,0.8229434695,1.3754260201,2.9281727270499953,3.7097626867000058,0.04,LOW,23.3,False,DAYTIME,0.28,STANDARD_06_17,Pool circulation or heating can add to household demand during this period.,,stage5_frozen_selected_model,stage6a_frozen_ensemble,stage6b_deterministic_rules,real
2025-09-02T13:00:00+02:00,2025-09-01T23:00:00+02:00,72,14,M1_GBT_CAL_WEATHER,1.0750089951612425,0.14289011499999998,0.32529649299999996,1.3661374749999997,2.654209731499999,3.7097626867000058,0.03,LOW,24.5,False,DAYTIME,0.28,STANDARD_06_17,Pool circulation or heating can add to household demand during this period.,,stage5_frozen_selected_model,stage6a_frozen_ensemble,stage6b_deterministic_rules,real
2025-09-02T14:00:00+02:00,2025-09-01T23:00:00+02:00,72,15,M1_GBT_CAL_WEATHER,1.357002373693958,0.14061694919999998,0.20764053500000001,1.2523719484999998,1.4890591912499977,3.7097626867000058,0.01,LOW,25.6,False,DAYTIME,0.28,STANDARD_06_17,Warm weather can increase cooling demand during this period.,Pool circulation or heating can add to household demand during this period.,stage5_frozen_selected_model,stage6a_frozen_ensemble,stage6b_deterministic_rules,real
2025-09-02T15:00:00+02:00,2025-09-01T23:00:00+02:00,72,16,M1_GBT_CAL_WEATHER,1.7702138420747249,0.149292809,0.254816807,1.1744672915999999,1.3105864391499997,3.7097626867000058,0.01,LOW,26.6,False,DAYTIME,0.28,STANDARD_06_17,Warm weather can increase cooling demand during this period.,Pool circulation or heating can add to household demand during this period.,stage5_frozen_selected_model,stage6a_frozen_ensemble,stage6b_deterministic_rules,real
2025-09-02T16:00:00+02:00,2025-09-01T23:00:00+02:00,72,17,M1_GBT_CAL_WEATHER,2.677100401731555,0.1618050416,0.885429249,1.6680577524999987,3.3570483820499986,3.7097626867000058,0.04,LOW,27.0,False,RETURN_RAMP,0.28,STANDARD_06_17,Warm weather can increase cooling demand during this period.,Pool circulation or heating can add to household demand during this period.,stage5_frozen_selected_model,stage6a_frozen_ensemble,stage6b_deterministic_rules,real
2025-09-02T17:00:00+02:00,2025-09-01T23:00:00+02:00,72,18,M1_GBT_CAL_WEATHER,3.531345072793462,0.5077334184000002,1.3710166030000002,7.735272951,8.49668685745,3.7097626867000058,0.31,MEDIUM,27.2,False,RETURN_RAMP,0.4,PEAK_17_22,"Evening demand can rise when EV charging, HVAC and household activities overlap.",Warm weather can increase cooling demand during this period.,stage5_frozen_selected_model,stage6a_frozen_ensemble,stage6b_deterministic_rules,real
2025-09-02T18:00:00+02:00,2025-09-01T23:00:00+02:00,72,19,M1_GBT_CAL_WEATHER,3.5599427972066082,0.8789267194999999,4.556510444000001,10.381678298199997,13.452688365499998,3.7097626867000058,0.555,HIGH,26.5,False,RETURN_RAMP,0.4,PEAK_17_22,"This is a high-risk period because EV charging can coincide with HVAC, cooking and optional high-power loads such as the sauna.",Warm weather can increase cooling demand during this period.,stage5_frozen_selected_model,stage6a_frozen_ensemble,stage6b_deterministic_rules,real
2025-09-02T19:00:00+02:00,2025-09-01T23:00:00+02:00,72,20,M1_GBT_CAL_WEATHER,3.5599427972066082,0.5690057301,5.165118248500001,12.4268962856,14.396320408699994,3.7097626867000058,0.56,HIGH,25.6,False,EVENING,0.4,PEAK_17_22,"This is a high-risk period because EV charging can coincide with HVAC, cooking and optional high-power loads such as the sauna.",Warm weather can increase cooling demand during this period.,stage5_frozen_selected_model,stage6a_frozen_ensemble,stage6b_deterministic_rules,real
2025-09-02T20:00:00+02:00,2025-09-01T23:00:00+02:00,72,21,M1_GBT_CAL_WEATHER,2.75754784639635,0.21000552730000002,2.6746914985,10.2636724528,11.150151181699998,3.7097626867000058,0.435,HIGH,24.6,False,EVENING,0.4,PEAK_17_22,"This is a high-risk period because EV charging can coincide with HVAC, cooking and optional high-power loads such as the sauna.",Pool circulation or heating can add to household demand during this period.,stage5_frozen_selected_model,stage6a_frozen_ensemble,stage6b_deterministic_rules,real
2025-09-02T21:00:00+02:00,2025-09-01T23:00:00+02:00,72,22,M1_GBT_CAL_WEATHER,1.9628108428570634,0.1855647452,0.8858263040000001,7.812059582999999,9.06476266695,3.7097626867000058,0.29,MEDIUM,23.9,False,EVENING,0.4,PEAK_17_22,"Evening demand can rise when EV charging, HVAC and household activities overlap.",Pool circulation or heating can add to household demand during this period.,stage5_frozen_selected_model,stage6a_frozen_ensemble,stage6b_deterministic_rules,real
2025-09-02T22:00:00+02:00,2025-09-01T23:00:00+02:00,72,23,M1_GBT_CAL_WEATHER,1.8995023115633134,0.3345549517,0.6774355425,3.769268991199992,7.794733235149999,3.7097626867000058,0.1,LOW,23.3,False,EVENING,0.28,STANDARD_22_24,Pool circulation or heating can add to household demand during this period.,,stage5_frozen_selected_model,stage6a_frozen_ensemble,stage6b_deterministic_rules,real
2025-09-02T23:00:00+02:00,2025-09-01T23:00:00+02:00,72,24,M1_GBT_CAL_WEATHER,1.215392004789789,0.31014384759999997,0.5372070090000001,1.1642214942,1.7370861122499759,3.7097626867000058,0.03,LOW,23.0,False,NIGHT,0.28,STANDARD_22_24,"Demand is usually lower overnight, although base loads, HVAC, pool systems and EV charging may remain active.",,stage5_frozen_selected_model,stage6a_frozen_ensemble,stage6b_deterministic_rules,real
2025-09-03T00:00:00+02:00,2025-09-01T23:00:00+02:00,72,25,M1_GBT_CAL_WEATHER,1.0744038503386522,0.3074989576,0.4848942,0.6762132443,0.9109018984499997,3.7097626867000058,0.015,LOW,21.6,False,NIGHT,0.18,OFF_PEAK_00_06,"Demand is usually lower overnight, although base loads, HVAC, pool systems and EV charging may remain active.",,stage5_frozen_selected_model,stage6a_frozen_ensemble,stage6b_deterministic_rules,real
2025-09-03T01:00:00+02:00,2025-09-01T23:00:00+02:00,72,26,M1_GBT_CAL_WEATHER,1.021441849907485,0.3028147485,0.4731760515,0.6421871044999999,0.6648189129,3.7097626867000058,0.0,LOW,21.2,False,NIGHT,0.18,OFF_PEAK_00_06,"Demand is usually lower overnight, although base loads, HVAC, pool systems and EV charging may remain active.",,stage5_frozen_selected_model,stage6a_frozen_ensemble,stage6b_deterministic_rules,real
2025-09-03T02:00:00+02:00,2025-09-01T23:00:00+02:00,72,27,M1_GBT_CAL_WEATHER,1.021441849907485,0.3045551717,0.4746977885,0.6438746208,0.6662559746,3.7097626867000058,0.0,LOW,21.6,False,NIGHT,0.18,OFF_PEAK_00_06,"Demand is usually lower overnight, although base loads, HVAC, pool systems and EV charging may remain active.",,stage5_frozen_selected_model,stage6a_frozen_ensemble,stage6b_deterministic_rules,real
2025-09-03T03:00:00+02:00,2025-09-01T23:00:00+02:00,72,28,M1_GBT_CAL_WEATHER,1.0220469947300754,0.3060497076,0.4760045335,0.6453237243,0.6674900074499999,3.7097626867000058,0.0,LOW,21.7,False,NIGHT,0.18,OFF_PEAK_00_06,"Demand is usually lower overnight, although base loads, HVAC, pool systems and EV charging may remain active.",,stage5_frozen_selected_model,stage6a_frozen_ensemble,stage6b_deterministic_rules,real
2025-09-03T04:00:00+02:00,2025-09-01T23:00:00+02:00,72,29,M1_GBT_CAL_WEATHER,1.0220469947300754,0.3071965051,0.4770072345,0.6464356602999999,0.66843691455,3.7097626867000058,0.0,LOW,20.6,False,NIGHT,0.18,OFF_PEAK_00_06,"Demand is usually lower overnight, although base loads, HVAC, pool systems and EV charging may remain active.",,stage5_frozen_selected_model,stage6a_frozen_ensemble,stage6b_deterministic_rules,real
2025-09-03T05:00:00+02:00,2025-09-01T23:00:00+02:00,72,30,M1_GBT_CAL_WEATHER,1.0220469947300754,0.3155269568,0.48208872049999996,0.647134652,0.6690321645499999,3.7097626867000058,0.0,LOW,19.4,False,NIGHT,0.18,OFF_PEAK_00_06,"Demand is usually lower overnight, although base loads, HVAC, pool systems and EV charging may remain active.",,stage5_frozen_selected_model,stage6a_frozen_ensemble,stage6b_deterministic_rules,real
2025-09-03T06:00:00+02:00,2025-09-01T23:00:00+02:00,72,31,M1_GBT_CAL_WEATHER,1.0220469947300754,0.3410469994,0.558354751,1.2113744433,1.4277826861999996,3.7097626867000058,0.01,LOW,18.9,False,NIGHT,0.28,STANDARD_06_17,Pool circulation or heating can add to household demand during this period.,"Demand is usually lower overnight, although base loads, HVAC, pool systems and EV charging may remain active.",stage5_frozen_selected_model,stage6a_frozen_ensemble,stage6b_deterministic_rules,real
2025-09-03T07:00:00+02:00,2025-09-01T23:00:00+02:00,72,32,M1_GBT_CAL_WEATHER,1.0220469947300754,0.3978072325,1.1015142355,3.6798544201999994,4.422514972899998,3.7097626867000058,0.09,LOW,18.7,False,MORNING,0.28,STANDARD_06_17,Pool circulation or heating can add to household demand during this period.,,stage5_frozen_selected_model,stage6a_frozen_ensemble,stage6b_deterministic_rules,real
2025-09-03T08:00:00+02:00,2025-09-01T23:00:00+02:00,72,33,M1_GBT_CAL_WEATHER,1.0220469947300754,0.21543802869999998,1.1019626535,3.9425052902999993,4.282986175999998,3.7097626867000058,0.15,LOW,19.6,False,MORNING,0.28,STANDARD_06_17,Pool circulation or heating can add to household demand during this period.,,stage5_frozen_selected_model,stage6a_frozen_ensemble,stage6b_deterministic_rules,real
2025-09-03T09:00:00+02:00,2025-09-01T23:00:00+02:00,72,34,M1_GBT_CAL_WEATHER,1.0220469947300754,0.19535180330000002,1.045105851,1.3562420823999999,3.2750196384999892,3.7097626867000058,0.05,LOW,21.8,False,DAYTIME,0.28,STANDARD_06_17,Pool circulation or heating can add to household demand during this period.,,stage5_frozen_selected_model,stage6a_frozen_ensemble,stage6b_deterministic_rules,real
2025-09-03T10:00:00+02:00,2025-09-01T23:00:00+02:00,72,35,M1_GBT_CAL_WEATHER,1.0220469947300754,0.29015693670000003,1.005406277,1.3281934218999998,1.39463600315,3.7097626867000058,0.025,LOW,23.8,False,DAYTIME,0.28,STANDARD_06_17,Pool circulation or heating can add to household demand during this period.,,stage5_frozen_selected_model,stage6a_frozen_ensemble,stage6b_deterministic_rules,real
2025-09-03T11:00:00+02:00,2025-09-01T23:00:00+02:00,72,36,M1_GBT_CAL_WEATHER,1.1822824804383072,0.21242269240000003,0.943461163,1.3494993799999997,1.6934192737499998,3.7097626867000058,0.025,LOW,25.4,False,DAYTIME,0.28,STANDARD_06_17,Pool circulation or heating can add to household demand during this period.,,stage5_frozen_selected_model,stage6a_frozen_ensemble,stage6b_deterministic_rules,real
2025-09-03T12:00:00+02:00,2025-09-01T23:00:00+02:00,72,37,M1_GBT_CAL_WEATHER,1.2352444808694742,0.16397331399999998,0.8853155005,1.3318168763,1.6888745762999928,3.7097626867000058,0.015,LOW,26.5,False,DAYTIME,0.28,STANDARD_06_17,Warm weather can increase cooling demand during this period.,Pool circulation or heating can add to household demand during this period.,stage5_frozen_selected_model,stage6a_frozen_ensemble,stage6b_deterministic_rules,real
2025-09-03T13:00:00+02:00,2025-09-01T23:00:00+02:00,72,38,M1_GBT_CAL_WEATHER,1.7091846232095675,0.1525775564,0.37532942449999995,1.3105609073999998,1.9374810437499963,3.7097626867000058,0.02,LOW,27.2,False,DAYTIME,0.28,STANDARD_06_17,Warm weather can increase cooling demand during this period.,Pool circulation or heating can add to household demand during this period.,stage5_frozen_selected_model,stage6a_frozen_ensemble,stage6b_deterministic_rules,real
2025-09-03T14:00:00+02:00,2025-09-01T23:00:00+02:00,72,39,M1_GBT_CAL_WEATHER,1.8501727776607049,0.14224709259999999,0.213336894,1.2909093778999998,2.2631222436499896,3.7097626867000058,0.025,LOW,27.8,False,DAYTIME,0.28,STANDARD_06_17,Warm weather can increase cooling demand during this period.,Pool circulation or heating can add to household demand during this period.,stage5_frozen_selected_model,stage6a_frozen_ensemble,stage6b_deterministic_rules,real
2025-09-03T15:00:00+02:00,2025-09-01T23:00:00+02:00,72,40,M1_GBT_CAL_WEATHER,2.5706334258590333,0.14900708320000003,0.6277591625000001,2.356908797799999,3.0862779738499997,3.7097626867000058,0.02,LOW,28.0,False,DAYTIME,0.28,STANDARD_06_17,Warm weather can increase cooling demand during this period.,Pool circulation or heating can add to household demand during this period.,stage5_frozen_selected_model,stage6a_frozen_ensemble,stage6b_deterministic_rules,real
2025-09-03T16:00:00+02:00,2025-09-01T23:00:00+02:00,72,41,M1_GBT_CAL_WEATHER,3.023197941572027,0.1777151341,1.2508344135,3.6480300287,5.004855842049998,3.7097626867000058,0.09,LOW,27.9,False,RETURN_RAMP,0.28,STANDARD_06_17,Warm weather can increase cooling demand during this period.,Pool circulation or heating can add to household demand during this period.,stage5_frozen_selected_model,stage6a_frozen_ensemble,stage6b_deterministic_rules,real
2025-09-03T17:00:00+02:00,2025-09-01T23:00:00+02:00,72,42,M1_GBT_CAL_WEATHER,3.9314008499301663,0.8828553621,2.817046659,9.1364605172,10.189694000299994,3.7097626867000058,0.33,MEDIUM,27.5,False,RETURN_RAMP,0.4,PEAK_17_22,"Evening demand can rise when EV charging, HVAC and household activities overlap.",Warm weather can increase cooling demand during this period.,stage5_frozen_selected_model,stage6a_frozen_ensemble,stage6b_deterministic_rules,real
2025-09-03T18:00:00+02:00,2025-09-01T23:00:00+02:00,72,43,M1_GBT_CAL_WEATHER,4.042091165055789,1.029494159,3.770990385,10.9776183919,14.712664812899998,3.7097626867000058,0.5,HIGH,26.8,False,RETURN_RAMP,0.4,PEAK_17_22,"This is a high-risk period because EV charging can coincide with HVAC, cooking and optional high-power loads such as the sauna.",Warm weather can increase cooling demand during this period.,stage5_frozen_selected_model,stage6a_frozen_ensemble,stage6b_deterministic_rules,real
2025-09-03T19:00:00+02:00,2025-09-01T23:00:00+02:00,72,44,M1_GBT_CAL_WEATHER,3.9792288359699657,0.38175424140000014,5.3274025604999995,14.2638356575,16.86310783725,3.7097626867000058,0.565,HIGH,26.1,False,EVENING,0.4,PEAK_17_22,"This is a high-risk period because EV charging can coincide with HVAC, cooking and optional high-power loads such as the sauna.",Warm weather can increase cooling demand during this period.,stage5_frozen_selected_model,stage6a_frozen_ensemble,stage6b_deterministic_rules,real
2025-09-03T20:00:00+02:00,2025-09-01T23:00:00+02:00,72,45,M1_GBT_CAL_WEATHER,3.1150653119354046,0.25760060580000005,3.4875490229999997,10.5502072762,11.61436906004998,3.7097626867000058,0.48,HIGH,25.0,False,EVENING,0.4,PEAK_17_22,"This is a high-risk period because EV charging can coincide with HVAC, cooking and optional high-power loads such as the sauna.",Pool circulation or heating can add to household demand during this period.,stage5_frozen_selected_model,stage6a_frozen_ensemble,stage6b_deterministic_rules,real
2025-09-03T21:00:00+02:00,2025-09-01T23:00:00+02:00,72,46,M1_GBT_CAL_WEATHER,2.3203283083961184,0.17590537720000002,1.149629836,8.271267562999999,9.65645031245,3.7097626867000058,0.295,MEDIUM,24.0,False,EVENING,0.4,PEAK_17_22,"Evening demand can rise when EV charging, HVAC and household activities overlap.",Pool circulation or heating can add to household demand during this period.,stage5_frozen_selected_model,stage6a_frozen_ensemble,stage6b_deterministic_rules,real
2025-09-03T22:00:00+02:00,2025-09-01T23:00:00+02:00,72,47,M1_GBT_CAL_WEATHER,2.1614057157650404,0.3413505711,0.7203259645,4.9304301066999985,7.6990543521499974,3.7097626867000058,0.12,LOW,23.0,False,EVENING,0.28,STANDARD_22_24,Pool circulation or heating can add to household demand during this period.,,stage5_frozen_selected_model,stage6a_frozen_ensemble,stage6b_deterministic_rules,real
2025-09-03T23:00:00+02:00,2025-09-01T23:00:00+02:00,72,48,M1_GBT_CAL_WEATHER,1.2346222664164421,0.32764426710000005,0.525233485,1.1348292387999999,1.7783416551999505,3.7097626867000058,0.05,LOW,22.2,False,NIGHT,0.28,STANDARD_22_24,"Demand is usually lower overnight, although base loads, HVAC, pool systems and EV charging may remain active.",,stage5_frozen_selected_model,stage6a_frozen_ensemble,stage6b_deterministic_rules,real
2025-09-04T00:00:00+02:00,2025-09-01T23:00:00+02:00,72,49,M1_GBT_CAL_WEATHER,1.0835672281541087,0.31723154060000003,0.4848942,0.6778701686999999,0.7577742217999999,3.7097626867000058,0.01,LOW,22.0,False,NIGHT,0.18,OFF_PEAK_00_06,"Demand is usually lower overnight, although base loads, HVAC, pool systems and EV charging may remain active.",,stage5_frozen_selected_model,stage6a_frozen_ensemble,stage6b_deterministic_rules,real
2025-09-04T01:00:00+02:00,2025-09-01T23:00:00+02:00,72,50,M1_GBT_CAL_WEATHER,1.0113749660962885,0.3105810075,0.48016590800000003,0.6498618703,0.6685748573499999,3.7097626867000058,0.0,LOW,21.6,False,NIGHT,0.18,OFF_PEAK_00_06,"Demand is usually lower overnight, although base loads, HVAC, pool systems and EV charging may remain active.",,stage5_frozen_selected_model,stage6a_frozen_ensemble,stage6b_deterministic_rules,real
2025-09-04T02:00:00+02:00,2025-09-01T23:00:00+02:00,72,51,M1_GBT_CAL_WEATHER,1.0113749660962885,0.3148955392,0.483016271,0.6514319019,0.6770379761499999,3.7097626867000058,0.0,LOW,21.7,False,NIGHT,0.18,OFF_PEAK_00_06,"Demand is usually lower overnight, although base loads, HVAC, pool systems and EV charging may remain active.",,stage5_frozen_selected_model,stage6a_frozen_ensemble,stage6b_deterministic_rules,real
2025-09-04T03:00:00+02:00,2025-09-01T23:00:00+02:00,72,52,M1_GBT_CAL_WEATHER,0.9927498492922258,0.31619243280000003,0.48426090899999996,0.6526111793,0.67833727285,3.7097626867000058,0.005,LOW,20.8,False,NIGHT,0.18,OFF_PEAK_00_06,"Demand is usually lower overnight, although base loads, HVAC, pool systems and EV charging may remain active.",,stage5_frozen_selected_model,stage6a_frozen_ensemble,stage6b_deterministic_rules,real
2025-09-04T04:00:00+02:00,2025-09-01T23:00:00+02:00,72,53,M1_GBT_CAL_WEATHER,0.9927498492922258,0.3171875749,0.485215953,0.6535160707,0.6793282268999999,3.7097626867000058,0.0,LOW,21.3,False,NIGHT,0.18,OFF_PEAK_00_06,"Demand is usually lower overnight, although base loads, HVAC, pool systems and EV charging may remain active.",,stage5_frozen_selected_model,stage6a_frozen_ensemble,stage6b_deterministic_rules,real
2025-09-04T05:00:00+02:00,2025-09-01T23:00:00+02:00,72,54,M1_GBT_CAL_WEATHER,0.9927498492922258,0.32066836719999997,0.48712235800000003,0.6544568504,0.67994668225,3.7097626867000058,0.005,LOW,21.0,False,NIGHT,0.18,OFF_PEAK_00_06,"Demand is usually lower overnight, although base loads, HVAC, pool systems and EV charging may remain active.",,stage5_frozen_selected_model,stage6a_frozen_ensemble,stage6b_deterministic_rules,real
2025-09-04T06:00:00+02:00,2025-09-01T23:00:00+02:00,72,55,M1_GBT_CAL_WEATHER,0.9927498492922258,0.3384645725,0.5752055599999999,1.239946617,1.6520532571999977,3.7097626867000058,0.005,LOW,20.7,False,NIGHT,0.28,STANDARD_06_17,Pool circulation or heating can add to household demand during this period.,"Demand is usually lower overnight, although base loads, HVAC, pool systems and EV charging may remain active.",stage5_frozen_selected_model,stage6a_frozen_ensemble,stage6b_deterministic_rules,real
2025-09-04T07:00:00+02:00,2025-09-01T23:00:00+02:00,72,56,M1_GBT_CAL_WEATHER,0.9927498492922258,0.4060354816,0.827227657,1.9204214731999998,2.58600779365,3.7097626867000058,0.025,LOW,20.8,False,MORNING,0.28,STANDARD_06_17,Pool circulation or heating can add to household demand during this period.,,stage5_frozen_selected_model,stage6a_frozen_ensemble,stage6b_deterministic_rules,real
2025-09-04T08:00:00+02:00,2025-09-01T23:00:00+02:00,72,57,M1_GBT_CAL_WEATHER,0.9927498492922258,0.19071747220000002,0.887230686,1.6888179512999997,2.6101675577499974,3.7097626867000058,0.025,LOW,21.1,False,MORNING,0.28,STANDARD_06_17,Pool circulation or heating can add to household demand during this period.,,stage5_frozen_selected_model,stage6a_frozen_ensemble,stage6b_deterministic_rules,real
2025-09-04T09:00:00+02:00,2025-09-01T23:00:00+02:00,72,58,M1_GBT_CAL_WEATHER,0.9927498492922258,0.19750579750000002,1.0181244465,1.3288765063999999,1.3803065292499996,3.7097626867000058,0.01,LOW,22.4,False,DAYTIME,0.28,STANDARD_06_17,Pool circulation or heating can add to household demand during this period.,,stage5_frozen_selected_model,stage6a_frozen_ensemble,stage6b_deterministic_rules,real
2025-09-04T10:00:00+02:00,2025-09-01T23:00:00+02:00,72,59,M1_GBT_CAL_WEATHER,0.9927498492922258,0.22209801080000002,1.0399599435,1.3485966673,1.4188770544999993,3.7097626867000058,0.0,LOW,24.1,False,DAYTIME,0.28,STANDARD_06_17,Pool circulation or heating can add to household demand during this period.,,stage5_frozen_selected_model,stage6a_frozen_ensemble,stage6b_deterministic_rules,real
2025-09-04T11:00:00+02:00,2025-09-01T23:00:00+02:00,72,60,M1_GBT_CAL_WEATHER,1.1529853350004575,0.2141475024,1.0012744075,1.3364341899,1.4187458470999967,3.7097626867000058,0.01,LOW,25.5,False,DAYTIME,0.28,STANDARD_06_17,Warm weather can increase cooling demand during this period.,Pool circulation or heating can add to household demand during this period.,stage5_frozen_selected_model,stage6a_frozen_ensemble,stage6b_deterministic_rules,real
2025-09-04T12:00:00+02:00,2025-09-01T23:00:00+02:00,72,61,M1_GBT_CAL_WEATHER,1.2059473354316246,0.1631709771,0.8385466685,1.2850981425,1.3625716916000001,3.7097626867000058,0.005,LOW,26.5,False,DAYTIME,0.28,STANDARD_06_17,Warm weather can increase cooling demand during this period.,Pool circulation or heating can add to household demand during this period.,stage5_frozen_selected_model,stage6a_frozen_ensemble,stage6b_deterministic_rules,real
2025-09-04T13:00:00+02:00,2025-09-01T23:00:00+02:00,72,62,M1_GBT_CAL_WEATHER,1.2326414827488745,0.1473747001,0.2187050285,1.3241520758999998,1.7564305935499978,3.7097626867000058,0.01,LOW,26.9,False,DAYTIME,0.28,STANDARD_06_17,Warm weather can increase cooling demand during this period.,Pool circulation or heating can add to household demand during this period.,stage5_frozen_selected_model,stage6a_frozen_ensemble,stage6b_deterministic_rules,real
2025-09-04T14:00:00+02:00,2025-09-01T23:00:00+02:00,72,63,M1_GBT_CAL_WEATHER,1.3736296372000114,0.143135813,0.21085101150000002,1.5953301740999999,2.565622248899999,3.7097626867000058,0.03,LOW,26.9,False,DAYTIME,0.28,STANDARD_06_17,Warm weather can increase cooling demand during this period.,Pool circulation or heating can add to household demand during this period.,stage5_frozen_selected_model,stage6a_frozen_ensemble,stage6b_deterministic_rules,real
2025-09-04T15:00:00+02:00,2025-09-01T23:00:00+02:00,72,64,M1_GBT_CAL_WEATHER,2.4842743863434635,0.1531838379,0.582620177,2.3908668904999995,2.8955663976499957,3.7097626867000058,0.035,LOW,27.1,False,DAYTIME,0.28,STANDARD_06_17,Warm weather can increase cooling demand during this period.,Pool circulation or heating can add to household demand during this period.,stage5_frozen_selected_model,stage6a_frozen_ensemble,stage6b_deterministic_rules,real
2025-09-04T16:00:00+02:00,2025-09-01T23:00:00+02:00,72,65,M1_GBT_CAL_WEATHER,2.854738890479159,0.1743633646,1.2277533369999998,3.7878002745999995,5.7879107556,3.7097626867000058,0.105,LOW,27.3,False,RETURN_RAMP,0.28,STANDARD_06_17,Warm weather can increase cooling demand during this period.,Pool circulation or heating can add to household demand during this period.,stage5_frozen_selected_model,stage6a_frozen_ensemble,stage6b_deterministic_rules,real
2025-09-04T17:00:00+02:00,2025-09-01T23:00:00+02:00,72,66,M1_GBT_CAL_WEATHER,2.795482676221923,0.7702608378000001,2.7022614785,9.582705899199999,10.432524782099996,3.7097626867000058,0.335,MEDIUM,27.0,False,RETURN_RAMP,0.4,PEAK_17_22,"Evening demand can rise when EV charging, HVAC and household activities overlap.",Warm weather can increase cooling demand during this period.,stage5_frozen_selected_model,stage6a_frozen_ensemble,stage6b_deterministic_rules,real
2025-09-04T18:00:00+02:00,2025-09-01T23:00:00+02:00,72,67,M1_GBT_CAL_WEATHER,3.4810478927914756,0.7823421361000001,4.200605081000001,11.0539952947,14.730083251599988,3.7097626867000058,0.515,HIGH,26.9,False,RETURN_RAMP,0.4,PEAK_17_22,"This is a high-risk period because EV charging can coincide with HVAC, cooking and optional high-power loads such as the sauna.",Warm weather can increase cooling demand during this period.,stage5_frozen_selected_model,stage6a_frozen_ensemble,stage6b_deterministic_rules,real
2025-09-04T19:00:00+02:00,2025-09-01T23:00:00+02:00,72,68,M1_GBT_CAL_WEATHER,3.4810478927914756,0.5481156093000001,4.296611732500001,11.3221558327,14.834957147049995,3.7097626867000058,0.555,HIGH,26.8,False,EVENING,0.4,PEAK_17_22,"This is a high-risk period because EV charging can coincide with HVAC, cooking and optional high-power loads such as the sauna.",Warm weather can increase cooling demand during this period.,stage5_frozen_selected_model,stage6a_frozen_ensemble,stage6b_deterministic_rules,real
2025-09-04T20:00:00+02:00,2025-09-01T23:00:00+02:00,72,69,M1_GBT_CAL_WEATHER,2.7071149006958657,0.2161050371,3.0028471999999997,9.941115745600001,11.641079104349997,3.7097626867000058,0.43,HIGH,25.8,False,EVENING,0.4,PEAK_17_22,"This is a high-risk period because EV charging can coincide with HVAC, cooking and optional high-power loads such as the sauna.",Warm weather can increase cooling demand during this period.,stage5_frozen_selected_model,stage6a_frozen_ensemble,stage6b_deterministic_rules,real
2025-09-04T21:00:00+02:00,2025-09-01T23:00:00+02:00,72,70,M1_GBT_CAL_WEATHER,2.20893115138097,0.19948722860000004,0.9764012395,7.7644170381,8.399751727999998,3.7097626867000058,0.27,MEDIUM,24.9,False,EVENING,0.4,PEAK_17_22,"Evening demand can rise when EV charging, HVAC and household activities overlap.",Pool circulation or heating can add to household demand during this period.,stage5_frozen_selected_model,stage6a_frozen_ensemble,stage6b_deterministic_rules,real
2025-09-04T22:00:00+02:00,2025-09-01T23:00:00+02:00,72,71,M1_GBT_CAL_WEATHER,2.1513388319538436,0.3506921248,0.649044372,5.7669941636,7.794437126199999,3.7097626867000058,0.12,LOW,25.0,False,EVENING,0.28,STANDARD_22_24,Pool circulation or heating can add to household demand during this period.,,stage5_frozen_selected_model,stage6a_frozen_ensemble,stage6b_deterministic_rules,real
2025-09-04T23:00:00+02:00,2025-09-01T23:00:00+02:00,72,72,M1_GBT_CAL_WEATHER,1.2053251209785925,0.3113480599,0.554807186,2.0322299062,2.77139094465,3.7097626867000058,0.035,LOW,23.8,False,NIGHT,0.28,STANDARD_22_24,"Demand is usually lower overnight, although base loads, HVAC, pool systems and EV charging may remain active.",,stage5_frozen_selected_model,stage6a_frozen_ensemble,stage6b_deterministic_rules,real
2025-09-05T00:00:00+02:00,2025-09-04T23:00:00+02:00,72,1,M1_GBT_CAL_WEATHER,0.9129772161494627,0.3171833881,0.5227890909999999,1.6956170681999991,2.1376757896000003,3.3187679449000007,0.0,LOW,23.4,False,NIGHT,0.18,OFF_PEAK_00_06,"Demand is usually lower overnight, although base loads, HVAC, pool systems and EV charging may remain active.",,stage5_frozen_selected_model,stage6a_frozen_ensemble,stage6b_deterministic_rules,real
2025-09-05T01:00:00+02:00,2025-09-04T23:00:00+02:00,72,2,M1_GBT_CAL_WEATHER,0.9129772161494627,0.3105810075,0.4815668595,0.652798535,0.676651861,3.3187679449000007,0.01,LOW,22.7,False,NIGHT,0.18,OFF_PEAK_00_06,"Demand is usually lower overnight, although base loads, HVAC, pool systems and EV charging may remain active.",,stage5_frozen_selected_model,stage6a_frozen_ensemble,stage6b_deterministic_rules,real
2025-09-05T02:00:00+02:00,2025-09-04T23:00:00+02:00,72,3,M1_GBT_CAL_WEATHER,0.9129772161494627,0.3148955392,0.484266718,0.6556736035999999,0.6788138865000001,3.3187679449000007,0.01,LOW,22.5,False,NIGHT,0.18,OFF_PEAK_00_06,"Demand is usually lower overnight, although base loads, HVAC, pool systems and EV charging may remain active.",,stage5_frozen_selected_model,stage6a_frozen_ensemble,stage6b_deterministic_rules,real
2025-09-05T03:00:00+02:00,2025-09-04T23:00:00+02:00,72,4,M1_GBT_CAL_WEATHER,0.9129772161494627,0.31619243280000003,0.48553978600000003,0.6569951098,0.6798997658,3.3187679449000007,0.015,LOW,22.3,False,NIGHT,0.18,OFF_PEAK_00_06,"Demand is usually lower overnight, although base loads, HVAC, pool systems and EV charging may remain active.",,stage5_frozen_selected_model,stage6a_frozen_ensemble,stage6b_deterministic_rules,real
2025-09-05T04:00:00+02:00,2025-09-04T23:00:00+02:00,72,5,M1_GBT_CAL_WEATHER,0.9129772161494627,0.3194864844,0.487581599,0.6563414593,0.6806709250999999,3.3187679449000007,0.005,LOW,22.7,False,NIGHT,0.18,OFF_PEAK_00_06,"Demand is usually lower overnight, although base loads, HVAC, pool systems and EV charging may remain active.",,stage5_frozen_selected_model,stage6a_frozen_ensemble,stage6b_deterministic_rules,real
2025-09-05T05:00:00+02:00,2025-09-04T23:00:00+02:00,72,6,M1_GBT_CAL_WEATHER,0.9129772161494627,0.3201566164,0.48712235800000003,0.6540849085,0.6728729857499999,3.3187679449000007,0.0,LOW,22.1,False,NIGHT,0.18,OFF_PEAK_00_06,"Demand is usually lower overnight, although base loads, HVAC, pool systems and EV charging may remain active.",,stage5_frozen_selected_model,stage6a_frozen_ensemble,stage6b_deterministic_rules,real
2025-09-05T06:00:00+02:00,2025-09-04T23:00:00+02:00,72,7,M1_GBT_CAL_WEATHER,0.9129772161494627,0.3394556894,0.5410294375,1.1601822761,1.2724559443999996,3.3187679449000007,0.0,LOW,21.8,False,NIGHT,0.28,STANDARD_06_17,Pool circulation or heating can add to household demand during this period.,"Demand is usually lower overnight, although base loads, HVAC, pool systems and EV charging may remain active.",stage5_frozen_selected_model,stage6a_frozen_ensemble,stage6b_deterministic_rules,real
2025-09-05T07:00:00+02:00,2025-09-04T23:00:00+02:00,72,8,M1_GBT_CAL_WEATHER,0.9129772161494627,0.41018163080000003,0.9111261740000001,2.2794883190999995,2.7815286473499996,3.3187679449000007,0.015,LOW,21.3,False,MORNING,0.28,STANDARD_06_17,Pool circulation or heating can add to household demand during this period.,,stage5_frozen_selected_model,stage6a_frozen_ensemble,stage6b_deterministic_rules,real
2025-09-05T08:00:00+02:00,2025-09-04T23:00:00+02:00,72,9,M1_GBT_CAL_WEATHER,0.9129772161494627,0.1862991464,0.9648142685000001,1.9452776844000002,2.361664604,3.3187679449000007,0.02,LOW,21.6,False,MORNING,0.28,STANDARD_06_17,Pool circulation or heating can add to household demand during this period.,,stage5_frozen_selected_model,stage6a_frozen_ensemble,stage6b_deterministic_rules,real
2025-09-05T09:00:00+02:00,2025-09-04T23:00:00+02:00,72,10,M1_GBT_CAL_WEATHER,0.9129772161494627,0.1858678607,1.0165008800000002,1.3404257921,1.6748358614499996,3.3187679449000007,0.03,LOW,22.8,False,DAYTIME,0.28,STANDARD_06_17,Pool circulation or heating can add to household demand during this period.,,stage5_frozen_selected_model,stage6a_frozen_ensemble,stage6b_deterministic_rules,real
2025-09-05T10:00:00+02:00,2025-09-04T23:00:00+02:00,72,11,M1_GBT_CAL_WEATHER,0.9129772161494627,0.2477549581000001,1.020977594,1.3951127386000002,3.0828777685999955,3.3187679449000007,0.05,LOW,23.9,False,DAYTIME,0.28,STANDARD_06_17,Pool circulation or heating can add to household demand during this period.,,stage5_frozen_selected_model,stage6a_frozen_ensemble,stage6b_deterministic_rules,real
2025-09-05T11:00:00+02:00,2025-09-04T23:00:00+02:00,72,12,M1_GBT_CAL_WEATHER,0.9293898432812443,0.2149729401,0.970396085,1.5894826584,3.578081951149993,3.3187679449000007,0.055,LOW,24.8,False,DAYTIME,0.28,STANDARD_06_17,Pool circulation or heating can add to household demand during this period.,,stage5_frozen_selected_model,stage6a_frozen_ensemble,stage6b_deterministic_rules,real
2025-09-05T12:00:00+02:00,2025-09-04T23:00:00+02:00,72,13,M1_GBT_CAL_WEATHER,0.8614853974415669,0.1671966603,0.86544925,1.3773639094,2.5420153867999975,3.3187679449000007,0.04,LOW,25.2,False,DAYTIME,0.28,STANDARD_06_17,Pool circulation or heating can add to household demand during this period.,,stage5_frozen_selected_model,stage6a_frozen_ensemble,stage6b_deterministic_rules,real
2025-09-05T13:00:00+02:00,2025-09-04T23:00:00+02:00,72,14,M1_GBT_CAL_WEATHER,1.01087999905102,0.144385109,0.32874911250000005,1.3331750624,1.8259317758499929,3.3187679449000007,0.035,LOW,25.8,False,DAYTIME,0.28,STANDARD_06_17,Warm weather can increase cooling demand during this period.,Pool circulation or heating can add to household demand during this period.,stage5_frozen_selected_model,stage6a_frozen_ensemble,stage6b_deterministic_rules,real
2025-09-05T14:00:00+02:00,2025-09-04T23:00:00+02:00,72,15,M1_GBT_CAL_WEATHER,1.0766404624649106,0.1415906191,0.212145989,1.3099617096,2.2175003409499983,3.3187679449000007,0.025,LOW,25.9,False,DAYTIME,0.28,STANDARD_06_17,Warm weather can increase cooling demand during this period.,Pool circulation or heating can add to household demand during this period.,stage5_frozen_selected_model,stage6a_frozen_ensemble,stage6b_deterministic_rules,real
2025-09-05T15:00:00+02:00,2025-09-04T23:00:00+02:00,72,16,M1_GBT_CAL_WEATHER,1.4085881853845632,0.1497524878,0.395593158,1.3735853678,1.996870611749998,3.3187679449000007,0.01,LOW,26.0,False,DAYTIME,0.28,STANDARD_06_17,Warm weather can increase cooling demand during this period.,Pool circulation or heating can add to household demand during this period.,stage5_frozen_selected_model,stage6a_frozen_ensemble,stage6b_deterministic_rules,real
2025-09-05T16:00:00+02:00,2025-09-04T23:00:00+02:00,72,17,M1_GBT_CAL_WEATHER,1.7614910868195268,0.1774341285,0.9985549874999999,2.8802815878999994,4.4056844351499995,3.3187679449000007,0.08,LOW,26.0,False,RETURN_RAMP,0.28,STANDARD_06_17,Warm weather can increase cooling demand during this period.,Pool circulation or heating can add to household demand during this period.,stage5_frozen_selected_model,stage6a_frozen_ensemble,stage6b_deterministic_rules,real
2025-09-05T17:00:00+02:00,2025-09-04T23:00:00+02:00,72,18,M1_GBT_CAL_WEATHER,1.8648765837761783,0.6731941403,2.0700642645,8.413203828899999,10.03460471055,3.3187679449000007,0.34,MEDIUM,25.7,False,RETURN_RAMP,0.4,PEAK_17_22,"Evening demand can rise when EV charging, HVAC and household activities overlap.",Warm weather can increase cooling demand during this period.,stage5_frozen_selected_model,stage6a_frozen_ensemble,stage6b_deterministic_rules,real
2025-09-05T18:00:00+02:00,2025-09-04T23:00:00+02:00,72,19,M1_GBT_CAL_WEATHER,2.493913642056836,0.7878723061999999,4.3384612605,12.091160449199998,13.3424543781,3.3187679449000007,0.56,HIGH,25.4,False,RETURN_RAMP,0.4,PEAK_17_22,"This is a high-risk period because EV charging can coincide with HVAC, cooking and optional high-power loads such as the sauna.",Pool circulation or heating can add to household demand during this period.,stage5_frozen_selected_model,stage6a_frozen_ensemble,stage6b_deterministic_rules,real
2025-09-05T19:00:00+02:00,2025-09-04T23:00:00+02:00,72,20,M1_GBT_CAL_WEATHER,2.424832627516161,0.24690821950000005,5.2281511665,12.627489378799996,15.059434272649995,3.3187679449000007,0.6,HIGH,24.6,False,EVENING,0.4,PEAK_17_22,"This is a high-risk period because EV charging can coincide with HVAC, cooking and optional high-power loads such as the sauna.",Pool circulation or heating can add to household demand during this period.,stage5_frozen_selected_model,stage6a_frozen_ensemble,stage6b_deterministic_rules,real
2025-09-05T20:00:00+02:00,2025-09-04T23:00:00+02:00,72,21,M1_GBT_CAL_WEATHER,2.20883956270174,0.2544264474,2.9952823825,10.818183061299997,13.875915310549997,3.3187679449000007,0.47,HIGH,23.5,False,EVENING,0.4,PEAK_17_22,"This is a high-risk period because EV charging can coincide with HVAC, cooking and optional high-power loads such as the sauna.",Pool circulation or heating can add to household demand during this period.,stage5_frozen_selected_model,stage6a_frozen_ensemble,stage6b_deterministic_rules,real
2025-09-05T21:00:00+02:00,2025-09-04T23:00:00+02:00,72,22,M1_GBT_CAL_WEATHER,2.0804782523665035,0.2048405942,0.9582186975,7.9540463505,9.23213248865,3.3187679449000007,0.33,MEDIUM,22.2,False,EVENING,0.4,PEAK_17_22,"Evening demand can rise when EV charging, HVAC and household activities overlap.",Pool circulation or heating can add to household demand during this period.,stage5_frozen_selected_model,stage6a_frozen_ensemble,stage6b_deterministic_rules,real
2025-09-05T22:00:00+02:00,2025-09-04T23:00:00+02:00,72,23,M1_GBT_CAL_WEATHER,1.8769825058542176,0.3481445337,0.7999484880000001,6.1264549364999965,8.29068669185,3.3187679449000007,0.145,LOW,21.4,False,EVENING,0.28,STANDARD_22_24,Pool circulation or heating can add to household demand during this period.,,stage5_frozen_selected_model,stage6a_frozen_ensemble,stage6b_deterministic_rules,real
2025-09-05T23:00:00+02:00,2025-09-04T23:00:00+02:00,72,24,M1_GBT_CAL_WEATHER,1.0550339300286622,0.31704108459999997,0.5548219595,1.276407944,3.6755687013499903,3.3187679449000007,0.055,LOW,21.9,False,NIGHT,0.28,STANDARD_22_24,"Demand is usually lower overnight, although base loads, HVAC, pool systems and EV charging may remain active.",,stage5_frozen_selected_model,stage6a_frozen_ensemble,stage6b_deterministic_rules,real
2025-09-06T00:00:00+02:00,2025-09-04T23:00:00+02:00,72,25,M1_GBT_CAL_WEATHER,0.9313885665226805,0.3087706644,0.48330077250000003,0.6651464978,0.7098765022499982,3.3187679449000007,0.005,LOW,21.8,True,NIGHT,0.18,OFF_PEAK_00_06,"Demand is usually lower overnight, although base loads, HVAC, pool systems and EV charging may remain active.",,stage5_frozen_selected_model,stage6a_frozen_ensemble,stage6b_deterministic_rules,real
2025-09-06T01:00:00+02:00,2025-09-04T23:00:00+02:00,72,26,M1_GBT_CAL_WEATHER,0.9313885665226805,0.3090537995,0.482710967,0.6500586041,0.67552491385,3.3187679449000007,0.0,LOW,21.6,True,NIGHT,0.18,OFF_PEAK_00_06,"Demand is usually lower overnight, although base loads, HVAC, pool systems and EV charging may remain active.",,stage5_frozen_selected_model,stage6a_frozen_ensemble,stage6b_deterministic_rules,real
2025-09-06T02:00:00+02:00,2025-09-04T23:00:00+02:00,72,27,M1_GBT_CAL_WEATHER,0.9313885665226805,0.31031986240000003,0.483016271,0.6511974301,0.6700408691499999,3.3187679449000007,0.0,LOW,20.2,True,NIGHT,0.18,OFF_PEAK_00_06,"Demand is usually lower overnight, although base loads, HVAC, pool systems and EV charging may remain active.",,stage5_frozen_selected_model,stage6a_frozen_ensemble,stage6b_deterministic_rules,real
2025-09-06T03:00:00+02:00,2025-09-04T23:00:00+02:00,72,28,M1_GBT_CAL_WEATHER,0.9313885665226805,0.31140705560000004,0.48426090899999996,0.6523443012,0.6712997623999999,3.3187679449000007,0.0,LOW,19.8,True,NIGHT,0.18,OFF_PEAK_00_06,"Demand is usually lower overnight, although base loads, HVAC, pool systems and EV charging may remain active.",,stage5_frozen_selected_model,stage6a_frozen_ensemble,stage6b_deterministic_rules,real
2025-09-06T04:00:00+02:00,2025-09-04T23:00:00+02:00,72,29,M1_GBT_CAL_WEATHER,0.9313885665226805,0.3171875749,0.487581599,0.6539220567999999,0.6806709250999999,3.3187679449000007,0.005,LOW,19.5,True,NIGHT,0.18,OFF_PEAK_00_06,"Demand is usually lower overnight, although base loads, HVAC, pool systems and EV charging may remain active.",,stage5_frozen_selected_model,stage6a_frozen_ensemble,stage6b_deterministic_rules,real
2025-09-06T05:00:00+02:00,2025-09-04T23:00:00+02:00,72,30,M1_GBT_CAL_WEATHER,0.9313885665226805,0.3178131466,0.490787488,0.6825160194,2.6474808871999937,3.3187679449000007,0.04,LOW,19.4,True,NIGHT,0.18,OFF_PEAK_00_06,"Demand is usually lower overnight, although base loads, HVAC, pool systems and EV charging may remain active.",,stage5_frozen_selected_model,stage6a_frozen_ensemble,stage6b_deterministic_rules,real
2025-09-06T06:00:00+02:00,2025-09-04T23:00:00+02:00,72,31,M1_GBT_CAL_WEATHER,0.9313885665226805,0.3380876982,0.588188897,2.8834796551999995,3.3406017595499993,3.3187679449000007,0.055,LOW,19.4,True,NIGHT,0.28,STANDARD_06_17,Pool circulation or heating can add to household demand during this period.,"Demand is usually lower overnight, although base loads, HVAC, pool systems and EV charging may remain active.",stage5_frozen_selected_model,stage6a_frozen_ensemble,stage6b_deterministic_rules,real
2025-09-06T07:00:00+02:00,2025-09-04T23:00:00+02:00,72,32,M1_GBT_CAL_WEATHER,0.9313885665226805,0.3594788264,1.1398379745,4.2170198467999995,4.78062876425,3.3187679449000007,0.215,MEDIUM,19.1,True,MORNING,0.28,STANDARD_06_17,Pool circulation or heating can add to household demand during this period.,Weekend occupancy can increase daytime household activity.,stage5_frozen_selected_model,stage6a_frozen_ensemble,stage6b_deterministic_rules,real
2025-09-06T08:00:00+02:00,2025-09-04T23:00:00+02:00,72,33,M1_GBT_CAL_WEATHER,0.9313885665226805,0.2004022493,1.0191390055,3.7674898020999996,4.26277560635,3.3187679449000007,0.135,LOW,19.5,True,MORNING,0.28,STANDARD_06_17,Pool circulation or heating can add to household demand during this period.,Weekend occupancy can increase daytime household activity.,stage5_frozen_selected_model,stage6a_frozen_ensemble,stage6b_deterministic_rules,real
2025-09-06T09:00:00+02:00,2025-09-04T23:00:00+02:00,72,34,M1_GBT_CAL_WEATHER,0.9313885665226805,0.2131743321,1.106217271,3.631274619099999,4.2829372846,3.3187679449000007,0.115,LOW,21.6,True,DAYTIME,0.28,STANDARD_06_17,Pool circulation or heating can add to household demand during this period.,Weekend occupancy can increase daytime household activity.,stage5_frozen_selected_model,stage6a_frozen_ensemble,stage6b_deterministic_rules,real
2025-09-06T10:00:00+02:00,2025-09-04T23:00:00+02:00,72,35,M1_GBT_CAL_WEATHER,0.9129772161494627,0.219215807,0.993098917,1.3500512457,1.3979108649499998,3.3187679449000007,0.025,LOW,23.7,True,DAYTIME,0.28,STANDARD_06_17,Pool circulation or heating can add to household demand during this period.,Weekend occupancy can increase daytime household activity.,stage5_frozen_selected_model,stage6a_frozen_ensemble,stage6b_deterministic_rules,real
2025-09-06T11:00:00+02:00,2025-09-04T23:00:00+02:00,72,36,M1_GBT_CAL_WEATHER,0.8614853974415669,0.2270565937,1.011410857,1.3929904476000001,2.0770083091999996,3.3187679449000007,0.035,LOW,25.0,True,DAYTIME,0.28,STANDARD_06_17,Pool circulation or heating can add to household demand during this period.,Weekend occupancy can increase daytime household activity.,stage5_frozen_selected_model,stage6a_frozen_ensemble,stage6b_deterministic_rules,real
2025-09-06T12:00:00+02:00,2025-09-04T23:00:00+02:00,72,37,M1_GBT_CAL_WEATHER,1.01087999905102,0.1696389456,0.9688014805,1.4622678651999999,3.0384565167499997,3.3187679449000007,0.04,LOW,25.9,True,DAYTIME,0.28,STANDARD_06_17,Warm weather can increase cooling demand during this period.,Pool circulation or heating can add to household demand during this period.,stage5_frozen_selected_model,stage6a_frozen_ensemble,stage6b_deterministic_rules,real
2025-09-06T13:00:00+02:00,2025-09-04T23:00:00+02:00,72,38,M1_GBT_CAL_WEATHER,1.01087999905102,0.16031107060000002,0.4970974025,1.3748840731999994,3.4461943133499986,3.3187679449000007,0.055,LOW,26.5,True,DAYTIME,0.28,STANDARD_06_17,Warm weather can increase cooling demand during this period.,Pool circulation or heating can add to household demand during this period.,stage5_frozen_selected_model,stage6a_frozen_ensemble,stage6b_deterministic_rules,real
2025-09-06T14:00:00+02:00,2025-09-04T23:00:00+02:00,72,39,M1_GBT_CAL_WEATHER,1.0950518128381286,0.1526502143,0.2251879855,1.3378054846999998,3.7604157360999997,3.3187679449000007,0.06,LOW,26.6,True,DAYTIME,0.28,STANDARD_06_17,Warm weather can increase cooling demand during this period.,Pool circulation or heating can add to household demand during this period.,stage5_frozen_selected_model,stage6a_frozen_ensemble,stage6b_deterministic_rules,real
2025-09-06T15:00:00+02:00,2025-09-04T23:00:00+02:00,72,40,M1_GBT_CAL_WEATHER,1.552126147404352,0.1552358041,0.7861625315,2.481101112499999,3.3485205320999984,3.3187679449000007,0.06,LOW,26.7,True,DAYTIME,0.28,STANDARD_06_17,Warm weather can increase cooling demand during this period.,Pool circulation or heating can add to household demand during this period.,stage5_frozen_selected_model,stage6a_frozen_ensemble,stage6b_deterministic_rules,real
2025-09-06T16:00:00+02:00,2025-09-04T23:00:00+02:00,72,41,M1_GBT_CAL_WEATHER,1.7799024371927448,0.16313467350000002,1.116273747,3.6448999327999996,6.3846249182499974,3.3187679449000007,0.135,LOW,26.6,True,RETURN_RAMP,0.28,STANDARD_06_17,Warm weather can increase cooling demand during this period.,Pool circulation or heating can add to household demand during this period.,stage5_frozen_selected_model,stage6a_frozen_ensemble,stage6b_deterministic_rules,real
2025-09-06T17:00:00+02:00,2025-09-04T23:00:00+02:00,72,42,M1_GBT_CAL_WEATHER,1.8648765837761783,0.5178821444,1.3583068109999998,6.912220416799999,9.55954422735,3.3187679449000007,0.2,MEDIUM,26.2,True,RETURN_RAMP,0.4,PEAK_17_22,"Evening demand can rise when EV charging, HVAC and household activities overlap.",Warm weather can increase cooling demand during this period.,stage5_frozen_selected_model,stage6a_frozen_ensemble,stage6b_deterministic_rules,real
2025-09-06T18:00:00+02:00,2025-09-04T23:00:00+02:00,72,43,M1_GBT_CAL_WEATHER,2.543406737523296,0.2061771236,1.5493597289999999,7.7553823582999994,9.528534400599996,3.3187679449000007,0.28,MEDIUM,25.7,True,RETURN_RAMP,0.4,PEAK_17_22,"Evening demand can rise when EV charging, HVAC and household activities overlap.",Warm weather can increase cooling demand during this period.,stage5_frozen_selected_model,stage6a_frozen_ensemble,stage6b_deterministic_rules,real
2025-09-06T19:00:00+02:00,2025-09-04T23:00:00+02:00,72,44,M1_GBT_CAL_WEATHER,2.543406737523296,0.2114551977,2.3224039195,8.984220388,10.159866519549995,3.3187679449000007,0.375,MEDIUM,25.4,True,EVENING,0.4,PEAK_17_22,"Evening demand can rise when EV charging, HVAC and household activities overlap.",Pool circulation or heating can add to household demand during this period.,stage5_frozen_selected_model,stage6a_frozen_ensemble,stage6b_deterministic_rules,real
2025-09-06T20:00:00+02:00,2025-09-04T23:00:00+02:00,72,45,M1_GBT_CAL_WEATHER,2.2583326581681997,0.2265599908,1.973263515,8.7227399152,9.571373545649998,3.3187679449000007,0.335,MEDIUM,24.3,True,EVENING,0.4,PEAK_17_22,"Evening demand can rise when EV charging, HVAC and household activities overlap.",Pool circulation or heating can add to household demand during this period.,stage5_frozen_selected_model,stage6a_frozen_ensemble,stage6b_deterministic_rules,real
2025-09-06T21:00:00+02:00,2025-09-04T23:00:00+02:00,72,46,M1_GBT_CAL_WEATHER,2.0620669019932856,0.1925250601,0.961313705,8.0106887564,8.99401106449999,3.3187679449000007,0.34,MEDIUM,23.4,True,EVENING,0.4,PEAK_17_22,"Evening demand can rise when EV charging, HVAC and household activities overlap.",Pool circulation or heating can add to household demand during this period.,stage5_frozen_selected_model,stage6a_frozen_ensemble,stage6b_deterministic_rules,real
2025-09-06T22:00:00+02:00,2025-09-04T23:00:00+02:00,72,47,M1_GBT_CAL_WEATHER,1.6131975212028413,0.39739572190000005,0.7638655560000001,6.7026642994,7.981583067999998,3.3187679449000007,0.155,LOW,24.1,True,EVENING,0.28,STANDARD_22_24,Pool circulation or heating can add to household demand during this period.,,stage5_frozen_selected_model,stage6a_frozen_ensemble,stage6b_deterministic_rules,real
2025-09-06T23:00:00+02:00,2025-09-04T23:00:00+02:00,72,48,M1_GBT_CAL_WEATHER,1.0366225796554442,0.33012907490000004,0.5676399560000001,1.2892939786,2.077768566899998,3.3187679449000007,0.035,LOW,24.0,True,NIGHT,0.28,STANDARD_22_24,"Demand is usually lower overnight, although base loads, HVAC, pool systems and EV charging may remain active.",,stage5_frozen_selected_model,stage6a_frozen_ensemble,stage6b_deterministic_rules,real
2025-09-07T00:00:00+02:00,2025-09-04T23:00:00+02:00,72,49,M1_GBT_CAL_WEATHER,0.9129772161494627,0.3184090312,0.5262306545,1.0101845727999996,2.2342943143499987,3.3187679449000007,0.015,LOW,23.1,True,NIGHT,0.18,OFF_PEAK_00_06,"Demand is usually lower overnight, although base loads, HVAC, pool systems and EV charging may remain active.",,stage5_frozen_selected_model,stage6a_frozen_ensemble,stage6b_deterministic_rules,real
2025-09-07T01:00:00+02:00,2025-09-04T23:00:00+02:00,72,50,M1_GBT_CAL_WEATHER,0.9129772161494627,0.3154133415,0.484883253,0.652798535,0.676651861,3.3187679449000007,0.01,LOW,24.1,True,NIGHT,0.18,OFF_PEAK_00_06,"Demand is usually lower overnight, although base loads, HVAC, pool systems and EV charging may remain active.",,stage5_frozen_selected_model,stage6a_frozen_ensemble,stage6b_deterministic_rules,real
2025-09-07T02:00:00+02:00,2025-09-04T23:00:00+02:00,72,51,M1_GBT_CAL_WEATHER,0.9129772161494627,0.3170311842,0.487715857,0.6556736035999999,0.6788138865000001,3.3187679449000007,0.005,LOW,23.2,True,NIGHT,0.18,OFF_PEAK_00_06,"Demand is usually lower overnight, although base loads, HVAC, pool systems and EV charging may remain active.",,stage5_frozen_selected_model,stage6a_frozen_ensemble,stage6b_deterministic_rules,real
2025-09-07T03:00:00+02:00,2025-09-04T23:00:00+02:00,72,52,M1_GBT_CAL_WEATHER,0.9129772161494627,0.3184204575,0.486731881,0.6526111793,0.6712997623999999,3.3187679449000007,0.0,LOW,23.2,True,NIGHT,0.18,OFF_PEAK_00_06,"Demand is usually lower overnight, although base loads, HVAC, pool systems and EV charging may remain active.",,stage5_frozen_selected_model,stage6a_frozen_ensemble,stage6b_deterministic_rules,real
2025-09-07T04:00:00+02:00,2025-09-04T23:00:00+02:00,72,53,M1_GBT_CAL_WEATHER,0.9129772161494627,0.3194864844,0.4878395175,0.6535160707,0.6722657439499998,3.3187679449000007,0.0,LOW,23.0,True,NIGHT,0.18,OFF_PEAK_00_06,"Demand is usually lower overnight, although base loads, HVAC, pool systems and EV charging may remain active.",,stage5_frozen_selected_model,stage6a_frozen_ensemble,stage6b_deterministic_rules,real
2025-09-07T05:00:00+02:00,2025-09-04T23:00:00+02:00,72,54,M1_GBT_CAL_WEATHER,0.9129772161494627,0.3201566164,0.488535807,0.6540849085,0.6728729857499999,3.3187679449000007,0.0,LOW,22.0,True,NIGHT,0.18,OFF_PEAK_00_06,"Demand is usually lower overnight, although base loads, HVAC, pool systems and EV charging may remain active.",,stage5_frozen_selected_model,stage6a_frozen_ensemble,stage6b_deterministic_rules,real
2025-09-07T06:00:00+02:00,2025-09-04T23:00:00+02:00,72,55,M1_GBT_CAL_WEATHER,0.9129772161494627,0.3259986812,0.567367939,1.1513750633,1.5132240310999996,3.3187679449000007,0.0,LOW,22.2,True,NIGHT,0.28,STANDARD_06_17,Pool circulation or heating can add to household demand during this period.,"Demand is usually lower overnight, although base loads, HVAC, pool systems and EV charging may remain active.",stage5_frozen_selected_model,stage6a_frozen_ensemble,stage6b_deterministic_rules,real
2025-09-07T07:00:00+02:00,2025-09-04T23:00:00+02:00,72,56,M1_GBT_CAL_WEATHER,0.9313885665226805,0.34504222290000003,0.7012412185,2.0576317649999996,2.4308296311499964,3.3187679449000007,0.02,LOW,22.0,True,MORNING,0.28,STANDARD_06_17,Pool circulation or heating can add to household demand during this period.,Weekend occupancy can increase daytime household activity.,stage5_frozen_selected_model,stage6a_frozen_ensemble,stage6b_deterministic_rules,real
2025-09-07T08:00:00+02:00,2025-09-04T23:00:00+02:00,72,57,M1_GBT_CAL_WEATHER,0.9313885665226805,0.1739328386,0.8978409940000001,1.7791679349999985,2.3898347718,3.3187679449000007,0.015,LOW,22.1,True,MORNING,0.28,STANDARD_06_17,Pool circulation or heating can add to household demand during this period.,Weekend occupancy can increase daytime household activity.,stage5_frozen_selected_model,stage6a_frozen_ensemble,stage6b_deterministic_rules,real
2025-09-07T09:00:00+02:00,2025-09-04T23:00:00+02:00,72,58,M1_GBT_CAL_WEATHER,0.9129772161494627,0.19654628680000003,1.0002919755,1.3229492004999999,1.4086383720000002,3.3187679449000007,0.015,LOW,23.6,True,DAYTIME,0.28,STANDARD_06_17,Pool circulation or heating can add to household demand during this period.,Weekend occupancy can increase daytime household activity.,stage5_frozen_selected_model,stage6a_frozen_ensemble,stage6b_deterministic_rules,real
2025-09-07T10:00:00+02:00,2025-09-04T23:00:00+02:00,72,59,M1_GBT_CAL_WEATHER,0.9293898432812443,0.1971859342,1.020977594,1.3663623682,1.5558301134999966,3.3187679449000007,0.025,LOW,24.8,True,DAYTIME,0.28,STANDARD_06_17,Pool circulation or heating can add to household demand during this period.,Weekend occupancy can increase daytime household activity.,stage5_frozen_selected_model,stage6a_frozen_ensemble,stage6b_deterministic_rules,real
2025-09-07T11:00:00+02:00,2025-09-04T23:00:00+02:00,72,60,M1_GBT_CAL_WEATHER,1.0787844448906976,0.2200050718,1.048497247,1.4506445801,2.7638143842499963,3.3187679449000007,0.035,LOW,25.4,True,DAYTIME,0.28,STANDARD_06_17,Pool circulation or heating can add to household demand during this period.,Weekend occupancy can increase daytime household activity.,stage5_frozen_selected_model,stage6a_frozen_ensemble,stage6b_deterministic_rules,real
2025-09-07T12:00:00+02:00,2025-09-04T23:00:00+02:00,72,61,M1_GBT_CAL_WEATHER,1.0787844448906976,0.1887385215,0.9220015395,1.8247362408999994,3.5515392939999986,3.3187679449000007,0.055,LOW,26.4,True,DAYTIME,0.28,STANDARD_06_17,Warm weather can increase cooling demand during this period.,Pool circulation or heating can add to household demand during this period.,stage5_frozen_selected_model,stage6a_frozen_ensemble,stage6b_deterministic_rules,real
2025-09-07T13:00:00+02:00,2025-09-04T23:00:00+02:00,72,62,M1_GBT_CAL_WEATHER,1.4414988403139666,0.1662261017,0.8376328055,2.5487115568,3.02144198105,3.3187679449000007,0.045,LOW,27.0,True,DAYTIME,0.28,STANDARD_06_17,Warm weather can increase cooling demand during this period.,Pool circulation or heating can add to household demand during this period.,stage5_frozen_selected_model,stage6a_frozen_ensemble,stage6b_deterministic_rules,real
2025-09-07T14:00:00+02:00,2025-09-04T23:00:00+02:00,72,63,M1_GBT_CAL_WEATHER,1.5651442038199483,0.16147526680000002,1.0518319965,2.9907625547,3.3194331031499993,3.3187679449000007,0.05,LOW,27.6,True,DAYTIME,0.28,STANDARD_06_17,Warm weather can increase cooling demand during this period.,Pool circulation or heating can add to household demand during this period.,stage5_frozen_selected_model,stage6a_frozen_ensemble,stage6b_deterministic_rules,real
2025-09-07T15:00:00+02:00,2025-09-04T23:00:00+02:00,72,64,M1_GBT_CAL_WEATHER,1.8318851932098772,0.1752529595,1.5720538755,3.1367153183999994,4.597878363399997,3.3187679449000007,0.075,LOW,28.2,True,DAYTIME,0.28,STANDARD_06_17,Warm weather can increase cooling demand during this period.,Pool circulation or heating can add to household demand during this period.,stage5_frozen_selected_model,stage6a_frozen_ensemble,stage6b_deterministic_rules,real
2025-09-07T16:00:00+02:00,2025-09-04T23:00:00+02:00,72,65,M1_GBT_CAL_WEATHER,2.1499221632117154,0.4387703169000003,2.1697779835000004,7.1000069414999984,9.354412985199993,3.3187679449000007,0.18,LOW,28.1,True,RETURN_RAMP,0.28,STANDARD_06_17,Warm weather can increase cooling demand during this period.,Pool circulation or heating can add to household demand during this period.,stage5_frozen_selected_model,stage6a_frozen_ensemble,stage6b_deterministic_rules,real
2025-09-07T17:00:00+02:00,2025-09-04T23:00:00+02:00,72,66,M1_GBT_CAL_WEATHER,2.5947589062924625,0.7524969297000002,2.345646309,6.576935494299998,9.23180400825,3.3187679449000007,0.225,MEDIUM,27.8,True,RETURN_RAMP,0.4,PEAK_17_22,"Evening demand can rise when EV charging, HVAC and household activities overlap.",Warm weather can increase cooling demand during this period.,stage5_frozen_selected_model,stage6a_frozen_ensemble,stage6b_deterministic_rules,real
2025-09-07T18:00:00+02:00,2025-09-04T23:00:00+02:00,72,67,M1_GBT_CAL_WEATHER,3.1463390046281403,0.7616106636000001,2.571350563,7.897465822799998,9.821890391749996,3.3187679449000007,0.335,MEDIUM,27.1,True,RETURN_RAMP,0.4,PEAK_17_22,"Evening demand can rise when EV charging, HVAC and household activities overlap.",Warm weather can increase cooling demand during this period.,stage5_frozen_selected_model,stage6a_frozen_ensemble,stage6b_deterministic_rules,real
2025-09-07T19:00:00+02:00,2025-09-04T23:00:00+02:00,72,68,M1_GBT_CAL_WEATHER,2.1928934198640873,0.20395658349999998,2.5327578625,9.072508732500001,10.714229602749999,3.3187679449000007,0.395,MEDIUM,26.6,True,EVENING,0.4,PEAK_17_22,"Evening demand can rise when EV charging, HVAC and household activities overlap.",Warm weather can increase cooling demand during this period.,stage5_frozen_selected_model,stage6a_frozen_ensemble,stage6b_deterministic_rules,real
2025-09-07T20:00:00+02:00,2025-09-04T23:00:00+02:00,72,69,M1_GBT_CAL_WEATHER,1.9769003550496662,0.20982507720000002,2.1062782899999997,8.471140026499999,9.922524651749997,3.3187679449000007,0.36,MEDIUM,25.8,True,EVENING,0.4,PEAK_17_22,"Evening demand can rise when EV charging, HVAC and household activities overlap.",Warm weather can increase cooling demand during this period.,stage5_frozen_selected_model,stage6a_frozen_ensemble,stage6b_deterministic_rules,real
2025-09-07T21:00:00+02:00,2025-09-04T23:00:00+02:00,72,70,M1_GBT_CAL_WEATHER,1.7115535843340783,0.19899871160000002,1.9825604120000002,8.8016230558,10.140782860649994,3.3187679449000007,0.32,MEDIUM,25.0,True,EVENING,0.4,PEAK_17_22,"Evening demand can rise when EV charging, HVAC and household activities overlap.",Pool circulation or heating can add to household demand during this period.,stage5_frozen_selected_model,stage6a_frozen_ensemble,stage6b_deterministic_rules,real
2025-09-07T22:00:00+02:00,2025-09-04T23:00:00+02:00,72,71,M1_GBT_CAL_WEATHER,1.6131975212028413,0.3248241364,0.7936501555,7.6813328481,8.4126355699,3.3187679449000007,0.185,LOW,24.4,True,EVENING,0.28,STANDARD_22_24,Pool circulation or heating can add to household demand during this period.,,stage5_frozen_selected_model,stage6a_frozen_ensemble,stage6b_deterministic_rules,real
2025-09-07T23:00:00+02:00,2025-09-04T23:00:00+02:00,72,72,M1_GBT_CAL_WEATHER,1.0366225796554442,0.3167540783,0.5684196484999999,1.8316273345999996,3.6554240196499967,3.3187679449000007,0.055,LOW,24.0,True,NIGHT,0.28,STANDARD_22_24,"Demand is usually lower overnight, although base loads, HVAC, pool systems and EV charging may remain active.",,stage5_frozen_selected_model,stage6a_frozen_ensemble,stage6b_deterministic_rules,real
2025-09-08T00:00:00+02:00,2025-09-07T23:00:00+02:00,72,1,M1_GBT_CAL_WEATHER,0.9776307403530641,0.3046981474,0.5205563945,1.5062194807999996,2.257750967399998,3.112946172899999,0.0,LOW,24.3,False,NIGHT,0.18,OFF_PEAK_00_06,"Demand is usually lower overnight, although base loads, HVAC, pool systems and EV charging may remain active.",,stage5_frozen_selected_model,stage6a_frozen_ensemble,stage6b_deterministic_rules,real
2025-09-08T01:00:00+02:00,2025-09-07T23:00:00+02:00,72,2,M1_GBT_CAL_WEATHER,0.9776307403530641,0.3092762134,0.48068291350000003,0.6612860959,0.6985159463499999,3.112946172899999,0.005,LOW,24.4,False,NIGHT,0.18,OFF_PEAK_00_06,"Demand is usually lower overnight, although base loads, HVAC, pool systems and EV charging may remain active.",,stage5_frozen_selected_model,stage6a_frozen_ensemble,stage6b_deterministic_rules,real
2025-09-08T02:00:00+02:00,2025-09-07T23:00:00+02:00,72,3,M1_GBT_CAL_WEATHER,0.9776307403530641,0.3148955392,0.484266718,0.6652415521999999,0.700050428,3.112946172899999,0.01,LOW,24.4,False,NIGHT,0.18,OFF_PEAK_00_06,"Demand is usually lower overnight, although base loads, HVAC, pool systems and EV charging may remain active.",,stage5_frozen_selected_model,stage6a_frozen_ensemble,stage6b_deterministic_rules,real
2025-09-08T03:00:00+02:00,2025-09-07T23:00:00+02:00,72,4,M1_GBT_CAL_WEATHER,0.9616624698281938,0.3206350326,0.4890222955,0.6671398322,0.7086000233999985,3.112946172899999,0.015,LOW,24.2,False,NIGHT,0.18,OFF_PEAK_00_06,"Demand is usually lower overnight, although base loads, HVAC, pool systems and EV charging may remain active.",,stage5_frozen_selected_model,stage6a_frozen_ensemble,stage6b_deterministic_rules,real
2025-09-08T04:00:00+02:00,2025-09-07T23:00:00+02:00,72,5,M1_GBT_CAL_WEATHER,0.9616624698281938,0.3233875349,0.495691231,0.6793985778,1.8423486047999973,3.112946172899999,0.025,LOW,24.3,False,NIGHT,0.18,OFF_PEAK_00_06,"Demand is usually lower overnight, although base loads, HVAC, pool systems and EV charging may remain active.",,stage5_frozen_selected_model,stage6a_frozen_ensemble,stage6b_deterministic_rules,real
2025-09-08T05:00:00+02:00,2025-09-07T23:00:00+02:00,72,6,M1_GBT_CAL_WEATHER,0.9616624698281938,0.3257827905,0.5012977395,0.6732418505,1.8235544149999972,3.112946172899999,0.025,LOW,24.4,False,NIGHT,0.18,OFF_PEAK_00_06,"Demand is usually lower overnight, although base loads, HVAC, pool systems and EV charging may remain active.",,stage5_frozen_selected_model,stage6a_frozen_ensemble,stage6b_deterministic_rules,real
2025-09-08T06:00:00+02:00,2025-09-07T23:00:00+02:00,72,7,M1_GBT_CAL_WEATHER,0.9616624698281938,0.3433815754,0.5981926925,1.8446507779999999,2.777223973649998,3.112946172899999,0.03,LOW,24.3,False,NIGHT,0.28,STANDARD_06_17,Pool circulation or heating can add to household demand during this period.,"Demand is usually lower overnight, although base loads, HVAC, pool systems and EV charging may remain active.",stage5_frozen_selected_model,stage6a_frozen_ensemble,stage6b_deterministic_rules,real
2025-09-08T07:00:00+02:00,2025-09-07T23:00:00+02:00,72,8,M1_GBT_CAL_WEATHER,0.9616624698281938,0.3927129479,0.9624880925,2.6295574439999996,3.3531553771999976,3.112946172899999,0.065,LOW,24.2,False,MORNING,0.28,STANDARD_06_17,Pool circulation or heating can add to household demand during this period.,,stage5_frozen_selected_model,stage6a_frozen_ensemble,stage6b_deterministic_rules,real
2025-09-08T08:00:00+02:00,2025-09-07T23:00:00+02:00,72,9,M1_GBT_CAL_WEATHER,0.9616624698281938,0.21220524429999998,0.9489825445000001,2.090266580099999,2.6985610963999993,3.112946172899999,0.035,LOW,24.2,False,MORNING,0.28,STANDARD_06_17,Pool circulation or heating can add to household demand during this period.,,stage5_frozen_selected_model,stage6a_frozen_ensemble,stage6b_deterministic_rules,real
2025-09-08T09:00:00+02:00,2025-09-07T23:00:00+02:00,72,10,M1_GBT_CAL_WEATHER,0.9616624698281938,0.232032388,1.0318678170000002,1.3392092774,1.3763358797999996,3.112946172899999,0.005,LOW,24.6,False,DAYTIME,0.28,STANDARD_06_17,Pool circulation or heating can add to household demand during this period.,,stage5_frozen_selected_model,stage6a_frozen_ensemble,stage6b_deterministic_rules,real
2025-09-08T10:00:00+02:00,2025-09-07T23:00:00+02:00,72,11,M1_GBT_CAL_WEATHER,0.9774997005491325,0.5159737059,1.0367001625,1.3344747889,1.39550539395,3.112946172899999,0.02,LOW,24.9,False,DAYTIME,0.28,STANDARD_06_17,Pool circulation or heating can add to household demand during this period.,,stage5_frozen_selected_model,stage6a_frozen_ensemble,stage6b_deterministic_rules,real
2025-09-08T11:00:00+02:00,2025-09-07T23:00:00+02:00,72,12,M1_GBT_CAL_WEATHER,1.08627158653887,0.2102457588,1.005408687,1.3730375977000002,2.8270509331499984,3.112946172899999,0.045,LOW,25.8,False,DAYTIME,0.28,STANDARD_06_17,Warm weather can increase cooling demand during this period.,Pool circulation or heating can add to household demand during this period.,stage5_frozen_selected_model,stage6a_frozen_ensemble,stage6b_deterministic_rules,real
2025-09-08T12:00:00+02:00,2025-09-07T23:00:00+02:00,72,13,M1_GBT_CAL_WEATHER,1.08627158653887,0.1604255331,0.8556916635,1.5569747951,2.627788707049999,3.112946172899999,0.035,LOW,26.7,False,DAYTIME,0.28,STANDARD_06_17,Warm weather can increase cooling demand during this period.,Pool circulation or heating can add to household demand during this period.,stage5_frozen_selected_model,stage6a_frozen_ensemble,stage6b_deterministic_rules,real
2025-09-08T13:00:00+02:00,2025-09-07T23:00:00+02:00,72,14,M1_GBT_CAL_WEATHER,1.08627158653887,0.15419339140000002,0.5073712035,2.5479769244999995,2.932047629749996,3.112946172899999,0.05,LOW,26.6,False,DAYTIME,0.28,STANDARD_06_17,Warm weather can increase cooling demand during this period.,Pool circulation or heating can add to household demand during this period.,stage5_frozen_selected_model,stage6a_frozen_ensemble,stage6b_deterministic_rules,real
2025-09-08T14:00:00+02:00,2025-09-07T23:00:00+02:00,72,15,M1_GBT_CAL_WEATHER,1.1903535381499093,0.143135813,0.291184629,2.338759493499999,2.7954931173,3.112946172899999,0.04,LOW,26.1,False,DAYTIME,0.28,STANDARD_06_17,Warm weather can increase cooling demand during this period.,Pool circulation or heating can add to household demand during this period.,stage5_frozen_selected_model,stage6a_frozen_ensemble,stage6b_deterministic_rules,real
2025-09-08T15:00:00+02:00,2025-09-07T23:00:00+02:00,72,16,M1_GBT_CAL_WEATHER,1.5278518432303805,0.1553924776,0.532878568,2.1066138872,2.5324219593499997,3.112946172899999,0.005,LOW,25.9,False,DAYTIME,0.28,STANDARD_06_17,Warm weather can increase cooling demand during this period.,Pool circulation or heating can add to household demand during this period.,stage5_frozen_selected_model,stage6a_frozen_ensemble,stage6b_deterministic_rules,real
2025-09-08T16:00:00+02:00,2025-09-07T23:00:00+02:00,72,17,M1_GBT_CAL_WEATHER,1.4568722525151965,0.1645017966,1.024185379,3.037824162099999,4.022942935799998,3.112946172899999,0.1,LOW,25.6,False,RETURN_RAMP,0.28,STANDARD_06_17,Warm weather can increase cooling demand during this period.,Pool circulation or heating can add to household demand during this period.,stage5_frozen_selected_model,stage6a_frozen_ensemble,stage6b_deterministic_rules,real
2025-09-08T17:00:00+02:00,2025-09-07T23:00:00+02:00,72,18,M1_GBT_CAL_WEATHER,1.5537419536257255,0.32948645930000003,1.756235782,8.794397994599995,10.616891451599999,3.112946172899999,0.32,MEDIUM,24.9,False,RETURN_RAMP,0.4,PEAK_17_22,"Evening demand can rise when EV charging, HVAC and household activities overlap.",Pool circulation or heating can add to household demand during this period.,stage5_frozen_selected_model,stage6a_frozen_ensemble,stage6b_deterministic_rules,real
2025-09-08T18:00:00+02:00,2025-09-07T23:00:00+02:00,72,19,M1_GBT_CAL_WEATHER,2.0174510105275165,0.7996172119000001,4.069816342999999,10.225883055799999,12.122861976199996,3.112946172899999,0.545,HIGH,24.6,False,RETURN_RAMP,0.4,PEAK_17_22,"This is a high-risk period because EV charging can coincide with HVAC, cooking and optional high-power loads such as the sauna.",Pool circulation or heating can add to household demand during this period.,stage5_frozen_selected_model,stage6a_frozen_ensemble,stage6b_deterministic_rules,real
2025-09-08T19:00:00+02:00,2025-09-07T23:00:00+02:00,72,20,M1_GBT_CAL_WEATHER,2.0174510105275165,0.2200599866,4.137427969,11.2984297853,14.275912220499993,3.112946172899999,0.57,HIGH,24.3,False,EVENING,0.4,PEAK_17_22,"This is a high-risk period because EV charging can coincide with HVAC, cooking and optional high-power loads such as the sauna.",Pool circulation or heating can add to household demand during this period.,stage5_frozen_selected_model,stage6a_frozen_ensemble,stage6b_deterministic_rules,real
2025-09-08T20:00:00+02:00,2025-09-07T23:00:00+02:00,72,21,M1_GBT_CAL_WEATHER,1.8081031275235955,0.20070530410000004,2.2717128625000003,8.909013151699995,10.772187643599997,3.112946172899999,0.41,HIGH,23.8,False,EVENING,0.4,PEAK_17_22,"This is a high-risk period because EV charging can coincide with HVAC, cooking and optional high-power loads such as the sauna.",Pool circulation or heating can add to household demand during this period.,stage5_frozen_selected_model,stage6a_frozen_ensemble,stage6b_deterministic_rules,real
2025-09-08T21:00:00+02:00,2025-09-07T23:00:00+02:00,72,22,M1_GBT_CAL_WEATHER,1.6930422925334367,0.38327810390000006,1.094814467,7.9410785931,8.633502108849996,3.112946172899999,0.255,MEDIUM,23.6,False,EVENING,0.4,PEAK_17_22,"Evening demand can rise when EV charging, HVAC and household activities overlap.",Pool circulation or heating can add to household demand during this period.,stage5_frozen_selected_model,stage6a_frozen_ensemble,stage6b_deterministic_rules,real
2025-09-08T22:00:00+02:00,2025-09-07T23:00:00+02:00,72,23,M1_GBT_CAL_WEATHER,1.6335367672233423,0.3293708524,0.7165034939999999,3.325143604999999,6.844521147999995,3.112946172899999,0.12,LOW,23.6,False,EVENING,0.28,STANDARD_22_24,Pool circulation or heating can add to household demand during this period.,,stage5_frozen_selected_model,stage6a_frozen_ensemble,stage6b_deterministic_rules,real
2025-09-08T23:00:00+02:00,2025-09-07T23:00:00+02:00,72,24,M1_GBT_CAL_WEATHER,1.0817126919641034,0.31013227509999997,0.5553664195,1.0878600548,1.2653437977999997,3.112946172899999,0.025,LOW,23.3,False,NIGHT,0.28,STANDARD_22_24,"Demand is usually lower overnight, although base loads, HVAC, pool systems and EV charging may remain active.",,stage5_frozen_selected_model,stage6a_frozen_ensemble,stage6b_deterministic_rules,real
2025-09-09T00:00:00+02:00,2025-09-07T23:00:00+02:00,72,25,M1_GBT_CAL_WEATHER,0.9776307403530641,0.3001104969,0.48330077250000003,0.6762132443,0.7910923132499994,3.112946172899999,0.01,LOW,23.7,False,NIGHT,0.18,OFF_PEAK_00_06,"Demand is usually lower overnight, although base loads, HVAC, pool systems and EV charging may remain active.",,stage5_frozen_selected_model,stage6a_frozen_ensemble,stage6b_deterministic_rules,real
2025-09-09T01:00:00+02:00,2025-09-07T23:00:00+02:00,72,26,M1_GBT_CAL_WEATHER,0.9776307403530641,0.30412075099999997,0.48016590800000003,0.652798535,0.67754202675,3.112946172899999,0.005,LOW,23.2,False,NIGHT,0.18,OFF_PEAK_00_06,"Demand is usually lower overnight, although base loads, HVAC, pool systems and EV charging may remain active.",,stage5_frozen_selected_model,stage6a_frozen_ensemble,stage6b_deterministic_rules,real
2025-09-09T02:00:00+02:00,2025-09-07T23:00:00+02:00,72,27,M1_GBT_CAL_WEATHER,0.9776307403530641,0.31031986240000003,0.481691512,0.6519626259,0.67829134335,3.112946172899999,0.005,LOW,22.9,False,NIGHT,0.18,OFF_PEAK_00_06,"Demand is usually lower overnight, although base loads, HVAC, pool systems and EV charging may remain active.",,stage5_frozen_selected_model,stage6a_frozen_ensemble,stage6b_deterministic_rules,real
2025-09-09T03:00:00+02:00,2025-09-07T23:00:00+02:00,72,28,M1_GBT_CAL_WEATHER,0.9616624698281938,0.31140705560000004,0.4830015775,0.653071324,0.67969919955,3.112946172899999,0.01,LOW,22.6,False,NIGHT,0.18,OFF_PEAK_00_06,"Demand is usually lower overnight, although base loads, HVAC, pool systems and EV charging may remain active.",,stage5_frozen_selected_model,stage6a_frozen_ensemble,stage6b_deterministic_rules,real
2025-09-09T04:00:00+02:00,2025-09-07T23:00:00+02:00,72,29,M1_GBT_CAL_WEATHER,0.9616624698281938,0.31224128770000004,0.484006826,0.6539220567999999,0.6806709250999999,3.112946172899999,0.01,LOW,22.2,False,NIGHT,0.18,OFF_PEAK_00_06,"Demand is usually lower overnight, although base loads, HVAC, pool systems and EV charging may remain active.",,stage5_frozen_selected_model,stage6a_frozen_ensemble,stage6b_deterministic_rules,real
2025-09-09T05:00:00+02:00,2025-09-07T23:00:00+02:00,72,30,M1_GBT_CAL_WEATHER,0.9616624698281938,0.3127657086,0.484638752,0.6544568504,0.68120104835,3.112946172899999,0.005,LOW,22.0,False,NIGHT,0.18,OFF_PEAK_00_06,"Demand is usually lower overnight, although base loads, HVAC, pool systems and EV charging may remain active.",,stage5_frozen_selected_model,stage6a_frozen_ensemble,stage6b_deterministic_rules,real
2025-09-09T06:00:00+02:00,2025-09-07T23:00:00+02:00,72,31,M1_GBT_CAL_WEATHER,0.9616624698281938,0.3396311318,0.5521869365000001,1.1396012302999996,1.4671032258999992,3.112946172899999,0.005,LOW,21.4,False,NIGHT,0.28,STANDARD_06_17,Pool circulation or heating can add to household demand during this period.,"Demand is usually lower overnight, although base loads, HVAC, pool systems and EV charging may remain active.",stage5_frozen_selected_model,stage6a_frozen_ensemble,stage6b_deterministic_rules,real
2025-09-09T07:00:00+02:00,2025-09-07T23:00:00+02:00,72,32,M1_GBT_CAL_WEATHER,0.9616624698281938,0.3866009902,0.7221275145,2.3006861203,3.1002311090499965,3.112946172899999,0.05,LOW,20.9,False,MORNING,0.28,STANDARD_06_17,Pool circulation or heating can add to household demand during this period.,,stage5_frozen_selected_model,stage6a_frozen_ensemble,stage6b_deterministic_rules,real
2025-09-09T08:00:00+02:00,2025-09-07T23:00:00+02:00,72,33,M1_GBT_CAL_WEATHER,0.9616624698281938,0.1711841854,0.870020252,1.8839161483999998,2.7984419990999974,3.112946172899999,0.045,LOW,21.0,False,MORNING,0.28,STANDARD_06_17,Pool circulation or heating can add to household demand during this period.,,stage5_frozen_selected_model,stage6a_frozen_ensemble,stage6b_deterministic_rules,real
2025-09-09T09:00:00+02:00,2025-09-07T23:00:00+02:00,72,34,M1_GBT_CAL_WEATHER,0.9616624698281938,0.1732986297,0.9707057845,1.3204706955,1.3678064446999998,3.112946172899999,0.01,LOW,20.8,False,DAYTIME,0.28,STANDARD_06_17,Pool circulation or heating can add to household demand during this period.,,stage5_frozen_selected_model,stage6a_frozen_ensemble,stage6b_deterministic_rules,real
2025-09-09T10:00:00+02:00,2025-09-07T23:00:00+02:00,72,35,M1_GBT_CAL_WEATHER,0.9616624698281938,0.20548884180000002,0.996820303,1.3279986166999997,1.3742606428,3.112946172899999,0.02,LOW,20.7,False,DAYTIME,0.28,STANDARD_06_17,Pool circulation or heating can add to household demand during this period.,,stage5_frozen_selected_model,stage6a_frozen_ensemble,stage6b_deterministic_rules,real
2025-09-09T11:00:00+02:00,2025-09-07T23:00:00+02:00,72,36,M1_GBT_CAL_WEATHER,0.9616624698281938,0.216003025,0.971691888,1.3379487554,1.3937904948999997,3.112946172899999,0.03,LOW,20.2,False,DAYTIME,0.28,STANDARD_06_17,Pool circulation or heating can add to household demand during this period.,,stage5_frozen_selected_model,stage6a_frozen_ensemble,stage6b_deterministic_rules,real
2025-09-09T12:00:00+02:00,2025-09-07T23:00:00+02:00,72,37,M1_GBT_CAL_WEATHER,0.9616624698281938,0.1788950965,0.8912506330000001,1.3365186376999998,1.4198880580499984,3.112946172899999,0.025,LOW,21.4,False,DAYTIME,0.28,STANDARD_06_17,Pool circulation or heating can add to household demand during this period.,,stage5_frozen_selected_model,stage6a_frozen_ensemble,stage6b_deterministic_rules,real
2025-09-09T13:00:00+02:00,2025-09-07T23:00:00+02:00,72,38,M1_GBT_CAL_WEATHER,0.9616624698281938,0.1591311752,0.7037457094999999,1.2787553737999997,1.3806730595999999,3.112946172899999,0.02,LOW,22.3,False,DAYTIME,0.28,STANDARD_06_17,Pool circulation or heating can add to household demand during this period.,,stage5_frozen_selected_model,stage6a_frozen_ensemble,stage6b_deterministic_rules,real
2025-09-09T14:00:00+02:00,2025-09-07T23:00:00+02:00,72,39,M1_GBT_CAL_WEATHER,1.065744421439233,0.14409813970000002,0.219333174,1.2759423831,1.3444853163999997,3.112946172899999,0.015,LOW,23.0,False,DAYTIME,0.28,STANDARD_06_17,Pool circulation or heating can add to household demand during this period.,,stage5_frozen_selected_model,stage6a_frozen_ensemble,stage6b_deterministic_rules,real
2025-09-09T15:00:00+02:00,2025-09-07T23:00:00+02:00,72,40,M1_GBT_CAL_WEATHER,1.3473700920796627,0.1432071419,0.262545234,1.2413231401999998,1.3330253986999996,3.112946172899999,0.005,LOW,23.0,False,DAYTIME,0.28,STANDARD_06_17,Pool circulation or heating can add to household demand during this period.,,stage5_frozen_selected_model,stage6a_frozen_ensemble,stage6b_deterministic_rules,real
2025-09-09T16:00:00+02:00,2025-09-07T23:00:00+02:00,72,41,M1_GBT_CAL_WEATHER,1.4228438879146275,0.1574676913,0.830236236,1.3970623760999998,3.325757705549995,3.112946172899999,0.065,LOW,23.2,False,RETURN_RAMP,0.28,STANDARD_06_17,Pool circulation or heating can add to household demand during this period.,,stage5_frozen_selected_model,stage6a_frozen_ensemble,stage6b_deterministic_rules,real
2025-09-09T17:00:00+02:00,2025-09-07T23:00:00+02:00,72,42,M1_GBT_CAL_WEATHER,1.6162257761456233,0.24339466900000006,1.0991513519999998,7.789251963299999,8.481033124199998,3.112946172899999,0.275,MEDIUM,23.0,False,RETURN_RAMP,0.4,PEAK_17_22,"Evening demand can rise when EV charging, HVAC and household activities overlap.",Pool circulation or heating can add to household demand during this period.,stage5_frozen_selected_model,stage6a_frozen_ensemble,stage6b_deterministic_rules,real
2025-09-09T18:00:00+02:00,2025-09-07T23:00:00+02:00,72,43,M1_GBT_CAL_WEATHER,2.782246628397715,0.21352305910000002,3.801108043,9.3562456939,12.655598601649983,3.112946172899999,0.535,HIGH,22.8,False,RETURN_RAMP,0.4,PEAK_17_22,"This is a high-risk period because EV charging can coincide with HVAC, cooking and optional high-power loads such as the sauna.",Pool circulation or heating can add to household demand during this period.,stage5_frozen_selected_model,stage6a_frozen_ensemble,stage6b_deterministic_rules,real
2025-09-09T19:00:00+02:00,2025-09-07T23:00:00+02:00,72,44,M1_GBT_CAL_WEATHER,2.782246628397715,0.21577024330000003,3.685356477,10.452274249299998,13.167975641599986,3.112946172899999,0.54,HIGH,22.6,False,EVENING,0.4,PEAK_17_22,"This is a high-risk period because EV charging can coincide with HVAC, cooking and optional high-power loads such as the sauna.",Pool circulation or heating can add to household demand during this period.,stage5_frozen_selected_model,stage6a_frozen_ensemble,stage6b_deterministic_rules,real
2025-09-09T20:00:00+02:00,2025-09-07T23:00:00+02:00,72,45,M1_GBT_CAL_WEATHER,1.8864241807644322,0.2062026193,2.0744832805,9.2074760214,11.564176815649997,3.112946172899999,0.405,HIGH,22.1,False,EVENING,0.4,PEAK_17_22,"This is a high-risk period because EV charging can coincide with HVAC, cooking and optional high-power loads such as the sauna.",Pool circulation or heating can add to household demand during this period.,stage5_frozen_selected_model,stage6a_frozen_ensemble,stage6b_deterministic_rules,real
2025-09-09T21:00:00+02:00,2025-09-07T23:00:00+02:00,72,46,M1_GBT_CAL_WEATHER,1.6930422925334367,0.41536989220000003,1.0632526725,7.9673267354,8.881324704099999,3.112946172899999,0.265,MEDIUM,22.2,False,EVENING,0.4,PEAK_17_22,"Evening demand can rise when EV charging, HVAC and household activities overlap.",Pool circulation or heating can add to household demand during this period.,stage5_frozen_selected_model,stage6a_frozen_ensemble,stage6b_deterministic_rules,real
2025-09-09T22:00:00+02:00,2025-09-07T23:00:00+02:00,72,47,M1_GBT_CAL_WEATHER,1.6335367672233423,0.38664522900000003,0.715839914,2.2270203261999972,7.8013014538,3.112946172899999,0.09,LOW,22.2,False,EVENING,0.28,STANDARD_22_24,Pool circulation or heating can add to household demand during this period.,,stage5_frozen_selected_model,stage6a_frozen_ensemble,stage6b_deterministic_rules,real
2025-09-09T23:00:00+02:00,2025-09-07T23:00:00+02:00,72,48,M1_GBT_CAL_WEATHER,1.0817126919641034,0.3175334388,0.545893279,1.1559243119999998,1.3158486075499993,3.112946172899999,0.025,LOW,21.0,False,NIGHT,0.28,STANDARD_22_24,"Demand is usually lower overnight, although base loads, HVAC, pool systems and EV charging may remain active.",,stage5_frozen_selected_model,stage6a_frozen_ensemble,stage6b_deterministic_rules,real
2025-09-10T00:00:00+02:00,2025-09-07T23:00:00+02:00,72,49,M1_GBT_CAL_WEATHER,0.9776307403530641,0.3087706644,0.4997892975,0.6670935688,0.7050771923999999,3.112946172899999,0.01,LOW,21.4,False,NIGHT,0.18,OFF_PEAK_00_06,"Demand is usually lower overnight, although base loads, HVAC, pool systems and EV charging may remain active.",,stage5_frozen_selected_model,stage6a_frozen_ensemble,stage6b_deterministic_rules,real
2025-09-10T01:00:00+02:00,2025-09-07T23:00:00+02:00,72,50,M1_GBT_CAL_WEATHER,0.9776307403530641,0.3105810075,0.4836951145,0.6506715206,0.67552491385,3.112946172899999,0.005,LOW,20.7,False,NIGHT,0.18,OFF_PEAK_00_06,"Demand is usually lower overnight, although base loads, HVAC, pool systems and EV charging may remain active.",,stage5_frozen_selected_model,stage6a_frozen_ensemble,stage6b_deterministic_rules,real
2025-09-10T02:00:00+02:00,2025-09-07T23:00:00+02:00,72,51,M1_GBT_CAL_WEATHER,0.9776307403530641,0.3122679786,0.48529507650000003,0.6519626259,0.6700408691499999,3.112946172899999,0.0,LOW,20.0,False,NIGHT,0.18,OFF_PEAK_00_06,"Demand is usually lower overnight, although base loads, HVAC, pool systems and EV charging may remain active.",,stage5_frozen_selected_model,stage6a_frozen_ensemble,stage6b_deterministic_rules,real
2025-09-10T03:00:00+02:00,2025-09-07T23:00:00+02:00,72,52,M1_GBT_CAL_WEATHER,0.9616624698281938,0.31371661380000004,0.49030452599999996,0.6684045086999999,2.080724189749993,3.112946172899999,0.035,LOW,20.0,False,NIGHT,0.18,OFF_PEAK_00_06,"Demand is usually lower overnight, although base loads, HVAC, pool systems and EV charging may remain active.",,stage5_frozen_selected_model,stage6a_frozen_ensemble,stage6b_deterministic_rules,real
2025-09-10T04:00:00+02:00,2025-09-07T23:00:00+02:00,72,53,M1_GBT_CAL_WEATHER,0.9616624698281938,0.3194864844,0.4980911655,0.6882792013,3.1650047514499984,3.112946172899999,0.055,LOW,19.6,False,NIGHT,0.18,OFF_PEAK_00_06,"Demand is usually lower overnight, although base loads, HVAC, pool systems and EV charging may remain active.",,stage5_frozen_selected_model,stage6a_frozen_ensemble,stage6b_deterministic_rules,real
2025-09-10T05:00:00+02:00,2025-09-07T23:00:00+02:00,72,54,M1_GBT_CAL_WEATHER,0.9616624698281938,0.3209036038,0.5036695335,2.6315525239,3.6556661988999997,3.112946172899999,0.085,LOW,19.4,False,NIGHT,0.18,OFF_PEAK_00_06,"Demand is usually lower overnight, although base loads, HVAC, pool systems and EV charging may remain active.",,stage5_frozen_selected_model,stage6a_frozen_ensemble,stage6b_deterministic_rules,real
2025-09-10T06:00:00+02:00,2025-09-07T23:00:00+02:00,72,55,M1_GBT_CAL_WEATHER,0.9616624698281938,0.34805410290000005,0.6534953459999999,3.3603269253,3.90024947725,3.112946172899999,0.145,LOW,19.2,False,NIGHT,0.28,STANDARD_06_17,Pool circulation or heating can add to household demand during this period.,"Demand is usually lower overnight, although base loads, HVAC, pool systems and EV charging may remain active.",stage5_frozen_selected_model,stage6a_frozen_ensemble,stage6b_deterministic_rules,real
2025-09-10T07:00:00+02:00,2025-09-07T23:00:00+02:00,72,56,M1_GBT_CAL_WEATHER,0.9616624698281938,0.40898158710000004,1.196393896,3.7529834236999995,4.622632093299998,3.112946172899999,0.185,LOW,19.0,False,MORNING,0.28,STANDARD_06_17,Pool circulation or heating can add to household demand during this period.,,stage5_frozen_selected_model,stage6a_frozen_ensemble,stage6b_deterministic_rules,real
2025-09-10T08:00:00+02:00,2025-09-07T23:00:00+02:00,72,57,M1_GBT_CAL_WEATHER,0.9616624698281938,0.19731883090000002,1.251347946,4.078974952,4.571337027199999,3.112946172899999,0.225,MEDIUM,18.8,False,MORNING,0.28,STANDARD_06_17,Pool circulation or heating can add to household demand during this period.,,stage5_frozen_selected_model,stage6a_frozen_ensemble,stage6b_deterministic_rules,real
2025-09-10T09:00:00+02:00,2025-09-07T23:00:00+02:00,72,58,M1_GBT_CAL_WEATHER,0.9616624698281938,0.1832171913,1.038202271,1.3757162730999999,3.0020773035999992,3.112946172899999,0.045,LOW,20.2,False,DAYTIME,0.28,STANDARD_06_17,Pool circulation or heating can add to household demand during this period.,,stage5_frozen_selected_model,stage6a_frozen_ensemble,stage6b_deterministic_rules,real
2025-09-10T10:00:00+02:00,2025-09-07T23:00:00+02:00,72,59,M1_GBT_CAL_WEATHER,0.9616624698281938,0.2267545064,1.025851382,1.3786022118,2.638208636699998,3.112946172899999,0.035,LOW,22.1,False,DAYTIME,0.28,STANDARD_06_17,Pool circulation or heating can add to household demand during this period.,,stage5_frozen_selected_model,stage6a_frozen_ensemble,stage6b_deterministic_rules,real
2025-09-10T11:00:00+02:00,2025-09-07T23:00:00+02:00,72,60,M1_GBT_CAL_WEATHER,0.9616624698281938,0.22042292430000002,0.9203672875,1.3051254438,1.6665116070499895,3.112946172899999,0.03,LOW,23.5,False,DAYTIME,0.28,STANDARD_06_17,Pool circulation or heating can add to household demand during this period.,,stage5_frozen_selected_model,stage6a_frozen_ensemble,stage6b_deterministic_rules,real
2025-09-10T12:00:00+02:00,2025-09-07T23:00:00+02:00,72,61,M1_GBT_CAL_WEATHER,0.8708312107034363,0.1699729507,0.850437466,1.3317873419,2.0537609430499946,3.112946172899999,0.03,LOW,24.5,False,DAYTIME,0.28,STANDARD_06_17,Pool circulation or heating can add to household demand during this period.,,stage5_frozen_selected_model,stage6a_frozen_ensemble,stage6b_deterministic_rules,real
2025-09-10T13:00:00+02:00,2025-09-07T23:00:00+02:00,72,62,M1_GBT_CAL_WEATHER,0.8708312107034363,0.1474606458,0.427552396,1.2646109743,1.47957570145,3.112946172899999,0.03,LOW,24.8,False,DAYTIME,0.28,STANDARD_06_17,Pool circulation or heating can add to household demand during this period.,,stage5_frozen_selected_model,stage6a_frozen_ensemble,stage6b_deterministic_rules,real
2025-09-10T14:00:00+02:00,2025-09-07T23:00:00+02:00,72,63,M1_GBT_CAL_WEATHER,1.0995222790251518,0.1412040842,0.20832668999999998,1.2525645122,1.3431879708999996,3.112946172899999,0.015,LOW,25.9,False,DAYTIME,0.28,STANDARD_06_17,Warm weather can increase cooling demand during this period.,Pool circulation or heating can add to household demand during this period.,stage5_frozen_selected_model,stage6a_frozen_ensemble,stage6b_deterministic_rules,real
2025-09-10T15:00:00+02:00,2025-09-07T23:00:00+02:00,72,64,M1_GBT_CAL_WEATHER,1.4081340115088234,0.1515131086,0.2994565475,1.1846517096,1.2742158579499991,3.112946172899999,0.01,LOW,26.9,False,DAYTIME,0.28,STANDARD_06_17,Warm weather can increase cooling demand during this period.,Pool circulation or heating can add to household demand during this period.,stage5_frozen_selected_model,stage6a_frozen_ensemble,stage6b_deterministic_rules,real
2025-09-10T16:00:00+02:00,2025-09-07T23:00:00+02:00,72,65,M1_GBT_CAL_WEATHER,2.4656522051344316,0.1631012786,0.8531280815,2.0263048411999995,4.0258640420499905,3.112946172899999,0.07,LOW,27.9,False,RETURN_RAMP,0.28,STANDARD_06_17,Warm weather can increase cooling demand during this period.,Pool circulation or heating can add to household demand during this period.,stage5_frozen_selected_model,stage6a_frozen_ensemble,stage6b_deterministic_rules,real
2025-09-10T17:00:00+02:00,2025-09-07T23:00:00+02:00,72,66,M1_GBT_CAL_WEATHER,2.756238480360103,0.3872429324000001,1.3363023804999998,8.1366998949,10.297809192099992,3.112946172899999,0.325,MEDIUM,27.3,False,RETURN_RAMP,0.4,PEAK_17_22,"Evening demand can rise when EV charging, HVAC and household activities overlap.",Warm weather can increase cooling demand during this period.,stage5_frozen_selected_model,stage6a_frozen_ensemble,stage6b_deterministic_rules,real
2025-09-10T18:00:00+02:00,2025-09-07T23:00:00+02:00,72,67,M1_GBT_CAL_WEATHER,2.9007793727763116,0.7820753889,3.780856868,13.261630237399999,15.57885990235,3.112946172899999,0.555,HIGH,26.6,False,RETURN_RAMP,0.4,PEAK_17_22,"This is a high-risk period because EV charging can coincide with HVAC, cooking and optional high-power loads such as the sauna.",Warm weather can increase cooling demand during this period.,stage5_frozen_selected_model,stage6a_frozen_ensemble,stage6b_deterministic_rules,real
2025-09-10T19:00:00+02:00,2025-09-07T23:00:00+02:00,72,68,M1_GBT_CAL_WEATHER,2.9007793727763116,0.8360167799000002,5.081672036,12.5088724247,15.998890892899995,3.112946172899999,0.68,HIGH,26.1,False,EVENING,0.4,PEAK_17_22,"This is a high-risk period because EV charging can coincide with HVAC, cooking and optional high-power loads such as the sauna.",Warm weather can increase cooling demand during this period.,stage5_frozen_selected_model,stage6a_frozen_ensemble,stage6b_deterministic_rules,real
2025-09-10T20:00:00+02:00,2025-09-07T23:00:00+02:00,72,69,M1_GBT_CAL_WEATHER,2.0207941558639675,0.3073583609000001,3.2665891179999997,9.865814906,11.202866230899993,3.112946172899999,0.53,HIGH,24.9,False,EVENING,0.4,PEAK_17_22,"This is a high-risk period because EV charging can coincide with HVAC, cooking and optional high-power loads such as the sauna.",Pool circulation or heating can add to household demand during this period.,stage5_frozen_selected_model,stage6a_frozen_ensemble,stage6b_deterministic_rules,real
2025-09-10T21:00:00+02:00,2025-09-07T23:00:00+02:00,72,70,M1_GBT_CAL_WEATHER,1.935773438192777,0.4080915094,1.3333837915000002,8.0561382919,8.8541755735,3.112946172899999,0.29,MEDIUM,23.9,False,EVENING,0.4,PEAK_17_22,"Evening demand can rise when EV charging, HVAC and household activities overlap.",Pool circulation or heating can add to household demand during this period.,stage5_frozen_selected_model,stage6a_frozen_ensemble,stage6b_deterministic_rules,real
2025-09-10T22:00:00+02:00,2025-09-07T23:00:00+02:00,72,71,M1_GBT_CAL_WEATHER,1.779990153773491,0.3590914324,0.6817145065,3.856998142199997,8.0229426161,3.112946172899999,0.125,LOW,23.0,False,EVENING,0.28,STANDARD_22_24,Pool circulation or heating can add to household demand during this period.,,stage5_frozen_selected_model,stage6a_frozen_ensemble,stage6b_deterministic_rules,real
2025-09-10T23:00:00+02:00,2025-09-07T23:00:00+02:00,72,72,M1_GBT_CAL_WEATHER,1.0817126919641034,0.3153168184,0.533419709,1.1957499415000001,1.465701668849999,3.112946172899999,0.025,LOW,22.1,False,NIGHT,0.28,STANDARD_22_24,"Demand is usually lower overnight, although base loads, HVAC, pool systems and EV charging may remain active.",,stage5_frozen_selected_model,stage6a_frozen_ensemble,stage6b_deterministic_rules,real
2025-09-11T00:00:00+02:00,2025-09-10T23:00:00+02:00,72,1,M1_GBT_CAL_WEATHER,1.0181221229734225,0.3078817022,0.4845618355,0.6635283847,0.7017373864999983,3.343047598300002,0.0,LOW,21.7,False,NIGHT,0.18,OFF_PEAK_00_06,"Demand is usually lower overnight, although base loads, HVAC, pool systems and EV charging may remain active.",,stage5_frozen_selected_model,stage6a_frozen_ensemble,stage6b_deterministic_rules,real
2025-09-11T01:00:00+02:00,2025-09-10T23:00:00+02:00,72,2,M1_GBT_CAL_WEATHER,1.0181221229734225,0.3092762134,0.4787980125,0.6480599723999999,0.663987467,3.343047598300002,0.0,LOW,21.1,False,NIGHT,0.18,OFF_PEAK_00_06,"Demand is usually lower overnight, although base loads, HVAC, pool systems and EV charging may remain active.",,stage5_frozen_selected_model,stage6a_frozen_ensemble,stage6b_deterministic_rules,real
2025-09-11T02:00:00+02:00,2025-09-10T23:00:00+02:00,72,3,M1_GBT_CAL_WEATHER,1.0181221229734225,0.3122679786,0.481691512,0.6511974301,0.6662559746,3.343047598300002,0.0,LOW,20.2,False,NIGHT,0.18,OFF_PEAK_00_06,"Demand is usually lower overnight, although base loads, HVAC, pool systems and EV charging may remain active.",,stage5_frozen_selected_model,stage6a_frozen_ensemble,stage6b_deterministic_rules,real
2025-09-11T03:00:00+02:00,2025-09-10T23:00:00+02:00,72,4,M1_GBT_CAL_WEATHER,1.0181221229734225,0.31371661380000004,0.4830015775,0.6523443012,0.6674900074499999,3.343047598300002,0.0,LOW,19.6,False,NIGHT,0.18,OFF_PEAK_00_06,"Demand is usually lower overnight, although base loads, HVAC, pool systems and EV charging may remain active.",,stage5_frozen_selected_model,stage6a_frozen_ensemble,stage6b_deterministic_rules,real
2025-09-11T04:00:00+02:00,2025-09-10T23:00:00+02:00,72,5,M1_GBT_CAL_WEATHER,1.0181221229734225,0.3202192715,0.4878395175,0.6580091371,0.68084417825,3.343047598300002,0.01,LOW,19.0,False,NIGHT,0.18,OFF_PEAK_00_06,"Demand is usually lower overnight, although base loads, HVAC, pool systems and EV charging may remain active.",,stage5_frozen_selected_model,stage6a_frozen_ensemble,stage6b_deterministic_rules,real
2025-09-11T05:00:00+02:00,2025-09-10T23:00:00+02:00,72,6,M1_GBT_CAL_WEATHER,1.0181221229734225,0.3240128586,0.49310686449999996,0.683387599,2.883225457249998,3.343047598300002,0.025,LOW,18.7,False,NIGHT,0.18,OFF_PEAK_00_06,"Demand is usually lower overnight, although base loads, HVAC, pool systems and EV charging may remain active.",,stage5_frozen_selected_model,stage6a_frozen_ensemble,stage6b_deterministic_rules,real
2025-09-11T06:00:00+02:00,2025-09-10T23:00:00+02:00,72,7,M1_GBT_CAL_WEATHER,1.0181221229734225,0.3662153731,0.6155055105,3.6421392486,4.12782070005,3.343047598300002,0.14,LOW,19.3,False,NIGHT,0.28,STANDARD_06_17,Pool circulation or heating can add to household demand during this period.,"Demand is usually lower overnight, although base loads, HVAC, pool systems and EV charging may remain active.",stage5_frozen_selected_model,stage6a_frozen_ensemble,stage6b_deterministic_rules,real
2025-09-11T07:00:00+02:00,2025-09-10T23:00:00+02:00,72,8,M1_GBT_CAL_WEATHER,1.0181221229734225,0.40815379360000004,1.302567793,3.9404379419999995,4.626773942049998,3.343047598300002,0.17,LOW,19.4,False,MORNING,0.28,STANDARD_06_17,Pool circulation or heating can add to household demand during this period.,,stage5_frozen_selected_model,stage6a_frozen_ensemble,stage6b_deterministic_rules,real
2025-09-11T08:00:00+02:00,2025-09-10T23:00:00+02:00,72,9,M1_GBT_CAL_WEATHER,1.0181221229734225,0.1734445956,1.0091360090000001,3.4219067579999995,4.073970397799992,3.343047598300002,0.115,LOW,19.5,False,MORNING,0.28,STANDARD_06_17,Pool circulation or heating can add to household demand during this period.,,stage5_frozen_selected_model,stage6a_frozen_ensemble,stage6b_deterministic_rules,real
2025-09-11T09:00:00+02:00,2025-09-10T23:00:00+02:00,72,10,M1_GBT_CAL_WEATHER,1.0181221229734225,0.1853398389,1.012640489,1.3826890635999998,3.065546004699997,3.343047598300002,0.035,LOW,21.8,False,DAYTIME,0.28,STANDARD_06_17,Pool circulation or heating can add to household demand during this period.,,stage5_frozen_selected_model,stage6a_frozen_ensemble,stage6b_deterministic_rules,real
2025-09-11T10:00:00+02:00,2025-09-10T23:00:00+02:00,72,11,M1_GBT_CAL_WEATHER,1.0181221229734225,0.20898487770000002,0.9827450984999999,1.3500512457,1.8350091055999835,3.343047598300002,0.03,LOW,22.6,False,DAYTIME,0.28,STANDARD_06_17,Pool circulation or heating can add to household demand during this period.,,stage5_frozen_selected_model,stage6a_frozen_ensemble,stage6b_deterministic_rules,real
2025-09-11T11:00:00+02:00,2025-09-10T23:00:00+02:00,72,12,M1_GBT_CAL_WEATHER,1.0181221229734225,0.2208060404,0.984123965,1.3486599471999998,1.8615984938499925,3.343047598300002,0.035,LOW,23.3,False,DAYTIME,0.28,STANDARD_06_17,Pool circulation or heating can add to household demand during this period.,,stage5_frozen_selected_model,stage6a_frozen_ensemble,stage6b_deterministic_rules,real
2025-09-11T12:00:00+02:00,2025-09-10T23:00:00+02:00,72,13,M1_GBT_CAL_WEATHER,1.0181221229734225,0.1700798664,0.8989721785,1.3336438360999998,1.8988192767999956,3.343047598300002,0.03,LOW,24.0,False,DAYTIME,0.28,STANDARD_06_17,Pool circulation or heating can add to household demand during this period.,,stage5_frozen_selected_model,stage6a_frozen_ensemble,stage6b_deterministic_rules,real
2025-09-11T13:00:00+02:00,2025-09-10T23:00:00+02:00,72,14,M1_GBT_CAL_WEATHER,1.0181221229734225,0.15453245510000002,0.7546657139999999,1.3236680409,1.7342015545499985,3.343047598300002,0.03,LOW,24.5,False,DAYTIME,0.28,STANDARD_06_17,Pool circulation or heating can add to household demand during this period.,,stage5_frozen_selected_model,stage6a_frozen_ensemble,stage6b_deterministic_rules,real
2025-09-11T14:00:00+02:00,2025-09-10T23:00:00+02:00,72,15,M1_GBT_CAL_WEATHER,1.1186656563381743,0.14908610390000002,0.2180904085,1.2230545779,1.38779234015,3.343047598300002,0.02,LOW,24.2,False,DAYTIME,0.28,STANDARD_06_17,Pool circulation or heating can add to household demand during this period.,,stage5_frozen_selected_model,stage6a_frozen_ensemble,stage6b_deterministic_rules,real
2025-09-11T15:00:00+02:00,2025-09-10T23:00:00+02:00,72,16,M1_GBT_CAL_WEATHER,1.8154085298835834,0.14978785760000002,0.407925419,1.1264847567,1.2724595251499997,3.343047598300002,0.015,LOW,23.9,False,DAYTIME,0.28,STANDARD_06_17,Pool circulation or heating can add to household demand during this period.,,stage5_frozen_selected_model,stage6a_frozen_ensemble,stage6b_deterministic_rules,real
2025-09-11T16:00:00+02:00,2025-09-10T23:00:00+02:00,72,17,M1_GBT_CAL_WEATHER,2.2218978630402506,0.1600701471,0.893347041,2.411822097699999,4.265408220949996,3.343047598300002,0.08,LOW,23.8,False,RETURN_RAMP,0.28,STANDARD_06_17,Pool circulation or heating can add to household demand during this period.,,stage5_frozen_selected_model,stage6a_frozen_ensemble,stage6b_deterministic_rules,real
2025-09-11T17:00:00+02:00,2025-09-10T23:00:00+02:00,72,18,M1_GBT_CAL_WEATHER,2.833892076597043,0.21125099420000001,1.1421452545,8.2784175343,8.604765906999999,3.343047598300002,0.31,MEDIUM,23.4,False,RETURN_RAMP,0.4,PEAK_17_22,"Evening demand can rise when EV charging, HVAC and household activities overlap.",Pool circulation or heating can add to household demand during this period.,stage5_frozen_selected_model,stage6a_frozen_ensemble,stage6b_deterministic_rules,real
2025-09-11T18:00:00+02:00,2025-09-10T23:00:00+02:00,72,19,M1_GBT_CAL_WEATHER,3.963562179090845,0.20515918640000003,3.3701037305000003,9.605177836,12.618969835699998,3.343047598300002,0.5,HIGH,23.1,False,RETURN_RAMP,0.4,PEAK_17_22,"This is a high-risk period because EV charging can coincide with HVAC, cooking and optional high-power loads such as the sauna.",Pool circulation or heating can add to household demand during this period.,stage5_frozen_selected_model,stage6a_frozen_ensemble,stage6b_deterministic_rules,real
2025-09-11T19:00:00+02:00,2025-09-10T23:00:00+02:00,72,20,M1_GBT_CAL_WEATHER,3.963562179090845,0.20608903160000003,3.3960960125,11.414658471799994,15.0950479762,3.343047598300002,0.505,HIGH,22.1,False,EVENING,0.4,PEAK_17_22,"This is a high-risk period because EV charging can coincide with HVAC, cooking and optional high-power loads such as the sauna.",Pool circulation or heating can add to household demand during this period.,stage5_frozen_selected_model,stage6a_frozen_ensemble,stage6b_deterministic_rules,real
2025-09-11T20:00:00+02:00,2025-09-10T23:00:00+02:00,72,21,M1_GBT_CAL_WEATHER,3.4333261002951825,0.21482173870000001,2.3613781795,9.573388205999999,11.016827255299999,3.343047598300002,0.4,HIGH,21.7,False,EVENING,0.4,PEAK_17_22,"This is a high-risk period because EV charging can coincide with HVAC, cooking and optional high-power loads such as the sauna.",Pool circulation or heating can add to household demand during this period.,stage5_frozen_selected_model,stage6a_frozen_ensemble,stage6b_deterministic_rules,real
2025-09-11T21:00:00+02:00,2025-09-10T23:00:00+02:00,72,22,M1_GBT_CAL_WEATHER,2.7303402750255756,0.41659286440000004,1.1898637074999998,7.262131110099999,8.168442293899998,3.343047598300002,0.245,MEDIUM,21.5,False,EVENING,0.4,PEAK_17_22,"Evening demand can rise when EV charging, HVAC and household activities overlap.",Pool circulation or heating can add to household demand during this period.,stage5_frozen_selected_model,stage6a_frozen_ensemble,stage6b_deterministic_rules,real
2025-09-11T22:00:00+02:00,2025-09-10T23:00:00+02:00,72,23,M1_GBT_CAL_WEATHER,2.323850941868909,0.3669224128,0.6540649265,1.9923152636999992,6.000802876299997,3.343047598300002,0.075,LOW,21.3,False,EVENING,0.28,STANDARD_22_24,Pool circulation or heating can add to household demand during this period.,,stage5_frozen_selected_model,stage6a_frozen_ensemble,stage6b_deterministic_rules,real
2025-09-11T23:00:00+02:00,2025-09-10T23:00:00+02:00,72,24,M1_GBT_CAL_WEATHER,1.1186656563381743,0.32756456120000005,0.5476555715,1.0517136901999997,1.22409215105,3.343047598300002,0.01,LOW,21.1,False,NIGHT,0.28,STANDARD_22_24,"Demand is usually lower overnight, although base loads, HVAC, pool systems and EV charging may remain active.",,stage5_frozen_selected_model,stage6a_frozen_ensemble,stage6b_deterministic_rules,real
2025-09-12T00:00:00+02:00,2025-09-10T23:00:00+02:00,72,25,M1_GBT_CAL_WEATHER,1.0181221229734225,0.3076951456,0.4848942,0.6717006496,0.7056008629499997,3.343047598300002,0.0,LOW,20.8,False,NIGHT,0.18,OFF_PEAK_00_06,"Demand is usually lower overnight, although base loads, HVAC, pool systems and EV charging may remain active.",,stage5_frozen_selected_model,stage6a_frozen_ensemble,stage6b_deterministic_rules,real
2025-09-12T01:00:00+02:00,2025-09-10T23:00:00+02:00,72,26,M1_GBT_CAL_WEATHER,1.0181221229734225,0.3040051909,0.4815668595,0.6500586041,0.6685748573499999,3.343047598300002,0.0,LOW,20.7,False,NIGHT,0.18,OFF_PEAK_00_06,"Demand is usually lower overnight, although base loads, HVAC, pool systems and EV charging may remain active.",,stage5_frozen_selected_model,stage6a_frozen_ensemble,stage6b_deterministic_rules,real
2025-09-12T02:00:00+02:00,2025-09-10T23:00:00+02:00,72,27,M1_GBT_CAL_WEATHER,1.0181221229734225,0.3053180501,0.483016271,0.6514319019,0.6700408691499999,3.343047598300002,0.0,LOW,20.4,False,NIGHT,0.18,OFF_PEAK_00_06,"Demand is usually lower overnight, although base loads, HVAC, pool systems and EV charging may remain active.",,stage5_frozen_selected_model,stage6a_frozen_ensemble,stage6b_deterministic_rules,real
2025-09-12T03:00:00+02:00,2025-09-10T23:00:00+02:00,72,28,M1_GBT_CAL_WEATHER,1.0181221229734225,0.3064454279,0.48553978600000003,0.6569951098,0.6798997658,3.343047598300002,0.01,LOW,20.8,False,NIGHT,0.18,OFF_PEAK_00_06,"Demand is usually lower overnight, although base loads, HVAC, pool systems and EV charging may remain active.",,stage5_frozen_selected_model,stage6a_frozen_ensemble,stage6b_deterministic_rules,real
2025-09-12T04:00:00+02:00,2025-09-10T23:00:00+02:00,72,29,M1_GBT_CAL_WEATHER,1.0181221229734225,0.3073104951,0.4913759705,0.6882792013,3.1491901332499976,3.343047598300002,0.04,LOW,21.2,False,NIGHT,0.18,OFF_PEAK_00_06,"Demand is usually lower overnight, although base loads, HVAC, pool systems and EV charging may remain active.",,stage5_frozen_selected_model,stage6a_frozen_ensemble,stage6b_deterministic_rules,real
2025-09-12T05:00:00+02:00,2025-09-10T23:00:00+02:00,72,30,M1_GBT_CAL_WEATHER,1.0181221229734225,0.3078542993,0.4882653315,0.6586465810000001,0.68152307505,3.343047598300002,0.005,LOW,20.6,False,NIGHT,0.18,OFF_PEAK_00_06,"Demand is usually lower overnight, although base loads, HVAC, pool systems and EV charging may remain active.",,stage5_frozen_selected_model,stage6a_frozen_ensemble,stage6b_deterministic_rules,real
2025-09-12T06:00:00+02:00,2025-09-10T23:00:00+02:00,72,31,M1_GBT_CAL_WEATHER,1.0181221229734225,0.33937652679999997,0.573779377,1.3578057909999999,2.2053505495999985,3.343047598300002,0.015,LOW,20.4,False,NIGHT,0.28,STANDARD_06_17,Pool circulation or heating can add to household demand during this period.,"Demand is usually lower overnight, although base loads, HVAC, pool systems and EV charging may remain active.",stage5_frozen_selected_model,stage6a_frozen_ensemble,stage6b_deterministic_rules,real
2025-09-12T07:00:00+02:00,2025-09-10T23:00:00+02:00,72,32,M1_GBT_CAL_WEATHER,1.0181221229734225,0.3966992531,0.8317006769999999,2.3113159242,3.4718610327499966,3.343047598300002,0.055,LOW,20.5,False,MORNING,0.28,STANDARD_06_17,Pool circulation or heating can add to household demand during this period.,,stage5_frozen_selected_model,stage6a_frozen_ensemble,stage6b_deterministic_rules,real
2025-09-12T08:00:00+02:00,2025-09-10T23:00:00+02:00,72,33,M1_GBT_CAL_WEATHER,1.0181221229734225,0.1731600592,0.91394596,2.129889565799999,3.457367858999995,3.343047598300002,0.06,LOW,20.8,False,MORNING,0.28,STANDARD_06_17,Pool circulation or heating can add to household demand during this period.,,stage5_frozen_selected_model,stage6a_frozen_ensemble,stage6b_deterministic_rules,real
2025-09-12T09:00:00+02:00,2025-09-10T23:00:00+02:00,72,34,M1_GBT_CAL_WEATHER,1.0181221229734225,0.1978614712,1.0169653859999999,1.3490188146,1.5581836958999988,3.343047598300002,0.03,LOW,21.7,False,DAYTIME,0.28,STANDARD_06_17,Pool circulation or heating can add to household demand during this period.,,stage5_frozen_selected_model,stage6a_frozen_ensemble,stage6b_deterministic_rules,real
2025-09-12T10:00:00+02:00,2025-09-10T23:00:00+02:00,72,35,M1_GBT_CAL_WEATHER,1.0181221229734225,0.33390361230000004,1.026719524,1.3592384867,1.8884241959499999,3.343047598300002,0.04,LOW,22.7,False,DAYTIME,0.28,STANDARD_06_17,Pool circulation or heating can add to household demand during this period.,,stage5_frozen_selected_model,stage6a_frozen_ensemble,stage6b_deterministic_rules,real
2025-09-12T11:00:00+02:00,2025-09-10T23:00:00+02:00,72,36,M1_GBT_CAL_WEATHER,1.0181221229734225,0.2291000081,1.020979752,1.3756139143000001,2.4941819796999853,3.343047598300002,0.035,LOW,23.8,False,DAYTIME,0.28,STANDARD_06_17,Pool circulation or heating can add to household demand during this period.,,stage5_frozen_selected_model,stage6a_frozen_ensemble,stage6b_deterministic_rules,real
2025-09-12T12:00:00+02:00,2025-09-10T23:00:00+02:00,72,37,M1_GBT_CAL_WEATHER,1.0181221229734225,0.1810845777,0.877780096,1.3763258930000002,2.594147027149999,3.343047598300002,0.04,LOW,24.5,False,DAYTIME,0.28,STANDARD_06_17,Pool circulation or heating can add to household demand during this period.,,stage5_frozen_selected_model,stage6a_frozen_ensemble,stage6b_deterministic_rules,real
2025-09-12T13:00:00+02:00,2025-09-10T23:00:00+02:00,72,38,M1_GBT_CAL_WEATHER,1.0181221229734225,0.1572749068,0.3981039125,1.3029772616,1.469105284499999,3.343047598300002,0.02,LOW,24.5,False,DAYTIME,0.28,STANDARD_06_17,Pool circulation or heating can add to household demand during this period.,,stage5_frozen_selected_model,stage6a_frozen_ensemble,stage6b_deterministic_rules,real
2025-09-12T14:00:00+02:00,2025-09-10T23:00:00+02:00,72,39,M1_GBT_CAL_WEATHER,1.1186656563381743,0.1472103986,0.20779766649999998,1.2304708626999998,1.3564745118999992,3.343047598300002,0.005,LOW,23.5,False,DAYTIME,0.28,STANDARD_06_17,Pool circulation or heating can add to household demand during this period.,,stage5_frozen_selected_model,stage6a_frozen_ensemble,stage6b_deterministic_rules,real
2025-09-12T15:00:00+02:00,2025-09-10T23:00:00+02:00,72,40,M1_GBT_CAL_WEATHER,1.8154085298835834,0.1570195952,0.401716405,1.1993761118,1.3001130077999992,3.343047598300002,0.01,LOW,23.4,False,DAYTIME,0.28,STANDARD_06_17,Pool circulation or heating can add to household demand during this period.,,stage5_frozen_selected_model,stage6a_frozen_ensemble,stage6b_deterministic_rules,real
2025-09-12T16:00:00+02:00,2025-09-10T23:00:00+02:00,72,41,M1_GBT_CAL_WEATHER,2.2218978630402506,0.16728209170000002,0.9027944735,3.3133430624,4.716872810949999,3.343047598300002,0.095,LOW,23.3,False,RETURN_RAMP,0.28,STANDARD_06_17,Pool circulation or heating can add to household demand during this period.,,stage5_frozen_selected_model,stage6a_frozen_ensemble,stage6b_deterministic_rules,real
2025-09-12T17:00:00+02:00,2025-09-10T23:00:00+02:00,72,42,M1_GBT_CAL_WEATHER,2.5747444429237754,0.2971470497,1.1871208850000001,8.4034450423,8.662589506499998,3.343047598300002,0.37,MEDIUM,23.0,False,RETURN_RAMP,0.4,PEAK_17_22,"Evening demand can rise when EV charging, HVAC and household activities overlap.",Pool circulation or heating can add to household demand during this period.,stage5_frozen_selected_model,stage6a_frozen_ensemble,stage6b_deterministic_rules,real
2025-09-12T18:00:00+02:00,2025-09-10T23:00:00+02:00,72,43,M1_GBT_CAL_WEATHER,3.309384633370794,0.197173026,2.627036295,8.984550685999999,11.533554544499987,3.343047598300002,0.46,HIGH,22.7,False,RETURN_RAMP,0.4,PEAK_17_22,"This is a high-risk period because EV charging can coincide with HVAC, cooking and optional high-power loads such as the sauna.",Pool circulation or heating can add to household demand during this period.,stage5_frozen_selected_model,stage6a_frozen_ensemble,stage6b_deterministic_rules,real
2025-09-12T19:00:00+02:00,2025-09-10T23:00:00+02:00,72,44,M1_GBT_CAL_WEATHER,3.309384633370794,0.20155527799999998,3.217523665,10.439286252799997,14.058424850549999,3.343047598300002,0.495,HIGH,22.3,False,EVENING,0.4,PEAK_17_22,"This is a high-risk period because EV charging can coincide with HVAC, cooking and optional high-power loads such as the sauna.",Pool circulation or heating can add to household demand during this period.,stage5_frozen_selected_model,stage6a_frozen_ensemble,stage6b_deterministic_rules,real
2025-09-12T20:00:00+02:00,2025-09-10T23:00:00+02:00,72,45,M1_GBT_CAL_WEATHER,3.0831868549091,0.2194112517,1.9157132115,9.4637071764,11.071135415999995,3.343047598300002,0.365,MEDIUM,22.1,False,EVENING,0.4,PEAK_17_22,"Evening demand can rise when EV charging, HVAC and household activities overlap.",Pool circulation or heating can add to household demand during this period.,stage5_frozen_selected_model,stage6a_frozen_ensemble,stage6b_deterministic_rules,real
2025-09-12T21:00:00+02:00,2025-09-10T23:00:00+02:00,72,46,M1_GBT_CAL_WEATHER,2.7303402750255756,0.4543116696000001,1.161304215,7.7822831126,8.375235791199998,3.343047598300002,0.24,MEDIUM,22.0,False,EVENING,0.4,PEAK_17_22,"Evening demand can rise when EV charging, HVAC and household activities overlap.",Pool circulation or heating can add to household demand during this period.,stage5_frozen_selected_model,stage6a_frozen_ensemble,stage6b_deterministic_rules,real
2025-09-12T22:00:00+02:00,2025-09-10T23:00:00+02:00,72,47,M1_GBT_CAL_WEATHER,2.323850941868909,0.3439413747,0.6584037654999999,3.9183257123999975,8.054561320700001,3.343047598300002,0.11,LOW,22.1,False,EVENING,0.28,STANDARD_22_24,Pool circulation or heating can add to household demand during this period.,,stage5_frozen_selected_model,stage6a_frozen_ensemble,stage6b_deterministic_rules,real
2025-09-12T23:00:00+02:00,2025-09-10T23:00:00+02:00,72,48,M1_GBT_CAL_WEATHER,1.1186656563381743,0.32963792840000006,0.5514247895,1.2055462848999998,2.846713826149978,3.343047598300002,0.05,LOW,22.1,False,NIGHT,0.28,STANDARD_22_24,"Demand is usually lower overnight, although base loads, HVAC, pool systems and EV charging may remain active.",,stage5_frozen_selected_model,stage6a_frozen_ensemble,stage6b_deterministic_rules,real
2025-09-13T00:00:00+02:00,2025-09-10T23:00:00+02:00,72,49,M1_GBT_CAL_WEATHER,1.0181221229734225,0.3117645615,0.501745898,0.667362205,0.7360329633999998,3.343047598300002,0.0,LOW,21.8,True,NIGHT,0.18,OFF_PEAK_00_06,"Demand is usually lower overnight, although base loads, HVAC, pool systems and EV charging may remain active.",,stage5_frozen_selected_model,stage6a_frozen_ensemble,stage6b_deterministic_rules,real
2025-09-13T01:00:00+02:00,2025-09-10T23:00:00+02:00,72,50,M1_GBT_CAL_WEATHER,1.0181221229734225,0.3090537995,0.4836951145,0.6506715206,0.67552491385,3.343047598300002,0.005,LOW,21.7,True,NIGHT,0.18,OFF_PEAK_00_06,"Demand is usually lower overnight, although base loads, HVAC, pool systems and EV charging may remain active.",,stage5_frozen_selected_model,stage6a_frozen_ensemble,stage6b_deterministic_rules,real
2025-09-13T02:00:00+02:00,2025-09-10T23:00:00+02:00,72,51,M1_GBT_CAL_WEATHER,1.0181221229734225,0.31031986240000003,0.48529507650000003,0.6519626259,0.6770379761499999,3.343047598300002,0.005,LOW,21.0,True,NIGHT,0.18,OFF_PEAK_00_06,"Demand is usually lower overnight, although base loads, HVAC, pool systems and EV charging may remain active.",,stage5_frozen_selected_model,stage6a_frozen_ensemble,stage6b_deterministic_rules,real
2025-09-13T03:00:00+02:00,2025-09-10T23:00:00+02:00,72,52,M1_GBT_CAL_WEATHER,1.0181221229734225,0.31140705560000004,0.486493937,0.6526111793,0.6712997623999999,3.343047598300002,0.0,LOW,21.2,True,NIGHT,0.18,OFF_PEAK_00_06,"Demand is usually lower overnight, although base loads, HVAC, pool systems and EV charging may remain active.",,stage5_frozen_selected_model,stage6a_frozen_ensemble,stage6b_deterministic_rules,real
2025-09-13T04:00:00+02:00,2025-09-10T23:00:00+02:00,72,53,M1_GBT_CAL_WEATHER,1.0181221229734225,0.31224128770000004,0.487581599,0.6535160707,0.6722657439499998,3.343047598300002,0.0,LOW,21.1,True,NIGHT,0.18,OFF_PEAK_00_06,"Demand is usually lower overnight, although base loads, HVAC, pool systems and EV charging may remain active.",,stage5_frozen_selected_model,stage6a_frozen_ensemble,stage6b_deterministic_rules,real
2025-09-13T05:00:00+02:00,2025-09-10T23:00:00+02:00,72,54,M1_GBT_CAL_WEATHER,1.0181221229734225,0.3127657086,0.4882653315,0.6540849085,0.6728729857499999,3.343047598300002,0.0,LOW,21.2,True,NIGHT,0.18,OFF_PEAK_00_06,"Demand is usually lower overnight, although base loads, HVAC, pool systems and EV charging may remain active.",,stage5_frozen_selected_model,stage6a_frozen_ensemble,stage6b_deterministic_rules,real
2025-09-13T06:00:00+02:00,2025-09-10T23:00:00+02:00,72,55,M1_GBT_CAL_WEATHER,1.0181221229734225,0.3238523981,0.5823419224999999,1.2084229556,1.4579571359999999,3.343047598300002,0.0,LOW,21.3,True,NIGHT,0.28,STANDARD_06_17,Pool circulation or heating can add to household demand during this period.,"Demand is usually lower overnight, although base loads, HVAC, pool systems and EV charging may remain active.",stage5_frozen_selected_model,stage6a_frozen_ensemble,stage6b_deterministic_rules,real
2025-09-13T07:00:00+02:00,2025-09-10T23:00:00+02:00,72,56,M1_GBT_CAL_WEATHER,1.0181221229734225,0.3481883577,0.854209259,2.0071104252,2.591357103649998,3.343047598300002,0.025,LOW,21.3,True,MORNING,0.28,STANDARD_06_17,Pool circulation or heating can add to household demand during this period.,Weekend occupancy can increase daytime household activity.,stage5_frozen_selected_model,stage6a_frozen_ensemble,stage6b_deterministic_rules,real
2025-09-13T08:00:00+02:00,2025-09-10T23:00:00+02:00,72,57,M1_GBT_CAL_WEATHER,1.0181221229734225,0.173776274,0.9011093619999999,1.3766658666,2.295322506399999,3.343047598300002,0.02,LOW,21.4,True,MORNING,0.28,STANDARD_06_17,Pool circulation or heating can add to household demand during this period.,Weekend occupancy can increase daytime household activity.,stage5_frozen_selected_model,stage6a_frozen_ensemble,stage6b_deterministic_rules,real
2025-09-13T09:00:00+02:00,2025-09-10T23:00:00+02:00,72,58,M1_GBT_CAL_WEATHER,1.0181221229734225,0.2131733315,1.020809174,1.3291805740999998,1.3798891886999998,3.343047598300002,0.025,LOW,21.6,True,DAYTIME,0.28,STANDARD_06_17,Pool circulation or heating can add to household demand during this period.,Weekend occupancy can increase daytime household activity.,stage5_frozen_selected_model,stage6a_frozen_ensemble,stage6b_deterministic_rules,real
2025-09-13T10:00:00+02:00,2025-09-10T23:00:00+02:00,72,59,M1_GBT_CAL_WEATHER,1.0181221229734225,0.3055847274000001,1.0475066444999999,1.3699382204,1.9532335615999967,3.343047598300002,0.04,LOW,22.2,True,DAYTIME,0.28,STANDARD_06_17,Pool circulation or heating can add to household demand during this period.,Weekend occupancy can increase daytime household activity.,stage5_frozen_selected_model,stage6a_frozen_ensemble,stage6b_deterministic_rules,real
2025-09-13T11:00:00+02:00,2025-09-10T23:00:00+02:00,72,60,M1_GBT_CAL_WEATHER,1.0181221229734225,0.2115601423,1.0601578795000002,1.4399444805,2.741591699999986,3.343047598300002,0.05,LOW,22.8,True,DAYTIME,0.28,STANDARD_06_17,Pool circulation or heating can add to household demand during this period.,Weekend occupancy can increase daytime household activity.,stage5_frozen_selected_model,stage6a_frozen_ensemble,stage6b_deterministic_rules,real
2025-09-13T12:00:00+02:00,2025-09-10T23:00:00+02:00,72,61,M1_GBT_CAL_WEATHER,1.0181221229734225,0.1815290369,0.9536763684999999,2.1663386685,2.781909041449999,3.343047598300002,0.035,LOW,22.3,True,DAYTIME,0.28,STANDARD_06_17,Pool circulation or heating can add to household demand during this period.,Weekend occupancy can increase daytime household activity.,stage5_frozen_selected_model,stage6a_frozen_ensemble,stage6b_deterministic_rules,real
2025-09-13T13:00:00+02:00,2025-09-10T23:00:00+02:00,72,62,M1_GBT_CAL_WEATHER,1.0181221229734225,0.16146837679999998,0.7720416489999999,1.798782795999999,3.466586555649996,3.343047598300002,0.06,LOW,22.7,True,DAYTIME,0.28,STANDARD_06_17,Pool circulation or heating can add to household demand during this period.,Weekend occupancy can increase daytime household activity.,stage5_frozen_selected_model,stage6a_frozen_ensemble,stage6b_deterministic_rules,real
2025-09-13T14:00:00+02:00,2025-09-10T23:00:00+02:00,72,63,M1_GBT_CAL_WEATHER,1.1186656563381743,0.14667045680000002,0.3073168565,1.4393396614999991,3.6846786375,3.343047598300002,0.055,LOW,22.7,True,DAYTIME,0.28,STANDARD_06_17,Pool circulation or heating can add to household demand during this period.,Weekend occupancy can increase daytime household activity.,stage5_frozen_selected_model,stage6a_frozen_ensemble,stage6b_deterministic_rules,real
2025-09-13T15:00:00+02:00,2025-09-10T23:00:00+02:00,72,64,M1_GBT_CAL_WEATHER,1.8154085298835834,0.16147527209999998,0.711395936,1.7999051858999995,3.703713393949993,3.343047598300002,0.07,LOW,23.3,True,DAYTIME,0.28,STANDARD_06_17,Pool circulation or heating can add to household demand during this period.,Weekend occupancy can increase daytime household activity.,stage5_frozen_selected_model,stage6a_frozen_ensemble,stage6b_deterministic_rules,real
2025-09-13T16:00:00+02:00,2025-09-10T23:00:00+02:00,72,65,M1_GBT_CAL_WEATHER,2.2218978630402506,0.1644594244,0.9530990079999999,5.2444553585,7.5302999258000005,3.343047598300002,0.15,LOW,23.6,True,RETURN_RAMP,0.28,STANDARD_06_17,Pool circulation or heating can add to household demand during this period.,Weekend occupancy can increase daytime household activity.,stage5_frozen_selected_model,stage6a_frozen_ensemble,stage6b_deterministic_rules,real
2025-09-13T17:00:00+02:00,2025-09-10T23:00:00+02:00,72,66,M1_GBT_CAL_WEATHER,2.5747444429237754,0.2974317141,1.0378222265,7.624748279299999,8.23631576005,3.343047598300002,0.2,MEDIUM,24.0,True,RETURN_RAMP,0.4,PEAK_17_22,"Evening demand can rise when EV charging, HVAC and household activities overlap.",Pool circulation or heating can add to household demand during this period.,stage5_frozen_selected_model,stage6a_frozen_ensemble,stage6b_deterministic_rules,real
2025-09-13T18:00:00+02:00,2025-09-10T23:00:00+02:00,72,67,M1_GBT_CAL_WEATHER,3.2183930216579792,0.1817585043,1.0984208065,7.8754232562999995,9.547032769599994,3.343047598300002,0.19,LOW,24.1,True,RETURN_RAMP,0.4,PEAK_17_22,Pool circulation or heating can add to household demand during this period.,Weekend occupancy can increase daytime household activity.,stage5_frozen_selected_model,stage6a_frozen_ensemble,stage6b_deterministic_rules,real
2025-09-13T19:00:00+02:00,2025-09-10T23:00:00+02:00,72,68,M1_GBT_CAL_WEATHER,3.2183930216579792,0.2092060787,1.4403571689999999,7.915865781999998,9.473157220149993,3.343047598300002,0.315,MEDIUM,24.1,True,EVENING,0.4,PEAK_17_22,"Evening demand can rise when EV charging, HVAC and household activities overlap.",Pool circulation or heating can add to household demand during this period.,stage5_frozen_selected_model,stage6a_frozen_ensemble,stage6b_deterministic_rules,real
2025-09-13T20:00:00+02:00,2025-09-10T23:00:00+02:00,72,69,M1_GBT_CAL_WEATHER,2.992195243196285,0.2169050617,2.1307216765,9.290076342399999,10.539175984099993,3.343047598300002,0.4,HIGH,23.3,True,EVENING,0.4,PEAK_17_22,"This is a high-risk period because EV charging can coincide with HVAC, cooking and optional high-power loads such as the sauna.",Pool circulation or heating can add to household demand during this period.,stage5_frozen_selected_model,stage6a_frozen_ensemble,stage6b_deterministic_rules,real
2025-09-13T21:00:00+02:00,2025-09-10T23:00:00+02:00,72,70,M1_GBT_CAL_WEATHER,2.7303402750255756,0.4313527872,1.6315555245,8.809035988,10.307613911999992,3.343047598300002,0.385,MEDIUM,23.6,True,EVENING,0.4,PEAK_17_22,"Evening demand can rise when EV charging, HVAC and household activities overlap.",Pool circulation or heating can add to household demand during this period.,stage5_frozen_selected_model,stage6a_frozen_ensemble,stage6b_deterministic_rules,real
2025-09-13T22:00:00+02:00,2025-09-10T23:00:00+02:00,72,71,M1_GBT_CAL_WEATHER,2.323850941868909,0.3789358512,0.7661224595,7.927582805999999,8.552095614799999,3.343047598300002,0.205,MEDIUM,22.4,True,EVENING,0.28,STANDARD_22_24,"Evening demand can rise when EV charging, HVAC and household activities overlap.",Pool circulation or heating can add to household demand during this period.,stage5_frozen_selected_model,stage6a_frozen_ensemble,stage6b_deterministic_rules,real
2025-09-13T23:00:00+02:00,2025-09-10T23:00:00+02:00,72,72,M1_GBT_CAL_WEATHER,1.1186656563381743,0.33012907490000004,0.5775639585,1.4945241307999964,4.700678047699975,3.343047598300002,0.06,LOW,22.2,True,NIGHT,0.28,STANDARD_22_24,"Demand is usually lower overnight, although base loads, HVAC, pool systems and EV charging may remain active.",,stage5_frozen_selected_model,stage6a_frozen_ensemble,stage6b_deterministic_rules,real
2025-09-14T00:00:00+02:00,2025-09-13T23:00:00+02:00,72,1,M1_GBT_CAL_WEATHER,1.0140171235364903,0.3198499807,0.5192604224999999,0.7007246761,1.0084683480499994,3.481469789,0.03,LOW,21.9,True,NIGHT,0.18,OFF_PEAK_00_06,"Demand is usually lower overnight, although base loads, HVAC, pool systems and EV charging may remain active.",,stage5_frozen_selected_model,stage6a_frozen_ensemble,stage6b_deterministic_rules,real
2025-09-14T01:00:00+02:00,2025-09-13T23:00:00+02:00,72,2,M1_GBT_CAL_WEATHER,1.0140171235364903,0.3189683386,0.484883253,0.6506715206,0.67552491385,3.481469789,0.005,LOW,21.7,True,NIGHT,0.18,OFF_PEAK_00_06,"Demand is usually lower overnight, although base loads, HVAC, pool systems and EV charging may remain active.",,stage5_frozen_selected_model,stage6a_frozen_ensemble,stage6b_deterministic_rules,real
2025-09-14T02:00:00+02:00,2025-09-13T23:00:00+02:00,72,3,M1_GBT_CAL_WEATHER,1.0140171235364903,0.3205867772,0.48635788999999996,0.6519626259,0.6700408691499999,3.481469789,0.0,LOW,21.6,True,NIGHT,0.18,OFF_PEAK_00_06,"Demand is usually lower overnight, although base loads, HVAC, pool systems and EV charging may remain active.",,stage5_frozen_selected_model,stage6a_frozen_ensemble,stage6b_deterministic_rules,real
2025-09-14T03:00:00+02:00,2025-09-13T23:00:00+02:00,72,4,M1_GBT_CAL_WEATHER,1.0140171235364903,0.3219765609,0.48762418949999997,0.6526111793,0.6712997623999999,3.481469789,0.0,LOW,21.3,True,NIGHT,0.18,OFF_PEAK_00_06,"Demand is usually lower overnight, although base loads, HVAC, pool systems and EV charging may remain active.",,stage5_frozen_selected_model,stage6a_frozen_ensemble,stage6b_deterministic_rules,real
2025-09-14T04:00:00+02:00,2025-09-13T23:00:00+02:00,72,5,M1_GBT_CAL_WEATHER,1.0140171235364903,0.3230429804,0.488595855,0.6535160707,0.6722657439499998,3.481469789,0.0,LOW,21.0,True,NIGHT,0.18,OFF_PEAK_00_06,"Demand is usually lower overnight, although base loads, HVAC, pool systems and EV charging may remain active.",,stage5_frozen_selected_model,stage6a_frozen_ensemble,stage6b_deterministic_rules,real
2025-09-14T05:00:00+02:00,2025-09-13T23:00:00+02:00,72,6,M1_GBT_CAL_WEATHER,1.0140171235364903,0.3236559542,0.48920667,0.6540849085,0.6728729857499999,3.481469789,0.0,LOW,20.8,True,NIGHT,0.18,OFF_PEAK_00_06,"Demand is usually lower overnight, although base loads, HVAC, pool systems and EV charging may remain active.",,stage5_frozen_selected_model,stage6a_frozen_ensemble,stage6b_deterministic_rules,real
2025-09-14T06:00:00+02:00,2025-09-13T23:00:00+02:00,72,7,M1_GBT_CAL_WEATHER,1.0140171235364903,0.346908222,0.572325663,1.2447682553999997,1.4089757622,3.481469789,0.01,LOW,20.7,True,NIGHT,0.28,STANDARD_06_17,Pool circulation or heating can add to household demand during this period.,"Demand is usually lower overnight, although base loads, HVAC, pool systems and EV charging may remain active.",stage5_frozen_selected_model,stage6a_frozen_ensemble,stage6b_deterministic_rules,real
2025-09-14T07:00:00+02:00,2025-09-13T23:00:00+02:00,72,8,M1_GBT_CAL_WEATHER,1.0140171235364903,0.386548656,0.971742216,1.8445386276999998,2.600047116499998,3.481469789,0.02,LOW,20.5,True,MORNING,0.28,STANDARD_06_17,Pool circulation or heating can add to household demand during this period.,Weekend occupancy can increase daytime household activity.,stage5_frozen_selected_model,stage6a_frozen_ensemble,stage6b_deterministic_rules,real
2025-09-14T08:00:00+02:00,2025-09-13T23:00:00+02:00,72,9,M1_GBT_CAL_WEATHER,1.0140171235364903,0.1846508059,0.947214733,2.6428744976999994,3.776063977149999,3.481469789,0.06,LOW,20.7,True,MORNING,0.28,STANDARD_06_17,Pool circulation or heating can add to household demand during this period.,Weekend occupancy can increase daytime household activity.,stage5_frozen_selected_model,stage6a_frozen_ensemble,stage6b_deterministic_rules,real
2025-09-14T09:00:00+02:00,2025-09-13T23:00:00+02:00,72,10,M1_GBT_CAL_WEATHER,1.0140171235364903,0.21679620589999998,1.050060959,1.3712698038,1.7776451661999944,3.481469789,0.035,LOW,21.6,True,DAYTIME,0.28,STANDARD_06_17,Pool circulation or heating can add to household demand during this period.,Weekend occupancy can increase daytime household activity.,stage5_frozen_selected_model,stage6a_frozen_ensemble,stage6b_deterministic_rules,real
2025-09-14T10:00:00+02:00,2025-09-13T23:00:00+02:00,72,11,M1_GBT_CAL_WEATHER,1.0140171235364903,0.3089711506,1.0484917865,1.4315366106,1.6837300164999995,3.481469789,0.025,LOW,22.7,True,DAYTIME,0.28,STANDARD_06_17,Pool circulation or heating can add to household demand during this period.,Weekend occupancy can increase daytime household activity.,stage5_frozen_selected_model,stage6a_frozen_ensemble,stage6b_deterministic_rules,real
2025-09-14T11:00:00+02:00,2025-09-13T23:00:00+02:00,72,12,M1_GBT_CAL_WEATHER,1.0140171235364903,0.2103204301,0.975629989,1.573845596,2.359732808799999,3.481469789,0.025,LOW,23.7,True,DAYTIME,0.28,STANDARD_06_17,Pool circulation or heating can add to household demand during this period.,Weekend occupancy can increase daytime household activity.,stage5_frozen_selected_model,stage6a_frozen_ensemble,stage6b_deterministic_rules,real
2025-09-14T12:00:00+02:00,2025-09-13T23:00:00+02:00,72,13,M1_GBT_CAL_WEATHER,1.0140171235364903,0.16700941519999998,0.8943365464999999,1.4058364079,2.00400170185,3.481469789,0.015,LOW,24.8,True,DAYTIME,0.28,STANDARD_06_17,Pool circulation or heating can add to household demand during this period.,Weekend occupancy can increase daytime household activity.,stage5_frozen_selected_model,stage6a_frozen_ensemble,stage6b_deterministic_rules,real
2025-09-14T13:00:00+02:00,2025-09-13T23:00:00+02:00,72,14,M1_GBT_CAL_WEATHER,1.0712297436277154,0.1525775564,0.4102313445,1.3380535359,1.8336054141999987,3.481469789,0.015,LOW,25.5,True,DAYTIME,0.28,STANDARD_06_17,Warm weather can increase cooling demand during this period.,Pool circulation or heating can add to household demand during this period.,stage5_frozen_selected_model,stage6a_frozen_ensemble,stage6b_deterministic_rules,real
2025-09-14T14:00:00+02:00,2025-09-13T23:00:00+02:00,72,15,M1_GBT_CAL_WEATHER,1.1081224723382834,0.1418914818,0.215669683,1.2416563197,1.385058453199999,3.481469789,0.02,LOW,26.1,True,DAYTIME,0.28,STANDARD_06_17,Warm weather can increase cooling demand during this period.,Pool circulation or heating can add to household demand during this period.,stage5_frozen_selected_model,stage6a_frozen_ensemble,stage6b_deterministic_rules,real
2025-09-14T15:00:00+02:00,2025-09-13T23:00:00+02:00,72,16,M1_GBT_CAL_WEATHER,1.3938919517969648,0.14924699600000002,0.31767695549999997,1.3338497259000002,2.0356508780999967,3.481469789,0.03,LOW,26.2,True,DAYTIME,0.28,STANDARD_06_17,Warm weather can increase cooling demand during this period.,Pool circulation or heating can add to household demand during this period.,stage5_frozen_selected_model,stage6a_frozen_ensemble,stage6b_deterministic_rules,real
2025-09-14T16:00:00+02:00,2025-09-13T23:00:00+02:00,72,17,M1_GBT_CAL_WEATHER,2.090213847131619,0.1783647726,0.8930139595,3.8961091317,6.630553742749996,3.481469789,0.12,LOW,26.1,True,RETURN_RAMP,0.28,STANDARD_06_17,Warm weather can increase cooling demand during this period.,Pool circulation or heating can add to household demand during this period.,stage5_frozen_selected_model,stage6a_frozen_ensemble,stage6b_deterministic_rules,real
2025-09-14T17:00:00+02:00,2025-09-13T23:00:00+02:00,72,18,M1_GBT_CAL_WEATHER,3.6867086868616505,0.2701442477000001,1.1892959975,6.8362868258999985,8.16019489725,3.481469789,0.185,LOW,25.6,True,RETURN_RAMP,0.4,PEAK_17_22,Warm weather can increase cooling demand during this period.,Pool circulation or heating can add to household demand during this period.,stage5_frozen_selected_model,stage6a_frozen_ensemble,stage6b_deterministic_rules,real
2025-09-14T18:00:00+02:00,2025-09-13T23:00:00+02:00,72,19,M1_GBT_CAL_WEATHER,4.838917585019432,0.22539937630000004,1.4812643035,7.5664141548,8.636079875950001,3.481469789,0.265,MEDIUM,25.3,True,RETURN_RAMP,0.4,PEAK_17_22,"Evening demand can rise when EV charging, HVAC and household activities overlap.",Pool circulation or heating can add to household demand during this period.,stage5_frozen_selected_model,stage6a_frozen_ensemble,stage6b_deterministic_rules,real
2025-09-14T19:00:00+02:00,2025-09-13T23:00:00+02:00,72,20,M1_GBT_CAL_WEATHER,4.838917585019432,0.1837633001,2.0366043965,7.948000832999999,8.833180606499997,3.481469789,0.285,MEDIUM,24.4,True,EVENING,0.4,PEAK_17_22,"Evening demand can rise when EV charging, HVAC and household activities overlap.",Pool circulation or heating can add to household demand during this period.,stage5_frozen_selected_model,stage6a_frozen_ensemble,stage6b_deterministic_rules,real
2025-09-14T20:00:00+02:00,2025-09-13T23:00:00+02:00,72,21,M1_GBT_CAL_WEATHER,4.292313491207371,0.2057862234,1.7152690365,8.3250456559,9.595610386599999,3.481469789,0.32,MEDIUM,23.5,True,EVENING,0.4,PEAK_17_22,"Evening demand can rise when EV charging, HVAC and household activities overlap.",Pool circulation or heating can add to household demand during this period.,stage5_frozen_selected_model,stage6a_frozen_ensemble,stage6b_deterministic_rules,real
2025-09-14T21:00:00+02:00,2025-09-13T23:00:00+02:00,72,22,M1_GBT_CAL_WEATHER,2.64193103015789,0.44883680880000004,1.4546928875000003,7.9915496607000005,9.249054044849972,3.481469789,0.32,MEDIUM,23.5,True,EVENING,0.4,PEAK_17_22,"Evening demand can rise when EV charging, HVAC and household activities overlap.",Pool circulation or heating can add to household demand during this period.,stage5_frozen_selected_model,stage6a_frozen_ensemble,stage6b_deterministic_rules,real
2025-09-14T22:00:00+02:00,2025-09-13T23:00:00+02:00,72,23,M1_GBT_CAL_WEATHER,1.8602302539758209,0.3591411613,0.695754914,7.973364567,8.161868968450001,3.481469789,0.215,MEDIUM,23.2,True,EVENING,0.28,STANDARD_22_24,"Evening demand can rise when EV charging, HVAC and household activities overlap.",Pool circulation or heating can add to household demand during this period.,stage5_frozen_selected_model,stage6a_frozen_ensemble,stage6b_deterministic_rules,real
2025-09-14T23:00:00+02:00,2025-09-13T23:00:00+02:00,72,24,M1_GBT_CAL_WEATHER,1.0509098522470584,0.3283185653,0.5390662079999999,1.4815007122999995,4.458033803049997,3.481469789,0.065,LOW,22.8,True,NIGHT,0.28,STANDARD_22_24,"Demand is usually lower overnight, although base loads, HVAC, pool systems and EV charging may remain active.",,stage5_frozen_selected_model,stage6a_frozen_ensemble,stage6b_deterministic_rules,real
2025-09-15T00:00:00+02:00,2025-09-13T23:00:00+02:00,72,25,M1_GBT_CAL_WEATHER,1.0140171235364903,0.31577124560000003,0.4848942,0.6762738988,0.9398610009499988,3.481469789,0.02,LOW,22.3,False,NIGHT,0.18,OFF_PEAK_00_06,"Demand is usually lower overnight, although base loads, HVAC, pool systems and EV charging may remain active.",,stage5_frozen_selected_model,stage6a_frozen_ensemble,stage6b_deterministic_rules,real
2025-09-15T01:00:00+02:00,2025-09-13T23:00:00+02:00,72,26,M1_GBT_CAL_WEATHER,1.0140171235364903,0.31755151540000004,0.483425793,0.6480599723999999,0.6648189129,3.481469789,0.005,LOW,22.0,False,NIGHT,0.18,OFF_PEAK_00_06,"Demand is usually lower overnight, although base loads, HVAC, pool systems and EV charging may remain active.",,stage5_frozen_selected_model,stage6a_frozen_ensemble,stage6b_deterministic_rules,real
2025-09-15T02:00:00+02:00,2025-09-13T23:00:00+02:00,72,27,M1_GBT_CAL_WEATHER,1.0140171235364903,0.3192104621,0.485076469,0.6448927773,0.66567840465,3.481469789,0.0,LOW,22.1,False,NIGHT,0.18,OFF_PEAK_00_06,"Demand is usually lower overnight, although base loads, HVAC, pool systems and EV charging may remain active.",,stage5_frozen_selected_model,stage6a_frozen_ensemble,stage6b_deterministic_rules,real
2025-09-15T03:00:00+02:00,2025-09-13T23:00:00+02:00,72,28,M1_GBT_CAL_WEATHER,1.0140171235364903,0.3206350326,0.48553978600000003,0.6448115300999999,0.6666433344,3.481469789,0.0,LOW,21.8,False,NIGHT,0.18,OFF_PEAK_00_06,"Demand is usually lower overnight, although base loads, HVAC, pool systems and EV charging may remain active.",,stage5_frozen_selected_model,stage6a_frozen_ensemble,stage6b_deterministic_rules,real
2025-09-15T04:00:00+02:00,2025-09-13T23:00:00+02:00,72,29,M1_GBT_CAL_WEATHER,1.0140171235364903,0.32320441499999997,0.487581599,0.647547289,0.6682446352,3.481469789,0.005,LOW,21.8,False,NIGHT,0.18,OFF_PEAK_00_06,"Demand is usually lower overnight, although base loads, HVAC, pool systems and EV charging may remain active.",,stage5_frozen_selected_model,stage6a_frozen_ensemble,stage6b_deterministic_rules,real
2025-09-15T05:00:00+02:00,2025-09-13T23:00:00+02:00,72,30,M1_GBT_CAL_WEATHER,1.0140171235364903,0.3238176027,0.4882653315,0.6482717929999999,0.66885446235,3.481469789,0.005,LOW,21.7,False,NIGHT,0.18,OFF_PEAK_00_06,"Demand is usually lower overnight, although base loads, HVAC, pool systems and EV charging may remain active.",,stage5_frozen_selected_model,stage6a_frozen_ensemble,stage6b_deterministic_rules,real
2025-09-15T06:00:00+02:00,2025-09-13T23:00:00+02:00,72,31,M1_GBT_CAL_WEATHER,1.0140171235364903,0.3384645725,0.576659274,1.2686969585,1.3748449992999996,3.481469789,0.0,LOW,21.5,False,NIGHT,0.28,STANDARD_06_17,Pool circulation or heating can add to household demand during this period.,"Demand is usually lower overnight, although base loads, HVAC, pool systems and EV charging may remain active.",stage5_frozen_selected_model,stage6a_frozen_ensemble,stage6b_deterministic_rules,real
2025-09-15T07:00:00+02:00,2025-09-13T23:00:00+02:00,72,32,M1_GBT_CAL_WEATHER,1.0140171235364903,0.3924372493,0.956807288,2.1150149713,2.9136892837499992,3.481469789,0.035,LOW,21.5,False,MORNING,0.28,STANDARD_06_17,Pool circulation or heating can add to household demand during this period.,,stage5_frozen_selected_model,stage6a_frozen_ensemble,stage6b_deterministic_rules,real
2025-09-15T08:00:00+02:00,2025-09-13T23:00:00+02:00,72,33,M1_GBT_CAL_WEATHER,1.0140171235364903,0.1760504805,0.894346913,1.3828977321999998,2.5232769812999996,3.481469789,0.025,LOW,21.4,False,MORNING,0.28,STANDARD_06_17,Pool circulation or heating can add to household demand during this period.,,stage5_frozen_selected_model,stage6a_frozen_ensemble,stage6b_deterministic_rules,real
2025-09-15T09:00:00+02:00,2025-09-13T23:00:00+02:00,72,34,M1_GBT_CAL_WEATHER,1.0140171235364903,0.1932171729,1.0141595245000001,1.3356937040999999,1.3803065292499996,3.481469789,0.02,LOW,22.2,False,DAYTIME,0.28,STANDARD_06_17,Pool circulation or heating can add to household demand during this period.,,stage5_frozen_selected_model,stage6a_frozen_ensemble,stage6b_deterministic_rules,real
2025-09-15T10:00:00+02:00,2025-09-13T23:00:00+02:00,72,35,M1_GBT_CAL_WEATHER,1.0140171235364903,0.4407411780000001,1.01143079,1.3485966673,1.708116427899998,3.481469789,0.015,LOW,23.5,False,DAYTIME,0.28,STANDARD_06_17,Pool circulation or heating can add to household demand during this period.,,stage5_frozen_selected_model,stage6a_frozen_ensemble,stage6b_deterministic_rules,real
2025-09-15T11:00:00+02:00,2025-09-13T23:00:00+02:00,72,36,M1_GBT_CAL_WEATHER,0.9612041402269337,0.22441863120000002,1.001838611,1.3486599471999998,1.544201069149995,3.481469789,0.02,LOW,24.7,False,DAYTIME,0.28,STANDARD_06_17,Pool circulation or heating can add to household demand during this period.,,stage5_frozen_selected_model,stage6a_frozen_ensemble,stage6b_deterministic_rules,real
2025-09-15T12:00:00+02:00,2025-09-13T23:00:00+02:00,72,37,M1_GBT_CAL_WEATHER,1.0712297436277154,0.1672684273,0.867622118,1.3253464629999998,1.708422803899995,3.481469789,0.025,LOW,26.3,False,DAYTIME,0.28,STANDARD_06_17,Warm weather can increase cooling demand during this period.,Pool circulation or heating can add to household demand during this period.,stage5_frozen_selected_model,stage6a_frozen_ensemble,stage6b_deterministic_rules,real
2025-09-15T13:00:00+02:00,2025-09-13T23:00:00+02:00,72,38,M1_GBT_CAL_WEATHER,1.5858731495283336,0.1584187808,0.5030905715,1.3004721486,1.686255763699996,3.481469789,0.02,LOW,27.1,False,DAYTIME,0.28,STANDARD_06_17,Warm weather can increase cooling demand during this period.,Pool circulation or heating can add to household demand during this period.,stage5_frozen_selected_model,stage6a_frozen_ensemble,stage6b_deterministic_rules,real
2025-09-15T14:00:00+02:00,2025-09-13T23:00:00+02:00,72,39,M1_GBT_CAL_WEATHER,1.6227658782389016,0.1466724807,0.21228452650000001,1.3014858972999999,1.9268932433499932,3.481469789,0.025,LOW,27.6,False,DAYTIME,0.28,STANDARD_06_17,Warm weather can increase cooling demand during this period.,Pool circulation or heating can add to household demand during this period.,stage5_frozen_selected_model,stage6a_frozen_ensemble,stage6b_deterministic_rules,real
2025-09-15T15:00:00+02:00,2025-09-13T23:00:00+02:00,72,40,M1_GBT_CAL_WEATHER,2.0056483795392492,0.1588991367,0.7514369274999999,2.2083955866,2.717781414999999,3.481469789,0.01,LOW,28.2,False,DAYTIME,0.28,STANDARD_06_17,Warm weather can increase cooling demand during this period.,Pool circulation or heating can add to household demand during this period.,stage5_frozen_selected_model,stage6a_frozen_ensemble,stage6b_deterministic_rules,real
2025-09-15T16:00:00+02:00,2025-09-13T23:00:00+02:00,72,41,M1_GBT_CAL_WEATHER,2.6579671623224153,0.18927429520000003,1.364597377,3.502601639,5.654162214899996,3.481469789,0.115,LOW,28.2,False,RETURN_RAMP,0.28,STANDARD_06_17,Warm weather can increase cooling demand during this period.,Pool circulation or heating can add to household demand during this period.,stage5_frozen_selected_model,stage6a_frozen_ensemble,stage6b_deterministic_rules,real
2025-09-15T17:00:00+02:00,2025-09-13T23:00:00+02:00,72,42,M1_GBT_CAL_WEATHER,4.290007673328863,0.9483885681,2.8609738835,9.9069368853,11.104749133699997,3.481469789,0.365,MEDIUM,27.9,False,RETURN_RAMP,0.4,PEAK_17_22,"Evening demand can rise when EV charging, HVAC and household activities overlap.",Warm weather can increase cooling demand during this period.,stage5_frozen_selected_model,stage6a_frozen_ensemble,stage6b_deterministic_rules,real
2025-09-15T18:00:00+02:00,2025-09-13T23:00:00+02:00,72,43,M1_GBT_CAL_WEATHER,4.838917585019432,1.2039669064000003,5.2884717855000005,11.932412438599998,14.0259589197,3.481469789,0.595,HIGH,27.3,False,RETURN_RAMP,0.4,PEAK_17_22,"This is a high-risk period because EV charging can coincide with HVAC, cooking and optional high-power loads such as the sauna.",Warm weather can increase cooling demand during this period.,stage5_frozen_selected_model,stage6a_frozen_ensemble,stage6b_deterministic_rules,real
2025-09-15T19:00:00+02:00,2025-09-13T23:00:00+02:00,72,44,M1_GBT_CAL_WEATHER,4.838917585019432,0.5621165718000001,5.748817839999999,14.2036722715,16.158438552249997,3.481469789,0.635,HIGH,26.3,False,EVENING,0.4,PEAK_17_22,"This is a high-risk period because EV charging can coincide with HVAC, cooking and optional high-power loads such as the sauna.",Warm weather can increase cooling demand during this period.,stage5_frozen_selected_model,stage6a_frozen_ensemble,stage6b_deterministic_rules,real
2025-09-15T20:00:00+02:00,2025-09-13T23:00:00+02:00,72,45,M1_GBT_CAL_WEATHER,4.292313491207371,0.2365086011,3.1125789665,10.3570822548,12.611746372249993,3.481469789,0.49,HIGH,25.3,False,EVENING,0.4,PEAK_17_22,"This is a high-risk period because EV charging can coincide with HVAC, cooking and optional high-power loads such as the sauna.",Pool circulation or heating can add to household demand during this period.,stage5_frozen_selected_model,stage6a_frozen_ensemble,stage6b_deterministic_rules,real
2025-09-15T21:00:00+02:00,2025-09-13T23:00:00+02:00,72,46,M1_GBT_CAL_WEATHER,2.64193103015789,0.3831337075,1.316470615,8.036381325099999,8.64921595285,3.481469789,0.265,MEDIUM,24.5,False,EVENING,0.4,PEAK_17_22,"Evening demand can rise when EV charging, HVAC and household activities overlap.",Pool circulation or heating can add to household demand during this period.,stage5_frozen_selected_model,stage6a_frozen_ensemble,stage6b_deterministic_rules,real
2025-09-15T22:00:00+02:00,2025-09-13T23:00:00+02:00,72,47,M1_GBT_CAL_WEATHER,1.8602302539758209,0.3406447622,0.64954661,2.2023938398999996,7.009905698549992,3.481469789,0.08,LOW,24.8,False,EVENING,0.28,STANDARD_22_24,Pool circulation or heating can add to household demand during this period.,,stage5_frozen_selected_model,stage6a_frozen_ensemble,stage6b_deterministic_rules,real
2025-09-15T23:00:00+02:00,2025-09-13T23:00:00+02:00,72,48,M1_GBT_CAL_WEATHER,1.0509098522470584,0.315653768,0.5521272079999999,1.8947577835,2.8273414517999993,3.481469789,0.035,LOW,24.6,False,NIGHT,0.28,STANDARD_22_24,"Demand is usually lower overnight, although base loads, HVAC, pool systems and EV charging may remain active.",,stage5_frozen_selected_model,stage6a_frozen_ensemble,stage6b_deterministic_rules,real
2025-09-16T00:00:00+02:00,2025-09-13T23:00:00+02:00,72,49,M1_GBT_CAL_WEATHER,1.0140171235364903,0.31577124560000003,0.5529756745,2.3825690429,2.7327215528999997,3.481469789,0.015,LOW,24.1,False,NIGHT,0.18,OFF_PEAK_00_06,"Demand is usually lower overnight, although base loads, HVAC, pool systems and EV charging may remain active.",,stage5_frozen_selected_model,stage6a_frozen_ensemble,stage6b_deterministic_rules,real
2025-09-16T01:00:00+02:00,2025-09-13T23:00:00+02:00,72,50,M1_GBT_CAL_WEATHER,1.0140171235364903,0.3105810075,0.4847016555,0.655920353,0.6790323337999999,3.481469789,0.0,LOW,24.1,False,NIGHT,0.18,OFF_PEAK_00_06,"Demand is usually lower overnight, although base loads, HVAC, pool systems and EV charging may remain active.",,stage5_frozen_selected_model,stage6a_frozen_ensemble,stage6b_deterministic_rules,real
2025-09-16T02:00:00+02:00,2025-09-13T23:00:00+02:00,72,51,M1_GBT_CAL_WEATHER,1.0140171235364903,0.3148955392,0.485076469,0.654205776,0.67997710175,3.481469789,0.0,LOW,24.2,False,NIGHT,0.18,OFF_PEAK_00_06,"Demand is usually lower overnight, although base loads, HVAC, pool systems and EV charging may remain active.",,stage5_frozen_selected_model,stage6a_frozen_ensemble,stage6b_deterministic_rules,real
2025-09-16T03:00:00+02:00,2025-09-13T23:00:00+02:00,72,52,M1_GBT_CAL_WEATHER,1.0140171235364903,0.31619243280000003,0.4874491315,0.6554142019,0.6783444074,3.481469789,0.0,LOW,23.4,False,NIGHT,0.18,OFF_PEAK_00_06,"Demand is usually lower overnight, although base loads, HVAC, pool systems and EV charging may remain active.",,stage5_frozen_selected_model,stage6a_frozen_ensemble,stage6b_deterministic_rules,real
2025-09-16T04:00:00+02:00,2025-09-13T23:00:00+02:00,72,53,M1_GBT_CAL_WEATHER,1.0140171235364903,0.3171875749,0.4865115085,0.6532243266000001,0.66843691455,3.481469789,0.005,LOW,23.4,False,NIGHT,0.18,OFF_PEAK_00_06,"Demand is usually lower overnight, although base loads, HVAC, pool systems and EV charging may remain active.",,stage5_frozen_selected_model,stage6a_frozen_ensemble,stage6b_deterministic_rules,real
2025-09-16T05:00:00+02:00,2025-09-13T23:00:00+02:00,72,54,M1_GBT_CAL_WEATHER,1.0140171235364903,0.3178131466,0.4882653315,0.6540849085,0.6728729857499999,3.481469789,0.005,LOW,23.1,False,NIGHT,0.18,OFF_PEAK_00_06,"Demand is usually lower overnight, although base loads, HVAC, pool systems and EV charging may remain active.",,stage5_frozen_selected_model,stage6a_frozen_ensemble,stage6b_deterministic_rules,real
2025-09-16T06:00:00+02:00,2025-09-13T23:00:00+02:00,72,55,M1_GBT_CAL_WEATHER,1.0140171235364903,0.3242373707,0.544970347,1.0530522233,1.2564421673499988,3.481469789,0.005,LOW,22.7,False,NIGHT,0.28,STANDARD_06_17,Pool circulation or heating can add to household demand during this period.,"Demand is usually lower overnight, although base loads, HVAC, pool systems and EV charging may remain active.",stage5_frozen_selected_model,stage6a_frozen_ensemble,stage6b_deterministic_rules,real
2025-09-16T07:00:00+02:00,2025-09-13T23:00:00+02:00,72,56,M1_GBT_CAL_WEATHER,1.0140171235364903,0.3714412141,0.9360436114999999,2.1977593020999997,2.6960697135,3.481469789,0.02,LOW,23.1,False,MORNING,0.28,STANDARD_06_17,Pool circulation or heating can add to household demand during this period.,,stage5_frozen_selected_model,stage6a_frozen_ensemble,stage6b_deterministic_rules,real
2025-09-16T08:00:00+02:00,2025-09-13T23:00:00+02:00,72,57,M1_GBT_CAL_WEATHER,1.0140171235364903,0.1845994248,0.950870756,1.7192703884999998,2.411972352999998,3.481469789,0.0,LOW,23.1,False,MORNING,0.28,STANDARD_06_17,Pool circulation or heating can add to household demand during this period.,,stage5_frozen_selected_model,stage6a_frozen_ensemble,stage6b_deterministic_rules,real
2025-09-16T09:00:00+02:00,2025-09-13T23:00:00+02:00,72,58,M1_GBT_CAL_WEATHER,1.0140171235364903,0.22527083,1.0270389085,1.3411128458,1.4028808437999998,3.481469789,0.015,LOW,23.3,False,DAYTIME,0.28,STANDARD_06_17,Pool circulation or heating can add to household demand during this period.,,stage5_frozen_selected_model,stage6a_frozen_ensemble,stage6b_deterministic_rules,real
2025-09-16T10:00:00+02:00,2025-09-13T23:00:00+02:00,72,59,M1_GBT_CAL_WEATHER,1.0140171235364903,0.26479978300000007,1.039873164,1.3544056464,1.4621184126999967,3.481469789,0.02,LOW,23.8,False,DAYTIME,0.28,STANDARD_06_17,Pool circulation or heating can add to household demand during this period.,,stage5_frozen_selected_model,stage6a_frozen_ensemble,stage6b_deterministic_rules,real
2025-09-16T11:00:00+02:00,2025-09-13T23:00:00+02:00,72,60,M1_GBT_CAL_WEATHER,1.0140171235364903,0.2626363316000001,0.966190001,1.3268201574999998,1.3962087388999997,3.481469789,0.015,LOW,24.5,False,DAYTIME,0.28,STANDARD_06_17,Pool circulation or heating can add to household demand during this period.,,stage5_frozen_selected_model,stage6a_frozen_ensemble,stage6b_deterministic_rules,real
2025-09-16T12:00:00+02:00,2025-09-13T23:00:00+02:00,72,61,M1_GBT_CAL_WEATHER,0.9612041402269337,0.16830030280000002,0.8058822125,1.3116335773999999,1.3761807033,3.481469789,0.025,LOW,25.0,False,DAYTIME,0.28,STANDARD_06_17,Pool circulation or heating can add to household demand during this period.,,stage5_frozen_selected_model,stage6a_frozen_ensemble,stage6b_deterministic_rules,real
2025-09-16T13:00:00+02:00,2025-09-13T23:00:00+02:00,72,62,M1_GBT_CAL_WEATHER,0.9612041402269337,0.1488473505,0.3152072225,1.3496498843,2.566081480799993,3.481469789,0.035,LOW,24.7,False,DAYTIME,0.28,STANDARD_06_17,Pool circulation or heating can add to household demand during this period.,,stage5_frozen_selected_model,stage6a_frozen_ensemble,stage6b_deterministic_rules,real
2025-09-16T14:00:00+02:00,2025-09-13T23:00:00+02:00,72,63,M1_GBT_CAL_WEATHER,0.9980968689375018,0.1422167912,0.2065828985,1.2924019106999998,2.1811404255999993,3.481469789,0.03,LOW,24.7,False,DAYTIME,0.28,STANDARD_06_17,Pool circulation or heating can add to household demand during this period.,,stage5_frozen_selected_model,stage6a_frozen_ensemble,stage6b_deterministic_rules,real
2025-09-16T15:00:00+02:00,2025-09-13T23:00:00+02:00,72,64,M1_GBT_CAL_WEATHER,1.3928173137870739,0.1516392561,0.31155292,1.2731610779,1.8858275878499857,3.481469789,0.025,LOW,24.3,False,DAYTIME,0.28,STANDARD_06_17,Pool circulation or heating can add to household demand during this period.,,stage5_frozen_selected_model,stage6a_frozen_ensemble,stage6b_deterministic_rules,real
2025-09-16T16:00:00+02:00,2025-09-13T23:00:00+02:00,72,65,M1_GBT_CAL_WEATHER,2.089139209121728,0.1631110586,0.9031155085,2.655875362199998,3.995859256299998,3.481469789,0.07,LOW,24.4,False,RETURN_RAMP,0.28,STANDARD_06_17,Pool circulation or heating can add to household demand during this period.,,stage5_frozen_selected_model,stage6a_frozen_ensemble,stage6b_deterministic_rules,real
2025-09-16T17:00:00+02:00,2025-09-13T23:00:00+02:00,72,66,M1_GBT_CAL_WEATHER,3.800259339759529,0.4311883068000001,1.336731924,8.3392139314,9.250687431749999,3.481469789,0.345,MEDIUM,24.4,False,RETURN_RAMP,0.4,PEAK_17_22,"Evening demand can rise when EV charging, HVAC and household activities overlap.",Pool circulation or heating can add to household demand during this period.,stage5_frozen_selected_model,stage6a_frozen_ensemble,stage6b_deterministic_rules,real
2025-09-16T18:00:00+02:00,2025-09-13T23:00:00+02:00,72,67,M1_GBT_CAL_WEATHER,5.562286241300066,0.8136849237,3.5636609345,11.1426829525,13.31586868615,3.481469789,0.51,HIGH,23.9,False,RETURN_RAMP,0.4,PEAK_17_22,"This is a high-risk period because EV charging can coincide with HVAC, cooking and optional high-power loads such as the sauna.",Pool circulation or heating can add to household demand during this period.,stage5_frozen_selected_model,stage6a_frozen_ensemble,stage6b_deterministic_rules,real
2025-09-16T19:00:00+02:00,2025-09-13T23:00:00+02:00,72,68,M1_GBT_CAL_WEATHER,5.562286241300066,0.215415871,3.6542073065,11.712091634499998,13.589776568899989,3.481469789,0.51,HIGH,23.5,False,EVENING,0.4,PEAK_17_22,"This is a high-risk period because EV charging can coincide with HVAC, cooking and optional high-power loads such as the sauna.",Pool circulation or heating can add to household demand during this period.,stage5_frozen_selected_model,stage6a_frozen_ensemble,stage6b_deterministic_rules,real
2025-09-16T20:00:00+02:00,2025-09-13T23:00:00+02:00,72,69,M1_GBT_CAL_WEATHER,4.353051160795693,0.19834266450000002,2.4136201185,10.6359725233,13.444689719249999,3.481469789,0.425,HIGH,23.0,False,EVENING,0.4,PEAK_17_22,"This is a high-risk period because EV charging can coincide with HVAC, cooking and optional high-power loads such as the sauna.",Pool circulation or heating can add to household demand during this period.,stage5_frozen_selected_model,stage6a_frozen_ensemble,stage6b_deterministic_rules,real
2025-09-16T21:00:00+02:00,2025-09-13T23:00:00+02:00,72,70,M1_GBT_CAL_WEATHER,2.64193103015789,0.38666725890000003,1.145189052,7.9300044992,8.644532828699997,3.481469789,0.26,MEDIUM,22.7,False,EVENING,0.4,PEAK_17_22,"Evening demand can rise when EV charging, HVAC and household activities overlap.",Pool circulation or heating can add to household demand during this period.,stage5_frozen_selected_model,stage6a_frozen_ensemble,stage6b_deterministic_rules,real
2025-09-16T22:00:00+02:00,2025-09-13T23:00:00+02:00,72,71,M1_GBT_CAL_WEATHER,1.8602302539758209,0.33045139920000005,0.6586128795,3.523236752399994,7.274210401999991,3.481469789,0.1,LOW,22.1,False,EVENING,0.28,STANDARD_22_24,Pool circulation or heating can add to household demand during this period.,,stage5_frozen_selected_model,stage6a_frozen_ensemble,stage6b_deterministic_rules,real
2025-09-16T23:00:00+02:00,2025-09-13T23:00:00+02:00,72,72,M1_GBT_CAL_WEATHER,1.0509098522470584,0.3028071074,0.525870567,1.1811504951,1.4970039515999924,3.481469789,0.02,LOW,21.9,False,NIGHT,0.28,STANDARD_22_24,"Demand is usually lower overnight, although base loads, HVAC, pool systems and EV charging may remain active.",,stage5_frozen_selected_model,stage6a_frozen_ensemble,stage6b_deterministic_rules,real
2025-09-17T00:00:00+02:00,2025-09-16T23:00:00+02:00,72,1,M1_GBT_CAL_WEATHER,1.2287202971749507,0.3002463641,0.4785287335,0.667362205,0.70734331575,3.7708782645000003,0.005,LOW,22.2,False,NIGHT,0.18,OFF_PEAK_00_06,"Demand is usually lower overnight, although base loads, HVAC, pool systems and EV charging may remain active.",,stage5_frozen_selected_model,stage6a_frozen_ensemble,stage6b_deterministic_rules,real
2025-09-17T01:00:00+02:00,2025-09-16T23:00:00+02:00,72,2,M1_GBT_CAL_WEATHER,1.2287202971749507,0.3016357501,0.4731760515,0.6480599723999999,0.6641660538999999,3.7708782645000003,0.0,LOW,22.3,False,NIGHT,0.18,OFF_PEAK_00_06,"Demand is usually lower overnight, although base loads, HVAC, pool systems and EV charging may remain active.",,stage5_frozen_selected_model,stage6a_frozen_ensemble,stage6b_deterministic_rules,real
2025-09-17T02:00:00+02:00,2025-09-16T23:00:00+02:00,72,3,M1_GBT_CAL_WEATHER,1.2287202971749507,0.3031467785,0.4746977885,0.6497147819,0.6658584062499999,3.7708782645000003,0.0,LOW,21.7,False,NIGHT,0.18,OFF_PEAK_00_06,"Demand is usually lower overnight, although base loads, HVAC, pool systems and EV charging may remain active.",,stage5_frozen_selected_model,stage6a_frozen_ensemble,stage6b_deterministic_rules,real
2025-09-17T03:00:00+02:00,2025-09-16T23:00:00+02:00,72,4,M1_GBT_CAL_WEATHER,1.2287202971749507,0.3044044475,0.4760045335,0.6511357989000001,0.6673116620499999,3.7708782645000003,0.0,LOW,21.5,False,NIGHT,0.18,OFF_PEAK_00_06,"Demand is usually lower overnight, although base loads, HVAC, pool systems and EV charging may remain active.",,stage5_frozen_selected_model,stage6a_frozen_ensemble,stage6b_deterministic_rules,real
2025-09-17T04:00:00+02:00,2025-09-16T23:00:00+02:00,72,5,M1_GBT_CAL_WEATHER,1.2287202971749507,0.3054837537,0.4770072345,0.652226184,0.6684267837499999,3.7708782645000003,0.0,LOW,21.1,False,NIGHT,0.18,OFF_PEAK_00_06,"Demand is usually lower overnight, although base loads, HVAC, pool systems and EV charging may remain active.",,stage5_frozen_selected_model,stage6a_frozen_ensemble,stage6b_deterministic_rules,real
2025-09-17T05:00:00+02:00,2025-09-16T23:00:00+02:00,72,6,M1_GBT_CAL_WEATHER,1.2287202971749507,0.3060978325,0.477637559,0.6529116287,0.6691277791999999,3.7708782645000003,0.0,LOW,20.8,False,NIGHT,0.18,OFF_PEAK_00_06,"Demand is usually lower overnight, although base loads, HVAC, pool systems and EV charging may remain active.",,stage5_frozen_selected_model,stage6a_frozen_ensemble,stage6b_deterministic_rules,real
2025-09-17T06:00:00+02:00,2025-09-16T23:00:00+02:00,72,7,M1_GBT_CAL_WEATHER,1.2287202971749507,0.3242373707,0.5351145575,1.2305030316999996,1.4962178494499991,3.7708782645000003,0.005,LOW,20.8,False,NIGHT,0.28,STANDARD_06_17,Pool circulation or heating can add to household demand during this period.,"Demand is usually lower overnight, although base loads, HVAC, pool systems and EV charging may remain active.",stage5_frozen_selected_model,stage6a_frozen_ensemble,stage6b_deterministic_rules,real
2025-09-17T07:00:00+02:00,2025-09-16T23:00:00+02:00,72,8,M1_GBT_CAL_WEATHER,1.2287202971749507,0.35676117500000004,0.8217091835,1.9894692013,2.5386066548499993,3.7708782645000003,0.02,LOW,21.0,False,MORNING,0.28,STANDARD_06_17,Pool circulation or heating can add to household demand during this period.,,stage5_frozen_selected_model,stage6a_frozen_ensemble,stage6b_deterministic_rules,real
2025-09-17T08:00:00+02:00,2025-09-16T23:00:00+02:00,72,9,M1_GBT_CAL_WEATHER,1.2287202971749507,0.185614574,0.882425546,2.0711398142,2.7165392727999995,3.7708782645000003,0.025,LOW,21.6,False,MORNING,0.28,STANDARD_06_17,Pool circulation or heating can add to household demand during this period.,,stage5_frozen_selected_model,stage6a_frozen_ensemble,stage6b_deterministic_rules,real
2025-09-17T09:00:00+02:00,2025-09-16T23:00:00+02:00,72,10,M1_GBT_CAL_WEATHER,1.2287202971749507,0.2109442889,1.0001129385,1.3204706955,1.36741869265,3.7708782645000003,0.01,LOW,22.3,False,DAYTIME,0.28,STANDARD_06_17,Pool circulation or heating can add to household demand during this period.,,stage5_frozen_selected_model,stage6a_frozen_ensemble,stage6b_deterministic_rules,real
2025-09-17T10:00:00+02:00,2025-09-16T23:00:00+02:00,72,11,M1_GBT_CAL_WEATHER,1.2287202971749507,0.22853111210000002,1.0073169100000001,1.3217818288999998,1.3663223091999999,3.7708782645000003,0.015,LOW,23.2,False,DAYTIME,0.28,STANDARD_06_17,Pool circulation or heating can add to household demand during this period.,,stage5_frozen_selected_model,stage6a_frozen_ensemble,stage6b_deterministic_rules,real
2025-09-17T11:00:00+02:00,2025-09-16T23:00:00+02:00,72,12,M1_GBT_CAL_WEATHER,1.3584061502238087,0.21150808540000002,0.9804348585,1.3204223962,1.3744102535999996,3.7708782645000003,0.005,LOW,24.7,False,DAYTIME,0.28,STANDARD_06_17,Pool circulation or heating can add to household demand during this period.,,stage5_frozen_selected_model,stage6a_frozen_ensemble,stage6b_deterministic_rules,real
2025-09-17T12:00:00+02:00,2025-09-16T23:00:00+02:00,72,13,M1_GBT_CAL_WEATHER,1.3819898706204747,0.16936686990000002,0.8614872434999999,1.3026229732,1.3664853075999999,3.7708782645000003,0.0,LOW,26.4,False,DAYTIME,0.28,STANDARD_06_17,Warm weather can increase cooling demand during this period.,Pool circulation or heating can add to household demand during this period.,stage5_frozen_selected_model,stage6a_frozen_ensemble,stage6b_deterministic_rules,real
2025-09-17T13:00:00+02:00,2025-09-16T23:00:00+02:00,72,14,M1_GBT_CAL_WEATHER,1.702943719833296,0.1454624645,0.528952402,1.2896582343999998,1.3902846118999999,3.7708782645000003,0.02,LOW,27.2,False,DAYTIME,0.28,STANDARD_06_17,Warm weather can increase cooling demand during this period.,Pool circulation or heating can add to household demand during this period.,stage5_frozen_selected_model,stage6a_frozen_ensemble,stage6b_deterministic_rules,real
2025-09-17T14:00:00+02:00,2025-09-16T23:00:00+02:00,72,15,M1_GBT_CAL_WEATHER,1.7548197274415573,0.1416187692,0.22814686350000002,1.3324207541,2.0158564169499993,3.7708782645000003,0.025,LOW,27.6,False,DAYTIME,0.28,STANDARD_06_17,Warm weather can increase cooling demand during this period.,Pool circulation or heating can add to household demand during this period.,stage5_frozen_selected_model,stage6a_frozen_ensemble,stage6b_deterministic_rules,real
2025-09-17T15:00:00+02:00,2025-09-16T23:00:00+02:00,72,16,M1_GBT_CAL_WEATHER,2.0392679615265212,0.14766893180000001,0.739254607,2.0484172928999995,2.7734324050499994,3.7708782645000003,0.02,LOW,27.7,False,DAYTIME,0.28,STANDARD_06_17,Warm weather can increase cooling demand during this period.,Pool circulation or heating can add to household demand during this period.,stage5_frozen_selected_model,stage6a_frozen_ensemble,stage6b_deterministic_rules,real
2025-09-17T16:00:00+02:00,2025-09-16T23:00:00+02:00,72,17,M1_GBT_CAL_WEATHER,2.4401039738865276,0.179591276,1.2388311505,3.5867630428999973,5.9179606655,3.7708782645000003,0.1,LOW,27.8,False,RETURN_RAMP,0.28,STANDARD_06_17,Warm weather can increase cooling demand during this period.,Pool circulation or heating can add to household demand during this period.,stage5_frozen_selected_model,stage6a_frozen_ensemble,stage6b_deterministic_rules,real
2025-09-17T17:00:00+02:00,2025-09-16T23:00:00+02:00,72,18,M1_GBT_CAL_WEATHER,4.271220175463494,0.7436397506,2.595061638,9.392096498699999,10.824096548399993,3.7708782645000003,0.385,MEDIUM,27.6,False,RETURN_RAMP,0.4,PEAK_17_22,"Evening demand can rise when EV charging, HVAC and household activities overlap.",Warm weather can increase cooling demand during this period.,stage5_frozen_selected_model,stage6a_frozen_ensemble,stage6b_deterministic_rules,real
2025-09-17T18:00:00+02:00,2025-09-16T23:00:00+02:00,72,19,M1_GBT_CAL_WEATHER,6.184656890174077,0.8638165265000001,4.983872568,11.7988413689,13.655110636299987,3.7708782645000003,0.54,HIGH,27.1,False,RETURN_RAMP,0.4,PEAK_17_22,"This is a high-risk period because EV charging can coincide with HVAC, cooking and optional high-power loads such as the sauna.",Warm weather can increase cooling demand during this period.,stage5_frozen_selected_model,stage6a_frozen_ensemble,stage6b_deterministic_rules,real
2025-09-17T19:00:00+02:00,2025-09-16T23:00:00+02:00,72,20,M1_GBT_CAL_WEATHER,5.6049573658902725,0.2204676962,4.8215286619999995,12.549495381899998,16.0385840111,3.7708782645000003,0.555,HIGH,26.0,False,EVENING,0.4,PEAK_17_22,"This is a high-risk period because EV charging can coincide with HVAC, cooking and optional high-power loads such as the sauna.",Warm weather can increase cooling demand during this period.,stage5_frozen_selected_model,stage6a_frozen_ensemble,stage6b_deterministic_rules,real
2025-09-17T20:00:00+02:00,2025-09-16T23:00:00+02:00,72,21,M1_GBT_CAL_WEATHER,4.594762858609266,0.2074823687,2.8853360235,10.086099797400001,12.118453665149998,3.7708782645000003,0.415,HIGH,24.6,False,EVENING,0.4,PEAK_17_22,"This is a high-risk period because EV charging can coincide with HVAC, cooking and optional high-power loads such as the sauna.",Pool circulation or heating can add to household demand during this period.,stage5_frozen_selected_model,stage6a_frozen_ensemble,stage6b_deterministic_rules,real
2025-09-17T21:00:00+02:00,2025-09-16T23:00:00+02:00,72,22,M1_GBT_CAL_WEATHER,2.6137891597048712,0.31382498980000006,1.2053874075,7.9225961797,8.554096099950002,3.7708782645000003,0.255,MEDIUM,23.8,False,EVENING,0.4,PEAK_17_22,"Evening demand can rise when EV charging, HVAC and household activities overlap.",Pool circulation or heating can add to household demand during this period.,stage5_frozen_selected_model,stage6a_frozen_ensemble,stage6b_deterministic_rules,real
2025-09-17T22:00:00+02:00,2025-09-16T23:00:00+02:00,72,23,M1_GBT_CAL_WEATHER,2.011407750228332,0.3189170657,0.6517830600000001,1.9956125771999982,5.835460441199986,3.7708782645000003,0.075,LOW,23.7,False,EVENING,0.28,STANDARD_22_24,Pool circulation or heating can add to household demand during this period.,,stage5_frozen_selected_model,stage6a_frozen_ensemble,stage6b_deterministic_rules,real
2025-09-17T23:00:00+02:00,2025-09-16T23:00:00+02:00,72,24,M1_GBT_CAL_WEATHER,1.280596304783212,0.2983917636,0.534578415,1.0600407913999996,1.2752924397999996,3.7708782645000003,0.02,LOW,23.5,False,NIGHT,0.28,STANDARD_22_24,"Demand is usually lower overnight, although base loads, HVAC, pool systems and EV charging may remain active.",,stage5_frozen_selected_model,stage6a_frozen_ensemble,stage6b_deterministic_rules,real
2025-09-18T00:00:00+02:00,2025-09-16T23:00:00+02:00,72,25,M1_GBT_CAL_WEATHER,1.2287202971749507,0.30001375680000003,0.4816543985,0.6700748113,0.8008213923499998,3.7708782645000003,0.005,LOW,23.1,False,NIGHT,0.18,OFF_PEAK_00_06,"Demand is usually lower overnight, although base loads, HVAC, pool systems and EV charging may remain active.",,stage5_frozen_selected_model,stage6a_frozen_ensemble,stage6b_deterministic_rules,real
2025-09-18T01:00:00+02:00,2025-09-16T23:00:00+02:00,72,26,M1_GBT_CAL_WEATHER,1.2287202971749507,0.2984189554,0.47056852,0.6498618703,0.67552491385,3.7708782645000003,0.005,LOW,23.4,False,NIGHT,0.18,OFF_PEAK_00_06,"Demand is usually lower overnight, although base loads, HVAC, pool systems and EV charging may remain active.",,stage5_frozen_selected_model,stage6a_frozen_ensemble,stage6b_deterministic_rules,real
2025-09-18T02:00:00+02:00,2025-09-16T23:00:00+02:00,72,27,M1_GBT_CAL_WEATHER,1.2287202971749507,0.3000946867,0.472072676,0.6511974301,0.6770379761499999,3.7708782645000003,0.005,LOW,23.6,False,NIGHT,0.18,OFF_PEAK_00_06,"Demand is usually lower overnight, although base loads, HVAC, pool systems and EV charging may remain active.",,stage5_frozen_selected_model,stage6a_frozen_ensemble,stage6b_deterministic_rules,real
2025-09-18T03:00:00+02:00,2025-09-16T23:00:00+02:00,72,28,M1_GBT_CAL_WEATHER,1.2287202971749507,0.3015336702,0.47347604200000004,0.6511357989000001,0.6712997623999999,3.7708782645000003,0.0,LOW,23.3,False,NIGHT,0.18,OFF_PEAK_00_06,"Demand is usually lower overnight, although base loads, HVAC, pool systems and EV charging may remain active.",,stage5_frozen_selected_model,stage6a_frozen_ensemble,stage6b_deterministic_rules,real
2025-09-18T04:00:00+02:00,2025-09-16T23:00:00+02:00,72,29,M1_GBT_CAL_WEATHER,1.2287202971749507,0.3026378409,0.474566098,0.652226184,0.6722657439499998,3.7708782645000003,0.0,LOW,22.8,False,NIGHT,0.18,OFF_PEAK_00_06,"Demand is usually lower overnight, although base loads, HVAC, pool systems and EV charging may remain active.",,stage5_frozen_selected_model,stage6a_frozen_ensemble,stage6b_deterministic_rules,real
2025-09-18T05:00:00+02:00,2025-09-16T23:00:00+02:00,72,30,M1_GBT_CAL_WEATHER,1.2287202971749507,0.3059761424,0.480253194,0.6529116287,0.6728729857499999,3.7708782645000003,0.0,LOW,22.3,False,NIGHT,0.18,OFF_PEAK_00_06,"Demand is usually lower overnight, although base loads, HVAC, pool systems and EV charging may remain active.",,stage5_frozen_selected_model,stage6a_frozen_ensemble,stage6b_deterministic_rules,real
2025-09-18T06:00:00+02:00,2025-09-16T23:00:00+02:00,72,31,M1_GBT_CAL_WEATHER,1.2287202971749507,0.3356751087,0.549701199,1.1497940760999998,1.497095351049999,3.7708782645000003,0.01,LOW,22.0,False,NIGHT,0.28,STANDARD_06_17,Pool circulation or heating can add to household demand during this period.,"Demand is usually lower overnight, although base loads, HVAC, pool systems and EV charging may remain active.",stage5_frozen_selected_model,stage6a_frozen_ensemble,stage6b_deterministic_rules,real
2025-09-18T07:00:00+02:00,2025-09-16T23:00:00+02:00,72,32,M1_GBT_CAL_WEATHER,1.2287202971749507,0.40596261310000004,0.902101369,2.1062106568999996,2.443048163149995,3.7708782645000003,0.025,LOW,21.6,False,MORNING,0.28,STANDARD_06_17,Pool circulation or heating can add to household demand during this period.,,stage5_frozen_selected_model,stage6a_frozen_ensemble,stage6b_deterministic_rules,real
2025-09-18T08:00:00+02:00,2025-09-16T23:00:00+02:00,72,33,M1_GBT_CAL_WEATHER,1.2287202971749507,0.197003263,0.9215223775,1.849753401499999,2.639718204299997,3.7708782645000003,0.02,LOW,21.6,False,MORNING,0.28,STANDARD_06_17,Pool circulation or heating can add to household demand during this period.,,stage5_frozen_selected_model,stage6a_frozen_ensemble,stage6b_deterministic_rules,real
2025-09-18T09:00:00+02:00,2025-09-16T23:00:00+02:00,72,34,M1_GBT_CAL_WEATHER,1.2287202971749507,0.19587854200000002,1.037800789,1.3393021263,1.37550729155,3.7708782645000003,0.025,LOW,23.3,False,DAYTIME,0.28,STANDARD_06_17,Pool circulation or heating can add to household demand during this period.,,stage5_frozen_selected_model,stage6a_frozen_ensemble,stage6b_deterministic_rules,real
2025-09-18T10:00:00+02:00,2025-09-16T23:00:00+02:00,72,35,M1_GBT_CAL_WEATHER,1.3584061502238087,0.1920026796,0.9888434614999999,1.3485966673,1.3951623696,3.7708782645000003,0.03,LOW,24.9,False,DAYTIME,0.28,STANDARD_06_17,Pool circulation or heating can add to household demand during this period.,,stage5_frozen_selected_model,stage6a_frozen_ensemble,stage6b_deterministic_rules,real
2025-09-18T11:00:00+02:00,2025-09-16T23:00:00+02:00,72,36,M1_GBT_CAL_WEATHER,1.3819898706204747,0.1792415032,0.910525645,1.3391075983,1.3929854423,3.7708782645000003,0.02,LOW,26.6,False,DAYTIME,0.28,STANDARD_06_17,Warm weather can increase cooling demand during this period.,Pool circulation or heating can add to household demand during this period.,stage5_frozen_selected_model,stage6a_frozen_ensemble,stage6b_deterministic_rules,real
2025-09-18T12:00:00+02:00,2025-09-16T23:00:00+02:00,72,37,M1_GBT_CAL_WEATHER,1.702943719833296,0.16226355509999998,0.8675791879999999,1.3257922411999998,2.1360872578999968,3.7708782645000003,0.03,LOW,27.3,False,DAYTIME,0.28,STANDARD_06_17,Warm weather can increase cooling demand during this period.,Pool circulation or heating can add to household demand during this period.,stage5_frozen_selected_model,stage6a_frozen_ensemble,stage6b_deterministic_rules,real
2025-09-18T13:00:00+02:00,2025-09-16T23:00:00+02:00,72,38,M1_GBT_CAL_WEATHER,1.702943719833296,0.15552184370000002,0.5194876685,1.9749198058,2.721731947099999,3.7708782645000003,0.035,LOW,27.7,False,DAYTIME,0.28,STANDARD_06_17,Warm weather can increase cooling demand during this period.,Pool circulation or heating can add to household demand during this period.,stage5_frozen_selected_model,stage6a_frozen_ensemble,stage6b_deterministic_rules,real
2025-09-18T14:00:00+02:00,2025-09-16T23:00:00+02:00,72,39,M1_GBT_CAL_WEATHER,1.7548197274415573,0.1416187692,0.24240834049999999,2.4259657022999996,3.260230090249999,3.7708782645000003,0.035,LOW,27.8,False,DAYTIME,0.28,STANDARD_06_17,Warm weather can increase cooling demand during this period.,Pool circulation or heating can add to household demand during this period.,stage5_frozen_selected_model,stage6a_frozen_ensemble,stage6b_deterministic_rules,real
2025-09-18T15:00:00+02:00,2025-09-16T23:00:00+02:00,72,40,M1_GBT_CAL_WEATHER,2.0392679615265212,0.163172103,1.0295339515,2.6837718579,3.110679547199998,3.7708782645000003,0.02,LOW,27.8,False,DAYTIME,0.28,STANDARD_06_17,Warm weather can increase cooling demand during this period.,Pool circulation or heating can add to household demand during this period.,stage5_frozen_selected_model,stage6a_frozen_ensemble,stage6b_deterministic_rules,real
2025-09-18T16:00:00+02:00,2025-09-16T23:00:00+02:00,72,41,M1_GBT_CAL_WEATHER,2.3678698272684193,0.19003597319999999,1.5035799975,3.5137696778,3.9636065778999825,3.7708782645000003,0.06,LOW,27.6,False,RETURN_RAMP,0.28,STANDARD_06_17,Warm weather can increase cooling demand during this period.,Pool circulation or heating can add to household demand during this period.,stage5_frozen_selected_model,stage6a_frozen_ensemble,stage6b_deterministic_rules,real
2025-09-18T17:00:00+02:00,2025-09-16T23:00:00+02:00,72,42,M1_GBT_CAL_WEATHER,4.198986028845384,0.688461601,2.6264382805000004,8.751223346499998,9.952787266099998,3.7708782645000003,0.275,MEDIUM,27.3,False,RETURN_RAMP,0.4,PEAK_17_22,"Evening demand can rise when EV charging, HVAC and household activities overlap.",Warm weather can increase cooling demand during this period.,stage5_frozen_selected_model,stage6a_frozen_ensemble,stage6b_deterministic_rules,real
2025-09-18T18:00:00+02:00,2025-09-16T23:00:00+02:00,72,43,M1_GBT_CAL_WEATHER,6.09390461840724,0.7460309801999999,3.9841638925,12.3457755678,15.399028179799984,3.7708782645000003,0.53,HIGH,26.6,False,RETURN_RAMP,0.4,PEAK_17_22,"This is a high-risk period because EV charging can coincide with HVAC, cooking and optional high-power loads such as the sauna.",Warm weather can increase cooling demand during this period.,stage5_frozen_selected_model,stage6a_frozen_ensemble,stage6b_deterministic_rules,real
2025-09-18T19:00:00+02:00,2025-09-16T23:00:00+02:00,72,44,M1_GBT_CAL_WEATHER,6.09390461840724,0.2208270278,5.315156039,11.8745183775,15.361101951249998,3.7708782645000003,0.56,HIGH,25.6,False,EVENING,0.4,PEAK_17_22,"This is a high-risk period because EV charging can coincide with HVAC, cooking and optional high-power loads such as the sauna.",Warm weather can increase cooling demand during this period.,stage5_frozen_selected_model,stage6a_frozen_ensemble,stage6b_deterministic_rules,real
2025-09-18T20:00:00+02:00,2025-09-16T23:00:00+02:00,72,45,M1_GBT_CAL_WEATHER,4.522528711991158,0.20436034860000002,2.7466136015,9.744728565900001,11.786118529099996,3.7708782645000003,0.39,MEDIUM,24.9,False,EVENING,0.4,PEAK_17_22,"Evening demand can rise when EV charging, HVAC and household activities overlap.",Pool circulation or heating can add to household demand during this period.,stage5_frozen_selected_model,stage6a_frozen_ensemble,stage6b_deterministic_rules,real
2025-09-18T21:00:00+02:00,2025-09-16T23:00:00+02:00,72,46,M1_GBT_CAL_WEATHER,2.541555013086763,0.3096942958,1.1782902,8.024132142500001,8.7182367961,3.7708782645000003,0.23,MEDIUM,24.2,False,EVENING,0.4,PEAK_17_22,"Evening demand can rise when EV charging, HVAC and household activities overlap.",Pool circulation or heating can add to household demand during this period.,stage5_frozen_selected_model,stage6a_frozen_ensemble,stage6b_deterministic_rules,real
2025-09-18T22:00:00+02:00,2025-09-16T23:00:00+02:00,72,47,M1_GBT_CAL_WEATHER,2.011407750228332,0.2972468964,0.642395504,4.888664235399995,7.924948458049998,3.7708782645000003,0.105,LOW,23.9,False,EVENING,0.28,STANDARD_22_24,Pool circulation or heating can add to household demand during this period.,,stage5_frozen_selected_model,stage6a_frozen_ensemble,stage6b_deterministic_rules,real
2025-09-18T23:00:00+02:00,2025-09-16T23:00:00+02:00,72,48,M1_GBT_CAL_WEATHER,1.280596304783212,0.29870467440000004,0.533870335,1.1470161066999995,2.246284030699992,3.7708782645000003,0.04,LOW,23.4,False,NIGHT,0.28,STANDARD_22_24,"Demand is usually lower overnight, although base loads, HVAC, pool systems and EV charging may remain active.",,stage5_frozen_selected_model,stage6a_frozen_ensemble,stage6b_deterministic_rules,real
2025-09-19T00:00:00+02:00,2025-09-16T23:00:00+02:00,72,49,M1_GBT_CAL_WEATHER,1.2287202971749507,0.298581289,0.48727874299999996,0.6970490276,2.22636752785,3.7708782645000003,0.005,LOW,23.0,False,NIGHT,0.18,OFF_PEAK_00_06,"Demand is usually lower overnight, although base loads, HVAC, pool systems and EV charging may remain active.",,stage5_frozen_selected_model,stage6a_frozen_ensemble,stage6b_deterministic_rules,real
2025-09-19T01:00:00+02:00,2025-09-16T23:00:00+02:00,72,50,M1_GBT_CAL_WEATHER,1.2287202971749507,0.2971025131,0.47056852,0.6431436704,0.6685748573499999,3.7708782645000003,0.0,LOW,22.9,False,NIGHT,0.18,OFF_PEAK_00_06,"Demand is usually lower overnight, although base loads, HVAC, pool systems and EV charging may remain active.",,stage5_frozen_selected_model,stage6a_frozen_ensemble,stage6b_deterministic_rules,real
2025-09-19T02:00:00+02:00,2025-09-16T23:00:00+02:00,72,51,M1_GBT_CAL_WEATHER,1.2287202971749507,0.29837675610000003,0.472072676,0.6448927773,0.6700408691499999,3.7708782645000003,0.005,LOW,22.3,False,NIGHT,0.18,OFF_PEAK_00_06,"Demand is usually lower overnight, although base loads, HVAC, pool systems and EV charging may remain active.",,stage5_frozen_selected_model,stage6a_frozen_ensemble,stage6b_deterministic_rules,real
2025-09-19T03:00:00+02:00,2025-09-16T23:00:00+02:00,72,52,M1_GBT_CAL_WEATHER,1.2287202971749507,0.2994709728,0.47347604200000004,0.6463947701999999,0.6712997623999999,3.7708782645000003,0.005,LOW,22.2,False,NIGHT,0.18,OFF_PEAK_00_06,"Demand is usually lower overnight, although base loads, HVAC, pool systems and EV charging may remain active.",,stage5_frozen_selected_model,stage6a_frozen_ensemble,stage6b_deterministic_rules,real
2025-09-19T04:00:00+02:00,2025-09-16T23:00:00+02:00,72,53,M1_GBT_CAL_WEATHER,1.2287202971749507,0.3026378409,0.4770072345,0.6459277293,0.6684267837499999,3.7708782645000003,0.0,LOW,22.0,False,NIGHT,0.18,OFF_PEAK_00_06,"Demand is usually lower overnight, although base loads, HVAC, pool systems and EV charging may remain active.",,stage5_frozen_selected_model,stage6a_frozen_ensemble,stage6b_deterministic_rules,real
2025-09-19T05:00:00+02:00,2025-09-16T23:00:00+02:00,72,54,M1_GBT_CAL_WEATHER,1.2287202971749507,0.30333195220000003,0.477637559,0.646629401,0.6691277791999999,3.7708782645000003,0.0,LOW,21.8,False,NIGHT,0.18,OFF_PEAK_00_06,"Demand is usually lower overnight, although base loads, HVAC, pool systems and EV charging may remain active.",,stage5_frozen_selected_model,stage6a_frozen_ensemble,stage6b_deterministic_rules,real
2025-09-19T06:00:00+02:00,2025-09-16T23:00:00+02:00,72,55,M1_GBT_CAL_WEATHER,1.2287202971749507,0.3259986812,0.5583739255,1.2367160016,1.4261098511499988,3.7708782645000003,0.005,LOW,21.9,False,NIGHT,0.28,STANDARD_06_17,Pool circulation or heating can add to household demand during this period.,"Demand is usually lower overnight, although base loads, HVAC, pool systems and EV charging may remain active.",stage5_frozen_selected_model,stage6a_frozen_ensemble,stage6b_deterministic_rules,real
2025-09-19T07:00:00+02:00,2025-09-16T23:00:00+02:00,72,56,M1_GBT_CAL_WEATHER,1.2287202971749507,0.3501444011,0.8553083855,2.036034333,2.454649357799996,3.7708782645000003,0.01,LOW,21.7,False,MORNING,0.28,STANDARD_06_17,Pool circulation or heating can add to household demand during this period.,,stage5_frozen_selected_model,stage6a_frozen_ensemble,stage6b_deterministic_rules,real
2025-09-19T08:00:00+02:00,2025-09-16T23:00:00+02:00,72,57,M1_GBT_CAL_WEATHER,1.2287202971749507,0.19165022870000004,0.9287445505,1.9359284669999999,2.7978773906499974,3.7708782645000003,0.005,LOW,21.5,False,MORNING,0.28,STANDARD_06_17,Pool circulation or heating can add to household demand during this period.,,stage5_frozen_selected_model,stage6a_frozen_ensemble,stage6b_deterministic_rules,real
2025-09-19T09:00:00+02:00,2025-09-16T23:00:00+02:00,72,58,M1_GBT_CAL_WEATHER,1.2287202971749507,0.1965854173,1.004077648,1.3066559318,1.3557781848499997,3.7708782645000003,0.015,LOW,22.3,False,DAYTIME,0.28,STANDARD_06_17,Pool circulation or heating can add to household demand during this period.,,stage5_frozen_selected_model,stage6a_frozen_ensemble,stage6b_deterministic_rules,real
2025-09-19T10:00:00+02:00,2025-09-16T23:00:00+02:00,72,59,M1_GBT_CAL_WEATHER,1.2287202971749507,0.25565408040000004,1.0128896535,1.3392814132,1.474122114149999,3.7708782645000003,0.025,LOW,23.3,False,DAYTIME,0.28,STANDARD_06_17,Pool circulation or heating can add to household demand during this period.,,stage5_frozen_selected_model,stage6a_frozen_ensemble,stage6b_deterministic_rules,real
2025-09-19T11:00:00+02:00,2025-09-16T23:00:00+02:00,72,60,M1_GBT_CAL_WEATHER,1.3584061502238087,0.2876965395,0.9903695955,1.3527353048,1.5014560102999999,3.7708782645000003,0.045,LOW,24.6,False,DAYTIME,0.28,STANDARD_06_17,Pool circulation or heating can add to household demand during this period.,,stage5_frozen_selected_model,stage6a_frozen_ensemble,stage6b_deterministic_rules,real
2025-09-19T12:00:00+02:00,2025-09-16T23:00:00+02:00,72,61,M1_GBT_CAL_WEATHER,1.3819898706204747,0.1674022986,0.8530608155000001,1.3454642972,1.589562255699995,3.7708782645000003,0.035,LOW,25.8,False,DAYTIME,0.28,STANDARD_06_17,Warm weather can increase cooling demand during this period.,Pool circulation or heating can add to household demand during this period.,stage5_frozen_selected_model,stage6a_frozen_ensemble,stage6b_deterministic_rules,real
2025-09-19T13:00:00+02:00,2025-09-16T23:00:00+02:00,72,62,M1_GBT_CAL_WEATHER,1.3819898706204747,0.1489501577,0.2796480555,1.3361560404,1.5086649940499997,3.7708782645000003,0.015,LOW,26.7,False,DAYTIME,0.28,STANDARD_06_17,Warm weather can increase cooling demand during this period.,Pool circulation or heating can add to household demand during this period.,stage5_frozen_selected_model,stage6a_frozen_ensemble,stage6b_deterministic_rules,real
2025-09-19T14:00:00+02:00,2025-09-16T23:00:00+02:00,72,63,M1_GBT_CAL_WEATHER,1.7548197274415573,0.1414765639,0.20832668999999998,1.3450979943999999,2.037171386249999,3.7708782645000003,0.01,LOW,27.2,False,DAYTIME,0.28,STANDARD_06_17,Warm weather can increase cooling demand during this period.,Pool circulation or heating can add to household demand during this period.,stage5_frozen_selected_model,stage6a_frozen_ensemble,stage6b_deterministic_rules,real
2025-09-19T15:00:00+02:00,2025-09-16T23:00:00+02:00,72,64,M1_GBT_CAL_WEATHER,2.0392679615265212,0.1536951511,0.6503256065,2.0737143454,2.6763031649999998,3.7708782645000003,0.01,LOW,27.4,False,DAYTIME,0.28,STANDARD_06_17,Warm weather can increase cooling demand during this period.,Pool circulation or heating can add to household demand during this period.,stage5_frozen_selected_model,stage6a_frozen_ensemble,stage6b_deterministic_rules,real
2025-09-19T16:00:00+02:00,2025-09-16T23:00:00+02:00,72,65,M1_GBT_CAL_WEATHER,2.3678698272684193,0.20070672960000002,1.264580337,3.3542259870999986,4.429654118099998,3.7708782645000003,0.085,LOW,27.0,False,RETURN_RAMP,0.28,STANDARD_06_17,Warm weather can increase cooling demand during this period.,Pool circulation or heating can add to household demand during this period.,stage5_frozen_selected_model,stage6a_frozen_ensemble,stage6b_deterministic_rules,real
2025-09-19T17:00:00+02:00,2025-09-16T23:00:00+02:00,72,66,M1_GBT_CAL_WEATHER,3.905191747699476,0.7614850958000001,2.7375048545,9.303452643299998,10.50020621605,3.7708782645000003,0.345,MEDIUM,26.7,False,RETURN_RAMP,0.4,PEAK_17_22,"Evening demand can rise when EV charging, HVAC and household activities overlap.",Warm weather can increase cooling demand during this period.,stage5_frozen_selected_model,stage6a_frozen_ensemble,stage6b_deterministic_rules,real
2025-09-19T18:00:00+02:00,2025-09-16T23:00:00+02:00,72,67,M1_GBT_CAL_WEATHER,5.424898312704568,0.7412592676000002,5.0848700220000005,12.1451763452,15.01462346659999,3.7708782645000003,0.565,HIGH,25.9,False,RETURN_RAMP,0.4,PEAK_17_22,"This is a high-risk period because EV charging can coincide with HVAC, cooking and optional high-power loads such as the sauna.",Warm weather can increase cooling demand during this period.,stage5_frozen_selected_model,stage6a_frozen_ensemble,stage6b_deterministic_rules,real
2025-09-19T19:00:00+02:00,2025-09-16T23:00:00+02:00,72,68,M1_GBT_CAL_WEATHER,5.424898312704568,0.9514680603000003,5.761302086500001,12.680066607099999,15.97458700325,3.7708782645000003,0.595,HIGH,25.1,False,EVENING,0.4,PEAK_17_22,"This is a high-risk period because EV charging can coincide with HVAC, cooking and optional high-power loads such as the sauna.",Pool circulation or heating can add to household demand during this period.,stage5_frozen_selected_model,stage6a_frozen_ensemble,stage6b_deterministic_rules,real
2025-09-19T20:00:00+02:00,2025-09-16T23:00:00+02:00,72,69,M1_GBT_CAL_WEATHER,4.336513136487586,0.25925778880000006,2.5921992005,10.6201090027,14.496212116949986,3.7708782645000003,0.405,HIGH,23.8,False,EVENING,0.4,PEAK_17_22,"This is a high-risk period because EV charging can coincide with HVAC, cooking and optional high-power loads such as the sauna.",Pool circulation or heating can add to household demand during this period.,stage5_frozen_selected_model,stage6a_frozen_ensemble,stage6b_deterministic_rules,real
2025-09-19T21:00:00+02:00,2025-09-16T23:00:00+02:00,72,70,M1_GBT_CAL_WEATHER,2.541555013086763,0.4449947989,1.0512658215,7.9950907024,9.408882947999984,3.7708782645000003,0.28,MEDIUM,23.4,False,EVENING,0.4,PEAK_17_22,"Evening demand can rise when EV charging, HVAC and household activities overlap.",Pool circulation or heating can add to household demand during this period.,stage5_frozen_selected_model,stage6a_frozen_ensemble,stage6b_deterministic_rules,real
2025-09-19T22:00:00+02:00,2025-09-16T23:00:00+02:00,72,71,M1_GBT_CAL_WEATHER,2.011407750228332,0.38294485740000006,0.6787229265,2.2234503722999963,7.991205979049998,3.7708782645000003,0.09,LOW,23.3,False,EVENING,0.28,STANDARD_22_24,Pool circulation or heating can add to household demand during this period.,,stage5_frozen_selected_model,stage6a_frozen_ensemble,stage6b_deterministic_rules,real
2025-09-19T23:00:00+02:00,2025-09-16T23:00:00+02:00,72,72,M1_GBT_CAL_WEATHER,1.280596304783212,0.3225525785,0.5887948245,1.1190369928,1.311753809299999,3.7708782645000003,0.025,LOW,24.0,False,NIGHT,0.28,STANDARD_22_24,"Demand is usually lower overnight, although base loads, HVAC, pool systems and EV charging may remain active.",,stage5_frozen_selected_model,stage6a_frozen_ensemble,stage6b_deterministic_rules,real
2025-09-20T00:00:00+02:00,2025-09-19T23:00:00+02:00,72,1,M1_GBT_CAL_WEATHER,1.0435689046245569,0.31372299000000003,0.5186666575000001,0.6778701686999999,0.83600946665,3.7975427456000026,0.0,LOW,23.2,True,NIGHT,0.18,OFF_PEAK_00_06,"Demand is usually lower overnight, although base loads, HVAC, pool systems and EV charging may remain active.",,stage5_frozen_selected_model,stage6a_frozen_ensemble,stage6b_deterministic_rules,real
2025-09-20T01:00:00+02:00,2025-09-19T23:00:00+02:00,72,2,M1_GBT_CAL_WEATHER,1.0435689046245569,0.31500222330000005,0.482710967,0.6498618703,0.6685748573499999,3.7975427456000026,0.0,LOW,22.9,True,NIGHT,0.18,OFF_PEAK_00_06,"Demand is usually lower overnight, although base loads, HVAC, pool systems and EV charging may remain active.",,stage5_frozen_selected_model,stage6a_frozen_ensemble,stage6b_deterministic_rules,real
2025-09-20T02:00:00+02:00,2025-09-19T23:00:00+02:00,72,3,M1_GBT_CAL_WEATHER,1.0435689046245569,0.3177119435,0.485076469,0.6514319019,0.6770379761499999,3.7975427456000026,0.0,LOW,22.8,True,NIGHT,0.18,OFF_PEAK_00_06,"Demand is usually lower overnight, although base loads, HVAC, pool systems and EV charging may remain active.",,stage5_frozen_selected_model,stage6a_frozen_ensemble,stage6b_deterministic_rules,real
2025-09-20T03:00:00+02:00,2025-09-19T23:00:00+02:00,72,4,M1_GBT_CAL_WEATHER,1.0435689046245569,0.3224739626,0.486731881,0.653071324,0.67969919955,3.7975427456000026,0.005,LOW,22.8,True,NIGHT,0.18,OFF_PEAK_00_06,"Demand is usually lower overnight, although base loads, HVAC, pool systems and EV charging may remain active.",,stage5_frozen_selected_model,stage6a_frozen_ensemble,stage6b_deterministic_rules,real
2025-09-20T04:00:00+02:00,2025-09-19T23:00:00+02:00,72,5,M1_GBT_CAL_WEATHER,1.0435689046245569,0.3233875349,0.4878395175,0.6535160707,0.6793282268999999,3.7975427456000026,0.005,LOW,22.7,True,NIGHT,0.18,OFF_PEAK_00_06,"Demand is usually lower overnight, although base loads, HVAC, pool systems and EV charging may remain active.",,stage5_frozen_selected_model,stage6a_frozen_ensemble,stage6b_deterministic_rules,real
2025-09-20T05:00:00+02:00,2025-09-19T23:00:00+02:00,72,6,M1_GBT_CAL_WEATHER,1.0435689046245569,0.3240128586,0.488535807,0.6540849085,0.6728729857499999,3.7975427456000026,0.0,LOW,22.4,True,NIGHT,0.18,OFF_PEAK_00_06,"Demand is usually lower overnight, although base loads, HVAC, pool systems and EV charging may remain active.",,stage5_frozen_selected_model,stage6a_frozen_ensemble,stage6b_deterministic_rules,real
2025-09-20T06:00:00+02:00,2025-09-19T23:00:00+02:00,72,7,M1_GBT_CAL_WEATHER,1.0435689046245569,0.33963197840000003,0.562490487,1.1195128114,1.45818934385,3.7975427456000026,0.0,LOW,22.3,True,NIGHT,0.28,STANDARD_06_17,Pool circulation or heating can add to household demand during this period.,"Demand is usually lower overnight, although base loads, HVAC, pool systems and EV charging may remain active.",stage5_frozen_selected_model,stage6a_frozen_ensemble,stage6b_deterministic_rules,real
2025-09-20T07:00:00+02:00,2025-09-19T23:00:00+02:00,72,8,M1_GBT_CAL_WEATHER,1.0435689046245569,0.3710383815,0.7057759855000001,1.8407886775,2.483347257449999,3.7975427456000026,0.01,LOW,22.0,True,MORNING,0.28,STANDARD_06_17,Pool circulation or heating can add to household demand during this period.,Weekend occupancy can increase daytime household activity.,stage5_frozen_selected_model,stage6a_frozen_ensemble,stage6b_deterministic_rules,real
2025-09-20T08:00:00+02:00,2025-09-19T23:00:00+02:00,72,9,M1_GBT_CAL_WEATHER,1.0435689046245569,0.1836889686,0.8436291140000001,1.6561408058999991,2.6186764729999994,3.7975427456000026,0.02,LOW,22.1,True,MORNING,0.28,STANDARD_06_17,Pool circulation or heating can add to household demand during this period.,Weekend occupancy can increase daytime household activity.,stage5_frozen_selected_model,stage6a_frozen_ensemble,stage6b_deterministic_rules,real
2025-09-20T09:00:00+02:00,2025-09-19T23:00:00+02:00,72,10,M1_GBT_CAL_WEATHER,1.0435689046245569,0.2157062987,1.0009210065,1.3252679776,1.3810835022999994,3.7975427456000026,0.03,LOW,22.9,True,DAYTIME,0.28,STANDARD_06_17,Pool circulation or heating can add to household demand during this period.,Weekend occupancy can increase daytime household activity.,stage5_frozen_selected_model,stage6a_frozen_ensemble,stage6b_deterministic_rules,real
2025-09-20T10:00:00+02:00,2025-09-19T23:00:00+02:00,72,11,M1_GBT_CAL_WEATHER,1.0777236675511046,0.25132406590000006,1.0704176925,1.3867550967,2.4312909221999965,3.7975427456000026,0.03,LOW,24.0,True,DAYTIME,0.28,STANDARD_06_17,Pool circulation or heating can add to household demand during this period.,Weekend occupancy can increase daytime household activity.,stage5_frozen_selected_model,stage6a_frozen_ensemble,stage6b_deterministic_rules,real
2025-09-20T11:00:00+02:00,2025-09-19T23:00:00+02:00,72,12,M1_GBT_CAL_WEATHER,1.2060428993063799,0.33788326160000004,1.049427284,1.4342120057999999,2.6344273137999945,3.7975427456000026,0.04,LOW,25.3,True,DAYTIME,0.28,STANDARD_06_17,Pool circulation or heating can add to household demand during this period.,Weekend occupancy can increase daytime household activity.,stage5_frozen_selected_model,stage6a_frozen_ensemble,stage6b_deterministic_rules,real
2025-09-20T12:00:00+02:00,2025-09-19T23:00:00+02:00,72,13,M1_GBT_CAL_WEATHER,1.2060428993063799,0.179721073,0.954704399,1.3969560292,2.619961156499999,3.7975427456000026,0.025,LOW,25.9,True,DAYTIME,0.28,STANDARD_06_17,Warm weather can increase cooling demand during this period.,Pool circulation or heating can add to household demand during this period.,stage5_frozen_selected_model,stage6a_frozen_ensemble,stage6b_deterministic_rules,real
2025-09-20T13:00:00+02:00,2025-09-19T23:00:00+02:00,72,14,M1_GBT_CAL_WEATHER,1.2060428993063799,0.1642671992,0.7887637535,1.7916293024999999,2.639759332799997,3.7975427456000026,0.01,LOW,26.1,True,DAYTIME,0.28,STANDARD_06_17,Warm weather can increase cooling demand during this period.,Pool circulation or heating can add to household demand during this period.,stage5_frozen_selected_model,stage6a_frozen_ensemble,stage6b_deterministic_rules,real
2025-09-20T14:00:00+02:00,2025-09-19T23:00:00+02:00,72,15,M1_GBT_CAL_WEATHER,1.2589263075296664,0.1543513231,0.5759986875,2.190744534099999,2.7071973332499986,3.7975427456000026,0.01,LOW,26.0,True,DAYTIME,0.28,STANDARD_06_17,Warm weather can increase cooling demand during this period.,Pool circulation or heating can add to household demand during this period.,stage5_frozen_selected_model,stage6a_frozen_ensemble,stage6b_deterministic_rules,real
2025-09-20T15:00:00+02:00,2025-09-19T23:00:00+02:00,72,16,M1_GBT_CAL_WEATHER,1.7033643928774862,0.15710894120000002,0.818161677,2.5708936996999996,2.879463973749989,3.7975427456000026,0.04,LOW,25.9,True,DAYTIME,0.28,STANDARD_06_17,Warm weather can increase cooling demand during this period.,Pool circulation or heating can add to household demand during this period.,stage5_frozen_selected_model,stage6a_frozen_ensemble,stage6b_deterministic_rules,real
2025-09-20T16:00:00+02:00,2025-09-19T23:00:00+02:00,72,17,M1_GBT_CAL_WEATHER,1.991388651130955,0.2035958254,1.0999708435,5.707524820199997,8.353815876699997,3.7975427456000026,0.145,LOW,25.9,True,RETURN_RAMP,0.28,STANDARD_06_17,Warm weather can increase cooling demand during this period.,Pool circulation or heating can add to household demand during this period.,stage5_frozen_selected_model,stage6a_frozen_ensemble,stage6b_deterministic_rules,real
2025-09-20T17:00:00+02:00,2025-09-19T23:00:00+02:00,72,18,M1_GBT_CAL_WEATHER,3.1307373615344423,0.2762252428,1.2983032115,8.383297732099999,9.517522498899996,3.7975427456000026,0.19,LOW,25.7,True,RETURN_RAMP,0.4,PEAK_17_22,Warm weather can increase cooling demand during this period.,Pool circulation or heating can add to household demand during this period.,stage5_frozen_selected_model,stage6a_frozen_ensemble,stage6b_deterministic_rules,real
2025-09-20T18:00:00+02:00,2025-09-19T23:00:00+02:00,72,19,M1_GBT_CAL_WEATHER,5.262256642643934,0.1963519936,1.573788933,8.250165331299998,9.3384740595,3.7975427456000026,0.26,MEDIUM,25.2,True,RETURN_RAMP,0.4,PEAK_17_22,"Evening demand can rise when EV charging, HVAC and household activities overlap.",Pool circulation or heating can add to household demand during this period.,stage5_frozen_selected_model,stage6a_frozen_ensemble,stage6b_deterministic_rules,real
2025-09-20T19:00:00+02:00,2025-09-19T23:00:00+02:00,72,20,M1_GBT_CAL_WEATHER,5.262256642643934,0.18841286110000002,2.0937948155,8.6487827672,10.187291467249999,3.7975427456000026,0.275,MEDIUM,24.8,True,EVENING,0.4,PEAK_17_22,"Evening demand can rise when EV charging, HVAC and household activities overlap.",Pool circulation or heating can add to household demand during this period.,stage5_frozen_selected_model,stage6a_frozen_ensemble,stage6b_deterministic_rules,real
2025-09-20T20:00:00+02:00,2025-09-19T23:00:00+02:00,72,21,M1_GBT_CAL_WEATHER,3.530355879810193,0.20127068960000002,1.9844072465,9.009263983099997,10.574838524799995,3.7975427456000026,0.335,MEDIUM,23.9,True,EVENING,0.4,PEAK_17_22,"Evening demand can rise when EV charging, HVAC and household activities overlap.",Pool circulation or heating can add to household demand during this period.,stage5_frozen_selected_model,stage6a_frozen_ensemble,stage6b_deterministic_rules,real
2025-09-20T21:00:00+02:00,2025-09-19T23:00:00+02:00,72,22,M1_GBT_CAL_WEATHER,2.391007169406706,0.414194652,1.3688332019999998,8.0252381757,8.6322753263,3.7975427456000026,0.3,MEDIUM,24.3,True,EVENING,0.4,PEAK_17_22,"Evening demand can rise when EV charging, HVAC and household activities overlap.",Pool circulation or heating can add to household demand during this period.,stage5_frozen_selected_model,stage6a_frozen_ensemble,stage6b_deterministic_rules,real
2025-09-20T22:00:00+02:00,2025-09-19T23:00:00+02:00,72,23,M1_GBT_CAL_WEATHER,1.8224223005549525,0.3976103063,0.784170402,7.8036692156,8.3778001437,3.7975427456000026,0.19,LOW,24.1,True,EVENING,0.28,STANDARD_22_24,Pool circulation or heating can add to household demand during this period.,,stage5_frozen_selected_model,stage6a_frozen_ensemble,stage6b_deterministic_rules,real
2025-09-20T23:00:00+02:00,2025-09-19T23:00:00+02:00,72,24,M1_GBT_CAL_WEATHER,1.1306070757743911,0.3433146252,0.601755056,3.8499928611999987,6.2982328127499745,3.7975427456000026,0.105,LOW,23.9,True,NIGHT,0.28,STANDARD_22_24,"Demand is usually lower overnight, although base loads, HVAC, pool systems and EV charging may remain active.",,stage5_frozen_selected_model,stage6a_frozen_ensemble,stage6b_deterministic_rules,real
2025-09-21T00:00:00+02:00,2025-09-19T23:00:00+02:00,72,25,M1_GBT_CAL_WEATHER,1.0777236675511046,0.32594914340000003,0.5313860939999999,2.160322035499999,2.8187084467499983,3.7975427456000026,0.035,LOW,24.1,True,NIGHT,0.18,OFF_PEAK_00_06,"Demand is usually lower overnight, although base loads, HVAC, pool systems and EV charging may remain active.",,stage5_frozen_selected_model,stage6a_frozen_ensemble,stage6b_deterministic_rules,real
2025-09-21T01:00:00+02:00,2025-09-19T23:00:00+02:00,72,26,M1_GBT_CAL_WEATHER,1.0777236675511046,0.31989689990000003,0.505556558,0.664021828,0.6985159463499999,3.7975427456000026,0.015,LOW,24.0,True,NIGHT,0.18,OFF_PEAK_00_06,"Demand is usually lower overnight, although base loads, HVAC, pool systems and EV charging may remain active.",,stage5_frozen_selected_model,stage6a_frozen_ensemble,stage6b_deterministic_rules,real
2025-09-21T02:00:00+02:00,2025-09-19T23:00:00+02:00,72,27,M1_GBT_CAL_WEATHER,1.0777236675511046,0.3205867772,0.488908193,0.6575734618,0.67997710175,3.7975427456000026,0.0,LOW,23.8,True,NIGHT,0.18,OFF_PEAK_00_06,"Demand is usually lower overnight, although base loads, HVAC, pool systems and EV charging may remain active.",,stage5_frozen_selected_model,stage6a_frozen_ensemble,stage6b_deterministic_rules,real
2025-09-21T03:00:00+02:00,2025-09-19T23:00:00+02:00,72,28,M1_GBT_CAL_WEATHER,1.0777236675511046,0.3191306553,0.49030452599999996,0.6569951098,0.6798997658,3.7975427456000026,0.0,LOW,23.5,True,NIGHT,0.18,OFF_PEAK_00_06,"Demand is usually lower overnight, although base loads, HVAC, pool systems and EV charging may remain active.",,stage5_frozen_selected_model,stage6a_frozen_ensemble,stage6b_deterministic_rules,real
2025-09-21T04:00:00+02:00,2025-09-19T23:00:00+02:00,72,29,M1_GBT_CAL_WEATHER,1.0777236675511046,0.3202192715,0.4893637675,0.6535160707,0.6722657439499998,3.7975427456000026,0.0,LOW,23.6,True,NIGHT,0.18,OFF_PEAK_00_06,"Demand is usually lower overnight, although base loads, HVAC, pool systems and EV charging may remain active.",,stage5_frozen_selected_model,stage6a_frozen_ensemble,stage6b_deterministic_rules,real
2025-09-21T05:00:00+02:00,2025-09-19T23:00:00+02:00,72,30,M1_GBT_CAL_WEATHER,1.0435689046245569,0.3209036038,0.489889449,0.6540849085,0.6728729857499999,3.7975427456000026,0.0,LOW,22.7,True,NIGHT,0.18,OFF_PEAK_00_06,"Demand is usually lower overnight, although base loads, HVAC, pool systems and EV charging may remain active.",,stage5_frozen_selected_model,stage6a_frozen_ensemble,stage6b_deterministic_rules,real
2025-09-21T06:00:00+02:00,2025-09-19T23:00:00+02:00,72,31,M1_GBT_CAL_WEATHER,1.0435689046245569,0.3380876982,0.5410294375,1.0873242934999996,1.5193285337999998,3.7975427456000026,0.0,LOW,22.6,True,NIGHT,0.28,STANDARD_06_17,Pool circulation or heating can add to household demand during this period.,"Demand is usually lower overnight, although base loads, HVAC, pool systems and EV charging may remain active.",stage5_frozen_selected_model,stage6a_frozen_ensemble,stage6b_deterministic_rules,real
2025-09-21T07:00:00+02:00,2025-09-19T23:00:00+02:00,72,32,M1_GBT_CAL_WEATHER,1.0435689046245569,0.3560264925,0.6821717105,1.9755133860999985,2.9746166684499995,3.7975427456000026,0.01,LOW,22.6,True,MORNING,0.28,STANDARD_06_17,Pool circulation or heating can add to household demand during this period.,Weekend occupancy can increase daytime household activity.,stage5_frozen_selected_model,stage6a_frozen_ensemble,stage6b_deterministic_rules,real
2025-09-21T08:00:00+02:00,2025-09-19T23:00:00+02:00,72,33,M1_GBT_CAL_WEATHER,1.0435689046245569,0.1760380527,0.915287054,2.0489017012999997,2.4339471510999986,3.7975427456000026,0.01,LOW,22.6,True,MORNING,0.28,STANDARD_06_17,Pool circulation or heating can add to household demand during this period.,Weekend occupancy can increase daytime household activity.,stage5_frozen_selected_model,stage6a_frozen_ensemble,stage6b_deterministic_rules,real
2025-09-21T09:00:00+02:00,2025-09-19T23:00:00+02:00,72,34,M1_GBT_CAL_WEATHER,1.0435689046245569,0.21271400680000002,1.0252454575,1.3558400016,1.7764451016999998,3.7975427456000026,0.03,LOW,22.8,True,DAYTIME,0.28,STANDARD_06_17,Pool circulation or heating can add to household demand during this period.,Weekend occupancy can increase daytime household activity.,stage5_frozen_selected_model,stage6a_frozen_ensemble,stage6b_deterministic_rules,real
2025-09-21T10:00:00+02:00,2025-09-19T23:00:00+02:00,72,35,M1_GBT_CAL_WEATHER,1.0777236675511046,0.3943430866,1.0526361080000002,1.3650575328999999,2.0222693294999994,3.7975427456000026,0.025,LOW,23.4,True,DAYTIME,0.28,STANDARD_06_17,Pool circulation or heating can add to household demand during this period.,Weekend occupancy can increase daytime household activity.,stage5_frozen_selected_model,stage6a_frozen_ensemble,stage6b_deterministic_rules,real
2025-09-21T11:00:00+02:00,2025-09-19T23:00:00+02:00,72,36,M1_GBT_CAL_WEATHER,1.0777236675511046,0.28515719800000006,1.020979752,1.3739872326999998,1.6192900264499936,3.7975427456000026,0.02,LOW,23.6,True,DAYTIME,0.28,STANDARD_06_17,Pool circulation or heating can add to household demand during this period.,Weekend occupancy can increase daytime household activity.,stage5_frozen_selected_model,stage6a_frozen_ensemble,stage6b_deterministic_rules,real
2025-09-21T12:00:00+02:00,2025-09-19T23:00:00+02:00,72,37,M1_GBT_CAL_WEATHER,1.0777236675511046,0.1790296392,0.8931903999999999,1.385576167,1.8010031489,3.7975427456000026,0.03,LOW,24.1,True,DAYTIME,0.28,STANDARD_06_17,Pool circulation or heating can add to household demand during this period.,Weekend occupancy can increase daytime household activity.,stage5_frozen_selected_model,stage6a_frozen_ensemble,stage6b_deterministic_rules,real
2025-09-21T13:00:00+02:00,2025-09-19T23:00:00+02:00,72,38,M1_GBT_CAL_WEATHER,1.2060428993063799,0.1572749068,0.5575702705000001,1.3570145839999999,1.8058492956999925,3.7975427456000026,0.025,LOW,24.8,True,DAYTIME,0.28,STANDARD_06_17,Pool circulation or heating can add to household demand during this period.,Weekend occupancy can increase daytime household activity.,stage5_frozen_selected_model,stage6a_frozen_ensemble,stage6b_deterministic_rules,real
2025-09-21T14:00:00+02:00,2025-09-19T23:00:00+02:00,72,39,M1_GBT_CAL_WEATHER,1.2589263075296664,0.1469431613,0.23772974149999998,1.3621388506999998,2.2366400224999987,3.7975427456000026,0.02,LOW,26.1,True,DAYTIME,0.28,STANDARD_06_17,Warm weather can increase cooling demand during this period.,Pool circulation or heating can add to household demand during this period.,stage5_frozen_selected_model,stage6a_frozen_ensemble,stage6b_deterministic_rules,real
2025-09-21T15:00:00+02:00,2025-09-19T23:00:00+02:00,72,40,M1_GBT_CAL_WEATHER,1.7033643928774862,0.15317252950000002,0.6454381634999999,2.5448034293,3.5985111338499998,3.7975427456000026,0.04,LOW,25.1,True,DAYTIME,0.28,STANDARD_06_17,Pool circulation or heating can add to household demand during this period.,Weekend occupancy can increase daytime household activity.,stage5_frozen_selected_model,stage6a_frozen_ensemble,stage6b_deterministic_rules,real
2025-09-21T16:00:00+02:00,2025-09-19T23:00:00+02:00,72,41,M1_GBT_CAL_WEATHER,2.069736805305395,0.1621331662,0.9457568675,3.9662116583,7.448000710449999,3.7975427456000026,0.105,LOW,24.9,True,RETURN_RAMP,0.28,STANDARD_06_17,Pool circulation or heating can add to household demand during this period.,Weekend occupancy can increase daytime household activity.,stage5_frozen_selected_model,stage6a_frozen_ensemble,stage6b_deterministic_rules,real
2025-09-21T17:00:00+02:00,2025-09-19T23:00:00+02:00,72,42,M1_GBT_CAL_WEATHER,3.2090855157088822,0.21774643140000002,1.084724121,6.808697265199996,8.373317445649999,3.7975427456000026,0.145,LOW,24.3,True,RETURN_RAMP,0.4,PEAK_17_22,Pool circulation or heating can add to household demand during this period.,Weekend occupancy can increase daytime household activity.,stage5_frozen_selected_model,stage6a_frozen_ensemble,stage6b_deterministic_rules,real
2025-09-21T18:00:00+02:00,2025-09-19T23:00:00+02:00,72,43,M1_GBT_CAL_WEATHER,4.6225596673223555,0.3369782113,1.2354520065,7.769581768299999,8.482401944500001,3.7975427456000026,0.22,MEDIUM,23.5,True,RETURN_RAMP,0.4,PEAK_17_22,"Evening demand can rise when EV charging, HVAC and household activities overlap.",Pool circulation or heating can add to household demand during this period.,stage5_frozen_selected_model,stage6a_frozen_ensemble,stage6b_deterministic_rules,real
2025-09-21T19:00:00+02:00,2025-09-19T23:00:00+02:00,72,44,M1_GBT_CAL_WEATHER,4.6225596673223555,0.2039420436,1.6694172484999998,8.352884369699998,10.167256080249999,3.7975427456000026,0.31,MEDIUM,21.9,True,EVENING,0.4,PEAK_17_22,"Evening demand can rise when EV charging, HVAC and household activities overlap.",Pool circulation or heating can add to household demand during this period.,stage5_frozen_selected_model,stage6a_frozen_ensemble,stage6b_deterministic_rules,real
2025-09-21T20:00:00+02:00,2025-09-19T23:00:00+02:00,72,45,M1_GBT_CAL_WEATHER,3.530355879810193,0.2049333103,2.4276511124999995,8.4876935471,10.035519149049996,3.7975427456000026,0.38,MEDIUM,21.3,True,EVENING,0.4,PEAK_17_22,"Evening demand can rise when EV charging, HVAC and household activities overlap.",Pool circulation or heating can add to household demand during this period.,stage5_frozen_selected_model,stage6a_frozen_ensemble,stage6b_deterministic_rules,real
2025-09-21T21:00:00+02:00,2025-09-19T23:00:00+02:00,72,46,M1_GBT_CAL_WEATHER,2.299202212560777,0.4680122968,1.6415905725,8.813184185999997,10.719250234749973,3.7975427456000026,0.37,MEDIUM,20.4,True,EVENING,0.4,PEAK_17_22,"Evening demand can rise when EV charging, HVAC and household activities overlap.",Pool circulation or heating can add to household demand during this period.,stage5_frozen_selected_model,stage6a_frozen_ensemble,stage6b_deterministic_rules,real
2025-09-21T22:00:00+02:00,2025-09-19T23:00:00+02:00,72,47,M1_GBT_CAL_WEATHER,1.7882675376284047,0.4246823951,0.8532730805,8.0347490691,9.174349805749998,3.7975427456000026,0.215,MEDIUM,19.8,True,EVENING,0.28,STANDARD_22_24,"Evening demand can rise when EV charging, HVAC and household activities overlap.",Pool circulation or heating can add to household demand during this period.,stage5_frozen_selected_model,stage6a_frozen_ensemble,stage6b_deterministic_rules,real
2025-09-21T23:00:00+02:00,2025-09-19T23:00:00+02:00,72,48,M1_GBT_CAL_WEATHER,1.0964523128478434,0.3320144481,0.5887948245,1.8064546033,3.805396496699985,3.7975427456000026,0.05,LOW,19.8,True,NIGHT,0.28,STANDARD_22_24,"Demand is usually lower overnight, although base loads, HVAC, pool systems and EV charging may remain active.",,stage5_frozen_selected_model,stage6a_frozen_ensemble,stage6b_deterministic_rules,real
2025-09-22T00:00:00+02:00,2025-09-19T23:00:00+02:00,72,49,M1_GBT_CAL_WEATHER,1.0435689046245569,0.3133513911,0.49700548299999997,0.6970216114,1.0527300822999912,3.7975427456000026,0.035,LOW,20.6,False,NIGHT,0.18,OFF_PEAK_00_06,"Demand is usually lower overnight, although base loads, HVAC, pool systems and EV charging may remain active.",,stage5_frozen_selected_model,stage6a_frozen_ensemble,stage6b_deterministic_rules,real
2025-09-22T01:00:00+02:00,2025-09-19T23:00:00+02:00,72,50,M1_GBT_CAL_WEATHER,1.0435689046245569,0.3151141978,0.4861686185,0.6541346772,0.6784895468,3.7975427456000026,0.01,LOW,20.5,False,NIGHT,0.18,OFF_PEAK_00_06,"Demand is usually lower overnight, although base loads, HVAC, pool systems and EV charging may remain active.",,stage5_frozen_selected_model,stage6a_frozen_ensemble,stage6b_deterministic_rules,real
2025-09-22T02:00:00+02:00,2025-09-19T23:00:00+02:00,72,51,M1_GBT_CAL_WEATHER,1.0435689046245569,0.3205867772,0.48635788999999996,0.6630140215,0.6853430948499999,3.7975427456000026,0.015,LOW,20.5,False,NIGHT,0.18,OFF_PEAK_00_06,"Demand is usually lower overnight, although base loads, HVAC, pool systems and EV charging may remain active.",,stage5_frozen_selected_model,stage6a_frozen_ensemble,stage6b_deterministic_rules,real
2025-09-22T03:00:00+02:00,2025-09-19T23:00:00+02:00,72,52,M1_GBT_CAL_WEATHER,1.0777236675511046,0.324218574,0.5087779575,0.8396448605999923,3.2913153016999996,3.7975427456000026,0.03,LOW,20.0,False,NIGHT,0.18,OFF_PEAK_00_06,"Demand is usually lower overnight, although base loads, HVAC, pool systems and EV charging may remain active.",,stage5_frozen_selected_model,stage6a_frozen_ensemble,stage6b_deterministic_rules,real
2025-09-22T04:00:00+02:00,2025-09-19T23:00:00+02:00,72,53,M1_GBT_CAL_WEATHER,1.0777236675511046,0.3251790256,0.5006871795,2.3142884440000002,3.2002177335499997,3.7975427456000026,0.025,LOW,19.6,False,NIGHT,0.18,OFF_PEAK_00_06,"Demand is usually lower overnight, although base loads, HVAC, pool systems and EV charging may remain active.",,stage5_frozen_selected_model,stage6a_frozen_ensemble,stage6b_deterministic_rules,real
2025-09-22T05:00:00+02:00,2025-09-19T23:00:00+02:00,72,54,M1_GBT_CAL_WEATHER,1.0777236675511046,0.3314791661,0.5276137525,3.304254908099999,3.9422639478999977,3.7975427456000026,0.07,LOW,19.1,False,NIGHT,0.18,OFF_PEAK_00_06,"Demand is usually lower overnight, although base loads, HVAC, pool systems and EV charging may remain active.",,stage5_frozen_selected_model,stage6a_frozen_ensemble,stage6b_deterministic_rules,real
2025-09-22T06:00:00+02:00,2025-09-19T23:00:00+02:00,72,55,M1_GBT_CAL_WEATHER,1.0777236675511046,0.34115243359999997,0.608395909,3.5955364968,4.0057024316,3.7975427456000026,0.08,LOW,18.4,False,NIGHT,0.28,STANDARD_06_17,Pool circulation or heating can add to household demand during this period.,"Demand is usually lower overnight, although base loads, HVAC, pool systems and EV charging may remain active.",stage5_frozen_selected_model,stage6a_frozen_ensemble,stage6b_deterministic_rules,real
2025-09-22T07:00:00+02:00,2025-09-19T23:00:00+02:00,72,56,M1_GBT_CAL_WEATHER,1.0777236675511046,0.4459694362,2.311717986,4.2204290696,4.850394262449994,3.7975427456000026,0.185,LOW,17.8,False,MORNING,0.28,STANDARD_06_17,Pool circulation or heating can add to household demand during this period.,,stage5_frozen_selected_model,stage6a_frozen_ensemble,stage6b_deterministic_rules,real
2025-09-22T08:00:00+02:00,2025-09-19T23:00:00+02:00,72,57,M1_GBT_CAL_WEATHER,1.0777236675511046,0.2658038401,2.6715916105,4.5601096312,5.4665823371499975,3.7975427456000026,0.275,MEDIUM,17.3,False,MORNING,0.28,STANDARD_06_17,Pool circulation or heating can add to household demand during this period.,,stage5_frozen_selected_model,stage6a_frozen_ensemble,stage6b_deterministic_rules,real
2025-09-22T09:00:00+02:00,2025-09-19T23:00:00+02:00,72,58,M1_GBT_CAL_WEATHER,1.0777236675511046,0.2239487387,1.140497775,4.2640097304,4.6539100688999975,3.7975427456000026,0.17,LOW,17.8,False,DAYTIME,0.28,STANDARD_06_17,Pool circulation or heating can add to household demand during this period.,,stage5_frozen_selected_model,stage6a_frozen_ensemble,stage6b_deterministic_rules,real
2025-09-22T10:00:00+02:00,2025-09-19T23:00:00+02:00,72,59,M1_GBT_CAL_WEATHER,1.0777236675511046,0.2876829177000001,1.0937678604999999,4.000176755199999,4.503889999749998,3.7975427456000026,0.135,LOW,18.7,False,DAYTIME,0.28,STANDARD_06_17,Pool circulation or heating can add to household demand during this period.,,stage5_frozen_selected_model,stage6a_frozen_ensemble,stage6b_deterministic_rules,real
2025-09-22T11:00:00+02:00,2025-09-19T23:00:00+02:00,72,60,M1_GBT_CAL_WEATHER,1.0777236675511046,0.4183416268000001,1.1247646869999999,3.8548960977999984,4.697199568299997,3.7975427456000026,0.11,LOW,19.6,False,DAYTIME,0.28,STANDARD_06_17,Pool circulation or heating can add to household demand during this period.,,stage5_frozen_selected_model,stage6a_frozen_ensemble,stage6b_deterministic_rules,real
2025-09-22T12:00:00+02:00,2025-09-19T23:00:00+02:00,72,61,M1_GBT_CAL_WEATHER,1.0483527069396041,0.16845043,1.073325272,3.7391576088,4.946133107549996,3.7975427456000026,0.095,LOW,20.5,False,DAYTIME,0.28,STANDARD_06_17,Pool circulation or heating can add to household demand during this period.,,stage5_frozen_selected_model,stage6a_frozen_ensemble,stage6b_deterministic_rules,real
2025-09-22T13:00:00+02:00,2025-09-19T23:00:00+02:00,72,62,M1_GBT_CAL_WEATHER,1.0483527069396041,0.1490689564,0.8514547045,3.406022323799999,4.255805781649993,3.7975427456000026,0.085,LOW,20.9,False,DAYTIME,0.28,STANDARD_06_17,Pool circulation or heating can add to household demand during this period.,,stage5_frozen_selected_model,stage6a_frozen_ensemble,stage6b_deterministic_rules,real
2025-09-22T14:00:00+02:00,2025-09-19T23:00:00+02:00,72,63,M1_GBT_CAL_WEATHER,1.0613763442837822,0.143912972,0.35158578800000007,3.4899371192,4.042533115599999,3.7975427456000026,0.075,LOW,21.6,False,DAYTIME,0.28,STANDARD_06_17,Pool circulation or heating can add to household demand during this period.,,stage5_frozen_selected_model,stage6a_frozen_ensemble,stage6b_deterministic_rules,real
2025-09-22T15:00:00+02:00,2025-09-19T23:00:00+02:00,72,64,M1_GBT_CAL_WEATHER,1.4600228870435974,0.1420159776,0.37443504799999994,2.0975626173999995,3.736444089649997,3.7975427456000026,0.05,LOW,21.9,False,DAYTIME,0.28,STANDARD_06_17,Pool circulation or heating can add to household demand during this period.,,stage5_frozen_selected_model,stage6a_frozen_ensemble,stage6b_deterministic_rules,real
2025-09-22T16:00:00+02:00,2025-09-19T23:00:00+02:00,72,65,M1_GBT_CAL_WEATHER,1.9620176905194546,0.1696417025,0.8501089075,4.0553171921999995,4.845918554299998,3.7975427456000026,0.115,LOW,22.0,False,RETURN_RAMP,0.28,STANDARD_06_17,Pool circulation or heating can add to household demand during this period.,,stage5_frozen_selected_model,stage6a_frozen_ensemble,stage6b_deterministic_rules,real
2025-09-22T17:00:00+02:00,2025-09-19T23:00:00+02:00,72,66,M1_GBT_CAL_WEATHER,3.456997394384258,0.39188953560000006,1.139926043,8.2130032013,9.12282817145,3.7975427456000026,0.315,MEDIUM,21.8,False,RETURN_RAMP,0.4,PEAK_17_22,"Evening demand can rise when EV charging, HVAC and household activities overlap.",Pool circulation or heating can add to household demand during this period.,stage5_frozen_selected_model,stage6a_frozen_ensemble,stage6b_deterministic_rules,real
2025-09-22T18:00:00+02:00,2025-09-19T23:00:00+02:00,72,67,M1_GBT_CAL_WEATHER,5.588516675493751,0.21097591550000003,2.9188487705,10.1840900822,13.881681765749994,3.7975427456000026,0.43,HIGH,21.4,False,RETURN_RAMP,0.4,PEAK_17_22,"This is a high-risk period because EV charging can coincide with HVAC, cooking and optional high-power loads such as the sauna.",Pool circulation or heating can add to household demand during this period.,stage5_frozen_selected_model,stage6a_frozen_ensemble,stage6b_deterministic_rules,real
2025-09-22T19:00:00+02:00,2025-09-19T23:00:00+02:00,72,68,M1_GBT_CAL_WEATHER,5.588516675493751,0.2065860284,3.8367146615000003,11.925872432399999,15.054528905199998,3.7975427456000026,0.505,HIGH,20.8,False,EVENING,0.4,PEAK_17_22,"This is a high-risk period because EV charging can coincide with HVAC, cooking and optional high-power loads such as the sauna.",Pool circulation or heating can add to household demand during this period.,stage5_frozen_selected_model,stage6a_frozen_ensemble,stage6b_deterministic_rules,real
2025-09-22T20:00:00+02:00,2025-09-19T23:00:00+02:00,72,69,M1_GBT_CAL_WEATHER,3.8566159126600086,0.1908445886,2.073307543,9.7563349673,11.062780211649999,3.7975427456000026,0.355,MEDIUM,20.4,False,EVENING,0.4,PEAK_17_22,"Evening demand can rise when EV charging, HVAC and household activities overlap.",Pool circulation or heating can add to household demand during this period.,stage5_frozen_selected_model,stage6a_frozen_ensemble,stage6b_deterministic_rules,real
2025-09-22T21:00:00+02:00,2025-09-19T23:00:00+02:00,72,70,M1_GBT_CAL_WEATHER,2.3616362087952054,0.29626963479999996,1.1322506314999998,7.350626220599998,8.5722262553,3.7975427456000026,0.23,MEDIUM,19.5,False,EVENING,0.4,PEAK_17_22,"Evening demand can rise when EV charging, HVAC and household activities overlap.",Pool circulation or heating can add to household demand during this period.,stage5_frozen_selected_model,stage6a_frozen_ensemble,stage6b_deterministic_rules,real
2025-09-22T22:00:00+02:00,2025-09-19T23:00:00+02:00,72,71,M1_GBT_CAL_WEATHER,1.793051339943452,0.2975687496,0.708165398,4.3938537729,8.0470289794,3.7975427456000026,0.155,LOW,19.2,False,EVENING,0.28,STANDARD_22_24,Pool circulation or heating can add to household demand during this period.,,stage5_frozen_selected_model,stage6a_frozen_ensemble,stage6b_deterministic_rules,real
2025-09-22T23:00:00+02:00,2025-09-19T23:00:00+02:00,72,72,M1_GBT_CAL_WEATHER,1.1306070757743911,0.2967098219,0.610138631,3.7224829111999997,4.322751416949999,3.7975427456000026,0.095,LOW,18.8,False,NIGHT,0.28,STANDARD_22_24,"Demand is usually lower overnight, although base loads, HVAC, pool systems and EV charging may remain active.",,stage5_frozen_selected_model,stage6a_frozen_ensemble,stage6b_deterministic_rules,real
2025-09-23T00:00:00+02:00,2025-09-22T23:00:00+02:00,72,1,M1_GBT_CAL_WEATHER,1.748918927584841,0.2923441621,0.590276917,3.680115548,4.12251776905,4.509140465700005,0.01,LOW,18.5,False,NIGHT,0.18,OFF_PEAK_00_06,"Demand is usually lower overnight, although base loads, HVAC, pool systems and EV charging may remain active.",,stage5_frozen_selected_model,stage6a_frozen_ensemble,stage6b_deterministic_rules,real
2025-09-23T01:00:00+02:00,2025-09-22T23:00:00+02:00,72,2,M1_GBT_CAL_WEATHER,1.748918927584841,0.30043253940000003,0.607033322,3.8841896451999998,4.152460857,4.509140465700005,0.005,LOW,17.9,False,NIGHT,0.18,OFF_PEAK_00_06,"Demand is usually lower overnight, although base loads, HVAC, pool systems and EV charging may remain active.",,stage5_frozen_selected_model,stage6a_frozen_ensemble,stage6b_deterministic_rules,real
2025-09-23T02:00:00+02:00,2025-09-22T23:00:00+02:00,72,3,M1_GBT_CAL_WEATHER,1.748918927584841,0.30376903489999996,0.641391991,3.7884500906,4.16854333345,4.509140465700005,0.015,LOW,17.1,False,NIGHT,0.18,OFF_PEAK_00_06,"Demand is usually lower overnight, although base loads, HVAC, pool systems and EV charging may remain active.",,stage5_frozen_selected_model,stage6a_frozen_ensemble,stage6b_deterministic_rules,real
2025-09-23T03:00:00+02:00,2025-09-22T23:00:00+02:00,72,4,M1_GBT_CAL_WEATHER,1.748918927584841,0.30611217409999997,2.4172061905,3.9310911252,4.1487175413,4.509140465700005,0.015,LOW,16.6,False,NIGHT,0.18,OFF_PEAK_00_06,"Demand is usually lower overnight, although base loads, HVAC, pool systems and EV charging may remain active.",,stage5_frozen_selected_model,stage6a_frozen_ensemble,stage6b_deterministic_rules,real
2025-09-23T04:00:00+02:00,2025-09-22T23:00:00+02:00,72,5,M1_GBT_CAL_WEATHER,1.6130836596656797,0.31642009000000004,2.898812013,4.112689222099999,4.2723501629,4.509140465700005,0.015,LOW,15.9,False,NIGHT,0.18,OFF_PEAK_00_06,"Demand is usually lower overnight, although base loads, HVAC, pool systems and EV charging may remain active.",,stage5_frozen_selected_model,stage6a_frozen_ensemble,stage6b_deterministic_rules,real
2025-09-23T05:00:00+02:00,2025-09-22T23:00:00+02:00,72,6,M1_GBT_CAL_WEATHER,1.6130836596656797,0.3855622381,2.8140039985,4.082762067499999,4.234130886249999,4.509140465700005,0.015,LOW,15.7,False,NIGHT,0.18,OFF_PEAK_00_06,"Demand is usually lower overnight, although base loads, HVAC, pool systems and EV charging may remain active.",,stage5_frozen_selected_model,stage6a_frozen_ensemble,stage6b_deterministic_rules,real
2025-09-23T06:00:00+02:00,2025-09-22T23:00:00+02:00,72,7,M1_GBT_CAL_WEATHER,1.6130836596656797,1.3394099438,3.358314257,4.4423593481,4.671629790199999,4.509140465700005,0.075,LOW,15.6,False,NIGHT,0.28,STANDARD_06_17,Pool circulation or heating can add to household demand during this period.,"Demand is usually lower overnight, although base loads, HVAC, pool systems and EV charging may remain active.",stage5_frozen_selected_model,stage6a_frozen_ensemble,stage6b_deterministic_rules,real
2025-09-23T07:00:00+02:00,2025-09-22T23:00:00+02:00,72,8,M1_GBT_CAL_WEATHER,1.6130836596656797,1.1578827188999998,3.6484346555,5.147696239899999,5.656459278,4.509140465700005,0.205,MEDIUM,15.5,False,MORNING,0.28,STANDARD_06_17,Pool circulation or heating can add to household demand during this period.,,stage5_frozen_selected_model,stage6a_frozen_ensemble,stage6b_deterministic_rules,real
2025-09-23T08:00:00+02:00,2025-09-22T23:00:00+02:00,72,9,M1_GBT_CAL_WEATHER,1.6130836596656797,0.9595625238,3.4618208575000002,5.028867652299999,5.640539657099999,4.509140465700005,0.195,LOW,15.3,False,MORNING,0.28,STANDARD_06_17,Pool circulation or heating can add to household demand during this period.,,stage5_frozen_selected_model,stage6a_frozen_ensemble,stage6b_deterministic_rules,real
2025-09-23T09:00:00+02:00,2025-09-22T23:00:00+02:00,72,10,M1_GBT_CAL_WEATHER,1.748918927584841,0.24713764500000002,1.2554799460000001,4.508704949499999,4.935269911199999,4.509140465700005,0.1,LOW,16.5,False,DAYTIME,0.28,STANDARD_06_17,Pool circulation or heating can add to household demand during this period.,,stage5_frozen_selected_model,stage6a_frozen_ensemble,stage6b_deterministic_rules,real
2025-09-23T10:00:00+02:00,2025-09-22T23:00:00+02:00,72,11,M1_GBT_CAL_WEATHER,1.748918927584841,0.40462675220000016,1.129373111,4.7090015943,5.7480244140000005,4.509140465700005,0.11,LOW,17.7,False,DAYTIME,0.28,STANDARD_06_17,Pool circulation or heating can add to household demand during this period.,,stage5_frozen_selected_model,stage6a_frozen_ensemble,stage6b_deterministic_rules,real
2025-09-23T11:00:00+02:00,2025-09-22T23:00:00+02:00,72,12,M1_GBT_CAL_WEATHER,1.748918927584841,0.32525410440000013,1.3052987950000001,5.0768905338999994,6.252691634999985,4.509140465700005,0.18,LOW,18.4,False,DAYTIME,0.28,STANDARD_06_17,Pool circulation or heating can add to household demand during this period.,,stage5_frozen_selected_model,stage6a_frozen_ensemble,stage6b_deterministic_rules,real
2025-09-23T12:00:00+02:00,2025-09-22T23:00:00+02:00,72,13,M1_GBT_CAL_WEATHER,1.748918927584841,0.1833497889,1.382508704,4.8807403184,6.093346108799992,4.509140465700005,0.13,LOW,19.7,False,DAYTIME,0.28,STANDARD_06_17,Pool circulation or heating can add to household demand during this period.,,stage5_frozen_selected_model,stage6a_frozen_ensemble,stage6b_deterministic_rules,real
2025-09-23T13:00:00+02:00,2025-09-22T23:00:00+02:00,72,14,M1_GBT_CAL_WEATHER,1.7832579306724834,0.1546229381,0.8235225879999999,3.5977530863999996,4.603310475449998,4.509140465700005,0.055,LOW,20.1,False,DAYTIME,0.28,STANDARD_06_17,Pool circulation or heating can add to household demand during this period.,,stage5_frozen_selected_model,stage6a_frozen_ensemble,stage6b_deterministic_rules,real
2025-09-23T14:00:00+02:00,2025-09-22T23:00:00+02:00,72,15,M1_GBT_CAL_WEATHER,1.8140850985013026,0.14224709259999999,0.2192023585,2.9180126757999996,4.272566931099997,4.509140465700005,0.04,LOW,20.6,False,DAYTIME,0.28,STANDARD_06_17,Pool circulation or heating can add to household demand during this period.,,stage5_frozen_selected_model,stage6a_frozen_ensemble,stage6b_deterministic_rules,real
2025-09-23T15:00:00+02:00,2025-09-22T23:00:00+02:00,72,16,M1_GBT_CAL_WEATHER,2.2632182536862486,0.14959204280000002,0.4458233215,2.4126781915,3.3237008613499985,4.509140465700005,0.015,LOW,20.2,False,DAYTIME,0.28,STANDARD_06_17,Pool circulation or heating can add to household demand during this period.,,stage5_frozen_selected_model,stage6a_frozen_ensemble,stage6b_deterministic_rules,real
2025-09-23T16:00:00+02:00,2025-09-22T23:00:00+02:00,72,17,M1_GBT_CAL_WEATHER,3.109047488307193,0.1733421292,0.962046282,4.081659029199999,4.779102637099998,4.509140465700005,0.07,LOW,19.7,False,RETURN_RAMP,0.28,STANDARD_06_17,Pool circulation or heating can add to household demand during this period.,,stage5_frozen_selected_model,stage6a_frozen_ensemble,stage6b_deterministic_rules,real
2025-09-23T17:00:00+02:00,2025-09-22T23:00:00+02:00,72,18,M1_GBT_CAL_WEATHER,4.683442339071477,0.4771266301,2.129608984,9.293407200499999,11.8593615449,4.509140465700005,0.32,MEDIUM,18.4,False,RETURN_RAMP,0.4,PEAK_17_22,"Evening demand can rise when EV charging, HVAC and household activities overlap.",Pool circulation or heating can add to household demand during this period.,stage5_frozen_selected_model,stage6a_frozen_ensemble,stage6b_deterministic_rules,real
2025-09-23T18:00:00+02:00,2025-09-22T23:00:00+02:00,72,19,M1_GBT_CAL_WEATHER,6.692607443062861,0.7944306980000001,4.4865322435,12.3869431009,13.80209793439997,4.509140465700005,0.5,HIGH,18.1,False,RETURN_RAMP,0.4,PEAK_17_22,"This is a high-risk period because EV charging can coincide with HVAC, cooking and optional high-power loads such as the sauna.",Pool circulation or heating can add to household demand during this period.,stage5_frozen_selected_model,stage6a_frozen_ensemble,stage6b_deterministic_rules,real
2025-09-23T19:00:00+02:00,2025-09-22T23:00:00+02:00,72,20,M1_GBT_CAL_WEATHER,5.4572085459906114,0.38784443720000006,5.731880317,13.068834491199999,16.706832505149993,4.509140465700005,0.6,HIGH,17.0,False,EVENING,0.4,PEAK_17_22,"This is a high-risk period because EV charging can coincide with HVAC, cooking and optional high-power loads such as the sauna.",Pool circulation or heating can add to household demand during this period.,stage5_frozen_selected_model,stage6a_frozen_ensemble,stage6b_deterministic_rules,real
2025-09-23T20:00:00+02:00,2025-09-22T23:00:00+02:00,72,21,M1_GBT_CAL_WEATHER,5.254197662413478,0.30694144410000007,4.522175385000001,11.3789028894,13.529274330949997,4.509140465700005,0.5,HIGH,16.6,False,EVENING,0.4,PEAK_17_22,"This is a high-risk period because EV charging can coincide with HVAC, cooking and optional high-power loads such as the sauna.",Pool circulation or heating can add to household demand during this period.,stage5_frozen_selected_model,stage6a_frozen_ensemble,stage6b_deterministic_rules,real
2025-09-23T21:00:00+02:00,2025-09-22T23:00:00+02:00,72,22,M1_GBT_CAL_WEATHER,2.8529747478191987,0.5142097014,3.867176432,10.564663691,11.974352590699993,4.509140465700005,0.35,MEDIUM,16.7,False,EVENING,0.4,PEAK_17_22,"Evening demand can rise when EV charging, HVAC and household activities overlap.",Pool circulation or heating can add to household demand during this period.,stage5_frozen_selected_model,stage6a_frozen_ensemble,stage6b_deterministic_rules,real
2025-09-23T22:00:00+02:00,2025-09-22T23:00:00+02:00,72,23,M1_GBT_CAL_WEATHER,2.3250662151170793,0.4211773265,3.143792842,7.456560547699999,10.692099574999999,4.509140465700005,0.165,LOW,16.8,False,EVENING,0.28,STANDARD_22_24,Pool circulation or heating can add to household demand during this period.,,stage5_frozen_selected_model,stage6a_frozen_ensemble,stage6b_deterministic_rules,real
2025-09-23T23:00:00+02:00,2025-09-22T23:00:00+02:00,72,24,M1_GBT_CAL_WEATHER,1.8140850985013026,0.4117374095,2.7383191594999996,4.390217375999999,5.239765261049996,4.509140465700005,0.085,LOW,16.5,False,NIGHT,0.28,STANDARD_22_24,"Demand is usually lower overnight, although base loads, HVAC, pool systems and EV charging may remain active.",,stage5_frozen_selected_model,stage6a_frozen_ensemble,stage6b_deterministic_rules,real
2025-09-24T00:00:00+02:00,2025-09-22T23:00:00+02:00,72,25,M1_GBT_CAL_WEATHER,1.748918927584841,0.3383312409,2.374429193,4.0886712755,4.40754375395,4.509140465700005,0.04,LOW,16.1,False,NIGHT,0.18,OFF_PEAK_00_06,"Demand is usually lower overnight, although base loads, HVAC, pool systems and EV charging may remain active.",,stage5_frozen_selected_model,stage6a_frozen_ensemble,stage6b_deterministic_rules,real
2025-09-24T01:00:00+02:00,2025-09-22T23:00:00+02:00,72,26,M1_GBT_CAL_WEATHER,1.748918927584841,0.4324573036,2.9522256215000002,4.0903096206,4.283546124199999,4.509140465700005,0.02,LOW,15.9,False,NIGHT,0.18,OFF_PEAK_00_06,"Demand is usually lower overnight, although base loads, HVAC, pool systems and EV charging may remain active.",,stage5_frozen_selected_model,stage6a_frozen_ensemble,stage6b_deterministic_rules,real
2025-09-24T02:00:00+02:00,2025-09-22T23:00:00+02:00,72,27,M1_GBT_CAL_WEATHER,1.748918927584841,0.6359478271,3.1761114125,4.1381422607,4.3368497148,4.509140465700005,0.025,LOW,16.1,False,NIGHT,0.18,OFF_PEAK_00_06,"Demand is usually lower overnight, although base loads, HVAC, pool systems and EV charging may remain active.",,stage5_frozen_selected_model,stage6a_frozen_ensemble,stage6b_deterministic_rules,real
2025-09-24T03:00:00+02:00,2025-09-22T23:00:00+02:00,72,28,M1_GBT_CAL_WEATHER,1.748918927584841,0.4538926495,3.004305595,4.1698461379000005,4.3785995838,4.509140465700005,0.03,LOW,15.8,False,NIGHT,0.18,OFF_PEAK_00_06,"Demand is usually lower overnight, although base loads, HVAC, pool systems and EV charging may remain active.",,stage5_frozen_selected_model,stage6a_frozen_ensemble,stage6b_deterministic_rules,real
2025-09-24T04:00:00+02:00,2025-09-22T23:00:00+02:00,72,29,M1_GBT_CAL_WEATHER,1.748918927584841,0.4183099196,3.0671740925,4.1567411841,4.33936328265,4.509140465700005,0.025,LOW,15.3,False,NIGHT,0.18,OFF_PEAK_00_06,"Demand is usually lower overnight, although base loads, HVAC, pool systems and EV charging may remain active.",,stage5_frozen_selected_model,stage6a_frozen_ensemble,stage6b_deterministic_rules,real
2025-09-24T05:00:00+02:00,2025-09-22T23:00:00+02:00,72,30,M1_GBT_CAL_WEATHER,1.748918927584841,1.9784929629,3.1937978725,4.1691344236,4.340049317849999,4.509140465700005,0.025,LOW,14.8,False,NIGHT,0.18,OFF_PEAK_00_06,"Demand is usually lower overnight, although base loads, HVAC, pool systems and EV charging may remain active.",,stage5_frozen_selected_model,stage6a_frozen_ensemble,stage6b_deterministic_rules,real
2025-09-24T06:00:00+02:00,2025-09-22T23:00:00+02:00,72,31,M1_GBT_CAL_WEATHER,1.748918927584841,2.2762499178000004,3.3783489585,4.3848454184,4.816489354749998,4.509140465700005,0.085,LOW,14.8,False,NIGHT,0.28,STANDARD_06_17,Pool circulation or heating can add to household demand during this period.,"Demand is usually lower overnight, although base loads, HVAC, pool systems and EV charging may remain active.",stage5_frozen_selected_model,stage6a_frozen_ensemble,stage6b_deterministic_rules,real
2025-09-24T07:00:00+02:00,2025-09-22T23:00:00+02:00,72,32,M1_GBT_CAL_WEATHER,1.748918927584841,2.3758761134,3.8218615950000006,5.0201411168,5.355686389449991,4.509140465700005,0.225,MEDIUM,14.4,False,MORNING,0.28,STANDARD_06_17,Pool circulation or heating can add to household demand during this period.,,stage5_frozen_selected_model,stage6a_frozen_ensemble,stage6b_deterministic_rules,real
2025-09-24T08:00:00+02:00,2025-09-22T23:00:00+02:00,72,33,M1_GBT_CAL_WEATHER,1.748918927584841,2.4170967221,3.7386185325000003,5.3323770189,5.921250092199998,4.509140465700005,0.215,MEDIUM,14.2,False,MORNING,0.28,STANDARD_06_17,Pool circulation or heating can add to household demand during this period.,,stage5_frozen_selected_model,stage6a_frozen_ensemble,stage6b_deterministic_rules,real
2025-09-24T09:00:00+02:00,2025-09-22T23:00:00+02:00,72,34,M1_GBT_CAL_WEATHER,1.748918927584841,0.2143331685,1.1996077365,4.3438503426,4.897852332449999,4.509140465700005,0.08,LOW,14.9,False,DAYTIME,0.28,STANDARD_06_17,Pool circulation or heating can add to household demand during this period.,,stage5_frozen_selected_model,stage6a_frozen_ensemble,stage6b_deterministic_rules,real
2025-09-24T10:00:00+02:00,2025-09-22T23:00:00+02:00,72,35,M1_GBT_CAL_WEATHER,1.748918927584841,0.8080375646,2.9661341625,4.9571513616,5.528650682949992,4.509140465700005,0.17,LOW,15.9,False,DAYTIME,0.28,STANDARD_06_17,Pool circulation or heating can add to household demand during this period.,,stage5_frozen_selected_model,stage6a_frozen_ensemble,stage6b_deterministic_rules,real
2025-09-24T11:00:00+02:00,2025-09-22T23:00:00+02:00,72,36,M1_GBT_CAL_WEATHER,1.748918927584841,1.2154492984,3.5850222885000003,5.1618788968,6.378090135999998,4.509140465700005,0.245,MEDIUM,16.8,False,DAYTIME,0.28,STANDARD_06_17,Pool circulation or heating can add to household demand during this period.,,stage5_frozen_selected_model,stage6a_frozen_ensemble,stage6b_deterministic_rules,real
2025-09-24T12:00:00+02:00,2025-09-22T23:00:00+02:00,72,37,M1_GBT_CAL_WEATHER,1.748918927584841,0.20274834590000002,2.6842758985,4.831329698899999,6.018731604549998,4.509140465700005,0.155,LOW,18.1,False,DAYTIME,0.28,STANDARD_06_17,Pool circulation or heating can add to household demand during this period.,,stage5_frozen_selected_model,stage6a_frozen_ensemble,stage6b_deterministic_rules,real
2025-09-24T13:00:00+02:00,2025-09-22T23:00:00+02:00,72,38,M1_GBT_CAL_WEATHER,1.7832579306724834,0.15213953970000002,0.874281907,3.5720480193,4.2534427375499995,4.509140465700005,0.025,LOW,19.1,False,DAYTIME,0.28,STANDARD_06_17,Pool circulation or heating can add to household demand during this period.,,stage5_frozen_selected_model,stage6a_frozen_ensemble,stage6b_deterministic_rules,real
2025-09-24T14:00:00+02:00,2025-09-22T23:00:00+02:00,72,39,M1_GBT_CAL_WEATHER,1.8140850985013026,0.1414765639,0.507707006,3.6406765455,4.231687321999998,4.509140465700005,0.04,LOW,20.0,False,DAYTIME,0.28,STANDARD_06_17,Pool circulation or heating can add to household demand during this period.,,stage5_frozen_selected_model,stage6a_frozen_ensemble,stage6b_deterministic_rules,real
2025-09-24T15:00:00+02:00,2025-09-22T23:00:00+02:00,72,40,M1_GBT_CAL_WEATHER,2.2632182536862486,0.1401669118,0.3753352195,2.333739950899999,3.6784075847499995,4.509140465700005,0.025,LOW,20.4,False,DAYTIME,0.28,STANDARD_06_17,Pool circulation or heating can add to household demand during this period.,,stage5_frozen_selected_model,stage6a_frozen_ensemble,stage6b_deterministic_rules,real
2025-09-24T16:00:00+02:00,2025-09-22T23:00:00+02:00,72,41,M1_GBT_CAL_WEATHER,3.109047488307193,0.15430170999999998,0.857936767,3.3924418520999997,4.814180784199997,4.509140465700005,0.06,LOW,20.7,False,RETURN_RAMP,0.28,STANDARD_06_17,Pool circulation or heating can add to household demand during this period.,,stage5_frozen_selected_model,stage6a_frozen_ensemble,stage6b_deterministic_rules,real
2025-09-24T17:00:00+02:00,2025-09-22T23:00:00+02:00,72,42,M1_GBT_CAL_WEATHER,5.184411216412185,0.3936559155,1.3430944040000001,7.9430877054,9.583831535899998,4.509140465700005,0.275,MEDIUM,20.3,False,RETURN_RAMP,0.4,PEAK_17_22,"Evening demand can rise when EV charging, HVAC and household activities overlap.",Pool circulation or heating can add to household demand during this period.,stage5_frozen_selected_model,stage6a_frozen_ensemble,stage6b_deterministic_rules,real
2025-09-24T18:00:00+02:00,2025-09-22T23:00:00+02:00,72,43,M1_GBT_CAL_WEATHER,6.692607443062861,0.6867673301000001,4.352574645000001,11.9225478694,14.625933745649995,4.509140465700005,0.495,HIGH,19.8,False,RETURN_RAMP,0.4,PEAK_17_22,"This is a high-risk period because EV charging can coincide with HVAC, cooking and optional high-power loads such as the sauna.",Pool circulation or heating can add to household demand during this period.,stage5_frozen_selected_model,stage6a_frozen_ensemble,stage6b_deterministic_rules,real
2025-09-24T19:00:00+02:00,2025-09-22T23:00:00+02:00,72,44,M1_GBT_CAL_WEATHER,6.692607443062861,0.4107281888000001,6.187371917,12.421667991499994,15.01779750219999,4.509140465700005,0.565,HIGH,19.3,False,EVENING,0.4,PEAK_17_22,"This is a high-risk period because EV charging can coincide with HVAC, cooking and optional high-power loads such as the sauna.",Pool circulation or heating can add to household demand during this period.,stage5_frozen_selected_model,stage6a_frozen_ensemble,stage6b_deterministic_rules,real
2025-09-24T20:00:00+02:00,2025-09-22T23:00:00+02:00,72,45,M1_GBT_CAL_WEATHER,5.254197662413478,0.2558011637,3.6400310605,10.3471480832,11.83254061484998,4.509140465700005,0.41,HIGH,18.4,False,EVENING,0.4,PEAK_17_22,"This is a high-risk period because EV charging can coincide with HVAC, cooking and optional high-power loads such as the sauna.",Pool circulation or heating can add to household demand during this period.,stage5_frozen_selected_model,stage6a_frozen_ensemble,stage6b_deterministic_rules,real
2025-09-24T21:00:00+02:00,2025-09-22T23:00:00+02:00,72,46,M1_GBT_CAL_WEATHER,3.2406818957393178,0.5380228314,3.252746319,9.573484301999997,10.992521505649997,4.509140465700005,0.31,MEDIUM,17.7,False,EVENING,0.4,PEAK_17_22,"Evening demand can rise when EV charging, HVAC and household activities overlap.",Pool circulation or heating can add to household demand during this period.,stage5_frozen_selected_model,stage6a_frozen_ensemble,stage6b_deterministic_rules,real
2025-09-24T22:00:00+02:00,2025-09-22T23:00:00+02:00,72,47,M1_GBT_CAL_WEATHER,2.3250662151170793,0.4268160095,3.113872896,8.0076099392,10.193295142499998,4.509140465700005,0.175,LOW,17.3,False,EVENING,0.28,STANDARD_22_24,Pool circulation or heating can add to household demand during this period.,,stage5_frozen_selected_model,stage6a_frozen_ensemble,stage6b_deterministic_rules,real
2025-09-24T23:00:00+02:00,2025-09-22T23:00:00+02:00,72,48,M1_GBT_CAL_WEATHER,1.8140850985013026,0.353623207,2.9450579484999997,4.2980295619,4.791036468699997,4.509140465700005,0.08,LOW,16.8,False,NIGHT,0.28,STANDARD_22_24,"Demand is usually lower overnight, although base loads, HVAC, pool systems and EV charging may remain active.",,stage5_frozen_selected_model,stage6a_frozen_ensemble,stage6b_deterministic_rules,real
2025-09-25T00:00:00+02:00,2025-09-22T23:00:00+02:00,72,49,M1_GBT_CAL_WEATHER,1.748918927584841,0.3332252652,2.041970172,3.9029480774999996,4.167703194399999,4.509140465700005,0.025,LOW,17.3,False,NIGHT,0.18,OFF_PEAK_00_06,"Demand is usually lower overnight, although base loads, HVAC, pool systems and EV charging may remain active.",,stage5_frozen_selected_model,stage6a_frozen_ensemble,stage6b_deterministic_rules,real
2025-09-25T01:00:00+02:00,2025-09-22T23:00:00+02:00,72,50,M1_GBT_CAL_WEATHER,1.748918927584841,0.34590259289999997,0.6624944735,3.8970688836,4.1371648734,4.509140465700005,0.005,LOW,16.9,False,NIGHT,0.18,OFF_PEAK_00_06,"Demand is usually lower overnight, although base loads, HVAC, pool systems and EV charging may remain active.",,stage5_frozen_selected_model,stage6a_frozen_ensemble,stage6b_deterministic_rules,real
2025-09-25T02:00:00+02:00,2025-09-22T23:00:00+02:00,72,51,M1_GBT_CAL_WEATHER,1.748918927584841,0.3949810899,2.7150721675000002,4.053949064299999,4.213080048899999,4.509140465700005,0.02,LOW,16.9,False,NIGHT,0.18,OFF_PEAK_00_06,"Demand is usually lower overnight, although base loads, HVAC, pool systems and EV charging may remain active.",,stage5_frozen_selected_model,stage6a_frozen_ensemble,stage6b_deterministic_rules,real
2025-09-25T03:00:00+02:00,2025-09-22T23:00:00+02:00,72,52,M1_GBT_CAL_WEATHER,1.748918927584841,0.3450097147,2.690299521,3.9948056140999997,4.17021926445,4.509140465700005,0.015,LOW,17.0,False,NIGHT,0.18,OFF_PEAK_00_06,"Demand is usually lower overnight, although base loads, HVAC, pool systems and EV charging may remain active.",,stage5_frozen_selected_model,stage6a_frozen_ensemble,stage6b_deterministic_rules,real
2025-09-25T04:00:00+02:00,2025-09-22T23:00:00+02:00,72,53,M1_GBT_CAL_WEATHER,1.748918927584841,0.3551858009,2.3213731109999998,4.0340610731,4.2325755025,4.509140465700005,0.005,LOW,16.8,False,NIGHT,0.18,OFF_PEAK_00_06,"Demand is usually lower overnight, although base loads, HVAC, pool systems and EV charging may remain active.",,stage5_frozen_selected_model,stage6a_frozen_ensemble,stage6b_deterministic_rules,real
2025-09-25T05:00:00+02:00,2025-09-22T23:00:00+02:00,72,54,M1_GBT_CAL_WEATHER,1.748918927584841,0.3714412141,2.184664918,3.9892141128,4.216322881499999,4.509140465700005,0.015,LOW,16.2,False,NIGHT,0.18,OFF_PEAK_00_06,"Demand is usually lower overnight, although base loads, HVAC, pool systems and EV charging may remain active.",,stage5_frozen_selected_model,stage6a_frozen_ensemble,stage6b_deterministic_rules,real
2025-09-25T06:00:00+02:00,2025-09-22T23:00:00+02:00,72,55,M1_GBT_CAL_WEATHER,1.6130836596656797,0.5526936378,3.158845568,4.2342972719,4.4486885496,4.509140465700005,0.04,LOW,15.8,False,NIGHT,0.28,STANDARD_06_17,Pool circulation or heating can add to household demand during this period.,"Demand is usually lower overnight, although base loads, HVAC, pool systems and EV charging may remain active.",stage5_frozen_selected_model,stage6a_frozen_ensemble,stage6b_deterministic_rules,real
2025-09-25T07:00:00+02:00,2025-09-22T23:00:00+02:00,72,56,M1_GBT_CAL_WEATHER,1.6130836596656797,2.290777044,3.679648928,5.0601742889,5.62991610765,4.509140465700005,0.185,LOW,15.5,False,MORNING,0.28,STANDARD_06_17,Pool circulation or heating can add to household demand during this period.,,stage5_frozen_selected_model,stage6a_frozen_ensemble,stage6b_deterministic_rules,real
2025-09-25T08:00:00+02:00,2025-09-22T23:00:00+02:00,72,57,M1_GBT_CAL_WEATHER,1.6130836596656797,2.0536885089999997,3.5377145939999997,4.8849886176,5.466700516249992,4.509140465700005,0.14,LOW,15.5,False,MORNING,0.28,STANDARD_06_17,Pool circulation or heating can add to household demand during this period.,,stage5_frozen_selected_model,stage6a_frozen_ensemble,stage6b_deterministic_rules,real
2025-09-25T09:00:00+02:00,2025-09-22T23:00:00+02:00,72,58,M1_GBT_CAL_WEATHER,1.748918927584841,0.2143552686,1.166820747,4.390804684399999,4.91750304505,4.509140465700005,0.085,LOW,16.4,False,DAYTIME,0.28,STANDARD_06_17,Pool circulation or heating can add to household demand during this period.,,stage5_frozen_selected_model,stage6a_frozen_ensemble,stage6b_deterministic_rules,real
2025-09-25T10:00:00+02:00,2025-09-22T23:00:00+02:00,72,59,M1_GBT_CAL_WEATHER,1.748918927584841,0.24655215790000004,1.1830810475,4.4811698951,5.897877582599998,4.509140465700005,0.095,LOW,17.7,False,DAYTIME,0.28,STANDARD_06_17,Pool circulation or heating can add to household demand during this period.,,stage5_frozen_selected_model,stage6a_frozen_ensemble,stage6b_deterministic_rules,real
2025-09-25T11:00:00+02:00,2025-09-22T23:00:00+02:00,72,60,M1_GBT_CAL_WEATHER,1.748918927584841,0.40316649710000013,1.249597643,4.7829241812,5.683643179199998,4.509140465700005,0.125,LOW,18.5,False,DAYTIME,0.28,STANDARD_06_17,Pool circulation or heating can add to household demand during this period.,,stage5_frozen_selected_model,stage6a_frozen_ensemble,stage6b_deterministic_rules,real
2025-09-25T12:00:00+02:00,2025-09-22T23:00:00+02:00,72,61,M1_GBT_CAL_WEATHER,1.748918927584841,0.1957908721,1.2318924459999998,4.5363262815,5.065100541649999,4.509140465700005,0.11,LOW,19.0,False,DAYTIME,0.28,STANDARD_06_17,Pool circulation or heating can add to household demand during this period.,,stage5_frozen_selected_model,stage6a_frozen_ensemble,stage6b_deterministic_rules,real
2025-09-25T13:00:00+02:00,2025-09-22T23:00:00+02:00,72,62,M1_GBT_CAL_WEATHER,1.7832579306724834,0.1585414368,1.050673776,3.7400903627,4.4544238180999995,4.509140465700005,0.045,LOW,19.1,False,DAYTIME,0.28,STANDARD_06_17,Pool circulation or heating can add to household demand during this period.,,stage5_frozen_selected_model,stage6a_frozen_ensemble,stage6b_deterministic_rules,real
2025-09-25T14:00:00+02:00,2025-09-22T23:00:00+02:00,72,63,M1_GBT_CAL_WEATHER,1.8140850985013026,0.1459606575,0.7916743129999999,4.111029847,4.782742463649997,4.509140465700005,0.065,LOW,19.2,False,DAYTIME,0.28,STANDARD_06_17,Pool circulation or heating can add to household demand during this period.,,stage5_frozen_selected_model,stage6a_frozen_ensemble,stage6b_deterministic_rules,real
2025-09-25T15:00:00+02:00,2025-09-22T23:00:00+02:00,72,64,M1_GBT_CAL_WEATHER,2.2632182536862486,0.1514944454,0.8064554885,3.737348139399999,4.533272740199999,4.509140465700005,0.06,LOW,19.3,False,DAYTIME,0.28,STANDARD_06_17,Pool circulation or heating can add to household demand during this period.,,stage5_frozen_selected_model,stage6a_frozen_ensemble,stage6b_deterministic_rules,real
2025-09-25T16:00:00+02:00,2025-09-22T23:00:00+02:00,72,65,M1_GBT_CAL_WEATHER,2.783188301817905,0.1708440712,1.1590962635,4.4648707439,5.703968071299995,4.509140465700005,0.09,LOW,19.2,False,RETURN_RAMP,0.28,STANDARD_06_17,Pool circulation or heating can add to household demand during this period.,,stage5_frozen_selected_model,stage6a_frozen_ensemble,stage6b_deterministic_rules,real
2025-09-25T17:00:00+02:00,2025-09-22T23:00:00+02:00,72,66,M1_GBT_CAL_WEATHER,5.184411216412185,0.6181512364,3.4325313619999998,10.457170034299999,11.994493353849993,4.509140465700005,0.315,MEDIUM,18.9,False,RETURN_RAMP,0.4,PEAK_17_22,"Evening demand can rise when EV charging, HVAC and household activities overlap.",Pool circulation or heating can add to household demand during this period.,stage5_frozen_selected_model,stage6a_frozen_ensemble,stage6b_deterministic_rules,real
2025-09-25T18:00:00+02:00,2025-09-22T23:00:00+02:00,72,67,M1_GBT_CAL_WEATHER,6.692607443062861,0.7436560921,4.6251520495000005,11.4538468274,14.364845950699992,4.509140465700005,0.51,HIGH,18.7,False,RETURN_RAMP,0.4,PEAK_17_22,"This is a high-risk period because EV charging can coincide with HVAC, cooking and optional high-power loads such as the sauna.",Pool circulation or heating can add to household demand during this period.,stage5_frozen_selected_model,stage6a_frozen_ensemble,stage6b_deterministic_rules,real
2025-09-25T19:00:00+02:00,2025-09-22T23:00:00+02:00,72,68,M1_GBT_CAL_WEATHER,6.692607443062861,0.41640333540000013,5.0702605625,12.3315017765,13.833059851949997,4.509140465700005,0.575,HIGH,18.4,False,EVENING,0.4,PEAK_17_22,"This is a high-risk period because EV charging can coincide with HVAC, cooking and optional high-power loads such as the sauna.",Pool circulation or heating can add to household demand during this period.,stage5_frozen_selected_model,stage6a_frozen_ensemble,stage6b_deterministic_rules,real
2025-09-25T20:00:00+02:00,2025-09-22T23:00:00+02:00,72,69,M1_GBT_CAL_WEATHER,5.254197662413478,0.2226760346,3.7438156499999997,11.063832673499999,12.8148529697,4.509140465700005,0.44,HIGH,18.4,False,EVENING,0.4,PEAK_17_22,"This is a high-risk period because EV charging can coincide with HVAC, cooking and optional high-power loads such as the sauna.",Pool circulation or heating can add to household demand during this period.,stage5_frozen_selected_model,stage6a_frozen_ensemble,stage6b_deterministic_rules,real
2025-09-25T21:00:00+02:00,2025-09-22T23:00:00+02:00,72,70,M1_GBT_CAL_WEATHER,2.7854246689868303,0.47044828240000003,2.5809046095,9.6967012658,11.321236315199995,4.509140465700005,0.3,MEDIUM,18.2,False,EVENING,0.4,PEAK_17_22,"Evening demand can rise when EV charging, HVAC and household activities overlap.",Pool circulation or heating can add to household demand during this period.,stage5_frozen_selected_model,stage6a_frozen_ensemble,stage6b_deterministic_rules,real
2025-09-25T22:00:00+02:00,2025-09-22T23:00:00+02:00,72,71,M1_GBT_CAL_WEATHER,2.3250662151170793,0.3861854858,1.5885141214999998,6.557274218699998,8.427305437199998,4.509140465700005,0.14,LOW,18.3,False,EVENING,0.28,STANDARD_22_24,Pool circulation or heating can add to household demand during this period.,,stage5_frozen_selected_model,stage6a_frozen_ensemble,stage6b_deterministic_rules,real
2025-09-25T23:00:00+02:00,2025-09-22T23:00:00+02:00,72,72,M1_GBT_CAL_WEATHER,1.8140850985013026,0.3797871026,0.9952209245,4.1636581096,4.653898399549998,4.509140465700005,0.075,LOW,17.6,False,NIGHT,0.28,STANDARD_22_24,"Demand is usually lower overnight, although base loads, HVAC, pool systems and EV charging may remain active.",,stage5_frozen_selected_model,stage6a_frozen_ensemble,stage6b_deterministic_rules,real
2025-09-26T00:00:00+02:00,2025-09-25T23:00:00+02:00,72,1,M1_GBT_CAL_WEATHER,1.6709560151934642,0.3319768455,2.1932124170000002,4.0803003987,4.21847399455,4.728316851300005,0.005,LOW,17.6,False,NIGHT,0.18,OFF_PEAK_00_06,"Demand is usually lower overnight, although base loads, HVAC, pool systems and EV charging may remain active.",,stage5_frozen_selected_model,stage6a_frozen_ensemble,stage6b_deterministic_rules,real
2025-09-26T01:00:00+02:00,2025-09-25T23:00:00+02:00,72,2,M1_GBT_CAL_WEATHER,1.6709560151934642,0.335023861,2.2689557574999997,3.9855119859999997,4.21140143605,4.728316851300005,0.0,LOW,17.4,False,NIGHT,0.18,OFF_PEAK_00_06,"Demand is usually lower overnight, although base loads, HVAC, pool systems and EV charging may remain active.",,stage5_frozen_selected_model,stage6a_frozen_ensemble,stage6b_deterministic_rules,real
2025-09-26T02:00:00+02:00,2025-09-25T23:00:00+02:00,72,3,M1_GBT_CAL_WEATHER,1.6709560151934642,0.3451818995,2.3431848935,4.0138645736,4.213080048899999,4.728316851300005,0.005,LOW,17.4,False,NIGHT,0.18,OFF_PEAK_00_06,"Demand is usually lower overnight, although base loads, HVAC, pool systems and EV charging may remain active.",,stage5_frozen_selected_model,stage6a_frozen_ensemble,stage6b_deterministic_rules,real
2025-09-26T03:00:00+02:00,2025-09-25T23:00:00+02:00,72,4,M1_GBT_CAL_WEATHER,1.6709560151934642,0.37420622610000004,2.294644718,4.0811631767,4.195249039499999,4.728316851300005,0.005,LOW,17.2,False,NIGHT,0.18,OFF_PEAK_00_06,"Demand is usually lower overnight, although base loads, HVAC, pool systems and EV charging may remain active.",,stage5_frozen_selected_model,stage6a_frozen_ensemble,stage6b_deterministic_rules,real
2025-09-26T04:00:00+02:00,2025-09-25T23:00:00+02:00,72,5,M1_GBT_CAL_WEATHER,1.6709560151934642,0.3969274438,2.455410464,3.9753533236,4.1729909023,4.728316851300005,0.01,LOW,16.9,False,NIGHT,0.18,OFF_PEAK_00_06,"Demand is usually lower overnight, although base loads, HVAC, pool systems and EV charging may remain active.",,stage5_frozen_selected_model,stage6a_frozen_ensemble,stage6b_deterministic_rules,real
2025-09-26T05:00:00+02:00,2025-09-25T23:00:00+02:00,72,6,M1_GBT_CAL_WEATHER,1.6709560151934642,0.3696936024,2.6578341744999996,4.0568182537,4.340049317849999,4.728316851300005,0.01,LOW,16.5,False,NIGHT,0.18,OFF_PEAK_00_06,"Demand is usually lower overnight, although base loads, HVAC, pool systems and EV charging may remain active.",,stage5_frozen_selected_model,stage6a_frozen_ensemble,stage6b_deterministic_rules,real
2025-09-26T06:00:00+02:00,2025-09-25T23:00:00+02:00,72,7,M1_GBT_CAL_WEATHER,1.6709560151934642,0.483489614,3.0537357475,4.3945420596,4.635639634999999,4.728316851300005,0.035,LOW,16.1,False,NIGHT,0.28,STANDARD_06_17,Pool circulation or heating can add to household demand during this period.,"Demand is usually lower overnight, although base loads, HVAC, pool systems and EV charging may remain active.",stage5_frozen_selected_model,stage6a_frozen_ensemble,stage6b_deterministic_rules,real
2025-09-26T07:00:00+02:00,2025-09-25T23:00:00+02:00,72,8,M1_GBT_CAL_WEATHER,1.6709560151934642,0.9930196025,3.566564766,5.2529286795,5.4717119684,4.728316851300005,0.125,LOW,16.3,False,MORNING,0.28,STANDARD_06_17,Pool circulation or heating can add to household demand during this period.,,stage5_frozen_selected_model,stage6a_frozen_ensemble,stage6b_deterministic_rules,real
2025-09-26T08:00:00+02:00,2025-09-25T23:00:00+02:00,72,9,M1_GBT_CAL_WEATHER,1.6709560151934642,0.2780456310000001,3.1765816664999997,4.825483557499999,5.6486807838999935,4.728316851300005,0.115,LOW,16.9,False,MORNING,0.28,STANDARD_06_17,Pool circulation or heating can add to household demand during this period.,,stage5_frozen_selected_model,stage6a_frozen_ensemble,stage6b_deterministic_rules,real
2025-09-26T09:00:00+02:00,2025-09-25T23:00:00+02:00,72,10,M1_GBT_CAL_WEATHER,1.6709560151934642,0.1897904531,1.102240327,4.2580572137,4.887561906349999,4.728316851300005,0.06,LOW,17.3,False,DAYTIME,0.28,STANDARD_06_17,Pool circulation or heating can add to household demand during this period.,,stage5_frozen_selected_model,stage6a_frozen_ensemble,stage6b_deterministic_rules,real
2025-09-26T10:00:00+02:00,2025-09-25T23:00:00+02:00,72,11,M1_GBT_CAL_WEATHER,1.6709560151934642,0.2758000102,1.106533513,4.3528724595,4.9576991461499995,4.728316851300005,0.065,LOW,18.6,False,DAYTIME,0.28,STANDARD_06_17,Pool circulation or heating can add to household demand during this period.,,stage5_frozen_selected_model,stage6a_frozen_ensemble,stage6b_deterministic_rules,real
2025-09-26T11:00:00+02:00,2025-09-25T23:00:00+02:00,72,12,M1_GBT_CAL_WEATHER,1.3721625809608509,0.2267085415,1.1049933264999998,4.2735358303,4.6105332280499995,4.728316851300005,0.04,LOW,19.9,False,DAYTIME,0.28,STANDARD_06_17,Pool circulation or heating can add to household demand during this period.,,stage5_frozen_selected_model,stage6a_frozen_ensemble,stage6b_deterministic_rules,real
2025-09-26T12:00:00+02:00,2025-09-25T23:00:00+02:00,72,13,M1_GBT_CAL_WEATHER,1.3721625809608509,0.17121728690000002,0.9533316995000001,3.520321231099999,4.545222542999999,4.728316851300005,0.035,LOW,21.2,False,DAYTIME,0.28,STANDARD_06_17,Pool circulation or heating can add to household demand during this period.,,stage5_frozen_selected_model,stage6a_frozen_ensemble,stage6b_deterministic_rules,real
2025-09-26T13:00:00+02:00,2025-09-25T23:00:00+02:00,72,14,M1_GBT_CAL_WEATHER,1.3721625809608509,0.15419339140000002,0.797574518,2.905538514099999,3.801206619549999,4.728316851300005,0.02,LOW,21.3,False,DAYTIME,0.28,STANDARD_06_17,Pool circulation or heating can add to household demand during this period.,,stage5_frozen_selected_model,stage6a_frozen_ensemble,stage6b_deterministic_rules,real
2025-09-26T14:00:00+02:00,2025-09-25T23:00:00+02:00,72,15,M1_GBT_CAL_WEATHER,1.403778836164789,0.1421739645,0.21803117,2.855899828899999,3.9563957718499987,4.728316851300005,0.02,LOW,21.8,False,DAYTIME,0.28,STANDARD_06_17,Pool circulation or heating can add to household demand during this period.,,stage5_frozen_selected_model,stage6a_frozen_ensemble,stage6b_deterministic_rules,real
2025-09-26T15:00:00+02:00,2025-09-25T23:00:00+02:00,72,16,M1_GBT_CAL_WEATHER,1.8764244470960891,0.1455336367,0.7131562124999999,1.3538765504999999,2.4051959363499935,4.728316851300005,0.01,LOW,21.9,False,DAYTIME,0.28,STANDARD_06_17,Pool circulation or heating can add to household demand during this period.,,stage5_frozen_selected_model,stage6a_frozen_ensemble,stage6b_deterministic_rules,real
2025-09-26T16:00:00+02:00,2025-09-25T23:00:00+02:00,72,17,M1_GBT_CAL_WEATHER,2.4613244373566596,0.1640153491,0.9925840180000001,3.0688703279999996,4.73074614785,4.728316851300005,0.055,LOW,22.1,False,RETURN_RAMP,0.28,STANDARD_06_17,Pool circulation or heating can add to household demand during this period.,,stage5_frozen_selected_model,stage6a_frozen_ensemble,stage6b_deterministic_rules,real
2025-09-26T17:00:00+02:00,2025-09-25T23:00:00+02:00,72,18,M1_GBT_CAL_WEATHER,4.230424609570301,0.273111951,1.245520457,8.134889485799999,8.619728405550001,4.728316851300005,0.3,MEDIUM,22.2,False,RETURN_RAMP,0.4,PEAK_17_22,"Evening demand can rise when EV charging, HVAC and household activities overlap.",Pool circulation or heating can add to household demand during this period.,stage5_frozen_selected_model,stage6a_frozen_ensemble,stage6b_deterministic_rules,real
2025-09-26T18:00:00+02:00,2025-09-25T23:00:00+02:00,72,19,M1_GBT_CAL_WEATHER,5.854815183004974,0.20691753540000002,2.9106322679999996,11.221584848599997,13.541547519999986,4.728316851300005,0.43,HIGH,22.0,False,RETURN_RAMP,0.4,PEAK_17_22,"This is a high-risk period because EV charging can coincide with HVAC, cooking and optional high-power loads such as the sauna.",Pool circulation or heating can add to household demand during this period.,stage5_frozen_selected_model,stage6a_frozen_ensemble,stage6b_deterministic_rules,real
2025-09-26T19:00:00+02:00,2025-09-25T23:00:00+02:00,72,20,M1_GBT_CAL_WEATHER,5.854815183004974,0.20713085450000002,3.596965181,11.2840281577,13.849985575099993,4.728316851300005,0.46,HIGH,21.4,False,EVENING,0.4,PEAK_17_22,"This is a high-risk period because EV charging can coincide with HVAC, cooking and optional high-power loads such as the sauna.",Pool circulation or heating can add to household demand during this period.,stage5_frozen_selected_model,stage6a_frozen_ensemble,stage6b_deterministic_rules,real
2025-09-26T20:00:00+02:00,2025-09-25T23:00:00+02:00,72,21,M1_GBT_CAL_WEATHER,4.614035102992004,0.2043565592,2.0681043785,9.115947081,11.492684185299998,4.728316851300005,0.335,MEDIUM,19.6,False,EVENING,0.4,PEAK_17_22,"Evening demand can rise when EV charging, HVAC and household activities overlap.",Pool circulation or heating can add to household demand during this period.,stage5_frozen_selected_model,stage6a_frozen_ensemble,stage6b_deterministic_rules,real
2025-09-26T21:00:00+02:00,2025-09-25T23:00:00+02:00,72,22,M1_GBT_CAL_WEATHER,2.844934930778363,0.36611363599999996,1.1857504535,8.0781822931,9.548041310899997,4.728316851300005,0.205,MEDIUM,19.0,False,EVENING,0.4,PEAK_17_22,"Evening demand can rise when EV charging, HVAC and household activities overlap.",Pool circulation or heating can add to household demand during this period.,stage5_frozen_selected_model,stage6a_frozen_ensemble,stage6b_deterministic_rules,real
2025-09-26T22:00:00+02:00,2025-09-25T23:00:00+02:00,72,23,M1_GBT_CAL_WEATHER,2.3480988100403444,0.3408834981,1.122444188,4.501836457399998,6.861055610299993,4.728316851300005,0.1,LOW,17.8,False,EVENING,0.28,STANDARD_22_24,Pool circulation or heating can add to household demand during this period.,,stage5_frozen_selected_model,stage6a_frozen_ensemble,stage6b_deterministic_rules,real
2025-09-26T23:00:00+02:00,2025-09-25T23:00:00+02:00,72,24,M1_GBT_CAL_WEATHER,1.6139723512241007,0.3244673788,2.277511633,4.232968690799999,4.468836076049999,4.728316851300005,0.03,LOW,17.3,False,NIGHT,0.28,STANDARD_22_24,"Demand is usually lower overnight, although base loads, HVAC, pool systems and EV charging may remain active.",,stage5_frozen_selected_model,stage6a_frozen_ensemble,stage6b_deterministic_rules,real
2025-09-27T00:00:00+02:00,2025-09-25T23:00:00+02:00,72,25,M1_GBT_CAL_WEATHER,1.5823560960201626,0.31994505349999997,2.162656512,3.9009290109999997,4.193245123899999,4.728316851300005,0.005,LOW,17.1,True,NIGHT,0.18,OFF_PEAK_00_06,"Demand is usually lower overnight, although base loads, HVAC, pool systems and EV charging may remain active.",,stage5_frozen_selected_model,stage6a_frozen_ensemble,stage6b_deterministic_rules,real
2025-09-27T01:00:00+02:00,2025-09-25T23:00:00+02:00,72,26,M1_GBT_CAL_WEATHER,1.5823560960201626,0.3333982646,2.413221809,3.9714779526,4.19181683535,4.728316851300005,0.0,LOW,16.5,True,NIGHT,0.18,OFF_PEAK_00_06,"Demand is usually lower overnight, although base loads, HVAC, pool systems and EV charging may remain active.",,stage5_frozen_selected_model,stage6a_frozen_ensemble,stage6b_deterministic_rules,real
2025-09-27T02:00:00+02:00,2025-09-25T23:00:00+02:00,72,27,M1_GBT_CAL_WEATHER,1.6709560151934642,0.3361078252,2.8109117445,4.056874500999999,4.253249380049999,4.728316851300005,0.0,LOW,16.4,True,NIGHT,0.18,OFF_PEAK_00_06,"Demand is usually lower overnight, although base loads, HVAC, pool systems and EV charging may remain active.",,stage5_frozen_selected_model,stage6a_frozen_ensemble,stage6b_deterministic_rules,real
2025-09-27T03:00:00+02:00,2025-09-25T23:00:00+02:00,72,28,M1_GBT_CAL_WEATHER,1.6709560151934642,0.36700703250000005,2.7163256345000004,4.0811631767,4.2317130441,4.728316851300005,0.0,LOW,16.6,True,NIGHT,0.18,OFF_PEAK_00_06,"Demand is usually lower overnight, although base loads, HVAC, pool systems and EV charging may remain active.",,stage5_frozen_selected_model,stage6a_frozen_ensemble,stage6b_deterministic_rules,real
2025-09-27T04:00:00+02:00,2025-09-25T23:00:00+02:00,72,29,M1_GBT_CAL_WEATHER,1.6709560151934642,0.4186295798,2.710550412,4.082144918699999,4.2723501629,4.728316851300005,0.01,LOW,16.8,True,NIGHT,0.18,OFF_PEAK_00_06,"Demand is usually lower overnight, although base loads, HVAC, pool systems and EV charging may remain active.",,stage5_frozen_selected_model,stage6a_frozen_ensemble,stage6b_deterministic_rules,real
2025-09-27T05:00:00+02:00,2025-09-25T23:00:00+02:00,72,30,M1_GBT_CAL_WEATHER,1.6709560151934642,0.3851362085,2.5877642145,3.9759737266999995,4.174741040049999,4.728316851300005,0.005,LOW,16.7,True,NIGHT,0.18,OFF_PEAK_00_06,"Demand is usually lower overnight, although base loads, HVAC, pool systems and EV charging may remain active.",,stage5_frozen_selected_model,stage6a_frozen_ensemble,stage6b_deterministic_rules,real
2025-09-27T06:00:00+02:00,2025-09-25T23:00:00+02:00,72,31,M1_GBT_CAL_WEATHER,1.6709560151934642,0.34552815929999997,2.6355708995,4.2342972719,4.5097732398499994,4.728316851300005,0.02,LOW,16.6,True,NIGHT,0.28,STANDARD_06_17,Pool circulation or heating can add to household demand during this period.,"Demand is usually lower overnight, although base loads, HVAC, pool systems and EV charging may remain active.",stage5_frozen_selected_model,stage6a_frozen_ensemble,stage6b_deterministic_rules,real
2025-09-27T07:00:00+02:00,2025-09-25T23:00:00+02:00,72,32,M1_GBT_CAL_WEATHER,1.6709560151934642,0.5686730862,3.4026862154999997,4.8428281235999995,5.26699009425,4.728316851300005,0.13,LOW,16.9,True,MORNING,0.28,STANDARD_06_17,Pool circulation or heating can add to household demand during this period.,Weekend occupancy can increase daytime household activity.,stage5_frozen_selected_model,stage6a_frozen_ensemble,stage6b_deterministic_rules,real
2025-09-27T08:00:00+02:00,2025-09-25T23:00:00+02:00,72,33,M1_GBT_CAL_WEATHER,1.6709560151934642,0.2898835903000001,2.957209133,4.8903204737,5.759168877849996,4.728316851300005,0.11,LOW,16.7,True,MORNING,0.28,STANDARD_06_17,Pool circulation or heating can add to household demand during this period.,Weekend occupancy can increase daytime household activity.,stage5_frozen_selected_model,stage6a_frozen_ensemble,stage6b_deterministic_rules,real
2025-09-27T09:00:00+02:00,2025-09-25T23:00:00+02:00,72,34,M1_GBT_CAL_WEATHER,1.6709560151934642,0.8877949193,3.4299619865,6.2849116329,8.186177033249997,4.728316851300005,0.2,MEDIUM,17.6,True,DAYTIME,0.28,STANDARD_06_17,Pool circulation or heating can add to household demand during this period.,Weekend occupancy can increase daytime household activity.,stage5_frozen_selected_model,stage6a_frozen_ensemble,stage6b_deterministic_rules,real
2025-09-27T10:00:00+02:00,2025-09-25T23:00:00+02:00,72,35,M1_GBT_CAL_WEATHER,1.6709560151934642,0.7913892736,2.7030574219999997,5.834792714800001,7.9261547197999995,4.728316851300005,0.19,LOW,18.7,True,DAYTIME,0.28,STANDARD_06_17,Pool circulation or heating can add to household demand during this period.,Weekend occupancy can increase daytime household activity.,stage5_frozen_selected_model,stage6a_frozen_ensemble,stage6b_deterministic_rules,real
2025-09-27T11:00:00+02:00,2025-09-25T23:00:00+02:00,72,36,M1_GBT_CAL_WEATHER,1.3721625809608509,0.3893883849,1.2985957705,5.039816543899999,5.8472021876,4.728316851300005,0.125,LOW,20.0,True,DAYTIME,0.28,STANDARD_06_17,Pool circulation or heating can add to household demand during this period.,Weekend occupancy can increase daytime household activity.,stage5_frozen_selected_model,stage6a_frozen_ensemble,stage6b_deterministic_rules,real
2025-09-27T12:00:00+02:00,2025-09-25T23:00:00+02:00,72,37,M1_GBT_CAL_WEATHER,1.3721625809608509,0.19903232080000002,1.1141647975,4.533381504499999,5.321432953799999,4.728316851300005,0.085,LOW,20.6,True,DAYTIME,0.28,STANDARD_06_17,Pool circulation or heating can add to household demand during this period.,Weekend occupancy can increase daytime household activity.,stage5_frozen_selected_model,stage6a_frozen_ensemble,stage6b_deterministic_rules,real
2025-09-27T13:00:00+02:00,2025-09-25T23:00:00+02:00,72,38,M1_GBT_CAL_WEATHER,1.3721625809608509,0.1634772142,0.914506291,4.025250792799998,4.8283548491,4.728316851300005,0.055,LOW,21.2,True,DAYTIME,0.28,STANDARD_06_17,Pool circulation or heating can add to household demand during this period.,Weekend occupancy can increase daytime household activity.,stage5_frozen_selected_model,stage6a_frozen_ensemble,stage6b_deterministic_rules,real
2025-09-27T14:00:00+02:00,2025-09-25T23:00:00+02:00,72,39,M1_GBT_CAL_WEATHER,1.403778836164789,0.1468428071,0.399465292,3.8436527279999995,4.855631266099999,4.728316851300005,0.055,LOW,21.4,True,DAYTIME,0.28,STANDARD_06_17,Pool circulation or heating can add to household demand during this period.,Weekend occupancy can increase daytime household activity.,stage5_frozen_selected_model,stage6a_frozen_ensemble,stage6b_deterministic_rules,real
2025-09-27T15:00:00+02:00,2025-09-25T23:00:00+02:00,72,40,M1_GBT_CAL_WEATHER,2.0493053758077306,0.1569425286,0.7808713245,3.3087199582999993,4.501138696499997,4.728316851300005,0.045,LOW,21.6,True,DAYTIME,0.28,STANDARD_06_17,Pool circulation or heating can add to household demand during this period.,Weekend occupancy can increase daytime household activity.,stage5_frozen_selected_model,stage6a_frozen_ensemble,stage6b_deterministic_rules,real
2025-09-27T16:00:00+02:00,2025-09-25T23:00:00+02:00,72,41,M1_GBT_CAL_WEATHER,2.6905098193014743,0.1638157386,0.9797109234999999,3.9435282107999994,6.269741215549998,4.728316851300005,0.07,LOW,21.6,True,RETURN_RAMP,0.28,STANDARD_06_17,Pool circulation or heating can add to household demand during this period.,Weekend occupancy can increase daytime household activity.,stage5_frozen_selected_model,stage6a_frozen_ensemble,stage6b_deterministic_rules,real
2025-09-27T17:00:00+02:00,2025-09-25T23:00:00+02:00,72,42,M1_GBT_CAL_WEATHER,4.459609991515114,0.4009820195000001,1.066468507,6.270962421599999,8.257479386199996,4.728316851300005,0.145,LOW,21.9,True,RETURN_RAMP,0.4,PEAK_17_22,Pool circulation or heating can add to household demand during this period.,Weekend occupancy can increase daytime household activity.,stage5_frozen_selected_model,stage6a_frozen_ensemble,stage6b_deterministic_rules,real
2025-09-27T18:00:00+02:00,2025-09-25T23:00:00+02:00,72,43,M1_GBT_CAL_WEATHER,5.854815183004974,0.24754428660000005,1.2466661074999998,8.014943860699999,8.470329655549998,4.728316851300005,0.19,LOW,22.0,True,RETURN_RAMP,0.4,PEAK_17_22,Pool circulation or heating can add to household demand during this period.,Weekend occupancy can increase daytime household activity.,stage5_frozen_selected_model,stage6a_frozen_ensemble,stage6b_deterministic_rules,real
2025-09-27T19:00:00+02:00,2025-09-25T23:00:00+02:00,72,44,M1_GBT_CAL_WEATHER,5.854815183004974,0.2070223435,1.8932080105,8.042814513299998,9.321664467999996,4.728316851300005,0.24,MEDIUM,21.6,True,EVENING,0.4,PEAK_17_22,"Evening demand can rise when EV charging, HVAC and household activities overlap.",Pool circulation or heating can add to household demand during this period.,stage5_frozen_selected_model,stage6a_frozen_ensemble,stage6b_deterministic_rules,real
2025-09-27T20:00:00+02:00,2025-09-25T23:00:00+02:00,72,45,M1_GBT_CAL_WEATHER,4.102441018098121,0.21741026490000004,2.330439845,8.590712842599997,11.160532691199997,4.728316851300005,0.27,MEDIUM,20.6,True,EVENING,0.4,PEAK_17_22,"Evening demand can rise when EV charging, HVAC and household activities overlap.",Pool circulation or heating can add to household demand during this period.,stage5_frozen_selected_model,stage6a_frozen_ensemble,stage6b_deterministic_rules,real
2025-09-27T21:00:00+02:00,2025-09-25T23:00:00+02:00,72,46,M1_GBT_CAL_WEATHER,2.6854116338016993,0.4210206114,1.3278302095,8.467280748799999,10.316216874899995,4.728316851300005,0.28,MEDIUM,21.5,True,EVENING,0.4,PEAK_17_22,"Evening demand can rise when EV charging, HVAC and household activities overlap.",Pool circulation or heating can add to household demand during this period.,stage5_frozen_selected_model,stage6a_frozen_ensemble,stage6b_deterministic_rules,real
2025-09-27T22:00:00+02:00,2025-09-25T23:00:00+02:00,72,47,M1_GBT_CAL_WEATHER,2.0493053758077306,0.3759709597,0.761225592,7.7283612363,8.3189875923,4.728316851300005,0.175,LOW,21.4,True,EVENING,0.28,STANDARD_22_24,Pool circulation or heating can add to household demand during this period.,,stage5_frozen_selected_model,stage6a_frozen_ensemble,stage6b_deterministic_rules,real
2025-09-27T23:00:00+02:00,2025-09-25T23:00:00+02:00,72,48,M1_GBT_CAL_WEATHER,1.403778836164789,0.3325400558,0.5927538219999999,1.8600961920999997,7.160034881349989,4.728316851300005,0.075,LOW,21.3,True,NIGHT,0.28,STANDARD_22_24,"Demand is usually lower overnight, although base loads, HVAC, pool systems and EV charging may remain active.",,stage5_frozen_selected_model,stage6a_frozen_ensemble,stage6b_deterministic_rules,real
2025-09-28T00:00:00+02:00,2025-09-25T23:00:00+02:00,72,49,M1_GBT_CAL_WEATHER,1.3721625809608509,0.3136771826,0.514508327,0.8395650387999998,2.8313710995999943,4.728316851300005,0.01,LOW,20.8,True,NIGHT,0.18,OFF_PEAK_00_06,"Demand is usually lower overnight, although base loads, HVAC, pool systems and EV charging may remain active.",,stage5_frozen_selected_model,stage6a_frozen_ensemble,stage6b_deterministic_rules,real
2025-09-28T01:00:00+02:00,2025-09-25T23:00:00+02:00,72,50,M1_GBT_CAL_WEATHER,1.2835626617875497,0.3105810075,0.484883253,0.6689376507,2.0491639629999976,4.728316851300005,0.005,LOW,20.5,True,NIGHT,0.18,OFF_PEAK_00_06,"Demand is usually lower overnight, although base loads, HVAC, pool systems and EV charging may remain active.",,stage5_frozen_selected_model,stage6a_frozen_ensemble,stage6b_deterministic_rules,real
2025-09-28T02:00:00+02:00,2025-09-25T23:00:00+02:00,72,51,M1_GBT_CAL_WEATHER,1.2835626617875497,0.3122679786,0.48529507650000003,0.6704057333,0.7913346972499716,4.728316851300005,0.0,LOW,20.6,True,NIGHT,0.18,OFF_PEAK_00_06,"Demand is usually lower overnight, although base loads, HVAC, pool systems and EV charging may remain active.",,stage5_frozen_selected_model,stage6a_frozen_ensemble,stage6b_deterministic_rules,real
2025-09-28T03:00:00+02:00,2025-09-25T23:00:00+02:00,72,52,M1_GBT_CAL_WEATHER,1.3721625809608509,0.31371661380000004,0.48553978600000003,0.6716664048000001,0.8052910064999673,4.728316851300005,0.0,LOW,20.4,True,NIGHT,0.18,OFF_PEAK_00_06,"Demand is usually lower overnight, although base loads, HVAC, pool systems and EV charging may remain active.",,stage5_frozen_selected_model,stage6a_frozen_ensemble,stage6b_deterministic_rules,real
2025-09-28T04:00:00+02:00,2025-09-25T23:00:00+02:00,72,53,M1_GBT_CAL_WEATHER,1.3721625809608509,0.3171875749,0.4865115085,0.6563414593,0.68084417825,4.728316851300005,0.0,LOW,20.3,True,NIGHT,0.18,OFF_PEAK_00_06,"Demand is usually lower overnight, although base loads, HVAC, pool systems and EV charging may remain active.",,stage5_frozen_selected_model,stage6a_frozen_ensemble,stage6b_deterministic_rules,real
2025-09-28T05:00:00+02:00,2025-09-25T23:00:00+02:00,72,54,M1_GBT_CAL_WEATHER,1.3721625809608509,0.3236559542,0.5251773655,2.650398335999998,3.730294516199999,4.728316851300005,0.0,LOW,20.1,True,NIGHT,0.18,OFF_PEAK_00_06,"Demand is usually lower overnight, although base loads, HVAC, pool systems and EV charging may remain active.",,stage5_frozen_selected_model,stage6a_frozen_ensemble,stage6b_deterministic_rules,real
2025-09-28T06:00:00+02:00,2025-09-25T23:00:00+02:00,72,55,M1_GBT_CAL_WEATHER,1.3721625809608509,0.3384645725,0.5948932995,2.2271196221999996,3.18281668265,4.728316851300005,0.005,LOW,20.3,True,NIGHT,0.28,STANDARD_06_17,Pool circulation or heating can add to household demand during this period.,"Demand is usually lower overnight, although base loads, HVAC, pool systems and EV charging may remain active.",stage5_frozen_selected_model,stage6a_frozen_ensemble,stage6b_deterministic_rules,real
2025-09-28T07:00:00+02:00,2025-09-25T23:00:00+02:00,72,56,M1_GBT_CAL_WEATHER,1.3721625809608509,0.3850433592,1.1384209575,3.2178730483999995,4.151447537849995,4.728316851300005,0.025,LOW,20.2,True,MORNING,0.28,STANDARD_06_17,Pool circulation or heating can add to household demand during this period.,Weekend occupancy can increase daytime household activity.,stage5_frozen_selected_model,stage6a_frozen_ensemble,stage6b_deterministic_rules,real
2025-09-28T08:00:00+02:00,2025-09-25T23:00:00+02:00,72,57,M1_GBT_CAL_WEATHER,1.3721625809608509,0.43906027729999997,1.2789231785,3.1656201642,4.175688510699999,4.728316851300005,0.035,LOW,20.2,True,MORNING,0.28,STANDARD_06_17,Pool circulation or heating can add to household demand during this period.,Weekend occupancy can increase daytime household activity.,stage5_frozen_selected_model,stage6a_frozen_ensemble,stage6b_deterministic_rules,real
2025-09-28T09:00:00+02:00,2025-09-25T23:00:00+02:00,72,58,M1_GBT_CAL_WEATHER,1.2835626617875497,0.19583343150000002,1.066468271,3.096293067599999,4.03572055205,4.728316851300005,0.03,LOW,20.0,True,DAYTIME,0.28,STANDARD_06_17,Pool circulation or heating can add to household demand during this period.,Weekend occupancy can increase daytime household activity.,stage5_frozen_selected_model,stage6a_frozen_ensemble,stage6b_deterministic_rules,real
2025-09-28T10:00:00+02:00,2025-09-25T23:00:00+02:00,72,59,M1_GBT_CAL_WEATHER,1.3721625809608509,0.2281754404,1.0554574270000001,2.9319118548,3.7613250382499985,4.728316851300005,0.005,LOW,20.4,True,DAYTIME,0.28,STANDARD_06_17,Pool circulation or heating can add to household demand during this period.,Weekend occupancy can increase daytime household activity.,stage5_frozen_selected_model,stage6a_frozen_ensemble,stage6b_deterministic_rules,real
2025-09-28T11:00:00+02:00,2025-09-25T23:00:00+02:00,72,60,M1_GBT_CAL_WEATHER,1.3721625809608509,0.21655408150000002,0.9894303109999999,1.9194803959999975,4.20870041205,4.728316851300005,0.03,LOW,21.3,True,DAYTIME,0.28,STANDARD_06_17,Pool circulation or heating can add to household demand during this period.,Weekend occupancy can increase daytime household activity.,stage5_frozen_selected_model,stage6a_frozen_ensemble,stage6b_deterministic_rules,real
2025-09-28T12:00:00+02:00,2025-09-25T23:00:00+02:00,72,61,M1_GBT_CAL_WEATHER,1.3721625809608509,0.1694613056,0.837649994,1.3766300980000001,1.8489428431999932,4.728316851300005,0.02,LOW,21.6,True,DAYTIME,0.28,STANDARD_06_17,Pool circulation or heating can add to household demand during this period.,Weekend occupancy can increase daytime household activity.,stage5_frozen_selected_model,stage6a_frozen_ensemble,stage6b_deterministic_rules,real
2025-09-28T13:00:00+02:00,2025-09-25T23:00:00+02:00,72,62,M1_GBT_CAL_WEATHER,1.3721625809608509,0.1525775564,0.5679833320000001,1.3926602227999998,2.0876386318499995,4.728316851300005,0.01,LOW,22.1,True,DAYTIME,0.28,STANDARD_06_17,Pool circulation or heating can add to household demand during this period.,Weekend occupancy can increase daytime household activity.,stage5_frozen_selected_model,stage6a_frozen_ensemble,stage6b_deterministic_rules,real
2025-09-28T14:00:00+02:00,2025-09-25T23:00:00+02:00,72,63,M1_GBT_CAL_WEATHER,1.403778836164789,0.1459956344,0.230774916,1.3220345793,1.4028497559499997,4.728316851300005,0.015,LOW,22.6,True,DAYTIME,0.28,STANDARD_06_17,Pool circulation or heating can add to household demand during this period.,Weekend occupancy can increase daytime household activity.,stage5_frozen_selected_model,stage6a_frozen_ensemble,stage6b_deterministic_rules,real
2025-09-28T15:00:00+02:00,2025-09-25T23:00:00+02:00,72,64,M1_GBT_CAL_WEATHER,2.0493053758077306,0.14980114130000002,0.4164594895,1.3574106404,2.7010325486999975,4.728316851300005,0.02,LOW,22.5,True,DAYTIME,0.28,STANDARD_06_17,Pool circulation or heating can add to household demand during this period.,Weekend occupancy can increase daytime household activity.,stage5_frozen_selected_model,stage6a_frozen_ensemble,stage6b_deterministic_rules,real
2025-09-28T16:00:00+02:00,2025-09-25T23:00:00+02:00,72,65,M1_GBT_CAL_WEATHER,2.5309865223248105,0.165471494,0.933166504,4.223539848599999,6.7531120360499814,4.728316851300005,0.085,LOW,22.4,True,RETURN_RAMP,0.28,STANDARD_06_17,Pool circulation or heating can add to household demand during this period.,Weekend occupancy can increase daytime household activity.,stage5_frozen_selected_model,stage6a_frozen_ensemble,stage6b_deterministic_rules,real
2025-09-28T17:00:00+02:00,2025-09-25T23:00:00+02:00,72,66,M1_GBT_CAL_WEATHER,3.948015906621234,0.2831875268000001,1.0638270745,7.7612347491,8.38314340365,4.728316851300005,0.15,LOW,22.3,True,RETURN_RAMP,0.4,PEAK_17_22,Pool circulation or heating can add to household demand during this period.,Weekend occupancy can increase daytime household activity.,stage5_frozen_selected_model,stage6a_frozen_ensemble,stage6b_deterministic_rules,real
2025-09-28T18:00:00+02:00,2025-09-25T23:00:00+02:00,72,67,M1_GBT_CAL_WEATHER,4.346312344834403,0.1839386312,1.1409832180000001,7.432015132799999,8.439152324799998,4.728316851300005,0.18,LOW,21.9,True,RETURN_RAMP,0.4,PEAK_17_22,Pool circulation or heating can add to household demand during this period.,Weekend occupancy can increase daytime household activity.,stage5_frozen_selected_model,stage6a_frozen_ensemble,stage6b_deterministic_rules,real
2025-09-28T19:00:00+02:00,2025-09-25T23:00:00+02:00,72,68,M1_GBT_CAL_WEATHER,4.346312344834403,0.18015520640000002,1.21878639,8.4007639213,10.013051633049997,4.728316851300005,0.225,MEDIUM,21.4,True,EVENING,0.4,PEAK_17_22,"Evening demand can rise when EV charging, HVAC and household activities overlap.",Pool circulation or heating can add to household demand during this period.,stage5_frozen_selected_model,stage6a_frozen_ensemble,stage6b_deterministic_rules,real
2025-09-28T20:00:00+02:00,2025-09-25T23:00:00+02:00,72,69,M1_GBT_CAL_WEATHER,4.102441018098121,0.1848773471,1.5707712004999999,8.5713371219,10.590017704049998,4.728316851300005,0.25,MEDIUM,21.1,True,EVENING,0.4,PEAK_17_22,"Evening demand can rise when EV charging, HVAC and household activities overlap.",Pool circulation or heating can add to household demand during this period.,stage5_frozen_selected_model,stage6a_frozen_ensemble,stage6b_deterministic_rules,real
2025-09-28T21:00:00+02:00,2025-09-25T23:00:00+02:00,72,70,M1_GBT_CAL_WEATHER,2.6854116338016993,0.3318808105,1.2850219594999999,8.4736915062,9.466899077399994,4.728316851300005,0.23,MEDIUM,20.9,True,EVENING,0.4,PEAK_17_22,"Evening demand can rise when EV charging, HVAC and household activities overlap.",Pool circulation or heating can add to household demand during this period.,stage5_frozen_selected_model,stage6a_frozen_ensemble,stage6b_deterministic_rules,real
2025-09-28T22:00:00+02:00,2025-09-25T23:00:00+02:00,72,71,M1_GBT_CAL_WEATHER,2.0493053758077306,0.3261138959,0.6825758835,7.941140119899999,8.5694265509,4.728316851300005,0.14,LOW,20.5,True,EVENING,0.28,STANDARD_22_24,Pool circulation or heating can add to household demand during this period.,,stage5_frozen_selected_model,stage6a_frozen_ensemble,stage6b_deterministic_rules,real
2025-09-28T23:00:00+02:00,2025-09-25T23:00:00+02:00,72,72,M1_GBT_CAL_WEATHER,1.403778836164789,0.31677695350000007,0.5739579454999999,3.3589259867999988,5.718791632599995,4.728316851300005,0.06,LOW,20.1,True,NIGHT,0.28,STANDARD_22_24,"Demand is usually lower overnight, although base loads, HVAC, pool systems and EV charging may remain active.",,stage5_frozen_selected_model,stage6a_frozen_ensemble,stage6b_deterministic_rules,real
2025-09-02T00:00:00+02:00,2025-09-01T23:00:00+02:00,168,1,M1_GBT_CAL_WEATHER,1.0744038503386522,0.3163110485,0.495394303,0.6778701686999999,0.7568934529499998,3.7097626867000058,0.0,LOW,21.0,False,NIGHT,0.18,OFF_PEAK_00_06,"Demand is usually lower overnight, although base loads, HVAC, pool systems and EV charging may remain active.",,stage5_frozen_selected_model,stage6a_frozen_ensemble,stage6b_deterministic_rules,real
2025-09-02T01:00:00+02:00,2025-09-01T23:00:00+02:00,168,2,M1_GBT_CAL_WEATHER,1.021441849907485,0.3189683386,0.482710967,0.6500586041,0.6685748573499999,3.7097626867000058,0.0,LOW,20.1,False,NIGHT,0.18,OFF_PEAK_00_06,"Demand is usually lower overnight, although base loads, HVAC, pool systems and EV charging may remain active.",,stage5_frozen_selected_model,stage6a_frozen_ensemble,stage6b_deterministic_rules,real
2025-09-02T02:00:00+02:00,2025-09-01T23:00:00+02:00,168,3,M1_GBT_CAL_WEATHER,1.021441849907485,0.3205867772,0.484266718,0.6514319019,0.6700408691499999,3.7097626867000058,0.0,LOW,21.1,False,NIGHT,0.18,OFF_PEAK_00_06,"Demand is usually lower overnight, although base loads, HVAC, pool systems and EV charging may remain active.",,stage5_frozen_selected_model,stage6a_frozen_ensemble,stage6b_deterministic_rules,real
2025-09-02T03:00:00+02:00,2025-09-01T23:00:00+02:00,168,4,M1_GBT_CAL_WEATHER,1.0028167331034223,0.3219765609,0.48553978600000003,0.6526111793,0.6712997623999999,3.7097626867000058,0.0,LOW,20.9,False,NIGHT,0.18,OFF_PEAK_00_06,"Demand is usually lower overnight, although base loads, HVAC, pool systems and EV charging may remain active.",,stage5_frozen_selected_model,stage6a_frozen_ensemble,stage6b_deterministic_rules,real
2025-09-02T04:00:00+02:00,2025-09-01T23:00:00+02:00,168,5,M1_GBT_CAL_WEATHER,1.0028167331034223,0.3230429804,0.4865115085,0.6535160707,0.6722657439499998,3.7097626867000058,0.0,LOW,19.6,False,NIGHT,0.18,OFF_PEAK_00_06,"Demand is usually lower overnight, although base loads, HVAC, pool systems and EV charging may remain active.",,stage5_frozen_selected_model,stage6a_frozen_ensemble,stage6b_deterministic_rules,real
2025-09-02T05:00:00+02:00,2025-09-01T23:00:00+02:00,168,6,M1_GBT_CAL_WEATHER,1.0028167331034223,0.3240128586,0.488535807,0.666352117,0.6884969743999998,3.7097626867000058,0.01,LOW,19.4,False,NIGHT,0.18,OFF_PEAK_00_06,"Demand is usually lower overnight, although base loads, HVAC, pool systems and EV charging may remain active.",,stage5_frozen_selected_model,stage6a_frozen_ensemble,stage6b_deterministic_rules,real
2025-09-02T06:00:00+02:00,2025-09-01T23:00:00+02:00,168,7,M1_GBT_CAL_WEATHER,1.0028167331034223,0.35716798750000006,0.6023907645,3.1507100058999997,3.7490993278999944,3.7097626867000058,0.055,LOW,20.1,False,NIGHT,0.28,STANDARD_06_17,Pool circulation or heating can add to household demand during this period.,"Demand is usually lower overnight, although base loads, HVAC, pool systems and EV charging may remain active.",stage5_frozen_selected_model,stage6a_frozen_ensemble,stage6b_deterministic_rules,real
2025-09-02T07:00:00+02:00,2025-09-01T23:00:00+02:00,168,8,M1_GBT_CAL_WEATHER,1.0028167331034223,0.4108561858,1.14697038,3.0558230924999994,3.663280217699999,3.7097626867000058,0.05,LOW,20.0,False,MORNING,0.28,STANDARD_06_17,Pool circulation or heating can add to household demand during this period.,,stage5_frozen_selected_model,stage6a_frozen_ensemble,stage6b_deterministic_rules,real
2025-09-02T08:00:00+02:00,2025-09-01T23:00:00+02:00,168,9,M1_GBT_CAL_WEATHER,1.0028167331034223,0.19198716610000002,1.0252475245000001,3.0670697766,3.7453414067999997,3.7097626867000058,0.065,LOW,20.0,False,MORNING,0.28,STANDARD_06_17,Pool circulation or heating can add to household demand during this period.,,stage5_frozen_selected_model,stage6a_frozen_ensemble,stage6b_deterministic_rules,real
2025-09-02T09:00:00+02:00,2025-09-01T23:00:00+02:00,168,10,M1_GBT_CAL_WEATHER,1.0028167331034223,0.2157252178,1.0172422774999998,1.3558501148999997,3.0134189490999974,3.7097626867000058,0.03,LOW,21.3,False,DAYTIME,0.28,STANDARD_06_17,Pool circulation or heating can add to household demand during this period.,,stage5_frozen_selected_model,stage6a_frozen_ensemble,stage6b_deterministic_rules,real
2025-09-02T10:00:00+02:00,2025-09-01T23:00:00+02:00,168,11,M1_GBT_CAL_WEATHER,1.0028167331034223,0.2192054571,1.0194897875,1.3379771532,1.4171729347999924,3.7097626867000058,0.02,LOW,22.1,False,DAYTIME,0.28,STANDARD_06_17,Pool circulation or heating can add to household demand during this period.,,stage5_frozen_selected_model,stage6a_frozen_ensemble,stage6b_deterministic_rules,real
2025-09-02T11:00:00+02:00,2025-09-01T23:00:00+02:00,168,12,M1_GBT_CAL_WEATHER,1.0028167331034223,0.2097359872,0.9725987185,1.3534984560999999,2.1505773517999978,3.7097626867000058,0.035,LOW,23.1,False,DAYTIME,0.28,STANDARD_06_17,Pool circulation or heating can add to household demand during this period.,,stage5_frozen_selected_model,stage6a_frozen_ensemble,stage6b_deterministic_rules,real
2025-09-02T12:00:00+02:00,2025-09-01T23:00:00+02:00,168,13,M1_GBT_CAL_WEATHER,1.0557787335345894,0.1569828326,0.8229434695,1.3754260201,2.9281727270499953,3.7097626867000058,0.04,LOW,23.3,False,DAYTIME,0.28,STANDARD_06_17,Pool circulation or heating can add to household demand during this period.,,stage5_frozen_selected_model,stage6a_frozen_ensemble,stage6b_deterministic_rules,real
2025-09-02T13:00:00+02:00,2025-09-01T23:00:00+02:00,168,14,M1_GBT_CAL_WEATHER,1.0750089951612425,0.14289011499999998,0.32529649299999996,1.3661374749999997,2.654209731499999,3.7097626867000058,0.03,LOW,24.5,False,DAYTIME,0.28,STANDARD_06_17,Pool circulation or heating can add to household demand during this period.,,stage5_frozen_selected_model,stage6a_frozen_ensemble,stage6b_deterministic_rules,real
2025-09-02T14:00:00+02:00,2025-09-01T23:00:00+02:00,168,15,M1_GBT_CAL_WEATHER,1.357002373693958,0.14061694919999998,0.20764053500000001,1.2523719484999998,1.4890591912499977,3.7097626867000058,0.01,LOW,25.6,False,DAYTIME,0.28,STANDARD_06_17,Warm weather can increase cooling demand during this period.,Pool circulation or heating can add to household demand during this period.,stage5_frozen_selected_model,stage6a_frozen_ensemble,stage6b_deterministic_rules,real
2025-09-02T15:00:00+02:00,2025-09-01T23:00:00+02:00,168,16,M1_GBT_CAL_WEATHER,1.7702138420747249,0.149292809,0.254816807,1.1744672915999999,1.3105864391499997,3.7097626867000058,0.01,LOW,26.6,False,DAYTIME,0.28,STANDARD_06_17,Warm weather can increase cooling demand during this period.,Pool circulation or heating can add to household demand during this period.,stage5_frozen_selected_model,stage6a_frozen_ensemble,stage6b_deterministic_rules,real
2025-09-02T16:00:00+02:00,2025-09-01T23:00:00+02:00,168,17,M1_GBT_CAL_WEATHER,2.677100401731555,0.1618050416,0.885429249,1.6680577524999987,3.3570483820499986,3.7097626867000058,0.04,LOW,27.0,False,RETURN_RAMP,0.28,STANDARD_06_17,Warm weather can increase cooling demand during this period.,Pool circulation or heating can add to household demand during this period.,stage5_frozen_selected_model,stage6a_frozen_ensemble,stage6b_deterministic_rules,real
2025-09-02T17:00:00+02:00,2025-09-01T23:00:00+02:00,168,18,M1_GBT_CAL_WEATHER,3.531345072793462,0.5077334184000002,1.3710166030000002,7.735272951,8.49668685745,3.7097626867000058,0.31,MEDIUM,27.2,False,RETURN_RAMP,0.4,PEAK_17_22,"Evening demand can rise when EV charging, HVAC and household activities overlap.",Warm weather can increase cooling demand during this period.,stage5_frozen_selected_model,stage6a_frozen_ensemble,stage6b_deterministic_rules,real
2025-09-02T18:00:00+02:00,2025-09-01T23:00:00+02:00,168,19,M1_GBT_CAL_WEATHER,3.5599427972066082,0.8789267194999999,4.556510444000001,10.381678298199997,13.452688365499998,3.7097626867000058,0.555,HIGH,26.5,False,RETURN_RAMP,0.4,PEAK_17_22,"This is a high-risk period because EV charging can coincide with HVAC, cooking and optional high-power loads such as the sauna.",Warm weather can increase cooling demand during this period.,stage5_frozen_selected_model,stage6a_frozen_ensemble,stage6b_deterministic_rules,real
2025-09-02T19:00:00+02:00,2025-09-01T23:00:00+02:00,168,20,M1_GBT_CAL_WEATHER,3.5599427972066082,0.5690057301,5.165118248500001,12.4268962856,14.396320408699994,3.7097626867000058,0.56,HIGH,25.6,False,EVENING,0.4,PEAK_17_22,"This is a high-risk period because EV charging can coincide with HVAC, cooking and optional high-power loads such as the sauna.",Warm weather can increase cooling demand during this period.,stage5_frozen_selected_model,stage6a_frozen_ensemble,stage6b_deterministic_rules,real
2025-09-02T20:00:00+02:00,2025-09-01T23:00:00+02:00,168,21,M1_GBT_CAL_WEATHER,2.75754784639635,0.21000552730000002,2.6746914985,10.2636724528,11.150151181699998,3.7097626867000058,0.435,HIGH,24.6,False,EVENING,0.4,PEAK_17_22,"This is a high-risk period because EV charging can coincide with HVAC, cooking and optional high-power loads such as the sauna.",Pool circulation or heating can add to household demand during this period.,stage5_frozen_selected_model,stage6a_frozen_ensemble,stage6b_deterministic_rules,real
2025-09-02T21:00:00+02:00,2025-09-01T23:00:00+02:00,168,22,M1_GBT_CAL_WEATHER,1.9628108428570634,0.1855647452,0.8858263040000001,7.812059582999999,9.06476266695,3.7097626867000058,0.29,MEDIUM,23.9,False,EVENING,0.4,PEAK_17_22,"Evening demand can rise when EV charging, HVAC and household activities overlap.",Pool circulation or heating can add to household demand during this period.,stage5_frozen_selected_model,stage6a_frozen_ensemble,stage6b_deterministic_rules,real
2025-09-02T22:00:00+02:00,2025-09-01T23:00:00+02:00,168,23,M1_GBT_CAL_WEATHER,1.8995023115633134,0.3345549517,0.6774355425,3.769268991199992,7.794733235149999,3.7097626867000058,0.1,LOW,23.3,False,EVENING,0.28,STANDARD_22_24,Pool circulation or heating can add to household demand during this period.,,stage5_frozen_selected_model,stage6a_frozen_ensemble,stage6b_deterministic_rules,real
2025-09-02T23:00:00+02:00,2025-09-01T23:00:00+02:00,168,24,M1_GBT_CAL_WEATHER,1.215392004789789,0.31014384759999997,0.5372070090000001,1.1642214942,1.7370861122499759,3.7097626867000058,0.03,LOW,23.0,False,NIGHT,0.28,STANDARD_22_24,"Demand is usually lower overnight, although base loads, HVAC, pool systems and EV charging may remain active.",,stage5_frozen_selected_model,stage6a_frozen_ensemble,stage6b_deterministic_rules,real
2025-09-03T00:00:00+02:00,2025-09-01T23:00:00+02:00,168,25,M1_GBT_CAL_WEATHER,1.0744038503386522,0.3074989576,0.4848942,0.6762132443,0.9109018984499997,3.7097626867000058,0.015,LOW,21.6,False,NIGHT,0.18,OFF_PEAK_00_06,"Demand is usually lower overnight, although base loads, HVAC, pool systems and EV charging may remain active.",,stage5_frozen_selected_model,stage6a_frozen_ensemble,stage6b_deterministic_rules,real
2025-09-03T01:00:00+02:00,2025-09-01T23:00:00+02:00,168,26,M1_GBT_CAL_WEATHER,1.021441849907485,0.3028147485,0.4731760515,0.6421871044999999,0.6648189129,3.7097626867000058,0.0,LOW,21.2,False,NIGHT,0.18,OFF_PEAK_00_06,"Demand is usually lower overnight, although base loads, HVAC, pool systems and EV charging may remain active.",,stage5_frozen_selected_model,stage6a_frozen_ensemble,stage6b_deterministic_rules,real
2025-09-03T02:00:00+02:00,2025-09-01T23:00:00+02:00,168,27,M1_GBT_CAL_WEATHER,1.021441849907485,0.3045551717,0.4746977885,0.6438746208,0.6662559746,3.7097626867000058,0.0,LOW,21.6,False,NIGHT,0.18,OFF_PEAK_00_06,"Demand is usually lower overnight, although base loads, HVAC, pool systems and EV charging may remain active.",,stage5_frozen_selected_model,stage6a_frozen_ensemble,stage6b_deterministic_rules,real
2025-09-03T03:00:00+02:00,2025-09-01T23:00:00+02:00,168,28,M1_GBT_CAL_WEATHER,1.0220469947300754,0.3060497076,0.4760045335,0.6453237243,0.6674900074499999,3.7097626867000058,0.0,LOW,21.7,False,NIGHT,0.18,OFF_PEAK_00_06,"Demand is usually lower overnight, although base loads, HVAC, pool systems and EV charging may remain active.",,stage5_frozen_selected_model,stage6a_frozen_ensemble,stage6b_deterministic_rules,real
2025-09-03T04:00:00+02:00,2025-09-01T23:00:00+02:00,168,29,M1_GBT_CAL_WEATHER,1.0220469947300754,0.3071965051,0.4770072345,0.6464356602999999,0.66843691455,3.7097626867000058,0.0,LOW,20.6,False,NIGHT,0.18,OFF_PEAK_00_06,"Demand is usually lower overnight, although base loads, HVAC, pool systems and EV charging may remain active.",,stage5_frozen_selected_model,stage6a_frozen_ensemble,stage6b_deterministic_rules,real
2025-09-03T05:00:00+02:00,2025-09-01T23:00:00+02:00,168,30,M1_GBT_CAL_WEATHER,1.0220469947300754,0.3155269568,0.48208872049999996,0.647134652,0.6690321645499999,3.7097626867000058,0.0,LOW,19.4,False,NIGHT,0.18,OFF_PEAK_00_06,"Demand is usually lower overnight, although base loads, HVAC, pool systems and EV charging may remain active.",,stage5_frozen_selected_model,stage6a_frozen_ensemble,stage6b_deterministic_rules,real
2025-09-03T06:00:00+02:00,2025-09-01T23:00:00+02:00,168,31,M1_GBT_CAL_WEATHER,1.0220469947300754,0.3410469994,0.558354751,1.2113744433,1.4277826861999996,3.7097626867000058,0.01,LOW,18.9,False,NIGHT,0.28,STANDARD_06_17,Pool circulation or heating can add to household demand during this period.,"Demand is usually lower overnight, although base loads, HVAC, pool systems and EV charging may remain active.",stage5_frozen_selected_model,stage6a_frozen_ensemble,stage6b_deterministic_rules,real
2025-09-03T07:00:00+02:00,2025-09-01T23:00:00+02:00,168,32,M1_GBT_CAL_WEATHER,1.0220469947300754,0.3978072325,1.1015142355,3.6798544201999994,4.422514972899998,3.7097626867000058,0.09,LOW,18.7,False,MORNING,0.28,STANDARD_06_17,Pool circulation or heating can add to household demand during this period.,,stage5_frozen_selected_model,stage6a_frozen_ensemble,stage6b_deterministic_rules,real
2025-09-03T08:00:00+02:00,2025-09-01T23:00:00+02:00,168,33,M1_GBT_CAL_WEATHER,1.0220469947300754,0.21543802869999998,1.1019626535,3.9425052902999993,4.282986175999998,3.7097626867000058,0.15,LOW,19.6,False,MORNING,0.28,STANDARD_06_17,Pool circulation or heating can add to household demand during this period.,,stage5_frozen_selected_model,stage6a_frozen_ensemble,stage6b_deterministic_rules,real
2025-09-03T09:00:00+02:00,2025-09-01T23:00:00+02:00,168,34,M1_GBT_CAL_WEATHER,1.0220469947300754,0.19535180330000002,1.045105851,1.3562420823999999,3.2750196384999892,3.7097626867000058,0.05,LOW,21.8,False,DAYTIME,0.28,STANDARD_06_17,Pool circulation or heating can add to household demand during this period.,,stage5_frozen_selected_model,stage6a_frozen_ensemble,stage6b_deterministic_rules,real
2025-09-03T10:00:00+02:00,2025-09-01T23:00:00+02:00,168,35,M1_GBT_CAL_WEATHER,1.0220469947300754,0.29015693670000003,1.005406277,1.3281934218999998,1.39463600315,3.7097626867000058,0.025,LOW,23.8,False,DAYTIME,0.28,STANDARD_06_17,Pool circulation or heating can add to household demand during this period.,,stage5_frozen_selected_model,stage6a_frozen_ensemble,stage6b_deterministic_rules,real
2025-09-03T11:00:00+02:00,2025-09-01T23:00:00+02:00,168,36,M1_GBT_CAL_WEATHER,1.1822824804383072,0.21242269240000003,0.943461163,1.3494993799999997,1.6934192737499998,3.7097626867000058,0.025,LOW,25.4,False,DAYTIME,0.28,STANDARD_06_17,Pool circulation or heating can add to household demand during this period.,,stage5_frozen_selected_model,stage6a_frozen_ensemble,stage6b_deterministic_rules,real
2025-09-03T12:00:00+02:00,2025-09-01T23:00:00+02:00,168,37,M1_GBT_CAL_WEATHER,1.2352444808694742,0.16397331399999998,0.8853155005,1.3318168763,1.6888745762999928,3.7097626867000058,0.015,LOW,26.5,False,DAYTIME,0.28,STANDARD_06_17,Warm weather can increase cooling demand during this period.,Pool circulation or heating can add to household demand during this period.,stage5_frozen_selected_model,stage6a_frozen_ensemble,stage6b_deterministic_rules,real
2025-09-03T13:00:00+02:00,2025-09-01T23:00:00+02:00,168,38,M1_GBT_CAL_WEATHER,1.7091846232095675,0.1525775564,0.37532942449999995,1.3105609073999998,1.9374810437499963,3.7097626867000058,0.02,LOW,27.2,False,DAYTIME,0.28,STANDARD_06_17,Warm weather can increase cooling demand during this period.,Pool circulation or heating can add to household demand during this period.,stage5_frozen_selected_model,stage6a_frozen_ensemble,stage6b_deterministic_rules,real
2025-09-03T14:00:00+02:00,2025-09-01T23:00:00+02:00,168,39,M1_GBT_CAL_WEATHER,1.8501727776607049,0.14224709259999999,0.213336894,1.2909093778999998,2.2631222436499896,3.7097626867000058,0.025,LOW,27.8,False,DAYTIME,0.28,STANDARD_06_17,Warm weather can increase cooling demand during this period.,Pool circulation or heating can add to household demand during this period.,stage5_frozen_selected_model,stage6a_frozen_ensemble,stage6b_deterministic_rules,real
2025-09-03T15:00:00+02:00,2025-09-01T23:00:00+02:00,168,40,M1_GBT_CAL_WEATHER,2.5706334258590333,0.14900708320000003,0.6277591625000001,2.356908797799999,3.0862779738499997,3.7097626867000058,0.02,LOW,28.0,False,DAYTIME,0.28,STANDARD_06_17,Warm weather can increase cooling demand during this period.,Pool circulation or heating can add to household demand during this period.,stage5_frozen_selected_model,stage6a_frozen_ensemble,stage6b_deterministic_rules,real
2025-09-03T16:00:00+02:00,2025-09-01T23:00:00+02:00,168,41,M1_GBT_CAL_WEATHER,3.023197941572027,0.1777151341,1.2508344135,3.6480300287,5.004855842049998,3.7097626867000058,0.09,LOW,27.9,False,RETURN_RAMP,0.28,STANDARD_06_17,Warm weather can increase cooling demand during this period.,Pool circulation or heating can add to household demand during this period.,stage5_frozen_selected_model,stage6a_frozen_ensemble,stage6b_deterministic_rules,real
2025-09-03T17:00:00+02:00,2025-09-01T23:00:00+02:00,168,42,M1_GBT_CAL_WEATHER,3.9314008499301663,0.8828553621,2.817046659,9.1364605172,10.189694000299994,3.7097626867000058,0.33,MEDIUM,27.5,False,RETURN_RAMP,0.4,PEAK_17_22,"Evening demand can rise when EV charging, HVAC and household activities overlap.",Warm weather can increase cooling demand during this period.,stage5_frozen_selected_model,stage6a_frozen_ensemble,stage6b_deterministic_rules,real
2025-09-03T18:00:00+02:00,2025-09-01T23:00:00+02:00,168,43,M1_GBT_CAL_WEATHER,4.042091165055789,1.029494159,3.770990385,10.9776183919,14.712664812899998,3.7097626867000058,0.5,HIGH,26.8,False,RETURN_RAMP,0.4,PEAK_17_22,"This is a high-risk period because EV charging can coincide with HVAC, cooking and optional high-power loads such as the sauna.",Warm weather can increase cooling demand during this period.,stage5_frozen_selected_model,stage6a_frozen_ensemble,stage6b_deterministic_rules,real
2025-09-03T19:00:00+02:00,2025-09-01T23:00:00+02:00,168,44,M1_GBT_CAL_WEATHER,3.9792288359699657,0.38175424140000014,5.3274025604999995,14.2638356575,16.86310783725,3.7097626867000058,0.565,HIGH,26.1,False,EVENING,0.4,PEAK_17_22,"This is a high-risk period because EV charging can coincide with HVAC, cooking and optional high-power loads such as the sauna.",Warm weather can increase cooling demand during this period.,stage5_frozen_selected_model,stage6a_frozen_ensemble,stage6b_deterministic_rules,real
2025-09-03T20:00:00+02:00,2025-09-01T23:00:00+02:00,168,45,M1_GBT_CAL_WEATHER,3.1150653119354046,0.25760060580000005,3.4875490229999997,10.5502072762,11.61436906004998,3.7097626867000058,0.48,HIGH,25.0,False,EVENING,0.4,PEAK_17_22,"This is a high-risk period because EV charging can coincide with HVAC, cooking and optional high-power loads such as the sauna.",Pool circulation or heating can add to household demand during this period.,stage5_frozen_selected_model,stage6a_frozen_ensemble,stage6b_deterministic_rules,real
2025-09-03T21:00:00+02:00,2025-09-01T23:00:00+02:00,168,46,M1_GBT_CAL_WEATHER,2.3203283083961184,0.17590537720000002,1.149629836,8.271267562999999,9.65645031245,3.7097626867000058,0.295,MEDIUM,24.0,False,EVENING,0.4,PEAK_17_22,"Evening demand can rise when EV charging, HVAC and household activities overlap.",Pool circulation or heating can add to household demand during this period.,stage5_frozen_selected_model,stage6a_frozen_ensemble,stage6b_deterministic_rules,real
2025-09-03T22:00:00+02:00,2025-09-01T23:00:00+02:00,168,47,M1_GBT_CAL_WEATHER,2.1614057157650404,0.3413505711,0.7203259645,4.9304301066999985,7.6990543521499974,3.7097626867000058,0.12,LOW,23.0,False,EVENING,0.28,STANDARD_22_24,Pool circulation or heating can add to household demand during this period.,,stage5_frozen_selected_model,stage6a_frozen_ensemble,stage6b_deterministic_rules,real
2025-09-03T23:00:00+02:00,2025-09-01T23:00:00+02:00,168,48,M1_GBT_CAL_WEATHER,1.2346222664164421,0.32764426710000005,0.525233485,1.1348292387999999,1.7783416551999505,3.7097626867000058,0.05,LOW,22.2,False,NIGHT,0.28,STANDARD_22_24,"Demand is usually lower overnight, although base loads, HVAC, pool systems and EV charging may remain active.",,stage5_frozen_selected_model,stage6a_frozen_ensemble,stage6b_deterministic_rules,real
2025-09-04T00:00:00+02:00,2025-09-01T23:00:00+02:00,168,49,M1_GBT_CAL_WEATHER,1.0835672281541087,0.31723154060000003,0.4848942,0.6778701686999999,0.7577742217999999,3.7097626867000058,0.01,LOW,22.0,False,NIGHT,0.18,OFF_PEAK_00_06,"Demand is usually lower overnight, although base loads, HVAC, pool systems and EV charging may remain active.",,stage5_frozen_selected_model,stage6a_frozen_ensemble,stage6b_deterministic_rules,real
2025-09-04T01:00:00+02:00,2025-09-01T23:00:00+02:00,168,50,M1_GBT_CAL_WEATHER,1.0113749660962885,0.3105810075,0.48016590800000003,0.6498618703,0.6685748573499999,3.7097626867000058,0.0,LOW,21.6,False,NIGHT,0.18,OFF_PEAK_00_06,"Demand is usually lower overnight, although base loads, HVAC, pool systems and EV charging may remain active.",,stage5_frozen_selected_model,stage6a_frozen_ensemble,stage6b_deterministic_rules,real
2025-09-04T02:00:00+02:00,2025-09-01T23:00:00+02:00,168,51,M1_GBT_CAL_WEATHER,1.0113749660962885,0.3148955392,0.483016271,0.6514319019,0.6770379761499999,3.7097626867000058,0.0,LOW,21.7,False,NIGHT,0.18,OFF_PEAK_00_06,"Demand is usually lower overnight, although base loads, HVAC, pool systems and EV charging may remain active.",,stage5_frozen_selected_model,stage6a_frozen_ensemble,stage6b_deterministic_rules,real
2025-09-04T03:00:00+02:00,2025-09-01T23:00:00+02:00,168,52,M1_GBT_CAL_WEATHER,0.9927498492922258,0.31619243280000003,0.48426090899999996,0.6526111793,0.67833727285,3.7097626867000058,0.005,LOW,20.8,False,NIGHT,0.18,OFF_PEAK_00_06,"Demand is usually lower overnight, although base loads, HVAC, pool systems and EV charging may remain active.",,stage5_frozen_selected_model,stage6a_frozen_ensemble,stage6b_deterministic_rules,real
2025-09-04T04:00:00+02:00,2025-09-01T23:00:00+02:00,168,53,M1_GBT_CAL_WEATHER,0.9927498492922258,0.3171875749,0.485215953,0.6535160707,0.6793282268999999,3.7097626867000058,0.0,LOW,21.3,False,NIGHT,0.18,OFF_PEAK_00_06,"Demand is usually lower overnight, although base loads, HVAC, pool systems and EV charging may remain active.",,stage5_frozen_selected_model,stage6a_frozen_ensemble,stage6b_deterministic_rules,real
2025-09-04T05:00:00+02:00,2025-09-01T23:00:00+02:00,168,54,M1_GBT_CAL_WEATHER,0.9927498492922258,0.32066836719999997,0.48712235800000003,0.6544568504,0.67994668225,3.7097626867000058,0.005,LOW,21.0,False,NIGHT,0.18,OFF_PEAK_00_06,"Demand is usually lower overnight, although base loads, HVAC, pool systems and EV charging may remain active.",,stage5_frozen_selected_model,stage6a_frozen_ensemble,stage6b_deterministic_rules,real
2025-09-04T06:00:00+02:00,2025-09-01T23:00:00+02:00,168,55,M1_GBT_CAL_WEATHER,0.9927498492922258,0.3384645725,0.5752055599999999,1.239946617,1.6520532571999977,3.7097626867000058,0.005,LOW,20.7,False,NIGHT,0.28,STANDARD_06_17,Pool circulation or heating can add to household demand during this period.,"Demand is usually lower overnight, although base loads, HVAC, pool systems and EV charging may remain active.",stage5_frozen_selected_model,stage6a_frozen_ensemble,stage6b_deterministic_rules,real
2025-09-04T07:00:00+02:00,2025-09-01T23:00:00+02:00,168,56,M1_GBT_CAL_WEATHER,0.9927498492922258,0.4060354816,0.827227657,1.9204214731999998,2.58600779365,3.7097626867000058,0.025,LOW,20.8,False,MORNING,0.28,STANDARD_06_17,Pool circulation or heating can add to household demand during this period.,,stage5_frozen_selected_model,stage6a_frozen_ensemble,stage6b_deterministic_rules,real
2025-09-04T08:00:00+02:00,2025-09-01T23:00:00+02:00,168,57,M1_GBT_CAL_WEATHER,0.9927498492922258,0.19071747220000002,0.887230686,1.6888179512999997,2.6101675577499974,3.7097626867000058,0.025,LOW,21.1,False,MORNING,0.28,STANDARD_06_17,Pool circulation or heating can add to household demand during this period.,,stage5_frozen_selected_model,stage6a_frozen_ensemble,stage6b_deterministic_rules,real
2025-09-04T09:00:00+02:00,2025-09-01T23:00:00+02:00,168,58,M1_GBT_CAL_WEATHER,0.9927498492922258,0.19750579750000002,1.0181244465,1.3288765063999999,1.3803065292499996,3.7097626867000058,0.01,LOW,22.4,False,DAYTIME,0.28,STANDARD_06_17,Pool circulation or heating can add to household demand during this period.,,stage5_frozen_selected_model,stage6a_frozen_ensemble,stage6b_deterministic_rules,real
2025-09-04T10:00:00+02:00,2025-09-01T23:00:00+02:00,168,59,M1_GBT_CAL_WEATHER,0.9927498492922258,0.22209801080000002,1.0399599435,1.3485966673,1.4188770544999993,3.7097626867000058,0.0,LOW,24.1,False,DAYTIME,0.28,STANDARD_06_17,Pool circulation or heating can add to household demand during this period.,,stage5_frozen_selected_model,stage6a_frozen_ensemble,stage6b_deterministic_rules,real
2025-09-04T11:00:00+02:00,2025-09-01T23:00:00+02:00,168,60,M1_GBT_CAL_WEATHER,1.1529853350004575,0.2141475024,1.0012744075,1.3364341899,1.4187458470999967,3.7097626867000058,0.01,LOW,25.5,False,DAYTIME,0.28,STANDARD_06_17,Warm weather can increase cooling demand during this period.,Pool circulation or heating can add to household demand during this period.,stage5_frozen_selected_model,stage6a_frozen_ensemble,stage6b_deterministic_rules,real
2025-09-04T12:00:00+02:00,2025-09-01T23:00:00+02:00,168,61,M1_GBT_CAL_WEATHER,1.2059473354316246,0.1631709771,0.8385466685,1.2850981425,1.3625716916000001,3.7097626867000058,0.005,LOW,26.5,False,DAYTIME,0.28,STANDARD_06_17,Warm weather can increase cooling demand during this period.,Pool circulation or heating can add to household demand during this period.,stage5_frozen_selected_model,stage6a_frozen_ensemble,stage6b_deterministic_rules,real
2025-09-04T13:00:00+02:00,2025-09-01T23:00:00+02:00,168,62,M1_GBT_CAL_WEATHER,1.2326414827488745,0.1473747001,0.2187050285,1.3241520758999998,1.7564305935499978,3.7097626867000058,0.01,LOW,26.9,False,DAYTIME,0.28,STANDARD_06_17,Warm weather can increase cooling demand during this period.,Pool circulation or heating can add to household demand during this period.,stage5_frozen_selected_model,stage6a_frozen_ensemble,stage6b_deterministic_rules,real
2025-09-04T14:00:00+02:00,2025-09-01T23:00:00+02:00,168,63,M1_GBT_CAL_WEATHER,1.3736296372000114,0.143135813,0.21085101150000002,1.5953301740999999,2.565622248899999,3.7097626867000058,0.03,LOW,26.9,False,DAYTIME,0.28,STANDARD_06_17,Warm weather can increase cooling demand during this period.,Pool circulation or heating can add to household demand during this period.,stage5_frozen_selected_model,stage6a_frozen_ensemble,stage6b_deterministic_rules,real
2025-09-04T15:00:00+02:00,2025-09-01T23:00:00+02:00,168,64,M1_GBT_CAL_WEATHER,2.4842743863434635,0.1531838379,0.582620177,2.3908668904999995,2.8955663976499957,3.7097626867000058,0.035,LOW,27.1,False,DAYTIME,0.28,STANDARD_06_17,Warm weather can increase cooling demand during this period.,Pool circulation or heating can add to household demand during this period.,stage5_frozen_selected_model,stage6a_frozen_ensemble,stage6b_deterministic_rules,real
2025-09-04T16:00:00+02:00,2025-09-01T23:00:00+02:00,168,65,M1_GBT_CAL_WEATHER,2.854738890479159,0.1743633646,1.2277533369999998,3.7878002745999995,5.7879107556,3.7097626867000058,0.105,LOW,27.3,False,RETURN_RAMP,0.28,STANDARD_06_17,Warm weather can increase cooling demand during this period.,Pool circulation or heating can add to household demand during this period.,stage5_frozen_selected_model,stage6a_frozen_ensemble,stage6b_deterministic_rules,real
2025-09-04T17:00:00+02:00,2025-09-01T23:00:00+02:00,168,66,M1_GBT_CAL_WEATHER,2.795482676221923,0.7702608378000001,2.7022614785,9.582705899199999,10.432524782099996,3.7097626867000058,0.335,MEDIUM,27.0,False,RETURN_RAMP,0.4,PEAK_17_22,"Evening demand can rise when EV charging, HVAC and household activities overlap.",Warm weather can increase cooling demand during this period.,stage5_frozen_selected_model,stage6a_frozen_ensemble,stage6b_deterministic_rules,real
2025-09-04T18:00:00+02:00,2025-09-01T23:00:00+02:00,168,67,M1_GBT_CAL_WEATHER,3.4810478927914756,0.7823421361000001,4.200605081000001,11.0539952947,14.730083251599988,3.7097626867000058,0.515,HIGH,26.9,False,RETURN_RAMP,0.4,PEAK_17_22,"This is a high-risk period because EV charging can coincide with HVAC, cooking and optional high-power loads such as the sauna.",Warm weather can increase cooling demand during this period.,stage5_frozen_selected_model,stage6a_frozen_ensemble,stage6b_deterministic_rules,real
2025-09-04T19:00:00+02:00,2025-09-01T23:00:00+02:00,168,68,M1_GBT_CAL_WEATHER,3.4810478927914756,0.5481156093000001,4.296611732500001,11.3221558327,14.834957147049995,3.7097626867000058,0.555,HIGH,26.8,False,EVENING,0.4,PEAK_17_22,"This is a high-risk period because EV charging can coincide with HVAC, cooking and optional high-power loads such as the sauna.",Warm weather can increase cooling demand during this period.,stage5_frozen_selected_model,stage6a_frozen_ensemble,stage6b_deterministic_rules,real
2025-09-04T20:00:00+02:00,2025-09-01T23:00:00+02:00,168,69,M1_GBT_CAL_WEATHER,2.7071149006958657,0.2161050371,3.0028471999999997,9.941115745600001,11.641079104349997,3.7097626867000058,0.43,HIGH,25.8,False,EVENING,0.4,PEAK_17_22,"This is a high-risk period because EV charging can coincide with HVAC, cooking and optional high-power loads such as the sauna.",Warm weather can increase cooling demand during this period.,stage5_frozen_selected_model,stage6a_frozen_ensemble,stage6b_deterministic_rules,real
2025-09-04T21:00:00+02:00,2025-09-01T23:00:00+02:00,168,70,M1_GBT_CAL_WEATHER,2.20893115138097,0.19948722860000004,0.9764012395,7.7644170381,8.399751727999998,3.7097626867000058,0.27,MEDIUM,24.9,False,EVENING,0.4,PEAK_17_22,"Evening demand can rise when EV charging, HVAC and household activities overlap.",Pool circulation or heating can add to household demand during this period.,stage5_frozen_selected_model,stage6a_frozen_ensemble,stage6b_deterministic_rules,real
2025-09-04T22:00:00+02:00,2025-09-01T23:00:00+02:00,168,71,M1_GBT_CAL_WEATHER,2.1513388319538436,0.3506921248,0.649044372,5.7669941636,7.794437126199999,3.7097626867000058,0.12,LOW,25.0,False,EVENING,0.28,STANDARD_22_24,Pool circulation or heating can add to household demand during this period.,,stage5_frozen_selected_model,stage6a_frozen_ensemble,stage6b_deterministic_rules,real
2025-09-04T23:00:00+02:00,2025-09-01T23:00:00+02:00,168,72,M1_GBT_CAL_WEATHER,1.2053251209785925,0.3113480599,0.554807186,2.0322299062,2.77139094465,3.7097626867000058,0.035,LOW,23.8,False,NIGHT,0.28,STANDARD_22_24,"Demand is usually lower overnight, although base loads, HVAC, pool systems and EV charging may remain active.",,stage5_frozen_selected_model,stage6a_frozen_ensemble,stage6b_deterministic_rules,real
2025-09-05T00:00:00+02:00,2025-09-01T23:00:00+02:00,168,73,M1_GBT_CAL_WEATHER,1.0643369665274556,0.3171833881,0.5227890909999999,1.6956170681999991,2.1376757896000003,3.7097626867000058,0.0,LOW,23.4,False,NIGHT,0.18,OFF_PEAK_00_06,"Demand is usually lower overnight, although base loads, HVAC, pool systems and EV charging may remain active.",,stage5_frozen_selected_model,stage6a_frozen_ensemble,stage6b_deterministic_rules,real
2025-09-05T01:00:00+02:00,2025-09-01T23:00:00+02:00,168,74,M1_GBT_CAL_WEATHER,1.0113749660962885,0.3105810075,0.4815668595,0.652798535,0.676651861,3.7097626867000058,0.01,LOW,22.7,False,NIGHT,0.18,OFF_PEAK_00_06,"Demand is usually lower overnight, although base loads, HVAC, pool systems and EV charging may remain active.",,stage5_frozen_selected_model,stage6a_frozen_ensemble,stage6b_deterministic_rules,real
2025-09-05T02:00:00+02:00,2025-09-01T23:00:00+02:00,168,75,M1_GBT_CAL_WEATHER,1.0113749660962885,0.3148955392,0.484266718,0.6556736035999999,0.6788138865000001,3.7097626867000058,0.01,LOW,22.5,False,NIGHT,0.18,OFF_PEAK_00_06,"Demand is usually lower overnight, although base loads, HVAC, pool systems and EV charging may remain active.",,stage5_frozen_selected_model,stage6a_frozen_ensemble,stage6b_deterministic_rules,real
2025-09-05T03:00:00+02:00,2025-09-01T23:00:00+02:00,168,76,M1_GBT_CAL_WEATHER,0.9927498492922258,0.31619243280000003,0.48553978600000003,0.6569951098,0.6798997658,3.7097626867000058,0.015,LOW,22.3,False,NIGHT,0.18,OFF_PEAK_00_06,"Demand is usually lower overnight, although base loads, HVAC, pool systems and EV charging may remain active.",,stage5_frozen_selected_model,stage6a_frozen_ensemble,stage6b_deterministic_rules,real
2025-09-05T04:00:00+02:00,2025-09-01T23:00:00+02:00,168,77,M1_GBT_CAL_WEATHER,0.9927498492922258,0.3194864844,0.487581599,0.6563414593,0.6806709250999999,3.7097626867000058,0.005,LOW,22.7,False,NIGHT,0.18,OFF_PEAK_00_06,"Demand is usually lower overnight, although base loads, HVAC, pool systems and EV charging may remain active.",,stage5_frozen_selected_model,stage6a_frozen_ensemble,stage6b_deterministic_rules,real
2025-09-05T05:00:00+02:00,2025-09-01T23:00:00+02:00,168,78,M1_GBT_CAL_WEATHER,0.9927498492922258,0.3201566164,0.48712235800000003,0.6540849085,0.6728729857499999,3.7097626867000058,0.0,LOW,22.1,False,NIGHT,0.18,OFF_PEAK_00_06,"Demand is usually lower overnight, although base loads, HVAC, pool systems and EV charging may remain active.",,stage5_frozen_selected_model,stage6a_frozen_ensemble,stage6b_deterministic_rules,real
2025-09-05T06:00:00+02:00,2025-09-01T23:00:00+02:00,168,79,M1_GBT_CAL_WEATHER,0.9927498492922258,0.3394556894,0.5410294375,1.1601822761,1.2724559443999996,3.7097626867000058,0.0,LOW,21.8,False,NIGHT,0.28,STANDARD_06_17,Pool circulation or heating can add to household demand during this period.,"Demand is usually lower overnight, although base loads, HVAC, pool systems and EV charging may remain active.",stage5_frozen_selected_model,stage6a_frozen_ensemble,stage6b_deterministic_rules,real
2025-09-05T07:00:00+02:00,2025-09-01T23:00:00+02:00,168,80,M1_GBT_CAL_WEATHER,0.9927498492922258,0.41018163080000003,0.9111261740000001,2.2794883190999995,2.7815286473499996,3.7097626867000058,0.005,LOW,21.3,False,MORNING,0.28,STANDARD_06_17,Pool circulation or heating can add to household demand during this period.,,stage5_frozen_selected_model,stage6a_frozen_ensemble,stage6b_deterministic_rules,real
2025-09-05T08:00:00+02:00,2025-09-01T23:00:00+02:00,168,81,M1_GBT_CAL_WEATHER,0.9927498492922258,0.1862991464,0.9648142685000001,1.9452776844000002,2.361664604,3.7097626867000058,0.015,LOW,21.6,False,MORNING,0.28,STANDARD_06_17,Pool circulation or heating can add to household demand during this period.,,stage5_frozen_selected_model,stage6a_frozen_ensemble,stage6b_deterministic_rules,real
2025-09-05T09:00:00+02:00,2025-09-01T23:00:00+02:00,168,82,M1_GBT_CAL_WEATHER,0.9927498492922258,0.1858678607,1.0165008800000002,1.3404257921,1.6748358614499996,3.7097626867000058,0.025,LOW,22.8,False,DAYTIME,0.28,STANDARD_06_17,Pool circulation or heating can add to household demand during this period.,,stage5_frozen_selected_model,stage6a_frozen_ensemble,stage6b_deterministic_rules,real
2025-09-05T10:00:00+02:00,2025-09-01T23:00:00+02:00,168,83,M1_GBT_CAL_WEATHER,0.9927498492922258,0.2477549581000001,1.020977594,1.3951127386000002,3.0828777685999955,3.7097626867000058,0.045,LOW,23.9,False,DAYTIME,0.28,STANDARD_06_17,Pool circulation or heating can add to household demand during this period.,,stage5_frozen_selected_model,stage6a_frozen_ensemble,stage6b_deterministic_rules,real
2025-09-05T11:00:00+02:00,2025-09-01T23:00:00+02:00,168,84,M1_GBT_CAL_WEATHER,0.9927498492922258,0.2149729401,0.970396085,1.5894826584,3.578081951149993,3.7097626867000058,0.05,LOW,24.8,False,DAYTIME,0.28,STANDARD_06_17,Pool circulation or heating can add to household demand during this period.,,stage5_frozen_selected_model,stage6a_frozen_ensemble,stage6b_deterministic_rules,real
2025-09-05T12:00:00+02:00,2025-09-01T23:00:00+02:00,168,85,M1_GBT_CAL_WEATHER,1.0457118497233928,0.1671966603,0.86544925,1.3773639094,2.5420153867999975,3.7097626867000058,0.04,LOW,25.2,False,DAYTIME,0.28,STANDARD_06_17,Pool circulation or heating can add to household demand during this period.,,stage5_frozen_selected_model,stage6a_frozen_ensemble,stage6b_deterministic_rules,real
2025-09-05T13:00:00+02:00,2025-09-01T23:00:00+02:00,168,86,M1_GBT_CAL_WEATHER,1.2059473354316246,0.144385109,0.32874911250000005,1.3331750624,1.8259317758499929,3.7097626867000058,0.035,LOW,25.8,False,DAYTIME,0.28,STANDARD_06_17,Warm weather can increase cooling demand during this period.,Pool circulation or heating can add to household demand during this period.,stage5_frozen_selected_model,stage6a_frozen_ensemble,stage6b_deterministic_rules,real
2025-09-05T14:00:00+02:00,2025-09-01T23:00:00+02:00,168,87,M1_GBT_CAL_WEATHER,1.3469354898827615,0.1415906191,0.212145989,1.3099617096,2.2175003409499983,3.7097626867000058,0.025,LOW,25.9,False,DAYTIME,0.28,STANDARD_06_17,Warm weather can increase cooling demand during this period.,Pool circulation or heating can add to household demand during this period.,stage5_frozen_selected_model,stage6a_frozen_ensemble,stage6b_deterministic_rules,real
2025-09-05T15:00:00+02:00,2025-09-01T23:00:00+02:00,168,88,M1_GBT_CAL_WEATHER,1.7601469582635283,0.1497524878,0.395593158,1.3735853678,1.996870611749998,3.7097626867000058,0.01,LOW,26.0,False,DAYTIME,0.28,STANDARD_06_17,Warm weather can increase cooling demand during this period.,Pool circulation or heating can add to household demand during this period.,stage5_frozen_selected_model,stage6a_frozen_ensemble,stage6b_deterministic_rules,real
2025-09-05T16:00:00+02:00,2025-09-01T23:00:00+02:00,168,89,M1_GBT_CAL_WEATHER,1.976942962852941,0.1774341285,0.9985549874999999,2.8802815878999994,4.4056844351499995,3.7097626867000058,0.065,LOW,26.0,False,RETURN_RAMP,0.28,STANDARD_06_17,Warm weather can increase cooling demand during this period.,Pool circulation or heating can add to household demand during this period.,stage5_frozen_selected_model,stage6a_frozen_ensemble,stage6b_deterministic_rules,real
2025-09-05T17:00:00+02:00,2025-09-01T23:00:00+02:00,168,90,M1_GBT_CAL_WEATHER,2.1436942946111914,0.6731941403,2.0700642645,8.413203828899999,10.03460471055,3.7097626867000058,0.33,MEDIUM,25.7,False,RETURN_RAMP,0.4,PEAK_17_22,"Evening demand can rise when EV charging, HVAC and household activities overlap.",Warm weather can increase cooling demand during this period.,stage5_frozen_selected_model,stage6a_frozen_ensemble,stage6b_deterministic_rules,real
2025-09-05T18:00:00+02:00,2025-09-01T23:00:00+02:00,168,91,M1_GBT_CAL_WEATHER,2.718940476268313,0.7878723061999999,4.3384612605,12.091160449199998,13.3424543781,3.7097626867000058,0.545,HIGH,25.4,False,RETURN_RAMP,0.4,PEAK_17_22,"This is a high-risk period because EV charging can coincide with HVAC, cooking and optional high-power loads such as the sauna.",Pool circulation or heating can add to household demand during this period.,stage5_frozen_selected_model,stage6a_frozen_ensemble,stage6b_deterministic_rules,real
2025-09-05T19:00:00+02:00,2025-09-01T23:00:00+02:00,168,92,M1_GBT_CAL_WEATHER,2.56584761524354,0.24690821950000005,5.2281511665,12.627489378799996,15.059434272649995,3.7097626867000058,0.58,HIGH,24.6,False,EVENING,0.4,PEAK_17_22,"This is a high-risk period because EV charging can coincide with HVAC, cooking and optional high-power loads such as the sauna.",Pool circulation or heating can add to household demand during this period.,stage5_frozen_selected_model,stage6a_frozen_ensemble,stage6b_deterministic_rules,real
2025-09-05T20:00:00+02:00,2025-09-01T23:00:00+02:00,168,93,M1_GBT_CAL_WEATHER,2.4583605783908555,0.2544264474,2.9952823825,10.818183061299997,13.875915310549997,3.7097626867000058,0.455,HIGH,23.5,False,EVENING,0.4,PEAK_17_22,"This is a high-risk period because EV charging can coincide with HVAC, cooking and optional high-power loads such as the sauna.",Pool circulation or heating can add to household demand during this period.,stage5_frozen_selected_model,stage6a_frozen_ensemble,stage6b_deterministic_rules,real
2025-09-05T21:00:00+02:00,2025-09-01T23:00:00+02:00,168,94,M1_GBT_CAL_WEATHER,2.2281614130076233,0.2048405942,0.9582186975,7.9540463505,9.23213248865,3.7097626867000058,0.285,MEDIUM,22.2,False,EVENING,0.4,PEAK_17_22,"Evening demand can rise when EV charging, HVAC and household activities overlap.",Pool circulation or heating can add to household demand during this period.,stage5_frozen_selected_model,stage6a_frozen_ensemble,stage6b_deterministic_rules,real
2025-09-05T22:00:00+02:00,2025-09-01T23:00:00+02:00,168,95,M1_GBT_CAL_WEATHER,2.1513388319538436,0.3481445337,0.7999484880000001,6.1264549364999965,8.29068669185,3.7097626867000058,0.145,LOW,21.4,False,EVENING,0.28,STANDARD_22_24,Pool circulation or heating can add to household demand during this period.,,stage5_frozen_selected_model,stage6a_frozen_ensemble,stage6b_deterministic_rules,real
2025-09-05T23:00:00+02:00,2025-09-01T23:00:00+02:00,168,96,M1_GBT_CAL_WEATHER,1.2245553826052455,0.31704108459999997,0.5548219595,1.276407944,3.6755687013499903,3.7097626867000058,0.05,LOW,21.9,False,NIGHT,0.28,STANDARD_22_24,"Demand is usually lower overnight, although base loads, HVAC, pool systems and EV charging may remain active.",,stage5_frozen_selected_model,stage6a_frozen_ensemble,stage6b_deterministic_rules,real
2025-09-06T00:00:00+02:00,2025-09-01T23:00:00+02:00,168,97,M1_GBT_CAL_WEATHER,1.0835672281541087,0.3087706644,0.48330077250000003,0.6651464978,0.7098765022499982,3.7097626867000058,0.005,LOW,21.8,True,NIGHT,0.18,OFF_PEAK_00_06,"Demand is usually lower overnight, although base loads, HVAC, pool systems and EV charging may remain active.",,stage5_frozen_selected_model,stage6a_frozen_ensemble,stage6b_deterministic_rules,real
2025-09-06T01:00:00+02:00,2025-09-01T23:00:00+02:00,168,98,M1_GBT_CAL_WEATHER,1.0306052277229416,0.3090537995,0.482710967,0.6500586041,0.67552491385,3.7097626867000058,0.0,LOW,21.6,True,NIGHT,0.18,OFF_PEAK_00_06,"Demand is usually lower overnight, although base loads, HVAC, pool systems and EV charging may remain active.",,stage5_frozen_selected_model,stage6a_frozen_ensemble,stage6b_deterministic_rules,real
2025-09-06T02:00:00+02:00,2025-09-01T23:00:00+02:00,168,99,M1_GBT_CAL_WEATHER,1.0306052277229416,0.31031986240000003,0.483016271,0.6511974301,0.6700408691499999,3.7097626867000058,0.0,LOW,20.2,True,NIGHT,0.18,OFF_PEAK_00_06,"Demand is usually lower overnight, although base loads, HVAC, pool systems and EV charging may remain active.",,stage5_frozen_selected_model,stage6a_frozen_ensemble,stage6b_deterministic_rules,real
2025-09-06T03:00:00+02:00,2025-09-01T23:00:00+02:00,168,100,M1_GBT_CAL_WEATHER,1.0119801109188789,0.31140705560000004,0.48426090899999996,0.6523443012,0.6712997623999999,3.7097626867000058,0.0,LOW,19.8,True,NIGHT,0.18,OFF_PEAK_00_06,"Demand is usually lower overnight, although base loads, HVAC, pool systems and EV charging may remain active.",,stage5_frozen_selected_model,stage6a_frozen_ensemble,stage6b_deterministic_rules,real
2025-09-06T04:00:00+02:00,2025-09-01T23:00:00+02:00,168,101,M1_GBT_CAL_WEATHER,1.0119801109188789,0.3171875749,0.487581599,0.6539220567999999,0.6806709250999999,3.7097626867000058,0.0,LOW,19.5,True,NIGHT,0.18,OFF_PEAK_00_06,"Demand is usually lower overnight, although base loads, HVAC, pool systems and EV charging may remain active.",,stage5_frozen_selected_model,stage6a_frozen_ensemble,stage6b_deterministic_rules,real
2025-09-06T05:00:00+02:00,2025-09-01T23:00:00+02:00,168,102,M1_GBT_CAL_WEATHER,1.0119801109188789,0.3178131466,0.490787488,0.6825160194,2.6474808871999937,3.7097626867000058,0.025,LOW,19.4,True,NIGHT,0.18,OFF_PEAK_00_06,"Demand is usually lower overnight, although base loads, HVAC, pool systems and EV charging may remain active.",,stage5_frozen_selected_model,stage6a_frozen_ensemble,stage6b_deterministic_rules,real
2025-09-06T06:00:00+02:00,2025-09-01T23:00:00+02:00,168,103,M1_GBT_CAL_WEATHER,1.0119801109188789,0.3380876982,0.588188897,2.8834796551999995,3.3406017595499993,3.7097626867000058,0.025,LOW,19.4,True,NIGHT,0.28,STANDARD_06_17,Pool circulation or heating can add to household demand during this period.,"Demand is usually lower overnight, although base loads, HVAC, pool systems and EV charging may remain active.",stage5_frozen_selected_model,stage6a_frozen_ensemble,stage6b_deterministic_rules,real
2025-09-06T07:00:00+02:00,2025-09-01T23:00:00+02:00,168,104,M1_GBT_CAL_WEATHER,1.0119801109188789,0.3594788264,1.1398379745,4.2170198467999995,4.78062876425,3.7097626867000058,0.18,LOW,19.1,True,MORNING,0.28,STANDARD_06_17,Pool circulation or heating can add to household demand during this period.,Weekend occupancy can increase daytime household activity.,stage5_frozen_selected_model,stage6a_frozen_ensemble,stage6b_deterministic_rules,real
2025-09-06T08:00:00+02:00,2025-09-01T23:00:00+02:00,168,105,M1_GBT_CAL_WEATHER,1.0119801109188789,0.2004022493,1.0191390055,3.7674898020999996,4.26277560635,3.7097626867000058,0.115,LOW,19.5,True,MORNING,0.28,STANDARD_06_17,Pool circulation or heating can add to household demand during this period.,Weekend occupancy can increase daytime household activity.,stage5_frozen_selected_model,stage6a_frozen_ensemble,stage6b_deterministic_rules,real
2025-09-06T09:00:00+02:00,2025-09-01T23:00:00+02:00,168,106,M1_GBT_CAL_WEATHER,1.0119801109188789,0.2131743321,1.106217271,3.631274619099999,4.2829372846,3.7097626867000058,0.1,LOW,21.6,True,DAYTIME,0.28,STANDARD_06_17,Pool circulation or heating can add to household demand during this period.,Weekend occupancy can increase daytime household activity.,stage5_frozen_selected_model,stage6a_frozen_ensemble,stage6b_deterministic_rules,real
2025-09-06T10:00:00+02:00,2025-09-01T23:00:00+02:00,168,107,M1_GBT_CAL_WEATHER,0.9927498492922258,0.219215807,0.993098917,1.3500512457,1.3979108649499998,3.7097626867000058,0.025,LOW,23.7,True,DAYTIME,0.28,STANDARD_06_17,Pool circulation or heating can add to household demand during this period.,Weekend occupancy can increase daytime household activity.,stage5_frozen_selected_model,stage6a_frozen_ensemble,stage6b_deterministic_rules,real
2025-09-06T11:00:00+02:00,2025-09-01T23:00:00+02:00,168,108,M1_GBT_CAL_WEATHER,0.9927498492922258,0.2270565937,1.011410857,1.3929904476000001,2.0770083091999996,3.7097626867000058,0.03,LOW,25.0,True,DAYTIME,0.28,STANDARD_06_17,Pool circulation or heating can add to household demand during this period.,Weekend occupancy can increase daytime household activity.,stage5_frozen_selected_model,stage6a_frozen_ensemble,stage6b_deterministic_rules,real
2025-09-06T12:00:00+02:00,2025-09-01T23:00:00+02:00,168,109,M1_GBT_CAL_WEATHER,1.2059473354316246,0.1696389456,0.9688014805,1.4622678651999999,3.0384565167499997,3.7097626867000058,0.035,LOW,25.9,True,DAYTIME,0.28,STANDARD_06_17,Warm weather can increase cooling demand during this period.,Pool circulation or heating can add to household demand during this period.,stage5_frozen_selected_model,stage6a_frozen_ensemble,stage6b_deterministic_rules,real
2025-09-06T13:00:00+02:00,2025-09-01T23:00:00+02:00,168,110,M1_GBT_CAL_WEATHER,1.2059473354316246,0.16031107060000002,0.4970974025,1.3748840731999994,3.4461943133499986,3.7097626867000058,0.045,LOW,26.5,True,DAYTIME,0.28,STANDARD_06_17,Warm weather can increase cooling demand during this period.,Pool circulation or heating can add to household demand during this period.,stage5_frozen_selected_model,stage6a_frozen_ensemble,stage6b_deterministic_rules,real
2025-09-06T14:00:00+02:00,2025-09-01T23:00:00+02:00,168,111,M1_GBT_CAL_WEATHER,1.3661657515094145,0.1526502143,0.2251879855,1.3378054846999998,3.7604157360999997,3.7097626867000058,0.055,LOW,26.6,True,DAYTIME,0.28,STANDARD_06_17,Warm weather can increase cooling demand during this period.,Pool circulation or heating can add to household demand during this period.,stage5_frozen_selected_model,stage6a_frozen_ensemble,stage6b_deterministic_rules,real
2025-09-06T15:00:00+02:00,2025-09-01T23:00:00+02:00,168,112,M1_GBT_CAL_WEATHER,1.8411457931144841,0.1552358041,0.7861625315,2.481101112499999,3.3485205320999984,3.7097626867000058,0.045,LOW,26.7,True,DAYTIME,0.28,STANDARD_06_17,Warm weather can increase cooling demand during this period.,Pool circulation or heating can add to household demand during this period.,stage5_frozen_selected_model,stage6a_frozen_ensemble,stage6b_deterministic_rules,real
2025-09-06T16:00:00+02:00,2025-09-01T23:00:00+02:00,168,113,M1_GBT_CAL_WEATHER,1.996173224479594,0.16313467350000002,1.116273747,3.6448999327999996,6.3846249182499974,3.7097626867000058,0.095,LOW,26.6,True,RETURN_RAMP,0.28,STANDARD_06_17,Warm weather can increase cooling demand during this period.,Pool circulation or heating can add to household demand during this period.,stage5_frozen_selected_model,stage6a_frozen_ensemble,stage6b_deterministic_rules,real
2025-09-06T17:00:00+02:00,2025-09-01T23:00:00+02:00,168,114,M1_GBT_CAL_WEATHER,2.1436942946111914,0.5178821444,1.3583068109999998,6.912220416799999,9.55954422735,3.7097626867000058,0.15,LOW,26.2,True,RETURN_RAMP,0.4,PEAK_17_22,Warm weather can increase cooling demand during this period.,Pool circulation or heating can add to household demand during this period.,stage5_frozen_selected_model,stage6a_frozen_ensemble,stage6b_deterministic_rules,real
2025-09-06T18:00:00+02:00,2025-09-01T23:00:00+02:00,168,115,M1_GBT_CAL_WEATHER,2.69971021464166,0.2061771236,1.5493597289999999,7.7553823582999994,9.528534400599996,3.7097626867000058,0.25,MEDIUM,25.7,True,RETURN_RAMP,0.4,PEAK_17_22,"Evening demand can rise when EV charging, HVAC and household activities overlap.",Warm weather can increase cooling demand during this period.,stage5_frozen_selected_model,stage6a_frozen_ensemble,stage6b_deterministic_rules,real
2025-09-06T19:00:00+02:00,2025-09-01T23:00:00+02:00,168,116,M1_GBT_CAL_WEATHER,2.69971021464166,0.2114551977,2.3224039195,8.984220388,10.159866519549995,3.7097626867000058,0.35,MEDIUM,25.4,True,EVENING,0.4,PEAK_17_22,"Evening demand can rise when EV charging, HVAC and household activities overlap.",Pool circulation or heating can add to household demand during this period.,stage5_frozen_selected_model,stage6a_frozen_ensemble,stage6b_deterministic_rules,real
2025-09-06T20:00:00+02:00,2025-09-01T23:00:00+02:00,168,117,M1_GBT_CAL_WEATHER,2.4391303167642024,0.2265599908,1.973263515,8.7227399152,9.571373545649998,3.7097626867000058,0.31,MEDIUM,24.3,True,EVENING,0.4,PEAK_17_22,"Evening demand can rise when EV charging, HVAC and household activities overlap.",Pool circulation or heating can add to household demand during this period.,stage5_frozen_selected_model,stage6a_frozen_ensemble,stage6b_deterministic_rules,real
2025-09-06T21:00:00+02:00,2025-09-01T23:00:00+02:00,168,118,M1_GBT_CAL_WEATHER,2.20893115138097,0.1925250601,0.961313705,8.0106887564,8.99401106449999,3.7097626867000058,0.335,MEDIUM,23.4,True,EVENING,0.4,PEAK_17_22,"Evening demand can rise when EV charging, HVAC and household activities overlap.",Pool circulation or heating can add to household demand during this period.,stage5_frozen_selected_model,stage6a_frozen_ensemble,stage6b_deterministic_rules,real
2025-09-06T22:00:00+02:00,2025-09-01T23:00:00+02:00,168,119,M1_GBT_CAL_WEATHER,1.8894354277521168,0.39739572190000005,0.7638655560000001,6.7026642994,7.981583067999998,3.7097626867000058,0.145,LOW,24.1,True,EVENING,0.28,STANDARD_22_24,Pool circulation or heating can add to household demand during this period.,,stage5_frozen_selected_model,stage6a_frozen_ensemble,stage6b_deterministic_rules,real
2025-09-06T23:00:00+02:00,2025-09-01T23:00:00+02:00,168,120,M1_GBT_CAL_WEATHER,1.2053251209785925,0.33012907490000004,0.5676399560000001,1.2892939786,2.077768566899998,3.7097626867000058,0.03,LOW,24.0,True,NIGHT,0.28,STANDARD_22_24,"Demand is usually lower overnight, although base loads, HVAC, pool systems and EV charging may remain active.",,stage5_frozen_selected_model,stage6a_frozen_ensemble,stage6b_deterministic_rules,real
2025-09-07T00:00:00+02:00,2025-09-01T23:00:00+02:00,168,121,M1_GBT_CAL_WEATHER,1.0643369665274556,0.3184090312,0.5262306545,1.0101845727999996,2.2342943143499987,3.7097626867000058,0.015,LOW,23.1,True,NIGHT,0.18,OFF_PEAK_00_06,"Demand is usually lower overnight, although base loads, HVAC, pool systems and EV charging may remain active.",,stage5_frozen_selected_model,stage6a_frozen_ensemble,stage6b_deterministic_rules,real
2025-09-07T01:00:00+02:00,2025-09-01T23:00:00+02:00,168,122,M1_GBT_CAL_WEATHER,1.0113749660962885,0.3154133415,0.484883253,0.652798535,0.676651861,3.7097626867000058,0.01,LOW,24.1,True,NIGHT,0.18,OFF_PEAK_00_06,"Demand is usually lower overnight, although base loads, HVAC, pool systems and EV charging may remain active.",,stage5_frozen_selected_model,stage6a_frozen_ensemble,stage6b_deterministic_rules,real
2025-09-07T02:00:00+02:00,2025-09-01T23:00:00+02:00,168,123,M1_GBT_CAL_WEATHER,1.0113749660962885,0.3170311842,0.487715857,0.6556736035999999,0.6788138865000001,3.7097626867000058,0.005,LOW,23.2,True,NIGHT,0.18,OFF_PEAK_00_06,"Demand is usually lower overnight, although base loads, HVAC, pool systems and EV charging may remain active.",,stage5_frozen_selected_model,stage6a_frozen_ensemble,stage6b_deterministic_rules,real
2025-09-07T03:00:00+02:00,2025-09-01T23:00:00+02:00,168,124,M1_GBT_CAL_WEATHER,0.9927498492922258,0.3184204575,0.486731881,0.6526111793,0.6712997623999999,3.7097626867000058,0.0,LOW,23.2,True,NIGHT,0.18,OFF_PEAK_00_06,"Demand is usually lower overnight, although base loads, HVAC, pool systems and EV charging may remain active.",,stage5_frozen_selected_model,stage6a_frozen_ensemble,stage6b_deterministic_rules,real
2025-09-07T04:00:00+02:00,2025-09-01T23:00:00+02:00,168,125,M1_GBT_CAL_WEATHER,0.9927498492922258,0.3194864844,0.4878395175,0.6535160707,0.6722657439499998,3.7097626867000058,0.0,LOW,23.0,True,NIGHT,0.18,OFF_PEAK_00_06,"Demand is usually lower overnight, although base loads, HVAC, pool systems and EV charging may remain active.",,stage5_frozen_selected_model,stage6a_frozen_ensemble,stage6b_deterministic_rules,real
2025-09-07T05:00:00+02:00,2025-09-01T23:00:00+02:00,168,126,M1_GBT_CAL_WEATHER,0.9927498492922258,0.3201566164,0.488535807,0.6540849085,0.6728729857499999,3.7097626867000058,0.0,LOW,22.0,True,NIGHT,0.18,OFF_PEAK_00_06,"Demand is usually lower overnight, although base loads, HVAC, pool systems and EV charging may remain active.",,stage5_frozen_selected_model,stage6a_frozen_ensemble,stage6b_deterministic_rules,real
2025-09-07T06:00:00+02:00,2025-09-01T23:00:00+02:00,168,127,M1_GBT_CAL_WEATHER,0.9927498492922258,0.3259986812,0.567367939,1.1513750633,1.5132240310999996,3.7097626867000058,0.0,LOW,22.2,True,NIGHT,0.28,STANDARD_06_17,Pool circulation or heating can add to household demand during this period.,"Demand is usually lower overnight, although base loads, HVAC, pool systems and EV charging may remain active.",stage5_frozen_selected_model,stage6a_frozen_ensemble,stage6b_deterministic_rules,real
2025-09-07T07:00:00+02:00,2025-09-01T23:00:00+02:00,168,128,M1_GBT_CAL_WEATHER,1.0119801109188789,0.34504222290000003,0.7012412185,2.0576317649999996,2.4308296311499964,3.7097626867000058,0.015,LOW,22.0,True,MORNING,0.28,STANDARD_06_17,Pool circulation or heating can add to household demand during this period.,Weekend occupancy can increase daytime household activity.,stage5_frozen_selected_model,stage6a_frozen_ensemble,stage6b_deterministic_rules,real
2025-09-07T08:00:00+02:00,2025-09-01T23:00:00+02:00,168,129,M1_GBT_CAL_WEATHER,1.0119801109188789,0.1739328386,0.8978409940000001,1.7791679349999985,2.3898347718,3.7097626867000058,0.0,LOW,22.1,True,MORNING,0.28,STANDARD_06_17,Pool circulation or heating can add to household demand during this period.,Weekend occupancy can increase daytime household activity.,stage5_frozen_selected_model,stage6a_frozen_ensemble,stage6b_deterministic_rules,real
2025-09-07T09:00:00+02:00,2025-09-01T23:00:00+02:00,168,130,M1_GBT_CAL_WEATHER,0.9927498492922258,0.19654628680000003,1.0002919755,1.3229492004999999,1.4086383720000002,3.7097626867000058,0.005,LOW,23.6,True,DAYTIME,0.28,STANDARD_06_17,Pool circulation or heating can add to household demand during this period.,Weekend occupancy can increase daytime household activity.,stage5_frozen_selected_model,stage6a_frozen_ensemble,stage6b_deterministic_rules,real
2025-09-07T10:00:00+02:00,2025-09-01T23:00:00+02:00,168,131,M1_GBT_CAL_WEATHER,0.9927498492922258,0.1971859342,1.020977594,1.3663623682,1.5558301134999966,3.7097626867000058,0.015,LOW,24.8,True,DAYTIME,0.28,STANDARD_06_17,Pool circulation or heating can add to household demand during this period.,Weekend occupancy can increase daytime household activity.,stage5_frozen_selected_model,stage6a_frozen_ensemble,stage6b_deterministic_rules,real
2025-09-07T11:00:00+02:00,2025-09-01T23:00:00+02:00,168,132,M1_GBT_CAL_WEATHER,1.1529853350004575,0.2200050718,1.048497247,1.4506445801,2.7638143842499963,3.7097626867000058,0.025,LOW,25.4,True,DAYTIME,0.28,STANDARD_06_17,Pool circulation or heating can add to household demand during this period.,Weekend occupancy can increase daytime household activity.,stage5_frozen_selected_model,stage6a_frozen_ensemble,stage6b_deterministic_rules,real
2025-09-07T12:00:00+02:00,2025-09-01T23:00:00+02:00,168,133,M1_GBT_CAL_WEATHER,1.2059473354316246,0.1887385215,0.9220015395,1.8247362408999994,3.5515392939999986,3.7097626867000058,0.045,LOW,26.4,True,DAYTIME,0.28,STANDARD_06_17,Warm weather can increase cooling demand during this period.,Pool circulation or heating can add to household demand during this period.,stage5_frozen_selected_model,stage6a_frozen_ensemble,stage6b_deterministic_rules,real
2025-09-07T13:00:00+02:00,2025-09-01T23:00:00+02:00,168,134,M1_GBT_CAL_WEATHER,1.622825583693998,0.1662261017,0.8376328055,2.5487115568,3.02144198105,3.7097626867000058,0.04,LOW,27.0,True,DAYTIME,0.28,STANDARD_06_17,Warm weather can increase cooling demand during this period.,Pool circulation or heating can add to household demand during this period.,stage5_frozen_selected_model,stage6a_frozen_ensemble,stage6b_deterministic_rules,real
2025-09-07T14:00:00+02:00,2025-09-01T23:00:00+02:00,168,135,M1_GBT_CAL_WEATHER,1.763813738145135,0.16147526680000002,1.0518319965,2.9907625547,3.3194331031499993,3.7097626867000058,0.035,LOW,27.6,True,DAYTIME,0.28,STANDARD_06_17,Warm weather can increase cooling demand during this period.,Pool circulation or heating can add to household demand during this period.,stage5_frozen_selected_model,stage6a_frozen_ensemble,stage6b_deterministic_rules,real
2025-09-07T15:00:00+02:00,2025-09-01T23:00:00+02:00,168,136,M1_GBT_CAL_WEATHER,2.2416012437683888,0.1752529595,1.5720538755,3.1367153183999994,4.597878363399997,3.7097626867000058,0.06,LOW,28.2,True,DAYTIME,0.28,STANDARD_06_17,Warm weather can increase cooling demand during this period.,Pool circulation or heating can add to household demand during this period.,stage5_frozen_selected_model,stage6a_frozen_ensemble,stage6b_deterministic_rules,real
2025-09-07T16:00:00+02:00,2025-09-01T23:00:00+02:00,168,137,M1_GBT_CAL_WEATHER,2.516451686566757,0.4387703169000003,2.1697779835000004,7.1000069414999984,9.354412985199993,3.7097626867000058,0.15,LOW,28.1,True,RETURN_RAMP,0.28,STANDARD_06_17,Warm weather can increase cooling demand during this period.,Pool circulation or heating can add to household demand during this period.,stage5_frozen_selected_model,stage6a_frozen_ensemble,stage6b_deterministic_rules,real
2025-09-07T17:00:00+02:00,2025-09-01T23:00:00+02:00,168,138,M1_GBT_CAL_WEATHER,2.860116756768843,0.7524969297000002,2.345646309,6.576935494299998,9.23180400825,3.7097626867000058,0.185,LOW,27.8,True,RETURN_RAMP,0.4,PEAK_17_22,Warm weather can increase cooling demand during this period.,Pool circulation or heating can add to household demand during this period.,stage5_frozen_selected_model,stage6a_frozen_ensemble,stage6b_deterministic_rules,real
2025-09-07T18:00:00+02:00,2025-09-01T23:00:00+02:00,168,139,M1_GBT_CAL_WEATHER,3.3122881685144936,0.7616106636000001,2.571350563,7.897465822799998,9.821890391749996,3.7097626867000058,0.305,MEDIUM,27.1,True,RETURN_RAMP,0.4,PEAK_17_22,"Evening demand can rise when EV charging, HVAC and household activities overlap.",Warm weather can increase cooling demand during this period.,stage5_frozen_selected_model,stage6a_frozen_ensemble,stage6b_deterministic_rules,real
2025-09-07T19:00:00+02:00,2025-09-01T23:00:00+02:00,168,140,M1_GBT_CAL_WEATHER,2.3614230107292586,0.20395658349999998,2.5327578625,9.072508732500001,10.714229602749999,3.7097626867000058,0.34,MEDIUM,26.6,True,EVENING,0.4,PEAK_17_22,"Evening demand can rise when EV charging, HVAC and household activities overlap.",Warm weather can increase cooling demand during this period.,stage5_frozen_selected_model,stage6a_frozen_ensemble,stage6b_deterministic_rules,real
2025-09-07T20:00:00+02:00,2025-09-01T23:00:00+02:00,168,141,M1_GBT_CAL_WEATHER,2.2539359738765743,0.20982507720000002,2.1062782899999997,8.471140026499999,9.922524651749997,3.7097626867000058,0.355,MEDIUM,25.8,True,EVENING,0.4,PEAK_17_22,"Evening demand can rise when EV charging, HVAC and household activities overlap.",Warm weather can increase cooling demand during this period.,stage5_frozen_selected_model,stage6a_frozen_ensemble,stage6b_deterministic_rules,real
2025-09-07T21:00:00+02:00,2025-09-01T23:00:00+02:00,168,142,M1_GBT_CAL_WEATHER,1.8706439474685694,0.19899871160000002,1.9825604120000002,8.8016230558,10.140782860649994,3.7097626867000058,0.305,MEDIUM,25.0,True,EVENING,0.4,PEAK_17_22,"Evening demand can rise when EV charging, HVAC and household activities overlap.",Pool circulation or heating can add to household demand during this period.,stage5_frozen_selected_model,stage6a_frozen_ensemble,stage6b_deterministic_rules,real
2025-09-07T22:00:00+02:00,2025-09-01T23:00:00+02:00,168,143,M1_GBT_CAL_WEATHER,1.8894354277521168,0.3248241364,0.7936501555,7.6813328481,8.4126355699,3.7097626867000058,0.18,LOW,24.4,True,EVENING,0.28,STANDARD_22_24,Pool circulation or heating can add to household demand during this period.,,stage5_frozen_selected_model,stage6a_frozen_ensemble,stage6b_deterministic_rules,real
2025-09-07T23:00:00+02:00,2025-09-01T23:00:00+02:00,168,144,M1_GBT_CAL_WEATHER,1.2053251209785925,0.3167540783,0.5684196484999999,1.8316273345999996,3.6554240196499967,3.7097626867000058,0.05,LOW,24.0,True,NIGHT,0.28,STANDARD_22_24,"Demand is usually lower overnight, although base loads, HVAC, pool systems and EV charging may remain active.",,stage5_frozen_selected_model,stage6a_frozen_ensemble,stage6b_deterministic_rules,real
2025-09-08T00:00:00+02:00,2025-09-01T23:00:00+02:00,168,145,M1_GBT_CAL_WEATHER,1.0643369665274556,0.3046981474,0.5205563945,1.5062194807999996,2.257750967399998,3.7097626867000058,0.0,LOW,24.3,False,NIGHT,0.18,OFF_PEAK_00_06,"Demand is usually lower overnight, although base loads, HVAC, pool systems and EV charging may remain active.",,stage5_frozen_selected_model,stage6a_frozen_ensemble,stage6b_deterministic_rules,real
2025-09-08T01:00:00+02:00,2025-09-01T23:00:00+02:00,168,146,M1_GBT_CAL_WEATHER,1.0113749660962885,0.3092762134,0.48068291350000003,0.6612860959,0.6985159463499999,3.7097626867000058,0.005,LOW,24.4,False,NIGHT,0.18,OFF_PEAK_00_06,"Demand is usually lower overnight, although base loads, HVAC, pool systems and EV charging may remain active.",,stage5_frozen_selected_model,stage6a_frozen_ensemble,stage6b_deterministic_rules,real
2025-09-08T02:00:00+02:00,2025-09-01T23:00:00+02:00,168,147,M1_GBT_CAL_WEATHER,1.0113749660962885,0.3148955392,0.484266718,0.6652415521999999,0.700050428,3.7097626867000058,0.01,LOW,24.4,False,NIGHT,0.18,OFF_PEAK_00_06,"Demand is usually lower overnight, although base loads, HVAC, pool systems and EV charging may remain active.",,stage5_frozen_selected_model,stage6a_frozen_ensemble,stage6b_deterministic_rules,real
2025-09-08T03:00:00+02:00,2025-09-01T23:00:00+02:00,168,148,M1_GBT_CAL_WEATHER,0.9927498492922258,0.3206350326,0.4890222955,0.6671398322,0.7086000233999985,3.7097626867000058,0.015,LOW,24.2,False,NIGHT,0.18,OFF_PEAK_00_06,"Demand is usually lower overnight, although base loads, HVAC, pool systems and EV charging may remain active.",,stage5_frozen_selected_model,stage6a_frozen_ensemble,stage6b_deterministic_rules,real
2025-09-08T04:00:00+02:00,2025-09-01T23:00:00+02:00,168,149,M1_GBT_CAL_WEATHER,0.9927498492922258,0.3233875349,0.495691231,0.6793985778,1.8423486047999973,3.7097626867000058,0.025,LOW,24.3,False,NIGHT,0.18,OFF_PEAK_00_06,"Demand is usually lower overnight, although base loads, HVAC, pool systems and EV charging may remain active.",,stage5_frozen_selected_model,stage6a_frozen_ensemble,stage6b_deterministic_rules,real
2025-09-08T05:00:00+02:00,2025-09-01T23:00:00+02:00,168,150,M1_GBT_CAL_WEATHER,0.9927498492922258,0.3257827905,0.5012977395,0.6732418505,1.8235544149999972,3.7097626867000058,0.025,LOW,24.4,False,NIGHT,0.18,OFF_PEAK_00_06,"Demand is usually lower overnight, although base loads, HVAC, pool systems and EV charging may remain active.",,stage5_frozen_selected_model,stage6a_frozen_ensemble,stage6b_deterministic_rules,real
2025-09-08T06:00:00+02:00,2025-09-01T23:00:00+02:00,168,151,M1_GBT_CAL_WEATHER,0.9927498492922258,0.3433815754,0.5981926925,1.8446507779999999,2.777223973649998,3.7097626867000058,0.025,LOW,24.3,False,NIGHT,0.28,STANDARD_06_17,Pool circulation or heating can add to household demand during this period.,"Demand is usually lower overnight, although base loads, HVAC, pool systems and EV charging may remain active.",stage5_frozen_selected_model,stage6a_frozen_ensemble,stage6b_deterministic_rules,real
2025-09-08T07:00:00+02:00,2025-09-01T23:00:00+02:00,168,152,M1_GBT_CAL_WEATHER,0.9927498492922258,0.3927129479,0.9624880925,2.6295574439999996,3.3531553771999976,3.7097626867000058,0.04,LOW,24.2,False,MORNING,0.28,STANDARD_06_17,Pool circulation or heating can add to household demand during this period.,,stage5_frozen_selected_model,stage6a_frozen_ensemble,stage6b_deterministic_rules,real
2025-09-08T08:00:00+02:00,2025-09-01T23:00:00+02:00,168,153,M1_GBT_CAL_WEATHER,0.9927498492922258,0.21220524429999998,0.9489825445000001,2.090266580099999,2.6985610963999993,3.7097626867000058,0.01,LOW,24.2,False,MORNING,0.28,STANDARD_06_17,Pool circulation or heating can add to household demand during this period.,,stage5_frozen_selected_model,stage6a_frozen_ensemble,stage6b_deterministic_rules,real
2025-09-08T09:00:00+02:00,2025-09-01T23:00:00+02:00,168,154,M1_GBT_CAL_WEATHER,0.9927498492922258,0.232032388,1.0318678170000002,1.3392092774,1.3763358797999996,3.7097626867000058,0.005,LOW,24.6,False,DAYTIME,0.28,STANDARD_06_17,Pool circulation or heating can add to household demand during this period.,,stage5_frozen_selected_model,stage6a_frozen_ensemble,stage6b_deterministic_rules,real
2025-09-08T10:00:00+02:00,2025-09-01T23:00:00+02:00,168,155,M1_GBT_CAL_WEATHER,0.9927498492922258,0.5159737059,1.0367001625,1.3344747889,1.39550539395,3.7097626867000058,0.015,LOW,24.9,False,DAYTIME,0.28,STANDARD_06_17,Pool circulation or heating can add to household demand during this period.,,stage5_frozen_selected_model,stage6a_frozen_ensemble,stage6b_deterministic_rules,real
2025-09-08T11:00:00+02:00,2025-09-01T23:00:00+02:00,168,156,M1_GBT_CAL_WEATHER,1.1529853350004575,0.2102457588,1.005408687,1.3730375977000002,2.8270509331499984,3.7097626867000058,0.025,LOW,25.8,False,DAYTIME,0.28,STANDARD_06_17,Warm weather can increase cooling demand during this period.,Pool circulation or heating can add to household demand during this period.,stage5_frozen_selected_model,stage6a_frozen_ensemble,stage6b_deterministic_rules,real
2025-09-08T12:00:00+02:00,2025-09-01T23:00:00+02:00,168,157,M1_GBT_CAL_WEATHER,1.2059473354316246,0.1604255331,0.8556916635,1.5569747951,2.627788707049999,3.7097626867000058,0.02,LOW,26.7,False,DAYTIME,0.28,STANDARD_06_17,Warm weather can increase cooling demand during this period.,Pool circulation or heating can add to household demand during this period.,stage5_frozen_selected_model,stage6a_frozen_ensemble,stage6b_deterministic_rules,real
2025-09-08T13:00:00+02:00,2025-09-01T23:00:00+02:00,168,158,M1_GBT_CAL_WEATHER,1.2059473354316246,0.15419339140000002,0.5073712035,2.5479769244999995,2.932047629749996,3.7097626867000058,0.02,LOW,26.6,False,DAYTIME,0.28,STANDARD_06_17,Warm weather can increase cooling demand during this period.,Pool circulation or heating can add to household demand during this period.,stage5_frozen_selected_model,stage6a_frozen_ensemble,stage6b_deterministic_rules,real
2025-09-08T14:00:00+02:00,2025-09-01T23:00:00+02:00,168,159,M1_GBT_CAL_WEATHER,1.3469354898827615,0.143135813,0.291184629,2.338759493499999,2.7954931173,3.7097626867000058,0.015,LOW,26.1,False,DAYTIME,0.28,STANDARD_06_17,Warm weather can increase cooling demand during this period.,Pool circulation or heating can add to household demand during this period.,stage5_frozen_selected_model,stage6a_frozen_ensemble,stage6b_deterministic_rules,real
2025-09-08T15:00:00+02:00,2025-09-01T23:00:00+02:00,168,160,M1_GBT_CAL_WEATHER,1.821915531487831,0.1553924776,0.532878568,2.1066138872,2.5324219593499997,3.7097626867000058,0.005,LOW,25.9,False,DAYTIME,0.28,STANDARD_06_17,Warm weather can increase cooling demand during this period.,Pool circulation or heating can add to household demand during this period.,stage5_frozen_selected_model,stage6a_frozen_ensemble,stage6b_deterministic_rules,real
2025-09-08T16:00:00+02:00,2025-09-01T23:00:00+02:00,168,161,M1_GBT_CAL_WEATHER,1.6386557589405397,0.1645017966,1.024185379,3.037824162099999,4.022942935799998,3.7097626867000058,0.065,LOW,25.6,False,RETURN_RAMP,0.28,STANDARD_06_17,Warm weather can increase cooling demand during this period.,Pool circulation or heating can add to household demand during this period.,stage5_frozen_selected_model,stage6a_frozen_ensemble,stage6b_deterministic_rules,real
2025-09-08T17:00:00+02:00,2025-09-01T23:00:00+02:00,168,162,M1_GBT_CAL_WEATHER,1.7375018309549357,0.32948645930000003,1.756235782,8.794397994599995,10.616891451599999,3.7097626867000058,0.29,MEDIUM,24.9,False,RETURN_RAMP,0.4,PEAK_17_22,"Evening demand can rise when EV charging, HVAC and household activities overlap.",Pool circulation or heating can add to household demand during this period.,stage5_frozen_selected_model,stage6a_frozen_ensemble,stage6b_deterministic_rules,real
2025-09-08T18:00:00+02:00,2025-09-01T23:00:00+02:00,168,163,M1_GBT_CAL_WEATHER,2.2083301497044854,0.7996172119000001,4.069816342999999,10.225883055799999,12.122861976199996,3.7097626867000058,0.515,HIGH,24.6,False,RETURN_RAMP,0.4,PEAK_17_22,"This is a high-risk period because EV charging can coincide with HVAC, cooking and optional high-power loads such as the sauna.",Pool circulation or heating can add to household demand during this period.,stage5_frozen_selected_model,stage6a_frozen_ensemble,stage6b_deterministic_rules,real
2025-09-08T19:00:00+02:00,2025-09-01T23:00:00+02:00,168,164,M1_GBT_CAL_WEATHER,2.2083301497044854,0.2200599866,4.137427969,11.2984297853,14.275912220499993,3.7097626867000058,0.54,HIGH,24.3,False,EVENING,0.4,PEAK_17_22,"This is a high-risk period because EV charging can coincide with HVAC, cooking and optional high-power loads such as the sauna.",Pool circulation or heating can add to household demand during this period.,stage5_frozen_selected_model,stage6a_frozen_ensemble,stage6b_deterministic_rules,real
2025-09-08T20:00:00+02:00,2025-09-01T23:00:00+02:00,168,165,M1_GBT_CAL_WEATHER,2.100843112851801,0.20070530410000004,2.2717128625000003,8.909013151699995,10.772187643599997,3.7097626867000058,0.355,MEDIUM,23.8,False,EVENING,0.4,PEAK_17_22,"Evening demand can rise when EV charging, HVAC and household activities overlap.",Pool circulation or heating can add to household demand during this period.,stage5_frozen_selected_model,stage6a_frozen_ensemble,stage6b_deterministic_rules,real
2025-09-08T21:00:00+02:00,2025-09-01T23:00:00+02:00,168,166,M1_GBT_CAL_WEATHER,1.8706439474685694,0.38327810390000006,1.094814467,7.9410785931,8.633502108849996,3.7097626867000058,0.23,MEDIUM,23.6,False,EVENING,0.4,PEAK_17_22,"Evening demand can rise when EV charging, HVAC and household activities overlap.",Pool circulation or heating can add to household demand during this period.,stage5_frozen_selected_model,stage6a_frozen_ensemble,stage6b_deterministic_rules,real
2025-09-08T22:00:00+02:00,2025-09-01T23:00:00+02:00,168,167,M1_GBT_CAL_WEATHER,1.8894354277521168,0.3293708524,0.7165034939999999,3.325143604999999,6.844521147999995,3.7097626867000058,0.095,LOW,23.6,False,EVENING,0.28,STANDARD_22_24,Pool circulation or heating can add to household demand during this period.,,stage5_frozen_selected_model,stage6a_frozen_ensemble,stage6b_deterministic_rules,real
2025-09-08T23:00:00+02:00,2025-09-01T23:00:00+02:00,168,168,M1_GBT_CAL_WEATHER,1.2053251209785925,0.31013227509999997,0.5553664195,1.0878600548,1.2653437977999997,3.7097626867000058,0.025,LOW,23.3,False,NIGHT,0.28,STANDARD_22_24,"Demand is usually lower overnight, although base loads, HVAC, pool systems and EV charging may remain active.",,stage5_frozen_selected_model,stage6a_frozen_ensemble,stage6b_deterministic_rules,real
2025-09-05T00:00:00+02:00,2025-09-04T23:00:00+02:00,168,1,M1_GBT_CAL_WEATHER,0.9129772161494627,0.3171833881,0.5227890909999999,1.6956170681999991,2.1376757896000003,3.3187679449000007,0.0,LOW,23.4,False,NIGHT,0.18,OFF_PEAK_00_06,"Demand is usually lower overnight, although base loads, HVAC, pool systems and EV charging may remain active.",,stage5_frozen_selected_model,stage6a_frozen_ensemble,stage6b_deterministic_rules,real
2025-09-05T01:00:00+02:00,2025-09-04T23:00:00+02:00,168,2,M1_GBT_CAL_WEATHER,0.9129772161494627,0.3105810075,0.4815668595,0.652798535,0.676651861,3.3187679449000007,0.01,LOW,22.7,False,NIGHT,0.18,OFF_PEAK_00_06,"Demand is usually lower overnight, although base loads, HVAC, pool systems and EV charging may remain active.",,stage5_frozen_selected_model,stage6a_frozen_ensemble,stage6b_deterministic_rules,real
2025-09-05T02:00:00+02:00,2025-09-04T23:00:00+02:00,168,3,M1_GBT_CAL_WEATHER,0.9129772161494627,0.3148955392,0.484266718,0.6556736035999999,0.6788138865000001,3.3187679449000007,0.01,LOW,22.5,False,NIGHT,0.18,OFF_PEAK_00_06,"Demand is usually lower overnight, although base loads, HVAC, pool systems and EV charging may remain active.",,stage5_frozen_selected_model,stage6a_frozen_ensemble,stage6b_deterministic_rules,real
2025-09-05T03:00:00+02:00,2025-09-04T23:00:00+02:00,168,4,M1_GBT_CAL_WEATHER,0.9129772161494627,0.31619243280000003,0.48553978600000003,0.6569951098,0.6798997658,3.3187679449000007,0.015,LOW,22.3,False,NIGHT,0.18,OFF_PEAK_00_06,"Demand is usually lower overnight, although base loads, HVAC, pool systems and EV charging may remain active.",,stage5_frozen_selected_model,stage6a_frozen_ensemble,stage6b_deterministic_rules,real
2025-09-05T04:00:00+02:00,2025-09-04T23:00:00+02:00,168,5,M1_GBT_CAL_WEATHER,0.9129772161494627,0.3194864844,0.487581599,0.6563414593,0.6806709250999999,3.3187679449000007,0.005,LOW,22.7,False,NIGHT,0.18,OFF_PEAK_00_06,"Demand is usually lower overnight, although base loads, HVAC, pool systems and EV charging may remain active.",,stage5_frozen_selected_model,stage6a_frozen_ensemble,stage6b_deterministic_rules,real
2025-09-05T05:00:00+02:00,2025-09-04T23:00:00+02:00,168,6,M1_GBT_CAL_WEATHER,0.9129772161494627,0.3201566164,0.48712235800000003,0.6540849085,0.6728729857499999,3.3187679449000007,0.0,LOW,22.1,False,NIGHT,0.18,OFF_PEAK_00_06,"Demand is usually lower overnight, although base loads, HVAC, pool systems and EV charging may remain active.",,stage5_frozen_selected_model,stage6a_frozen_ensemble,stage6b_deterministic_rules,real
2025-09-05T06:00:00+02:00,2025-09-04T23:00:00+02:00,168,7,M1_GBT_CAL_WEATHER,0.9129772161494627,0.3394556894,0.5410294375,1.1601822761,1.2724559443999996,3.3187679449000007,0.0,LOW,21.8,False,NIGHT,0.28,STANDARD_06_17,Pool circulation or heating can add to household demand during this period.,"Demand is usually lower overnight, although base loads, HVAC, pool systems and EV charging may remain active.",stage5_frozen_selected_model,stage6a_frozen_ensemble,stage6b_deterministic_rules,real
2025-09-05T07:00:00+02:00,2025-09-04T23:00:00+02:00,168,8,M1_GBT_CAL_WEATHER,0.9129772161494627,0.41018163080000003,0.9111261740000001,2.2794883190999995,2.7815286473499996,3.3187679449000007,0.015,LOW,21.3,False,MORNING,0.28,STANDARD_06_17,Pool circulation or heating can add to household demand during this period.,,stage5_frozen_selected_model,stage6a_frozen_ensemble,stage6b_deterministic_rules,real
2025-09-05T08:00:00+02:00,2025-09-04T23:00:00+02:00,168,9,M1_GBT_CAL_WEATHER,0.9129772161494627,0.1862991464,0.9648142685000001,1.9452776844000002,2.361664604,3.3187679449000007,0.02,LOW,21.6,False,MORNING,0.28,STANDARD_06_17,Pool circulation or heating can add to household demand during this period.,,stage5_frozen_selected_model,stage6a_frozen_ensemble,stage6b_deterministic_rules,real
2025-09-05T09:00:00+02:00,2025-09-04T23:00:00+02:00,168,10,M1_GBT_CAL_WEATHER,0.9129772161494627,0.1858678607,1.0165008800000002,1.3404257921,1.6748358614499996,3.3187679449000007,0.03,LOW,22.8,False,DAYTIME,0.28,STANDARD_06_17,Pool circulation or heating can add to household demand during this period.,,stage5_frozen_selected_model,stage6a_frozen_ensemble,stage6b_deterministic_rules,real
2025-09-05T10:00:00+02:00,2025-09-04T23:00:00+02:00,168,11,M1_GBT_CAL_WEATHER,0.9129772161494627,0.2477549581000001,1.020977594,1.3951127386000002,3.0828777685999955,3.3187679449000007,0.05,LOW,23.9,False,DAYTIME,0.28,STANDARD_06_17,Pool circulation or heating can add to household demand during this period.,,stage5_frozen_selected_model,stage6a_frozen_ensemble,stage6b_deterministic_rules,real
2025-09-05T11:00:00+02:00,2025-09-04T23:00:00+02:00,168,12,M1_GBT_CAL_WEATHER,0.9293898432812443,0.2149729401,0.970396085,1.5894826584,3.578081951149993,3.3187679449000007,0.055,LOW,24.8,False,DAYTIME,0.28,STANDARD_06_17,Pool circulation or heating can add to household demand during this period.,,stage5_frozen_selected_model,stage6a_frozen_ensemble,stage6b_deterministic_rules,real
2025-09-05T12:00:00+02:00,2025-09-04T23:00:00+02:00,168,13,M1_GBT_CAL_WEATHER,0.8614853974415669,0.1671966603,0.86544925,1.3773639094,2.5420153867999975,3.3187679449000007,0.04,LOW,25.2,False,DAYTIME,0.28,STANDARD_06_17,Pool circulation or heating can add to household demand during this period.,,stage5_frozen_selected_model,stage6a_frozen_ensemble,stage6b_deterministic_rules,real
2025-09-05T13:00:00+02:00,2025-09-04T23:00:00+02:00,168,14,M1_GBT_CAL_WEATHER,1.01087999905102,0.144385109,0.32874911250000005,1.3331750624,1.8259317758499929,3.3187679449000007,0.035,LOW,25.8,False,DAYTIME,0.28,STANDARD_06_17,Warm weather can increase cooling demand during this period.,Pool circulation or heating can add to household demand during this period.,stage5_frozen_selected_model,stage6a_frozen_ensemble,stage6b_deterministic_rules,real
2025-09-05T14:00:00+02:00,2025-09-04T23:00:00+02:00,168,15,M1_GBT_CAL_WEATHER,1.0766404624649106,0.1415906191,0.212145989,1.3099617096,2.2175003409499983,3.3187679449000007,0.025,LOW,25.9,False,DAYTIME,0.28,STANDARD_06_17,Warm weather can increase cooling demand during this period.,Pool circulation or heating can add to household demand during this period.,stage5_frozen_selected_model,stage6a_frozen_ensemble,stage6b_deterministic_rules,real
2025-09-05T15:00:00+02:00,2025-09-04T23:00:00+02:00,168,16,M1_GBT_CAL_WEATHER,1.4085881853845632,0.1497524878,0.395593158,1.3735853678,1.996870611749998,3.3187679449000007,0.01,LOW,26.0,False,DAYTIME,0.28,STANDARD_06_17,Warm weather can increase cooling demand during this period.,Pool circulation or heating can add to household demand during this period.,stage5_frozen_selected_model,stage6a_frozen_ensemble,stage6b_deterministic_rules,real
2025-09-05T16:00:00+02:00,2025-09-04T23:00:00+02:00,168,17,M1_GBT_CAL_WEATHER,1.7614910868195268,0.1774341285,0.9985549874999999,2.8802815878999994,4.4056844351499995,3.3187679449000007,0.08,LOW,26.0,False,RETURN_RAMP,0.28,STANDARD_06_17,Warm weather can increase cooling demand during this period.,Pool circulation or heating can add to household demand during this period.,stage5_frozen_selected_model,stage6a_frozen_ensemble,stage6b_deterministic_rules,real
2025-09-05T17:00:00+02:00,2025-09-04T23:00:00+02:00,168,18,M1_GBT_CAL_WEATHER,1.8648765837761783,0.6731941403,2.0700642645,8.413203828899999,10.03460471055,3.3187679449000007,0.34,MEDIUM,25.7,False,RETURN_RAMP,0.4,PEAK_17_22,"Evening demand can rise when EV charging, HVAC and household activities overlap.",Warm weather can increase cooling demand during this period.,stage5_frozen_selected_model,stage6a_frozen_ensemble,stage6b_deterministic_rules,real
2025-09-05T18:00:00+02:00,2025-09-04T23:00:00+02:00,168,19,M1_GBT_CAL_WEATHER,2.493913642056836,0.7878723061999999,4.3384612605,12.091160449199998,13.3424543781,3.3187679449000007,0.56,HIGH,25.4,False,RETURN_RAMP,0.4,PEAK_17_22,"This is a high-risk period because EV charging can coincide with HVAC, cooking and optional high-power loads such as the sauna.",Pool circulation or heating can add to household demand during this period.,stage5_frozen_selected_model,stage6a_frozen_ensemble,stage6b_deterministic_rules,real
2025-09-05T19:00:00+02:00,2025-09-04T23:00:00+02:00,168,20,M1_GBT_CAL_WEATHER,2.424832627516161,0.24690821950000005,5.2281511665,12.627489378799996,15.059434272649995,3.3187679449000007,0.6,HIGH,24.6,False,EVENING,0.4,PEAK_17_22,"This is a high-risk period because EV charging can coincide with HVAC, cooking and optional high-power loads such as the sauna.",Pool circulation or heating can add to household demand during this period.,stage5_frozen_selected_model,stage6a_frozen_ensemble,stage6b_deterministic_rules,real
2025-09-05T20:00:00+02:00,2025-09-04T23:00:00+02:00,168,21,M1_GBT_CAL_WEATHER,2.20883956270174,0.2544264474,2.9952823825,10.818183061299997,13.875915310549997,3.3187679449000007,0.47,HIGH,23.5,False,EVENING,0.4,PEAK_17_22,"This is a high-risk period because EV charging can coincide with HVAC, cooking and optional high-power loads such as the sauna.",Pool circulation or heating can add to household demand during this period.,stage5_frozen_selected_model,stage6a_frozen_ensemble,stage6b_deterministic_rules,real
2025-09-05T21:00:00+02:00,2025-09-04T23:00:00+02:00,168,22,M1_GBT_CAL_WEATHER,2.0804782523665035,0.2048405942,0.9582186975,7.9540463505,9.23213248865,3.3187679449000007,0.33,MEDIUM,22.2,False,EVENING,0.4,PEAK_17_22,"Evening demand can rise when EV charging, HVAC and household activities overlap.",Pool circulation or heating can add to household demand during this period.,stage5_frozen_selected_model,stage6a_frozen_ensemble,stage6b_deterministic_rules,real
2025-09-05T22:00:00+02:00,2025-09-04T23:00:00+02:00,168,23,M1_GBT_CAL_WEATHER,1.8769825058542176,0.3481445337,0.7999484880000001,6.1264549364999965,8.29068669185,3.3187679449000007,0.145,LOW,21.4,False,EVENING,0.28,STANDARD_22_24,Pool circulation or heating can add to household demand during this period.,,stage5_frozen_selected_model,stage6a_frozen_ensemble,stage6b_deterministic_rules,real
2025-09-05T23:00:00+02:00,2025-09-04T23:00:00+02:00,168,24,M1_GBT_CAL_WEATHER,1.0550339300286622,0.31704108459999997,0.5548219595,1.276407944,3.6755687013499903,3.3187679449000007,0.055,LOW,21.9,False,NIGHT,0.28,STANDARD_22_24,"Demand is usually lower overnight, although base loads, HVAC, pool systems and EV charging may remain active.",,stage5_frozen_selected_model,stage6a_frozen_ensemble,stage6b_deterministic_rules,real
2025-09-06T00:00:00+02:00,2025-09-04T23:00:00+02:00,168,25,M1_GBT_CAL_WEATHER,0.9313885665226805,0.3087706644,0.48330077250000003,0.6651464978,0.7098765022499982,3.3187679449000007,0.005,LOW,21.8,True,NIGHT,0.18,OFF_PEAK_00_06,"Demand is usually lower overnight, although base loads, HVAC, pool systems and EV charging may remain active.",,stage5_frozen_selected_model,stage6a_frozen_ensemble,stage6b_deterministic_rules,real
2025-09-06T01:00:00+02:00,2025-09-04T23:00:00+02:00,168,26,M1_GBT_CAL_WEATHER,0.9313885665226805,0.3090537995,0.482710967,0.6500586041,0.67552491385,3.3187679449000007,0.0,LOW,21.6,True,NIGHT,0.18,OFF_PEAK_00_06,"Demand is usually lower overnight, although base loads, HVAC, pool systems and EV charging may remain active.",,stage5_frozen_selected_model,stage6a_frozen_ensemble,stage6b_deterministic_rules,real
2025-09-06T02:00:00+02:00,2025-09-04T23:00:00+02:00,168,27,M1_GBT_CAL_WEATHER,0.9313885665226805,0.31031986240000003,0.483016271,0.6511974301,0.6700408691499999,3.3187679449000007,0.0,LOW,20.2,True,NIGHT,0.18,OFF_PEAK_00_06,"Demand is usually lower overnight, although base loads, HVAC, pool systems and EV charging may remain active.",,stage5_frozen_selected_model,stage6a_frozen_ensemble,stage6b_deterministic_rules,real
2025-09-06T03:00:00+02:00,2025-09-04T23:00:00+02:00,168,28,M1_GBT_CAL_WEATHER,0.9313885665226805,0.31140705560000004,0.48426090899999996,0.6523443012,0.6712997623999999,3.3187679449000007,0.0,LOW,19.8,True,NIGHT,0.18,OFF_PEAK_00_06,"Demand is usually lower overnight, although base loads, HVAC, pool systems and EV charging may remain active.",,stage5_frozen_selected_model,stage6a_frozen_ensemble,stage6b_deterministic_rules,real
2025-09-06T04:00:00+02:00,2025-09-04T23:00:00+02:00,168,29,M1_GBT_CAL_WEATHER,0.9313885665226805,0.3171875749,0.487581599,0.6539220567999999,0.6806709250999999,3.3187679449000007,0.005,LOW,19.5,True,NIGHT,0.18,OFF_PEAK_00_06,"Demand is usually lower overnight, although base loads, HVAC, pool systems and EV charging may remain active.",,stage5_frozen_selected_model,stage6a_frozen_ensemble,stage6b_deterministic_rules,real
2025-09-06T05:00:00+02:00,2025-09-04T23:00:00+02:00,168,30,M1_GBT_CAL_WEATHER,0.9313885665226805,0.3178131466,0.490787488,0.6825160194,2.6474808871999937,3.3187679449000007,0.04,LOW,19.4,True,NIGHT,0.18,OFF_PEAK_00_06,"Demand is usually lower overnight, although base loads, HVAC, pool systems and EV charging may remain active.",,stage5_frozen_selected_model,stage6a_frozen_ensemble,stage6b_deterministic_rules,real
2025-09-06T06:00:00+02:00,2025-09-04T23:00:00+02:00,168,31,M1_GBT_CAL_WEATHER,0.9313885665226805,0.3380876982,0.588188897,2.8834796551999995,3.3406017595499993,3.3187679449000007,0.055,LOW,19.4,True,NIGHT,0.28,STANDARD_06_17,Pool circulation or heating can add to household demand during this period.,"Demand is usually lower overnight, although base loads, HVAC, pool systems and EV charging may remain active.",stage5_frozen_selected_model,stage6a_frozen_ensemble,stage6b_deterministic_rules,real
2025-09-06T07:00:00+02:00,2025-09-04T23:00:00+02:00,168,32,M1_GBT_CAL_WEATHER,0.9313885665226805,0.3594788264,1.1398379745,4.2170198467999995,4.78062876425,3.3187679449000007,0.215,MEDIUM,19.1,True,MORNING,0.28,STANDARD_06_17,Pool circulation or heating can add to household demand during this period.,Weekend occupancy can increase daytime household activity.,stage5_frozen_selected_model,stage6a_frozen_ensemble,stage6b_deterministic_rules,real
2025-09-06T08:00:00+02:00,2025-09-04T23:00:00+02:00,168,33,M1_GBT_CAL_WEATHER,0.9313885665226805,0.2004022493,1.0191390055,3.7674898020999996,4.26277560635,3.3187679449000007,0.135,LOW,19.5,True,MORNING,0.28,STANDARD_06_17,Pool circulation or heating can add to household demand during this period.,Weekend occupancy can increase daytime household activity.,stage5_frozen_selected_model,stage6a_frozen_ensemble,stage6b_deterministic_rules,real
2025-09-06T09:00:00+02:00,2025-09-04T23:00:00+02:00,168,34,M1_GBT_CAL_WEATHER,0.9313885665226805,0.2131743321,1.106217271,3.631274619099999,4.2829372846,3.3187679449000007,0.115,LOW,21.6,True,DAYTIME,0.28,STANDARD_06_17,Pool circulation or heating can add to household demand during this period.,Weekend occupancy can increase daytime household activity.,stage5_frozen_selected_model,stage6a_frozen_ensemble,stage6b_deterministic_rules,real
2025-09-06T10:00:00+02:00,2025-09-04T23:00:00+02:00,168,35,M1_GBT_CAL_WEATHER,0.9129772161494627,0.219215807,0.993098917,1.3500512457,1.3979108649499998,3.3187679449000007,0.025,LOW,23.7,True,DAYTIME,0.28,STANDARD_06_17,Pool circulation or heating can add to household demand during this period.,Weekend occupancy can increase daytime household activity.,stage5_frozen_selected_model,stage6a_frozen_ensemble,stage6b_deterministic_rules,real
2025-09-06T11:00:00+02:00,2025-09-04T23:00:00+02:00,168,36,M1_GBT_CAL_WEATHER,0.8614853974415669,0.2270565937,1.011410857,1.3929904476000001,2.0770083091999996,3.3187679449000007,0.035,LOW,25.0,True,DAYTIME,0.28,STANDARD_06_17,Pool circulation or heating can add to household demand during this period.,Weekend occupancy can increase daytime household activity.,stage5_frozen_selected_model,stage6a_frozen_ensemble,stage6b_deterministic_rules,real
2025-09-06T12:00:00+02:00,2025-09-04T23:00:00+02:00,168,37,M1_GBT_CAL_WEATHER,1.01087999905102,0.1696389456,0.9688014805,1.4622678651999999,3.0384565167499997,3.3187679449000007,0.04,LOW,25.9,True,DAYTIME,0.28,STANDARD_06_17,Warm weather can increase cooling demand during this period.,Pool circulation or heating can add to household demand during this period.,stage5_frozen_selected_model,stage6a_frozen_ensemble,stage6b_deterministic_rules,real
2025-09-06T13:00:00+02:00,2025-09-04T23:00:00+02:00,168,38,M1_GBT_CAL_WEATHER,1.01087999905102,0.16031107060000002,0.4970974025,1.3748840731999994,3.4461943133499986,3.3187679449000007,0.055,LOW,26.5,True,DAYTIME,0.28,STANDARD_06_17,Warm weather can increase cooling demand during this period.,Pool circulation or heating can add to household demand during this period.,stage5_frozen_selected_model,stage6a_frozen_ensemble,stage6b_deterministic_rules,real
2025-09-06T14:00:00+02:00,2025-09-04T23:00:00+02:00,168,39,M1_GBT_CAL_WEATHER,1.0950518128381286,0.1526502143,0.2251879855,1.3378054846999998,3.7604157360999997,3.3187679449000007,0.06,LOW,26.6,True,DAYTIME,0.28,STANDARD_06_17,Warm weather can increase cooling demand during this period.,Pool circulation or heating can add to household demand during this period.,stage5_frozen_selected_model,stage6a_frozen_ensemble,stage6b_deterministic_rules,real
2025-09-06T15:00:00+02:00,2025-09-04T23:00:00+02:00,168,40,M1_GBT_CAL_WEATHER,1.552126147404352,0.1552358041,0.7861625315,2.481101112499999,3.3485205320999984,3.3187679449000007,0.06,LOW,26.7,True,DAYTIME,0.28,STANDARD_06_17,Warm weather can increase cooling demand during this period.,Pool circulation or heating can add to household demand during this period.,stage5_frozen_selected_model,stage6a_frozen_ensemble,stage6b_deterministic_rules,real
2025-09-06T16:00:00+02:00,2025-09-04T23:00:00+02:00,168,41,M1_GBT_CAL_WEATHER,1.7799024371927448,0.16313467350000002,1.116273747,3.6448999327999996,6.3846249182499974,3.3187679449000007,0.135,LOW,26.6,True,RETURN_RAMP,0.28,STANDARD_06_17,Warm weather can increase cooling demand during this period.,Pool circulation or heating can add to household demand during this period.,stage5_frozen_selected_model,stage6a_frozen_ensemble,stage6b_deterministic_rules,real
2025-09-06T17:00:00+02:00,2025-09-04T23:00:00+02:00,168,42,M1_GBT_CAL_WEATHER,1.8648765837761783,0.5178821444,1.3583068109999998,6.912220416799999,9.55954422735,3.3187679449000007,0.2,MEDIUM,26.2,True,RETURN_RAMP,0.4,PEAK_17_22,"Evening demand can rise when EV charging, HVAC and household activities overlap.",Warm weather can increase cooling demand during this period.,stage5_frozen_selected_model,stage6a_frozen_ensemble,stage6b_deterministic_rules,real
2025-09-06T18:00:00+02:00,2025-09-04T23:00:00+02:00,168,43,M1_GBT_CAL_WEATHER,2.543406737523296,0.2061771236,1.5493597289999999,7.7553823582999994,9.528534400599996,3.3187679449000007,0.28,MEDIUM,25.7,True,RETURN_RAMP,0.4,PEAK_17_22,"Evening demand can rise when EV charging, HVAC and household activities overlap.",Warm weather can increase cooling demand during this period.,stage5_frozen_selected_model,stage6a_frozen_ensemble,stage6b_deterministic_rules,real
2025-09-06T19:00:00+02:00,2025-09-04T23:00:00+02:00,168,44,M1_GBT_CAL_WEATHER,2.543406737523296,0.2114551977,2.3224039195,8.984220388,10.159866519549995,3.3187679449000007,0.375,MEDIUM,25.4,True,EVENING,0.4,PEAK_17_22,"Evening demand can rise when EV charging, HVAC and household activities overlap.",Pool circulation or heating can add to household demand during this period.,stage5_frozen_selected_model,stage6a_frozen_ensemble,stage6b_deterministic_rules,real
2025-09-06T20:00:00+02:00,2025-09-04T23:00:00+02:00,168,45,M1_GBT_CAL_WEATHER,2.2583326581681997,0.2265599908,1.973263515,8.7227399152,9.571373545649998,3.3187679449000007,0.335,MEDIUM,24.3,True,EVENING,0.4,PEAK_17_22,"Evening demand can rise when EV charging, HVAC and household activities overlap.",Pool circulation or heating can add to household demand during this period.,stage5_frozen_selected_model,stage6a_frozen_ensemble,stage6b_deterministic_rules,real
2025-09-06T21:00:00+02:00,2025-09-04T23:00:00+02:00,168,46,M1_GBT_CAL_WEATHER,2.0620669019932856,0.1925250601,0.961313705,8.0106887564,8.99401106449999,3.3187679449000007,0.34,MEDIUM,23.4,True,EVENING,0.4,PEAK_17_22,"Evening demand can rise when EV charging, HVAC and household activities overlap.",Pool circulation or heating can add to household demand during this period.,stage5_frozen_selected_model,stage6a_frozen_ensemble,stage6b_deterministic_rules,real
2025-09-06T22:00:00+02:00,2025-09-04T23:00:00+02:00,168,47,M1_GBT_CAL_WEATHER,1.6131975212028413,0.39739572190000005,0.7638655560000001,6.7026642994,7.981583067999998,3.3187679449000007,0.155,LOW,24.1,True,EVENING,0.28,STANDARD_22_24,Pool circulation or heating can add to household demand during this period.,,stage5_frozen_selected_model,stage6a_frozen_ensemble,stage6b_deterministic_rules,real
2025-09-06T23:00:00+02:00,2025-09-04T23:00:00+02:00,168,48,M1_GBT_CAL_WEATHER,1.0366225796554442,0.33012907490000004,0.5676399560000001,1.2892939786,2.077768566899998,3.3187679449000007,0.035,LOW,24.0,True,NIGHT,0.28,STANDARD_22_24,"Demand is usually lower overnight, although base loads, HVAC, pool systems and EV charging may remain active.",,stage5_frozen_selected_model,stage6a_frozen_ensemble,stage6b_deterministic_rules,real
2025-09-07T00:00:00+02:00,2025-09-04T23:00:00+02:00,168,49,M1_GBT_CAL_WEATHER,0.9129772161494627,0.3184090312,0.5262306545,1.0101845727999996,2.2342943143499987,3.3187679449000007,0.015,LOW,23.1,True,NIGHT,0.18,OFF_PEAK_00_06,"Demand is usually lower overnight, although base loads, HVAC, pool systems and EV charging may remain active.",,stage5_frozen_selected_model,stage6a_frozen_ensemble,stage6b_deterministic_rules,real
2025-09-07T01:00:00+02:00,2025-09-04T23:00:00+02:00,168,50,M1_GBT_CAL_WEATHER,0.9129772161494627,0.3154133415,0.484883253,0.652798535,0.676651861,3.3187679449000007,0.01,LOW,24.1,True,NIGHT,0.18,OFF_PEAK_00_06,"Demand is usually lower overnight, although base loads, HVAC, pool systems and EV charging may remain active.",,stage5_frozen_selected_model,stage6a_frozen_ensemble,stage6b_deterministic_rules,real
2025-09-07T02:00:00+02:00,2025-09-04T23:00:00+02:00,168,51,M1_GBT_CAL_WEATHER,0.9129772161494627,0.3170311842,0.487715857,0.6556736035999999,0.6788138865000001,3.3187679449000007,0.005,LOW,23.2,True,NIGHT,0.18,OFF_PEAK_00_06,"Demand is usually lower overnight, although base loads, HVAC, pool systems and EV charging may remain active.",,stage5_frozen_selected_model,stage6a_frozen_ensemble,stage6b_deterministic_rules,real
2025-09-07T03:00:00+02:00,2025-09-04T23:00:00+02:00,168,52,M1_GBT_CAL_WEATHER,0.9129772161494627,0.3184204575,0.486731881,0.6526111793,0.6712997623999999,3.3187679449000007,0.0,LOW,23.2,True,NIGHT,0.18,OFF_PEAK_00_06,"Demand is usually lower overnight, although base loads, HVAC, pool systems and EV charging may remain active.",,stage5_frozen_selected_model,stage6a_frozen_ensemble,stage6b_deterministic_rules,real
2025-09-07T04:00:00+02:00,2025-09-04T23:00:00+02:00,168,53,M1_GBT_CAL_WEATHER,0.9129772161494627,0.3194864844,0.4878395175,0.6535160707,0.6722657439499998,3.3187679449000007,0.0,LOW,23.0,True,NIGHT,0.18,OFF_PEAK_00_06,"Demand is usually lower overnight, although base loads, HVAC, pool systems and EV charging may remain active.",,stage5_frozen_selected_model,stage6a_frozen_ensemble,stage6b_deterministic_rules,real
2025-09-07T05:00:00+02:00,2025-09-04T23:00:00+02:00,168,54,M1_GBT_CAL_WEATHER,0.9129772161494627,0.3201566164,0.488535807,0.6540849085,0.6728729857499999,3.3187679449000007,0.0,LOW,22.0,True,NIGHT,0.18,OFF_PEAK_00_06,"Demand is usually lower overnight, although base loads, HVAC, pool systems and EV charging may remain active.",,stage5_frozen_selected_model,stage6a_frozen_ensemble,stage6b_deterministic_rules,real
2025-09-07T06:00:00+02:00,2025-09-04T23:00:00+02:00,168,55,M1_GBT_CAL_WEATHER,0.9129772161494627,0.3259986812,0.567367939,1.1513750633,1.5132240310999996,3.3187679449000007,0.0,LOW,22.2,True,NIGHT,0.28,STANDARD_06_17,Pool circulation or heating can add to household demand during this period.,"Demand is usually lower overnight, although base loads, HVAC, pool systems and EV charging may remain active.",stage5_frozen_selected_model,stage6a_frozen_ensemble,stage6b_deterministic_rules,real
2025-09-07T07:00:00+02:00,2025-09-04T23:00:00+02:00,168,56,M1_GBT_CAL_WEATHER,0.9313885665226805,0.34504222290000003,0.7012412185,2.0576317649999996,2.4308296311499964,3.3187679449000007,0.02,LOW,22.0,True,MORNING,0.28,STANDARD_06_17,Pool circulation or heating can add to household demand during this period.,Weekend occupancy can increase daytime household activity.,stage5_frozen_selected_model,stage6a_frozen_ensemble,stage6b_deterministic_rules,real
2025-09-07T08:00:00+02:00,2025-09-04T23:00:00+02:00,168,57,M1_GBT_CAL_WEATHER,0.9313885665226805,0.1739328386,0.8978409940000001,1.7791679349999985,2.3898347718,3.3187679449000007,0.015,LOW,22.1,True,MORNING,0.28,STANDARD_06_17,Pool circulation or heating can add to household demand during this period.,Weekend occupancy can increase daytime household activity.,stage5_frozen_selected_model,stage6a_frozen_ensemble,stage6b_deterministic_rules,real
2025-09-07T09:00:00+02:00,2025-09-04T23:00:00+02:00,168,58,M1_GBT_CAL_WEATHER,0.9129772161494627,0.19654628680000003,1.0002919755,1.3229492004999999,1.4086383720000002,3.3187679449000007,0.015,LOW,23.6,True,DAYTIME,0.28,STANDARD_06_17,Pool circulation or heating can add to household demand during this period.,Weekend occupancy can increase daytime household activity.,stage5_frozen_selected_model,stage6a_frozen_ensemble,stage6b_deterministic_rules,real
2025-09-07T10:00:00+02:00,2025-09-04T23:00:00+02:00,168,59,M1_GBT_CAL_WEATHER,0.9293898432812443,0.1971859342,1.020977594,1.3663623682,1.5558301134999966,3.3187679449000007,0.025,LOW,24.8,True,DAYTIME,0.28,STANDARD_06_17,Pool circulation or heating can add to household demand during this period.,Weekend occupancy can increase daytime household activity.,stage5_frozen_selected_model,stage6a_frozen_ensemble,stage6b_deterministic_rules,real
2025-09-07T11:00:00+02:00,2025-09-04T23:00:00+02:00,168,60,M1_GBT_CAL_WEATHER,1.0787844448906976,0.2200050718,1.048497247,1.4506445801,2.7638143842499963,3.3187679449000007,0.035,LOW,25.4,True,DAYTIME,0.28,STANDARD_06_17,Pool circulation or heating can add to household demand during this period.,Weekend occupancy can increase daytime household activity.,stage5_frozen_selected_model,stage6a_frozen_ensemble,stage6b_deterministic_rules,real
2025-09-07T12:00:00+02:00,2025-09-04T23:00:00+02:00,168,61,M1_GBT_CAL_WEATHER,1.0787844448906976,0.1887385215,0.9220015395,1.8247362408999994,3.5515392939999986,3.3187679449000007,0.055,LOW,26.4,True,DAYTIME,0.28,STANDARD_06_17,Warm weather can increase cooling demand during this period.,Pool circulation or heating can add to household demand during this period.,stage5_frozen_selected_model,stage6a_frozen_ensemble,stage6b_deterministic_rules,real
2025-09-07T13:00:00+02:00,2025-09-04T23:00:00+02:00,168,62,M1_GBT_CAL_WEATHER,1.4414988403139666,0.1662261017,0.8376328055,2.5487115568,3.02144198105,3.3187679449000007,0.045,LOW,27.0,True,DAYTIME,0.28,STANDARD_06_17,Warm weather can increase cooling demand during this period.,Pool circulation or heating can add to household demand during this period.,stage5_frozen_selected_model,stage6a_frozen_ensemble,stage6b_deterministic_rules,real
2025-09-07T14:00:00+02:00,2025-09-04T23:00:00+02:00,168,63,M1_GBT_CAL_WEATHER,1.5651442038199483,0.16147526680000002,1.0518319965,2.9907625547,3.3194331031499993,3.3187679449000007,0.05,LOW,27.6,True,DAYTIME,0.28,STANDARD_06_17,Warm weather can increase cooling demand during this period.,Pool circulation or heating can add to household demand during this period.,stage5_frozen_selected_model,stage6a_frozen_ensemble,stage6b_deterministic_rules,real
2025-09-07T15:00:00+02:00,2025-09-04T23:00:00+02:00,168,64,M1_GBT_CAL_WEATHER,1.8318851932098772,0.1752529595,1.5720538755,3.1367153183999994,4.597878363399997,3.3187679449000007,0.075,LOW,28.2,True,DAYTIME,0.28,STANDARD_06_17,Warm weather can increase cooling demand during this period.,Pool circulation or heating can add to household demand during this period.,stage5_frozen_selected_model,stage6a_frozen_ensemble,stage6b_deterministic_rules,real
2025-09-07T16:00:00+02:00,2025-09-04T23:00:00+02:00,168,65,M1_GBT_CAL_WEATHER,2.1499221632117154,0.4387703169000003,2.1697779835000004,7.1000069414999984,9.354412985199993,3.3187679449000007,0.18,LOW,28.1,True,RETURN_RAMP,0.28,STANDARD_06_17,Warm weather can increase cooling demand during this period.,Pool circulation or heating can add to household demand during this period.,stage5_frozen_selected_model,stage6a_frozen_ensemble,stage6b_deterministic_rules,real
2025-09-07T17:00:00+02:00,2025-09-04T23:00:00+02:00,168,66,M1_GBT_CAL_WEATHER,2.5947589062924625,0.7524969297000002,2.345646309,6.576935494299998,9.23180400825,3.3187679449000007,0.225,MEDIUM,27.8,True,RETURN_RAMP,0.4,PEAK_17_22,"Evening demand can rise when EV charging, HVAC and household activities overlap.",Warm weather can increase cooling demand during this period.,stage5_frozen_selected_model,stage6a_frozen_ensemble,stage6b_deterministic_rules,real
2025-09-07T18:00:00+02:00,2025-09-04T23:00:00+02:00,168,67,M1_GBT_CAL_WEATHER,3.1463390046281403,0.7616106636000001,2.571350563,7.897465822799998,9.821890391749996,3.3187679449000007,0.335,MEDIUM,27.1,True,RETURN_RAMP,0.4,PEAK_17_22,"Evening demand can rise when EV charging, HVAC and household activities overlap.",Warm weather can increase cooling demand during this period.,stage5_frozen_selected_model,stage6a_frozen_ensemble,stage6b_deterministic_rules,real
2025-09-07T19:00:00+02:00,2025-09-04T23:00:00+02:00,168,68,M1_GBT_CAL_WEATHER,2.1928934198640873,0.20395658349999998,2.5327578625,9.072508732500001,10.714229602749999,3.3187679449000007,0.395,MEDIUM,26.6,True,EVENING,0.4,PEAK_17_22,"Evening demand can rise when EV charging, HVAC and household activities overlap.",Warm weather can increase cooling demand during this period.,stage5_frozen_selected_model,stage6a_frozen_ensemble,stage6b_deterministic_rules,real
2025-09-07T20:00:00+02:00,2025-09-04T23:00:00+02:00,168,69,M1_GBT_CAL_WEATHER,1.9769003550496662,0.20982507720000002,2.1062782899999997,8.471140026499999,9.922524651749997,3.3187679449000007,0.36,MEDIUM,25.8,True,EVENING,0.4,PEAK_17_22,"Evening demand can rise when EV charging, HVAC and household activities overlap.",Warm weather can increase cooling demand during this period.,stage5_frozen_selected_model,stage6a_frozen_ensemble,stage6b_deterministic_rules,real
2025-09-07T21:00:00+02:00,2025-09-04T23:00:00+02:00,168,70,M1_GBT_CAL_WEATHER,1.7115535843340783,0.19899871160000002,1.9825604120000002,8.8016230558,10.140782860649994,3.3187679449000007,0.32,MEDIUM,25.0,True,EVENING,0.4,PEAK_17_22,"Evening demand can rise when EV charging, HVAC and household activities overlap.",Pool circulation or heating can add to household demand during this period.,stage5_frozen_selected_model,stage6a_frozen_ensemble,stage6b_deterministic_rules,real
2025-09-07T22:00:00+02:00,2025-09-04T23:00:00+02:00,168,71,M1_GBT_CAL_WEATHER,1.6131975212028413,0.3248241364,0.7936501555,7.6813328481,8.4126355699,3.3187679449000007,0.185,LOW,24.4,True,EVENING,0.28,STANDARD_22_24,Pool circulation or heating can add to household demand during this period.,,stage5_frozen_selected_model,stage6a_frozen_ensemble,stage6b_deterministic_rules,real
2025-09-07T23:00:00+02:00,2025-09-04T23:00:00+02:00,168,72,M1_GBT_CAL_WEATHER,1.0366225796554442,0.3167540783,0.5684196484999999,1.8316273345999996,3.6554240196499967,3.3187679449000007,0.055,LOW,24.0,True,NIGHT,0.28,STANDARD_22_24,"Demand is usually lower overnight, although base loads, HVAC, pool systems and EV charging may remain active.",,stage5_frozen_selected_model,stage6a_frozen_ensemble,stage6b_deterministic_rules,real
2025-09-08T00:00:00+02:00,2025-09-04T23:00:00+02:00,168,73,M1_GBT_CAL_WEATHER,0.9129772161494627,0.3046981474,0.5205563945,1.5062194807999996,2.257750967399998,3.3187679449000007,0.0,LOW,24.3,False,NIGHT,0.18,OFF_PEAK_00_06,"Demand is usually lower overnight, although base loads, HVAC, pool systems and EV charging may remain active.",,stage5_frozen_selected_model,stage6a_frozen_ensemble,stage6b_deterministic_rules,real
2025-09-08T01:00:00+02:00,2025-09-04T23:00:00+02:00,168,74,M1_GBT_CAL_WEATHER,0.9129772161494627,0.3092762134,0.48068291350000003,0.6612860959,0.6985159463499999,3.3187679449000007,0.005,LOW,24.4,False,NIGHT,0.18,OFF_PEAK_00_06,"Demand is usually lower overnight, although base loads, HVAC, pool systems and EV charging may remain active.",,stage5_frozen_selected_model,stage6a_frozen_ensemble,stage6b_deterministic_rules,real
2025-09-08T02:00:00+02:00,2025-09-04T23:00:00+02:00,168,75,M1_GBT_CAL_WEATHER,0.9129772161494627,0.3148955392,0.484266718,0.6652415521999999,0.700050428,3.3187679449000007,0.01,LOW,24.4,False,NIGHT,0.18,OFF_PEAK_00_06,"Demand is usually lower overnight, although base loads, HVAC, pool systems and EV charging may remain active.",,stage5_frozen_selected_model,stage6a_frozen_ensemble,stage6b_deterministic_rules,real
2025-09-08T03:00:00+02:00,2025-09-04T23:00:00+02:00,168,76,M1_GBT_CAL_WEATHER,0.9129772161494627,0.3206350326,0.4890222955,0.6671398322,0.7086000233999985,3.3187679449000007,0.015,LOW,24.2,False,NIGHT,0.18,OFF_PEAK_00_06,"Demand is usually lower overnight, although base loads, HVAC, pool systems and EV charging may remain active.",,stage5_frozen_selected_model,stage6a_frozen_ensemble,stage6b_deterministic_rules,real
2025-09-08T04:00:00+02:00,2025-09-04T23:00:00+02:00,168,77,M1_GBT_CAL_WEATHER,0.9129772161494627,0.3233875349,0.495691231,0.6793985778,1.8423486047999973,3.3187679449000007,0.025,LOW,24.3,False,NIGHT,0.18,OFF_PEAK_00_06,"Demand is usually lower overnight, although base loads, HVAC, pool systems and EV charging may remain active.",,stage5_frozen_selected_model,stage6a_frozen_ensemble,stage6b_deterministic_rules,real
2025-09-08T05:00:00+02:00,2025-09-04T23:00:00+02:00,168,78,M1_GBT_CAL_WEATHER,0.9129772161494627,0.3257827905,0.5012977395,0.6732418505,1.8235544149999972,3.3187679449000007,0.025,LOW,24.4,False,NIGHT,0.18,OFF_PEAK_00_06,"Demand is usually lower overnight, although base loads, HVAC, pool systems and EV charging may remain active.",,stage5_frozen_selected_model,stage6a_frozen_ensemble,stage6b_deterministic_rules,real
2025-09-08T06:00:00+02:00,2025-09-04T23:00:00+02:00,168,79,M1_GBT_CAL_WEATHER,0.9129772161494627,0.3433815754,0.5981926925,1.8446507779999999,2.777223973649998,3.3187679449000007,0.03,LOW,24.3,False,NIGHT,0.28,STANDARD_06_17,Pool circulation or heating can add to household demand during this period.,"Demand is usually lower overnight, although base loads, HVAC, pool systems and EV charging may remain active.",stage5_frozen_selected_model,stage6a_frozen_ensemble,stage6b_deterministic_rules,real
2025-09-08T07:00:00+02:00,2025-09-04T23:00:00+02:00,168,80,M1_GBT_CAL_WEATHER,0.9129772161494627,0.3927129479,0.9624880925,2.6295574439999996,3.3531553771999976,3.3187679449000007,0.055,LOW,24.2,False,MORNING,0.28,STANDARD_06_17,Pool circulation or heating can add to household demand during this period.,,stage5_frozen_selected_model,stage6a_frozen_ensemble,stage6b_deterministic_rules,real
2025-09-08T08:00:00+02:00,2025-09-04T23:00:00+02:00,168,81,M1_GBT_CAL_WEATHER,0.9129772161494627,0.21220524429999998,0.9489825445000001,2.090266580099999,2.6985610963999993,3.3187679449000007,0.02,LOW,24.2,False,MORNING,0.28,STANDARD_06_17,Pool circulation or heating can add to household demand during this period.,,stage5_frozen_selected_model,stage6a_frozen_ensemble,stage6b_deterministic_rules,real
2025-09-08T09:00:00+02:00,2025-09-04T23:00:00+02:00,168,82,M1_GBT_CAL_WEATHER,0.9293898432812443,0.232032388,1.0318678170000002,1.3392092774,1.3763358797999996,3.3187679449000007,0.005,LOW,24.6,False,DAYTIME,0.28,STANDARD_06_17,Pool circulation or heating can add to household demand during this period.,,stage5_frozen_selected_model,stage6a_frozen_ensemble,stage6b_deterministic_rules,real
2025-09-08T10:00:00+02:00,2025-09-04T23:00:00+02:00,168,83,M1_GBT_CAL_WEATHER,0.9293898432812443,0.5159737059,1.0367001625,1.3344747889,1.39550539395,3.3187679449000007,0.02,LOW,24.9,False,DAYTIME,0.28,STANDARD_06_17,Pool circulation or heating can add to household demand during this period.,,stage5_frozen_selected_model,stage6a_frozen_ensemble,stage6b_deterministic_rules,real
2025-09-08T11:00:00+02:00,2025-09-04T23:00:00+02:00,168,84,M1_GBT_CAL_WEATHER,1.0787844448906976,0.2102457588,1.005408687,1.3730375977000002,2.8270509331499984,3.3187679449000007,0.045,LOW,25.8,False,DAYTIME,0.28,STANDARD_06_17,Warm weather can increase cooling demand during this period.,Pool circulation or heating can add to household demand during this period.,stage5_frozen_selected_model,stage6a_frozen_ensemble,stage6b_deterministic_rules,real
2025-09-08T12:00:00+02:00,2025-09-04T23:00:00+02:00,168,85,M1_GBT_CAL_WEATHER,1.0787844448906976,0.1604255331,0.8556916635,1.5569747951,2.627788707049999,3.3187679449000007,0.025,LOW,26.7,False,DAYTIME,0.28,STANDARD_06_17,Warm weather can increase cooling demand during this period.,Pool circulation or heating can add to household demand during this period.,stage5_frozen_selected_model,stage6a_frozen_ensemble,stage6b_deterministic_rules,real
2025-09-08T13:00:00+02:00,2025-09-04T23:00:00+02:00,168,86,M1_GBT_CAL_WEATHER,1.0787844448906976,0.15419339140000002,0.5073712035,2.5479769244999995,2.932047629749996,3.3187679449000007,0.03,LOW,26.6,False,DAYTIME,0.28,STANDARD_06_17,Warm weather can increase cooling demand during this period.,Pool circulation or heating can add to household demand during this period.,stage5_frozen_selected_model,stage6a_frozen_ensemble,stage6b_deterministic_rules,real
2025-09-08T14:00:00+02:00,2025-09-04T23:00:00+02:00,168,87,M1_GBT_CAL_WEATHER,1.2024298083966793,0.143135813,0.291184629,2.338759493499999,2.7954931173,3.3187679449000007,0.025,LOW,26.1,False,DAYTIME,0.28,STANDARD_06_17,Warm weather can increase cooling demand during this period.,Pool circulation or heating can add to household demand during this period.,stage5_frozen_selected_model,stage6a_frozen_ensemble,stage6b_deterministic_rules,real
2025-09-08T15:00:00+02:00,2025-09-04T23:00:00+02:00,168,88,M1_GBT_CAL_WEATHER,1.6016192428708116,0.1553924776,0.532878568,2.1066138872,2.5324219593499997,3.3187679449000007,0.005,LOW,25.9,False,DAYTIME,0.28,STANDARD_06_17,Warm weather can increase cooling demand during this period.,Pool circulation or heating can add to household demand during this period.,stage5_frozen_selected_model,stage6a_frozen_ensemble,stage6b_deterministic_rules,real
2025-09-08T16:00:00+02:00,2025-09-04T23:00:00+02:00,168,89,M1_GBT_CAL_WEATHER,1.4788822149999974,0.1645017966,1.024185379,3.037824162099999,4.022942935799998,3.3187679449000007,0.09,LOW,25.6,False,RETURN_RAMP,0.28,STANDARD_06_17,Warm weather can increase cooling demand during this period.,Pool circulation or heating can add to household demand during this period.,stage5_frozen_selected_model,stage6a_frozen_ensemble,stage6b_deterministic_rules,real
2025-09-08T17:00:00+02:00,2025-09-04T23:00:00+02:00,168,90,M1_GBT_CAL_WEATHER,1.5561699065354817,0.32948645930000003,1.756235782,8.794397994599995,10.616891451599999,3.3187679449000007,0.305,MEDIUM,24.9,False,RETURN_RAMP,0.4,PEAK_17_22,"Evening demand can rise when EV charging, HVAC and household activities overlap.",Pool circulation or heating can add to household demand during this period.,stage5_frozen_selected_model,stage6a_frozen_ensemble,stage6b_deterministic_rules,real
2025-09-08T18:00:00+02:00,2025-09-04T23:00:00+02:00,168,91,M1_GBT_CAL_WEATHER,2.123812405323412,0.7996172119000001,4.069816342999999,10.225883055799999,12.122861976199996,3.3187679449000007,0.53,HIGH,24.6,False,RETURN_RAMP,0.4,PEAK_17_22,"This is a high-risk period because EV charging can coincide with HVAC, cooking and optional high-power loads such as the sauna.",Pool circulation or heating can add to household demand during this period.,stage5_frozen_selected_model,stage6a_frozen_ensemble,stage6b_deterministic_rules,real
2025-09-08T19:00:00+02:00,2025-09-04T23:00:00+02:00,168,92,M1_GBT_CAL_WEATHER,2.123812405323412,0.2200599866,4.137427969,11.2984297853,14.275912220499993,3.3187679449000007,0.565,HIGH,24.3,False,EVENING,0.4,PEAK_17_22,"This is a high-risk period because EV charging can coincide with HVAC, cooking and optional high-power loads such as the sauna.",Pool circulation or heating can add to household demand during this period.,stage5_frozen_selected_model,stage6a_frozen_ensemble,stage6b_deterministic_rules,real
2025-09-08T20:00:00+02:00,2025-09-04T23:00:00+02:00,168,93,M1_GBT_CAL_WEATHER,1.9078193405089914,0.20070530410000004,2.2717128625000003,8.909013151699995,10.772187643599997,3.3187679449000007,0.405,HIGH,23.8,False,EVENING,0.4,PEAK_17_22,"This is a high-risk period because EV charging can coincide with HVAC, cooking and optional high-power loads such as the sauna.",Pool circulation or heating can add to household demand during this period.,stage5_frozen_selected_model,stage6a_frozen_ensemble,stage6b_deterministic_rules,real
2025-09-08T21:00:00+02:00,2025-09-04T23:00:00+02:00,168,94,M1_GBT_CAL_WEATHER,1.7115535843340783,0.38327810390000006,1.094814467,7.9410785931,8.633502108849996,3.3187679449000007,0.25,MEDIUM,23.6,False,EVENING,0.4,PEAK_17_22,"Evening demand can rise when EV charging, HVAC and household activities overlap.",Pool circulation or heating can add to household demand during this period.,stage5_frozen_selected_model,stage6a_frozen_ensemble,stage6b_deterministic_rules,real
2025-09-08T22:00:00+02:00,2025-09-04T23:00:00+02:00,168,95,M1_GBT_CAL_WEATHER,1.6131975212028413,0.3293708524,0.7165034939999999,3.325143604999999,6.844521147999995,3.3187679449000007,0.1,LOW,23.6,False,EVENING,0.28,STANDARD_22_24,Pool circulation or heating can add to household demand during this period.,,stage5_frozen_selected_model,stage6a_frozen_ensemble,stage6b_deterministic_rules,real
2025-09-08T23:00:00+02:00,2025-09-04T23:00:00+02:00,168,96,M1_GBT_CAL_WEATHER,1.0366225796554442,0.31013227509999997,0.5553664195,1.0878600548,1.2653437977999997,3.3187679449000007,0.025,LOW,23.3,False,NIGHT,0.28,STANDARD_22_24,"Demand is usually lower overnight, although base loads, HVAC, pool systems and EV charging may remain active.",,stage5_frozen_selected_model,stage6a_frozen_ensemble,stage6b_deterministic_rules,real
2025-09-09T00:00:00+02:00,2025-09-04T23:00:00+02:00,168,97,M1_GBT_CAL_WEATHER,0.9129772161494627,0.3001104969,0.48330077250000003,0.6762132443,0.7910923132499994,3.3187679449000007,0.01,LOW,23.7,False,NIGHT,0.18,OFF_PEAK_00_06,"Demand is usually lower overnight, although base loads, HVAC, pool systems and EV charging may remain active.",,stage5_frozen_selected_model,stage6a_frozen_ensemble,stage6b_deterministic_rules,real
2025-09-09T01:00:00+02:00,2025-09-04T23:00:00+02:00,168,98,M1_GBT_CAL_WEATHER,0.9129772161494627,0.30412075099999997,0.48016590800000003,0.652798535,0.67754202675,3.3187679449000007,0.005,LOW,23.2,False,NIGHT,0.18,OFF_PEAK_00_06,"Demand is usually lower overnight, although base loads, HVAC, pool systems and EV charging may remain active.",,stage5_frozen_selected_model,stage6a_frozen_ensemble,stage6b_deterministic_rules,real
2025-09-09T02:00:00+02:00,2025-09-04T23:00:00+02:00,168,99,M1_GBT_CAL_WEATHER,0.9129772161494627,0.31031986240000003,0.481691512,0.6519626259,0.67829134335,3.3187679449000007,0.005,LOW,22.9,False,NIGHT,0.18,OFF_PEAK_00_06,"Demand is usually lower overnight, although base loads, HVAC, pool systems and EV charging may remain active.",,stage5_frozen_selected_model,stage6a_frozen_ensemble,stage6b_deterministic_rules,real
2025-09-09T03:00:00+02:00,2025-09-04T23:00:00+02:00,168,100,M1_GBT_CAL_WEATHER,0.9129772161494627,0.31140705560000004,0.4830015775,0.653071324,0.67969919955,3.3187679449000007,0.01,LOW,22.6,False,NIGHT,0.18,OFF_PEAK_00_06,"Demand is usually lower overnight, although base loads, HVAC, pool systems and EV charging may remain active.",,stage5_frozen_selected_model,stage6a_frozen_ensemble,stage6b_deterministic_rules,real
2025-09-09T04:00:00+02:00,2025-09-04T23:00:00+02:00,168,101,M1_GBT_CAL_WEATHER,0.9129772161494627,0.31224128770000004,0.484006826,0.6539220567999999,0.6806709250999999,3.3187679449000007,0.01,LOW,22.2,False,NIGHT,0.18,OFF_PEAK_00_06,"Demand is usually lower overnight, although base loads, HVAC, pool systems and EV charging may remain active.",,stage5_frozen_selected_model,stage6a_frozen_ensemble,stage6b_deterministic_rules,real
2025-09-09T05:00:00+02:00,2025-09-04T23:00:00+02:00,168,102,M1_GBT_CAL_WEATHER,0.9129772161494627,0.3127657086,0.484638752,0.6544568504,0.68120104835,3.3187679449000007,0.005,LOW,22.0,False,NIGHT,0.18,OFF_PEAK_00_06,"Demand is usually lower overnight, although base loads, HVAC, pool systems and EV charging may remain active.",,stage5_frozen_selected_model,stage6a_frozen_ensemble,stage6b_deterministic_rules,real
2025-09-09T06:00:00+02:00,2025-09-04T23:00:00+02:00,168,103,M1_GBT_CAL_WEATHER,0.9129772161494627,0.3396311318,0.5521869365000001,1.1396012302999996,1.4671032258999992,3.3187679449000007,0.005,LOW,21.4,False,NIGHT,0.28,STANDARD_06_17,Pool circulation or heating can add to household demand during this period.,"Demand is usually lower overnight, although base loads, HVAC, pool systems and EV charging may remain active.",stage5_frozen_selected_model,stage6a_frozen_ensemble,stage6b_deterministic_rules,real
2025-09-09T07:00:00+02:00,2025-09-04T23:00:00+02:00,168,104,M1_GBT_CAL_WEATHER,0.9129772161494627,0.3866009902,0.7221275145,2.3006861203,3.1002311090499965,3.3187679449000007,0.045,LOW,20.9,False,MORNING,0.28,STANDARD_06_17,Pool circulation or heating can add to household demand during this period.,,stage5_frozen_selected_model,stage6a_frozen_ensemble,stage6b_deterministic_rules,real
2025-09-09T08:00:00+02:00,2025-09-04T23:00:00+02:00,168,105,M1_GBT_CAL_WEATHER,0.9129772161494627,0.1711841854,0.870020252,1.8839161483999998,2.7984419990999974,3.3187679449000007,0.025,LOW,21.0,False,MORNING,0.28,STANDARD_06_17,Pool circulation or heating can add to household demand during this period.,,stage5_frozen_selected_model,stage6a_frozen_ensemble,stage6b_deterministic_rules,real
2025-09-09T09:00:00+02:00,2025-09-04T23:00:00+02:00,168,106,M1_GBT_CAL_WEATHER,0.9129772161494627,0.1732986297,0.9707057845,1.3204706955,1.3678064446999998,3.3187679449000007,0.01,LOW,20.8,False,DAYTIME,0.28,STANDARD_06_17,Pool circulation or heating can add to household demand during this period.,,stage5_frozen_selected_model,stage6a_frozen_ensemble,stage6b_deterministic_rules,real
2025-09-09T10:00:00+02:00,2025-09-04T23:00:00+02:00,168,107,M1_GBT_CAL_WEATHER,0.9129772161494627,0.20548884180000002,0.996820303,1.3279986166999997,1.3742606428,3.3187679449000007,0.02,LOW,20.7,False,DAYTIME,0.28,STANDARD_06_17,Pool circulation or heating can add to household demand during this period.,,stage5_frozen_selected_model,stage6a_frozen_ensemble,stage6b_deterministic_rules,real
2025-09-09T11:00:00+02:00,2025-09-04T23:00:00+02:00,168,108,M1_GBT_CAL_WEATHER,0.9129772161494627,0.216003025,0.971691888,1.3379487554,1.3937904948999997,3.3187679449000007,0.025,LOW,20.2,False,DAYTIME,0.28,STANDARD_06_17,Pool circulation or heating can add to household demand during this period.,,stage5_frozen_selected_model,stage6a_frozen_ensemble,stage6b_deterministic_rules,real
2025-09-09T12:00:00+02:00,2025-09-04T23:00:00+02:00,168,109,M1_GBT_CAL_WEATHER,0.9129772161494627,0.1788950965,0.8912506330000001,1.3365186376999998,1.4198880580499984,3.3187679449000007,0.02,LOW,21.4,False,DAYTIME,0.28,STANDARD_06_17,Pool circulation or heating can add to household demand during this period.,,stage5_frozen_selected_model,stage6a_frozen_ensemble,stage6b_deterministic_rules,real
2025-09-09T13:00:00+02:00,2025-09-04T23:00:00+02:00,168,110,M1_GBT_CAL_WEATHER,0.9129772161494627,0.1591311752,0.7037457094999999,1.2787553737999997,1.3806730595999999,3.3187679449000007,0.02,LOW,22.3,False,DAYTIME,0.28,STANDARD_06_17,Pool circulation or heating can add to household demand during this period.,,stage5_frozen_selected_model,stage6a_frozen_ensemble,stage6b_deterministic_rules,real
2025-09-09T14:00:00+02:00,2025-09-04T23:00:00+02:00,168,111,M1_GBT_CAL_WEATHER,1.0366225796554442,0.14409813970000002,0.219333174,1.2759423831,1.3444853163999997,3.3187679449000007,0.015,LOW,23.0,False,DAYTIME,0.28,STANDARD_06_17,Pool circulation or heating can add to household demand during this period.,,stage5_frozen_selected_model,stage6a_frozen_ensemble,stage6b_deterministic_rules,real
2025-09-09T15:00:00+02:00,2025-09-04T23:00:00+02:00,168,112,M1_GBT_CAL_WEATHER,1.237267543953224,0.1432071419,0.262545234,1.2413231401999998,1.3330253986999996,3.3187679449000007,0.005,LOW,23.0,False,DAYTIME,0.28,STANDARD_06_17,Pool circulation or heating can add to household demand during this period.,,stage5_frozen_selected_model,stage6a_frozen_ensemble,stage6b_deterministic_rules,real
2025-09-09T16:00:00+02:00,2025-09-04T23:00:00+02:00,168,113,M1_GBT_CAL_WEATHER,1.3599041503605678,0.1574676913,0.830236236,1.3970623760999998,3.325757705549995,3.3187679449000007,0.05,LOW,23.2,False,RETURN_RAMP,0.28,STANDARD_06_17,Pool circulation or heating can add to household demand during this period.,,stage5_frozen_selected_model,stage6a_frozen_ensemble,stage6b_deterministic_rules,real
2025-09-09T17:00:00+02:00,2025-09-04T23:00:00+02:00,168,114,M1_GBT_CAL_WEATHER,1.6325771069075417,0.24339466900000006,1.0991513519999998,7.789251963299999,8.481033124199998,3.3187679449000007,0.26,MEDIUM,23.0,False,RETURN_RAMP,0.4,PEAK_17_22,"Evening demand can rise when EV charging, HVAC and household activities overlap.",Pool circulation or heating can add to household demand during this period.,stage5_frozen_selected_model,stage6a_frozen_ensemble,stage6b_deterministic_rules,real
2025-09-09T18:00:00+02:00,2025-09-04T23:00:00+02:00,168,115,M1_GBT_CAL_WEATHER,2.7596618590093813,0.21352305910000002,3.801108043,9.3562456939,12.655598601649983,3.3187679449000007,0.52,HIGH,22.8,False,RETURN_RAMP,0.4,PEAK_17_22,"This is a high-risk period because EV charging can coincide with HVAC, cooking and optional high-power loads such as the sauna.",Pool circulation or heating can add to household demand during this period.,stage5_frozen_selected_model,stage6a_frozen_ensemble,stage6b_deterministic_rules,real
2025-09-09T19:00:00+02:00,2025-09-04T23:00:00+02:00,168,116,M1_GBT_CAL_WEATHER,2.7596618590093813,0.21577024330000003,3.685356477,10.452274249299998,13.167975641599986,3.3187679449000007,0.52,HIGH,22.6,False,EVENING,0.4,PEAK_17_22,"This is a high-risk period because EV charging can coincide with HVAC, cooking and optional high-power loads such as the sauna.",Pool circulation or heating can add to household demand during this period.,stage5_frozen_selected_model,stage6a_frozen_ensemble,stage6b_deterministic_rules,real
2025-09-09T20:00:00+02:00,2025-09-04T23:00:00+02:00,168,117,M1_GBT_CAL_WEATHER,1.9842265408810513,0.2062026193,2.0744832805,9.2074760214,11.564176815649997,3.3187679449000007,0.4,HIGH,22.1,False,EVENING,0.4,PEAK_17_22,"This is a high-risk period because EV charging can coincide with HVAC, cooking and optional high-power loads such as the sauna.",Pool circulation or heating can add to household demand during this period.,stage5_frozen_selected_model,stage6a_frozen_ensemble,stage6b_deterministic_rules,real
2025-09-09T21:00:00+02:00,2025-09-04T23:00:00+02:00,168,118,M1_GBT_CAL_WEATHER,1.7115535843340783,0.41536989220000003,1.0632526725,7.9673267354,8.881324704099999,3.3187679449000007,0.255,MEDIUM,22.2,False,EVENING,0.4,PEAK_17_22,"Evening demand can rise when EV charging, HVAC and household activities overlap.",Pool circulation or heating can add to household demand during this period.,stage5_frozen_selected_model,stage6a_frozen_ensemble,stage6b_deterministic_rules,real
2025-09-09T22:00:00+02:00,2025-09-04T23:00:00+02:00,168,119,M1_GBT_CAL_WEATHER,1.6131975212028413,0.38664522900000003,0.715839914,2.2270203261999972,7.8013014538,3.3187679449000007,0.09,LOW,22.2,False,EVENING,0.28,STANDARD_22_24,Pool circulation or heating can add to household demand during this period.,,stage5_frozen_selected_model,stage6a_frozen_ensemble,stage6b_deterministic_rules,real
2025-09-09T23:00:00+02:00,2025-09-04T23:00:00+02:00,168,120,M1_GBT_CAL_WEATHER,1.0366225796554442,0.3175334388,0.545893279,1.1559243119999998,1.3158486075499993,3.3187679449000007,0.025,LOW,21.0,False,NIGHT,0.28,STANDARD_22_24,"Demand is usually lower overnight, although base loads, HVAC, pool systems and EV charging may remain active.",,stage5_frozen_selected_model,stage6a_frozen_ensemble,stage6b_deterministic_rules,real
2025-09-10T00:00:00+02:00,2025-09-04T23:00:00+02:00,168,121,M1_GBT_CAL_WEATHER,0.9129772161494627,0.3087706644,0.4997892975,0.6670935688,0.7050771923999999,3.3187679449000007,0.01,LOW,21.4,False,NIGHT,0.18,OFF_PEAK_00_06,"Demand is usually lower overnight, although base loads, HVAC, pool systems and EV charging may remain active.",,stage5_frozen_selected_model,stage6a_frozen_ensemble,stage6b_deterministic_rules,real
2025-09-10T01:00:00+02:00,2025-09-04T23:00:00+02:00,168,122,M1_GBT_CAL_WEATHER,0.9129772161494627,0.3105810075,0.4836951145,0.6506715206,0.67552491385,3.3187679449000007,0.005,LOW,20.7,False,NIGHT,0.18,OFF_PEAK_00_06,"Demand is usually lower overnight, although base loads, HVAC, pool systems and EV charging may remain active.",,stage5_frozen_selected_model,stage6a_frozen_ensemble,stage6b_deterministic_rules,real
2025-09-10T02:00:00+02:00,2025-09-04T23:00:00+02:00,168,123,M1_GBT_CAL_WEATHER,0.9129772161494627,0.3122679786,0.48529507650000003,0.6519626259,0.6700408691499999,3.3187679449000007,0.0,LOW,20.0,False,NIGHT,0.18,OFF_PEAK_00_06,"Demand is usually lower overnight, although base loads, HVAC, pool systems and EV charging may remain active.",,stage5_frozen_selected_model,stage6a_frozen_ensemble,stage6b_deterministic_rules,real
2025-09-10T03:00:00+02:00,2025-09-04T23:00:00+02:00,168,124,M1_GBT_CAL_WEATHER,0.9129772161494627,0.31371661380000004,0.49030452599999996,0.6684045086999999,2.080724189749993,3.3187679449000007,0.02,LOW,20.0,False,NIGHT,0.18,OFF_PEAK_00_06,"Demand is usually lower overnight, although base loads, HVAC, pool systems and EV charging may remain active.",,stage5_frozen_selected_model,stage6a_frozen_ensemble,stage6b_deterministic_rules,real
2025-09-10T04:00:00+02:00,2025-09-04T23:00:00+02:00,168,125,M1_GBT_CAL_WEATHER,0.9129772161494627,0.3194864844,0.4980911655,0.6882792013,3.1650047514499984,3.3187679449000007,0.04,LOW,19.6,False,NIGHT,0.18,OFF_PEAK_00_06,"Demand is usually lower overnight, although base loads, HVAC, pool systems and EV charging may remain active.",,stage5_frozen_selected_model,stage6a_frozen_ensemble,stage6b_deterministic_rules,real
2025-09-10T05:00:00+02:00,2025-09-04T23:00:00+02:00,168,126,M1_GBT_CAL_WEATHER,0.9129772161494627,0.3209036038,0.5036695335,2.6315525239,3.6556661988999997,3.3187679449000007,0.07,LOW,19.4,False,NIGHT,0.18,OFF_PEAK_00_06,"Demand is usually lower overnight, although base loads, HVAC, pool systems and EV charging may remain active.",,stage5_frozen_selected_model,stage6a_frozen_ensemble,stage6b_deterministic_rules,real
2025-09-10T06:00:00+02:00,2025-09-04T23:00:00+02:00,168,127,M1_GBT_CAL_WEATHER,0.9129772161494627,0.34805410290000005,0.6534953459999999,3.3603269253,3.90024947725,3.3187679449000007,0.11,LOW,19.2,False,NIGHT,0.28,STANDARD_06_17,Pool circulation or heating can add to household demand during this period.,"Demand is usually lower overnight, although base loads, HVAC, pool systems and EV charging may remain active.",stage5_frozen_selected_model,stage6a_frozen_ensemble,stage6b_deterministic_rules,real
2025-09-10T07:00:00+02:00,2025-09-04T23:00:00+02:00,168,128,M1_GBT_CAL_WEATHER,0.9129772161494627,0.40898158710000004,1.196393896,3.7529834236999995,4.622632093299998,3.3187679449000007,0.155,LOW,19.0,False,MORNING,0.28,STANDARD_06_17,Pool circulation or heating can add to household demand during this period.,,stage5_frozen_selected_model,stage6a_frozen_ensemble,stage6b_deterministic_rules,real
2025-09-10T08:00:00+02:00,2025-09-04T23:00:00+02:00,168,129,M1_GBT_CAL_WEATHER,0.9129772161494627,0.19731883090000002,1.251347946,4.078974952,4.571337027199999,3.3187679449000007,0.205,MEDIUM,18.8,False,MORNING,0.28,STANDARD_06_17,Pool circulation or heating can add to household demand during this period.,,stage5_frozen_selected_model,stage6a_frozen_ensemble,stage6b_deterministic_rules,real
2025-09-10T09:00:00+02:00,2025-09-04T23:00:00+02:00,168,130,M1_GBT_CAL_WEATHER,0.9313885665226805,0.1832171913,1.038202271,1.3757162730999999,3.0020773035999992,3.3187679449000007,0.04,LOW,20.2,False,DAYTIME,0.28,STANDARD_06_17,Pool circulation or heating can add to household demand during this period.,,stage5_frozen_selected_model,stage6a_frozen_ensemble,stage6b_deterministic_rules,real
2025-09-10T10:00:00+02:00,2025-09-04T23:00:00+02:00,168,131,M1_GBT_CAL_WEATHER,0.9129772161494627,0.2267545064,1.025851382,1.3786022118,2.638208636699998,3.3187679449000007,0.03,LOW,22.1,False,DAYTIME,0.28,STANDARD_06_17,Pool circulation or heating can add to household demand during this period.,,stage5_frozen_selected_model,stage6a_frozen_ensemble,stage6b_deterministic_rules,real
2025-09-10T11:00:00+02:00,2025-09-04T23:00:00+02:00,168,132,M1_GBT_CAL_WEATHER,0.9129772161494627,0.22042292430000002,0.9203672875,1.3051254438,1.6665116070499895,3.3187679449000007,0.03,LOW,23.5,False,DAYTIME,0.28,STANDARD_06_17,Pool circulation or heating can add to household demand during this period.,,stage5_frozen_selected_model,stage6a_frozen_ensemble,stage6b_deterministic_rules,real
2025-09-10T12:00:00+02:00,2025-09-04T23:00:00+02:00,168,133,M1_GBT_CAL_WEATHER,0.8614853974415669,0.1699729507,0.850437466,1.3317873419,2.0537609430499946,3.3187679449000007,0.03,LOW,24.5,False,DAYTIME,0.28,STANDARD_06_17,Pool circulation or heating can add to household demand during this period.,,stage5_frozen_selected_model,stage6a_frozen_ensemble,stage6b_deterministic_rules,real
2025-09-10T13:00:00+02:00,2025-09-04T23:00:00+02:00,168,134,M1_GBT_CAL_WEATHER,0.8614853974415669,0.1474606458,0.427552396,1.2646109743,1.47957570145,3.3187679449000007,0.03,LOW,24.8,False,DAYTIME,0.28,STANDARD_06_17,Pool circulation or heating can add to household demand during this period.,,stage5_frozen_selected_model,stage6a_frozen_ensemble,stage6b_deterministic_rules,real
2025-09-10T14:00:00+02:00,2025-09-04T23:00:00+02:00,168,135,M1_GBT_CAL_WEATHER,1.0766404624649106,0.1412040842,0.20832668999999998,1.2525645122,1.3431879708999996,3.3187679449000007,0.015,LOW,25.9,False,DAYTIME,0.28,STANDARD_06_17,Warm weather can increase cooling demand during this period.,Pool circulation or heating can add to household demand during this period.,stage5_frozen_selected_model,stage6a_frozen_ensemble,stage6b_deterministic_rules,real
2025-09-10T15:00:00+02:00,2025-09-04T23:00:00+02:00,168,136,M1_GBT_CAL_WEATHER,1.570885982047467,0.1515131086,0.2994565475,1.1846517096,1.2742158579499991,3.3187679449000007,0.01,LOW,26.9,False,DAYTIME,0.28,STANDARD_06_17,Warm weather can increase cooling demand during this period.,Pool circulation or heating can add to household demand during this period.,stage5_frozen_selected_model,stage6a_frozen_ensemble,stage6b_deterministic_rules,real
2025-09-10T16:00:00+02:00,2025-09-04T23:00:00+02:00,168,137,M1_GBT_CAL_WEATHER,2.5391087829768186,0.1631012786,0.8531280815,2.0263048411999995,4.0258640420499905,3.3187679449000007,0.07,LOW,27.9,False,RETURN_RAMP,0.28,STANDARD_06_17,Warm weather can increase cooling demand during this period.,Pool circulation or heating can add to household demand during this period.,stage5_frozen_selected_model,stage6a_frozen_ensemble,stage6b_deterministic_rules,real
2025-09-10T17:00:00+02:00,2025-09-04T23:00:00+02:00,168,138,M1_GBT_CAL_WEATHER,2.896552812677161,0.3872429324000001,1.3363023804999998,8.1366998949,10.297809192099992,3.3187679449000007,0.305,MEDIUM,27.3,False,RETURN_RAMP,0.4,PEAK_17_22,"Evening demand can rise when EV charging, HVAC and household activities overlap.",Warm weather can increase cooling demand during this period.,stage5_frozen_selected_model,stage6a_frozen_ensemble,stage6b_deterministic_rules,real
2025-09-10T18:00:00+02:00,2025-09-04T23:00:00+02:00,168,139,M1_GBT_CAL_WEATHER,2.9862251337230172,0.7820753889,3.780856868,13.261630237399999,15.57885990235,3.3187679449000007,0.535,HIGH,26.6,False,RETURN_RAMP,0.4,PEAK_17_22,"This is a high-risk period because EV charging can coincide with HVAC, cooking and optional high-power loads such as the sauna.",Warm weather can increase cooling demand during this period.,stage5_frozen_selected_model,stage6a_frozen_ensemble,stage6b_deterministic_rules,real
2025-09-10T19:00:00+02:00,2025-09-04T23:00:00+02:00,168,140,M1_GBT_CAL_WEATHER,2.9862251337230172,0.8360167799000002,5.081672036,12.5088724247,15.998890892899995,3.3187679449000007,0.65,HIGH,26.1,False,EVENING,0.4,PEAK_17_22,"This is a high-risk period because EV charging can coincide with HVAC, cooking and optional high-power loads such as the sauna.",Warm weather can increase cooling demand during this period.,stage5_frozen_selected_model,stage6a_frozen_ensemble,stage6b_deterministic_rules,real
2025-09-10T20:00:00+02:00,2025-09-04T23:00:00+02:00,168,141,M1_GBT_CAL_WEATHER,2.141708801054012,0.3073583609000001,3.2665891179999997,9.865814906,11.202866230899993,3.3187679449000007,0.495,HIGH,24.9,False,EVENING,0.4,PEAK_17_22,"This is a high-risk period because EV charging can coincide with HVAC, cooking and optional high-power loads such as the sauna.",Pool circulation or heating can add to household demand during this period.,stage5_frozen_selected_model,stage6a_frozen_ensemble,stage6b_deterministic_rules,real
2025-09-10T21:00:00+02:00,2025-09-04T23:00:00+02:00,168,142,M1_GBT_CAL_WEATHER,1.9941624561536082,0.4080915094,1.3333837915000002,8.0561382919,8.8541755735,3.3187679449000007,0.28,MEDIUM,23.9,False,EVENING,0.4,PEAK_17_22,"Evening demand can rise when EV charging, HVAC and household activities overlap.",Pool circulation or heating can add to household demand during this period.,stage5_frozen_selected_model,stage6a_frozen_ensemble,stage6b_deterministic_rules,real
2025-09-10T22:00:00+02:00,2025-09-04T23:00:00+02:00,168,143,M1_GBT_CAL_WEATHER,1.8585711554809996,0.3590914324,0.6817145065,3.856998142199997,8.0229426161,3.3187679449000007,0.12,LOW,23.0,False,EVENING,0.28,STANDARD_22_24,Pool circulation or heating can add to household demand during this period.,,stage5_frozen_selected_model,stage6a_frozen_ensemble,stage6b_deterministic_rules,real
2025-09-10T23:00:00+02:00,2025-09-04T23:00:00+02:00,168,144,M1_GBT_CAL_WEATHER,1.0366225796554442,0.3153168184,0.533419709,1.1957499415000001,1.465701668849999,3.3187679449000007,0.015,LOW,22.1,False,NIGHT,0.28,STANDARD_22_24,"Demand is usually lower overnight, although base loads, HVAC, pool systems and EV charging may remain active.",,stage5_frozen_selected_model,stage6a_frozen_ensemble,stage6b_deterministic_rules,real
2025-09-11T00:00:00+02:00,2025-09-04T23:00:00+02:00,168,145,M1_GBT_CAL_WEATHER,0.8634841206830032,0.3078817022,0.4845618355,0.6635283847,0.7017373864999983,3.3187679449000007,0.0,LOW,21.7,False,NIGHT,0.18,OFF_PEAK_00_06,"Demand is usually lower overnight, although base loads, HVAC, pool systems and EV charging may remain active.",,stage5_frozen_selected_model,stage6a_frozen_ensemble,stage6b_deterministic_rules,real
2025-09-11T01:00:00+02:00,2025-09-04T23:00:00+02:00,168,146,M1_GBT_CAL_WEATHER,0.9313885665226805,0.3092762134,0.4787980125,0.6480599723999999,0.663987467,3.3187679449000007,0.0,LOW,21.1,False,NIGHT,0.18,OFF_PEAK_00_06,"Demand is usually lower overnight, although base loads, HVAC, pool systems and EV charging may remain active.",,stage5_frozen_selected_model,stage6a_frozen_ensemble,stage6b_deterministic_rules,real
2025-09-11T02:00:00+02:00,2025-09-04T23:00:00+02:00,168,147,M1_GBT_CAL_WEATHER,0.9313885665226805,0.3122679786,0.481691512,0.6511974301,0.6662559746,3.3187679449000007,0.0,LOW,20.2,False,NIGHT,0.18,OFF_PEAK_00_06,"Demand is usually lower overnight, although base loads, HVAC, pool systems and EV charging may remain active.",,stage5_frozen_selected_model,stage6a_frozen_ensemble,stage6b_deterministic_rules,real
2025-09-11T03:00:00+02:00,2025-09-04T23:00:00+02:00,168,148,M1_GBT_CAL_WEATHER,0.9313885665226805,0.31371661380000004,0.4830015775,0.6523443012,0.6674900074499999,3.3187679449000007,0.0,LOW,19.6,False,NIGHT,0.18,OFF_PEAK_00_06,"Demand is usually lower overnight, although base loads, HVAC, pool systems and EV charging may remain active.",,stage5_frozen_selected_model,stage6a_frozen_ensemble,stage6b_deterministic_rules,real
2025-09-11T04:00:00+02:00,2025-09-04T23:00:00+02:00,168,149,M1_GBT_CAL_WEATHER,0.9313885665226805,0.3202192715,0.4878395175,0.6580091371,0.68084417825,3.3187679449000007,0.01,LOW,19.0,False,NIGHT,0.18,OFF_PEAK_00_06,"Demand is usually lower overnight, although base loads, HVAC, pool systems and EV charging may remain active.",,stage5_frozen_selected_model,stage6a_frozen_ensemble,stage6b_deterministic_rules,real
2025-09-11T05:00:00+02:00,2025-09-04T23:00:00+02:00,168,150,M1_GBT_CAL_WEATHER,0.9313885665226805,0.3240128586,0.49310686449999996,0.683387599,2.883225457249998,3.3187679449000007,0.025,LOW,18.7,False,NIGHT,0.18,OFF_PEAK_00_06,"Demand is usually lower overnight, although base loads, HVAC, pool systems and EV charging may remain active.",,stage5_frozen_selected_model,stage6a_frozen_ensemble,stage6b_deterministic_rules,real
2025-09-11T06:00:00+02:00,2025-09-04T23:00:00+02:00,168,151,M1_GBT_CAL_WEATHER,0.9129772161494627,0.3662153731,0.6155055105,3.6421392486,4.12782070005,3.3187679449000007,0.145,LOW,19.3,False,NIGHT,0.28,STANDARD_06_17,Pool circulation or heating can add to household demand during this period.,"Demand is usually lower overnight, although base loads, HVAC, pool systems and EV charging may remain active.",stage5_frozen_selected_model,stage6a_frozen_ensemble,stage6b_deterministic_rules,real
2025-09-11T07:00:00+02:00,2025-09-04T23:00:00+02:00,168,152,M1_GBT_CAL_WEATHER,0.9129772161494627,0.40815379360000004,1.302567793,3.9404379419999995,4.626773942049998,3.3187679449000007,0.18,LOW,19.4,False,MORNING,0.28,STANDARD_06_17,Pool circulation or heating can add to household demand during this period.,,stage5_frozen_selected_model,stage6a_frozen_ensemble,stage6b_deterministic_rules,real
2025-09-11T08:00:00+02:00,2025-09-04T23:00:00+02:00,168,153,M1_GBT_CAL_WEATHER,0.9129772161494627,0.1734445956,1.0091360090000001,3.4219067579999995,4.073970397799992,3.3187679449000007,0.115,LOW,19.5,False,MORNING,0.28,STANDARD_06_17,Pool circulation or heating can add to household demand during this period.,,stage5_frozen_selected_model,stage6a_frozen_ensemble,stage6b_deterministic_rules,real
2025-09-11T09:00:00+02:00,2025-09-04T23:00:00+02:00,168,154,M1_GBT_CAL_WEATHER,0.9129772161494627,0.1853398389,1.012640489,1.3826890635999998,3.065546004699997,3.3187679449000007,0.04,LOW,21.8,False,DAYTIME,0.28,STANDARD_06_17,Pool circulation or heating can add to household demand during this period.,,stage5_frozen_selected_model,stage6a_frozen_ensemble,stage6b_deterministic_rules,real
2025-09-11T10:00:00+02:00,2025-09-04T23:00:00+02:00,168,155,M1_GBT_CAL_WEATHER,0.9129772161494627,0.20898487770000002,0.9827450984999999,1.3500512457,1.8350091055999835,3.3187679449000007,0.03,LOW,22.6,False,DAYTIME,0.28,STANDARD_06_17,Pool circulation or heating can add to household demand during this period.,,stage5_frozen_selected_model,stage6a_frozen_ensemble,stage6b_deterministic_rules,real
2025-09-11T11:00:00+02:00,2025-09-04T23:00:00+02:00,168,156,M1_GBT_CAL_WEATHER,0.9129772161494627,0.2208060404,0.984123965,1.3486599471999998,1.8615984938499925,3.3187679449000007,0.035,LOW,23.3,False,DAYTIME,0.28,STANDARD_06_17,Pool circulation or heating can add to household demand during this period.,,stage5_frozen_selected_model,stage6a_frozen_ensemble,stage6b_deterministic_rules,real
2025-09-11T12:00:00+02:00,2025-09-04T23:00:00+02:00,168,157,M1_GBT_CAL_WEATHER,0.9129772161494627,0.1700798664,0.8989721785,1.3336438360999998,1.8988192767999956,3.3187679449000007,0.03,LOW,24.0,False,DAYTIME,0.28,STANDARD_06_17,Pool circulation or heating can add to household demand during this period.,,stage5_frozen_selected_model,stage6a_frozen_ensemble,stage6b_deterministic_rules,real
2025-09-11T13:00:00+02:00,2025-09-04T23:00:00+02:00,168,158,M1_GBT_CAL_WEATHER,0.9293898432812443,0.15453245510000002,0.7546657139999999,1.3236680409,1.7342015545499985,3.3187679449000007,0.03,LOW,24.5,False,DAYTIME,0.28,STANDARD_06_17,Pool circulation or heating can add to household demand during this period.,,stage5_frozen_selected_model,stage6a_frozen_ensemble,stage6b_deterministic_rules,real
2025-09-11T14:00:00+02:00,2025-09-04T23:00:00+02:00,168,159,M1_GBT_CAL_WEATHER,1.0366225796554442,0.14908610390000002,0.2180904085,1.2230545779,1.38779234015,3.3187679449000007,0.02,LOW,24.2,False,DAYTIME,0.28,STANDARD_06_17,Pool circulation or heating can add to household demand during this period.,,stage5_frozen_selected_model,stage6a_frozen_ensemble,stage6b_deterministic_rules,real
2025-09-11T15:00:00+02:00,2025-09-04T23:00:00+02:00,168,160,M1_GBT_CAL_WEATHER,1.482641178231382,0.14978785760000002,0.407925419,1.1264847567,1.2724595251499997,3.3187679449000007,0.015,LOW,23.9,False,DAYTIME,0.28,STANDARD_06_17,Pool circulation or heating can add to household demand during this period.,,stage5_frozen_selected_model,stage6a_frozen_ensemble,stage6b_deterministic_rules,real
2025-09-11T16:00:00+02:00,2025-09-04T23:00:00+02:00,168,161,M1_GBT_CAL_WEATHER,1.3599041503605678,0.1600701471,0.893347041,2.411822097699999,4.265408220949996,3.3187679449000007,0.08,LOW,23.8,False,RETURN_RAMP,0.28,STANDARD_06_17,Pool circulation or heating can add to household demand during this period.,,stage5_frozen_selected_model,stage6a_frozen_ensemble,stage6b_deterministic_rules,real
2025-09-11T17:00:00+02:00,2025-09-04T23:00:00+02:00,168,162,M1_GBT_CAL_WEATHER,1.6325771069075417,0.21125099420000001,1.1421452545,8.2784175343,8.604765906999999,3.3187679449000007,0.31,MEDIUM,23.4,False,RETURN_RAMP,0.4,PEAK_17_22,"Evening demand can rise when EV charging, HVAC and household activities overlap.",Pool circulation or heating can add to household demand during this period.,stage5_frozen_selected_model,stage6a_frozen_ensemble,stage6b_deterministic_rules,real
2025-09-11T18:00:00+02:00,2025-09-04T23:00:00+02:00,168,163,M1_GBT_CAL_WEATHER,2.7596618590093813,0.20515918640000003,3.3701037305000003,9.605177836,12.618969835699998,3.3187679449000007,0.5,HIGH,23.1,False,RETURN_RAMP,0.4,PEAK_17_22,"This is a high-risk period because EV charging can coincide with HVAC, cooking and optional high-power loads such as the sauna.",Pool circulation or heating can add to household demand during this period.,stage5_frozen_selected_model,stage6a_frozen_ensemble,stage6b_deterministic_rules,real
2025-09-11T19:00:00+02:00,2025-09-04T23:00:00+02:00,168,164,M1_GBT_CAL_WEATHER,3.11017517666859,0.20608903160000003,3.3960960125,11.414658471799994,15.0950479762,3.3187679449000007,0.505,HIGH,22.1,False,EVENING,0.4,PEAK_17_22,"This is a high-risk period because EV charging can coincide with HVAC, cooking and optional high-power loads such as the sauna.",Pool circulation or heating can add to household demand during this period.,stage5_frozen_selected_model,stage6a_frozen_ensemble,stage6b_deterministic_rules,real
2025-09-11T20:00:00+02:00,2025-09-04T23:00:00+02:00,168,165,M1_GBT_CAL_WEATHER,2.3347398585402597,0.21482173870000001,2.3613781795,9.573388205999999,11.016827255299999,3.3187679449000007,0.405,HIGH,21.7,False,EVENING,0.4,PEAK_17_22,"This is a high-risk period because EV charging can coincide with HVAC, cooking and optional high-power loads such as the sauna.",Pool circulation or heating can add to household demand during this period.,stage5_frozen_selected_model,stage6a_frozen_ensemble,stage6b_deterministic_rules,real
2025-09-11T21:00:00+02:00,2025-09-04T23:00:00+02:00,168,166,M1_GBT_CAL_WEATHER,2.0620669019932856,0.41659286440000004,1.1898637074999998,7.262131110099999,8.168442293899998,3.3187679449000007,0.245,MEDIUM,21.5,False,EVENING,0.4,PEAK_17_22,"Evening demand can rise when EV charging, HVAC and household activities overlap.",Pool circulation or heating can add to household demand during this period.,stage5_frozen_selected_model,stage6a_frozen_ensemble,stage6b_deterministic_rules,real
2025-09-11T22:00:00+02:00,2025-09-04T23:00:00+02:00,168,167,M1_GBT_CAL_WEATHER,1.8585711554809996,0.3669224128,0.6540649265,1.9923152636999992,6.000802876299997,3.3187679449000007,0.075,LOW,21.3,False,EVENING,0.28,STANDARD_22_24,Pool circulation or heating can add to household demand during this period.,,stage5_frozen_selected_model,stage6a_frozen_ensemble,stage6b_deterministic_rules,real
2025-09-11T23:00:00+02:00,2025-09-04T23:00:00+02:00,168,168,M1_GBT_CAL_WEATHER,1.0366225796554442,0.32756456120000005,0.5476555715,1.0517136901999997,1.22409215105,3.3187679449000007,0.01,LOW,21.1,False,NIGHT,0.28,STANDARD_22_24,"Demand is usually lower overnight, although base loads, HVAC, pool systems and EV charging may remain active.",,stage5_frozen_selected_model,stage6a_frozen_ensemble,stage6b_deterministic_rules,real
2025-09-08T00:00:00+02:00,2025-09-07T23:00:00+02:00,168,1,M1_GBT_CAL_WEATHER,0.9776307403530641,0.3046981474,0.5205563945,1.5062194807999996,2.257750967399998,3.112946172899999,0.0,LOW,24.3,False,NIGHT,0.18,OFF_PEAK_00_06,"Demand is usually lower overnight, although base loads, HVAC, pool systems and EV charging may remain active.",,stage5_frozen_selected_model,stage6a_frozen_ensemble,stage6b_deterministic_rules,real
2025-09-08T01:00:00+02:00,2025-09-07T23:00:00+02:00,168,2,M1_GBT_CAL_WEATHER,0.9776307403530641,0.3092762134,0.48068291350000003,0.6612860959,0.6985159463499999,3.112946172899999,0.005,LOW,24.4,False,NIGHT,0.18,OFF_PEAK_00_06,"Demand is usually lower overnight, although base loads, HVAC, pool systems and EV charging may remain active.",,stage5_frozen_selected_model,stage6a_frozen_ensemble,stage6b_deterministic_rules,real
2025-09-08T02:00:00+02:00,2025-09-07T23:00:00+02:00,168,3,M1_GBT_CAL_WEATHER,0.9776307403530641,0.3148955392,0.484266718,0.6652415521999999,0.700050428,3.112946172899999,0.01,LOW,24.4,False,NIGHT,0.18,OFF_PEAK_00_06,"Demand is usually lower overnight, although base loads, HVAC, pool systems and EV charging may remain active.",,stage5_frozen_selected_model,stage6a_frozen_ensemble,stage6b_deterministic_rules,real
2025-09-08T03:00:00+02:00,2025-09-07T23:00:00+02:00,168,4,M1_GBT_CAL_WEATHER,0.9616624698281938,0.3206350326,0.4890222955,0.6671398322,0.7086000233999985,3.112946172899999,0.015,LOW,24.2,False,NIGHT,0.18,OFF_PEAK_00_06,"Demand is usually lower overnight, although base loads, HVAC, pool systems and EV charging may remain active.",,stage5_frozen_selected_model,stage6a_frozen_ensemble,stage6b_deterministic_rules,real
2025-09-08T04:00:00+02:00,2025-09-07T23:00:00+02:00,168,5,M1_GBT_CAL_WEATHER,0.9616624698281938,0.3233875349,0.495691231,0.6793985778,1.8423486047999973,3.112946172899999,0.025,LOW,24.3,False,NIGHT,0.18,OFF_PEAK_00_06,"Demand is usually lower overnight, although base loads, HVAC, pool systems and EV charging may remain active.",,stage5_frozen_selected_model,stage6a_frozen_ensemble,stage6b_deterministic_rules,real
2025-09-08T05:00:00+02:00,2025-09-07T23:00:00+02:00,168,6,M1_GBT_CAL_WEATHER,0.9616624698281938,0.3257827905,0.5012977395,0.6732418505,1.8235544149999972,3.112946172899999,0.025,LOW,24.4,False,NIGHT,0.18,OFF_PEAK_00_06,"Demand is usually lower overnight, although base loads, HVAC, pool systems and EV charging may remain active.",,stage5_frozen_selected_model,stage6a_frozen_ensemble,stage6b_deterministic_rules,real
2025-09-08T06:00:00+02:00,2025-09-07T23:00:00+02:00,168,7,M1_GBT_CAL_WEATHER,0.9616624698281938,0.3433815754,0.5981926925,1.8446507779999999,2.777223973649998,3.112946172899999,0.03,LOW,24.3,False,NIGHT,0.28,STANDARD_06_17,Pool circulation or heating can add to household demand during this period.,"Demand is usually lower overnight, although base loads, HVAC, pool systems and EV charging may remain active.",stage5_frozen_selected_model,stage6a_frozen_ensemble,stage6b_deterministic_rules,real
2025-09-08T07:00:00+02:00,2025-09-07T23:00:00+02:00,168,8,M1_GBT_CAL_WEATHER,0.9616624698281938,0.3927129479,0.9624880925,2.6295574439999996,3.3531553771999976,3.112946172899999,0.065,LOW,24.2,False,MORNING,0.28,STANDARD_06_17,Pool circulation or heating can add to household demand during this period.,,stage5_frozen_selected_model,stage6a_frozen_ensemble,stage6b_deterministic_rules,real
2025-09-08T08:00:00+02:00,2025-09-07T23:00:00+02:00,168,9,M1_GBT_CAL_WEATHER,0.9616624698281938,0.21220524429999998,0.9489825445000001,2.090266580099999,2.6985610963999993,3.112946172899999,0.035,LOW,24.2,False,MORNING,0.28,STANDARD_06_17,Pool circulation or heating can add to household demand during this period.,,stage5_frozen_selected_model,stage6a_frozen_ensemble,stage6b_deterministic_rules,real
2025-09-08T09:00:00+02:00,2025-09-07T23:00:00+02:00,168,10,M1_GBT_CAL_WEATHER,0.9616624698281938,0.232032388,1.0318678170000002,1.3392092774,1.3763358797999996,3.112946172899999,0.005,LOW,24.6,False,DAYTIME,0.28,STANDARD_06_17,Pool circulation or heating can add to household demand during this period.,,stage5_frozen_selected_model,stage6a_frozen_ensemble,stage6b_deterministic_rules,real
2025-09-08T10:00:00+02:00,2025-09-07T23:00:00+02:00,168,11,M1_GBT_CAL_WEATHER,0.9774997005491325,0.5159737059,1.0367001625,1.3344747889,1.39550539395,3.112946172899999,0.02,LOW,24.9,False,DAYTIME,0.28,STANDARD_06_17,Pool circulation or heating can add to household demand during this period.,,stage5_frozen_selected_model,stage6a_frozen_ensemble,stage6b_deterministic_rules,real
2025-09-08T11:00:00+02:00,2025-09-07T23:00:00+02:00,168,12,M1_GBT_CAL_WEATHER,1.08627158653887,0.2102457588,1.005408687,1.3730375977000002,2.8270509331499984,3.112946172899999,0.045,LOW,25.8,False,DAYTIME,0.28,STANDARD_06_17,Warm weather can increase cooling demand during this period.,Pool circulation or heating can add to household demand during this period.,stage5_frozen_selected_model,stage6a_frozen_ensemble,stage6b_deterministic_rules,real
2025-09-08T12:00:00+02:00,2025-09-07T23:00:00+02:00,168,13,M1_GBT_CAL_WEATHER,1.08627158653887,0.1604255331,0.8556916635,1.5569747951,2.627788707049999,3.112946172899999,0.035,LOW,26.7,False,DAYTIME,0.28,STANDARD_06_17,Warm weather can increase cooling demand during this period.,Pool circulation or heating can add to household demand during this period.,stage5_frozen_selected_model,stage6a_frozen_ensemble,stage6b_deterministic_rules,real
2025-09-08T13:00:00+02:00,2025-09-07T23:00:00+02:00,168,14,M1_GBT_CAL_WEATHER,1.08627158653887,0.15419339140000002,0.5073712035,2.5479769244999995,2.932047629749996,3.112946172899999,0.05,LOW,26.6,False,DAYTIME,0.28,STANDARD_06_17,Warm weather can increase cooling demand during this period.,Pool circulation or heating can add to household demand during this period.,stage5_frozen_selected_model,stage6a_frozen_ensemble,stage6b_deterministic_rules,real
2025-09-08T14:00:00+02:00,2025-09-07T23:00:00+02:00,168,15,M1_GBT_CAL_WEATHER,1.1903535381499093,0.143135813,0.291184629,2.338759493499999,2.7954931173,3.112946172899999,0.04,LOW,26.1,False,DAYTIME,0.28,STANDARD_06_17,Warm weather can increase cooling demand during this period.,Pool circulation or heating can add to household demand during this period.,stage5_frozen_selected_model,stage6a_frozen_ensemble,stage6b_deterministic_rules,real
2025-09-08T15:00:00+02:00,2025-09-07T23:00:00+02:00,168,16,M1_GBT_CAL_WEATHER,1.5278518432303805,0.1553924776,0.532878568,2.1066138872,2.5324219593499997,3.112946172899999,0.005,LOW,25.9,False,DAYTIME,0.28,STANDARD_06_17,Warm weather can increase cooling demand during this period.,Pool circulation or heating can add to household demand during this period.,stage5_frozen_selected_model,stage6a_frozen_ensemble,stage6b_deterministic_rules,real
2025-09-08T16:00:00+02:00,2025-09-07T23:00:00+02:00,168,17,M1_GBT_CAL_WEATHER,1.4568722525151965,0.1645017966,1.024185379,3.037824162099999,4.022942935799998,3.112946172899999,0.1,LOW,25.6,False,RETURN_RAMP,0.28,STANDARD_06_17,Warm weather can increase cooling demand during this period.,Pool circulation or heating can add to household demand during this period.,stage5_frozen_selected_model,stage6a_frozen_ensemble,stage6b_deterministic_rules,real
2025-09-08T17:00:00+02:00,2025-09-07T23:00:00+02:00,168,18,M1_GBT_CAL_WEATHER,1.5537419536257255,0.32948645930000003,1.756235782,8.794397994599995,10.616891451599999,3.112946172899999,0.32,MEDIUM,24.9,False,RETURN_RAMP,0.4,PEAK_17_22,"Evening demand can rise when EV charging, HVAC and household activities overlap.",Pool circulation or heating can add to household demand during this period.,stage5_frozen_selected_model,stage6a_frozen_ensemble,stage6b_deterministic_rules,real
2025-09-08T18:00:00+02:00,2025-09-07T23:00:00+02:00,168,19,M1_GBT_CAL_WEATHER,2.0174510105275165,0.7996172119000001,4.069816342999999,10.225883055799999,12.122861976199996,3.112946172899999,0.545,HIGH,24.6,False,RETURN_RAMP,0.4,PEAK_17_22,"This is a high-risk period because EV charging can coincide with HVAC, cooking and optional high-power loads such as the sauna.",Pool circulation or heating can add to household demand during this period.,stage5_frozen_selected_model,stage6a_frozen_ensemble,stage6b_deterministic_rules,real
2025-09-08T19:00:00+02:00,2025-09-07T23:00:00+02:00,168,20,M1_GBT_CAL_WEATHER,2.0174510105275165,0.2200599866,4.137427969,11.2984297853,14.275912220499993,3.112946172899999,0.57,HIGH,24.3,False,EVENING,0.4,PEAK_17_22,"This is a high-risk period because EV charging can coincide with HVAC, cooking and optional high-power loads such as the sauna.",Pool circulation or heating can add to household demand during this period.,stage5_frozen_selected_model,stage6a_frozen_ensemble,stage6b_deterministic_rules,real
2025-09-08T20:00:00+02:00,2025-09-07T23:00:00+02:00,168,21,M1_GBT_CAL_WEATHER,1.8081031275235955,0.20070530410000004,2.2717128625000003,8.909013151699995,10.772187643599997,3.112946172899999,0.41,HIGH,23.8,False,EVENING,0.4,PEAK_17_22,"This is a high-risk period because EV charging can coincide with HVAC, cooking and optional high-power loads such as the sauna.",Pool circulation or heating can add to household demand during this period.,stage5_frozen_selected_model,stage6a_frozen_ensemble,stage6b_deterministic_rules,real
2025-09-08T21:00:00+02:00,2025-09-07T23:00:00+02:00,168,22,M1_GBT_CAL_WEATHER,1.6930422925334367,0.38327810390000006,1.094814467,7.9410785931,8.633502108849996,3.112946172899999,0.255,MEDIUM,23.6,False,EVENING,0.4,PEAK_17_22,"Evening demand can rise when EV charging, HVAC and household activities overlap.",Pool circulation or heating can add to household demand during this period.,stage5_frozen_selected_model,stage6a_frozen_ensemble,stage6b_deterministic_rules,real
2025-09-08T22:00:00+02:00,2025-09-07T23:00:00+02:00,168,23,M1_GBT_CAL_WEATHER,1.6335367672233423,0.3293708524,0.7165034939999999,3.325143604999999,6.844521147999995,3.112946172899999,0.12,LOW,23.6,False,EVENING,0.28,STANDARD_22_24,Pool circulation or heating can add to household demand during this period.,,stage5_frozen_selected_model,stage6a_frozen_ensemble,stage6b_deterministic_rules,real
2025-09-08T23:00:00+02:00,2025-09-07T23:00:00+02:00,168,24,M1_GBT_CAL_WEATHER,1.0817126919641034,0.31013227509999997,0.5553664195,1.0878600548,1.2653437977999997,3.112946172899999,0.025,LOW,23.3,False,NIGHT,0.28,STANDARD_22_24,"Demand is usually lower overnight, although base loads, HVAC, pool systems and EV charging may remain active.",,stage5_frozen_selected_model,stage6a_frozen_ensemble,stage6b_deterministic_rules,real
2025-09-09T00:00:00+02:00,2025-09-07T23:00:00+02:00,168,25,M1_GBT_CAL_WEATHER,0.9776307403530641,0.3001104969,0.48330077250000003,0.6762132443,0.7910923132499994,3.112946172899999,0.01,LOW,23.7,False,NIGHT,0.18,OFF_PEAK_00_06,"Demand is usually lower overnight, although base loads, HVAC, pool systems and EV charging may remain active.",,stage5_frozen_selected_model,stage6a_frozen_ensemble,stage6b_deterministic_rules,real
2025-09-09T01:00:00+02:00,2025-09-07T23:00:00+02:00,168,26,M1_GBT_CAL_WEATHER,0.9776307403530641,0.30412075099999997,0.48016590800000003,0.652798535,0.67754202675,3.112946172899999,0.005,LOW,23.2,False,NIGHT,0.18,OFF_PEAK_00_06,"Demand is usually lower overnight, although base loads, HVAC, pool systems and EV charging may remain active.",,stage5_frozen_selected_model,stage6a_frozen_ensemble,stage6b_deterministic_rules,real
2025-09-09T02:00:00+02:00,2025-09-07T23:00:00+02:00,168,27,M1_GBT_CAL_WEATHER,0.9776307403530641,0.31031986240000003,0.481691512,0.6519626259,0.67829134335,3.112946172899999,0.005,LOW,22.9,False,NIGHT,0.18,OFF_PEAK_00_06,"Demand is usually lower overnight, although base loads, HVAC, pool systems and EV charging may remain active.",,stage5_frozen_selected_model,stage6a_frozen_ensemble,stage6b_deterministic_rules,real
2025-09-09T03:00:00+02:00,2025-09-07T23:00:00+02:00,168,28,M1_GBT_CAL_WEATHER,0.9616624698281938,0.31140705560000004,0.4830015775,0.653071324,0.67969919955,3.112946172899999,0.01,LOW,22.6,False,NIGHT,0.18,OFF_PEAK_00_06,"Demand is usually lower overnight, although base loads, HVAC, pool systems and EV charging may remain active.",,stage5_frozen_selected_model,stage6a_frozen_ensemble,stage6b_deterministic_rules,real
2025-09-09T04:00:00+02:00,2025-09-07T23:00:00+02:00,168,29,M1_GBT_CAL_WEATHER,0.9616624698281938,0.31224128770000004,0.484006826,0.6539220567999999,0.6806709250999999,3.112946172899999,0.01,LOW,22.2,False,NIGHT,0.18,OFF_PEAK_00_06,"Demand is usually lower overnight, although base loads, HVAC, pool systems and EV charging may remain active.",,stage5_frozen_selected_model,stage6a_frozen_ensemble,stage6b_deterministic_rules,real
2025-09-09T05:00:00+02:00,2025-09-07T23:00:00+02:00,168,30,M1_GBT_CAL_WEATHER,0.9616624698281938,0.3127657086,0.484638752,0.6544568504,0.68120104835,3.112946172899999,0.005,LOW,22.0,False,NIGHT,0.18,OFF_PEAK_00_06,"Demand is usually lower overnight, although base loads, HVAC, pool systems and EV charging may remain active.",,stage5_frozen_selected_model,stage6a_frozen_ensemble,stage6b_deterministic_rules,real
2025-09-09T06:00:00+02:00,2025-09-07T23:00:00+02:00,168,31,M1_GBT_CAL_WEATHER,0.9616624698281938,0.3396311318,0.5521869365000001,1.1396012302999996,1.4671032258999992,3.112946172899999,0.005,LOW,21.4,False,NIGHT,0.28,STANDARD_06_17,Pool circulation or heating can add to household demand during this period.,"Demand is usually lower overnight, although base loads, HVAC, pool systems and EV charging may remain active.",stage5_frozen_selected_model,stage6a_frozen_ensemble,stage6b_deterministic_rules,real
2025-09-09T07:00:00+02:00,2025-09-07T23:00:00+02:00,168,32,M1_GBT_CAL_WEATHER,0.9616624698281938,0.3866009902,0.7221275145,2.3006861203,3.1002311090499965,3.112946172899999,0.05,LOW,20.9,False,MORNING,0.28,STANDARD_06_17,Pool circulation or heating can add to household demand during this period.,,stage5_frozen_selected_model,stage6a_frozen_ensemble,stage6b_deterministic_rules,real
2025-09-09T08:00:00+02:00,2025-09-07T23:00:00+02:00,168,33,M1_GBT_CAL_WEATHER,0.9616624698281938,0.1711841854,0.870020252,1.8839161483999998,2.7984419990999974,3.112946172899999,0.045,LOW,21.0,False,MORNING,0.28,STANDARD_06_17,Pool circulation or heating can add to household demand during this period.,,stage5_frozen_selected_model,stage6a_frozen_ensemble,stage6b_deterministic_rules,real
2025-09-09T09:00:00+02:00,2025-09-07T23:00:00+02:00,168,34,M1_GBT_CAL_WEATHER,0.9616624698281938,0.1732986297,0.9707057845,1.3204706955,1.3678064446999998,3.112946172899999,0.01,LOW,20.8,False,DAYTIME,0.28,STANDARD_06_17,Pool circulation or heating can add to household demand during this period.,,stage5_frozen_selected_model,stage6a_frozen_ensemble,stage6b_deterministic_rules,real
2025-09-09T10:00:00+02:00,2025-09-07T23:00:00+02:00,168,35,M1_GBT_CAL_WEATHER,0.9616624698281938,0.20548884180000002,0.996820303,1.3279986166999997,1.3742606428,3.112946172899999,0.02,LOW,20.7,False,DAYTIME,0.28,STANDARD_06_17,Pool circulation or heating can add to household demand during this period.,,stage5_frozen_selected_model,stage6a_frozen_ensemble,stage6b_deterministic_rules,real
2025-09-09T11:00:00+02:00,2025-09-07T23:00:00+02:00,168,36,M1_GBT_CAL_WEATHER,0.9616624698281938,0.216003025,0.971691888,1.3379487554,1.3937904948999997,3.112946172899999,0.03,LOW,20.2,False,DAYTIME,0.28,STANDARD_06_17,Pool circulation or heating can add to household demand during this period.,,stage5_frozen_selected_model,stage6a_frozen_ensemble,stage6b_deterministic_rules,real
2025-09-09T12:00:00+02:00,2025-09-07T23:00:00+02:00,168,37,M1_GBT_CAL_WEATHER,0.9616624698281938,0.1788950965,0.8912506330000001,1.3365186376999998,1.4198880580499984,3.112946172899999,0.025,LOW,21.4,False,DAYTIME,0.28,STANDARD_06_17,Pool circulation or heating can add to household demand during this period.,,stage5_frozen_selected_model,stage6a_frozen_ensemble,stage6b_deterministic_rules,real
2025-09-09T13:00:00+02:00,2025-09-07T23:00:00+02:00,168,38,M1_GBT_CAL_WEATHER,0.9616624698281938,0.1591311752,0.7037457094999999,1.2787553737999997,1.3806730595999999,3.112946172899999,0.02,LOW,22.3,False,DAYTIME,0.28,STANDARD_06_17,Pool circulation or heating can add to household demand during this period.,,stage5_frozen_selected_model,stage6a_frozen_ensemble,stage6b_deterministic_rules,real
2025-09-09T14:00:00+02:00,2025-09-07T23:00:00+02:00,168,39,M1_GBT_CAL_WEATHER,1.065744421439233,0.14409813970000002,0.219333174,1.2759423831,1.3444853163999997,3.112946172899999,0.015,LOW,23.0,False,DAYTIME,0.28,STANDARD_06_17,Pool circulation or heating can add to household demand during this period.,,stage5_frozen_selected_model,stage6a_frozen_ensemble,stage6b_deterministic_rules,real
2025-09-09T15:00:00+02:00,2025-09-07T23:00:00+02:00,168,40,M1_GBT_CAL_WEATHER,1.3473700920796627,0.1432071419,0.262545234,1.2413231401999998,1.3330253986999996,3.112946172899999,0.005,LOW,23.0,False,DAYTIME,0.28,STANDARD_06_17,Pool circulation or heating can add to household demand during this period.,,stage5_frozen_selected_model,stage6a_frozen_ensemble,stage6b_deterministic_rules,real
2025-09-09T16:00:00+02:00,2025-09-07T23:00:00+02:00,168,41,M1_GBT_CAL_WEATHER,1.4228438879146275,0.1574676913,0.830236236,1.3970623760999998,3.325757705549995,3.112946172899999,0.065,LOW,23.2,False,RETURN_RAMP,0.28,STANDARD_06_17,Pool circulation or heating can add to household demand during this period.,,stage5_frozen_selected_model,stage6a_frozen_ensemble,stage6b_deterministic_rules,real
2025-09-09T17:00:00+02:00,2025-09-07T23:00:00+02:00,168,42,M1_GBT_CAL_WEATHER,1.6162257761456233,0.24339466900000006,1.0991513519999998,7.789251963299999,8.481033124199998,3.112946172899999,0.275,MEDIUM,23.0,False,RETURN_RAMP,0.4,PEAK_17_22,"Evening demand can rise when EV charging, HVAC and household activities overlap.",Pool circulation or heating can add to household demand during this period.,stage5_frozen_selected_model,stage6a_frozen_ensemble,stage6b_deterministic_rules,real
2025-09-09T18:00:00+02:00,2025-09-07T23:00:00+02:00,168,43,M1_GBT_CAL_WEATHER,2.782246628397715,0.21352305910000002,3.801108043,9.3562456939,12.655598601649983,3.112946172899999,0.535,HIGH,22.8,False,RETURN_RAMP,0.4,PEAK_17_22,"This is a high-risk period because EV charging can coincide with HVAC, cooking and optional high-power loads such as the sauna.",Pool circulation or heating can add to household demand during this period.,stage5_frozen_selected_model,stage6a_frozen_ensemble,stage6b_deterministic_rules,real
2025-09-09T19:00:00+02:00,2025-09-07T23:00:00+02:00,168,44,M1_GBT_CAL_WEATHER,2.782246628397715,0.21577024330000003,3.685356477,10.452274249299998,13.167975641599986,3.112946172899999,0.54,HIGH,22.6,False,EVENING,0.4,PEAK_17_22,"This is a high-risk period because EV charging can coincide with HVAC, cooking and optional high-power loads such as the sauna.",Pool circulation or heating can add to household demand during this period.,stage5_frozen_selected_model,stage6a_frozen_ensemble,stage6b_deterministic_rules,real
2025-09-09T20:00:00+02:00,2025-09-07T23:00:00+02:00,168,45,M1_GBT_CAL_WEATHER,1.8864241807644322,0.2062026193,2.0744832805,9.2074760214,11.564176815649997,3.112946172899999,0.405,HIGH,22.1,False,EVENING,0.4,PEAK_17_22,"This is a high-risk period because EV charging can coincide with HVAC, cooking and optional high-power loads such as the sauna.",Pool circulation or heating can add to household demand during this period.,stage5_frozen_selected_model,stage6a_frozen_ensemble,stage6b_deterministic_rules,real
2025-09-09T21:00:00+02:00,2025-09-07T23:00:00+02:00,168,46,M1_GBT_CAL_WEATHER,1.6930422925334367,0.41536989220000003,1.0632526725,7.9673267354,8.881324704099999,3.112946172899999,0.265,MEDIUM,22.2,False,EVENING,0.4,PEAK_17_22,"Evening demand can rise when EV charging, HVAC and household activities overlap.",Pool circulation or heating can add to household demand during this period.,stage5_frozen_selected_model,stage6a_frozen_ensemble,stage6b_deterministic_rules,real
2025-09-09T22:00:00+02:00,2025-09-07T23:00:00+02:00,168,47,M1_GBT_CAL_WEATHER,1.6335367672233423,0.38664522900000003,0.715839914,2.2270203261999972,7.8013014538,3.112946172899999,0.09,LOW,22.2,False,EVENING,0.28,STANDARD_22_24,Pool circulation or heating can add to household demand during this period.,,stage5_frozen_selected_model,stage6a_frozen_ensemble,stage6b_deterministic_rules,real
2025-09-09T23:00:00+02:00,2025-09-07T23:00:00+02:00,168,48,M1_GBT_CAL_WEATHER,1.0817126919641034,0.3175334388,0.545893279,1.1559243119999998,1.3158486075499993,3.112946172899999,0.025,LOW,21.0,False,NIGHT,0.28,STANDARD_22_24,"Demand is usually lower overnight, although base loads, HVAC, pool systems and EV charging may remain active.",,stage5_frozen_selected_model,stage6a_frozen_ensemble,stage6b_deterministic_rules,real
2025-09-10T00:00:00+02:00,2025-09-07T23:00:00+02:00,168,49,M1_GBT_CAL_WEATHER,0.9776307403530641,0.3087706644,0.4997892975,0.6670935688,0.7050771923999999,3.112946172899999,0.01,LOW,21.4,False,NIGHT,0.18,OFF_PEAK_00_06,"Demand is usually lower overnight, although base loads, HVAC, pool systems and EV charging may remain active.",,stage5_frozen_selected_model,stage6a_frozen_ensemble,stage6b_deterministic_rules,real
2025-09-10T01:00:00+02:00,2025-09-07T23:00:00+02:00,168,50,M1_GBT_CAL_WEATHER,0.9776307403530641,0.3105810075,0.4836951145,0.6506715206,0.67552491385,3.112946172899999,0.005,LOW,20.7,False,NIGHT,0.18,OFF_PEAK_00_06,"Demand is usually lower overnight, although base loads, HVAC, pool systems and EV charging may remain active.",,stage5_frozen_selected_model,stage6a_frozen_ensemble,stage6b_deterministic_rules,real
2025-09-10T02:00:00+02:00,2025-09-07T23:00:00+02:00,168,51,M1_GBT_CAL_WEATHER,0.9776307403530641,0.3122679786,0.48529507650000003,0.6519626259,0.6700408691499999,3.112946172899999,0.0,LOW,20.0,False,NIGHT,0.18,OFF_PEAK_00_06,"Demand is usually lower overnight, although base loads, HVAC, pool systems and EV charging may remain active.",,stage5_frozen_selected_model,stage6a_frozen_ensemble,stage6b_deterministic_rules,real
2025-09-10T03:00:00+02:00,2025-09-07T23:00:00+02:00,168,52,M1_GBT_CAL_WEATHER,0.9616624698281938,0.31371661380000004,0.49030452599999996,0.6684045086999999,2.080724189749993,3.112946172899999,0.035,LOW,20.0,False,NIGHT,0.18,OFF_PEAK_00_06,"Demand is usually lower overnight, although base loads, HVAC, pool systems and EV charging may remain active.",,stage5_frozen_selected_model,stage6a_frozen_ensemble,stage6b_deterministic_rules,real
2025-09-10T04:00:00+02:00,2025-09-07T23:00:00+02:00,168,53,M1_GBT_CAL_WEATHER,0.9616624698281938,0.3194864844,0.4980911655,0.6882792013,3.1650047514499984,3.112946172899999,0.055,LOW,19.6,False,NIGHT,0.18,OFF_PEAK_00_06,"Demand is usually lower overnight, although base loads, HVAC, pool systems and EV charging may remain active.",,stage5_frozen_selected_model,stage6a_frozen_ensemble,stage6b_deterministic_rules,real
2025-09-10T05:00:00+02:00,2025-09-07T23:00:00+02:00,168,54,M1_GBT_CAL_WEATHER,0.9616624698281938,0.3209036038,0.5036695335,2.6315525239,3.6556661988999997,3.112946172899999,0.085,LOW,19.4,False,NIGHT,0.18,OFF_PEAK_00_06,"Demand is usually lower overnight, although base loads, HVAC, pool systems and EV charging may remain active.",,stage5_frozen_selected_model,stage6a_frozen_ensemble,stage6b_deterministic_rules,real
2025-09-10T06:00:00+02:00,2025-09-07T23:00:00+02:00,168,55,M1_GBT_CAL_WEATHER,0.9616624698281938,0.34805410290000005,0.6534953459999999,3.3603269253,3.90024947725,3.112946172899999,0.145,LOW,19.2,False,NIGHT,0.28,STANDARD_06_17,Pool circulation or heating can add to household demand during this period.,"Demand is usually lower overnight, although base loads, HVAC, pool systems and EV charging may remain active.",stage5_frozen_selected_model,stage6a_frozen_ensemble,stage6b_deterministic_rules,real
2025-09-10T07:00:00+02:00,2025-09-07T23:00:00+02:00,168,56,M1_GBT_CAL_WEATHER,0.9616624698281938,0.40898158710000004,1.196393896,3.7529834236999995,4.622632093299998,3.112946172899999,0.185,LOW,19.0,False,MORNING,0.28,STANDARD_06_17,Pool circulation or heating can add to household demand during this period.,,stage5_frozen_selected_model,stage6a_frozen_ensemble,stage6b_deterministic_rules,real
2025-09-10T08:00:00+02:00,2025-09-07T23:00:00+02:00,168,57,M1_GBT_CAL_WEATHER,0.9616624698281938,0.19731883090000002,1.251347946,4.078974952,4.571337027199999,3.112946172899999,0.225,MEDIUM,18.8,False,MORNING,0.28,STANDARD_06_17,Pool circulation or heating can add to household demand during this period.,,stage5_frozen_selected_model,stage6a_frozen_ensemble,stage6b_deterministic_rules,real
2025-09-10T09:00:00+02:00,2025-09-07T23:00:00+02:00,168,58,M1_GBT_CAL_WEATHER,0.9616624698281938,0.1832171913,1.038202271,1.3757162730999999,3.0020773035999992,3.112946172899999,0.045,LOW,20.2,False,DAYTIME,0.28,STANDARD_06_17,Pool circulation or heating can add to household demand during this period.,,stage5_frozen_selected_model,stage6a_frozen_ensemble,stage6b_deterministic_rules,real
2025-09-10T10:00:00+02:00,2025-09-07T23:00:00+02:00,168,59,M1_GBT_CAL_WEATHER,0.9616624698281938,0.2267545064,1.025851382,1.3786022118,2.638208636699998,3.112946172899999,0.035,LOW,22.1,False,DAYTIME,0.28,STANDARD_06_17,Pool circulation or heating can add to household demand during this period.,,stage5_frozen_selected_model,stage6a_frozen_ensemble,stage6b_deterministic_rules,real
2025-09-10T11:00:00+02:00,2025-09-07T23:00:00+02:00,168,60,M1_GBT_CAL_WEATHER,0.9616624698281938,0.22042292430000002,0.9203672875,1.3051254438,1.6665116070499895,3.112946172899999,0.03,LOW,23.5,False,DAYTIME,0.28,STANDARD_06_17,Pool circulation or heating can add to household demand during this period.,,stage5_frozen_selected_model,stage6a_frozen_ensemble,stage6b_deterministic_rules,real
2025-09-10T12:00:00+02:00,2025-09-07T23:00:00+02:00,168,61,M1_GBT_CAL_WEATHER,0.8708312107034363,0.1699729507,0.850437466,1.3317873419,2.0537609430499946,3.112946172899999,0.03,LOW,24.5,False,DAYTIME,0.28,STANDARD_06_17,Pool circulation or heating can add to household demand during this period.,,stage5_frozen_selected_model,stage6a_frozen_ensemble,stage6b_deterministic_rules,real
2025-09-10T13:00:00+02:00,2025-09-07T23:00:00+02:00,168,62,M1_GBT_CAL_WEATHER,0.8708312107034363,0.1474606458,0.427552396,1.2646109743,1.47957570145,3.112946172899999,0.03,LOW,24.8,False,DAYTIME,0.28,STANDARD_06_17,Pool circulation or heating can add to household demand during this period.,,stage5_frozen_selected_model,stage6a_frozen_ensemble,stage6b_deterministic_rules,real
2025-09-10T14:00:00+02:00,2025-09-07T23:00:00+02:00,168,63,M1_GBT_CAL_WEATHER,1.0995222790251518,0.1412040842,0.20832668999999998,1.2525645122,1.3431879708999996,3.112946172899999,0.015,LOW,25.9,False,DAYTIME,0.28,STANDARD_06_17,Warm weather can increase cooling demand during this period.,Pool circulation or heating can add to household demand during this period.,stage5_frozen_selected_model,stage6a_frozen_ensemble,stage6b_deterministic_rules,real
2025-09-10T15:00:00+02:00,2025-09-07T23:00:00+02:00,168,64,M1_GBT_CAL_WEATHER,1.4081340115088234,0.1515131086,0.2994565475,1.1846517096,1.2742158579499991,3.112946172899999,0.01,LOW,26.9,False,DAYTIME,0.28,STANDARD_06_17,Warm weather can increase cooling demand during this period.,Pool circulation or heating can add to household demand during this period.,stage5_frozen_selected_model,stage6a_frozen_ensemble,stage6b_deterministic_rules,real
2025-09-10T16:00:00+02:00,2025-09-07T23:00:00+02:00,168,65,M1_GBT_CAL_WEATHER,2.4656522051344316,0.1631012786,0.8531280815,2.0263048411999995,4.0258640420499905,3.112946172899999,0.07,LOW,27.9,False,RETURN_RAMP,0.28,STANDARD_06_17,Warm weather can increase cooling demand during this period.,Pool circulation or heating can add to household demand during this period.,stage5_frozen_selected_model,stage6a_frozen_ensemble,stage6b_deterministic_rules,real
2025-09-10T17:00:00+02:00,2025-09-07T23:00:00+02:00,168,66,M1_GBT_CAL_WEATHER,2.756238480360103,0.3872429324000001,1.3363023804999998,8.1366998949,10.297809192099992,3.112946172899999,0.325,MEDIUM,27.3,False,RETURN_RAMP,0.4,PEAK_17_22,"Evening demand can rise when EV charging, HVAC and household activities overlap.",Warm weather can increase cooling demand during this period.,stage5_frozen_selected_model,stage6a_frozen_ensemble,stage6b_deterministic_rules,real
2025-09-10T18:00:00+02:00,2025-09-07T23:00:00+02:00,168,67,M1_GBT_CAL_WEATHER,2.9007793727763116,0.7820753889,3.780856868,13.261630237399999,15.57885990235,3.112946172899999,0.555,HIGH,26.6,False,RETURN_RAMP,0.4,PEAK_17_22,"This is a high-risk period because EV charging can coincide with HVAC, cooking and optional high-power loads such as the sauna.",Warm weather can increase cooling demand during this period.,stage5_frozen_selected_model,stage6a_frozen_ensemble,stage6b_deterministic_rules,real
2025-09-10T19:00:00+02:00,2025-09-07T23:00:00+02:00,168,68,M1_GBT_CAL_WEATHER,2.9007793727763116,0.8360167799000002,5.081672036,12.5088724247,15.998890892899995,3.112946172899999,0.68,HIGH,26.1,False,EVENING,0.4,PEAK_17_22,"This is a high-risk period because EV charging can coincide with HVAC, cooking and optional high-power loads such as the sauna.",Warm weather can increase cooling demand during this period.,stage5_frozen_selected_model,stage6a_frozen_ensemble,stage6b_deterministic_rules,real
2025-09-10T20:00:00+02:00,2025-09-07T23:00:00+02:00,168,69,M1_GBT_CAL_WEATHER,2.0207941558639675,0.3073583609000001,3.2665891179999997,9.865814906,11.202866230899993,3.112946172899999,0.53,HIGH,24.9,False,EVENING,0.4,PEAK_17_22,"This is a high-risk period because EV charging can coincide with HVAC, cooking and optional high-power loads such as the sauna.",Pool circulation or heating can add to household demand during this period.,stage5_frozen_selected_model,stage6a_frozen_ensemble,stage6b_deterministic_rules,real
2025-09-10T21:00:00+02:00,2025-09-07T23:00:00+02:00,168,70,M1_GBT_CAL_WEATHER,1.935773438192777,0.4080915094,1.3333837915000002,8.0561382919,8.8541755735,3.112946172899999,0.29,MEDIUM,23.9,False,EVENING,0.4,PEAK_17_22,"Evening demand can rise when EV charging, HVAC and household activities overlap.",Pool circulation or heating can add to household demand during this period.,stage5_frozen_selected_model,stage6a_frozen_ensemble,stage6b_deterministic_rules,real
2025-09-10T22:00:00+02:00,2025-09-07T23:00:00+02:00,168,71,M1_GBT_CAL_WEATHER,1.779990153773491,0.3590914324,0.6817145065,3.856998142199997,8.0229426161,3.112946172899999,0.125,LOW,23.0,False,EVENING,0.28,STANDARD_22_24,Pool circulation or heating can add to household demand during this period.,,stage5_frozen_selected_model,stage6a_frozen_ensemble,stage6b_deterministic_rules,real
2025-09-10T23:00:00+02:00,2025-09-07T23:00:00+02:00,168,72,M1_GBT_CAL_WEATHER,1.0817126919641034,0.3153168184,0.533419709,1.1957499415000001,1.465701668849999,3.112946172899999,0.025,LOW,22.1,False,NIGHT,0.28,STANDARD_22_24,"Demand is usually lower overnight, although base loads, HVAC, pool systems and EV charging may remain active.",,stage5_frozen_selected_model,stage6a_frozen_ensemble,stage6b_deterministic_rules,real
2025-09-11T00:00:00+02:00,2025-09-07T23:00:00+02:00,168,73,M1_GBT_CAL_WEATHER,0.8867994812283068,0.3078817022,0.4845618355,0.6635283847,0.7017373864999983,3.112946172899999,0.0,LOW,21.7,False,NIGHT,0.18,OFF_PEAK_00_06,"Demand is usually lower overnight, although base loads, HVAC, pool systems and EV charging may remain active.",,stage5_frozen_selected_model,stage6a_frozen_ensemble,stage6b_deterministic_rules,real
2025-09-11T01:00:00+02:00,2025-09-07T23:00:00+02:00,168,74,M1_GBT_CAL_WEATHER,0.9776307403530641,0.3092762134,0.4787980125,0.6480599723999999,0.663987467,3.112946172899999,0.0,LOW,21.1,False,NIGHT,0.18,OFF_PEAK_00_06,"Demand is usually lower overnight, although base loads, HVAC, pool systems and EV charging may remain active.",,stage5_frozen_selected_model,stage6a_frozen_ensemble,stage6b_deterministic_rules,real
2025-09-11T02:00:00+02:00,2025-09-07T23:00:00+02:00,168,75,M1_GBT_CAL_WEATHER,0.9776307403530641,0.3122679786,0.481691512,0.6511974301,0.6662559746,3.112946172899999,0.0,LOW,20.2,False,NIGHT,0.18,OFF_PEAK_00_06,"Demand is usually lower overnight, although base loads, HVAC, pool systems and EV charging may remain active.",,stage5_frozen_selected_model,stage6a_frozen_ensemble,stage6b_deterministic_rules,real
2025-09-11T03:00:00+02:00,2025-09-07T23:00:00+02:00,168,76,M1_GBT_CAL_WEATHER,0.9616624698281938,0.31371661380000004,0.4830015775,0.6523443012,0.6674900074499999,3.112946172899999,0.0,LOW,19.6,False,NIGHT,0.18,OFF_PEAK_00_06,"Demand is usually lower overnight, although base loads, HVAC, pool systems and EV charging may remain active.",,stage5_frozen_selected_model,stage6a_frozen_ensemble,stage6b_deterministic_rules,real
2025-09-11T04:00:00+02:00,2025-09-07T23:00:00+02:00,168,77,M1_GBT_CAL_WEATHER,0.9616624698281938,0.3202192715,0.4878395175,0.6580091371,0.68084417825,3.112946172899999,0.01,LOW,19.0,False,NIGHT,0.18,OFF_PEAK_00_06,"Demand is usually lower overnight, although base loads, HVAC, pool systems and EV charging may remain active.",,stage5_frozen_selected_model,stage6a_frozen_ensemble,stage6b_deterministic_rules,real
2025-09-11T05:00:00+02:00,2025-09-07T23:00:00+02:00,168,78,M1_GBT_CAL_WEATHER,0.9616624698281938,0.3240128586,0.49310686449999996,0.683387599,2.883225457249998,3.112946172899999,0.04,LOW,18.7,False,NIGHT,0.18,OFF_PEAK_00_06,"Demand is usually lower overnight, although base loads, HVAC, pool systems and EV charging may remain active.",,stage5_frozen_selected_model,stage6a_frozen_ensemble,stage6b_deterministic_rules,real
2025-09-11T06:00:00+02:00,2025-09-07T23:00:00+02:00,168,79,M1_GBT_CAL_WEATHER,0.9616624698281938,0.3662153731,0.6155055105,3.6421392486,4.12782070005,3.112946172899999,0.17,LOW,19.3,False,NIGHT,0.28,STANDARD_06_17,Pool circulation or heating can add to household demand during this period.,"Demand is usually lower overnight, although base loads, HVAC, pool systems and EV charging may remain active.",stage5_frozen_selected_model,stage6a_frozen_ensemble,stage6b_deterministic_rules,real
2025-09-11T07:00:00+02:00,2025-09-07T23:00:00+02:00,168,80,M1_GBT_CAL_WEATHER,0.9616624698281938,0.40815379360000004,1.302567793,3.9404379419999995,4.626773942049998,3.112946172899999,0.19,LOW,19.4,False,MORNING,0.28,STANDARD_06_17,Pool circulation or heating can add to household demand during this period.,,stage5_frozen_selected_model,stage6a_frozen_ensemble,stage6b_deterministic_rules,real
2025-09-11T08:00:00+02:00,2025-09-07T23:00:00+02:00,168,81,M1_GBT_CAL_WEATHER,0.9616624698281938,0.1734445956,1.0091360090000001,3.4219067579999995,4.073970397799992,3.112946172899999,0.125,LOW,19.5,False,MORNING,0.28,STANDARD_06_17,Pool circulation or heating can add to household demand during this period.,,stage5_frozen_selected_model,stage6a_frozen_ensemble,stage6b_deterministic_rules,real
2025-09-11T09:00:00+02:00,2025-09-07T23:00:00+02:00,168,82,M1_GBT_CAL_WEATHER,0.9616624698281938,0.1853398389,1.012640489,1.3826890635999998,3.065546004699997,3.112946172899999,0.05,LOW,21.8,False,DAYTIME,0.28,STANDARD_06_17,Pool circulation or heating can add to household demand during this period.,,stage5_frozen_selected_model,stage6a_frozen_ensemble,stage6b_deterministic_rules,real
2025-09-11T10:00:00+02:00,2025-09-07T23:00:00+02:00,168,83,M1_GBT_CAL_WEATHER,0.9616624698281938,0.20898487770000002,0.9827450984999999,1.3500512457,1.8350091055999835,3.112946172899999,0.035,LOW,22.6,False,DAYTIME,0.28,STANDARD_06_17,Pool circulation or heating can add to household demand during this period.,,stage5_frozen_selected_model,stage6a_frozen_ensemble,stage6b_deterministic_rules,real
2025-09-11T11:00:00+02:00,2025-09-07T23:00:00+02:00,168,84,M1_GBT_CAL_WEATHER,0.9616624698281938,0.2208060404,0.984123965,1.3486599471999998,1.8615984938499925,3.112946172899999,0.035,LOW,23.3,False,DAYTIME,0.28,STANDARD_06_17,Pool circulation or heating can add to household demand during this period.,,stage5_frozen_selected_model,stage6a_frozen_ensemble,stage6b_deterministic_rules,real
2025-09-11T12:00:00+02:00,2025-09-07T23:00:00+02:00,168,85,M1_GBT_CAL_WEATHER,0.9616624698281938,0.1700798664,0.8989721785,1.3336438360999998,1.8988192767999956,3.112946172899999,0.03,LOW,24.0,False,DAYTIME,0.28,STANDARD_06_17,Pool circulation or heating can add to household demand during this period.,,stage5_frozen_selected_model,stage6a_frozen_ensemble,stage6b_deterministic_rules,real
2025-09-11T13:00:00+02:00,2025-09-07T23:00:00+02:00,168,86,M1_GBT_CAL_WEATHER,0.9616624698281938,0.15453245510000002,0.7546657139999999,1.3236680409,1.7342015545499985,3.112946172899999,0.03,LOW,24.5,False,DAYTIME,0.28,STANDARD_06_17,Pool circulation or heating can add to household demand during this period.,,stage5_frozen_selected_model,stage6a_frozen_ensemble,stage6b_deterministic_rules,real
2025-09-11T14:00:00+02:00,2025-09-07T23:00:00+02:00,168,87,M1_GBT_CAL_WEATHER,1.065744421439233,0.14908610390000002,0.2180904085,1.2230545779,1.38779234015,3.112946172899999,0.03,LOW,24.2,False,DAYTIME,0.28,STANDARD_06_17,Pool circulation or heating can add to household demand during this period.,,stage5_frozen_selected_model,stage6a_frozen_ensemble,stage6b_deterministic_rules,real
2025-09-11T15:00:00+02:00,2025-09-07T23:00:00+02:00,168,88,M1_GBT_CAL_WEATHER,1.4938234786298115,0.14978785760000002,0.407925419,1.1264847567,1.2724595251499997,3.112946172899999,0.02,LOW,23.9,False,DAYTIME,0.28,STANDARD_06_17,Pool circulation or heating can add to household demand during this period.,,stage5_frozen_selected_model,stage6a_frozen_ensemble,stage6b_deterministic_rules,real
2025-09-11T16:00:00+02:00,2025-09-07T23:00:00+02:00,168,89,M1_GBT_CAL_WEATHER,1.4228438879146275,0.1600701471,0.893347041,2.411822097699999,4.265408220949996,3.112946172899999,0.08,LOW,23.8,False,RETURN_RAMP,0.28,STANDARD_06_17,Pool circulation or heating can add to household demand during this period.,,stage5_frozen_selected_model,stage6a_frozen_ensemble,stage6b_deterministic_rules,real
2025-09-11T17:00:00+02:00,2025-09-07T23:00:00+02:00,168,90,M1_GBT_CAL_WEATHER,1.6162257761456233,0.21125099420000001,1.1421452545,8.2784175343,8.604765906999999,3.112946172899999,0.315,MEDIUM,23.4,False,RETURN_RAMP,0.4,PEAK_17_22,"Evening demand can rise when EV charging, HVAC and household activities overlap.",Pool circulation or heating can add to household demand during this period.,stage5_frozen_selected_model,stage6a_frozen_ensemble,stage6b_deterministic_rules,real
2025-09-11T18:00:00+02:00,2025-09-07T23:00:00+02:00,168,91,M1_GBT_CAL_WEATHER,2.782246628397715,0.20515918640000003,3.3701037305000003,9.605177836,12.618969835699998,3.112946172899999,0.515,HIGH,23.1,False,RETURN_RAMP,0.4,PEAK_17_22,"This is a high-risk period because EV charging can coincide with HVAC, cooking and optional high-power loads such as the sauna.",Pool circulation or heating can add to household demand during this period.,stage5_frozen_selected_model,stage6a_frozen_ensemble,stage6b_deterministic_rules,real
2025-09-11T19:00:00+02:00,2025-09-07T23:00:00+02:00,168,92,M1_GBT_CAL_WEATHER,3.115809033181813,0.20608903160000003,3.3960960125,11.414658471799994,15.0950479762,3.112946172899999,0.52,HIGH,22.1,False,EVENING,0.4,PEAK_17_22,"This is a high-risk period because EV charging can coincide with HVAC, cooking and optional high-power loads such as the sauna.",Pool circulation or heating can add to household demand during this period.,stage5_frozen_selected_model,stage6a_frozen_ensemble,stage6b_deterministic_rules,real
2025-09-11T20:00:00+02:00,2025-09-07T23:00:00+02:00,168,93,M1_GBT_CAL_WEATHER,2.2199865855485297,0.21482173870000001,2.3613781795,9.573388205999999,11.016827255299999,3.112946172899999,0.435,HIGH,21.7,False,EVENING,0.4,PEAK_17_22,"This is a high-risk period because EV charging can coincide with HVAC, cooking and optional high-power loads such as the sauna.",Pool circulation or heating can add to household demand during this period.,stage5_frozen_selected_model,stage6a_frozen_ensemble,stage6b_deterministic_rules,real
2025-09-11T21:00:00+02:00,2025-09-07T23:00:00+02:00,168,94,M1_GBT_CAL_WEATHER,2.026604697317534,0.41659286440000004,1.1898637074999998,7.262131110099999,8.168442293899998,3.112946172899999,0.245,MEDIUM,21.5,False,EVENING,0.4,PEAK_17_22,"Evening demand can rise when EV charging, HVAC and household activities overlap.",Pool circulation or heating can add to household demand during this period.,stage5_frozen_selected_model,stage6a_frozen_ensemble,stage6b_deterministic_rules,real
2025-09-11T22:00:00+02:00,2025-09-07T23:00:00+02:00,168,95,M1_GBT_CAL_WEATHER,1.779990153773491,0.3669224128,0.6540649265,1.9923152636999992,6.000802876299997,3.112946172899999,0.075,LOW,21.3,False,EVENING,0.28,STANDARD_22_24,Pool circulation or heating can add to household demand during this period.,,stage5_frozen_selected_model,stage6a_frozen_ensemble,stage6b_deterministic_rules,real
2025-09-11T23:00:00+02:00,2025-09-07T23:00:00+02:00,168,96,M1_GBT_CAL_WEATHER,1.0817126919641034,0.32756456120000005,0.5476555715,1.0517136901999997,1.22409215105,3.112946172899999,0.01,LOW,21.1,False,NIGHT,0.28,STANDARD_22_24,"Demand is usually lower overnight, although base loads, HVAC, pool systems and EV charging may remain active.",,stage5_frozen_selected_model,stage6a_frozen_ensemble,stage6b_deterministic_rules,real
2025-09-12T00:00:00+02:00,2025-09-07T23:00:00+02:00,168,97,M1_GBT_CAL_WEATHER,0.9776307403530641,0.3076951456,0.4848942,0.6717006496,0.7056008629499997,3.112946172899999,0.0,LOW,20.8,False,NIGHT,0.18,OFF_PEAK_00_06,"Demand is usually lower overnight, although base loads, HVAC, pool systems and EV charging may remain active.",,stage5_frozen_selected_model,stage6a_frozen_ensemble,stage6b_deterministic_rules,real
2025-09-12T01:00:00+02:00,2025-09-07T23:00:00+02:00,168,98,M1_GBT_CAL_WEATHER,0.9776307403530641,0.3040051909,0.4815668595,0.6500586041,0.6685748573499999,3.112946172899999,0.0,LOW,20.7,False,NIGHT,0.18,OFF_PEAK_00_06,"Demand is usually lower overnight, although base loads, HVAC, pool systems and EV charging may remain active.",,stage5_frozen_selected_model,stage6a_frozen_ensemble,stage6b_deterministic_rules,real
2025-09-12T02:00:00+02:00,2025-09-07T23:00:00+02:00,168,99,M1_GBT_CAL_WEATHER,0.9776307403530641,0.3053180501,0.483016271,0.6514319019,0.6700408691499999,3.112946172899999,0.0,LOW,20.4,False,NIGHT,0.18,OFF_PEAK_00_06,"Demand is usually lower overnight, although base loads, HVAC, pool systems and EV charging may remain active.",,stage5_frozen_selected_model,stage6a_frozen_ensemble,stage6b_deterministic_rules,real
2025-09-12T03:00:00+02:00,2025-09-07T23:00:00+02:00,168,100,M1_GBT_CAL_WEATHER,0.9616624698281938,0.3064454279,0.48553978600000003,0.6569951098,0.6798997658,3.112946172899999,0.015,LOW,20.8,False,NIGHT,0.18,OFF_PEAK_00_06,"Demand is usually lower overnight, although base loads, HVAC, pool systems and EV charging may remain active.",,stage5_frozen_selected_model,stage6a_frozen_ensemble,stage6b_deterministic_rules,real
2025-09-12T04:00:00+02:00,2025-09-07T23:00:00+02:00,168,101,M1_GBT_CAL_WEATHER,0.9616624698281938,0.3073104951,0.4913759705,0.6882792013,3.1491901332499976,3.112946172899999,0.06,LOW,21.2,False,NIGHT,0.18,OFF_PEAK_00_06,"Demand is usually lower overnight, although base loads, HVAC, pool systems and EV charging may remain active.",,stage5_frozen_selected_model,stage6a_frozen_ensemble,stage6b_deterministic_rules,real
2025-09-12T05:00:00+02:00,2025-09-07T23:00:00+02:00,168,102,M1_GBT_CAL_WEATHER,0.9616624698281938,0.3078542993,0.4882653315,0.6586465810000001,0.68152307505,3.112946172899999,0.01,LOW,20.6,False,NIGHT,0.18,OFF_PEAK_00_06,"Demand is usually lower overnight, although base loads, HVAC, pool systems and EV charging may remain active.",,stage5_frozen_selected_model,stage6a_frozen_ensemble,stage6b_deterministic_rules,real
2025-09-12T06:00:00+02:00,2025-09-07T23:00:00+02:00,168,103,M1_GBT_CAL_WEATHER,0.9616624698281938,0.33937652679999997,0.573779377,1.3578057909999999,2.2053505495999985,3.112946172899999,0.015,LOW,20.4,False,NIGHT,0.28,STANDARD_06_17,Pool circulation or heating can add to household demand during this period.,"Demand is usually lower overnight, although base loads, HVAC, pool systems and EV charging may remain active.",stage5_frozen_selected_model,stage6a_frozen_ensemble,stage6b_deterministic_rules,real
2025-09-12T07:00:00+02:00,2025-09-07T23:00:00+02:00,168,104,M1_GBT_CAL_WEATHER,0.9616624698281938,0.3966992531,0.8317006769999999,2.3113159242,3.4718610327499966,3.112946172899999,0.06,LOW,20.5,False,MORNING,0.28,STANDARD_06_17,Pool circulation or heating can add to household demand during this period.,,stage5_frozen_selected_model,stage6a_frozen_ensemble,stage6b_deterministic_rules,real
2025-09-12T08:00:00+02:00,2025-09-07T23:00:00+02:00,168,105,M1_GBT_CAL_WEATHER,0.9616624698281938,0.1731600592,0.91394596,2.129889565799999,3.457367858999995,3.112946172899999,0.07,LOW,20.8,False,MORNING,0.28,STANDARD_06_17,Pool circulation or heating can add to household demand during this period.,,stage5_frozen_selected_model,stage6a_frozen_ensemble,stage6b_deterministic_rules,real
2025-09-12T09:00:00+02:00,2025-09-07T23:00:00+02:00,168,106,M1_GBT_CAL_WEATHER,0.9616624698281938,0.1978614712,1.0169653859999999,1.3490188146,1.5581836958999988,3.112946172899999,0.03,LOW,21.7,False,DAYTIME,0.28,STANDARD_06_17,Pool circulation or heating can add to household demand during this period.,,stage5_frozen_selected_model,stage6a_frozen_ensemble,stage6b_deterministic_rules,real
2025-09-12T10:00:00+02:00,2025-09-07T23:00:00+02:00,168,107,M1_GBT_CAL_WEATHER,0.9616624698281938,0.33390361230000004,1.026719524,1.3592384867,1.8884241959499999,3.112946172899999,0.04,LOW,22.7,False,DAYTIME,0.28,STANDARD_06_17,Pool circulation or heating can add to household demand during this period.,,stage5_frozen_selected_model,stage6a_frozen_ensemble,stage6b_deterministic_rules,real
2025-09-12T11:00:00+02:00,2025-09-07T23:00:00+02:00,168,108,M1_GBT_CAL_WEATHER,0.9616624698281938,0.2291000081,1.020979752,1.3756139143000001,2.4941819796999853,3.112946172899999,0.05,LOW,23.8,False,DAYTIME,0.28,STANDARD_06_17,Pool circulation or heating can add to household demand during this period.,,stage5_frozen_selected_model,stage6a_frozen_ensemble,stage6b_deterministic_rules,real
2025-09-12T12:00:00+02:00,2025-09-07T23:00:00+02:00,168,109,M1_GBT_CAL_WEATHER,0.9616624698281938,0.1810845777,0.877780096,1.3763258930000002,2.594147027149999,3.112946172899999,0.04,LOW,24.5,False,DAYTIME,0.28,STANDARD_06_17,Pool circulation or heating can add to household demand during this period.,,stage5_frozen_selected_model,stage6a_frozen_ensemble,stage6b_deterministic_rules,real
2025-09-12T13:00:00+02:00,2025-09-07T23:00:00+02:00,168,110,M1_GBT_CAL_WEATHER,0.9616624698281938,0.1572749068,0.3981039125,1.3029772616,1.469105284499999,3.112946172899999,0.02,LOW,24.5,False,DAYTIME,0.28,STANDARD_06_17,Pool circulation or heating can add to household demand during this period.,,stage5_frozen_selected_model,stage6a_frozen_ensemble,stage6b_deterministic_rules,real
2025-09-12T14:00:00+02:00,2025-09-07T23:00:00+02:00,168,111,M1_GBT_CAL_WEATHER,1.065744421439233,0.1472103986,0.20779766649999998,1.2304708626999998,1.3564745118999992,3.112946172899999,0.01,LOW,23.5,False,DAYTIME,0.28,STANDARD_06_17,Pool circulation or heating can add to household demand during this period.,,stage5_frozen_selected_model,stage6a_frozen_ensemble,stage6b_deterministic_rules,real
2025-09-12T15:00:00+02:00,2025-09-07T23:00:00+02:00,168,112,M1_GBT_CAL_WEATHER,1.4938234786298115,0.1570195952,0.401716405,1.1993761118,1.3001130077999992,3.112946172899999,0.01,LOW,23.4,False,DAYTIME,0.28,STANDARD_06_17,Pool circulation or heating can add to household demand during this period.,,stage5_frozen_selected_model,stage6a_frozen_ensemble,stage6b_deterministic_rules,real
2025-09-12T16:00:00+02:00,2025-09-07T23:00:00+02:00,168,113,M1_GBT_CAL_WEATHER,1.7564062926987254,0.16728209170000002,0.9027944735,3.3133430624,4.716872810949999,3.112946172899999,0.115,LOW,23.3,False,RETURN_RAMP,0.28,STANDARD_06_17,Pool circulation or heating can add to household demand during this period.,,stage5_frozen_selected_model,stage6a_frozen_ensemble,stage6b_deterministic_rules,real
2025-09-12T17:00:00+02:00,2025-09-07T23:00:00+02:00,168,114,M1_GBT_CAL_WEATHER,1.8714671276888848,0.2971470497,1.1871208850000001,8.4034450423,8.662589506499998,3.112946172899999,0.375,MEDIUM,23.0,False,RETURN_RAMP,0.4,PEAK_17_22,"Evening demand can rise when EV charging, HVAC and household activities overlap.",Pool circulation or heating can add to household demand during this period.,stage5_frozen_selected_model,stage6a_frozen_ensemble,stage6b_deterministic_rules,real
2025-09-12T18:00:00+02:00,2025-09-07T23:00:00+02:00,168,115,M1_GBT_CAL_WEATHER,2.3510134153116145,0.197173026,2.627036295,8.984550685999999,11.533554544499987,3.112946172899999,0.485,HIGH,22.7,False,RETURN_RAMP,0.4,PEAK_17_22,"This is a high-risk period because EV charging can coincide with HVAC, cooking and optional high-power loads such as the sauna.",Pool circulation or heating can add to household demand during this period.,stage5_frozen_selected_model,stage6a_frozen_ensemble,stage6b_deterministic_rules,real
2025-09-12T19:00:00+02:00,2025-09-07T23:00:00+02:00,168,116,M1_GBT_CAL_WEATHER,2.3510134153116145,0.20155527799999998,3.217523665,10.439286252799997,14.058424850549999,3.112946172899999,0.505,HIGH,22.3,False,EVENING,0.4,PEAK_17_22,"This is a high-risk period because EV charging can coincide with HVAC, cooking and optional high-power loads such as the sauna.",Pool circulation or heating can add to household demand during this period.,stage5_frozen_selected_model,stage6a_frozen_ensemble,stage6b_deterministic_rules,real
2025-09-12T20:00:00+02:00,2025-09-07T23:00:00+02:00,168,117,M1_GBT_CAL_WEATHER,2.1416655323076927,0.2194112517,1.9157132115,9.4637071764,11.071135415999995,3.112946172899999,0.38,MEDIUM,22.1,False,EVENING,0.4,PEAK_17_22,"Evening demand can rise when EV charging, HVAC and household activities overlap.",Pool circulation or heating can add to household demand during this period.,stage5_frozen_selected_model,stage6a_frozen_ensemble,stage6b_deterministic_rules,real
2025-09-12T21:00:00+02:00,2025-09-07T23:00:00+02:00,168,118,M1_GBT_CAL_WEATHER,2.026604697317534,0.4543116696000001,1.161304215,7.7822831126,8.375235791199998,3.112946172899999,0.25,MEDIUM,22.0,False,EVENING,0.4,PEAK_17_22,"Evening demand can rise when EV charging, HVAC and household activities overlap.",Pool circulation or heating can add to household demand during this period.,stage5_frozen_selected_model,stage6a_frozen_ensemble,stage6b_deterministic_rules,real
2025-09-12T22:00:00+02:00,2025-09-07T23:00:00+02:00,168,119,M1_GBT_CAL_WEATHER,1.779990153773491,0.3439413747,0.6584037654999999,3.9183257123999975,8.054561320700001,3.112946172899999,0.115,LOW,22.1,False,EVENING,0.28,STANDARD_22_24,Pool circulation or heating can add to household demand during this period.,,stage5_frozen_selected_model,stage6a_frozen_ensemble,stage6b_deterministic_rules,real
2025-09-12T23:00:00+02:00,2025-09-07T23:00:00+02:00,168,120,M1_GBT_CAL_WEATHER,1.0817126919641034,0.32963792840000006,0.5514247895,1.2055462848999998,2.846713826149978,3.112946172899999,0.05,LOW,22.1,False,NIGHT,0.28,STANDARD_22_24,"Demand is usually lower overnight, although base loads, HVAC, pool systems and EV charging may remain active.",,stage5_frozen_selected_model,stage6a_frozen_ensemble,stage6b_deterministic_rules,real
2025-09-13T00:00:00+02:00,2025-09-07T23:00:00+02:00,168,121,M1_GBT_CAL_WEATHER,0.9776307403530641,0.3117645615,0.501745898,0.667362205,0.7360329633999998,3.112946172899999,0.0,LOW,21.8,True,NIGHT,0.18,OFF_PEAK_00_06,"Demand is usually lower overnight, although base loads, HVAC, pool systems and EV charging may remain active.",,stage5_frozen_selected_model,stage6a_frozen_ensemble,stage6b_deterministic_rules,real
2025-09-13T01:00:00+02:00,2025-09-07T23:00:00+02:00,168,122,M1_GBT_CAL_WEATHER,0.9776307403530641,0.3090537995,0.4836951145,0.6506715206,0.67552491385,3.112946172899999,0.005,LOW,21.7,True,NIGHT,0.18,OFF_PEAK_00_06,"Demand is usually lower overnight, although base loads, HVAC, pool systems and EV charging may remain active.",,stage5_frozen_selected_model,stage6a_frozen_ensemble,stage6b_deterministic_rules,real
2025-09-13T02:00:00+02:00,2025-09-07T23:00:00+02:00,168,123,M1_GBT_CAL_WEATHER,0.9776307403530641,0.31031986240000003,0.48529507650000003,0.6519626259,0.6770379761499999,3.112946172899999,0.005,LOW,21.0,True,NIGHT,0.18,OFF_PEAK_00_06,"Demand is usually lower overnight, although base loads, HVAC, pool systems and EV charging may remain active.",,stage5_frozen_selected_model,stage6a_frozen_ensemble,stage6b_deterministic_rules,real
2025-09-13T03:00:00+02:00,2025-09-07T23:00:00+02:00,168,124,M1_GBT_CAL_WEATHER,0.9616624698281938,0.31140705560000004,0.486493937,0.6526111793,0.6712997623999999,3.112946172899999,0.0,LOW,21.2,True,NIGHT,0.18,OFF_PEAK_00_06,"Demand is usually lower overnight, although base loads, HVAC, pool systems and EV charging may remain active.",,stage5_frozen_selected_model,stage6a_frozen_ensemble,stage6b_deterministic_rules,real
2025-09-13T04:00:00+02:00,2025-09-07T23:00:00+02:00,168,125,M1_GBT_CAL_WEATHER,0.9616624698281938,0.31224128770000004,0.487581599,0.6535160707,0.6722657439499998,3.112946172899999,0.0,LOW,21.1,True,NIGHT,0.18,OFF_PEAK_00_06,"Demand is usually lower overnight, although base loads, HVAC, pool systems and EV charging may remain active.",,stage5_frozen_selected_model,stage6a_frozen_ensemble,stage6b_deterministic_rules,real
2025-09-13T05:00:00+02:00,2025-09-07T23:00:00+02:00,168,126,M1_GBT_CAL_WEATHER,0.9616624698281938,0.3127657086,0.4882653315,0.6540849085,0.6728729857499999,3.112946172899999,0.0,LOW,21.2,True,NIGHT,0.18,OFF_PEAK_00_06,"Demand is usually lower overnight, although base loads, HVAC, pool systems and EV charging may remain active.",,stage5_frozen_selected_model,stage6a_frozen_ensemble,stage6b_deterministic_rules,real
2025-09-13T06:00:00+02:00,2025-09-07T23:00:00+02:00,168,127,M1_GBT_CAL_WEATHER,0.9616624698281938,0.3238523981,0.5823419224999999,1.2084229556,1.4579571359999999,3.112946172899999,0.0,LOW,21.3,True,NIGHT,0.28,STANDARD_06_17,Pool circulation or heating can add to household demand during this period.,"Demand is usually lower overnight, although base loads, HVAC, pool systems and EV charging may remain active.",stage5_frozen_selected_model,stage6a_frozen_ensemble,stage6b_deterministic_rules,real
2025-09-13T07:00:00+02:00,2025-09-07T23:00:00+02:00,168,128,M1_GBT_CAL_WEATHER,0.9616624698281938,0.3481883577,0.854209259,2.0071104252,2.591357103649998,3.112946172899999,0.035,LOW,21.3,True,MORNING,0.28,STANDARD_06_17,Pool circulation or heating can add to household demand during this period.,Weekend occupancy can increase daytime household activity.,stage5_frozen_selected_model,stage6a_frozen_ensemble,stage6b_deterministic_rules,real
2025-09-13T08:00:00+02:00,2025-09-07T23:00:00+02:00,168,129,M1_GBT_CAL_WEATHER,0.9616624698281938,0.173776274,0.9011093619999999,1.3766658666,2.295322506399999,3.112946172899999,0.025,LOW,21.4,True,MORNING,0.28,STANDARD_06_17,Pool circulation or heating can add to household demand during this period.,Weekend occupancy can increase daytime household activity.,stage5_frozen_selected_model,stage6a_frozen_ensemble,stage6b_deterministic_rules,real
2025-09-13T09:00:00+02:00,2025-09-07T23:00:00+02:00,168,130,M1_GBT_CAL_WEATHER,0.9616624698281938,0.2131733315,1.020809174,1.3291805740999998,1.3798891886999998,3.112946172899999,0.03,LOW,21.6,True,DAYTIME,0.28,STANDARD_06_17,Pool circulation or heating can add to household demand during this period.,Weekend occupancy can increase daytime household activity.,stage5_frozen_selected_model,stage6a_frozen_ensemble,stage6b_deterministic_rules,real
2025-09-13T10:00:00+02:00,2025-09-07T23:00:00+02:00,168,131,M1_GBT_CAL_WEATHER,0.9616624698281938,0.3055847274000001,1.0475066444999999,1.3699382204,1.9532335615999967,3.112946172899999,0.04,LOW,22.2,True,DAYTIME,0.28,STANDARD_06_17,Pool circulation or heating can add to household demand during this period.,Weekend occupancy can increase daytime household activity.,stage5_frozen_selected_model,stage6a_frozen_ensemble,stage6b_deterministic_rules,real
2025-09-13T11:00:00+02:00,2025-09-07T23:00:00+02:00,168,132,M1_GBT_CAL_WEATHER,0.9616624698281938,0.2115601423,1.0601578795000002,1.4399444805,2.741591699999986,3.112946172899999,0.05,LOW,22.8,True,DAYTIME,0.28,STANDARD_06_17,Pool circulation or heating can add to household demand during this period.,Weekend occupancy can increase daytime household activity.,stage5_frozen_selected_model,stage6a_frozen_ensemble,stage6b_deterministic_rules,real
2025-09-13T12:00:00+02:00,2025-09-07T23:00:00+02:00,168,133,M1_GBT_CAL_WEATHER,0.9616624698281938,0.1815290369,0.9536763684999999,2.1663386685,2.781909041449999,3.112946172899999,0.045,LOW,22.3,True,DAYTIME,0.28,STANDARD_06_17,Pool circulation or heating can add to household demand during this period.,Weekend occupancy can increase daytime household activity.,stage5_frozen_selected_model,stage6a_frozen_ensemble,stage6b_deterministic_rules,real
2025-09-13T13:00:00+02:00,2025-09-07T23:00:00+02:00,168,134,M1_GBT_CAL_WEATHER,0.9616624698281938,0.16146837679999998,0.7720416489999999,1.798782795999999,3.466586555649996,3.112946172899999,0.06,LOW,22.7,True,DAYTIME,0.28,STANDARD_06_17,Pool circulation or heating can add to household demand during this period.,Weekend occupancy can increase daytime household activity.,stage5_frozen_selected_model,stage6a_frozen_ensemble,stage6b_deterministic_rules,real
2025-09-13T14:00:00+02:00,2025-09-07T23:00:00+02:00,168,135,M1_GBT_CAL_WEATHER,1.065744421439233,0.14667045680000002,0.3073168565,1.4393396614999991,3.6846786375,3.112946172899999,0.055,LOW,22.7,True,DAYTIME,0.28,STANDARD_06_17,Pool circulation or heating can add to household demand during this period.,Weekend occupancy can increase daytime household activity.,stage5_frozen_selected_model,stage6a_frozen_ensemble,stage6b_deterministic_rules,real
2025-09-13T15:00:00+02:00,2025-09-07T23:00:00+02:00,168,136,M1_GBT_CAL_WEATHER,1.3473700920796627,0.16147527209999998,0.711395936,1.7999051858999995,3.703713393949993,3.112946172899999,0.07,LOW,23.3,True,DAYTIME,0.28,STANDARD_06_17,Pool circulation or heating can add to household demand during this period.,Weekend occupancy can increase daytime household activity.,stage5_frozen_selected_model,stage6a_frozen_ensemble,stage6b_deterministic_rules,real
2025-09-13T16:00:00+02:00,2025-09-07T23:00:00+02:00,168,137,M1_GBT_CAL_WEATHER,1.7564062926987254,0.1644594244,0.9530990079999999,5.2444553585,7.5302999258000005,3.112946172899999,0.16,LOW,23.6,True,RETURN_RAMP,0.28,STANDARD_06_17,Pool circulation or heating can add to household demand during this period.,Weekend occupancy can increase daytime household activity.,stage5_frozen_selected_model,stage6a_frozen_ensemble,stage6b_deterministic_rules,real
2025-09-13T17:00:00+02:00,2025-09-07T23:00:00+02:00,168,138,M1_GBT_CAL_WEATHER,1.8714671276888848,0.2974317141,1.0378222265,7.624748279299999,8.23631576005,3.112946172899999,0.2,MEDIUM,24.0,True,RETURN_RAMP,0.4,PEAK_17_22,"Evening demand can rise when EV charging, HVAC and household activities overlap.",Pool circulation or heating can add to household demand during this period.,stage5_frozen_selected_model,stage6a_frozen_ensemble,stage6b_deterministic_rules,real
2025-09-13T18:00:00+02:00,2025-09-07T23:00:00+02:00,168,139,M1_GBT_CAL_WEATHER,2.0174510105275165,0.1817585043,1.0984208065,7.8754232562999995,9.547032769599994,3.112946172899999,0.2,MEDIUM,24.1,True,RETURN_RAMP,0.4,PEAK_17_22,"Evening demand can rise when EV charging, HVAC and household activities overlap.",Pool circulation or heating can add to household demand during this period.,stage5_frozen_selected_model,stage6a_frozen_ensemble,stage6b_deterministic_rules,real
2025-09-13T19:00:00+02:00,2025-09-07T23:00:00+02:00,168,140,M1_GBT_CAL_WEATHER,2.0174510105275165,0.2092060787,1.4403571689999999,7.915865781999998,9.473157220149993,3.112946172899999,0.335,MEDIUM,24.1,True,EVENING,0.4,PEAK_17_22,"Evening demand can rise when EV charging, HVAC and household activities overlap.",Pool circulation or heating can add to household demand during this period.,stage5_frozen_selected_model,stage6a_frozen_ensemble,stage6b_deterministic_rules,real
2025-09-13T20:00:00+02:00,2025-09-07T23:00:00+02:00,168,141,M1_GBT_CAL_WEATHER,1.8081031275235955,0.2169050617,2.1307216765,9.290076342399999,10.539175984099993,3.112946172899999,0.41,HIGH,23.3,True,EVENING,0.4,PEAK_17_22,"This is a high-risk period because EV charging can coincide with HVAC, cooking and optional high-power loads such as the sauna.",Pool circulation or heating can add to household demand during this period.,stage5_frozen_selected_model,stage6a_frozen_ensemble,stage6b_deterministic_rules,real
2025-09-13T21:00:00+02:00,2025-09-07T23:00:00+02:00,168,142,M1_GBT_CAL_WEATHER,1.6930422925334367,0.4313527872,1.6315555245,8.809035988,10.307613911999992,3.112946172899999,0.4,HIGH,23.6,True,EVENING,0.4,PEAK_17_22,"Evening demand can rise when EV charging, HVAC and household activities overlap.",Pool circulation or heating can add to household demand during this period.,stage5_frozen_selected_model,stage6a_frozen_ensemble,stage6b_deterministic_rules,real
2025-09-13T22:00:00+02:00,2025-09-07T23:00:00+02:00,168,143,M1_GBT_CAL_WEATHER,1.6335367672233423,0.3789358512,0.7661224595,7.927582805999999,8.552095614799999,3.112946172899999,0.215,MEDIUM,22.4,True,EVENING,0.28,STANDARD_22_24,"Evening demand can rise when EV charging, HVAC and household activities overlap.",Pool circulation or heating can add to household demand during this period.,stage5_frozen_selected_model,stage6a_frozen_ensemble,stage6b_deterministic_rules,real
2025-09-13T23:00:00+02:00,2025-09-07T23:00:00+02:00,168,144,M1_GBT_CAL_WEATHER,1.0817126919641034,0.33012907490000004,0.5775639585,1.4945241307999964,4.700678047699975,3.112946172899999,0.065,LOW,22.2,True,NIGHT,0.28,STANDARD_22_24,"Demand is usually lower overnight, although base loads, HVAC, pool systems and EV charging may remain active.",,stage5_frozen_selected_model,stage6a_frozen_ensemble,stage6b_deterministic_rules,real
2025-09-14T00:00:00+02:00,2025-09-07T23:00:00+02:00,168,145,M1_GBT_CAL_WEATHER,0.9776307403530641,0.3198499807,0.5192604224999999,0.7007246761,1.0084683480499994,3.112946172899999,0.03,LOW,21.9,True,NIGHT,0.18,OFF_PEAK_00_06,"Demand is usually lower overnight, although base loads, HVAC, pool systems and EV charging may remain active.",,stage5_frozen_selected_model,stage6a_frozen_ensemble,stage6b_deterministic_rules,real
2025-09-14T01:00:00+02:00,2025-09-07T23:00:00+02:00,168,146,M1_GBT_CAL_WEATHER,0.9776307403530641,0.3189683386,0.484883253,0.6506715206,0.67552491385,3.112946172899999,0.005,LOW,21.7,True,NIGHT,0.18,OFF_PEAK_00_06,"Demand is usually lower overnight, although base loads, HVAC, pool systems and EV charging may remain active.",,stage5_frozen_selected_model,stage6a_frozen_ensemble,stage6b_deterministic_rules,real
2025-09-14T02:00:00+02:00,2025-09-07T23:00:00+02:00,168,147,M1_GBT_CAL_WEATHER,0.9776307403530641,0.3205867772,0.48635788999999996,0.6519626259,0.6700408691499999,3.112946172899999,0.0,LOW,21.6,True,NIGHT,0.18,OFF_PEAK_00_06,"Demand is usually lower overnight, although base loads, HVAC, pool systems and EV charging may remain active.",,stage5_frozen_selected_model,stage6a_frozen_ensemble,stage6b_deterministic_rules,real
2025-09-14T03:00:00+02:00,2025-09-07T23:00:00+02:00,168,148,M1_GBT_CAL_WEATHER,0.9616624698281938,0.3219765609,0.48762418949999997,0.6526111793,0.6712997623999999,3.112946172899999,0.0,LOW,21.3,True,NIGHT,0.18,OFF_PEAK_00_06,"Demand is usually lower overnight, although base loads, HVAC, pool systems and EV charging may remain active.",,stage5_frozen_selected_model,stage6a_frozen_ensemble,stage6b_deterministic_rules,real
2025-09-14T04:00:00+02:00,2025-09-07T23:00:00+02:00,168,149,M1_GBT_CAL_WEATHER,0.9616624698281938,0.3230429804,0.488595855,0.6535160707,0.6722657439499998,3.112946172899999,0.0,LOW,21.0,True,NIGHT,0.18,OFF_PEAK_00_06,"Demand is usually lower overnight, although base loads, HVAC, pool systems and EV charging may remain active.",,stage5_frozen_selected_model,stage6a_frozen_ensemble,stage6b_deterministic_rules,real
2025-09-14T05:00:00+02:00,2025-09-07T23:00:00+02:00,168,150,M1_GBT_CAL_WEATHER,0.9616624698281938,0.3236559542,0.48920667,0.6540849085,0.6728729857499999,3.112946172899999,0.0,LOW,20.8,True,NIGHT,0.18,OFF_PEAK_00_06,"Demand is usually lower overnight, although base loads, HVAC, pool systems and EV charging may remain active.",,stage5_frozen_selected_model,stage6a_frozen_ensemble,stage6b_deterministic_rules,real
2025-09-14T06:00:00+02:00,2025-09-07T23:00:00+02:00,168,151,M1_GBT_CAL_WEATHER,0.9616624698281938,0.346908222,0.572325663,1.2447682553999997,1.4089757622,3.112946172899999,0.01,LOW,20.7,True,NIGHT,0.28,STANDARD_06_17,Pool circulation or heating can add to household demand during this period.,"Demand is usually lower overnight, although base loads, HVAC, pool systems and EV charging may remain active.",stage5_frozen_selected_model,stage6a_frozen_ensemble,stage6b_deterministic_rules,real
2025-09-14T07:00:00+02:00,2025-09-07T23:00:00+02:00,168,152,M1_GBT_CAL_WEATHER,0.9616624698281938,0.386548656,0.971742216,1.8445386276999998,2.600047116499998,3.112946172899999,0.03,LOW,20.5,True,MORNING,0.28,STANDARD_06_17,Pool circulation or heating can add to household demand during this period.,Weekend occupancy can increase daytime household activity.,stage5_frozen_selected_model,stage6a_frozen_ensemble,stage6b_deterministic_rules,real
2025-09-14T08:00:00+02:00,2025-09-07T23:00:00+02:00,168,153,M1_GBT_CAL_WEATHER,0.9616624698281938,0.1846508059,0.947214733,2.6428744976999994,3.776063977149999,3.112946172899999,0.085,LOW,20.7,True,MORNING,0.28,STANDARD_06_17,Pool circulation or heating can add to household demand during this period.,Weekend occupancy can increase daytime household activity.,stage5_frozen_selected_model,stage6a_frozen_ensemble,stage6b_deterministic_rules,real
2025-09-14T09:00:00+02:00,2025-09-07T23:00:00+02:00,168,154,M1_GBT_CAL_WEATHER,0.9616624698281938,0.21679620589999998,1.050060959,1.3712698038,1.7776451661999944,3.112946172899999,0.04,LOW,21.6,True,DAYTIME,0.28,STANDARD_06_17,Pool circulation or heating can add to household demand during this period.,Weekend occupancy can increase daytime household activity.,stage5_frozen_selected_model,stage6a_frozen_ensemble,stage6b_deterministic_rules,real
2025-09-14T10:00:00+02:00,2025-09-07T23:00:00+02:00,168,155,M1_GBT_CAL_WEATHER,0.9616624698281938,0.3089711506,1.0484917865,1.4315366106,1.6837300164999995,3.112946172899999,0.025,LOW,22.7,True,DAYTIME,0.28,STANDARD_06_17,Pool circulation or heating can add to household demand during this period.,Weekend occupancy can increase daytime household activity.,stage5_frozen_selected_model,stage6a_frozen_ensemble,stage6b_deterministic_rules,real
2025-09-14T11:00:00+02:00,2025-09-07T23:00:00+02:00,168,156,M1_GBT_CAL_WEATHER,0.9616624698281938,0.2103204301,0.975629989,1.573845596,2.359732808799999,3.112946172899999,0.03,LOW,23.7,True,DAYTIME,0.28,STANDARD_06_17,Pool circulation or heating can add to household demand during this period.,Weekend occupancy can increase daytime household activity.,stage5_frozen_selected_model,stage6a_frozen_ensemble,stage6b_deterministic_rules,real
2025-09-14T12:00:00+02:00,2025-09-07T23:00:00+02:00,168,157,M1_GBT_CAL_WEATHER,0.9616624698281938,0.16700941519999998,0.8943365464999999,1.4058364079,2.00400170185,3.112946172899999,0.02,LOW,24.8,True,DAYTIME,0.28,STANDARD_06_17,Pool circulation or heating can add to household demand during this period.,Weekend occupancy can increase daytime household activity.,stage5_frozen_selected_model,stage6a_frozen_ensemble,stage6b_deterministic_rules,real
2025-09-14T13:00:00+02:00,2025-09-07T23:00:00+02:00,168,158,M1_GBT_CAL_WEATHER,1.08627158653887,0.1525775564,0.4102313445,1.3380535359,1.8336054141999987,3.112946172899999,0.02,LOW,25.5,True,DAYTIME,0.28,STANDARD_06_17,Warm weather can increase cooling demand during this period.,Pool circulation or heating can add to household demand during this period.,stage5_frozen_selected_model,stage6a_frozen_ensemble,stage6b_deterministic_rules,real
2025-09-14T14:00:00+02:00,2025-09-07T23:00:00+02:00,168,159,M1_GBT_CAL_WEATHER,1.1903535381499093,0.1418914818,0.215669683,1.2416563197,1.385058453199999,3.112946172899999,0.02,LOW,26.1,True,DAYTIME,0.28,STANDARD_06_17,Warm weather can increase cooling demand during this period.,Pool circulation or heating can add to household demand during this period.,stage5_frozen_selected_model,stage6a_frozen_ensemble,stage6b_deterministic_rules,real
2025-09-14T15:00:00+02:00,2025-09-07T23:00:00+02:00,168,160,M1_GBT_CAL_WEATHER,1.5278518432303805,0.14924699600000002,0.31767695549999997,1.3338497259000002,2.0356508780999967,3.112946172899999,0.035,LOW,26.2,True,DAYTIME,0.28,STANDARD_06_17,Warm weather can increase cooling demand during this period.,Pool circulation or heating can add to household demand during this period.,stage5_frozen_selected_model,stage6a_frozen_ensemble,stage6b_deterministic_rules,real
2025-09-14T16:00:00+02:00,2025-09-07T23:00:00+02:00,168,161,M1_GBT_CAL_WEATHER,1.7904346572992944,0.1783647726,0.8930139595,3.8961091317,6.630553742749996,3.112946172899999,0.135,LOW,26.1,True,RETURN_RAMP,0.28,STANDARD_06_17,Warm weather can increase cooling demand during this period.,Pool circulation or heating can add to household demand during this period.,stage5_frozen_selected_model,stage6a_frozen_ensemble,stage6b_deterministic_rules,real
2025-09-14T17:00:00+02:00,2025-09-07T23:00:00+02:00,168,162,M1_GBT_CAL_WEATHER,1.9054954922894538,0.2701442477000001,1.1892959975,6.8362868258999985,8.16019489725,3.112946172899999,0.23,MEDIUM,25.6,True,RETURN_RAMP,0.4,PEAK_17_22,"Evening demand can rise when EV charging, HVAC and household activities overlap.",Warm weather can increase cooling demand during this period.,stage5_frozen_selected_model,stage6a_frozen_ensemble,stage6b_deterministic_rules,real
2025-09-14T18:00:00+02:00,2025-09-07T23:00:00+02:00,168,163,M1_GBT_CAL_WEATHER,2.3510134153116145,0.22539937630000004,1.4812643035,7.5664141548,8.636079875950001,3.112946172899999,0.29,MEDIUM,25.3,True,RETURN_RAMP,0.4,PEAK_17_22,"Evening demand can rise when EV charging, HVAC and household activities overlap.",Pool circulation or heating can add to household demand during this period.,stage5_frozen_selected_model,stage6a_frozen_ensemble,stage6b_deterministic_rules,real
2025-09-14T19:00:00+02:00,2025-09-07T23:00:00+02:00,168,164,M1_GBT_CAL_WEATHER,2.3510134153116145,0.1837633001,2.0366043965,7.948000832999999,8.833180606499997,3.112946172899999,0.325,MEDIUM,24.4,True,EVENING,0.4,PEAK_17_22,"Evening demand can rise when EV charging, HVAC and household activities overlap.",Pool circulation or heating can add to household demand during this period.,stage5_frozen_selected_model,stage6a_frozen_ensemble,stage6b_deterministic_rules,real
2025-09-14T20:00:00+02:00,2025-09-07T23:00:00+02:00,168,165,M1_GBT_CAL_WEATHER,2.1416655323076927,0.2057862234,1.7152690365,8.3250456559,9.595610386599999,3.112946172899999,0.36,MEDIUM,23.5,True,EVENING,0.4,PEAK_17_22,"Evening demand can rise when EV charging, HVAC and household activities overlap.",Pool circulation or heating can add to household demand during this period.,stage5_frozen_selected_model,stage6a_frozen_ensemble,stage6b_deterministic_rules,real
2025-09-14T21:00:00+02:00,2025-09-07T23:00:00+02:00,168,166,M1_GBT_CAL_WEATHER,2.026604697317534,0.44883680880000004,1.4546928875000003,7.9915496607000005,9.249054044849972,3.112946172899999,0.335,MEDIUM,23.5,True,EVENING,0.4,PEAK_17_22,"Evening demand can rise when EV charging, HVAC and household activities overlap.",Pool circulation or heating can add to household demand during this period.,stage5_frozen_selected_model,stage6a_frozen_ensemble,stage6b_deterministic_rules,real
2025-09-14T22:00:00+02:00,2025-09-07T23:00:00+02:00,168,167,M1_GBT_CAL_WEATHER,1.779990153773491,0.3591411613,0.695754914,7.973364567,8.161868968450001,3.112946172899999,0.22,MEDIUM,23.2,True,EVENING,0.28,STANDARD_22_24,"Evening demand can rise when EV charging, HVAC and household activities overlap.",Pool circulation or heating can add to household demand during this period.,stage5_frozen_selected_model,stage6a_frozen_ensemble,stage6b_deterministic_rules,real
2025-09-14T23:00:00+02:00,2025-09-07T23:00:00+02:00,168,168,M1_GBT_CAL_WEATHER,1.0817126919641034,0.3283185653,0.5390662079999999,1.4815007122999995,4.458033803049997,3.112946172899999,0.075,LOW,22.8,True,NIGHT,0.28,STANDARD_22_24,"Demand is usually lower overnight, although base loads, HVAC, pool systems and EV charging may remain active.",,stage5_frozen_selected_model,stage6a_frozen_ensemble,stage6b_deterministic_rules,real
2025-09-11T00:00:00+02:00,2025-09-10T23:00:00+02:00,168,1,M1_GBT_CAL_WEATHER,1.0181221229734225,0.3078817022,0.4845618355,0.6635283847,0.7017373864999983,3.343047598300002,0.0,LOW,21.7,False,NIGHT,0.18,OFF_PEAK_00_06,"Demand is usually lower overnight, although base loads, HVAC, pool systems and EV charging may remain active.",,stage5_frozen_selected_model,stage6a_frozen_ensemble,stage6b_deterministic_rules,real
2025-09-11T01:00:00+02:00,2025-09-10T23:00:00+02:00,168,2,M1_GBT_CAL_WEATHER,1.0181221229734225,0.3092762134,0.4787980125,0.6480599723999999,0.663987467,3.343047598300002,0.0,LOW,21.1,False,NIGHT,0.18,OFF_PEAK_00_06,"Demand is usually lower overnight, although base loads, HVAC, pool systems and EV charging may remain active.",,stage5_frozen_selected_model,stage6a_frozen_ensemble,stage6b_deterministic_rules,real
2025-09-11T02:00:00+02:00,2025-09-10T23:00:00+02:00,168,3,M1_GBT_CAL_WEATHER,1.0181221229734225,0.3122679786,0.481691512,0.6511974301,0.6662559746,3.343047598300002,0.0,LOW,20.2,False,NIGHT,0.18,OFF_PEAK_00_06,"Demand is usually lower overnight, although base loads, HVAC, pool systems and EV charging may remain active.",,stage5_frozen_selected_model,stage6a_frozen_ensemble,stage6b_deterministic_rules,real
2025-09-11T03:00:00+02:00,2025-09-10T23:00:00+02:00,168,4,M1_GBT_CAL_WEATHER,1.0181221229734225,0.31371661380000004,0.4830015775,0.6523443012,0.6674900074499999,3.343047598300002,0.0,LOW,19.6,False,NIGHT,0.18,OFF_PEAK_00_06,"Demand is usually lower overnight, although base loads, HVAC, pool systems and EV charging may remain active.",,stage5_frozen_selected_model,stage6a_frozen_ensemble,stage6b_deterministic_rules,real
2025-09-11T04:00:00+02:00,2025-09-10T23:00:00+02:00,168,5,M1_GBT_CAL_WEATHER,1.0181221229734225,0.3202192715,0.4878395175,0.6580091371,0.68084417825,3.343047598300002,0.01,LOW,19.0,False,NIGHT,0.18,OFF_PEAK_00_06,"Demand is usually lower overnight, although base loads, HVAC, pool systems and EV charging may remain active.",,stage5_frozen_selected_model,stage6a_frozen_ensemble,stage6b_deterministic_rules,real
2025-09-11T05:00:00+02:00,2025-09-10T23:00:00+02:00,168,6,M1_GBT_CAL_WEATHER,1.0181221229734225,0.3240128586,0.49310686449999996,0.683387599,2.883225457249998,3.343047598300002,0.025,LOW,18.7,False,NIGHT,0.18,OFF_PEAK_00_06,"Demand is usually lower overnight, although base loads, HVAC, pool systems and EV charging may remain active.",,stage5_frozen_selected_model,stage6a_frozen_ensemble,stage6b_deterministic_rules,real
2025-09-11T06:00:00+02:00,2025-09-10T23:00:00+02:00,168,7,M1_GBT_CAL_WEATHER,1.0181221229734225,0.3662153731,0.6155055105,3.6421392486,4.12782070005,3.343047598300002,0.14,LOW,19.3,False,NIGHT,0.28,STANDARD_06_17,Pool circulation or heating can add to household demand during this period.,"Demand is usually lower overnight, although base loads, HVAC, pool systems and EV charging may remain active.",stage5_frozen_selected_model,stage6a_frozen_ensemble,stage6b_deterministic_rules,real
2025-09-11T07:00:00+02:00,2025-09-10T23:00:00+02:00,168,8,M1_GBT_CAL_WEATHER,1.0181221229734225,0.40815379360000004,1.302567793,3.9404379419999995,4.626773942049998,3.343047598300002,0.17,LOW,19.4,False,MORNING,0.28,STANDARD_06_17,Pool circulation or heating can add to household demand during this period.,,stage5_frozen_selected_model,stage6a_frozen_ensemble,stage6b_deterministic_rules,real
2025-09-11T08:00:00+02:00,2025-09-10T23:00:00+02:00,168,9,M1_GBT_CAL_WEATHER,1.0181221229734225,0.1734445956,1.0091360090000001,3.4219067579999995,4.073970397799992,3.343047598300002,0.115,LOW,19.5,False,MORNING,0.28,STANDARD_06_17,Pool circulation or heating can add to household demand during this period.,,stage5_frozen_selected_model,stage6a_frozen_ensemble,stage6b_deterministic_rules,real
2025-09-11T09:00:00+02:00,2025-09-10T23:00:00+02:00,168,10,M1_GBT_CAL_WEATHER,1.0181221229734225,0.1853398389,1.012640489,1.3826890635999998,3.065546004699997,3.343047598300002,0.035,LOW,21.8,False,DAYTIME,0.28,STANDARD_06_17,Pool circulation or heating can add to household demand during this period.,,stage5_frozen_selected_model,stage6a_frozen_ensemble,stage6b_deterministic_rules,real
2025-09-11T10:00:00+02:00,2025-09-10T23:00:00+02:00,168,11,M1_GBT_CAL_WEATHER,1.0181221229734225,0.20898487770000002,0.9827450984999999,1.3500512457,1.8350091055999835,3.343047598300002,0.03,LOW,22.6,False,DAYTIME,0.28,STANDARD_06_17,Pool circulation or heating can add to household demand during this period.,,stage5_frozen_selected_model,stage6a_frozen_ensemble,stage6b_deterministic_rules,real
2025-09-11T11:00:00+02:00,2025-09-10T23:00:00+02:00,168,12,M1_GBT_CAL_WEATHER,1.0181221229734225,0.2208060404,0.984123965,1.3486599471999998,1.8615984938499925,3.343047598300002,0.035,LOW,23.3,False,DAYTIME,0.28,STANDARD_06_17,Pool circulation or heating can add to household demand during this period.,,stage5_frozen_selected_model,stage6a_frozen_ensemble,stage6b_deterministic_rules,real
2025-09-11T12:00:00+02:00,2025-09-10T23:00:00+02:00,168,13,M1_GBT_CAL_WEATHER,1.0181221229734225,0.1700798664,0.8989721785,1.3336438360999998,1.8988192767999956,3.343047598300002,0.03,LOW,24.0,False,DAYTIME,0.28,STANDARD_06_17,Pool circulation or heating can add to household demand during this period.,,stage5_frozen_selected_model,stage6a_frozen_ensemble,stage6b_deterministic_rules,real
2025-09-11T13:00:00+02:00,2025-09-10T23:00:00+02:00,168,14,M1_GBT_CAL_WEATHER,1.0181221229734225,0.15453245510000002,0.7546657139999999,1.3236680409,1.7342015545499985,3.343047598300002,0.03,LOW,24.5,False,DAYTIME,0.28,STANDARD_06_17,Pool circulation or heating can add to household demand during this period.,,stage5_frozen_selected_model,stage6a_frozen_ensemble,stage6b_deterministic_rules,real
2025-09-11T14:00:00+02:00,2025-09-10T23:00:00+02:00,168,15,M1_GBT_CAL_WEATHER,1.1186656563381743,0.14908610390000002,0.2180904085,1.2230545779,1.38779234015,3.343047598300002,0.02,LOW,24.2,False,DAYTIME,0.28,STANDARD_06_17,Pool circulation or heating can add to household demand during this period.,,stage5_frozen_selected_model,stage6a_frozen_ensemble,stage6b_deterministic_rules,real
2025-09-11T15:00:00+02:00,2025-09-10T23:00:00+02:00,168,16,M1_GBT_CAL_WEATHER,1.8154085298835834,0.14978785760000002,0.407925419,1.1264847567,1.2724595251499997,3.343047598300002,0.015,LOW,23.9,False,DAYTIME,0.28,STANDARD_06_17,Pool circulation or heating can add to household demand during this period.,,stage5_frozen_selected_model,stage6a_frozen_ensemble,stage6b_deterministic_rules,real
2025-09-11T16:00:00+02:00,2025-09-10T23:00:00+02:00,168,17,M1_GBT_CAL_WEATHER,2.2218978630402506,0.1600701471,0.893347041,2.411822097699999,4.265408220949996,3.343047598300002,0.08,LOW,23.8,False,RETURN_RAMP,0.28,STANDARD_06_17,Pool circulation or heating can add to household demand during this period.,,stage5_frozen_selected_model,stage6a_frozen_ensemble,stage6b_deterministic_rules,real
2025-09-11T17:00:00+02:00,2025-09-10T23:00:00+02:00,168,18,M1_GBT_CAL_WEATHER,2.833892076597043,0.21125099420000001,1.1421452545,8.2784175343,8.604765906999999,3.343047598300002,0.31,MEDIUM,23.4,False,RETURN_RAMP,0.4,PEAK_17_22,"Evening demand can rise when EV charging, HVAC and household activities overlap.",Pool circulation or heating can add to household demand during this period.,stage5_frozen_selected_model,stage6a_frozen_ensemble,stage6b_deterministic_rules,real
2025-09-11T18:00:00+02:00,2025-09-10T23:00:00+02:00,168,19,M1_GBT_CAL_WEATHER,3.963562179090845,0.20515918640000003,3.3701037305000003,9.605177836,12.618969835699998,3.343047598300002,0.5,HIGH,23.1,False,RETURN_RAMP,0.4,PEAK_17_22,"This is a high-risk period because EV charging can coincide with HVAC, cooking and optional high-power loads such as the sauna.",Pool circulation or heating can add to household demand during this period.,stage5_frozen_selected_model,stage6a_frozen_ensemble,stage6b_deterministic_rules,real
2025-09-11T19:00:00+02:00,2025-09-10T23:00:00+02:00,168,20,M1_GBT_CAL_WEATHER,3.963562179090845,0.20608903160000003,3.3960960125,11.414658471799994,15.0950479762,3.343047598300002,0.505,HIGH,22.1,False,EVENING,0.4,PEAK_17_22,"This is a high-risk period because EV charging can coincide with HVAC, cooking and optional high-power loads such as the sauna.",Pool circulation or heating can add to household demand during this period.,stage5_frozen_selected_model,stage6a_frozen_ensemble,stage6b_deterministic_rules,real
2025-09-11T20:00:00+02:00,2025-09-10T23:00:00+02:00,168,21,M1_GBT_CAL_WEATHER,3.4333261002951825,0.21482173870000001,2.3613781795,9.573388205999999,11.016827255299999,3.343047598300002,0.4,HIGH,21.7,False,EVENING,0.4,PEAK_17_22,"This is a high-risk period because EV charging can coincide with HVAC, cooking and optional high-power loads such as the sauna.",Pool circulation or heating can add to household demand during this period.,stage5_frozen_selected_model,stage6a_frozen_ensemble,stage6b_deterministic_rules,real
2025-09-11T21:00:00+02:00,2025-09-10T23:00:00+02:00,168,22,M1_GBT_CAL_WEATHER,2.7303402750255756,0.41659286440000004,1.1898637074999998,7.262131110099999,8.168442293899998,3.343047598300002,0.245,MEDIUM,21.5,False,EVENING,0.4,PEAK_17_22,"Evening demand can rise when EV charging, HVAC and household activities overlap.",Pool circulation or heating can add to household demand during this period.,stage5_frozen_selected_model,stage6a_frozen_ensemble,stage6b_deterministic_rules,real
2025-09-11T22:00:00+02:00,2025-09-10T23:00:00+02:00,168,23,M1_GBT_CAL_WEATHER,2.323850941868909,0.3669224128,0.6540649265,1.9923152636999992,6.000802876299997,3.343047598300002,0.075,LOW,21.3,False,EVENING,0.28,STANDARD_22_24,Pool circulation or heating can add to household demand during this period.,,stage5_frozen_selected_model,stage6a_frozen_ensemble,stage6b_deterministic_rules,real
2025-09-11T23:00:00+02:00,2025-09-10T23:00:00+02:00,168,24,M1_GBT_CAL_WEATHER,1.1186656563381743,0.32756456120000005,0.5476555715,1.0517136901999997,1.22409215105,3.343047598300002,0.01,LOW,21.1,False,NIGHT,0.28,STANDARD_22_24,"Demand is usually lower overnight, although base loads, HVAC, pool systems and EV charging may remain active.",,stage5_frozen_selected_model,stage6a_frozen_ensemble,stage6b_deterministic_rules,real
2025-09-12T00:00:00+02:00,2025-09-10T23:00:00+02:00,168,25,M1_GBT_CAL_WEATHER,1.0181221229734225,0.3076951456,0.4848942,0.6717006496,0.7056008629499997,3.343047598300002,0.0,LOW,20.8,False,NIGHT,0.18,OFF_PEAK_00_06,"Demand is usually lower overnight, although base loads, HVAC, pool systems and EV charging may remain active.",,stage5_frozen_selected_model,stage6a_frozen_ensemble,stage6b_deterministic_rules,real
2025-09-12T01:00:00+02:00,2025-09-10T23:00:00+02:00,168,26,M1_GBT_CAL_WEATHER,1.0181221229734225,0.3040051909,0.4815668595,0.6500586041,0.6685748573499999,3.343047598300002,0.0,LOW,20.7,False,NIGHT,0.18,OFF_PEAK_00_06,"Demand is usually lower overnight, although base loads, HVAC, pool systems and EV charging may remain active.",,stage5_frozen_selected_model,stage6a_frozen_ensemble,stage6b_deterministic_rules,real
2025-09-12T02:00:00+02:00,2025-09-10T23:00:00+02:00,168,27,M1_GBT_CAL_WEATHER,1.0181221229734225,0.3053180501,0.483016271,0.6514319019,0.6700408691499999,3.343047598300002,0.0,LOW,20.4,False,NIGHT,0.18,OFF_PEAK_00_06,"Demand is usually lower overnight, although base loads, HVAC, pool systems and EV charging may remain active.",,stage5_frozen_selected_model,stage6a_frozen_ensemble,stage6b_deterministic_rules,real
2025-09-12T03:00:00+02:00,2025-09-10T23:00:00+02:00,168,28,M1_GBT_CAL_WEATHER,1.0181221229734225,0.3064454279,0.48553978600000003,0.6569951098,0.6798997658,3.343047598300002,0.01,LOW,20.8,False,NIGHT,0.18,OFF_PEAK_00_06,"Demand is usually lower overnight, although base loads, HVAC, pool systems and EV charging may remain active.",,stage5_frozen_selected_model,stage6a_frozen_ensemble,stage6b_deterministic_rules,real
2025-09-12T04:00:00+02:00,2025-09-10T23:00:00+02:00,168,29,M1_GBT_CAL_WEATHER,1.0181221229734225,0.3073104951,0.4913759705,0.6882792013,3.1491901332499976,3.343047598300002,0.04,LOW,21.2,False,NIGHT,0.18,OFF_PEAK_00_06,"Demand is usually lower overnight, although base loads, HVAC, pool systems and EV charging may remain active.",,stage5_frozen_selected_model,stage6a_frozen_ensemble,stage6b_deterministic_rules,real
2025-09-12T05:00:00+02:00,2025-09-10T23:00:00+02:00,168,30,M1_GBT_CAL_WEATHER,1.0181221229734225,0.3078542993,0.4882653315,0.6586465810000001,0.68152307505,3.343047598300002,0.005,LOW,20.6,False,NIGHT,0.18,OFF_PEAK_00_06,"Demand is usually lower overnight, although base loads, HVAC, pool systems and EV charging may remain active.",,stage5_frozen_selected_model,stage6a_frozen_ensemble,stage6b_deterministic_rules,real
2025-09-12T06:00:00+02:00,2025-09-10T23:00:00+02:00,168,31,M1_GBT_CAL_WEATHER,1.0181221229734225,0.33937652679999997,0.573779377,1.3578057909999999,2.2053505495999985,3.343047598300002,0.015,LOW,20.4,False,NIGHT,0.28,STANDARD_06_17,Pool circulation or heating can add to household demand during this period.,"Demand is usually lower overnight, although base loads, HVAC, pool systems and EV charging may remain active.",stage5_frozen_selected_model,stage6a_frozen_ensemble,stage6b_deterministic_rules,real
2025-09-12T07:00:00+02:00,2025-09-10T23:00:00+02:00,168,32,M1_GBT_CAL_WEATHER,1.0181221229734225,0.3966992531,0.8317006769999999,2.3113159242,3.4718610327499966,3.343047598300002,0.055,LOW,20.5,False,MORNING,0.28,STANDARD_06_17,Pool circulation or heating can add to household demand during this period.,,stage5_frozen_selected_model,stage6a_frozen_ensemble,stage6b_deterministic_rules,real
2025-09-12T08:00:00+02:00,2025-09-10T23:00:00+02:00,168,33,M1_GBT_CAL_WEATHER,1.0181221229734225,0.1731600592,0.91394596,2.129889565799999,3.457367858999995,3.343047598300002,0.06,LOW,20.8,False,MORNING,0.28,STANDARD_06_17,Pool circulation or heating can add to household demand during this period.,,stage5_frozen_selected_model,stage6a_frozen_ensemble,stage6b_deterministic_rules,real
2025-09-12T09:00:00+02:00,2025-09-10T23:00:00+02:00,168,34,M1_GBT_CAL_WEATHER,1.0181221229734225,0.1978614712,1.0169653859999999,1.3490188146,1.5581836958999988,3.343047598300002,0.03,LOW,21.7,False,DAYTIME,0.28,STANDARD_06_17,Pool circulation or heating can add to household demand during this period.,,stage5_frozen_selected_model,stage6a_frozen_ensemble,stage6b_deterministic_rules,real
2025-09-12T10:00:00+02:00,2025-09-10T23:00:00+02:00,168,35,M1_GBT_CAL_WEATHER,1.0181221229734225,0.33390361230000004,1.026719524,1.3592384867,1.8884241959499999,3.343047598300002,0.04,LOW,22.7,False,DAYTIME,0.28,STANDARD_06_17,Pool circulation or heating can add to household demand during this period.,,stage5_frozen_selected_model,stage6a_frozen_ensemble,stage6b_deterministic_rules,real
2025-09-12T11:00:00+02:00,2025-09-10T23:00:00+02:00,168,36,M1_GBT_CAL_WEATHER,1.0181221229734225,0.2291000081,1.020979752,1.3756139143000001,2.4941819796999853,3.343047598300002,0.035,LOW,23.8,False,DAYTIME,0.28,STANDARD_06_17,Pool circulation or heating can add to household demand during this period.,,stage5_frozen_selected_model,stage6a_frozen_ensemble,stage6b_deterministic_rules,real
2025-09-12T12:00:00+02:00,2025-09-10T23:00:00+02:00,168,37,M1_GBT_CAL_WEATHER,1.0181221229734225,0.1810845777,0.877780096,1.3763258930000002,2.594147027149999,3.343047598300002,0.04,LOW,24.5,False,DAYTIME,0.28,STANDARD_06_17,Pool circulation or heating can add to household demand during this period.,,stage5_frozen_selected_model,stage6a_frozen_ensemble,stage6b_deterministic_rules,real
2025-09-12T13:00:00+02:00,2025-09-10T23:00:00+02:00,168,38,M1_GBT_CAL_WEATHER,1.0181221229734225,0.1572749068,0.3981039125,1.3029772616,1.469105284499999,3.343047598300002,0.02,LOW,24.5,False,DAYTIME,0.28,STANDARD_06_17,Pool circulation or heating can add to household demand during this period.,,stage5_frozen_selected_model,stage6a_frozen_ensemble,stage6b_deterministic_rules,real
2025-09-12T14:00:00+02:00,2025-09-10T23:00:00+02:00,168,39,M1_GBT_CAL_WEATHER,1.1186656563381743,0.1472103986,0.20779766649999998,1.2304708626999998,1.3564745118999992,3.343047598300002,0.005,LOW,23.5,False,DAYTIME,0.28,STANDARD_06_17,Pool circulation or heating can add to household demand during this period.,,stage5_frozen_selected_model,stage6a_frozen_ensemble,stage6b_deterministic_rules,real
2025-09-12T15:00:00+02:00,2025-09-10T23:00:00+02:00,168,40,M1_GBT_CAL_WEATHER,1.8154085298835834,0.1570195952,0.401716405,1.1993761118,1.3001130077999992,3.343047598300002,0.01,LOW,23.4,False,DAYTIME,0.28,STANDARD_06_17,Pool circulation or heating can add to household demand during this period.,,stage5_frozen_selected_model,stage6a_frozen_ensemble,stage6b_deterministic_rules,real
2025-09-12T16:00:00+02:00,2025-09-10T23:00:00+02:00,168,41,M1_GBT_CAL_WEATHER,2.2218978630402506,0.16728209170000002,0.9027944735,3.3133430624,4.716872810949999,3.343047598300002,0.095,LOW,23.3,False,RETURN_RAMP,0.28,STANDARD_06_17,Pool circulation or heating can add to household demand during this period.,,stage5_frozen_selected_model,stage6a_frozen_ensemble,stage6b_deterministic_rules,real
2025-09-12T17:00:00+02:00,2025-09-10T23:00:00+02:00,168,42,M1_GBT_CAL_WEATHER,2.5747444429237754,0.2971470497,1.1871208850000001,8.4034450423,8.662589506499998,3.343047598300002,0.37,MEDIUM,23.0,False,RETURN_RAMP,0.4,PEAK_17_22,"Evening demand can rise when EV charging, HVAC and household activities overlap.",Pool circulation or heating can add to household demand during this period.,stage5_frozen_selected_model,stage6a_frozen_ensemble,stage6b_deterministic_rules,real
2025-09-12T18:00:00+02:00,2025-09-10T23:00:00+02:00,168,43,M1_GBT_CAL_WEATHER,3.309384633370794,0.197173026,2.627036295,8.984550685999999,11.533554544499987,3.343047598300002,0.46,HIGH,22.7,False,RETURN_RAMP,0.4,PEAK_17_22,"This is a high-risk period because EV charging can coincide with HVAC, cooking and optional high-power loads such as the sauna.",Pool circulation or heating can add to household demand during this period.,stage5_frozen_selected_model,stage6a_frozen_ensemble,stage6b_deterministic_rules,real
2025-09-12T19:00:00+02:00,2025-09-10T23:00:00+02:00,168,44,M1_GBT_CAL_WEATHER,3.309384633370794,0.20155527799999998,3.217523665,10.439286252799997,14.058424850549999,3.343047598300002,0.495,HIGH,22.3,False,EVENING,0.4,PEAK_17_22,"This is a high-risk period because EV charging can coincide with HVAC, cooking and optional high-power loads such as the sauna.",Pool circulation or heating can add to household demand during this period.,stage5_frozen_selected_model,stage6a_frozen_ensemble,stage6b_deterministic_rules,real
2025-09-12T20:00:00+02:00,2025-09-10T23:00:00+02:00,168,45,M1_GBT_CAL_WEATHER,3.0831868549091,0.2194112517,1.9157132115,9.4637071764,11.071135415999995,3.343047598300002,0.365,MEDIUM,22.1,False,EVENING,0.4,PEAK_17_22,"Evening demand can rise when EV charging, HVAC and household activities overlap.",Pool circulation or heating can add to household demand during this period.,stage5_frozen_selected_model,stage6a_frozen_ensemble,stage6b_deterministic_rules,real
2025-09-12T21:00:00+02:00,2025-09-10T23:00:00+02:00,168,46,M1_GBT_CAL_WEATHER,2.7303402750255756,0.4543116696000001,1.161304215,7.7822831126,8.375235791199998,3.343047598300002,0.24,MEDIUM,22.0,False,EVENING,0.4,PEAK_17_22,"Evening demand can rise when EV charging, HVAC and household activities overlap.",Pool circulation or heating can add to household demand during this period.,stage5_frozen_selected_model,stage6a_frozen_ensemble,stage6b_deterministic_rules,real
2025-09-12T22:00:00+02:00,2025-09-10T23:00:00+02:00,168,47,M1_GBT_CAL_WEATHER,2.323850941868909,0.3439413747,0.6584037654999999,3.9183257123999975,8.054561320700001,3.343047598300002,0.11,LOW,22.1,False,EVENING,0.28,STANDARD_22_24,Pool circulation or heating can add to household demand during this period.,,stage5_frozen_selected_model,stage6a_frozen_ensemble,stage6b_deterministic_rules,real
2025-09-12T23:00:00+02:00,2025-09-10T23:00:00+02:00,168,48,M1_GBT_CAL_WEATHER,1.1186656563381743,0.32963792840000006,0.5514247895,1.2055462848999998,2.846713826149978,3.343047598300002,0.05,LOW,22.1,False,NIGHT,0.28,STANDARD_22_24,"Demand is usually lower overnight, although base loads, HVAC, pool systems and EV charging may remain active.",,stage5_frozen_selected_model,stage6a_frozen_ensemble,stage6b_deterministic_rules,real
2025-09-13T00:00:00+02:00,2025-09-10T23:00:00+02:00,168,49,M1_GBT_CAL_WEATHER,1.0181221229734225,0.3117645615,0.501745898,0.667362205,0.7360329633999998,3.343047598300002,0.0,LOW,21.8,True,NIGHT,0.18,OFF_PEAK_00_06,"Demand is usually lower overnight, although base loads, HVAC, pool systems and EV charging may remain active.",,stage5_frozen_selected_model,stage6a_frozen_ensemble,stage6b_deterministic_rules,real
2025-09-13T01:00:00+02:00,2025-09-10T23:00:00+02:00,168,50,M1_GBT_CAL_WEATHER,1.0181221229734225,0.3090537995,0.4836951145,0.6506715206,0.67552491385,3.343047598300002,0.005,LOW,21.7,True,NIGHT,0.18,OFF_PEAK_00_06,"Demand is usually lower overnight, although base loads, HVAC, pool systems and EV charging may remain active.",,stage5_frozen_selected_model,stage6a_frozen_ensemble,stage6b_deterministic_rules,real
2025-09-13T02:00:00+02:00,2025-09-10T23:00:00+02:00,168,51,M1_GBT_CAL_WEATHER,1.0181221229734225,0.31031986240000003,0.48529507650000003,0.6519626259,0.6770379761499999,3.343047598300002,0.005,LOW,21.0,True,NIGHT,0.18,OFF_PEAK_00_06,"Demand is usually lower overnight, although base loads, HVAC, pool systems and EV charging may remain active.",,stage5_frozen_selected_model,stage6a_frozen_ensemble,stage6b_deterministic_rules,real
2025-09-13T03:00:00+02:00,2025-09-10T23:00:00+02:00,168,52,M1_GBT_CAL_WEATHER,1.0181221229734225,0.31140705560000004,0.486493937,0.6526111793,0.6712997623999999,3.343047598300002,0.0,LOW,21.2,True,NIGHT,0.18,OFF_PEAK_00_06,"Demand is usually lower overnight, although base loads, HVAC, pool systems and EV charging may remain active.",,stage5_frozen_selected_model,stage6a_frozen_ensemble,stage6b_deterministic_rules,real
2025-09-13T04:00:00+02:00,2025-09-10T23:00:00+02:00,168,53,M1_GBT_CAL_WEATHER,1.0181221229734225,0.31224128770000004,0.487581599,0.6535160707,0.6722657439499998,3.343047598300002,0.0,LOW,21.1,True,NIGHT,0.18,OFF_PEAK_00_06,"Demand is usually lower overnight, although base loads, HVAC, pool systems and EV charging may remain active.",,stage5_frozen_selected_model,stage6a_frozen_ensemble,stage6b_deterministic_rules,real
2025-09-13T05:00:00+02:00,2025-09-10T23:00:00+02:00,168,54,M1_GBT_CAL_WEATHER,1.0181221229734225,0.3127657086,0.4882653315,0.6540849085,0.6728729857499999,3.343047598300002,0.0,LOW,21.2,True,NIGHT,0.18,OFF_PEAK_00_06,"Demand is usually lower overnight, although base loads, HVAC, pool systems and EV charging may remain active.",,stage5_frozen_selected_model,stage6a_frozen_ensemble,stage6b_deterministic_rules,real
2025-09-13T06:00:00+02:00,2025-09-10T23:00:00+02:00,168,55,M1_GBT_CAL_WEATHER,1.0181221229734225,0.3238523981,0.5823419224999999,1.2084229556,1.4579571359999999,3.343047598300002,0.0,LOW,21.3,True,NIGHT,0.28,STANDARD_06_17,Pool circulation or heating can add to household demand during this period.,"Demand is usually lower overnight, although base loads, HVAC, pool systems and EV charging may remain active.",stage5_frozen_selected_model,stage6a_frozen_ensemble,stage6b_deterministic_rules,real
2025-09-13T07:00:00+02:00,2025-09-10T23:00:00+02:00,168,56,M1_GBT_CAL_WEATHER,1.0181221229734225,0.3481883577,0.854209259,2.0071104252,2.591357103649998,3.343047598300002,0.025,LOW,21.3,True,MORNING,0.28,STANDARD_06_17,Pool circulation or heating can add to household demand during this period.,Weekend occupancy can increase daytime household activity.,stage5_frozen_selected_model,stage6a_frozen_ensemble,stage6b_deterministic_rules,real
2025-09-13T08:00:00+02:00,2025-09-10T23:00:00+02:00,168,57,M1_GBT_CAL_WEATHER,1.0181221229734225,0.173776274,0.9011093619999999,1.3766658666,2.295322506399999,3.343047598300002,0.02,LOW,21.4,True,MORNING,0.28,STANDARD_06_17,Pool circulation or heating can add to household demand during this period.,Weekend occupancy can increase daytime household activity.,stage5_frozen_selected_model,stage6a_frozen_ensemble,stage6b_deterministic_rules,real
2025-09-13T09:00:00+02:00,2025-09-10T23:00:00+02:00,168,58,M1_GBT_CAL_WEATHER,1.0181221229734225,0.2131733315,1.020809174,1.3291805740999998,1.3798891886999998,3.343047598300002,0.025,LOW,21.6,True,DAYTIME,0.28,STANDARD_06_17,Pool circulation or heating can add to household demand during this period.,Weekend occupancy can increase daytime household activity.,stage5_frozen_selected_model,stage6a_frozen_ensemble,stage6b_deterministic_rules,real
2025-09-13T10:00:00+02:00,2025-09-10T23:00:00+02:00,168,59,M1_GBT_CAL_WEATHER,1.0181221229734225,0.3055847274000001,1.0475066444999999,1.3699382204,1.9532335615999967,3.343047598300002,0.04,LOW,22.2,True,DAYTIME,0.28,STANDARD_06_17,Pool circulation or heating can add to household demand during this period.,Weekend occupancy can increase daytime household activity.,stage5_frozen_selected_model,stage6a_frozen_ensemble,stage6b_deterministic_rules,real
2025-09-13T11:00:00+02:00,2025-09-10T23:00:00+02:00,168,60,M1_GBT_CAL_WEATHER,1.0181221229734225,0.2115601423,1.0601578795000002,1.4399444805,2.741591699999986,3.343047598300002,0.05,LOW,22.8,True,DAYTIME,0.28,STANDARD_06_17,Pool circulation or heating can add to household demand during this period.,Weekend occupancy can increase daytime household activity.,stage5_frozen_selected_model,stage6a_frozen_ensemble,stage6b_deterministic_rules,real
2025-09-13T12:00:00+02:00,2025-09-10T23:00:00+02:00,168,61,M1_GBT_CAL_WEATHER,1.0181221229734225,0.1815290369,0.9536763684999999,2.1663386685,2.781909041449999,3.343047598300002,0.035,LOW,22.3,True,DAYTIME,0.28,STANDARD_06_17,Pool circulation or heating can add to household demand during this period.,Weekend occupancy can increase daytime household activity.,stage5_frozen_selected_model,stage6a_frozen_ensemble,stage6b_deterministic_rules,real
2025-09-13T13:00:00+02:00,2025-09-10T23:00:00+02:00,168,62,M1_GBT_CAL_WEATHER,1.0181221229734225,0.16146837679999998,0.7720416489999999,1.798782795999999,3.466586555649996,3.343047598300002,0.06,LOW,22.7,True,DAYTIME,0.28,STANDARD_06_17,Pool circulation or heating can add to household demand during this period.,Weekend occupancy can increase daytime household activity.,stage5_frozen_selected_model,stage6a_frozen_ensemble,stage6b_deterministic_rules,real
2025-09-13T14:00:00+02:00,2025-09-10T23:00:00+02:00,168,63,M1_GBT_CAL_WEATHER,1.1186656563381743,0.14667045680000002,0.3073168565,1.4393396614999991,3.6846786375,3.343047598300002,0.055,LOW,22.7,True,DAYTIME,0.28,STANDARD_06_17,Pool circulation or heating can add to household demand during this period.,Weekend occupancy can increase daytime household activity.,stage5_frozen_selected_model,stage6a_frozen_ensemble,stage6b_deterministic_rules,real
2025-09-13T15:00:00+02:00,2025-09-10T23:00:00+02:00,168,64,M1_GBT_CAL_WEATHER,1.8154085298835834,0.16147527209999998,0.711395936,1.7999051858999995,3.703713393949993,3.343047598300002,0.07,LOW,23.3,True,DAYTIME,0.28,STANDARD_06_17,Pool circulation or heating can add to household demand during this period.,Weekend occupancy can increase daytime household activity.,stage5_frozen_selected_model,stage6a_frozen_ensemble,stage6b_deterministic_rules,real
2025-09-13T16:00:00+02:00,2025-09-10T23:00:00+02:00,168,65,M1_GBT_CAL_WEATHER,2.2218978630402506,0.1644594244,0.9530990079999999,5.2444553585,7.5302999258000005,3.343047598300002,0.15,LOW,23.6,True,RETURN_RAMP,0.28,STANDARD_06_17,Pool circulation or heating can add to household demand during this period.,Weekend occupancy can increase daytime household activity.,stage5_frozen_selected_model,stage6a_frozen_ensemble,stage6b_deterministic_rules,real
2025-09-13T17:00:00+02:00,2025-09-10T23:00:00+02:00,168,66,M1_GBT_CAL_WEATHER,2.5747444429237754,0.2974317141,1.0378222265,7.624748279299999,8.23631576005,3.343047598300002,0.2,MEDIUM,24.0,True,RETURN_RAMP,0.4,PEAK_17_22,"Evening demand can rise when EV charging, HVAC and household activities overlap.",Pool circulation or heating can add to household demand during this period.,stage5_frozen_selected_model,stage6a_frozen_ensemble,stage6b_deterministic_rules,real
2025-09-13T18:00:00+02:00,2025-09-10T23:00:00+02:00,168,67,M1_GBT_CAL_WEATHER,3.2183930216579792,0.1817585043,1.0984208065,7.8754232562999995,9.547032769599994,3.343047598300002,0.19,LOW,24.1,True,RETURN_RAMP,0.4,PEAK_17_22,Pool circulation or heating can add to household demand during this period.,Weekend occupancy can increase daytime household activity.,stage5_frozen_selected_model,stage6a_frozen_ensemble,stage6b_deterministic_rules,real
2025-09-13T19:00:00+02:00,2025-09-10T23:00:00+02:00,168,68,M1_GBT_CAL_WEATHER,3.2183930216579792,0.2092060787,1.4403571689999999,7.915865781999998,9.473157220149993,3.343047598300002,0.315,MEDIUM,24.1,True,EVENING,0.4,PEAK_17_22,"Evening demand can rise when EV charging, HVAC and household activities overlap.",Pool circulation or heating can add to household demand during this period.,stage5_frozen_selected_model,stage6a_frozen_ensemble,stage6b_deterministic_rules,real
2025-09-13T20:00:00+02:00,2025-09-10T23:00:00+02:00,168,69,M1_GBT_CAL_WEATHER,2.992195243196285,0.2169050617,2.1307216765,9.290076342399999,10.539175984099993,3.343047598300002,0.4,HIGH,23.3,True,EVENING,0.4,PEAK_17_22,"This is a high-risk period because EV charging can coincide with HVAC, cooking and optional high-power loads such as the sauna.",Pool circulation or heating can add to household demand during this period.,stage5_frozen_selected_model,stage6a_frozen_ensemble,stage6b_deterministic_rules,real
2025-09-13T21:00:00+02:00,2025-09-10T23:00:00+02:00,168,70,M1_GBT_CAL_WEATHER,2.7303402750255756,0.4313527872,1.6315555245,8.809035988,10.307613911999992,3.343047598300002,0.385,MEDIUM,23.6,True,EVENING,0.4,PEAK_17_22,"Evening demand can rise when EV charging, HVAC and household activities overlap.",Pool circulation or heating can add to household demand during this period.,stage5_frozen_selected_model,stage6a_frozen_ensemble,stage6b_deterministic_rules,real
2025-09-13T22:00:00+02:00,2025-09-10T23:00:00+02:00,168,71,M1_GBT_CAL_WEATHER,2.323850941868909,0.3789358512,0.7661224595,7.927582805999999,8.552095614799999,3.343047598300002,0.205,MEDIUM,22.4,True,EVENING,0.28,STANDARD_22_24,"Evening demand can rise when EV charging, HVAC and household activities overlap.",Pool circulation or heating can add to household demand during this period.,stage5_frozen_selected_model,stage6a_frozen_ensemble,stage6b_deterministic_rules,real
2025-09-13T23:00:00+02:00,2025-09-10T23:00:00+02:00,168,72,M1_GBT_CAL_WEATHER,1.1186656563381743,0.33012907490000004,0.5775639585,1.4945241307999964,4.700678047699975,3.343047598300002,0.06,LOW,22.2,True,NIGHT,0.28,STANDARD_22_24,"Demand is usually lower overnight, although base loads, HVAC, pool systems and EV charging may remain active.",,stage5_frozen_selected_model,stage6a_frozen_ensemble,stage6b_deterministic_rules,real
2025-09-14T00:00:00+02:00,2025-09-10T23:00:00+02:00,168,73,M1_GBT_CAL_WEATHER,1.0181221229734225,0.3198499807,0.5192604224999999,0.7007246761,1.0084683480499994,3.343047598300002,0.03,LOW,21.9,True,NIGHT,0.18,OFF_PEAK_00_06,"Demand is usually lower overnight, although base loads, HVAC, pool systems and EV charging may remain active.",,stage5_frozen_selected_model,stage6a_frozen_ensemble,stage6b_deterministic_rules,real
2025-09-14T01:00:00+02:00,2025-09-10T23:00:00+02:00,168,74,M1_GBT_CAL_WEATHER,1.0181221229734225,0.3189683386,0.484883253,0.6506715206,0.67552491385,3.343047598300002,0.005,LOW,21.7,True,NIGHT,0.18,OFF_PEAK_00_06,"Demand is usually lower overnight, although base loads, HVAC, pool systems and EV charging may remain active.",,stage5_frozen_selected_model,stage6a_frozen_ensemble,stage6b_deterministic_rules,real
2025-09-14T02:00:00+02:00,2025-09-10T23:00:00+02:00,168,75,M1_GBT_CAL_WEATHER,1.0181221229734225,0.3205867772,0.48635788999999996,0.6519626259,0.6700408691499999,3.343047598300002,0.0,LOW,21.6,True,NIGHT,0.18,OFF_PEAK_00_06,"Demand is usually lower overnight, although base loads, HVAC, pool systems and EV charging may remain active.",,stage5_frozen_selected_model,stage6a_frozen_ensemble,stage6b_deterministic_rules,real
2025-09-14T03:00:00+02:00,2025-09-10T23:00:00+02:00,168,76,M1_GBT_CAL_WEATHER,1.0181221229734225,0.3219765609,0.48762418949999997,0.6526111793,0.6712997623999999,3.343047598300002,0.0,LOW,21.3,True,NIGHT,0.18,OFF_PEAK_00_06,"Demand is usually lower overnight, although base loads, HVAC, pool systems and EV charging may remain active.",,stage5_frozen_selected_model,stage6a_frozen_ensemble,stage6b_deterministic_rules,real
2025-09-14T04:00:00+02:00,2025-09-10T23:00:00+02:00,168,77,M1_GBT_CAL_WEATHER,1.0181221229734225,0.3230429804,0.488595855,0.6535160707,0.6722657439499998,3.343047598300002,0.0,LOW,21.0,True,NIGHT,0.18,OFF_PEAK_00_06,"Demand is usually lower overnight, although base loads, HVAC, pool systems and EV charging may remain active.",,stage5_frozen_selected_model,stage6a_frozen_ensemble,stage6b_deterministic_rules,real
2025-09-14T05:00:00+02:00,2025-09-10T23:00:00+02:00,168,78,M1_GBT_CAL_WEATHER,1.0181221229734225,0.3236559542,0.48920667,0.6540849085,0.6728729857499999,3.343047598300002,0.0,LOW,20.8,True,NIGHT,0.18,OFF_PEAK_00_06,"Demand is usually lower overnight, although base loads, HVAC, pool systems and EV charging may remain active.",,stage5_frozen_selected_model,stage6a_frozen_ensemble,stage6b_deterministic_rules,real
2025-09-14T06:00:00+02:00,2025-09-10T23:00:00+02:00,168,79,M1_GBT_CAL_WEATHER,1.0181221229734225,0.346908222,0.572325663,1.2447682553999997,1.4089757622,3.343047598300002,0.01,LOW,20.7,True,NIGHT,0.28,STANDARD_06_17,Pool circulation or heating can add to household demand during this period.,"Demand is usually lower overnight, although base loads, HVAC, pool systems and EV charging may remain active.",stage5_frozen_selected_model,stage6a_frozen_ensemble,stage6b_deterministic_rules,real
2025-09-14T07:00:00+02:00,2025-09-10T23:00:00+02:00,168,80,M1_GBT_CAL_WEATHER,1.0181221229734225,0.386548656,0.971742216,1.8445386276999998,2.600047116499998,3.343047598300002,0.02,LOW,20.5,True,MORNING,0.28,STANDARD_06_17,Pool circulation or heating can add to household demand during this period.,Weekend occupancy can increase daytime household activity.,stage5_frozen_selected_model,stage6a_frozen_ensemble,stage6b_deterministic_rules,real
2025-09-14T08:00:00+02:00,2025-09-10T23:00:00+02:00,168,81,M1_GBT_CAL_WEATHER,1.0181221229734225,0.1846508059,0.947214733,2.6428744976999994,3.776063977149999,3.343047598300002,0.06,LOW,20.7,True,MORNING,0.28,STANDARD_06_17,Pool circulation or heating can add to household demand during this period.,Weekend occupancy can increase daytime household activity.,stage5_frozen_selected_model,stage6a_frozen_ensemble,stage6b_deterministic_rules,real
2025-09-14T09:00:00+02:00,2025-09-10T23:00:00+02:00,168,82,M1_GBT_CAL_WEATHER,1.0181221229734225,0.21679620589999998,1.050060959,1.3712698038,1.7776451661999944,3.343047598300002,0.035,LOW,21.6,True,DAYTIME,0.28,STANDARD_06_17,Pool circulation or heating can add to household demand during this period.,Weekend occupancy can increase daytime household activity.,stage5_frozen_selected_model,stage6a_frozen_ensemble,stage6b_deterministic_rules,real
2025-09-14T10:00:00+02:00,2025-09-10T23:00:00+02:00,168,83,M1_GBT_CAL_WEATHER,1.0181221229734225,0.3089711506,1.0484917865,1.4315366106,1.6837300164999995,3.343047598300002,0.025,LOW,22.7,True,DAYTIME,0.28,STANDARD_06_17,Pool circulation or heating can add to household demand during this period.,Weekend occupancy can increase daytime household activity.,stage5_frozen_selected_model,stage6a_frozen_ensemble,stage6b_deterministic_rules,real
2025-09-14T11:00:00+02:00,2025-09-10T23:00:00+02:00,168,84,M1_GBT_CAL_WEATHER,1.0181221229734225,0.2103204301,0.975629989,1.573845596,2.359732808799999,3.343047598300002,0.025,LOW,23.7,True,DAYTIME,0.28,STANDARD_06_17,Pool circulation or heating can add to household demand during this period.,Weekend occupancy can increase daytime household activity.,stage5_frozen_selected_model,stage6a_frozen_ensemble,stage6b_deterministic_rules,real
2025-09-14T12:00:00+02:00,2025-09-10T23:00:00+02:00,168,85,M1_GBT_CAL_WEATHER,1.0181221229734225,0.16700941519999998,0.8943365464999999,1.4058364079,2.00400170185,3.343047598300002,0.02,LOW,24.8,True,DAYTIME,0.28,STANDARD_06_17,Pool circulation or heating can add to household demand during this period.,Weekend occupancy can increase daytime household activity.,stage5_frozen_selected_model,stage6a_frozen_ensemble,stage6b_deterministic_rules,real
2025-09-14T13:00:00+02:00,2025-09-10T23:00:00+02:00,168,86,M1_GBT_CAL_WEATHER,1.1486028754141904,0.1525775564,0.4102313445,1.3380535359,1.8336054141999987,3.343047598300002,0.015,LOW,25.5,True,DAYTIME,0.28,STANDARD_06_17,Warm weather can increase cooling demand during this period.,Pool circulation or heating can add to household demand during this period.,stage5_frozen_selected_model,stage6a_frozen_ensemble,stage6b_deterministic_rules,real
2025-09-14T14:00:00+02:00,2025-09-10T23:00:00+02:00,168,87,M1_GBT_CAL_WEATHER,1.2491464087789421,0.1418914818,0.215669683,1.2416563197,1.385058453199999,3.343047598300002,0.02,LOW,26.1,True,DAYTIME,0.28,STANDARD_06_17,Warm weather can increase cooling demand during this period.,Pool circulation or heating can add to household demand during this period.,stage5_frozen_selected_model,stage6a_frozen_ensemble,stage6b_deterministic_rules,real
2025-09-14T15:00:00+02:00,2025-09-10T23:00:00+02:00,168,88,M1_GBT_CAL_WEATHER,1.861828475669086,0.14924699600000002,0.31767695549999997,1.3338497259000002,2.0356508780999967,3.343047598300002,0.03,LOW,26.2,True,DAYTIME,0.28,STANDARD_06_17,Warm weather can increase cooling demand during this period.,Pool circulation or heating can add to household demand during this period.,stage5_frozen_selected_model,stage6a_frozen_ensemble,stage6b_deterministic_rules,real
2025-09-14T16:00:00+02:00,2025-09-10T23:00:00+02:00,168,89,M1_GBT_CAL_WEATHER,2.2683178088257536,0.1783647726,0.8930139595,3.8961091317,6.630553742749996,3.343047598300002,0.12,LOW,26.1,True,RETURN_RAMP,0.28,STANDARD_06_17,Warm weather can increase cooling demand during this period.,Pool circulation or heating can add to household demand during this period.,stage5_frozen_selected_model,stage6a_frozen_ensemble,stage6b_deterministic_rules,real
2025-09-14T17:00:00+02:00,2025-09-10T23:00:00+02:00,168,90,M1_GBT_CAL_WEATHER,2.5747444429237754,0.2701442477000001,1.1892959975,6.8362868258999985,8.16019489725,3.343047598300002,0.19,LOW,25.6,True,RETURN_RAMP,0.4,PEAK_17_22,Warm weather can increase cooling demand during this period.,Pool circulation or heating can add to household demand during this period.,stage5_frozen_selected_model,stage6a_frozen_ensemble,stage6b_deterministic_rules,real
2025-09-14T18:00:00+02:00,2025-09-10T23:00:00+02:00,168,91,M1_GBT_CAL_WEATHER,3.309384633370794,0.22539937630000004,1.4812643035,7.5664141548,8.636079875950001,3.343047598300002,0.275,MEDIUM,25.3,True,RETURN_RAMP,0.4,PEAK_17_22,"Evening demand can rise when EV charging, HVAC and household activities overlap.",Pool circulation or heating can add to household demand during this period.,stage5_frozen_selected_model,stage6a_frozen_ensemble,stage6b_deterministic_rules,real
2025-09-14T19:00:00+02:00,2025-09-10T23:00:00+02:00,168,92,M1_GBT_CAL_WEATHER,3.309384633370794,0.1837633001,2.0366043965,7.948000832999999,8.833180606499997,3.343047598300002,0.305,MEDIUM,24.4,True,EVENING,0.4,PEAK_17_22,"Evening demand can rise when EV charging, HVAC and household activities overlap.",Pool circulation or heating can add to household demand during this period.,stage5_frozen_selected_model,stage6a_frozen_ensemble,stage6b_deterministic_rules,real
2025-09-14T20:00:00+02:00,2025-09-10T23:00:00+02:00,168,93,M1_GBT_CAL_WEATHER,3.0831868549091,0.2057862234,1.7152690365,8.3250456559,9.595610386599999,3.343047598300002,0.335,MEDIUM,23.5,True,EVENING,0.4,PEAK_17_22,"Evening demand can rise when EV charging, HVAC and household activities overlap.",Pool circulation or heating can add to household demand during this period.,stage5_frozen_selected_model,stage6a_frozen_ensemble,stage6b_deterministic_rules,real
2025-09-14T21:00:00+02:00,2025-09-10T23:00:00+02:00,168,94,M1_GBT_CAL_WEATHER,2.7303402750255756,0.44883680880000004,1.4546928875000003,7.9915496607000005,9.249054044849972,3.343047598300002,0.325,MEDIUM,23.5,True,EVENING,0.4,PEAK_17_22,"Evening demand can rise when EV charging, HVAC and household activities overlap.",Pool circulation or heating can add to household demand during this period.,stage5_frozen_selected_model,stage6a_frozen_ensemble,stage6b_deterministic_rules,real
2025-09-14T22:00:00+02:00,2025-09-10T23:00:00+02:00,168,95,M1_GBT_CAL_WEATHER,2.323850941868909,0.3591411613,0.695754914,7.973364567,8.161868968450001,3.343047598300002,0.22,MEDIUM,23.2,True,EVENING,0.28,STANDARD_22_24,"Evening demand can rise when EV charging, HVAC and household activities overlap.",Pool circulation or heating can add to household demand during this period.,stage5_frozen_selected_model,stage6a_frozen_ensemble,stage6b_deterministic_rules,real
2025-09-14T23:00:00+02:00,2025-09-10T23:00:00+02:00,168,96,M1_GBT_CAL_WEATHER,1.1186656563381743,0.3283185653,0.5390662079999999,1.4815007122999995,4.458033803049997,3.343047598300002,0.065,LOW,22.8,True,NIGHT,0.28,STANDARD_22_24,"Demand is usually lower overnight, although base loads, HVAC, pool systems and EV charging may remain active.",,stage5_frozen_selected_model,stage6a_frozen_ensemble,stage6b_deterministic_rules,real
2025-09-15T00:00:00+02:00,2025-09-10T23:00:00+02:00,168,97,M1_GBT_CAL_WEATHER,1.0181221229734225,0.31577124560000003,0.4848942,0.6762738988,0.9398610009499988,3.343047598300002,0.02,LOW,22.3,False,NIGHT,0.18,OFF_PEAK_00_06,"Demand is usually lower overnight, although base loads, HVAC, pool systems and EV charging may remain active.",,stage5_frozen_selected_model,stage6a_frozen_ensemble,stage6b_deterministic_rules,real
2025-09-15T01:00:00+02:00,2025-09-10T23:00:00+02:00,168,98,M1_GBT_CAL_WEATHER,1.0181221229734225,0.31755151540000004,0.483425793,0.6480599723999999,0.6648189129,3.343047598300002,0.005,LOW,22.0,False,NIGHT,0.18,OFF_PEAK_00_06,"Demand is usually lower overnight, although base loads, HVAC, pool systems and EV charging may remain active.",,stage5_frozen_selected_model,stage6a_frozen_ensemble,stage6b_deterministic_rules,real
2025-09-15T02:00:00+02:00,2025-09-10T23:00:00+02:00,168,99,M1_GBT_CAL_WEATHER,1.0181221229734225,0.3192104621,0.485076469,0.6448927773,0.66567840465,3.343047598300002,0.0,LOW,22.1,False,NIGHT,0.18,OFF_PEAK_00_06,"Demand is usually lower overnight, although base loads, HVAC, pool systems and EV charging may remain active.",,stage5_frozen_selected_model,stage6a_frozen_ensemble,stage6b_deterministic_rules,real
2025-09-15T03:00:00+02:00,2025-09-10T23:00:00+02:00,168,100,M1_GBT_CAL_WEATHER,1.0181221229734225,0.3206350326,0.48553978600000003,0.6448115300999999,0.6666433344,3.343047598300002,0.0,LOW,21.8,False,NIGHT,0.18,OFF_PEAK_00_06,"Demand is usually lower overnight, although base loads, HVAC, pool systems and EV charging may remain active.",,stage5_frozen_selected_model,stage6a_frozen_ensemble,stage6b_deterministic_rules,real
2025-09-15T04:00:00+02:00,2025-09-10T23:00:00+02:00,168,101,M1_GBT_CAL_WEATHER,1.0181221229734225,0.32320441499999997,0.487581599,0.647547289,0.6682446352,3.343047598300002,0.005,LOW,21.8,False,NIGHT,0.18,OFF_PEAK_00_06,"Demand is usually lower overnight, although base loads, HVAC, pool systems and EV charging may remain active.",,stage5_frozen_selected_model,stage6a_frozen_ensemble,stage6b_deterministic_rules,real
2025-09-15T05:00:00+02:00,2025-09-10T23:00:00+02:00,168,102,M1_GBT_CAL_WEATHER,1.0181221229734225,0.3238176027,0.4882653315,0.6482717929999999,0.66885446235,3.343047598300002,0.005,LOW,21.7,False,NIGHT,0.18,OFF_PEAK_00_06,"Demand is usually lower overnight, although base loads, HVAC, pool systems and EV charging may remain active.",,stage5_frozen_selected_model,stage6a_frozen_ensemble,stage6b_deterministic_rules,real
2025-09-15T06:00:00+02:00,2025-09-10T23:00:00+02:00,168,103,M1_GBT_CAL_WEATHER,1.0181221229734225,0.3384645725,0.576659274,1.2686969585,1.3748449992999996,3.343047598300002,0.0,LOW,21.5,False,NIGHT,0.28,STANDARD_06_17,Pool circulation or heating can add to household demand during this period.,"Demand is usually lower overnight, although base loads, HVAC, pool systems and EV charging may remain active.",stage5_frozen_selected_model,stage6a_frozen_ensemble,stage6b_deterministic_rules,real
2025-09-15T07:00:00+02:00,2025-09-10T23:00:00+02:00,168,104,M1_GBT_CAL_WEATHER,1.0181221229734225,0.3924372493,0.956807288,2.1150149713,2.9136892837499992,3.343047598300002,0.035,LOW,21.5,False,MORNING,0.28,STANDARD_06_17,Pool circulation or heating can add to household demand during this period.,,stage5_frozen_selected_model,stage6a_frozen_ensemble,stage6b_deterministic_rules,real
2025-09-15T08:00:00+02:00,2025-09-10T23:00:00+02:00,168,105,M1_GBT_CAL_WEATHER,1.0181221229734225,0.1760504805,0.894346913,1.3828977321999998,2.5232769812999996,3.343047598300002,0.025,LOW,21.4,False,MORNING,0.28,STANDARD_06_17,Pool circulation or heating can add to household demand during this period.,,stage5_frozen_selected_model,stage6a_frozen_ensemble,stage6b_deterministic_rules,real
2025-09-15T09:00:00+02:00,2025-09-10T23:00:00+02:00,168,106,M1_GBT_CAL_WEATHER,1.0181221229734225,0.1932171729,1.0141595245000001,1.3356937040999999,1.3803065292499996,3.343047598300002,0.02,LOW,22.2,False,DAYTIME,0.28,STANDARD_06_17,Pool circulation or heating can add to household demand during this period.,,stage5_frozen_selected_model,stage6a_frozen_ensemble,stage6b_deterministic_rules,real
2025-09-15T10:00:00+02:00,2025-09-10T23:00:00+02:00,168,107,M1_GBT_CAL_WEATHER,1.0181221229734225,0.4407411780000001,1.01143079,1.3485966673,1.708116427899998,3.343047598300002,0.02,LOW,23.5,False,DAYTIME,0.28,STANDARD_06_17,Pool circulation or heating can add to household demand during this period.,,stage5_frozen_selected_model,stage6a_frozen_ensemble,stage6b_deterministic_rules,real
2025-09-15T11:00:00+02:00,2025-09-10T23:00:00+02:00,168,108,M1_GBT_CAL_WEATHER,1.0181221229734225,0.22441863120000002,1.001838611,1.3486599471999998,1.544201069149995,3.343047598300002,0.02,LOW,24.7,False,DAYTIME,0.28,STANDARD_06_17,Pool circulation or heating can add to household demand during this period.,,stage5_frozen_selected_model,stage6a_frozen_ensemble,stage6b_deterministic_rules,real
2025-09-15T12:00:00+02:00,2025-09-10T23:00:00+02:00,168,109,M1_GBT_CAL_WEATHER,1.1486028754141904,0.1672684273,0.867622118,1.3253464629999998,1.708422803899995,3.343047598300002,0.025,LOW,26.3,False,DAYTIME,0.28,STANDARD_06_17,Warm weather can increase cooling demand during this period.,Pool circulation or heating can add to household demand during this period.,stage5_frozen_selected_model,stage6a_frozen_ensemble,stage6b_deterministic_rules,real
2025-09-15T13:00:00+02:00,2025-09-10T23:00:00+02:00,168,110,M1_GBT_CAL_WEATHER,1.609532001031956,0.1584187808,0.5030905715,1.3004721486,1.686255763699996,3.343047598300002,0.02,LOW,27.1,False,DAYTIME,0.28,STANDARD_06_17,Warm weather can increase cooling demand during this period.,Pool circulation or heating can add to household demand during this period.,stage5_frozen_selected_model,stage6a_frozen_ensemble,stage6b_deterministic_rules,real
2025-09-15T14:00:00+02:00,2025-09-10T23:00:00+02:00,168,111,M1_GBT_CAL_WEATHER,1.7100755343967076,0.1466724807,0.21228452650000001,1.3014858972999999,1.9268932433499932,3.343047598300002,0.025,LOW,27.6,False,DAYTIME,0.28,STANDARD_06_17,Warm weather can increase cooling demand during this period.,Pool circulation or heating can add to household demand during this period.,stage5_frozen_selected_model,stage6a_frozen_ensemble,stage6b_deterministic_rules,real
2025-09-15T15:00:00+02:00,2025-09-10T23:00:00+02:00,168,112,M1_GBT_CAL_WEATHER,2.3351129589232937,0.1588991367,0.7514369274999999,2.2083955866,2.717781414999999,3.343047598300002,0.01,LOW,28.2,False,DAYTIME,0.28,STANDARD_06_17,Warm weather can increase cooling demand during this period.,Pool circulation or heating can add to household demand during this period.,stage5_frozen_selected_model,stage6a_frozen_ensemble,stage6b_deterministic_rules,real
2025-09-15T16:00:00+02:00,2025-09-10T23:00:00+02:00,168,113,M1_GBT_CAL_WEATHER,2.8637255988350376,0.18927429520000003,1.364597377,3.502601639,5.654162214899996,3.343047598300002,0.12,LOW,28.2,False,RETURN_RAMP,0.28,STANDARD_06_17,Warm weather can increase cooling demand during this period.,Pool circulation or heating can add to household demand during this period.,stage5_frozen_selected_model,stage6a_frozen_ensemble,stage6b_deterministic_rules,real
2025-09-15T17:00:00+02:00,2025-09-10T23:00:00+02:00,168,114,M1_GBT_CAL_WEATHER,3.2633444969871266,0.9483885681,2.8609738835,9.9069368853,11.104749133699997,3.343047598300002,0.385,MEDIUM,27.9,False,RETURN_RAMP,0.4,PEAK_17_22,"Evening demand can rise when EV charging, HVAC and household activities overlap.",Warm weather can increase cooling demand during this period.,stage5_frozen_selected_model,stage6a_frozen_ensemble,stage6b_deterministic_rules,real
2025-09-15T18:00:00+02:00,2025-09-10T23:00:00+02:00,168,115,M1_GBT_CAL_WEATHER,3.2740893507997733,1.2039669064000003,5.2884717855000005,11.932412438599998,14.0259589197,3.343047598300002,0.6,HIGH,27.3,False,RETURN_RAMP,0.4,PEAK_17_22,"This is a high-risk period because EV charging can coincide with HVAC, cooking and optional high-power loads such as the sauna.",Warm weather can increase cooling demand during this period.,stage5_frozen_selected_model,stage6a_frozen_ensemble,stage6b_deterministic_rules,real
2025-09-15T19:00:00+02:00,2025-09-10T23:00:00+02:00,168,116,M1_GBT_CAL_WEATHER,3.309384633370794,0.5621165718000001,5.748817839999999,14.2036722715,16.158438552249997,3.343047598300002,0.655,HIGH,26.3,False,EVENING,0.4,PEAK_17_22,"This is a high-risk period because EV charging can coincide with HVAC, cooking and optional high-power loads such as the sauna.",Warm weather can increase cooling demand during this period.,stage5_frozen_selected_model,stage6a_frozen_ensemble,stage6b_deterministic_rules,real
2025-09-15T20:00:00+02:00,2025-09-10T23:00:00+02:00,168,117,M1_GBT_CAL_WEATHER,3.0831868549091,0.2365086011,3.1125789665,10.3570822548,12.611746372249993,3.343047598300002,0.49,HIGH,25.3,False,EVENING,0.4,PEAK_17_22,"This is a high-risk period because EV charging can coincide with HVAC, cooking and optional high-power loads such as the sauna.",Pool circulation or heating can add to household demand during this period.,stage5_frozen_selected_model,stage6a_frozen_ensemble,stage6b_deterministic_rules,real
2025-09-15T21:00:00+02:00,2025-09-10T23:00:00+02:00,168,118,M1_GBT_CAL_WEATHER,2.7303402750255756,0.3831337075,1.316470615,8.036381325099999,8.64921595285,3.343047598300002,0.265,MEDIUM,24.5,False,EVENING,0.4,PEAK_17_22,"Evening demand can rise when EV charging, HVAC and household activities overlap.",Pool circulation or heating can add to household demand during this period.,stage5_frozen_selected_model,stage6a_frozen_ensemble,stage6b_deterministic_rules,real
2025-09-15T22:00:00+02:00,2025-09-10T23:00:00+02:00,168,119,M1_GBT_CAL_WEATHER,2.323850941868909,0.3406447622,0.64954661,2.2023938398999996,7.009905698549992,3.343047598300002,0.085,LOW,24.8,False,EVENING,0.28,STANDARD_22_24,Pool circulation or heating can add to household demand during this period.,,stage5_frozen_selected_model,stage6a_frozen_ensemble,stage6b_deterministic_rules,real
2025-09-15T23:00:00+02:00,2025-09-10T23:00:00+02:00,168,120,M1_GBT_CAL_WEATHER,1.1186656563381743,0.315653768,0.5521272079999999,1.8947577835,2.8273414517999993,3.343047598300002,0.035,LOW,24.6,False,NIGHT,0.28,STANDARD_22_24,"Demand is usually lower overnight, although base loads, HVAC, pool systems and EV charging may remain active.",,stage5_frozen_selected_model,stage6a_frozen_ensemble,stage6b_deterministic_rules,real
2025-09-16T00:00:00+02:00,2025-09-10T23:00:00+02:00,168,121,M1_GBT_CAL_WEATHER,1.0181221229734225,0.31577124560000003,0.5529756745,2.3825690429,2.7327215528999997,3.343047598300002,0.015,LOW,24.1,False,NIGHT,0.18,OFF_PEAK_00_06,"Demand is usually lower overnight, although base loads, HVAC, pool systems and EV charging may remain active.",,stage5_frozen_selected_model,stage6a_frozen_ensemble,stage6b_deterministic_rules,real
2025-09-16T01:00:00+02:00,2025-09-10T23:00:00+02:00,168,122,M1_GBT_CAL_WEATHER,1.0181221229734225,0.3105810075,0.4847016555,0.655920353,0.6790323337999999,3.343047598300002,0.0,LOW,24.1,False,NIGHT,0.18,OFF_PEAK_00_06,"Demand is usually lower overnight, although base loads, HVAC, pool systems and EV charging may remain active.",,stage5_frozen_selected_model,stage6a_frozen_ensemble,stage6b_deterministic_rules,real
2025-09-16T02:00:00+02:00,2025-09-10T23:00:00+02:00,168,123,M1_GBT_CAL_WEATHER,1.0181221229734225,0.3148955392,0.485076469,0.654205776,0.67997710175,3.343047598300002,0.0,LOW,24.2,False,NIGHT,0.18,OFF_PEAK_00_06,"Demand is usually lower overnight, although base loads, HVAC, pool systems and EV charging may remain active.",,stage5_frozen_selected_model,stage6a_frozen_ensemble,stage6b_deterministic_rules,real
2025-09-16T03:00:00+02:00,2025-09-10T23:00:00+02:00,168,124,M1_GBT_CAL_WEATHER,1.0181221229734225,0.31619243280000003,0.4874491315,0.6554142019,0.6783444074,3.343047598300002,0.0,LOW,23.4,False,NIGHT,0.18,OFF_PEAK_00_06,"Demand is usually lower overnight, although base loads, HVAC, pool systems and EV charging may remain active.",,stage5_frozen_selected_model,stage6a_frozen_ensemble,stage6b_deterministic_rules,real
2025-09-16T04:00:00+02:00,2025-09-10T23:00:00+02:00,168,125,M1_GBT_CAL_WEATHER,1.0181221229734225,0.3171875749,0.4865115085,0.6532243266000001,0.66843691455,3.343047598300002,0.005,LOW,23.4,False,NIGHT,0.18,OFF_PEAK_00_06,"Demand is usually lower overnight, although base loads, HVAC, pool systems and EV charging may remain active.",,stage5_frozen_selected_model,stage6a_frozen_ensemble,stage6b_deterministic_rules,real
2025-09-16T05:00:00+02:00,2025-09-10T23:00:00+02:00,168,126,M1_GBT_CAL_WEATHER,1.0181221229734225,0.3178131466,0.4882653315,0.6540849085,0.6728729857499999,3.343047598300002,0.005,LOW,23.1,False,NIGHT,0.18,OFF_PEAK_00_06,"Demand is usually lower overnight, although base loads, HVAC, pool systems and EV charging may remain active.",,stage5_frozen_selected_model,stage6a_frozen_ensemble,stage6b_deterministic_rules,real
2025-09-16T06:00:00+02:00,2025-09-10T23:00:00+02:00,168,127,M1_GBT_CAL_WEATHER,1.0181221229734225,0.3242373707,0.544970347,1.0530522233,1.2564421673499988,3.343047598300002,0.005,LOW,22.7,False,NIGHT,0.28,STANDARD_06_17,Pool circulation or heating can add to household demand during this period.,"Demand is usually lower overnight, although base loads, HVAC, pool systems and EV charging may remain active.",stage5_frozen_selected_model,stage6a_frozen_ensemble,stage6b_deterministic_rules,real
2025-09-16T07:00:00+02:00,2025-09-10T23:00:00+02:00,168,128,M1_GBT_CAL_WEATHER,1.0181221229734225,0.3714412141,0.9360436114999999,2.1977593020999997,2.6960697135,3.343047598300002,0.02,LOW,23.1,False,MORNING,0.28,STANDARD_06_17,Pool circulation or heating can add to household demand during this period.,,stage5_frozen_selected_model,stage6a_frozen_ensemble,stage6b_deterministic_rules,real
2025-09-16T08:00:00+02:00,2025-09-10T23:00:00+02:00,168,129,M1_GBT_CAL_WEATHER,1.0181221229734225,0.1845994248,0.950870756,1.7192703884999998,2.411972352999998,3.343047598300002,0.0,LOW,23.1,False,MORNING,0.28,STANDARD_06_17,Pool circulation or heating can add to household demand during this period.,,stage5_frozen_selected_model,stage6a_frozen_ensemble,stage6b_deterministic_rules,real
2025-09-16T09:00:00+02:00,2025-09-10T23:00:00+02:00,168,130,M1_GBT_CAL_WEATHER,1.0181221229734225,0.22527083,1.0270389085,1.3411128458,1.4028808437999998,3.343047598300002,0.015,LOW,23.3,False,DAYTIME,0.28,STANDARD_06_17,Pool circulation or heating can add to household demand during this period.,,stage5_frozen_selected_model,stage6a_frozen_ensemble,stage6b_deterministic_rules,real
2025-09-16T10:00:00+02:00,2025-09-10T23:00:00+02:00,168,131,M1_GBT_CAL_WEATHER,1.0181221229734225,0.26479978300000007,1.039873164,1.3544056464,1.4621184126999967,3.343047598300002,0.02,LOW,23.8,False,DAYTIME,0.28,STANDARD_06_17,Pool circulation or heating can add to household demand during this period.,,stage5_frozen_selected_model,stage6a_frozen_ensemble,stage6b_deterministic_rules,real
2025-09-16T11:00:00+02:00,2025-09-10T23:00:00+02:00,168,132,M1_GBT_CAL_WEATHER,1.0181221229734225,0.2626363316000001,0.966190001,1.3268201574999998,1.3962087388999997,3.343047598300002,0.015,LOW,24.5,False,DAYTIME,0.28,STANDARD_06_17,Pool circulation or heating can add to household demand during this period.,,stage5_frozen_selected_model,stage6a_frozen_ensemble,stage6b_deterministic_rules,real
2025-09-16T12:00:00+02:00,2025-09-10T23:00:00+02:00,168,133,M1_GBT_CAL_WEATHER,1.0181221229734225,0.16830030280000002,0.8058822125,1.3116335773999999,1.3761807033,3.343047598300002,0.025,LOW,25.0,False,DAYTIME,0.28,STANDARD_06_17,Pool circulation or heating can add to household demand during this period.,,stage5_frozen_selected_model,stage6a_frozen_ensemble,stage6b_deterministic_rules,real
2025-09-16T13:00:00+02:00,2025-09-10T23:00:00+02:00,168,134,M1_GBT_CAL_WEATHER,1.0181221229734225,0.1488473505,0.3152072225,1.3496498843,2.566081480799993,3.343047598300002,0.045,LOW,24.7,False,DAYTIME,0.28,STANDARD_06_17,Pool circulation or heating can add to household demand during this period.,,stage5_frozen_selected_model,stage6a_frozen_ensemble,stage6b_deterministic_rules,real
2025-09-16T14:00:00+02:00,2025-09-10T23:00:00+02:00,168,135,M1_GBT_CAL_WEATHER,1.1186656563381743,0.1422167912,0.2065828985,1.2924019106999998,2.1811404255999993,3.343047598300002,0.035,LOW,24.7,False,DAYTIME,0.28,STANDARD_06_17,Pool circulation or heating can add to household demand during this period.,,stage5_frozen_selected_model,stage6a_frozen_ensemble,stage6b_deterministic_rules,real
2025-09-16T15:00:00+02:00,2025-09-10T23:00:00+02:00,168,136,M1_GBT_CAL_WEATHER,1.8154085298835834,0.1516392561,0.31155292,1.2731610779,1.8858275878499857,3.343047598300002,0.025,LOW,24.3,False,DAYTIME,0.28,STANDARD_06_17,Pool circulation or heating can add to household demand during this period.,,stage5_frozen_selected_model,stage6a_frozen_ensemble,stage6b_deterministic_rules,real
2025-09-16T16:00:00+02:00,2025-09-10T23:00:00+02:00,168,137,M1_GBT_CAL_WEATHER,2.3032042550842915,0.1631110586,0.9031155085,2.655875362199998,3.995859256299998,3.343047598300002,0.08,LOW,24.4,False,RETURN_RAMP,0.28,STANDARD_06_17,Pool circulation or heating can add to household demand during this period.,,stage5_frozen_selected_model,stage6a_frozen_ensemble,stage6b_deterministic_rules,real
2025-09-16T17:00:00+02:00,2025-09-10T23:00:00+02:00,168,138,M1_GBT_CAL_WEATHER,3.079935136885578,0.4311883068000001,1.336731924,8.3392139314,9.250687431749999,3.343047598300002,0.355,MEDIUM,24.4,False,RETURN_RAMP,0.4,PEAK_17_22,"Evening demand can rise when EV charging, HVAC and household activities overlap.",Pool circulation or heating can add to household demand during this period.,stage5_frozen_selected_model,stage6a_frozen_ensemble,stage6b_deterministic_rules,real
2025-09-16T18:00:00+02:00,2025-09-10T23:00:00+02:00,168,139,M1_GBT_CAL_WEATHER,4.533171800956807,0.8136849237,3.5636609345,11.1426829525,13.31586868615,3.343047598300002,0.515,HIGH,23.9,False,RETURN_RAMP,0.4,PEAK_17_22,"This is a high-risk period because EV charging can coincide with HVAC, cooking and optional high-power loads such as the sauna.",Pool circulation or heating can add to household demand during this period.,stage5_frozen_selected_model,stage6a_frozen_ensemble,stage6b_deterministic_rules,real
2025-09-16T19:00:00+02:00,2025-09-10T23:00:00+02:00,168,140,M1_GBT_CAL_WEATHER,4.533171800956807,0.215415871,3.6542073065,11.712091634499998,13.589776568899989,3.343047598300002,0.51,HIGH,23.5,False,EVENING,0.4,PEAK_17_22,"This is a high-risk period because EV charging can coincide with HVAC, cooking and optional high-power loads such as the sauna.",Pool circulation or heating can add to household demand during this period.,stage5_frozen_selected_model,stage6a_frozen_ensemble,stage6b_deterministic_rules,real
2025-09-16T20:00:00+02:00,2025-09-10T23:00:00+02:00,168,141,M1_GBT_CAL_WEATHER,3.5883775488709024,0.19834266450000002,2.4136201185,10.6359725233,13.444689719249999,3.343047598300002,0.43,HIGH,23.0,False,EVENING,0.4,PEAK_17_22,"This is a high-risk period because EV charging can coincide with HVAC, cooking and optional high-power loads such as the sauna.",Pool circulation or heating can add to household demand during this period.,stage5_frozen_selected_model,stage6a_frozen_ensemble,stage6b_deterministic_rules,real
2025-09-16T21:00:00+02:00,2025-09-10T23:00:00+02:00,168,142,M1_GBT_CAL_WEATHER,2.811646667069616,0.38666725890000003,1.145189052,7.9300044992,8.644532828699997,3.343047598300002,0.275,MEDIUM,22.7,False,EVENING,0.4,PEAK_17_22,"Evening demand can rise when EV charging, HVAC and household activities overlap.",Pool circulation or heating can add to household demand during this period.,stage5_frozen_selected_model,stage6a_frozen_ensemble,stage6b_deterministic_rules,real
2025-09-16T22:00:00+02:00,2025-09-10T23:00:00+02:00,168,143,M1_GBT_CAL_WEATHER,2.323850941868909,0.33045139920000005,0.6586128795,3.523236752399994,7.274210401999991,3.343047598300002,0.105,LOW,22.1,False,EVENING,0.28,STANDARD_22_24,Pool circulation or heating can add to household demand during this period.,,stage5_frozen_selected_model,stage6a_frozen_ensemble,stage6b_deterministic_rules,real
2025-09-16T23:00:00+02:00,2025-09-10T23:00:00+02:00,168,144,M1_GBT_CAL_WEATHER,1.1186656563381743,0.3028071074,0.525870567,1.1811504951,1.4970039515999924,3.343047598300002,0.02,LOW,21.9,False,NIGHT,0.28,STANDARD_22_24,"Demand is usually lower overnight, although base loads, HVAC, pool systems and EV charging may remain active.",,stage5_frozen_selected_model,stage6a_frozen_ensemble,stage6b_deterministic_rules,real
2025-09-17T00:00:00+02:00,2025-09-10T23:00:00+02:00,168,145,M1_GBT_CAL_WEATHER,1.0181221229734225,0.3002463641,0.4785287335,0.667362205,0.70734331575,3.343047598300002,0.005,LOW,22.2,False,NIGHT,0.18,OFF_PEAK_00_06,"Demand is usually lower overnight, although base loads, HVAC, pool systems and EV charging may remain active.",,stage5_frozen_selected_model,stage6a_frozen_ensemble,stage6b_deterministic_rules,real
2025-09-17T01:00:00+02:00,2025-09-10T23:00:00+02:00,168,146,M1_GBT_CAL_WEATHER,1.0181221229734225,0.3016357501,0.4731760515,0.6480599723999999,0.6641660538999999,3.343047598300002,0.0,LOW,22.3,False,NIGHT,0.18,OFF_PEAK_00_06,"Demand is usually lower overnight, although base loads, HVAC, pool systems and EV charging may remain active.",,stage5_frozen_selected_model,stage6a_frozen_ensemble,stage6b_deterministic_rules,real
2025-09-17T02:00:00+02:00,2025-09-10T23:00:00+02:00,168,147,M1_GBT_CAL_WEATHER,1.0181221229734225,0.3031467785,0.4746977885,0.6497147819,0.6658584062499999,3.343047598300002,0.0,LOW,21.7,False,NIGHT,0.18,OFF_PEAK_00_06,"Demand is usually lower overnight, although base loads, HVAC, pool systems and EV charging may remain active.",,stage5_frozen_selected_model,stage6a_frozen_ensemble,stage6b_deterministic_rules,real
2025-09-17T03:00:00+02:00,2025-09-10T23:00:00+02:00,168,148,M1_GBT_CAL_WEATHER,1.0181221229734225,0.3044044475,0.4760045335,0.6511357989000001,0.6673116620499999,3.343047598300002,0.0,LOW,21.5,False,NIGHT,0.18,OFF_PEAK_00_06,"Demand is usually lower overnight, although base loads, HVAC, pool systems and EV charging may remain active.",,stage5_frozen_selected_model,stage6a_frozen_ensemble,stage6b_deterministic_rules,real
2025-09-17T04:00:00+02:00,2025-09-10T23:00:00+02:00,168,149,M1_GBT_CAL_WEATHER,1.0181221229734225,0.3054837537,0.4770072345,0.652226184,0.6684267837499999,3.343047598300002,0.0,LOW,21.1,False,NIGHT,0.18,OFF_PEAK_00_06,"Demand is usually lower overnight, although base loads, HVAC, pool systems and EV charging may remain active.",,stage5_frozen_selected_model,stage6a_frozen_ensemble,stage6b_deterministic_rules,real
2025-09-17T05:00:00+02:00,2025-09-10T23:00:00+02:00,168,150,M1_GBT_CAL_WEATHER,1.0181221229734225,0.3060978325,0.477637559,0.6529116287,0.6691277791999999,3.343047598300002,0.0,LOW,20.8,False,NIGHT,0.18,OFF_PEAK_00_06,"Demand is usually lower overnight, although base loads, HVAC, pool systems and EV charging may remain active.",,stage5_frozen_selected_model,stage6a_frozen_ensemble,stage6b_deterministic_rules,real
2025-09-17T06:00:00+02:00,2025-09-10T23:00:00+02:00,168,151,M1_GBT_CAL_WEATHER,1.0181221229734225,0.3242373707,0.5351145575,1.2305030316999996,1.4962178494499991,3.343047598300002,0.005,LOW,20.8,False,NIGHT,0.28,STANDARD_06_17,Pool circulation or heating can add to household demand during this period.,"Demand is usually lower overnight, although base loads, HVAC, pool systems and EV charging may remain active.",stage5_frozen_selected_model,stage6a_frozen_ensemble,stage6b_deterministic_rules,real
2025-09-17T07:00:00+02:00,2025-09-10T23:00:00+02:00,168,152,M1_GBT_CAL_WEATHER,1.0181221229734225,0.35676117500000004,0.8217091835,1.9894692013,2.5386066548499993,3.343047598300002,0.03,LOW,21.0,False,MORNING,0.28,STANDARD_06_17,Pool circulation or heating can add to household demand during this period.,,stage5_frozen_selected_model,stage6a_frozen_ensemble,stage6b_deterministic_rules,real
2025-09-17T08:00:00+02:00,2025-09-10T23:00:00+02:00,168,153,M1_GBT_CAL_WEATHER,1.0181221229734225,0.185614574,0.882425546,2.0711398142,2.7165392727999995,3.343047598300002,0.025,LOW,21.6,False,MORNING,0.28,STANDARD_06_17,Pool circulation or heating can add to household demand during this period.,,stage5_frozen_selected_model,stage6a_frozen_ensemble,stage6b_deterministic_rules,real
2025-09-17T09:00:00+02:00,2025-09-10T23:00:00+02:00,168,154,M1_GBT_CAL_WEATHER,1.0181221229734225,0.2109442889,1.0001129385,1.3204706955,1.36741869265,3.343047598300002,0.01,LOW,22.3,False,DAYTIME,0.28,STANDARD_06_17,Pool circulation or heating can add to household demand during this period.,,stage5_frozen_selected_model,stage6a_frozen_ensemble,stage6b_deterministic_rules,real
2025-09-17T10:00:00+02:00,2025-09-10T23:00:00+02:00,168,155,M1_GBT_CAL_WEATHER,1.0181221229734225,0.22853111210000002,1.0073169100000001,1.3217818288999998,1.3663223091999999,3.343047598300002,0.02,LOW,23.2,False,DAYTIME,0.28,STANDARD_06_17,Pool circulation or heating can add to household demand during this period.,,stage5_frozen_selected_model,stage6a_frozen_ensemble,stage6b_deterministic_rules,real
2025-09-17T11:00:00+02:00,2025-09-10T23:00:00+02:00,168,156,M1_GBT_CAL_WEATHER,1.0181221229734225,0.21150808540000002,0.9804348585,1.3204223962,1.3744102535999996,3.343047598300002,0.01,LOW,24.7,False,DAYTIME,0.28,STANDARD_06_17,Pool circulation or heating can add to household demand during this period.,,stage5_frozen_selected_model,stage6a_frozen_ensemble,stage6b_deterministic_rules,real
2025-09-17T12:00:00+02:00,2025-09-10T23:00:00+02:00,168,157,M1_GBT_CAL_WEATHER,1.1486028754141904,0.16936686990000002,0.8614872434999999,1.3026229732,1.3664853075999999,3.343047598300002,0.01,LOW,26.4,False,DAYTIME,0.28,STANDARD_06_17,Warm weather can increase cooling demand during this period.,Pool circulation or heating can add to household demand during this period.,stage5_frozen_selected_model,stage6a_frozen_ensemble,stage6b_deterministic_rules,real
2025-09-17T13:00:00+02:00,2025-09-10T23:00:00+02:00,168,158,M1_GBT_CAL_WEATHER,1.609532001031956,0.1454624645,0.528952402,1.2896582343999998,1.3902846118999999,3.343047598300002,0.03,LOW,27.2,False,DAYTIME,0.28,STANDARD_06_17,Warm weather can increase cooling demand during this period.,Pool circulation or heating can add to household demand during this period.,stage5_frozen_selected_model,stage6a_frozen_ensemble,stage6b_deterministic_rules,real
2025-09-17T14:00:00+02:00,2025-09-10T23:00:00+02:00,168,159,M1_GBT_CAL_WEATHER,1.7100755343967076,0.1416187692,0.22814686350000002,1.3324207541,2.0158564169499993,3.343047598300002,0.03,LOW,27.6,False,DAYTIME,0.28,STANDARD_06_17,Warm weather can increase cooling demand during this period.,Pool circulation or heating can add to household demand during this period.,stage5_frozen_selected_model,stage6a_frozen_ensemble,stage6b_deterministic_rules,real
2025-09-17T15:00:00+02:00,2025-09-10T23:00:00+02:00,168,160,M1_GBT_CAL_WEATHER,2.322757601286852,0.14766893180000001,0.739254607,2.0484172928999995,2.7734324050499994,3.343047598300002,0.035,LOW,27.7,False,DAYTIME,0.28,STANDARD_06_17,Warm weather can increase cooling demand during this period.,Pool circulation or heating can add to household demand during this period.,stage5_frozen_selected_model,stage6a_frozen_ensemble,stage6b_deterministic_rules,real
2025-09-17T16:00:00+02:00,2025-09-10T23:00:00+02:00,168,161,M1_GBT_CAL_WEATHER,2.6299730298817003,0.179591276,1.2388311505,3.5867630428999973,5.9179606655,3.343047598300002,0.11,LOW,27.8,False,RETURN_RAMP,0.28,STANDARD_06_17,Warm weather can increase cooling demand during this period.,Pool circulation or heating can add to household demand during this period.,stage5_frozen_selected_model,stage6a_frozen_ensemble,stage6b_deterministic_rules,real
2025-09-17T17:00:00+02:00,2025-09-10T23:00:00+02:00,168,162,M1_GBT_CAL_WEATHER,3.37808976246739,0.7436397506,2.595061638,9.392096498699999,10.824096548399993,3.343047598300002,0.41,HIGH,27.6,False,RETURN_RAMP,0.4,PEAK_17_22,"Evening demand can rise when EV charging, HVAC and household activities overlap.",Warm weather can increase cooling demand during this period.,stage5_frozen_selected_model,stage6a_frozen_ensemble,stage6b_deterministic_rules,real
2025-09-17T18:00:00+02:00,2025-09-10T23:00:00+02:00,168,163,M1_GBT_CAL_WEATHER,4.4978765183857865,0.8638165265000001,4.983872568,11.7988413689,13.655110636299987,3.343047598300002,0.59,HIGH,27.1,False,RETURN_RAMP,0.4,PEAK_17_22,"This is a high-risk period because EV charging can coincide with HVAC, cooking and optional high-power loads such as the sauna.",Warm weather can increase cooling demand during this period.,stage5_frozen_selected_model,stage6a_frozen_ensemble,stage6b_deterministic_rules,real
2025-09-17T19:00:00+02:00,2025-09-10T23:00:00+02:00,168,164,M1_GBT_CAL_WEATHER,4.533171800956807,0.2204676962,4.8215286619999995,12.549495381899998,16.0385840111,3.343047598300002,0.605,HIGH,26.0,False,EVENING,0.4,PEAK_17_22,"This is a high-risk period because EV charging can coincide with HVAC, cooking and optional high-power loads such as the sauna.",Warm weather can increase cooling demand during this period.,stage5_frozen_selected_model,stage6a_frozen_ensemble,stage6b_deterministic_rules,real
2025-09-17T20:00:00+02:00,2025-09-10T23:00:00+02:00,168,165,M1_GBT_CAL_WEATHER,3.6793691605837173,0.2074823687,2.8853360235,10.086099797400001,12.118453665149998,3.343047598300002,0.465,HIGH,24.6,False,EVENING,0.4,PEAK_17_22,"This is a high-risk period because EV charging can coincide with HVAC, cooking and optional high-power loads such as the sauna.",Pool circulation or heating can add to household demand during this period.,stage5_frozen_selected_model,stage6a_frozen_ensemble,stage6b_deterministic_rules,real
2025-09-17T21:00:00+02:00,2025-09-10T23:00:00+02:00,168,166,M1_GBT_CAL_WEATHER,2.811646667069616,0.31382498980000006,1.2053874075,7.9225961797,8.554096099950002,3.343047598300002,0.275,MEDIUM,23.8,False,EVENING,0.4,PEAK_17_22,"Evening demand can rise when EV charging, HVAC and household activities overlap.",Pool circulation or heating can add to household demand during this period.,stage5_frozen_selected_model,stage6a_frozen_ensemble,stage6b_deterministic_rules,real
2025-09-17T22:00:00+02:00,2025-09-10T23:00:00+02:00,168,167,M1_GBT_CAL_WEATHER,2.323850941868909,0.3189170657,0.6517830600000001,1.9956125771999982,5.835460441199986,3.343047598300002,0.075,LOW,23.7,False,EVENING,0.28,STANDARD_22_24,Pool circulation or heating can add to household demand during this period.,,stage5_frozen_selected_model,stage6a_frozen_ensemble,stage6b_deterministic_rules,real
2025-09-17T23:00:00+02:00,2025-09-10T23:00:00+02:00,168,168,M1_GBT_CAL_WEATHER,1.1186656563381743,0.2983917636,0.534578415,1.0600407913999996,1.2752924397999996,3.343047598300002,0.025,LOW,23.5,False,NIGHT,0.28,STANDARD_22_24,"Demand is usually lower overnight, although base loads, HVAC, pool systems and EV charging may remain active.",,stage5_frozen_selected_model,stage6a_frozen_ensemble,stage6b_deterministic_rules,real
2025-09-14T00:00:00+02:00,2025-09-13T23:00:00+02:00,168,1,M1_GBT_CAL_WEATHER,1.0140171235364903,0.3198499807,0.5192604224999999,0.7007246761,1.0084683480499994,3.481469789,0.03,LOW,21.9,True,NIGHT,0.18,OFF_PEAK_00_06,"Demand is usually lower overnight, although base loads, HVAC, pool systems and EV charging may remain active.",,stage5_frozen_selected_model,stage6a_frozen_ensemble,stage6b_deterministic_rules,real
2025-09-14T01:00:00+02:00,2025-09-13T23:00:00+02:00,168,2,M1_GBT_CAL_WEATHER,1.0140171235364903,0.3189683386,0.484883253,0.6506715206,0.67552491385,3.481469789,0.005,LOW,21.7,True,NIGHT,0.18,OFF_PEAK_00_06,"Demand is usually lower overnight, although base loads, HVAC, pool systems and EV charging may remain active.",,stage5_frozen_selected_model,stage6a_frozen_ensemble,stage6b_deterministic_rules,real
2025-09-14T02:00:00+02:00,2025-09-13T23:00:00+02:00,168,3,M1_GBT_CAL_WEATHER,1.0140171235364903,0.3205867772,0.48635788999999996,0.6519626259,0.6700408691499999,3.481469789,0.0,LOW,21.6,True,NIGHT,0.18,OFF_PEAK_00_06,"Demand is usually lower overnight, although base loads, HVAC, pool systems and EV charging may remain active.",,stage5_frozen_selected_model,stage6a_frozen_ensemble,stage6b_deterministic_rules,real
2025-09-14T03:00:00+02:00,2025-09-13T23:00:00+02:00,168,4,M1_GBT_CAL_WEATHER,1.0140171235364903,0.3219765609,0.48762418949999997,0.6526111793,0.6712997623999999,3.481469789,0.0,LOW,21.3,True,NIGHT,0.18,OFF_PEAK_00_06,"Demand is usually lower overnight, although base loads, HVAC, pool systems and EV charging may remain active.",,stage5_frozen_selected_model,stage6a_frozen_ensemble,stage6b_deterministic_rules,real
2025-09-14T04:00:00+02:00,2025-09-13T23:00:00+02:00,168,5,M1_GBT_CAL_WEATHER,1.0140171235364903,0.3230429804,0.488595855,0.6535160707,0.6722657439499998,3.481469789,0.0,LOW,21.0,True,NIGHT,0.18,OFF_PEAK_00_06,"Demand is usually lower overnight, although base loads, HVAC, pool systems and EV charging may remain active.",,stage5_frozen_selected_model,stage6a_frozen_ensemble,stage6b_deterministic_rules,real
2025-09-14T05:00:00+02:00,2025-09-13T23:00:00+02:00,168,6,M1_GBT_CAL_WEATHER,1.0140171235364903,0.3236559542,0.48920667,0.6540849085,0.6728729857499999,3.481469789,0.0,LOW,20.8,True,NIGHT,0.18,OFF_PEAK_00_06,"Demand is usually lower overnight, although base loads, HVAC, pool systems and EV charging may remain active.",,stage5_frozen_selected_model,stage6a_frozen_ensemble,stage6b_deterministic_rules,real
2025-09-14T06:00:00+02:00,2025-09-13T23:00:00+02:00,168,7,M1_GBT_CAL_WEATHER,1.0140171235364903,0.346908222,0.572325663,1.2447682553999997,1.4089757622,3.481469789,0.01,LOW,20.7,True,NIGHT,0.28,STANDARD_06_17,Pool circulation or heating can add to household demand during this period.,"Demand is usually lower overnight, although base loads, HVAC, pool systems and EV charging may remain active.",stage5_frozen_selected_model,stage6a_frozen_ensemble,stage6b_deterministic_rules,real
2025-09-14T07:00:00+02:00,2025-09-13T23:00:00+02:00,168,8,M1_GBT_CAL_WEATHER,1.0140171235364903,0.386548656,0.971742216,1.8445386276999998,2.600047116499998,3.481469789,0.02,LOW,20.5,True,MORNING,0.28,STANDARD_06_17,Pool circulation or heating can add to household demand during this period.,Weekend occupancy can increase daytime household activity.,stage5_frozen_selected_model,stage6a_frozen_ensemble,stage6b_deterministic_rules,real
2025-09-14T08:00:00+02:00,2025-09-13T23:00:00+02:00,168,9,M1_GBT_CAL_WEATHER,1.0140171235364903,0.1846508059,0.947214733,2.6428744976999994,3.776063977149999,3.481469789,0.06,LOW,20.7,True,MORNING,0.28,STANDARD_06_17,Pool circulation or heating can add to household demand during this period.,Weekend occupancy can increase daytime household activity.,stage5_frozen_selected_model,stage6a_frozen_ensemble,stage6b_deterministic_rules,real
2025-09-14T09:00:00+02:00,2025-09-13T23:00:00+02:00,168,10,M1_GBT_CAL_WEATHER,1.0140171235364903,0.21679620589999998,1.050060959,1.3712698038,1.7776451661999944,3.481469789,0.035,LOW,21.6,True,DAYTIME,0.28,STANDARD_06_17,Pool circulation or heating can add to household demand during this period.,Weekend occupancy can increase daytime household activity.,stage5_frozen_selected_model,stage6a_frozen_ensemble,stage6b_deterministic_rules,real
2025-09-14T10:00:00+02:00,2025-09-13T23:00:00+02:00,168,11,M1_GBT_CAL_WEATHER,1.0140171235364903,0.3089711506,1.0484917865,1.4315366106,1.6837300164999995,3.481469789,0.025,LOW,22.7,True,DAYTIME,0.28,STANDARD_06_17,Pool circulation or heating can add to household demand during this period.,Weekend occupancy can increase daytime household activity.,stage5_frozen_selected_model,stage6a_frozen_ensemble,stage6b_deterministic_rules,real
2025-09-14T11:00:00+02:00,2025-09-13T23:00:00+02:00,168,12,M1_GBT_CAL_WEATHER,1.0140171235364903,0.2103204301,0.975629989,1.573845596,2.359732808799999,3.481469789,0.025,LOW,23.7,True,DAYTIME,0.28,STANDARD_06_17,Pool circulation or heating can add to household demand during this period.,Weekend occupancy can increase daytime household activity.,stage5_frozen_selected_model,stage6a_frozen_ensemble,stage6b_deterministic_rules,real
2025-09-14T12:00:00+02:00,2025-09-13T23:00:00+02:00,168,13,M1_GBT_CAL_WEATHER,1.0140171235364903,0.16700941519999998,0.8943365464999999,1.4058364079,2.00400170185,3.481469789,0.015,LOW,24.8,True,DAYTIME,0.28,STANDARD_06_17,Pool circulation or heating can add to household demand during this period.,Weekend occupancy can increase daytime household activity.,stage5_frozen_selected_model,stage6a_frozen_ensemble,stage6b_deterministic_rules,real
2025-09-14T13:00:00+02:00,2025-09-13T23:00:00+02:00,168,14,M1_GBT_CAL_WEATHER,1.0712297436277154,0.1525775564,0.4102313445,1.3380535359,1.8336054141999987,3.481469789,0.015,LOW,25.5,True,DAYTIME,0.28,STANDARD_06_17,Warm weather can increase cooling demand during this period.,Pool circulation or heating can add to household demand during this period.,stage5_frozen_selected_model,stage6a_frozen_ensemble,stage6b_deterministic_rules,real
2025-09-14T14:00:00+02:00,2025-09-13T23:00:00+02:00,168,15,M1_GBT_CAL_WEATHER,1.1081224723382834,0.1418914818,0.215669683,1.2416563197,1.385058453199999,3.481469789,0.02,LOW,26.1,True,DAYTIME,0.28,STANDARD_06_17,Warm weather can increase cooling demand during this period.,Pool circulation or heating can add to household demand during this period.,stage5_frozen_selected_model,stage6a_frozen_ensemble,stage6b_deterministic_rules,real
2025-09-14T15:00:00+02:00,2025-09-13T23:00:00+02:00,168,16,M1_GBT_CAL_WEATHER,1.3938919517969648,0.14924699600000002,0.31767695549999997,1.3338497259000002,2.0356508780999967,3.481469789,0.03,LOW,26.2,True,DAYTIME,0.28,STANDARD_06_17,Warm weather can increase cooling demand during this period.,Pool circulation or heating can add to household demand during this period.,stage5_frozen_selected_model,stage6a_frozen_ensemble,stage6b_deterministic_rules,real
2025-09-14T16:00:00+02:00,2025-09-13T23:00:00+02:00,168,17,M1_GBT_CAL_WEATHER,2.090213847131619,0.1783647726,0.8930139595,3.8961091317,6.630553742749996,3.481469789,0.12,LOW,26.1,True,RETURN_RAMP,0.28,STANDARD_06_17,Warm weather can increase cooling demand during this period.,Pool circulation or heating can add to household demand during this period.,stage5_frozen_selected_model,stage6a_frozen_ensemble,stage6b_deterministic_rules,real
2025-09-14T17:00:00+02:00,2025-09-13T23:00:00+02:00,168,18,M1_GBT_CAL_WEATHER,3.6867086868616505,0.2701442477000001,1.1892959975,6.8362868258999985,8.16019489725,3.481469789,0.185,LOW,25.6,True,RETURN_RAMP,0.4,PEAK_17_22,Warm weather can increase cooling demand during this period.,Pool circulation or heating can add to household demand during this period.,stage5_frozen_selected_model,stage6a_frozen_ensemble,stage6b_deterministic_rules,real
2025-09-14T18:00:00+02:00,2025-09-13T23:00:00+02:00,168,19,M1_GBT_CAL_WEATHER,4.838917585019432,0.22539937630000004,1.4812643035,7.5664141548,8.636079875950001,3.481469789,0.265,MEDIUM,25.3,True,RETURN_RAMP,0.4,PEAK_17_22,"Evening demand can rise when EV charging, HVAC and household activities overlap.",Pool circulation or heating can add to household demand during this period.,stage5_frozen_selected_model,stage6a_frozen_ensemble,stage6b_deterministic_rules,real
2025-09-14T19:00:00+02:00,2025-09-13T23:00:00+02:00,168,20,M1_GBT_CAL_WEATHER,4.838917585019432,0.1837633001,2.0366043965,7.948000832999999,8.833180606499997,3.481469789,0.285,MEDIUM,24.4,True,EVENING,0.4,PEAK_17_22,"Evening demand can rise when EV charging, HVAC and household activities overlap.",Pool circulation or heating can add to household demand during this period.,stage5_frozen_selected_model,stage6a_frozen_ensemble,stage6b_deterministic_rules,real
2025-09-14T20:00:00+02:00,2025-09-13T23:00:00+02:00,168,21,M1_GBT_CAL_WEATHER,4.292313491207371,0.2057862234,1.7152690365,8.3250456559,9.595610386599999,3.481469789,0.32,MEDIUM,23.5,True,EVENING,0.4,PEAK_17_22,"Evening demand can rise when EV charging, HVAC and household activities overlap.",Pool circulation or heating can add to household demand during this period.,stage5_frozen_selected_model,stage6a_frozen_ensemble,stage6b_deterministic_rules,real
2025-09-14T21:00:00+02:00,2025-09-13T23:00:00+02:00,168,22,M1_GBT_CAL_WEATHER,2.64193103015789,0.44883680880000004,1.4546928875000003,7.9915496607000005,9.249054044849972,3.481469789,0.32,MEDIUM,23.5,True,EVENING,0.4,PEAK_17_22,"Evening demand can rise when EV charging, HVAC and household activities overlap.",Pool circulation or heating can add to household demand during this period.,stage5_frozen_selected_model,stage6a_frozen_ensemble,stage6b_deterministic_rules,real
2025-09-14T22:00:00+02:00,2025-09-13T23:00:00+02:00,168,23,M1_GBT_CAL_WEATHER,1.8602302539758209,0.3591411613,0.695754914,7.973364567,8.161868968450001,3.481469789,0.215,MEDIUM,23.2,True,EVENING,0.28,STANDARD_22_24,"Evening demand can rise when EV charging, HVAC and household activities overlap.",Pool circulation or heating can add to household demand during this period.,stage5_frozen_selected_model,stage6a_frozen_ensemble,stage6b_deterministic_rules,real
2025-09-14T23:00:00+02:00,2025-09-13T23:00:00+02:00,168,24,M1_GBT_CAL_WEATHER,1.0509098522470584,0.3283185653,0.5390662079999999,1.4815007122999995,4.458033803049997,3.481469789,0.065,LOW,22.8,True,NIGHT,0.28,STANDARD_22_24,"Demand is usually lower overnight, although base loads, HVAC, pool systems and EV charging may remain active.",,stage5_frozen_selected_model,stage6a_frozen_ensemble,stage6b_deterministic_rules,real
2025-09-15T00:00:00+02:00,2025-09-13T23:00:00+02:00,168,25,M1_GBT_CAL_WEATHER,1.0140171235364903,0.31577124560000003,0.4848942,0.6762738988,0.9398610009499988,3.481469789,0.02,LOW,22.3,False,NIGHT,0.18,OFF_PEAK_00_06,"Demand is usually lower overnight, although base loads, HVAC, pool systems and EV charging may remain active.",,stage5_frozen_selected_model,stage6a_frozen_ensemble,stage6b_deterministic_rules,real
2025-09-15T01:00:00+02:00,2025-09-13T23:00:00+02:00,168,26,M1_GBT_CAL_WEATHER,1.0140171235364903,0.31755151540000004,0.483425793,0.6480599723999999,0.6648189129,3.481469789,0.005,LOW,22.0,False,NIGHT,0.18,OFF_PEAK_00_06,"Demand is usually lower overnight, although base loads, HVAC, pool systems and EV charging may remain active.",,stage5_frozen_selected_model,stage6a_frozen_ensemble,stage6b_deterministic_rules,real
2025-09-15T02:00:00+02:00,2025-09-13T23:00:00+02:00,168,27,M1_GBT_CAL_WEATHER,1.0140171235364903,0.3192104621,0.485076469,0.6448927773,0.66567840465,3.481469789,0.0,LOW,22.1,False,NIGHT,0.18,OFF_PEAK_00_06,"Demand is usually lower overnight, although base loads, HVAC, pool systems and EV charging may remain active.",,stage5_frozen_selected_model,stage6a_frozen_ensemble,stage6b_deterministic_rules,real
2025-09-15T03:00:00+02:00,2025-09-13T23:00:00+02:00,168,28,M1_GBT_CAL_WEATHER,1.0140171235364903,0.3206350326,0.48553978600000003,0.6448115300999999,0.6666433344,3.481469789,0.0,LOW,21.8,False,NIGHT,0.18,OFF_PEAK_00_06,"Demand is usually lower overnight, although base loads, HVAC, pool systems and EV charging may remain active.",,stage5_frozen_selected_model,stage6a_frozen_ensemble,stage6b_deterministic_rules,real
2025-09-15T04:00:00+02:00,2025-09-13T23:00:00+02:00,168,29,M1_GBT_CAL_WEATHER,1.0140171235364903,0.32320441499999997,0.487581599,0.647547289,0.6682446352,3.481469789,0.005,LOW,21.8,False,NIGHT,0.18,OFF_PEAK_00_06,"Demand is usually lower overnight, although base loads, HVAC, pool systems and EV charging may remain active.",,stage5_frozen_selected_model,stage6a_frozen_ensemble,stage6b_deterministic_rules,real
2025-09-15T05:00:00+02:00,2025-09-13T23:00:00+02:00,168,30,M1_GBT_CAL_WEATHER,1.0140171235364903,0.3238176027,0.4882653315,0.6482717929999999,0.66885446235,3.481469789,0.005,LOW,21.7,False,NIGHT,0.18,OFF_PEAK_00_06,"Demand is usually lower overnight, although base loads, HVAC, pool systems and EV charging may remain active.",,stage5_frozen_selected_model,stage6a_frozen_ensemble,stage6b_deterministic_rules,real
2025-09-15T06:00:00+02:00,2025-09-13T23:00:00+02:00,168,31,M1_GBT_CAL_WEATHER,1.0140171235364903,0.3384645725,0.576659274,1.2686969585,1.3748449992999996,3.481469789,0.0,LOW,21.5,False,NIGHT,0.28,STANDARD_06_17,Pool circulation or heating can add to household demand during this period.,"Demand is usually lower overnight, although base loads, HVAC, pool systems and EV charging may remain active.",stage5_frozen_selected_model,stage6a_frozen_ensemble,stage6b_deterministic_rules,real
2025-09-15T07:00:00+02:00,2025-09-13T23:00:00+02:00,168,32,M1_GBT_CAL_WEATHER,1.0140171235364903,0.3924372493,0.956807288,2.1150149713,2.9136892837499992,3.481469789,0.035,LOW,21.5,False,MORNING,0.28,STANDARD_06_17,Pool circulation or heating can add to household demand during this period.,,stage5_frozen_selected_model,stage6a_frozen_ensemble,stage6b_deterministic_rules,real
2025-09-15T08:00:00+02:00,2025-09-13T23:00:00+02:00,168,33,M1_GBT_CAL_WEATHER,1.0140171235364903,0.1760504805,0.894346913,1.3828977321999998,2.5232769812999996,3.481469789,0.025,LOW,21.4,False,MORNING,0.28,STANDARD_06_17,Pool circulation or heating can add to household demand during this period.,,stage5_frozen_selected_model,stage6a_frozen_ensemble,stage6b_deterministic_rules,real
2025-09-15T09:00:00+02:00,2025-09-13T23:00:00+02:00,168,34,M1_GBT_CAL_WEATHER,1.0140171235364903,0.1932171729,1.0141595245000001,1.3356937040999999,1.3803065292499996,3.481469789,0.02,LOW,22.2,False,DAYTIME,0.28,STANDARD_06_17,Pool circulation or heating can add to household demand during this period.,,stage5_frozen_selected_model,stage6a_frozen_ensemble,stage6b_deterministic_rules,real
2025-09-15T10:00:00+02:00,2025-09-13T23:00:00+02:00,168,35,M1_GBT_CAL_WEATHER,1.0140171235364903,0.4407411780000001,1.01143079,1.3485966673,1.708116427899998,3.481469789,0.015,LOW,23.5,False,DAYTIME,0.28,STANDARD_06_17,Pool circulation or heating can add to household demand during this period.,,stage5_frozen_selected_model,stage6a_frozen_ensemble,stage6b_deterministic_rules,real
2025-09-15T11:00:00+02:00,2025-09-13T23:00:00+02:00,168,36,M1_GBT_CAL_WEATHER,0.9612041402269337,0.22441863120000002,1.001838611,1.3486599471999998,1.544201069149995,3.481469789,0.02,LOW,24.7,False,DAYTIME,0.28,STANDARD_06_17,Pool circulation or heating can add to household demand during this period.,,stage5_frozen_selected_model,stage6a_frozen_ensemble,stage6b_deterministic_rules,real
2025-09-15T12:00:00+02:00,2025-09-13T23:00:00+02:00,168,37,M1_GBT_CAL_WEATHER,1.0712297436277154,0.1672684273,0.867622118,1.3253464629999998,1.708422803899995,3.481469789,0.025,LOW,26.3,False,DAYTIME,0.28,STANDARD_06_17,Warm weather can increase cooling demand during this period.,Pool circulation or heating can add to household demand during this period.,stage5_frozen_selected_model,stage6a_frozen_ensemble,stage6b_deterministic_rules,real
2025-09-15T13:00:00+02:00,2025-09-13T23:00:00+02:00,168,38,M1_GBT_CAL_WEATHER,1.5858731495283336,0.1584187808,0.5030905715,1.3004721486,1.686255763699996,3.481469789,0.02,LOW,27.1,False,DAYTIME,0.28,STANDARD_06_17,Warm weather can increase cooling demand during this period.,Pool circulation or heating can add to household demand during this period.,stage5_frozen_selected_model,stage6a_frozen_ensemble,stage6b_deterministic_rules,real
2025-09-15T14:00:00+02:00,2025-09-13T23:00:00+02:00,168,39,M1_GBT_CAL_WEATHER,1.6227658782389016,0.1466724807,0.21228452650000001,1.3014858972999999,1.9268932433499932,3.481469789,0.025,LOW,27.6,False,DAYTIME,0.28,STANDARD_06_17,Warm weather can increase cooling demand during this period.,Pool circulation or heating can add to household demand during this period.,stage5_frozen_selected_model,stage6a_frozen_ensemble,stage6b_deterministic_rules,real
2025-09-15T15:00:00+02:00,2025-09-13T23:00:00+02:00,168,40,M1_GBT_CAL_WEATHER,2.0056483795392492,0.1588991367,0.7514369274999999,2.2083955866,2.717781414999999,3.481469789,0.01,LOW,28.2,False,DAYTIME,0.28,STANDARD_06_17,Warm weather can increase cooling demand during this period.,Pool circulation or heating can add to household demand during this period.,stage5_frozen_selected_model,stage6a_frozen_ensemble,stage6b_deterministic_rules,real
2025-09-15T16:00:00+02:00,2025-09-13T23:00:00+02:00,168,41,M1_GBT_CAL_WEATHER,2.6579671623224153,0.18927429520000003,1.364597377,3.502601639,5.654162214899996,3.481469789,0.115,LOW,28.2,False,RETURN_RAMP,0.28,STANDARD_06_17,Warm weather can increase cooling demand during this period.,Pool circulation or heating can add to household demand during this period.,stage5_frozen_selected_model,stage6a_frozen_ensemble,stage6b_deterministic_rules,real
2025-09-15T17:00:00+02:00,2025-09-13T23:00:00+02:00,168,42,M1_GBT_CAL_WEATHER,4.290007673328863,0.9483885681,2.8609738835,9.9069368853,11.104749133699997,3.481469789,0.365,MEDIUM,27.9,False,RETURN_RAMP,0.4,PEAK_17_22,"Evening demand can rise when EV charging, HVAC and household activities overlap.",Warm weather can increase cooling demand during this period.,stage5_frozen_selected_model,stage6a_frozen_ensemble,stage6b_deterministic_rules,real
2025-09-15T18:00:00+02:00,2025-09-13T23:00:00+02:00,168,43,M1_GBT_CAL_WEATHER,4.838917585019432,1.2039669064000003,5.2884717855000005,11.932412438599998,14.0259589197,3.481469789,0.595,HIGH,27.3,False,RETURN_RAMP,0.4,PEAK_17_22,"This is a high-risk period because EV charging can coincide with HVAC, cooking and optional high-power loads such as the sauna.",Warm weather can increase cooling demand during this period.,stage5_frozen_selected_model,stage6a_frozen_ensemble,stage6b_deterministic_rules,real
2025-09-15T19:00:00+02:00,2025-09-13T23:00:00+02:00,168,44,M1_GBT_CAL_WEATHER,4.838917585019432,0.5621165718000001,5.748817839999999,14.2036722715,16.158438552249997,3.481469789,0.635,HIGH,26.3,False,EVENING,0.4,PEAK_17_22,"This is a high-risk period because EV charging can coincide with HVAC, cooking and optional high-power loads such as the sauna.",Warm weather can increase cooling demand during this period.,stage5_frozen_selected_model,stage6a_frozen_ensemble,stage6b_deterministic_rules,real
2025-09-15T20:00:00+02:00,2025-09-13T23:00:00+02:00,168,45,M1_GBT_CAL_WEATHER,4.292313491207371,0.2365086011,3.1125789665,10.3570822548,12.611746372249993,3.481469789,0.49,HIGH,25.3,False,EVENING,0.4,PEAK_17_22,"This is a high-risk period because EV charging can coincide with HVAC, cooking and optional high-power loads such as the sauna.",Pool circulation or heating can add to household demand during this period.,stage5_frozen_selected_model,stage6a_frozen_ensemble,stage6b_deterministic_rules,real
2025-09-15T21:00:00+02:00,2025-09-13T23:00:00+02:00,168,46,M1_GBT_CAL_WEATHER,2.64193103015789,0.3831337075,1.316470615,8.036381325099999,8.64921595285,3.481469789,0.265,MEDIUM,24.5,False,EVENING,0.4,PEAK_17_22,"Evening demand can rise when EV charging, HVAC and household activities overlap.",Pool circulation or heating can add to household demand during this period.,stage5_frozen_selected_model,stage6a_frozen_ensemble,stage6b_deterministic_rules,real
2025-09-15T22:00:00+02:00,2025-09-13T23:00:00+02:00,168,47,M1_GBT_CAL_WEATHER,1.8602302539758209,0.3406447622,0.64954661,2.2023938398999996,7.009905698549992,3.481469789,0.08,LOW,24.8,False,EVENING,0.28,STANDARD_22_24,Pool circulation or heating can add to household demand during this period.,,stage5_frozen_selected_model,stage6a_frozen_ensemble,stage6b_deterministic_rules,real
2025-09-15T23:00:00+02:00,2025-09-13T23:00:00+02:00,168,48,M1_GBT_CAL_WEATHER,1.0509098522470584,0.315653768,0.5521272079999999,1.8947577835,2.8273414517999993,3.481469789,0.035,LOW,24.6,False,NIGHT,0.28,STANDARD_22_24,"Demand is usually lower overnight, although base loads, HVAC, pool systems and EV charging may remain active.",,stage5_frozen_selected_model,stage6a_frozen_ensemble,stage6b_deterministic_rules,real
2025-09-16T00:00:00+02:00,2025-09-13T23:00:00+02:00,168,49,M1_GBT_CAL_WEATHER,1.0140171235364903,0.31577124560000003,0.5529756745,2.3825690429,2.7327215528999997,3.481469789,0.015,LOW,24.1,False,NIGHT,0.18,OFF_PEAK_00_06,"Demand is usually lower overnight, although base loads, HVAC, pool systems and EV charging may remain active.",,stage5_frozen_selected_model,stage6a_frozen_ensemble,stage6b_deterministic_rules,real
2025-09-16T01:00:00+02:00,2025-09-13T23:00:00+02:00,168,50,M1_GBT_CAL_WEATHER,1.0140171235364903,0.3105810075,0.4847016555,0.655920353,0.6790323337999999,3.481469789,0.0,LOW,24.1,False,NIGHT,0.18,OFF_PEAK_00_06,"Demand is usually lower overnight, although base loads, HVAC, pool systems and EV charging may remain active.",,stage5_frozen_selected_model,stage6a_frozen_ensemble,stage6b_deterministic_rules,real
2025-09-16T02:00:00+02:00,2025-09-13T23:00:00+02:00,168,51,M1_GBT_CAL_WEATHER,1.0140171235364903,0.3148955392,0.485076469,0.654205776,0.67997710175,3.481469789,0.0,LOW,24.2,False,NIGHT,0.18,OFF_PEAK_00_06,"Demand is usually lower overnight, although base loads, HVAC, pool systems and EV charging may remain active.",,stage5_frozen_selected_model,stage6a_frozen_ensemble,stage6b_deterministic_rules,real
2025-09-16T03:00:00+02:00,2025-09-13T23:00:00+02:00,168,52,M1_GBT_CAL_WEATHER,1.0140171235364903,0.31619243280000003,0.4874491315,0.6554142019,0.6783444074,3.481469789,0.0,LOW,23.4,False,NIGHT,0.18,OFF_PEAK_00_06,"Demand is usually lower overnight, although base loads, HVAC, pool systems and EV charging may remain active.",,stage5_frozen_selected_model,stage6a_frozen_ensemble,stage6b_deterministic_rules,real
2025-09-16T04:00:00+02:00,2025-09-13T23:00:00+02:00,168,53,M1_GBT_CAL_WEATHER,1.0140171235364903,0.3171875749,0.4865115085,0.6532243266000001,0.66843691455,3.481469789,0.005,LOW,23.4,False,NIGHT,0.18,OFF_PEAK_00_06,"Demand is usually lower overnight, although base loads, HVAC, pool systems and EV charging may remain active.",,stage5_frozen_selected_model,stage6a_frozen_ensemble,stage6b_deterministic_rules,real
2025-09-16T05:00:00+02:00,2025-09-13T23:00:00+02:00,168,54,M1_GBT_CAL_WEATHER,1.0140171235364903,0.3178131466,0.4882653315,0.6540849085,0.6728729857499999,3.481469789,0.005,LOW,23.1,False,NIGHT,0.18,OFF_PEAK_00_06,"Demand is usually lower overnight, although base loads, HVAC, pool systems and EV charging may remain active.",,stage5_frozen_selected_model,stage6a_frozen_ensemble,stage6b_deterministic_rules,real
2025-09-16T06:00:00+02:00,2025-09-13T23:00:00+02:00,168,55,M1_GBT_CAL_WEATHER,1.0140171235364903,0.3242373707,0.544970347,1.0530522233,1.2564421673499988,3.481469789,0.005,LOW,22.7,False,NIGHT,0.28,STANDARD_06_17,Pool circulation or heating can add to household demand during this period.,"Demand is usually lower overnight, although base loads, HVAC, pool systems and EV charging may remain active.",stage5_frozen_selected_model,stage6a_frozen_ensemble,stage6b_deterministic_rules,real
2025-09-16T07:00:00+02:00,2025-09-13T23:00:00+02:00,168,56,M1_GBT_CAL_WEATHER,1.0140171235364903,0.3714412141,0.9360436114999999,2.1977593020999997,2.6960697135,3.481469789,0.02,LOW,23.1,False,MORNING,0.28,STANDARD_06_17,Pool circulation or heating can add to household demand during this period.,,stage5_frozen_selected_model,stage6a_frozen_ensemble,stage6b_deterministic_rules,real
2025-09-16T08:00:00+02:00,2025-09-13T23:00:00+02:00,168,57,M1_GBT_CAL_WEATHER,1.0140171235364903,0.1845994248,0.950870756,1.7192703884999998,2.411972352999998,3.481469789,0.0,LOW,23.1,False,MORNING,0.28,STANDARD_06_17,Pool circulation or heating can add to household demand during this period.,,stage5_frozen_selected_model,stage6a_frozen_ensemble,stage6b_deterministic_rules,real
2025-09-16T09:00:00+02:00,2025-09-13T23:00:00+02:00,168,58,M1_GBT_CAL_WEATHER,1.0140171235364903,0.22527083,1.0270389085,1.3411128458,1.4028808437999998,3.481469789,0.015,LOW,23.3,False,DAYTIME,0.28,STANDARD_06_17,Pool circulation or heating can add to household demand during this period.,,stage5_frozen_selected_model,stage6a_frozen_ensemble,stage6b_deterministic_rules,real
2025-09-16T10:00:00+02:00,2025-09-13T23:00:00+02:00,168,59,M1_GBT_CAL_WEATHER,1.0140171235364903,0.26479978300000007,1.039873164,1.3544056464,1.4621184126999967,3.481469789,0.02,LOW,23.8,False,DAYTIME,0.28,STANDARD_06_17,Pool circulation or heating can add to household demand during this period.,,stage5_frozen_selected_model,stage6a_frozen_ensemble,stage6b_deterministic_rules,real
2025-09-16T11:00:00+02:00,2025-09-13T23:00:00+02:00,168,60,M1_GBT_CAL_WEATHER,1.0140171235364903,0.2626363316000001,0.966190001,1.3268201574999998,1.3962087388999997,3.481469789,0.015,LOW,24.5,False,DAYTIME,0.28,STANDARD_06_17,Pool circulation or heating can add to household demand during this period.,,stage5_frozen_selected_model,stage6a_frozen_ensemble,stage6b_deterministic_rules,real
2025-09-16T12:00:00+02:00,2025-09-13T23:00:00+02:00,168,61,M1_GBT_CAL_WEATHER,0.9612041402269337,0.16830030280000002,0.8058822125,1.3116335773999999,1.3761807033,3.481469789,0.025,LOW,25.0,False,DAYTIME,0.28,STANDARD_06_17,Pool circulation or heating can add to household demand during this period.,,stage5_frozen_selected_model,stage6a_frozen_ensemble,stage6b_deterministic_rules,real
2025-09-16T13:00:00+02:00,2025-09-13T23:00:00+02:00,168,62,M1_GBT_CAL_WEATHER,0.9612041402269337,0.1488473505,0.3152072225,1.3496498843,2.566081480799993,3.481469789,0.035,LOW,24.7,False,DAYTIME,0.28,STANDARD_06_17,Pool circulation or heating can add to household demand during this period.,,stage5_frozen_selected_model,stage6a_frozen_ensemble,stage6b_deterministic_rules,real
2025-09-16T14:00:00+02:00,2025-09-13T23:00:00+02:00,168,63,M1_GBT_CAL_WEATHER,0.9980968689375018,0.1422167912,0.2065828985,1.2924019106999998,2.1811404255999993,3.481469789,0.03,LOW,24.7,False,DAYTIME,0.28,STANDARD_06_17,Pool circulation or heating can add to household demand during this period.,,stage5_frozen_selected_model,stage6a_frozen_ensemble,stage6b_deterministic_rules,real
2025-09-16T15:00:00+02:00,2025-09-13T23:00:00+02:00,168,64,M1_GBT_CAL_WEATHER,1.3928173137870739,0.1516392561,0.31155292,1.2731610779,1.8858275878499857,3.481469789,0.025,LOW,24.3,False,DAYTIME,0.28,STANDARD_06_17,Pool circulation or heating can add to household demand during this period.,,stage5_frozen_selected_model,stage6a_frozen_ensemble,stage6b_deterministic_rules,real
2025-09-16T16:00:00+02:00,2025-09-13T23:00:00+02:00,168,65,M1_GBT_CAL_WEATHER,2.089139209121728,0.1631110586,0.9031155085,2.655875362199998,3.995859256299998,3.481469789,0.07,LOW,24.4,False,RETURN_RAMP,0.28,STANDARD_06_17,Pool circulation or heating can add to household demand during this period.,,stage5_frozen_selected_model,stage6a_frozen_ensemble,stage6b_deterministic_rules,real
2025-09-16T17:00:00+02:00,2025-09-13T23:00:00+02:00,168,66,M1_GBT_CAL_WEATHER,3.800259339759529,0.4311883068000001,1.336731924,8.3392139314,9.250687431749999,3.481469789,0.345,MEDIUM,24.4,False,RETURN_RAMP,0.4,PEAK_17_22,"Evening demand can rise when EV charging, HVAC and household activities overlap.",Pool circulation or heating can add to household demand during this period.,stage5_frozen_selected_model,stage6a_frozen_ensemble,stage6b_deterministic_rules,real
2025-09-16T18:00:00+02:00,2025-09-13T23:00:00+02:00,168,67,M1_GBT_CAL_WEATHER,5.562286241300066,0.8136849237,3.5636609345,11.1426829525,13.31586868615,3.481469789,0.51,HIGH,23.9,False,RETURN_RAMP,0.4,PEAK_17_22,"This is a high-risk period because EV charging can coincide with HVAC, cooking and optional high-power loads such as the sauna.",Pool circulation or heating can add to household demand during this period.,stage5_frozen_selected_model,stage6a_frozen_ensemble,stage6b_deterministic_rules,real
2025-09-16T19:00:00+02:00,2025-09-13T23:00:00+02:00,168,68,M1_GBT_CAL_WEATHER,5.562286241300066,0.215415871,3.6542073065,11.712091634499998,13.589776568899989,3.481469789,0.51,HIGH,23.5,False,EVENING,0.4,PEAK_17_22,"This is a high-risk period because EV charging can coincide with HVAC, cooking and optional high-power loads such as the sauna.",Pool circulation or heating can add to household demand during this period.,stage5_frozen_selected_model,stage6a_frozen_ensemble,stage6b_deterministic_rules,real
2025-09-16T20:00:00+02:00,2025-09-13T23:00:00+02:00,168,69,M1_GBT_CAL_WEATHER,4.353051160795693,0.19834266450000002,2.4136201185,10.6359725233,13.444689719249999,3.481469789,0.425,HIGH,23.0,False,EVENING,0.4,PEAK_17_22,"This is a high-risk period because EV charging can coincide with HVAC, cooking and optional high-power loads such as the sauna.",Pool circulation or heating can add to household demand during this period.,stage5_frozen_selected_model,stage6a_frozen_ensemble,stage6b_deterministic_rules,real
2025-09-16T21:00:00+02:00,2025-09-13T23:00:00+02:00,168,70,M1_GBT_CAL_WEATHER,2.64193103015789,0.38666725890000003,1.145189052,7.9300044992,8.644532828699997,3.481469789,0.26,MEDIUM,22.7,False,EVENING,0.4,PEAK_17_22,"Evening demand can rise when EV charging, HVAC and household activities overlap.",Pool circulation or heating can add to household demand during this period.,stage5_frozen_selected_model,stage6a_frozen_ensemble,stage6b_deterministic_rules,real
2025-09-16T22:00:00+02:00,2025-09-13T23:00:00+02:00,168,71,M1_GBT_CAL_WEATHER,1.8602302539758209,0.33045139920000005,0.6586128795,3.523236752399994,7.274210401999991,3.481469789,0.1,LOW,22.1,False,EVENING,0.28,STANDARD_22_24,Pool circulation or heating can add to household demand during this period.,,stage5_frozen_selected_model,stage6a_frozen_ensemble,stage6b_deterministic_rules,real
2025-09-16T23:00:00+02:00,2025-09-13T23:00:00+02:00,168,72,M1_GBT_CAL_WEATHER,1.0509098522470584,0.3028071074,0.525870567,1.1811504951,1.4970039515999924,3.481469789,0.02,LOW,21.9,False,NIGHT,0.28,STANDARD_22_24,"Demand is usually lower overnight, although base loads, HVAC, pool systems and EV charging may remain active.",,stage5_frozen_selected_model,stage6a_frozen_ensemble,stage6b_deterministic_rules,real
2025-09-17T00:00:00+02:00,2025-09-13T23:00:00+02:00,168,73,M1_GBT_CAL_WEATHER,1.0140171235364903,0.3002463641,0.4785287335,0.667362205,0.70734331575,3.481469789,0.005,LOW,22.2,False,NIGHT,0.18,OFF_PEAK_00_06,"Demand is usually lower overnight, although base loads, HVAC, pool systems and EV charging may remain active.",,stage5_frozen_selected_model,stage6a_frozen_ensemble,stage6b_deterministic_rules,real
2025-09-17T01:00:00+02:00,2025-09-13T23:00:00+02:00,168,74,M1_GBT_CAL_WEATHER,1.0140171235364903,0.3016357501,0.4731760515,0.6480599723999999,0.6641660538999999,3.481469789,0.0,LOW,22.3,False,NIGHT,0.18,OFF_PEAK_00_06,"Demand is usually lower overnight, although base loads, HVAC, pool systems and EV charging may remain active.",,stage5_frozen_selected_model,stage6a_frozen_ensemble,stage6b_deterministic_rules,real
2025-09-17T02:00:00+02:00,2025-09-13T23:00:00+02:00,168,75,M1_GBT_CAL_WEATHER,1.0140171235364903,0.3031467785,0.4746977885,0.6497147819,0.6658584062499999,3.481469789,0.0,LOW,21.7,False,NIGHT,0.18,OFF_PEAK_00_06,"Demand is usually lower overnight, although base loads, HVAC, pool systems and EV charging may remain active.",,stage5_frozen_selected_model,stage6a_frozen_ensemble,stage6b_deterministic_rules,real
2025-09-17T03:00:00+02:00,2025-09-13T23:00:00+02:00,168,76,M1_GBT_CAL_WEATHER,1.0140171235364903,0.3044044475,0.4760045335,0.6511357989000001,0.6673116620499999,3.481469789,0.0,LOW,21.5,False,NIGHT,0.18,OFF_PEAK_00_06,"Demand is usually lower overnight, although base loads, HVAC, pool systems and EV charging may remain active.",,stage5_frozen_selected_model,stage6a_frozen_ensemble,stage6b_deterministic_rules,real
2025-09-17T04:00:00+02:00,2025-09-13T23:00:00+02:00,168,77,M1_GBT_CAL_WEATHER,1.0140171235364903,0.3054837537,0.4770072345,0.652226184,0.6684267837499999,3.481469789,0.0,LOW,21.1,False,NIGHT,0.18,OFF_PEAK_00_06,"Demand is usually lower overnight, although base loads, HVAC, pool systems and EV charging may remain active.",,stage5_frozen_selected_model,stage6a_frozen_ensemble,stage6b_deterministic_rules,real
2025-09-17T05:00:00+02:00,2025-09-13T23:00:00+02:00,168,78,M1_GBT_CAL_WEATHER,1.0140171235364903,0.3060978325,0.477637559,0.6529116287,0.6691277791999999,3.481469789,0.0,LOW,20.8,False,NIGHT,0.18,OFF_PEAK_00_06,"Demand is usually lower overnight, although base loads, HVAC, pool systems and EV charging may remain active.",,stage5_frozen_selected_model,stage6a_frozen_ensemble,stage6b_deterministic_rules,real
2025-09-17T06:00:00+02:00,2025-09-13T23:00:00+02:00,168,79,M1_GBT_CAL_WEATHER,1.0140171235364903,0.3242373707,0.5351145575,1.2305030316999996,1.4962178494499991,3.481469789,0.005,LOW,20.8,False,NIGHT,0.28,STANDARD_06_17,Pool circulation or heating can add to household demand during this period.,"Demand is usually lower overnight, although base loads, HVAC, pool systems and EV charging may remain active.",stage5_frozen_selected_model,stage6a_frozen_ensemble,stage6b_deterministic_rules,real
2025-09-17T07:00:00+02:00,2025-09-13T23:00:00+02:00,168,80,M1_GBT_CAL_WEATHER,1.0140171235364903,0.35676117500000004,0.8217091835,1.9894692013,2.5386066548499993,3.481469789,0.025,LOW,21.0,False,MORNING,0.28,STANDARD_06_17,Pool circulation or heating can add to household demand during this period.,,stage5_frozen_selected_model,stage6a_frozen_ensemble,stage6b_deterministic_rules,real
2025-09-17T08:00:00+02:00,2025-09-13T23:00:00+02:00,168,81,M1_GBT_CAL_WEATHER,1.0140171235364903,0.185614574,0.882425546,2.0711398142,2.7165392727999995,3.481469789,0.025,LOW,21.6,False,MORNING,0.28,STANDARD_06_17,Pool circulation or heating can add to household demand during this period.,,stage5_frozen_selected_model,stage6a_frozen_ensemble,stage6b_deterministic_rules,real
2025-09-17T09:00:00+02:00,2025-09-13T23:00:00+02:00,168,82,M1_GBT_CAL_WEATHER,1.0140171235364903,0.2109442889,1.0001129385,1.3204706955,1.36741869265,3.481469789,0.01,LOW,22.3,False,DAYTIME,0.28,STANDARD_06_17,Pool circulation or heating can add to household demand during this period.,,stage5_frozen_selected_model,stage6a_frozen_ensemble,stage6b_deterministic_rules,real
2025-09-17T10:00:00+02:00,2025-09-13T23:00:00+02:00,168,83,M1_GBT_CAL_WEATHER,1.0140171235364903,0.22853111210000002,1.0073169100000001,1.3217818288999998,1.3663223091999999,3.481469789,0.02,LOW,23.2,False,DAYTIME,0.28,STANDARD_06_17,Pool circulation or heating can add to household demand during this period.,,stage5_frozen_selected_model,stage6a_frozen_ensemble,stage6b_deterministic_rules,real
2025-09-17T11:00:00+02:00,2025-09-13T23:00:00+02:00,168,84,M1_GBT_CAL_WEATHER,1.0140171235364903,0.21150808540000002,0.9804348585,1.3204223962,1.3744102535999996,3.481469789,0.01,LOW,24.7,False,DAYTIME,0.28,STANDARD_06_17,Pool circulation or heating can add to household demand during this period.,,stage5_frozen_selected_model,stage6a_frozen_ensemble,stage6b_deterministic_rules,real
2025-09-17T12:00:00+02:00,2025-09-13T23:00:00+02:00,168,85,M1_GBT_CAL_WEATHER,1.124042726937272,0.16936686990000002,0.8614872434999999,1.3026229732,1.3664853075999999,3.481469789,0.01,LOW,26.4,False,DAYTIME,0.28,STANDARD_06_17,Warm weather can increase cooling demand during this period.,Pool circulation or heating can add to household demand during this period.,stage5_frozen_selected_model,stage6a_frozen_ensemble,stage6b_deterministic_rules,real
2025-09-17T13:00:00+02:00,2025-09-13T23:00:00+02:00,168,86,M1_GBT_CAL_WEATHER,1.5858731495283336,0.1454624645,0.528952402,1.2896582343999998,1.3902846118999999,3.481469789,0.025,LOW,27.2,False,DAYTIME,0.28,STANDARD_06_17,Warm weather can increase cooling demand during this period.,Pool circulation or heating can add to household demand during this period.,stage5_frozen_selected_model,stage6a_frozen_ensemble,stage6b_deterministic_rules,real
2025-09-17T14:00:00+02:00,2025-09-13T23:00:00+02:00,168,87,M1_GBT_CAL_WEATHER,1.6227658782389016,0.1416187692,0.22814686350000002,1.3324207541,2.0158564169499993,3.481469789,0.03,LOW,27.6,False,DAYTIME,0.28,STANDARD_06_17,Warm weather can increase cooling demand during this period.,Pool circulation or heating can add to household demand during this period.,stage5_frozen_selected_model,stage6a_frozen_ensemble,stage6b_deterministic_rules,real
2025-09-17T15:00:00+02:00,2025-09-13T23:00:00+02:00,168,88,M1_GBT_CAL_WEATHER,1.9085353576975823,0.14766893180000001,0.739254607,2.0484172928999995,2.7734324050499994,3.481469789,0.03,LOW,27.7,False,DAYTIME,0.28,STANDARD_06_17,Warm weather can increase cooling demand during this period.,Pool circulation or heating can add to household demand during this period.,stage5_frozen_selected_model,stage6a_frozen_ensemble,stage6b_deterministic_rules,real
2025-09-17T16:00:00+02:00,2025-09-13T23:00:00+02:00,168,89,M1_GBT_CAL_WEATHER,2.414913774249509,0.179591276,1.2388311505,3.5867630428999973,5.9179606655,3.481469789,0.105,LOW,27.8,False,RETURN_RAMP,0.28,STANDARD_06_17,Warm weather can increase cooling demand during this period.,Pool circulation or heating can add to household demand during this period.,stage5_frozen_selected_model,stage6a_frozen_ensemble,stage6b_deterministic_rules,real
2025-09-17T17:00:00+02:00,2025-09-13T23:00:00+02:00,168,90,M1_GBT_CAL_WEATHER,4.061314218793131,0.7436397506,2.595061638,9.392096498699999,10.824096548399993,3.481469789,0.39,MEDIUM,27.6,False,RETURN_RAMP,0.4,PEAK_17_22,"Evening demand can rise when EV charging, HVAC and household activities overlap.",Warm weather can increase cooling demand during this period.,stage5_frozen_selected_model,stage6a_frozen_ensemble,stage6b_deterministic_rules,real
2025-09-17T18:00:00+02:00,2025-09-13T23:00:00+02:00,168,91,M1_GBT_CAL_WEATHER,5.562286241300066,0.8638165265000001,4.983872568,11.7988413689,13.655110636299987,3.481469789,0.58,HIGH,27.1,False,RETURN_RAMP,0.4,PEAK_17_22,"This is a high-risk period because EV charging can coincide with HVAC, cooking and optional high-power loads such as the sauna.",Warm weather can increase cooling demand during this period.,stage5_frozen_selected_model,stage6a_frozen_ensemble,stage6b_deterministic_rules,real
2025-09-17T19:00:00+02:00,2025-09-13T23:00:00+02:00,168,92,M1_GBT_CAL_WEATHER,5.198505986215282,0.2204676962,4.8215286619999995,12.549495381899998,16.0385840111,3.481469789,0.58,HIGH,26.0,False,EVENING,0.4,PEAK_17_22,"This is a high-risk period because EV charging can coincide with HVAC, cooking and optional high-power loads such as the sauna.",Warm weather can increase cooling demand during this period.,stage5_frozen_selected_model,stage6a_frozen_ensemble,stage6b_deterministic_rules,real
2025-09-17T20:00:00+02:00,2025-09-13T23:00:00+02:00,168,93,M1_GBT_CAL_WEATHER,4.463658603194153,0.2074823687,2.8853360235,10.086099797400001,12.118453665149998,3.481469789,0.435,HIGH,24.6,False,EVENING,0.4,PEAK_17_22,"This is a high-risk period because EV charging can coincide with HVAC, cooking and optional high-power loads such as the sauna.",Pool circulation or heating can add to household demand during this period.,stage5_frozen_selected_model,stage6a_frozen_ensemble,stage6b_deterministic_rules,real
2025-09-17T21:00:00+02:00,2025-09-13T23:00:00+02:00,168,94,M1_GBT_CAL_WEATHER,2.64193103015789,0.31382498980000006,1.2053874075,7.9225961797,8.554096099950002,3.481469789,0.27,MEDIUM,23.8,False,EVENING,0.4,PEAK_17_22,"Evening demand can rise when EV charging, HVAC and household activities overlap.",Pool circulation or heating can add to household demand during this period.,stage5_frozen_selected_model,stage6a_frozen_ensemble,stage6b_deterministic_rules,real
2025-09-17T22:00:00+02:00,2025-09-13T23:00:00+02:00,168,95,M1_GBT_CAL_WEATHER,1.8602302539758209,0.3189170657,0.6517830600000001,1.9956125771999982,5.835460441199986,3.481469789,0.075,LOW,23.7,False,EVENING,0.28,STANDARD_22_24,Pool circulation or heating can add to household demand during this period.,,stage5_frozen_selected_model,stage6a_frozen_ensemble,stage6b_deterministic_rules,real
2025-09-17T23:00:00+02:00,2025-09-13T23:00:00+02:00,168,96,M1_GBT_CAL_WEATHER,1.0509098522470584,0.2983917636,0.534578415,1.0600407913999996,1.2752924397999996,3.481469789,0.025,LOW,23.5,False,NIGHT,0.28,STANDARD_22_24,"Demand is usually lower overnight, although base loads, HVAC, pool systems and EV charging may remain active.",,stage5_frozen_selected_model,stage6a_frozen_ensemble,stage6b_deterministic_rules,real
2025-09-18T00:00:00+02:00,2025-09-13T23:00:00+02:00,168,97,M1_GBT_CAL_WEATHER,1.0140171235364903,0.30001375680000003,0.4816543985,0.6700748113,0.8008213923499998,3.481469789,0.01,LOW,23.1,False,NIGHT,0.18,OFF_PEAK_00_06,"Demand is usually lower overnight, although base loads, HVAC, pool systems and EV charging may remain active.",,stage5_frozen_selected_model,stage6a_frozen_ensemble,stage6b_deterministic_rules,real
2025-09-18T01:00:00+02:00,2025-09-13T23:00:00+02:00,168,98,M1_GBT_CAL_WEATHER,1.0140171235364903,0.2984189554,0.47056852,0.6498618703,0.67552491385,3.481469789,0.005,LOW,23.4,False,NIGHT,0.18,OFF_PEAK_00_06,"Demand is usually lower overnight, although base loads, HVAC, pool systems and EV charging may remain active.",,stage5_frozen_selected_model,stage6a_frozen_ensemble,stage6b_deterministic_rules,real
2025-09-18T02:00:00+02:00,2025-09-13T23:00:00+02:00,168,99,M1_GBT_CAL_WEATHER,1.0140171235364903,0.3000946867,0.472072676,0.6511974301,0.6770379761499999,3.481469789,0.005,LOW,23.6,False,NIGHT,0.18,OFF_PEAK_00_06,"Demand is usually lower overnight, although base loads, HVAC, pool systems and EV charging may remain active.",,stage5_frozen_selected_model,stage6a_frozen_ensemble,stage6b_deterministic_rules,real
2025-09-18T03:00:00+02:00,2025-09-13T23:00:00+02:00,168,100,M1_GBT_CAL_WEATHER,1.0140171235364903,0.3015336702,0.47347604200000004,0.6511357989000001,0.6712997623999999,3.481469789,0.0,LOW,23.3,False,NIGHT,0.18,OFF_PEAK_00_06,"Demand is usually lower overnight, although base loads, HVAC, pool systems and EV charging may remain active.",,stage5_frozen_selected_model,stage6a_frozen_ensemble,stage6b_deterministic_rules,real
2025-09-18T04:00:00+02:00,2025-09-13T23:00:00+02:00,168,101,M1_GBT_CAL_WEATHER,1.0140171235364903,0.3026378409,0.474566098,0.652226184,0.6722657439499998,3.481469789,0.0,LOW,22.8,False,NIGHT,0.18,OFF_PEAK_00_06,"Demand is usually lower overnight, although base loads, HVAC, pool systems and EV charging may remain active.",,stage5_frozen_selected_model,stage6a_frozen_ensemble,stage6b_deterministic_rules,real
2025-09-18T05:00:00+02:00,2025-09-13T23:00:00+02:00,168,102,M1_GBT_CAL_WEATHER,1.0140171235364903,0.3059761424,0.480253194,0.6529116287,0.6728729857499999,3.481469789,0.0,LOW,22.3,False,NIGHT,0.18,OFF_PEAK_00_06,"Demand is usually lower overnight, although base loads, HVAC, pool systems and EV charging may remain active.",,stage5_frozen_selected_model,stage6a_frozen_ensemble,stage6b_deterministic_rules,real
2025-09-18T06:00:00+02:00,2025-09-13T23:00:00+02:00,168,103,M1_GBT_CAL_WEATHER,1.0140171235364903,0.3356751087,0.549701199,1.1497940760999998,1.497095351049999,3.481469789,0.01,LOW,22.0,False,NIGHT,0.28,STANDARD_06_17,Pool circulation or heating can add to household demand during this period.,"Demand is usually lower overnight, although base loads, HVAC, pool systems and EV charging may remain active.",stage5_frozen_selected_model,stage6a_frozen_ensemble,stage6b_deterministic_rules,real
2025-09-18T07:00:00+02:00,2025-09-13T23:00:00+02:00,168,104,M1_GBT_CAL_WEATHER,1.0140171235364903,0.40596261310000004,0.902101369,2.1062106568999996,2.443048163149995,3.481469789,0.025,LOW,21.6,False,MORNING,0.28,STANDARD_06_17,Pool circulation or heating can add to household demand during this period.,,stage5_frozen_selected_model,stage6a_frozen_ensemble,stage6b_deterministic_rules,real
2025-09-18T08:00:00+02:00,2025-09-13T23:00:00+02:00,168,105,M1_GBT_CAL_WEATHER,1.0140171235364903,0.197003263,0.9215223775,1.849753401499999,2.639718204299997,3.481469789,0.02,LOW,21.6,False,MORNING,0.28,STANDARD_06_17,Pool circulation or heating can add to household demand during this period.,,stage5_frozen_selected_model,stage6a_frozen_ensemble,stage6b_deterministic_rules,real
2025-09-18T09:00:00+02:00,2025-09-13T23:00:00+02:00,168,106,M1_GBT_CAL_WEATHER,1.0140171235364903,0.19587854200000002,1.037800789,1.3393021263,1.37550729155,3.481469789,0.025,LOW,23.3,False,DAYTIME,0.28,STANDARD_06_17,Pool circulation or heating can add to household demand during this period.,,stage5_frozen_selected_model,stage6a_frozen_ensemble,stage6b_deterministic_rules,real
2025-09-18T10:00:00+02:00,2025-09-13T23:00:00+02:00,168,107,M1_GBT_CAL_WEATHER,1.0140171235364903,0.1920026796,0.9888434614999999,1.3485966673,1.3951623696,3.481469789,0.03,LOW,24.9,False,DAYTIME,0.28,STANDARD_06_17,Pool circulation or heating can add to household demand during this period.,,stage5_frozen_selected_model,stage6a_frozen_ensemble,stage6b_deterministic_rules,real
2025-09-18T11:00:00+02:00,2025-09-13T23:00:00+02:00,168,108,M1_GBT_CAL_WEATHER,1.0712297436277154,0.1792415032,0.910525645,1.3391075983,1.3929854423,3.481469789,0.02,LOW,26.6,False,DAYTIME,0.28,STANDARD_06_17,Warm weather can increase cooling demand during this period.,Pool circulation or heating can add to household demand during this period.,stage5_frozen_selected_model,stage6a_frozen_ensemble,stage6b_deterministic_rules,real
2025-09-18T12:00:00+02:00,2025-09-13T23:00:00+02:00,168,109,M1_GBT_CAL_WEATHER,1.5858731495283336,0.16226355509999998,0.8675791879999999,1.3257922411999998,2.1360872578999968,3.481469789,0.04,LOW,27.3,False,DAYTIME,0.28,STANDARD_06_17,Warm weather can increase cooling demand during this period.,Pool circulation or heating can add to household demand during this period.,stage5_frozen_selected_model,stage6a_frozen_ensemble,stage6b_deterministic_rules,real
2025-09-18T13:00:00+02:00,2025-09-13T23:00:00+02:00,168,110,M1_GBT_CAL_WEATHER,1.5858731495283336,0.15552184370000002,0.5194876685,1.9749198058,2.721731947099999,3.481469789,0.04,LOW,27.7,False,DAYTIME,0.28,STANDARD_06_17,Warm weather can increase cooling demand during this period.,Pool circulation or heating can add to household demand during this period.,stage5_frozen_selected_model,stage6a_frozen_ensemble,stage6b_deterministic_rules,real
2025-09-18T14:00:00+02:00,2025-09-13T23:00:00+02:00,168,111,M1_GBT_CAL_WEATHER,1.6227658782389016,0.1416187692,0.24240834049999999,2.4259657022999996,3.260230090249999,3.481469789,0.04,LOW,27.8,False,DAYTIME,0.28,STANDARD_06_17,Warm weather can increase cooling demand during this period.,Pool circulation or heating can add to household demand during this period.,stage5_frozen_selected_model,stage6a_frozen_ensemble,stage6b_deterministic_rules,real
2025-09-18T15:00:00+02:00,2025-09-13T23:00:00+02:00,168,112,M1_GBT_CAL_WEATHER,1.9085353576975823,0.163172103,1.0295339515,2.6837718579,3.110679547199998,3.481469789,0.035,LOW,27.8,False,DAYTIME,0.28,STANDARD_06_17,Warm weather can increase cooling demand during this period.,Pool circulation or heating can add to household demand during this period.,stage5_frozen_selected_model,stage6a_frozen_ensemble,stage6b_deterministic_rules,real
2025-09-18T16:00:00+02:00,2025-09-13T23:00:00+02:00,168,113,M1_GBT_CAL_WEATHER,2.414913774249509,0.19003597319999999,1.5035799975,3.5137696778,3.9636065778999825,3.481469789,0.105,LOW,27.6,False,RETURN_RAMP,0.28,STANDARD_06_17,Warm weather can increase cooling demand during this period.,Pool circulation or heating can add to household demand during this period.,stage5_frozen_selected_model,stage6a_frozen_ensemble,stage6b_deterministic_rules,real
2025-09-18T17:00:00+02:00,2025-09-13T23:00:00+02:00,168,114,M1_GBT_CAL_WEATHER,4.061314218793131,0.688461601,2.6264382805000004,8.751223346499998,9.952787266099998,3.481469789,0.3,MEDIUM,27.3,False,RETURN_RAMP,0.4,PEAK_17_22,"Evening demand can rise when EV charging, HVAC and household activities overlap.",Warm weather can increase cooling demand during this period.,stage5_frozen_selected_model,stage6a_frozen_ensemble,stage6b_deterministic_rules,real
2025-09-18T18:00:00+02:00,2025-09-13T23:00:00+02:00,168,115,M1_GBT_CAL_WEATHER,5.562286241300066,0.7460309801999999,3.9841638925,12.3457755678,15.399028179799984,3.481469789,0.565,HIGH,26.6,False,RETURN_RAMP,0.4,PEAK_17_22,"This is a high-risk period because EV charging can coincide with HVAC, cooking and optional high-power loads such as the sauna.",Warm weather can increase cooling demand during this period.,stage5_frozen_selected_model,stage6a_frozen_ensemble,stage6b_deterministic_rules,real
2025-09-18T19:00:00+02:00,2025-09-13T23:00:00+02:00,168,116,M1_GBT_CAL_WEATHER,5.562286241300066,0.2208270278,5.315156039,11.8745183775,15.361101951249998,3.481469789,0.58,HIGH,25.6,False,EVENING,0.4,PEAK_17_22,"This is a high-risk period because EV charging can coincide with HVAC, cooking and optional high-power loads such as the sauna.",Warm weather can increase cooling demand during this period.,stage5_frozen_selected_model,stage6a_frozen_ensemble,stage6b_deterministic_rules,real
2025-09-18T20:00:00+02:00,2025-09-13T23:00:00+02:00,168,117,M1_GBT_CAL_WEATHER,4.463658603194153,0.20436034860000002,2.7466136015,9.744728565900001,11.786118529099996,3.481469789,0.42,HIGH,24.9,False,EVENING,0.4,PEAK_17_22,"This is a high-risk period because EV charging can coincide with HVAC, cooking and optional high-power loads such as the sauna.",Pool circulation or heating can add to household demand during this period.,stage5_frozen_selected_model,stage6a_frozen_ensemble,stage6b_deterministic_rules,real
2025-09-18T21:00:00+02:00,2025-09-13T23:00:00+02:00,168,118,M1_GBT_CAL_WEATHER,2.64193103015789,0.3096942958,1.1782902,8.024132142500001,8.7182367961,3.481469789,0.245,MEDIUM,24.2,False,EVENING,0.4,PEAK_17_22,"Evening demand can rise when EV charging, HVAC and household activities overlap.",Pool circulation or heating can add to household demand during this period.,stage5_frozen_selected_model,stage6a_frozen_ensemble,stage6b_deterministic_rules,real
2025-09-18T22:00:00+02:00,2025-09-13T23:00:00+02:00,168,119,M1_GBT_CAL_WEATHER,1.8602302539758209,0.2972468964,0.642395504,4.888664235399995,7.924948458049998,3.481469789,0.12,LOW,23.9,False,EVENING,0.28,STANDARD_22_24,Pool circulation or heating can add to household demand during this period.,,stage5_frozen_selected_model,stage6a_frozen_ensemble,stage6b_deterministic_rules,real
2025-09-18T23:00:00+02:00,2025-09-13T23:00:00+02:00,168,120,M1_GBT_CAL_WEATHER,1.0509098522470584,0.29870467440000004,0.533870335,1.1470161066999995,2.246284030699992,3.481469789,0.04,LOW,23.4,False,NIGHT,0.28,STANDARD_22_24,"Demand is usually lower overnight, although base loads, HVAC, pool systems and EV charging may remain active.",,stage5_frozen_selected_model,stage6a_frozen_ensemble,stage6b_deterministic_rules,real
2025-09-19T00:00:00+02:00,2025-09-13T23:00:00+02:00,168,121,M1_GBT_CAL_WEATHER,1.0140171235364903,0.298581289,0.48727874299999996,0.6970490276,2.22636752785,3.481469789,0.005,LOW,23.0,False,NIGHT,0.18,OFF_PEAK_00_06,"Demand is usually lower overnight, although base loads, HVAC, pool systems and EV charging may remain active.",,stage5_frozen_selected_model,stage6a_frozen_ensemble,stage6b_deterministic_rules,real
2025-09-19T01:00:00+02:00,2025-09-13T23:00:00+02:00,168,122,M1_GBT_CAL_WEATHER,1.0140171235364903,0.2971025131,0.47056852,0.6431436704,0.6685748573499999,3.481469789,0.0,LOW,22.9,False,NIGHT,0.18,OFF_PEAK_00_06,"Demand is usually lower overnight, although base loads, HVAC, pool systems and EV charging may remain active.",,stage5_frozen_selected_model,stage6a_frozen_ensemble,stage6b_deterministic_rules,real
2025-09-19T02:00:00+02:00,2025-09-13T23:00:00+02:00,168,123,M1_GBT_CAL_WEATHER,1.0140171235364903,0.29837675610000003,0.472072676,0.6448927773,0.6700408691499999,3.481469789,0.005,LOW,22.3,False,NIGHT,0.18,OFF_PEAK_00_06,"Demand is usually lower overnight, although base loads, HVAC, pool systems and EV charging may remain active.",,stage5_frozen_selected_model,stage6a_frozen_ensemble,stage6b_deterministic_rules,real
2025-09-19T03:00:00+02:00,2025-09-13T23:00:00+02:00,168,124,M1_GBT_CAL_WEATHER,1.0140171235364903,0.2994709728,0.47347604200000004,0.6463947701999999,0.6712997623999999,3.481469789,0.005,LOW,22.2,False,NIGHT,0.18,OFF_PEAK_00_06,"Demand is usually lower overnight, although base loads, HVAC, pool systems and EV charging may remain active.",,stage5_frozen_selected_model,stage6a_frozen_ensemble,stage6b_deterministic_rules,real
2025-09-19T04:00:00+02:00,2025-09-13T23:00:00+02:00,168,125,M1_GBT_CAL_WEATHER,1.0140171235364903,0.3026378409,0.4770072345,0.6459277293,0.6684267837499999,3.481469789,0.0,LOW,22.0,False,NIGHT,0.18,OFF_PEAK_00_06,"Demand is usually lower overnight, although base loads, HVAC, pool systems and EV charging may remain active.",,stage5_frozen_selected_model,stage6a_frozen_ensemble,stage6b_deterministic_rules,real
2025-09-19T05:00:00+02:00,2025-09-13T23:00:00+02:00,168,126,M1_GBT_CAL_WEATHER,1.0140171235364903,0.30333195220000003,0.477637559,0.646629401,0.6691277791999999,3.481469789,0.0,LOW,21.8,False,NIGHT,0.18,OFF_PEAK_00_06,"Demand is usually lower overnight, although base loads, HVAC, pool systems and EV charging may remain active.",,stage5_frozen_selected_model,stage6a_frozen_ensemble,stage6b_deterministic_rules,real
2025-09-19T06:00:00+02:00,2025-09-13T23:00:00+02:00,168,127,M1_GBT_CAL_WEATHER,1.0140171235364903,0.3259986812,0.5583739255,1.2367160016,1.4261098511499988,3.481469789,0.005,LOW,21.9,False,NIGHT,0.28,STANDARD_06_17,Pool circulation or heating can add to household demand during this period.,"Demand is usually lower overnight, although base loads, HVAC, pool systems and EV charging may remain active.",stage5_frozen_selected_model,stage6a_frozen_ensemble,stage6b_deterministic_rules,real
2025-09-19T07:00:00+02:00,2025-09-13T23:00:00+02:00,168,128,M1_GBT_CAL_WEATHER,1.0140171235364903,0.3501444011,0.8553083855,2.036034333,2.454649357799996,3.481469789,0.015,LOW,21.7,False,MORNING,0.28,STANDARD_06_17,Pool circulation or heating can add to household demand during this period.,,stage5_frozen_selected_model,stage6a_frozen_ensemble,stage6b_deterministic_rules,real
2025-09-19T08:00:00+02:00,2025-09-13T23:00:00+02:00,168,129,M1_GBT_CAL_WEATHER,1.0140171235364903,0.19165022870000004,0.9287445505,1.9359284669999999,2.7978773906499974,3.481469789,0.01,LOW,21.5,False,MORNING,0.28,STANDARD_06_17,Pool circulation or heating can add to household demand during this period.,,stage5_frozen_selected_model,stage6a_frozen_ensemble,stage6b_deterministic_rules,real
2025-09-19T09:00:00+02:00,2025-09-13T23:00:00+02:00,168,130,M1_GBT_CAL_WEATHER,1.0140171235364903,0.1965854173,1.004077648,1.3066559318,1.3557781848499997,3.481469789,0.015,LOW,22.3,False,DAYTIME,0.28,STANDARD_06_17,Pool circulation or heating can add to household demand during this period.,,stage5_frozen_selected_model,stage6a_frozen_ensemble,stage6b_deterministic_rules,real
2025-09-19T10:00:00+02:00,2025-09-13T23:00:00+02:00,168,131,M1_GBT_CAL_WEATHER,1.0140171235364903,0.25565408040000004,1.0128896535,1.3392814132,1.474122114149999,3.481469789,0.025,LOW,23.3,False,DAYTIME,0.28,STANDARD_06_17,Pool circulation or heating can add to household demand during this period.,,stage5_frozen_selected_model,stage6a_frozen_ensemble,stage6b_deterministic_rules,real
2025-09-19T11:00:00+02:00,2025-09-13T23:00:00+02:00,168,132,M1_GBT_CAL_WEATHER,1.0140171235364903,0.2876965395,0.9903695955,1.3527353048,1.5014560102999999,3.481469789,0.045,LOW,24.6,False,DAYTIME,0.28,STANDARD_06_17,Pool circulation or heating can add to household demand during this period.,,stage5_frozen_selected_model,stage6a_frozen_ensemble,stage6b_deterministic_rules,real
2025-09-19T12:00:00+02:00,2025-09-13T23:00:00+02:00,168,133,M1_GBT_CAL_WEATHER,1.0712297436277154,0.1674022986,0.8530608155000001,1.3454642972,1.589562255699995,3.481469789,0.035,LOW,25.8,False,DAYTIME,0.28,STANDARD_06_17,Warm weather can increase cooling demand during this period.,Pool circulation or heating can add to household demand during this period.,stage5_frozen_selected_model,stage6a_frozen_ensemble,stage6b_deterministic_rules,real
2025-09-19T13:00:00+02:00,2025-09-13T23:00:00+02:00,168,134,M1_GBT_CAL_WEATHER,1.0712297436277154,0.1489501577,0.2796480555,1.3361560404,1.5086649940499997,3.481469789,0.02,LOW,26.7,False,DAYTIME,0.28,STANDARD_06_17,Warm weather can increase cooling demand during this period.,Pool circulation or heating can add to household demand during this period.,stage5_frozen_selected_model,stage6a_frozen_ensemble,stage6b_deterministic_rules,real
2025-09-19T14:00:00+02:00,2025-09-13T23:00:00+02:00,168,135,M1_GBT_CAL_WEATHER,1.6227658782389016,0.1414765639,0.20832668999999998,1.3450979943999999,2.037171386249999,3.481469789,0.01,LOW,27.2,False,DAYTIME,0.28,STANDARD_06_17,Warm weather can increase cooling demand during this period.,Pool circulation or heating can add to household demand during this period.,stage5_frozen_selected_model,stage6a_frozen_ensemble,stage6b_deterministic_rules,real
2025-09-19T15:00:00+02:00,2025-09-13T23:00:00+02:00,168,136,M1_GBT_CAL_WEATHER,1.9085353576975823,0.1536951511,0.6503256065,2.0737143454,2.6763031649999998,3.481469789,0.03,LOW,27.4,False,DAYTIME,0.28,STANDARD_06_17,Warm weather can increase cooling demand during this period.,Pool circulation or heating can add to household demand during this period.,stage5_frozen_selected_model,stage6a_frozen_ensemble,stage6b_deterministic_rules,real
2025-09-19T16:00:00+02:00,2025-09-13T23:00:00+02:00,168,137,M1_GBT_CAL_WEATHER,2.414913774249509,0.20070672960000002,1.264580337,3.3542259870999986,4.429654118099998,3.481469789,0.1,LOW,27.0,False,RETURN_RAMP,0.28,STANDARD_06_17,Warm weather can increase cooling demand during this period.,Pool circulation or heating can add to household demand during this period.,stage5_frozen_selected_model,stage6a_frozen_ensemble,stage6b_deterministic_rules,real
2025-09-19T17:00:00+02:00,2025-09-13T23:00:00+02:00,168,138,M1_GBT_CAL_WEATHER,3.6867086868616505,0.7614850958000001,2.7375048545,9.303452643299998,10.50020621605,3.481469789,0.38,MEDIUM,26.7,False,RETURN_RAMP,0.4,PEAK_17_22,"Evening demand can rise when EV charging, HVAC and household activities overlap.",Warm weather can increase cooling demand during this period.,stage5_frozen_selected_model,stage6a_frozen_ensemble,stage6b_deterministic_rules,real
2025-09-19T18:00:00+02:00,2025-09-13T23:00:00+02:00,168,139,M1_GBT_CAL_WEATHER,4.838917585019432,0.7412592676000002,5.0848700220000005,12.1451763452,15.01462346659999,3.481469789,0.57,HIGH,25.9,False,RETURN_RAMP,0.4,PEAK_17_22,"This is a high-risk period because EV charging can coincide with HVAC, cooking and optional high-power loads such as the sauna.",Warm weather can increase cooling demand during this period.,stage5_frozen_selected_model,stage6a_frozen_ensemble,stage6b_deterministic_rules,real
2025-09-19T19:00:00+02:00,2025-09-13T23:00:00+02:00,168,140,M1_GBT_CAL_WEATHER,4.838917585019432,0.9514680603000003,5.761302086500001,12.680066607099999,15.97458700325,3.481469789,0.62,HIGH,25.1,False,EVENING,0.4,PEAK_17_22,"This is a high-risk period because EV charging can coincide with HVAC, cooking and optional high-power loads such as the sauna.",Pool circulation or heating can add to household demand during this period.,stage5_frozen_selected_model,stage6a_frozen_ensemble,stage6b_deterministic_rules,real
2025-09-19T20:00:00+02:00,2025-09-13T23:00:00+02:00,168,141,M1_GBT_CAL_WEATHER,4.292313491207371,0.25925778880000006,2.5921992005,10.6201090027,14.496212116949986,3.481469789,0.42,HIGH,23.8,False,EVENING,0.4,PEAK_17_22,"This is a high-risk period because EV charging can coincide with HVAC, cooking and optional high-power loads such as the sauna.",Pool circulation or heating can add to household demand during this period.,stage5_frozen_selected_model,stage6a_frozen_ensemble,stage6b_deterministic_rules,real
2025-09-19T21:00:00+02:00,2025-09-13T23:00:00+02:00,168,142,M1_GBT_CAL_WEATHER,2.64193103015789,0.4449947989,1.0512658215,7.9950907024,9.408882947999984,3.481469789,0.295,MEDIUM,23.4,False,EVENING,0.4,PEAK_17_22,"Evening demand can rise when EV charging, HVAC and household activities overlap.",Pool circulation or heating can add to household demand during this period.,stage5_frozen_selected_model,stage6a_frozen_ensemble,stage6b_deterministic_rules,real
2025-09-19T22:00:00+02:00,2025-09-13T23:00:00+02:00,168,143,M1_GBT_CAL_WEATHER,1.8602302539758209,0.38294485740000006,0.6787229265,2.2234503722999963,7.991205979049998,3.481469789,0.09,LOW,23.3,False,EVENING,0.28,STANDARD_22_24,Pool circulation or heating can add to household demand during this period.,,stage5_frozen_selected_model,stage6a_frozen_ensemble,stage6b_deterministic_rules,real
2025-09-19T23:00:00+02:00,2025-09-13T23:00:00+02:00,168,144,M1_GBT_CAL_WEATHER,1.0509098522470584,0.3225525785,0.5887948245,1.1190369928,1.311753809299999,3.481469789,0.025,LOW,24.0,False,NIGHT,0.28,STANDARD_22_24,"Demand is usually lower overnight, although base loads, HVAC, pool systems and EV charging may remain active.",,stage5_frozen_selected_model,stage6a_frozen_ensemble,stage6b_deterministic_rules,real
2025-09-20T00:00:00+02:00,2025-09-13T23:00:00+02:00,168,145,M1_GBT_CAL_WEATHER,1.0140171235364903,0.31372299000000003,0.5186666575000001,0.6778701686999999,0.83600946665,3.481469789,0.005,LOW,23.2,True,NIGHT,0.18,OFF_PEAK_00_06,"Demand is usually lower overnight, although base loads, HVAC, pool systems and EV charging may remain active.",,stage5_frozen_selected_model,stage6a_frozen_ensemble,stage6b_deterministic_rules,real
2025-09-20T01:00:00+02:00,2025-09-13T23:00:00+02:00,168,146,M1_GBT_CAL_WEATHER,1.0140171235364903,0.31500222330000005,0.482710967,0.6498618703,0.6685748573499999,3.481469789,0.0,LOW,22.9,True,NIGHT,0.18,OFF_PEAK_00_06,"Demand is usually lower overnight, although base loads, HVAC, pool systems and EV charging may remain active.",,stage5_frozen_selected_model,stage6a_frozen_ensemble,stage6b_deterministic_rules,real
2025-09-20T02:00:00+02:00,2025-09-13T23:00:00+02:00,168,147,M1_GBT_CAL_WEATHER,1.0140171235364903,0.3177119435,0.485076469,0.6514319019,0.6770379761499999,3.481469789,0.0,LOW,22.8,True,NIGHT,0.18,OFF_PEAK_00_06,"Demand is usually lower overnight, although base loads, HVAC, pool systems and EV charging may remain active.",,stage5_frozen_selected_model,stage6a_frozen_ensemble,stage6b_deterministic_rules,real
2025-09-20T03:00:00+02:00,2025-09-13T23:00:00+02:00,168,148,M1_GBT_CAL_WEATHER,1.0140171235364903,0.3224739626,0.486731881,0.653071324,0.67969919955,3.481469789,0.005,LOW,22.8,True,NIGHT,0.18,OFF_PEAK_00_06,"Demand is usually lower overnight, although base loads, HVAC, pool systems and EV charging may remain active.",,stage5_frozen_selected_model,stage6a_frozen_ensemble,stage6b_deterministic_rules,real
2025-09-20T04:00:00+02:00,2025-09-13T23:00:00+02:00,168,149,M1_GBT_CAL_WEATHER,1.0140171235364903,0.3233875349,0.4878395175,0.6535160707,0.6793282268999999,3.481469789,0.005,LOW,22.7,True,NIGHT,0.18,OFF_PEAK_00_06,"Demand is usually lower overnight, although base loads, HVAC, pool systems and EV charging may remain active.",,stage5_frozen_selected_model,stage6a_frozen_ensemble,stage6b_deterministic_rules,real
2025-09-20T05:00:00+02:00,2025-09-13T23:00:00+02:00,168,150,M1_GBT_CAL_WEATHER,1.0140171235364903,0.3240128586,0.488535807,0.6540849085,0.6728729857499999,3.481469789,0.0,LOW,22.4,True,NIGHT,0.18,OFF_PEAK_00_06,"Demand is usually lower overnight, although base loads, HVAC, pool systems and EV charging may remain active.",,stage5_frozen_selected_model,stage6a_frozen_ensemble,stage6b_deterministic_rules,real
2025-09-20T06:00:00+02:00,2025-09-13T23:00:00+02:00,168,151,M1_GBT_CAL_WEATHER,1.0140171235364903,0.33963197840000003,0.562490487,1.1195128114,1.45818934385,3.481469789,0.0,LOW,22.3,True,NIGHT,0.28,STANDARD_06_17,Pool circulation or heating can add to household demand during this period.,"Demand is usually lower overnight, although base loads, HVAC, pool systems and EV charging may remain active.",stage5_frozen_selected_model,stage6a_frozen_ensemble,stage6b_deterministic_rules,real
2025-09-20T07:00:00+02:00,2025-09-13T23:00:00+02:00,168,152,M1_GBT_CAL_WEATHER,1.0140171235364903,0.3710383815,0.7057759855000001,1.8407886775,2.483347257449999,3.481469789,0.01,LOW,22.0,True,MORNING,0.28,STANDARD_06_17,Pool circulation or heating can add to household demand during this period.,Weekend occupancy can increase daytime household activity.,stage5_frozen_selected_model,stage6a_frozen_ensemble,stage6b_deterministic_rules,real
2025-09-20T08:00:00+02:00,2025-09-13T23:00:00+02:00,168,153,M1_GBT_CAL_WEATHER,1.0140171235364903,0.1836889686,0.8436291140000001,1.6561408058999991,2.6186764729999994,3.481469789,0.02,LOW,22.1,True,MORNING,0.28,STANDARD_06_17,Pool circulation or heating can add to household demand during this period.,Weekend occupancy can increase daytime household activity.,stage5_frozen_selected_model,stage6a_frozen_ensemble,stage6b_deterministic_rules,real
2025-09-20T09:00:00+02:00,2025-09-13T23:00:00+02:00,168,154,M1_GBT_CAL_WEATHER,1.0140171235364903,0.2157062987,1.0009210065,1.3252679776,1.3810835022999994,3.481469789,0.03,LOW,22.9,True,DAYTIME,0.28,STANDARD_06_17,Pool circulation or heating can add to household demand during this period.,Weekend occupancy can increase daytime household activity.,stage5_frozen_selected_model,stage6a_frozen_ensemble,stage6b_deterministic_rules,real
2025-09-20T10:00:00+02:00,2025-09-13T23:00:00+02:00,168,155,M1_GBT_CAL_WEATHER,1.0140171235364903,0.25132406590000006,1.0704176925,1.3867550967,2.4312909221999965,3.481469789,0.035,LOW,24.0,True,DAYTIME,0.28,STANDARD_06_17,Pool circulation or heating can add to household demand during this period.,Weekend occupancy can increase daytime household activity.,stage5_frozen_selected_model,stage6a_frozen_ensemble,stage6b_deterministic_rules,real
2025-09-20T11:00:00+02:00,2025-09-13T23:00:00+02:00,168,156,M1_GBT_CAL_WEATHER,1.0140171235364903,0.33788326160000004,1.049427284,1.4342120057999999,2.6344273137999945,3.481469789,0.04,LOW,25.3,True,DAYTIME,0.28,STANDARD_06_17,Pool circulation or heating can add to household demand during this period.,Weekend occupancy can increase daytime household activity.,stage5_frozen_selected_model,stage6a_frozen_ensemble,stage6b_deterministic_rules,real
2025-09-20T12:00:00+02:00,2025-09-13T23:00:00+02:00,168,157,M1_GBT_CAL_WEATHER,1.124042726937272,0.179721073,0.954704399,1.3969560292,2.619961156499999,3.481469789,0.035,LOW,25.9,True,DAYTIME,0.28,STANDARD_06_17,Warm weather can increase cooling demand during this period.,Pool circulation or heating can add to household demand during this period.,stage5_frozen_selected_model,stage6a_frozen_ensemble,stage6b_deterministic_rules,real
2025-09-20T13:00:00+02:00,2025-09-13T23:00:00+02:00,168,158,M1_GBT_CAL_WEATHER,1.0712297436277154,0.1642671992,0.7887637535,1.7916293024999999,2.639759332799997,3.481469789,0.015,LOW,26.1,True,DAYTIME,0.28,STANDARD_06_17,Warm weather can increase cooling demand during this period.,Pool circulation or heating can add to household demand during this period.,stage5_frozen_selected_model,stage6a_frozen_ensemble,stage6b_deterministic_rules,real
2025-09-20T14:00:00+02:00,2025-09-13T23:00:00+02:00,168,159,M1_GBT_CAL_WEATHER,1.16093545564784,0.1543513231,0.5759986875,2.190744534099999,2.7071973332499986,3.481469789,0.01,LOW,26.0,True,DAYTIME,0.28,STANDARD_06_17,Warm weather can increase cooling demand during this period.,Pool circulation or heating can add to household demand during this period.,stage5_frozen_selected_model,stage6a_frozen_ensemble,stage6b_deterministic_rules,real
2025-09-20T15:00:00+02:00,2025-09-13T23:00:00+02:00,168,160,M1_GBT_CAL_WEATHER,1.4467049351065213,0.15710894120000002,0.818161677,2.5708936996999996,2.879463973749989,3.481469789,0.05,LOW,25.9,True,DAYTIME,0.28,STANDARD_06_17,Warm weather can increase cooling demand during this period.,Pool circulation or heating can add to household demand during this period.,stage5_frozen_selected_model,stage6a_frozen_ensemble,stage6b_deterministic_rules,real
2025-09-20T16:00:00+02:00,2025-09-13T23:00:00+02:00,168,161,M1_GBT_CAL_WEATHER,2.090213847131619,0.2035958254,1.0999708435,5.707524820199997,8.353815876699997,3.481469789,0.165,LOW,25.9,True,RETURN_RAMP,0.28,STANDARD_06_17,Warm weather can increase cooling demand during this period.,Pool circulation or heating can add to household demand during this period.,stage5_frozen_selected_model,stage6a_frozen_ensemble,stage6b_deterministic_rules,real
2025-09-20T17:00:00+02:00,2025-09-13T23:00:00+02:00,168,162,M1_GBT_CAL_WEATHER,3.6867086868616505,0.2762252428,1.2983032115,8.383297732099999,9.517522498899996,3.481469789,0.205,MEDIUM,25.7,True,RETURN_RAMP,0.4,PEAK_17_22,"Evening demand can rise when EV charging, HVAC and household activities overlap.",Warm weather can increase cooling demand during this period.,stage5_frozen_selected_model,stage6a_frozen_ensemble,stage6b_deterministic_rules,real
2025-09-20T18:00:00+02:00,2025-09-13T23:00:00+02:00,168,163,M1_GBT_CAL_WEATHER,4.838917585019432,0.1963519936,1.573788933,8.250165331299998,9.3384740595,3.481469789,0.28,MEDIUM,25.2,True,RETURN_RAMP,0.4,PEAK_17_22,"Evening demand can rise when EV charging, HVAC and household activities overlap.",Pool circulation or heating can add to household demand during this period.,stage5_frozen_selected_model,stage6a_frozen_ensemble,stage6b_deterministic_rules,real
2025-09-20T19:00:00+02:00,2025-09-13T23:00:00+02:00,168,164,M1_GBT_CAL_WEATHER,4.838917585019432,0.18841286110000002,2.0937948155,8.6487827672,10.187291467249999,3.481469789,0.315,MEDIUM,24.8,True,EVENING,0.4,PEAK_17_22,"Evening demand can rise when EV charging, HVAC and household activities overlap.",Pool circulation or heating can add to household demand during this period.,stage5_frozen_selected_model,stage6a_frozen_ensemble,stage6b_deterministic_rules,real
2025-09-20T20:00:00+02:00,2025-09-13T23:00:00+02:00,168,165,M1_GBT_CAL_WEATHER,4.292313491207371,0.20127068960000002,1.9844072465,9.009263983099997,10.574838524799995,3.481469789,0.36,MEDIUM,23.9,True,EVENING,0.4,PEAK_17_22,"Evening demand can rise when EV charging, HVAC and household activities overlap.",Pool circulation or heating can add to household demand during this period.,stage5_frozen_selected_model,stage6a_frozen_ensemble,stage6b_deterministic_rules,real
2025-09-20T21:00:00+02:00,2025-09-13T23:00:00+02:00,168,166,M1_GBT_CAL_WEATHER,2.64193103015789,0.414194652,1.3688332019999998,8.0252381757,8.6322753263,3.481469789,0.33,MEDIUM,24.3,True,EVENING,0.4,PEAK_17_22,"Evening demand can rise when EV charging, HVAC and household activities overlap.",Pool circulation or heating can add to household demand during this period.,stage5_frozen_selected_model,stage6a_frozen_ensemble,stage6b_deterministic_rules,real
2025-09-20T22:00:00+02:00,2025-09-13T23:00:00+02:00,168,167,M1_GBT_CAL_WEATHER,1.8602302539758209,0.3976103063,0.784170402,7.8036692156,8.3778001437,3.481469789,0.19,LOW,24.1,True,EVENING,0.28,STANDARD_22_24,Pool circulation or heating can add to household demand during this period.,,stage5_frozen_selected_model,stage6a_frozen_ensemble,stage6b_deterministic_rules,real
2025-09-20T23:00:00+02:00,2025-09-13T23:00:00+02:00,168,168,M1_GBT_CAL_WEATHER,1.0509098522470584,0.3433146252,0.601755056,3.8499928611999987,6.2982328127499745,3.481469789,0.105,LOW,23.9,True,NIGHT,0.28,STANDARD_22_24,"Demand is usually lower overnight, although base loads, HVAC, pool systems and EV charging may remain active.",,stage5_frozen_selected_model,stage6a_frozen_ensemble,stage6b_deterministic_rules,real
2025-09-17T00:00:00+02:00,2025-09-16T23:00:00+02:00,168,1,M1_GBT_CAL_WEATHER,1.2287202971749507,0.3002463641,0.4785287335,0.667362205,0.70734331575,3.7708782645000003,0.005,LOW,22.2,False,NIGHT,0.18,OFF_PEAK_00_06,"Demand is usually lower overnight, although base loads, HVAC, pool systems and EV charging may remain active.",,stage5_frozen_selected_model,stage6a_frozen_ensemble,stage6b_deterministic_rules,real
2025-09-17T01:00:00+02:00,2025-09-16T23:00:00+02:00,168,2,M1_GBT_CAL_WEATHER,1.2287202971749507,0.3016357501,0.4731760515,0.6480599723999999,0.6641660538999999,3.7708782645000003,0.0,LOW,22.3,False,NIGHT,0.18,OFF_PEAK_00_06,"Demand is usually lower overnight, although base loads, HVAC, pool systems and EV charging may remain active.",,stage5_frozen_selected_model,stage6a_frozen_ensemble,stage6b_deterministic_rules,real
2025-09-17T02:00:00+02:00,2025-09-16T23:00:00+02:00,168,3,M1_GBT_CAL_WEATHER,1.2287202971749507,0.3031467785,0.4746977885,0.6497147819,0.6658584062499999,3.7708782645000003,0.0,LOW,21.7,False,NIGHT,0.18,OFF_PEAK_00_06,"Demand is usually lower overnight, although base loads, HVAC, pool systems and EV charging may remain active.",,stage5_frozen_selected_model,stage6a_frozen_ensemble,stage6b_deterministic_rules,real
2025-09-17T03:00:00+02:00,2025-09-16T23:00:00+02:00,168,4,M1_GBT_CAL_WEATHER,1.2287202971749507,0.3044044475,0.4760045335,0.6511357989000001,0.6673116620499999,3.7708782645000003,0.0,LOW,21.5,False,NIGHT,0.18,OFF_PEAK_00_06,"Demand is usually lower overnight, although base loads, HVAC, pool systems and EV charging may remain active.",,stage5_frozen_selected_model,stage6a_frozen_ensemble,stage6b_deterministic_rules,real
2025-09-17T04:00:00+02:00,2025-09-16T23:00:00+02:00,168,5,M1_GBT_CAL_WEATHER,1.2287202971749507,0.3054837537,0.4770072345,0.652226184,0.6684267837499999,3.7708782645000003,0.0,LOW,21.1,False,NIGHT,0.18,OFF_PEAK_00_06,"Demand is usually lower overnight, although base loads, HVAC, pool systems and EV charging may remain active.",,stage5_frozen_selected_model,stage6a_frozen_ensemble,stage6b_deterministic_rules,real
2025-09-17T05:00:00+02:00,2025-09-16T23:00:00+02:00,168,6,M1_GBT_CAL_WEATHER,1.2287202971749507,0.3060978325,0.477637559,0.6529116287,0.6691277791999999,3.7708782645000003,0.0,LOW,20.8,False,NIGHT,0.18,OFF_PEAK_00_06,"Demand is usually lower overnight, although base loads, HVAC, pool systems and EV charging may remain active.",,stage5_frozen_selected_model,stage6a_frozen_ensemble,stage6b_deterministic_rules,real
2025-09-17T06:00:00+02:00,2025-09-16T23:00:00+02:00,168,7,M1_GBT_CAL_WEATHER,1.2287202971749507,0.3242373707,0.5351145575,1.2305030316999996,1.4962178494499991,3.7708782645000003,0.005,LOW,20.8,False,NIGHT,0.28,STANDARD_06_17,Pool circulation or heating can add to household demand during this period.,"Demand is usually lower overnight, although base loads, HVAC, pool systems and EV charging may remain active.",stage5_frozen_selected_model,stage6a_frozen_ensemble,stage6b_deterministic_rules,real
2025-09-17T07:00:00+02:00,2025-09-16T23:00:00+02:00,168,8,M1_GBT_CAL_WEATHER,1.2287202971749507,0.35676117500000004,0.8217091835,1.9894692013,2.5386066548499993,3.7708782645000003,0.02,LOW,21.0,False,MORNING,0.28,STANDARD_06_17,Pool circulation or heating can add to household demand during this period.,,stage5_frozen_selected_model,stage6a_frozen_ensemble,stage6b_deterministic_rules,real
2025-09-17T08:00:00+02:00,2025-09-16T23:00:00+02:00,168,9,M1_GBT_CAL_WEATHER,1.2287202971749507,0.185614574,0.882425546,2.0711398142,2.7165392727999995,3.7708782645000003,0.025,LOW,21.6,False,MORNING,0.28,STANDARD_06_17,Pool circulation or heating can add to household demand during this period.,,stage5_frozen_selected_model,stage6a_frozen_ensemble,stage6b_deterministic_rules,real
2025-09-17T09:00:00+02:00,2025-09-16T23:00:00+02:00,168,10,M1_GBT_CAL_WEATHER,1.2287202971749507,0.2109442889,1.0001129385,1.3204706955,1.36741869265,3.7708782645000003,0.01,LOW,22.3,False,DAYTIME,0.28,STANDARD_06_17,Pool circulation or heating can add to household demand during this period.,,stage5_frozen_selected_model,stage6a_frozen_ensemble,stage6b_deterministic_rules,real
2025-09-17T10:00:00+02:00,2025-09-16T23:00:00+02:00,168,11,M1_GBT_CAL_WEATHER,1.2287202971749507,0.22853111210000002,1.0073169100000001,1.3217818288999998,1.3663223091999999,3.7708782645000003,0.015,LOW,23.2,False,DAYTIME,0.28,STANDARD_06_17,Pool circulation or heating can add to household demand during this period.,,stage5_frozen_selected_model,stage6a_frozen_ensemble,stage6b_deterministic_rules,real
2025-09-17T11:00:00+02:00,2025-09-16T23:00:00+02:00,168,12,M1_GBT_CAL_WEATHER,1.3584061502238087,0.21150808540000002,0.9804348585,1.3204223962,1.3744102535999996,3.7708782645000003,0.005,LOW,24.7,False,DAYTIME,0.28,STANDARD_06_17,Pool circulation or heating can add to household demand during this period.,,stage5_frozen_selected_model,stage6a_frozen_ensemble,stage6b_deterministic_rules,real
2025-09-17T12:00:00+02:00,2025-09-16T23:00:00+02:00,168,13,M1_GBT_CAL_WEATHER,1.3819898706204747,0.16936686990000002,0.8614872434999999,1.3026229732,1.3664853075999999,3.7708782645000003,0.0,LOW,26.4,False,DAYTIME,0.28,STANDARD_06_17,Warm weather can increase cooling demand during this period.,Pool circulation or heating can add to household demand during this period.,stage5_frozen_selected_model,stage6a_frozen_ensemble,stage6b_deterministic_rules,real
2025-09-17T13:00:00+02:00,2025-09-16T23:00:00+02:00,168,14,M1_GBT_CAL_WEATHER,1.702943719833296,0.1454624645,0.528952402,1.2896582343999998,1.3902846118999999,3.7708782645000003,0.02,LOW,27.2,False,DAYTIME,0.28,STANDARD_06_17,Warm weather can increase cooling demand during this period.,Pool circulation or heating can add to household demand during this period.,stage5_frozen_selected_model,stage6a_frozen_ensemble,stage6b_deterministic_rules,real
2025-09-17T14:00:00+02:00,2025-09-16T23:00:00+02:00,168,15,M1_GBT_CAL_WEATHER,1.7548197274415573,0.1416187692,0.22814686350000002,1.3324207541,2.0158564169499993,3.7708782645000003,0.025,LOW,27.6,False,DAYTIME,0.28,STANDARD_06_17,Warm weather can increase cooling demand during this period.,Pool circulation or heating can add to household demand during this period.,stage5_frozen_selected_model,stage6a_frozen_ensemble,stage6b_deterministic_rules,real
2025-09-17T15:00:00+02:00,2025-09-16T23:00:00+02:00,168,16,M1_GBT_CAL_WEATHER,2.0392679615265212,0.14766893180000001,0.739254607,2.0484172928999995,2.7734324050499994,3.7708782645000003,0.02,LOW,27.7,False,DAYTIME,0.28,STANDARD_06_17,Warm weather can increase cooling demand during this period.,Pool circulation or heating can add to household demand during this period.,stage5_frozen_selected_model,stage6a_frozen_ensemble,stage6b_deterministic_rules,real
2025-09-17T16:00:00+02:00,2025-09-16T23:00:00+02:00,168,17,M1_GBT_CAL_WEATHER,2.4401039738865276,0.179591276,1.2388311505,3.5867630428999973,5.9179606655,3.7708782645000003,0.1,LOW,27.8,False,RETURN_RAMP,0.28,STANDARD_06_17,Warm weather can increase cooling demand during this period.,Pool circulation or heating can add to household demand during this period.,stage5_frozen_selected_model,stage6a_frozen_ensemble,stage6b_deterministic_rules,real
2025-09-17T17:00:00+02:00,2025-09-16T23:00:00+02:00,168,18,M1_GBT_CAL_WEATHER,4.271220175463494,0.7436397506,2.595061638,9.392096498699999,10.824096548399993,3.7708782645000003,0.385,MEDIUM,27.6,False,RETURN_RAMP,0.4,PEAK_17_22,"Evening demand can rise when EV charging, HVAC and household activities overlap.",Warm weather can increase cooling demand during this period.,stage5_frozen_selected_model,stage6a_frozen_ensemble,stage6b_deterministic_rules,real
2025-09-17T18:00:00+02:00,2025-09-16T23:00:00+02:00,168,19,M1_GBT_CAL_WEATHER,6.184656890174077,0.8638165265000001,4.983872568,11.7988413689,13.655110636299987,3.7708782645000003,0.54,HIGH,27.1,False,RETURN_RAMP,0.4,PEAK_17_22,"This is a high-risk period because EV charging can coincide with HVAC, cooking and optional high-power loads such as the sauna.",Warm weather can increase cooling demand during this period.,stage5_frozen_selected_model,stage6a_frozen_ensemble,stage6b_deterministic_rules,real
2025-09-17T19:00:00+02:00,2025-09-16T23:00:00+02:00,168,20,M1_GBT_CAL_WEATHER,5.6049573658902725,0.2204676962,4.8215286619999995,12.549495381899998,16.0385840111,3.7708782645000003,0.555,HIGH,26.0,False,EVENING,0.4,PEAK_17_22,"This is a high-risk period because EV charging can coincide with HVAC, cooking and optional high-power loads such as the sauna.",Warm weather can increase cooling demand during this period.,stage5_frozen_selected_model,stage6a_frozen_ensemble,stage6b_deterministic_rules,real
2025-09-17T20:00:00+02:00,2025-09-16T23:00:00+02:00,168,21,M1_GBT_CAL_WEATHER,4.594762858609266,0.2074823687,2.8853360235,10.086099797400001,12.118453665149998,3.7708782645000003,0.415,HIGH,24.6,False,EVENING,0.4,PEAK_17_22,"This is a high-risk period because EV charging can coincide with HVAC, cooking and optional high-power loads such as the sauna.",Pool circulation or heating can add to household demand during this period.,stage5_frozen_selected_model,stage6a_frozen_ensemble,stage6b_deterministic_rules,real
2025-09-17T21:00:00+02:00,2025-09-16T23:00:00+02:00,168,22,M1_GBT_CAL_WEATHER,2.6137891597048712,0.31382498980000006,1.2053874075,7.9225961797,8.554096099950002,3.7708782645000003,0.255,MEDIUM,23.8,False,EVENING,0.4,PEAK_17_22,"Evening demand can rise when EV charging, HVAC and household activities overlap.",Pool circulation or heating can add to household demand during this period.,stage5_frozen_selected_model,stage6a_frozen_ensemble,stage6b_deterministic_rules,real
2025-09-17T22:00:00+02:00,2025-09-16T23:00:00+02:00,168,23,M1_GBT_CAL_WEATHER,2.011407750228332,0.3189170657,0.6517830600000001,1.9956125771999982,5.835460441199986,3.7708782645000003,0.075,LOW,23.7,False,EVENING,0.28,STANDARD_22_24,Pool circulation or heating can add to household demand during this period.,,stage5_frozen_selected_model,stage6a_frozen_ensemble,stage6b_deterministic_rules,real
2025-09-17T23:00:00+02:00,2025-09-16T23:00:00+02:00,168,24,M1_GBT_CAL_WEATHER,1.280596304783212,0.2983917636,0.534578415,1.0600407913999996,1.2752924397999996,3.7708782645000003,0.02,LOW,23.5,False,NIGHT,0.28,STANDARD_22_24,"Demand is usually lower overnight, although base loads, HVAC, pool systems and EV charging may remain active.",,stage5_frozen_selected_model,stage6a_frozen_ensemble,stage6b_deterministic_rules,real
2025-09-18T00:00:00+02:00,2025-09-16T23:00:00+02:00,168,25,M1_GBT_CAL_WEATHER,1.2287202971749507,0.30001375680000003,0.4816543985,0.6700748113,0.8008213923499998,3.7708782645000003,0.005,LOW,23.1,False,NIGHT,0.18,OFF_PEAK_00_06,"Demand is usually lower overnight, although base loads, HVAC, pool systems and EV charging may remain active.",,stage5_frozen_selected_model,stage6a_frozen_ensemble,stage6b_deterministic_rules,real
2025-09-18T01:00:00+02:00,2025-09-16T23:00:00+02:00,168,26,M1_GBT_CAL_WEATHER,1.2287202971749507,0.2984189554,0.47056852,0.6498618703,0.67552491385,3.7708782645000003,0.005,LOW,23.4,False,NIGHT,0.18,OFF_PEAK_00_06,"Demand is usually lower overnight, although base loads, HVAC, pool systems and EV charging may remain active.",,stage5_frozen_selected_model,stage6a_frozen_ensemble,stage6b_deterministic_rules,real
2025-09-18T02:00:00+02:00,2025-09-16T23:00:00+02:00,168,27,M1_GBT_CAL_WEATHER,1.2287202971749507,0.3000946867,0.472072676,0.6511974301,0.6770379761499999,3.7708782645000003,0.005,LOW,23.6,False,NIGHT,0.18,OFF_PEAK_00_06,"Demand is usually lower overnight, although base loads, HVAC, pool systems and EV charging may remain active.",,stage5_frozen_selected_model,stage6a_frozen_ensemble,stage6b_deterministic_rules,real
2025-09-18T03:00:00+02:00,2025-09-16T23:00:00+02:00,168,28,M1_GBT_CAL_WEATHER,1.2287202971749507,0.3015336702,0.47347604200000004,0.6511357989000001,0.6712997623999999,3.7708782645000003,0.0,LOW,23.3,False,NIGHT,0.18,OFF_PEAK_00_06,"Demand is usually lower overnight, although base loads, HVAC, pool systems and EV charging may remain active.",,stage5_frozen_selected_model,stage6a_frozen_ensemble,stage6b_deterministic_rules,real
2025-09-18T04:00:00+02:00,2025-09-16T23:00:00+02:00,168,29,M1_GBT_CAL_WEATHER,1.2287202971749507,0.3026378409,0.474566098,0.652226184,0.6722657439499998,3.7708782645000003,0.0,LOW,22.8,False,NIGHT,0.18,OFF_PEAK_00_06,"Demand is usually lower overnight, although base loads, HVAC, pool systems and EV charging may remain active.",,stage5_frozen_selected_model,stage6a_frozen_ensemble,stage6b_deterministic_rules,real
2025-09-18T05:00:00+02:00,2025-09-16T23:00:00+02:00,168,30,M1_GBT_CAL_WEATHER,1.2287202971749507,0.3059761424,0.480253194,0.6529116287,0.6728729857499999,3.7708782645000003,0.0,LOW,22.3,False,NIGHT,0.18,OFF_PEAK_00_06,"Demand is usually lower overnight, although base loads, HVAC, pool systems and EV charging may remain active.",,stage5_frozen_selected_model,stage6a_frozen_ensemble,stage6b_deterministic_rules,real
2025-09-18T06:00:00+02:00,2025-09-16T23:00:00+02:00,168,31,M1_GBT_CAL_WEATHER,1.2287202971749507,0.3356751087,0.549701199,1.1497940760999998,1.497095351049999,3.7708782645000003,0.01,LOW,22.0,False,NIGHT,0.28,STANDARD_06_17,Pool circulation or heating can add to household demand during this period.,"Demand is usually lower overnight, although base loads, HVAC, pool systems and EV charging may remain active.",stage5_frozen_selected_model,stage6a_frozen_ensemble,stage6b_deterministic_rules,real
2025-09-18T07:00:00+02:00,2025-09-16T23:00:00+02:00,168,32,M1_GBT_CAL_WEATHER,1.2287202971749507,0.40596261310000004,0.902101369,2.1062106568999996,2.443048163149995,3.7708782645000003,0.025,LOW,21.6,False,MORNING,0.28,STANDARD_06_17,Pool circulation or heating can add to household demand during this period.,,stage5_frozen_selected_model,stage6a_frozen_ensemble,stage6b_deterministic_rules,real
2025-09-18T08:00:00+02:00,2025-09-16T23:00:00+02:00,168,33,M1_GBT_CAL_WEATHER,1.2287202971749507,0.197003263,0.9215223775,1.849753401499999,2.639718204299997,3.7708782645000003,0.02,LOW,21.6,False,MORNING,0.28,STANDARD_06_17,Pool circulation or heating can add to household demand during this period.,,stage5_frozen_selected_model,stage6a_frozen_ensemble,stage6b_deterministic_rules,real
2025-09-18T09:00:00+02:00,2025-09-16T23:00:00+02:00,168,34,M1_GBT_CAL_WEATHER,1.2287202971749507,0.19587854200000002,1.037800789,1.3393021263,1.37550729155,3.7708782645000003,0.025,LOW,23.3,False,DAYTIME,0.28,STANDARD_06_17,Pool circulation or heating can add to household demand during this period.,,stage5_frozen_selected_model,stage6a_frozen_ensemble,stage6b_deterministic_rules,real
2025-09-18T10:00:00+02:00,2025-09-16T23:00:00+02:00,168,35,M1_GBT_CAL_WEATHER,1.3584061502238087,0.1920026796,0.9888434614999999,1.3485966673,1.3951623696,3.7708782645000003,0.03,LOW,24.9,False,DAYTIME,0.28,STANDARD_06_17,Pool circulation or heating can add to household demand during this period.,,stage5_frozen_selected_model,stage6a_frozen_ensemble,stage6b_deterministic_rules,real
2025-09-18T11:00:00+02:00,2025-09-16T23:00:00+02:00,168,36,M1_GBT_CAL_WEATHER,1.3819898706204747,0.1792415032,0.910525645,1.3391075983,1.3929854423,3.7708782645000003,0.02,LOW,26.6,False,DAYTIME,0.28,STANDARD_06_17,Warm weather can increase cooling demand during this period.,Pool circulation or heating can add to household demand during this period.,stage5_frozen_selected_model,stage6a_frozen_ensemble,stage6b_deterministic_rules,real
2025-09-18T12:00:00+02:00,2025-09-16T23:00:00+02:00,168,37,M1_GBT_CAL_WEATHER,1.702943719833296,0.16226355509999998,0.8675791879999999,1.3257922411999998,2.1360872578999968,3.7708782645000003,0.03,LOW,27.3,False,DAYTIME,0.28,STANDARD_06_17,Warm weather can increase cooling demand during this period.,Pool circulation or heating can add to household demand during this period.,stage5_frozen_selected_model,stage6a_frozen_ensemble,stage6b_deterministic_rules,real
2025-09-18T13:00:00+02:00,2025-09-16T23:00:00+02:00,168,38,M1_GBT_CAL_WEATHER,1.702943719833296,0.15552184370000002,0.5194876685,1.9749198058,2.721731947099999,3.7708782645000003,0.035,LOW,27.7,False,DAYTIME,0.28,STANDARD_06_17,Warm weather can increase cooling demand during this period.,Pool circulation or heating can add to household demand during this period.,stage5_frozen_selected_model,stage6a_frozen_ensemble,stage6b_deterministic_rules,real
2025-09-18T14:00:00+02:00,2025-09-16T23:00:00+02:00,168,39,M1_GBT_CAL_WEATHER,1.7548197274415573,0.1416187692,0.24240834049999999,2.4259657022999996,3.260230090249999,3.7708782645000003,0.035,LOW,27.8,False,DAYTIME,0.28,STANDARD_06_17,Warm weather can increase cooling demand during this period.,Pool circulation or heating can add to household demand during this period.,stage5_frozen_selected_model,stage6a_frozen_ensemble,stage6b_deterministic_rules,real
2025-09-18T15:00:00+02:00,2025-09-16T23:00:00+02:00,168,40,M1_GBT_CAL_WEATHER,2.0392679615265212,0.163172103,1.0295339515,2.6837718579,3.110679547199998,3.7708782645000003,0.02,LOW,27.8,False,DAYTIME,0.28,STANDARD_06_17,Warm weather can increase cooling demand during this period.,Pool circulation or heating can add to household demand during this period.,stage5_frozen_selected_model,stage6a_frozen_ensemble,stage6b_deterministic_rules,real
2025-09-18T16:00:00+02:00,2025-09-16T23:00:00+02:00,168,41,M1_GBT_CAL_WEATHER,2.3678698272684193,0.19003597319999999,1.5035799975,3.5137696778,3.9636065778999825,3.7708782645000003,0.06,LOW,27.6,False,RETURN_RAMP,0.28,STANDARD_06_17,Warm weather can increase cooling demand during this period.,Pool circulation or heating can add to household demand during this period.,stage5_frozen_selected_model,stage6a_frozen_ensemble,stage6b_deterministic_rules,real
2025-09-18T17:00:00+02:00,2025-09-16T23:00:00+02:00,168,42,M1_GBT_CAL_WEATHER,4.198986028845384,0.688461601,2.6264382805000004,8.751223346499998,9.952787266099998,3.7708782645000003,0.275,MEDIUM,27.3,False,RETURN_RAMP,0.4,PEAK_17_22,"Evening demand can rise when EV charging, HVAC and household activities overlap.",Warm weather can increase cooling demand during this period.,stage5_frozen_selected_model,stage6a_frozen_ensemble,stage6b_deterministic_rules,real
2025-09-18T18:00:00+02:00,2025-09-16T23:00:00+02:00,168,43,M1_GBT_CAL_WEATHER,6.09390461840724,0.7460309801999999,3.9841638925,12.3457755678,15.399028179799984,3.7708782645000003,0.53,HIGH,26.6,False,RETURN_RAMP,0.4,PEAK_17_22,"This is a high-risk period because EV charging can coincide with HVAC, cooking and optional high-power loads such as the sauna.",Warm weather can increase cooling demand during this period.,stage5_frozen_selected_model,stage6a_frozen_ensemble,stage6b_deterministic_rules,real
2025-09-18T19:00:00+02:00,2025-09-16T23:00:00+02:00,168,44,M1_GBT_CAL_WEATHER,6.09390461840724,0.2208270278,5.315156039,11.8745183775,15.361101951249998,3.7708782645000003,0.56,HIGH,25.6,False,EVENING,0.4,PEAK_17_22,"This is a high-risk period because EV charging can coincide with HVAC, cooking and optional high-power loads such as the sauna.",Warm weather can increase cooling demand during this period.,stage5_frozen_selected_model,stage6a_frozen_ensemble,stage6b_deterministic_rules,real
2025-09-18T20:00:00+02:00,2025-09-16T23:00:00+02:00,168,45,M1_GBT_CAL_WEATHER,4.522528711991158,0.20436034860000002,2.7466136015,9.744728565900001,11.786118529099996,3.7708782645000003,0.39,MEDIUM,24.9,False,EVENING,0.4,PEAK_17_22,"Evening demand can rise when EV charging, HVAC and household activities overlap.",Pool circulation or heating can add to household demand during this period.,stage5_frozen_selected_model,stage6a_frozen_ensemble,stage6b_deterministic_rules,real
2025-09-18T21:00:00+02:00,2025-09-16T23:00:00+02:00,168,46,M1_GBT_CAL_WEATHER,2.541555013086763,0.3096942958,1.1782902,8.024132142500001,8.7182367961,3.7708782645000003,0.23,MEDIUM,24.2,False,EVENING,0.4,PEAK_17_22,"Evening demand can rise when EV charging, HVAC and household activities overlap.",Pool circulation or heating can add to household demand during this period.,stage5_frozen_selected_model,stage6a_frozen_ensemble,stage6b_deterministic_rules,real
2025-09-18T22:00:00+02:00,2025-09-16T23:00:00+02:00,168,47,M1_GBT_CAL_WEATHER,2.011407750228332,0.2972468964,0.642395504,4.888664235399995,7.924948458049998,3.7708782645000003,0.105,LOW,23.9,False,EVENING,0.28,STANDARD_22_24,Pool circulation or heating can add to household demand during this period.,,stage5_frozen_selected_model,stage6a_frozen_ensemble,stage6b_deterministic_rules,real
2025-09-18T23:00:00+02:00,2025-09-16T23:00:00+02:00,168,48,M1_GBT_CAL_WEATHER,1.280596304783212,0.29870467440000004,0.533870335,1.1470161066999995,2.246284030699992,3.7708782645000003,0.04,LOW,23.4,False,NIGHT,0.28,STANDARD_22_24,"Demand is usually lower overnight, although base loads, HVAC, pool systems and EV charging may remain active.",,stage5_frozen_selected_model,stage6a_frozen_ensemble,stage6b_deterministic_rules,real
2025-09-19T00:00:00+02:00,2025-09-16T23:00:00+02:00,168,49,M1_GBT_CAL_WEATHER,1.2287202971749507,0.298581289,0.48727874299999996,0.6970490276,2.22636752785,3.7708782645000003,0.005,LOW,23.0,False,NIGHT,0.18,OFF_PEAK_00_06,"Demand is usually lower overnight, although base loads, HVAC, pool systems and EV charging may remain active.",,stage5_frozen_selected_model,stage6a_frozen_ensemble,stage6b_deterministic_rules,real
2025-09-19T01:00:00+02:00,2025-09-16T23:00:00+02:00,168,50,M1_GBT_CAL_WEATHER,1.2287202971749507,0.2971025131,0.47056852,0.6431436704,0.6685748573499999,3.7708782645000003,0.0,LOW,22.9,False,NIGHT,0.18,OFF_PEAK_00_06,"Demand is usually lower overnight, although base loads, HVAC, pool systems and EV charging may remain active.",,stage5_frozen_selected_model,stage6a_frozen_ensemble,stage6b_deterministic_rules,real
2025-09-19T02:00:00+02:00,2025-09-16T23:00:00+02:00,168,51,M1_GBT_CAL_WEATHER,1.2287202971749507,0.29837675610000003,0.472072676,0.6448927773,0.6700408691499999,3.7708782645000003,0.005,LOW,22.3,False,NIGHT,0.18,OFF_PEAK_00_06,"Demand is usually lower overnight, although base loads, HVAC, pool systems and EV charging may remain active.",,stage5_frozen_selected_model,stage6a_frozen_ensemble,stage6b_deterministic_rules,real
2025-09-19T03:00:00+02:00,2025-09-16T23:00:00+02:00,168,52,M1_GBT_CAL_WEATHER,1.2287202971749507,0.2994709728,0.47347604200000004,0.6463947701999999,0.6712997623999999,3.7708782645000003,0.005,LOW,22.2,False,NIGHT,0.18,OFF_PEAK_00_06,"Demand is usually lower overnight, although base loads, HVAC, pool systems and EV charging may remain active.",,stage5_frozen_selected_model,stage6a_frozen_ensemble,stage6b_deterministic_rules,real
2025-09-19T04:00:00+02:00,2025-09-16T23:00:00+02:00,168,53,M1_GBT_CAL_WEATHER,1.2287202971749507,0.3026378409,0.4770072345,0.6459277293,0.6684267837499999,3.7708782645000003,0.0,LOW,22.0,False,NIGHT,0.18,OFF_PEAK_00_06,"Demand is usually lower overnight, although base loads, HVAC, pool systems and EV charging may remain active.",,stage5_frozen_selected_model,stage6a_frozen_ensemble,stage6b_deterministic_rules,real
2025-09-19T05:00:00+02:00,2025-09-16T23:00:00+02:00,168,54,M1_GBT_CAL_WEATHER,1.2287202971749507,0.30333195220000003,0.477637559,0.646629401,0.6691277791999999,3.7708782645000003,0.0,LOW,21.8,False,NIGHT,0.18,OFF_PEAK_00_06,"Demand is usually lower overnight, although base loads, HVAC, pool systems and EV charging may remain active.",,stage5_frozen_selected_model,stage6a_frozen_ensemble,stage6b_deterministic_rules,real
2025-09-19T06:00:00+02:00,2025-09-16T23:00:00+02:00,168,55,M1_GBT_CAL_WEATHER,1.2287202971749507,0.3259986812,0.5583739255,1.2367160016,1.4261098511499988,3.7708782645000003,0.005,LOW,21.9,False,NIGHT,0.28,STANDARD_06_17,Pool circulation or heating can add to household demand during this period.,"Demand is usually lower overnight, although base loads, HVAC, pool systems and EV charging may remain active.",stage5_frozen_selected_model,stage6a_frozen_ensemble,stage6b_deterministic_rules,real
2025-09-19T07:00:00+02:00,2025-09-16T23:00:00+02:00,168,56,M1_GBT_CAL_WEATHER,1.2287202971749507,0.3501444011,0.8553083855,2.036034333,2.454649357799996,3.7708782645000003,0.01,LOW,21.7,False,MORNING,0.28,STANDARD_06_17,Pool circulation or heating can add to household demand during this period.,,stage5_frozen_selected_model,stage6a_frozen_ensemble,stage6b_deterministic_rules,real
2025-09-19T08:00:00+02:00,2025-09-16T23:00:00+02:00,168,57,M1_GBT_CAL_WEATHER,1.2287202971749507,0.19165022870000004,0.9287445505,1.9359284669999999,2.7978773906499974,3.7708782645000003,0.005,LOW,21.5,False,MORNING,0.28,STANDARD_06_17,Pool circulation or heating can add to household demand during this period.,,stage5_frozen_selected_model,stage6a_frozen_ensemble,stage6b_deterministic_rules,real
2025-09-19T09:00:00+02:00,2025-09-16T23:00:00+02:00,168,58,M1_GBT_CAL_WEATHER,1.2287202971749507,0.1965854173,1.004077648,1.3066559318,1.3557781848499997,3.7708782645000003,0.015,LOW,22.3,False,DAYTIME,0.28,STANDARD_06_17,Pool circulation or heating can add to household demand during this period.,,stage5_frozen_selected_model,stage6a_frozen_ensemble,stage6b_deterministic_rules,real
2025-09-19T10:00:00+02:00,2025-09-16T23:00:00+02:00,168,59,M1_GBT_CAL_WEATHER,1.2287202971749507,0.25565408040000004,1.0128896535,1.3392814132,1.474122114149999,3.7708782645000003,0.025,LOW,23.3,False,DAYTIME,0.28,STANDARD_06_17,Pool circulation or heating can add to household demand during this period.,,stage5_frozen_selected_model,stage6a_frozen_ensemble,stage6b_deterministic_rules,real
2025-09-19T11:00:00+02:00,2025-09-16T23:00:00+02:00,168,60,M1_GBT_CAL_WEATHER,1.3584061502238087,0.2876965395,0.9903695955,1.3527353048,1.5014560102999999,3.7708782645000003,0.045,LOW,24.6,False,DAYTIME,0.28,STANDARD_06_17,Pool circulation or heating can add to household demand during this period.,,stage5_frozen_selected_model,stage6a_frozen_ensemble,stage6b_deterministic_rules,real
2025-09-19T12:00:00+02:00,2025-09-16T23:00:00+02:00,168,61,M1_GBT_CAL_WEATHER,1.3819898706204747,0.1674022986,0.8530608155000001,1.3454642972,1.589562255699995,3.7708782645000003,0.035,LOW,25.8,False,DAYTIME,0.28,STANDARD_06_17,Warm weather can increase cooling demand during this period.,Pool circulation or heating can add to household demand during this period.,stage5_frozen_selected_model,stage6a_frozen_ensemble,stage6b_deterministic_rules,real
2025-09-19T13:00:00+02:00,2025-09-16T23:00:00+02:00,168,62,M1_GBT_CAL_WEATHER,1.3819898706204747,0.1489501577,0.2796480555,1.3361560404,1.5086649940499997,3.7708782645000003,0.015,LOW,26.7,False,DAYTIME,0.28,STANDARD_06_17,Warm weather can increase cooling demand during this period.,Pool circulation or heating can add to household demand during this period.,stage5_frozen_selected_model,stage6a_frozen_ensemble,stage6b_deterministic_rules,real
2025-09-19T14:00:00+02:00,2025-09-16T23:00:00+02:00,168,63,M1_GBT_CAL_WEATHER,1.7548197274415573,0.1414765639,0.20832668999999998,1.3450979943999999,2.037171386249999,3.7708782645000003,0.01,LOW,27.2,False,DAYTIME,0.28,STANDARD_06_17,Warm weather can increase cooling demand during this period.,Pool circulation or heating can add to household demand during this period.,stage5_frozen_selected_model,stage6a_frozen_ensemble,stage6b_deterministic_rules,real
2025-09-19T15:00:00+02:00,2025-09-16T23:00:00+02:00,168,64,M1_GBT_CAL_WEATHER,2.0392679615265212,0.1536951511,0.6503256065,2.0737143454,2.6763031649999998,3.7708782645000003,0.01,LOW,27.4,False,DAYTIME,0.28,STANDARD_06_17,Warm weather can increase cooling demand during this period.,Pool circulation or heating can add to household demand during this period.,stage5_frozen_selected_model,stage6a_frozen_ensemble,stage6b_deterministic_rules,real
2025-09-19T16:00:00+02:00,2025-09-16T23:00:00+02:00,168,65,M1_GBT_CAL_WEATHER,2.3678698272684193,0.20070672960000002,1.264580337,3.3542259870999986,4.429654118099998,3.7708782645000003,0.085,LOW,27.0,False,RETURN_RAMP,0.28,STANDARD_06_17,Warm weather can increase cooling demand during this period.,Pool circulation or heating can add to household demand during this period.,stage5_frozen_selected_model,stage6a_frozen_ensemble,stage6b_deterministic_rules,real
2025-09-19T17:00:00+02:00,2025-09-16T23:00:00+02:00,168,66,M1_GBT_CAL_WEATHER,3.905191747699476,0.7614850958000001,2.7375048545,9.303452643299998,10.50020621605,3.7708782645000003,0.345,MEDIUM,26.7,False,RETURN_RAMP,0.4,PEAK_17_22,"Evening demand can rise when EV charging, HVAC and household activities overlap.",Warm weather can increase cooling demand during this period.,stage5_frozen_selected_model,stage6a_frozen_ensemble,stage6b_deterministic_rules,real
2025-09-19T18:00:00+02:00,2025-09-16T23:00:00+02:00,168,67,M1_GBT_CAL_WEATHER,5.424898312704568,0.7412592676000002,5.0848700220000005,12.1451763452,15.01462346659999,3.7708782645000003,0.565,HIGH,25.9,False,RETURN_RAMP,0.4,PEAK_17_22,"This is a high-risk period because EV charging can coincide with HVAC, cooking and optional high-power loads such as the sauna.",Warm weather can increase cooling demand during this period.,stage5_frozen_selected_model,stage6a_frozen_ensemble,stage6b_deterministic_rules,real
2025-09-19T19:00:00+02:00,2025-09-16T23:00:00+02:00,168,68,M1_GBT_CAL_WEATHER,5.424898312704568,0.9514680603000003,5.761302086500001,12.680066607099999,15.97458700325,3.7708782645000003,0.595,HIGH,25.1,False,EVENING,0.4,PEAK_17_22,"This is a high-risk period because EV charging can coincide with HVAC, cooking and optional high-power loads such as the sauna.",Pool circulation or heating can add to household demand during this period.,stage5_frozen_selected_model,stage6a_frozen_ensemble,stage6b_deterministic_rules,real
2025-09-19T20:00:00+02:00,2025-09-16T23:00:00+02:00,168,69,M1_GBT_CAL_WEATHER,4.336513136487586,0.25925778880000006,2.5921992005,10.6201090027,14.496212116949986,3.7708782645000003,0.405,HIGH,23.8,False,EVENING,0.4,PEAK_17_22,"This is a high-risk period because EV charging can coincide with HVAC, cooking and optional high-power loads such as the sauna.",Pool circulation or heating can add to household demand during this period.,stage5_frozen_selected_model,stage6a_frozen_ensemble,stage6b_deterministic_rules,real
2025-09-19T21:00:00+02:00,2025-09-16T23:00:00+02:00,168,70,M1_GBT_CAL_WEATHER,2.541555013086763,0.4449947989,1.0512658215,7.9950907024,9.408882947999984,3.7708782645000003,0.28,MEDIUM,23.4,False,EVENING,0.4,PEAK_17_22,"Evening demand can rise when EV charging, HVAC and household activities overlap.",Pool circulation or heating can add to household demand during this period.,stage5_frozen_selected_model,stage6a_frozen_ensemble,stage6b_deterministic_rules,real
2025-09-19T22:00:00+02:00,2025-09-16T23:00:00+02:00,168,71,M1_GBT_CAL_WEATHER,2.011407750228332,0.38294485740000006,0.6787229265,2.2234503722999963,7.991205979049998,3.7708782645000003,0.09,LOW,23.3,False,EVENING,0.28,STANDARD_22_24,Pool circulation or heating can add to household demand during this period.,,stage5_frozen_selected_model,stage6a_frozen_ensemble,stage6b_deterministic_rules,real
2025-09-19T23:00:00+02:00,2025-09-16T23:00:00+02:00,168,72,M1_GBT_CAL_WEATHER,1.280596304783212,0.3225525785,0.5887948245,1.1190369928,1.311753809299999,3.7708782645000003,0.025,LOW,24.0,False,NIGHT,0.28,STANDARD_22_24,"Demand is usually lower overnight, although base loads, HVAC, pool systems and EV charging may remain active.",,stage5_frozen_selected_model,stage6a_frozen_ensemble,stage6b_deterministic_rules,real
2025-09-20T00:00:00+02:00,2025-09-16T23:00:00+02:00,168,73,M1_GBT_CAL_WEATHER,1.2287202971749507,0.31372299000000003,0.5186666575000001,0.6778701686999999,0.83600946665,3.7708782645000003,0.0,LOW,23.2,True,NIGHT,0.18,OFF_PEAK_00_06,"Demand is usually lower overnight, although base loads, HVAC, pool systems and EV charging may remain active.",,stage5_frozen_selected_model,stage6a_frozen_ensemble,stage6b_deterministic_rules,real
2025-09-20T01:00:00+02:00,2025-09-16T23:00:00+02:00,168,74,M1_GBT_CAL_WEATHER,1.2287202971749507,0.31500222330000005,0.482710967,0.6498618703,0.6685748573499999,3.7708782645000003,0.0,LOW,22.9,True,NIGHT,0.18,OFF_PEAK_00_06,"Demand is usually lower overnight, although base loads, HVAC, pool systems and EV charging may remain active.",,stage5_frozen_selected_model,stage6a_frozen_ensemble,stage6b_deterministic_rules,real
2025-09-20T02:00:00+02:00,2025-09-16T23:00:00+02:00,168,75,M1_GBT_CAL_WEATHER,1.2287202971749507,0.3177119435,0.485076469,0.6514319019,0.6770379761499999,3.7708782645000003,0.0,LOW,22.8,True,NIGHT,0.18,OFF_PEAK_00_06,"Demand is usually lower overnight, although base loads, HVAC, pool systems and EV charging may remain active.",,stage5_frozen_selected_model,stage6a_frozen_ensemble,stage6b_deterministic_rules,real
2025-09-20T03:00:00+02:00,2025-09-16T23:00:00+02:00,168,76,M1_GBT_CAL_WEATHER,1.2287202971749507,0.3224739626,0.486731881,0.653071324,0.67969919955,3.7708782645000003,0.005,LOW,22.8,True,NIGHT,0.18,OFF_PEAK_00_06,"Demand is usually lower overnight, although base loads, HVAC, pool systems and EV charging may remain active.",,stage5_frozen_selected_model,stage6a_frozen_ensemble,stage6b_deterministic_rules,real
2025-09-20T04:00:00+02:00,2025-09-16T23:00:00+02:00,168,77,M1_GBT_CAL_WEATHER,1.2287202971749507,0.3233875349,0.4878395175,0.6535160707,0.6793282268999999,3.7708782645000003,0.005,LOW,22.7,True,NIGHT,0.18,OFF_PEAK_00_06,"Demand is usually lower overnight, although base loads, HVAC, pool systems and EV charging may remain active.",,stage5_frozen_selected_model,stage6a_frozen_ensemble,stage6b_deterministic_rules,real
2025-09-20T05:00:00+02:00,2025-09-16T23:00:00+02:00,168,78,M1_GBT_CAL_WEATHER,1.2287202971749507,0.3240128586,0.488535807,0.6540849085,0.6728729857499999,3.7708782645000003,0.0,LOW,22.4,True,NIGHT,0.18,OFF_PEAK_00_06,"Demand is usually lower overnight, although base loads, HVAC, pool systems and EV charging may remain active.",,stage5_frozen_selected_model,stage6a_frozen_ensemble,stage6b_deterministic_rules,real
2025-09-20T06:00:00+02:00,2025-09-16T23:00:00+02:00,168,79,M1_GBT_CAL_WEATHER,1.2287202971749507,0.33963197840000003,0.562490487,1.1195128114,1.45818934385,3.7708782645000003,0.0,LOW,22.3,True,NIGHT,0.28,STANDARD_06_17,Pool circulation or heating can add to household demand during this period.,"Demand is usually lower overnight, although base loads, HVAC, pool systems and EV charging may remain active.",stage5_frozen_selected_model,stage6a_frozen_ensemble,stage6b_deterministic_rules,real
2025-09-20T07:00:00+02:00,2025-09-16T23:00:00+02:00,168,80,M1_GBT_CAL_WEATHER,1.2287202971749507,0.3710383815,0.7057759855000001,1.8407886775,2.483347257449999,3.7708782645000003,0.01,LOW,22.0,True,MORNING,0.28,STANDARD_06_17,Pool circulation or heating can add to household demand during this period.,Weekend occupancy can increase daytime household activity.,stage5_frozen_selected_model,stage6a_frozen_ensemble,stage6b_deterministic_rules,real
2025-09-20T08:00:00+02:00,2025-09-16T23:00:00+02:00,168,81,M1_GBT_CAL_WEATHER,1.2287202971749507,0.1836889686,0.8436291140000001,1.6561408058999991,2.6186764729999994,3.7708782645000003,0.02,LOW,22.1,True,MORNING,0.28,STANDARD_06_17,Pool circulation or heating can add to household demand during this period.,Weekend occupancy can increase daytime household activity.,stage5_frozen_selected_model,stage6a_frozen_ensemble,stage6b_deterministic_rules,real
2025-09-20T09:00:00+02:00,2025-09-16T23:00:00+02:00,168,82,M1_GBT_CAL_WEATHER,1.2287202971749507,0.2157062987,1.0009210065,1.3252679776,1.3810835022999994,3.7708782645000003,0.03,LOW,22.9,True,DAYTIME,0.28,STANDARD_06_17,Pool circulation or heating can add to household demand during this period.,Weekend occupancy can increase daytime household activity.,stage5_frozen_selected_model,stage6a_frozen_ensemble,stage6b_deterministic_rules,real
2025-09-20T10:00:00+02:00,2025-09-16T23:00:00+02:00,168,83,M1_GBT_CAL_WEATHER,1.2287202971749507,0.25132406590000006,1.0704176925,1.3867550967,2.4312909221999965,3.7708782645000003,0.03,LOW,24.0,True,DAYTIME,0.28,STANDARD_06_17,Pool circulation or heating can add to household demand during this period.,Weekend occupancy can increase daytime household activity.,stage5_frozen_selected_model,stage6a_frozen_ensemble,stage6b_deterministic_rules,real
2025-09-20T11:00:00+02:00,2025-09-16T23:00:00+02:00,168,84,M1_GBT_CAL_WEATHER,1.3584061502238087,0.33788326160000004,1.049427284,1.4342120057999999,2.6344273137999945,3.7708782645000003,0.04,LOW,25.3,True,DAYTIME,0.28,STANDARD_06_17,Pool circulation or heating can add to household demand during this period.,Weekend occupancy can increase daytime household activity.,stage5_frozen_selected_model,stage6a_frozen_ensemble,stage6b_deterministic_rules,real
2025-09-20T12:00:00+02:00,2025-09-16T23:00:00+02:00,168,85,M1_GBT_CAL_WEATHER,1.3819898706204747,0.179721073,0.954704399,1.3969560292,2.619961156499999,3.7708782645000003,0.025,LOW,25.9,True,DAYTIME,0.28,STANDARD_06_17,Warm weather can increase cooling demand during this period.,Pool circulation or heating can add to household demand during this period.,stage5_frozen_selected_model,stage6a_frozen_ensemble,stage6b_deterministic_rules,real
2025-09-20T13:00:00+02:00,2025-09-16T23:00:00+02:00,168,86,M1_GBT_CAL_WEATHER,1.3819898706204747,0.1642671992,0.7887637535,1.7916293024999999,2.639759332799997,3.7708782645000003,0.01,LOW,26.1,True,DAYTIME,0.28,STANDARD_06_17,Warm weather can increase cooling demand during this period.,Pool circulation or heating can add to household demand during this period.,stage5_frozen_selected_model,stage6a_frozen_ensemble,stage6b_deterministic_rules,real
2025-09-20T14:00:00+02:00,2025-09-16T23:00:00+02:00,168,87,M1_GBT_CAL_WEATHER,1.4338658782287361,0.1543513231,0.5759986875,2.190744534099999,2.7071973332499986,3.7708782645000003,0.01,LOW,26.0,True,DAYTIME,0.28,STANDARD_06_17,Warm weather can increase cooling demand during this period.,Pool circulation or heating can add to household demand during this period.,stage5_frozen_selected_model,stage6a_frozen_ensemble,stage6b_deterministic_rules,real
2025-09-20T15:00:00+02:00,2025-09-16T23:00:00+02:00,168,88,M1_GBT_CAL_WEATHER,1.8204259696711278,0.15710894120000002,0.818161677,2.5708936996999996,2.879463973749989,3.7708782645000003,0.04,LOW,25.9,True,DAYTIME,0.28,STANDARD_06_17,Warm weather can increase cooling demand during this period.,Pool circulation or heating can add to household demand during this period.,stage5_frozen_selected_model,stage6a_frozen_ensemble,stage6b_deterministic_rules,real
2025-09-20T16:00:00+02:00,2025-09-16T23:00:00+02:00,168,89,M1_GBT_CAL_WEATHER,2.1338173446953195,0.2035958254,1.0999708435,5.707524820199997,8.353815876699997,3.7708782645000003,0.15,LOW,25.9,True,RETURN_RAMP,0.28,STANDARD_06_17,Warm weather can increase cooling demand during this period.,Pool circulation or heating can add to household demand during this period.,stage5_frozen_selected_model,stage6a_frozen_ensemble,stage6b_deterministic_rules,real
2025-09-20T17:00:00+02:00,2025-09-16T23:00:00+02:00,168,90,M1_GBT_CAL_WEATHER,3.905191747699476,0.2762252428,1.2983032115,8.383297732099999,9.517522498899996,3.7708782645000003,0.19,LOW,25.7,True,RETURN_RAMP,0.4,PEAK_17_22,Warm weather can increase cooling demand during this period.,Pool circulation or heating can add to household demand during this period.,stage5_frozen_selected_model,stage6a_frozen_ensemble,stage6b_deterministic_rules,real
2025-09-20T18:00:00+02:00,2025-09-16T23:00:00+02:00,168,91,M1_GBT_CAL_WEATHER,5.424898312704568,0.1963519936,1.573788933,8.250165331299998,9.3384740595,3.7708782645000003,0.26,MEDIUM,25.2,True,RETURN_RAMP,0.4,PEAK_17_22,"Evening demand can rise when EV charging, HVAC and household activities overlap.",Pool circulation or heating can add to household demand during this period.,stage5_frozen_selected_model,stage6a_frozen_ensemble,stage6b_deterministic_rules,real
2025-09-20T19:00:00+02:00,2025-09-16T23:00:00+02:00,168,92,M1_GBT_CAL_WEATHER,5.424898312704568,0.18841286110000002,2.0937948155,8.6487827672,10.187291467249999,3.7708782645000003,0.28,MEDIUM,24.8,True,EVENING,0.4,PEAK_17_22,"Evening demand can rise when EV charging, HVAC and household activities overlap.",Pool circulation or heating can add to household demand during this period.,stage5_frozen_selected_model,stage6a_frozen_ensemble,stage6b_deterministic_rules,real
2025-09-20T20:00:00+02:00,2025-09-16T23:00:00+02:00,168,93,M1_GBT_CAL_WEATHER,4.336513136487586,0.20127068960000002,1.9844072465,9.009263983099997,10.574838524799995,3.7708782645000003,0.335,MEDIUM,23.9,True,EVENING,0.4,PEAK_17_22,"Evening demand can rise when EV charging, HVAC and household activities overlap.",Pool circulation or heating can add to household demand during this period.,stage5_frozen_selected_model,stage6a_frozen_ensemble,stage6b_deterministic_rules,real
2025-09-20T21:00:00+02:00,2025-09-16T23:00:00+02:00,168,94,M1_GBT_CAL_WEATHER,2.541555013086763,0.414194652,1.3688332019999998,8.0252381757,8.6322753263,3.7708782645000003,0.3,MEDIUM,24.3,True,EVENING,0.4,PEAK_17_22,"Evening demand can rise when EV charging, HVAC and household activities overlap.",Pool circulation or heating can add to household demand during this period.,stage5_frozen_selected_model,stage6a_frozen_ensemble,stage6b_deterministic_rules,real
2025-09-20T22:00:00+02:00,2025-09-16T23:00:00+02:00,168,95,M1_GBT_CAL_WEATHER,2.011407750228332,0.3976103063,0.784170402,7.8036692156,8.3778001437,3.7708782645000003,0.19,LOW,24.1,True,EVENING,0.28,STANDARD_22_24,Pool circulation or heating can add to household demand during this period.,,stage5_frozen_selected_model,stage6a_frozen_ensemble,stage6b_deterministic_rules,real
2025-09-20T23:00:00+02:00,2025-09-16T23:00:00+02:00,168,96,M1_GBT_CAL_WEATHER,1.280596304783212,0.3433146252,0.601755056,3.8499928611999987,6.2982328127499745,3.7708782645000003,0.105,LOW,23.9,True,NIGHT,0.28,STANDARD_22_24,"Demand is usually lower overnight, although base loads, HVAC, pool systems and EV charging may remain active.",,stage5_frozen_selected_model,stage6a_frozen_ensemble,stage6b_deterministic_rules,real
2025-09-21T00:00:00+02:00,2025-09-16T23:00:00+02:00,168,97,M1_GBT_CAL_WEATHER,1.2287202971749507,0.32594914340000003,0.5313860939999999,2.160322035499999,2.8187084467499983,3.7708782645000003,0.035,LOW,24.1,True,NIGHT,0.18,OFF_PEAK_00_06,"Demand is usually lower overnight, although base loads, HVAC, pool systems and EV charging may remain active.",,stage5_frozen_selected_model,stage6a_frozen_ensemble,stage6b_deterministic_rules,real
2025-09-21T01:00:00+02:00,2025-09-16T23:00:00+02:00,168,98,M1_GBT_CAL_WEATHER,1.2287202971749507,0.31989689990000003,0.505556558,0.664021828,0.6985159463499999,3.7708782645000003,0.015,LOW,24.0,True,NIGHT,0.18,OFF_PEAK_00_06,"Demand is usually lower overnight, although base loads, HVAC, pool systems and EV charging may remain active.",,stage5_frozen_selected_model,stage6a_frozen_ensemble,stage6b_deterministic_rules,real
2025-09-21T02:00:00+02:00,2025-09-16T23:00:00+02:00,168,99,M1_GBT_CAL_WEATHER,1.2287202971749507,0.3205867772,0.488908193,0.6575734618,0.67997710175,3.7708782645000003,0.0,LOW,23.8,True,NIGHT,0.18,OFF_PEAK_00_06,"Demand is usually lower overnight, although base loads, HVAC, pool systems and EV charging may remain active.",,stage5_frozen_selected_model,stage6a_frozen_ensemble,stage6b_deterministic_rules,real
2025-09-21T03:00:00+02:00,2025-09-16T23:00:00+02:00,168,100,M1_GBT_CAL_WEATHER,1.2287202971749507,0.3191306553,0.49030452599999996,0.6569951098,0.6798997658,3.7708782645000003,0.0,LOW,23.5,True,NIGHT,0.18,OFF_PEAK_00_06,"Demand is usually lower overnight, although base loads, HVAC, pool systems and EV charging may remain active.",,stage5_frozen_selected_model,stage6a_frozen_ensemble,stage6b_deterministic_rules,real
2025-09-21T04:00:00+02:00,2025-09-16T23:00:00+02:00,168,101,M1_GBT_CAL_WEATHER,1.2287202971749507,0.3202192715,0.4893637675,0.6535160707,0.6722657439499998,3.7708782645000003,0.0,LOW,23.6,True,NIGHT,0.18,OFF_PEAK_00_06,"Demand is usually lower overnight, although base loads, HVAC, pool systems and EV charging may remain active.",,stage5_frozen_selected_model,stage6a_frozen_ensemble,stage6b_deterministic_rules,real
2025-09-21T05:00:00+02:00,2025-09-16T23:00:00+02:00,168,102,M1_GBT_CAL_WEATHER,1.2287202971749507,0.3209036038,0.489889449,0.6540849085,0.6728729857499999,3.7708782645000003,0.0,LOW,22.7,True,NIGHT,0.18,OFF_PEAK_00_06,"Demand is usually lower overnight, although base loads, HVAC, pool systems and EV charging may remain active.",,stage5_frozen_selected_model,stage6a_frozen_ensemble,stage6b_deterministic_rules,real
2025-09-21T06:00:00+02:00,2025-09-16T23:00:00+02:00,168,103,M1_GBT_CAL_WEATHER,1.2287202971749507,0.3380876982,0.5410294375,1.0873242934999996,1.5193285337999998,3.7708782645000003,0.0,LOW,22.6,True,NIGHT,0.28,STANDARD_06_17,Pool circulation or heating can add to household demand during this period.,"Demand is usually lower overnight, although base loads, HVAC, pool systems and EV charging may remain active.",stage5_frozen_selected_model,stage6a_frozen_ensemble,stage6b_deterministic_rules,real
2025-09-21T07:00:00+02:00,2025-09-16T23:00:00+02:00,168,104,M1_GBT_CAL_WEATHER,1.2287202971749507,0.3560264925,0.6821717105,1.9755133860999985,2.9746166684499995,3.7708782645000003,0.01,LOW,22.6,True,MORNING,0.28,STANDARD_06_17,Pool circulation or heating can add to household demand during this period.,Weekend occupancy can increase daytime household activity.,stage5_frozen_selected_model,stage6a_frozen_ensemble,stage6b_deterministic_rules,real
2025-09-21T08:00:00+02:00,2025-09-16T23:00:00+02:00,168,105,M1_GBT_CAL_WEATHER,1.2287202971749507,0.1760380527,0.915287054,2.0489017012999997,2.4339471510999986,3.7708782645000003,0.01,LOW,22.6,True,MORNING,0.28,STANDARD_06_17,Pool circulation or heating can add to household demand during this period.,Weekend occupancy can increase daytime household activity.,stage5_frozen_selected_model,stage6a_frozen_ensemble,stage6b_deterministic_rules,real
2025-09-21T09:00:00+02:00,2025-09-16T23:00:00+02:00,168,106,M1_GBT_CAL_WEATHER,1.2287202971749507,0.21271400680000002,1.0252454575,1.3558400016,1.7764451016999998,3.7708782645000003,0.03,LOW,22.8,True,DAYTIME,0.28,STANDARD_06_17,Pool circulation or heating can add to household demand during this period.,Weekend occupancy can increase daytime household activity.,stage5_frozen_selected_model,stage6a_frozen_ensemble,stage6b_deterministic_rules,real
2025-09-21T10:00:00+02:00,2025-09-16T23:00:00+02:00,168,107,M1_GBT_CAL_WEATHER,1.2287202971749507,0.3943430866,1.0526361080000002,1.3650575328999999,2.0222693294999994,3.7708782645000003,0.025,LOW,23.4,True,DAYTIME,0.28,STANDARD_06_17,Pool circulation or heating can add to household demand during this period.,Weekend occupancy can increase daytime household activity.,stage5_frozen_selected_model,stage6a_frozen_ensemble,stage6b_deterministic_rules,real
2025-09-21T11:00:00+02:00,2025-09-16T23:00:00+02:00,168,108,M1_GBT_CAL_WEATHER,1.2287202971749507,0.28515719800000006,1.020979752,1.3739872326999998,1.6192900264499936,3.7708782645000003,0.02,LOW,23.6,True,DAYTIME,0.28,STANDARD_06_17,Pool circulation or heating can add to household demand during this period.,Weekend occupancy can increase daytime household activity.,stage5_frozen_selected_model,stage6a_frozen_ensemble,stage6b_deterministic_rules,real
2025-09-21T12:00:00+02:00,2025-09-16T23:00:00+02:00,168,109,M1_GBT_CAL_WEATHER,1.2287202971749507,0.1790296392,0.8931903999999999,1.385576167,1.8010031489,3.7708782645000003,0.03,LOW,24.1,True,DAYTIME,0.28,STANDARD_06_17,Pool circulation or heating can add to household demand during this period.,Weekend occupancy can increase daytime household activity.,stage5_frozen_selected_model,stage6a_frozen_ensemble,stage6b_deterministic_rules,real
2025-09-21T13:00:00+02:00,2025-09-16T23:00:00+02:00,168,110,M1_GBT_CAL_WEATHER,1.3584061502238087,0.1572749068,0.5575702705000001,1.3570145839999999,1.8058492956999925,3.7708782645000003,0.025,LOW,24.8,True,DAYTIME,0.28,STANDARD_06_17,Pool circulation or heating can add to household demand during this period.,Weekend occupancy can increase daytime household activity.,stage5_frozen_selected_model,stage6a_frozen_ensemble,stage6b_deterministic_rules,real
2025-09-21T14:00:00+02:00,2025-09-16T23:00:00+02:00,168,111,M1_GBT_CAL_WEATHER,1.4338658782287361,0.1469431613,0.23772974149999998,1.3621388506999998,2.2366400224999987,3.7708782645000003,0.02,LOW,26.1,True,DAYTIME,0.28,STANDARD_06_17,Warm weather can increase cooling demand during this period.,Pool circulation or heating can add to household demand during this period.,stage5_frozen_selected_model,stage6a_frozen_ensemble,stage6b_deterministic_rules,real
2025-09-21T15:00:00+02:00,2025-09-16T23:00:00+02:00,168,112,M1_GBT_CAL_WEATHER,1.7968422492744618,0.15317252950000002,0.6454381634999999,2.5448034293,3.5985111338499998,3.7708782645000003,0.045,LOW,25.1,True,DAYTIME,0.28,STANDARD_06_17,Pool circulation or heating can add to household demand during this period.,Weekend occupancy can increase daytime household activity.,stage5_frozen_selected_model,stage6a_frozen_ensemble,stage6b_deterministic_rules,real
2025-09-21T16:00:00+02:00,2025-09-16T23:00:00+02:00,168,113,M1_GBT_CAL_WEATHER,2.2123454816560812,0.1621331662,0.9457568675,3.9662116583,7.448000710449999,3.7708782645000003,0.105,LOW,24.9,True,RETURN_RAMP,0.28,STANDARD_06_17,Pool circulation or heating can add to household demand during this period.,Weekend occupancy can increase daytime household activity.,stage5_frozen_selected_model,stage6a_frozen_ensemble,stage6b_deterministic_rules,real
2025-09-21T17:00:00+02:00,2025-09-16T23:00:00+02:00,168,114,M1_GBT_CAL_WEATHER,4.007303605056904,0.21774643140000002,1.084724121,6.808697265199996,8.373317445649999,3.7708782645000003,0.145,LOW,24.3,True,RETURN_RAMP,0.4,PEAK_17_22,Pool circulation or heating can add to household demand during this period.,Weekend occupancy can increase daytime household activity.,stage5_frozen_selected_model,stage6a_frozen_ensemble,stage6b_deterministic_rules,real
2025-09-21T18:00:00+02:00,2025-09-16T23:00:00+02:00,168,115,M1_GBT_CAL_WEATHER,4.863716913569491,0.3369782113,1.2354520065,7.769581768299999,8.482401944500001,3.7708782645000003,0.225,MEDIUM,23.5,True,RETURN_RAMP,0.4,PEAK_17_22,"Evening demand can rise when EV charging, HVAC and household activities overlap.",Pool circulation or heating can add to household demand during this period.,stage5_frozen_selected_model,stage6a_frozen_ensemble,stage6b_deterministic_rules,real
2025-09-21T19:00:00+02:00,2025-09-16T23:00:00+02:00,168,116,M1_GBT_CAL_WEATHER,4.863716913569491,0.2039420436,1.6694172484999998,8.352884369699998,10.167256080249999,3.7708782645000003,0.31,MEDIUM,21.9,True,EVENING,0.4,PEAK_17_22,"Evening demand can rise when EV charging, HVAC and household activities overlap.",Pool circulation or heating can add to household demand during this period.,stage5_frozen_selected_model,stage6a_frozen_ensemble,stage6b_deterministic_rules,real
2025-09-21T20:00:00+02:00,2025-09-16T23:00:00+02:00,168,117,M1_GBT_CAL_WEATHER,4.336513136487586,0.2049333103,2.4276511124999995,8.4876935471,10.035519149049996,3.7708782645000003,0.38,MEDIUM,21.3,True,EVENING,0.4,PEAK_17_22,"Evening demand can rise when EV charging, HVAC and household activities overlap.",Pool circulation or heating can add to household demand during this period.,stage5_frozen_selected_model,stage6a_frozen_ensemble,stage6b_deterministic_rules,real
2025-09-21T21:00:00+02:00,2025-09-16T23:00:00+02:00,168,118,M1_GBT_CAL_WEATHER,2.541555013086763,0.4680122968,1.6415905725,8.813184185999997,10.719250234749973,3.7708782645000003,0.375,MEDIUM,20.4,True,EVENING,0.4,PEAK_17_22,"Evening demand can rise when EV charging, HVAC and household activities overlap.",Pool circulation or heating can add to household demand during this period.,stage5_frozen_selected_model,stage6a_frozen_ensemble,stage6b_deterministic_rules,real
2025-09-21T22:00:00+02:00,2025-09-16T23:00:00+02:00,168,119,M1_GBT_CAL_WEATHER,2.011407750228332,0.4246823951,0.8532730805,8.0347490691,9.174349805749998,3.7708782645000003,0.22,MEDIUM,19.8,True,EVENING,0.28,STANDARD_22_24,"Evening demand can rise when EV charging, HVAC and household activities overlap.",Pool circulation or heating can add to household demand during this period.,stage5_frozen_selected_model,stage6a_frozen_ensemble,stage6b_deterministic_rules,real
2025-09-21T23:00:00+02:00,2025-09-16T23:00:00+02:00,168,120,M1_GBT_CAL_WEATHER,1.280596304783212,0.3320144481,0.5887948245,1.8064546033,3.805396496699985,3.7708782645000003,0.05,LOW,19.8,True,NIGHT,0.28,STANDARD_22_24,"Demand is usually lower overnight, although base loads, HVAC, pool systems and EV charging may remain active.",,stage5_frozen_selected_model,stage6a_frozen_ensemble,stage6b_deterministic_rules,real
2025-09-22T00:00:00+02:00,2025-09-16T23:00:00+02:00,168,121,M1_GBT_CAL_WEATHER,1.2287202971749507,0.3133513911,0.49700548299999997,0.6970216114,1.0527300822999912,3.7708782645000003,0.035,LOW,20.6,False,NIGHT,0.18,OFF_PEAK_00_06,"Demand is usually lower overnight, although base loads, HVAC, pool systems and EV charging may remain active.",,stage5_frozen_selected_model,stage6a_frozen_ensemble,stage6b_deterministic_rules,real
2025-09-22T01:00:00+02:00,2025-09-16T23:00:00+02:00,168,122,M1_GBT_CAL_WEATHER,1.2287202971749507,0.3151141978,0.4861686185,0.6541346772,0.6784895468,3.7708782645000003,0.01,LOW,20.5,False,NIGHT,0.18,OFF_PEAK_00_06,"Demand is usually lower overnight, although base loads, HVAC, pool systems and EV charging may remain active.",,stage5_frozen_selected_model,stage6a_frozen_ensemble,stage6b_deterministic_rules,real
2025-09-22T02:00:00+02:00,2025-09-16T23:00:00+02:00,168,123,M1_GBT_CAL_WEATHER,1.2287202971749507,0.3205867772,0.48635788999999996,0.6630140215,0.6853430948499999,3.7708782645000003,0.015,LOW,20.5,False,NIGHT,0.18,OFF_PEAK_00_06,"Demand is usually lower overnight, although base loads, HVAC, pool systems and EV charging may remain active.",,stage5_frozen_selected_model,stage6a_frozen_ensemble,stage6b_deterministic_rules,real
2025-09-22T03:00:00+02:00,2025-09-16T23:00:00+02:00,168,124,M1_GBT_CAL_WEATHER,1.2287202971749507,0.324218574,0.5087779575,0.8396448605999923,3.2913153016999996,3.7708782645000003,0.03,LOW,20.0,False,NIGHT,0.18,OFF_PEAK_00_06,"Demand is usually lower overnight, although base loads, HVAC, pool systems and EV charging may remain active.",,stage5_frozen_selected_model,stage6a_frozen_ensemble,stage6b_deterministic_rules,real
2025-09-22T04:00:00+02:00,2025-09-16T23:00:00+02:00,168,125,M1_GBT_CAL_WEATHER,1.2287202971749507,0.3251790256,0.5006871795,2.3142884440000002,3.2002177335499997,3.7708782645000003,0.025,LOW,19.6,False,NIGHT,0.18,OFF_PEAK_00_06,"Demand is usually lower overnight, although base loads, HVAC, pool systems and EV charging may remain active.",,stage5_frozen_selected_model,stage6a_frozen_ensemble,stage6b_deterministic_rules,real
2025-09-22T05:00:00+02:00,2025-09-16T23:00:00+02:00,168,126,M1_GBT_CAL_WEATHER,1.2287202971749507,0.3314791661,0.5276137525,3.304254908099999,3.9422639478999977,3.7708782645000003,0.075,LOW,19.1,False,NIGHT,0.18,OFF_PEAK_00_06,"Demand is usually lower overnight, although base loads, HVAC, pool systems and EV charging may remain active.",,stage5_frozen_selected_model,stage6a_frozen_ensemble,stage6b_deterministic_rules,real
2025-09-22T06:00:00+02:00,2025-09-16T23:00:00+02:00,168,127,M1_GBT_CAL_WEATHER,1.2287202971749507,0.34115243359999997,0.608395909,3.5955364968,4.0057024316,3.7708782645000003,0.08,LOW,18.4,False,NIGHT,0.28,STANDARD_06_17,Pool circulation or heating can add to household demand during this period.,"Demand is usually lower overnight, although base loads, HVAC, pool systems and EV charging may remain active.",stage5_frozen_selected_model,stage6a_frozen_ensemble,stage6b_deterministic_rules,real
2025-09-22T07:00:00+02:00,2025-09-16T23:00:00+02:00,168,128,M1_GBT_CAL_WEATHER,1.2287202971749507,0.4459694362,2.311717986,4.2204290696,4.850394262449994,3.7708782645000003,0.185,LOW,17.8,False,MORNING,0.28,STANDARD_06_17,Pool circulation or heating can add to household demand during this period.,,stage5_frozen_selected_model,stage6a_frozen_ensemble,stage6b_deterministic_rules,real
2025-09-22T08:00:00+02:00,2025-09-16T23:00:00+02:00,168,129,M1_GBT_CAL_WEATHER,1.2287202971749507,0.2658038401,2.6715916105,4.5601096312,5.4665823371499975,3.7708782645000003,0.275,MEDIUM,17.3,False,MORNING,0.28,STANDARD_06_17,Pool circulation or heating can add to household demand during this period.,,stage5_frozen_selected_model,stage6a_frozen_ensemble,stage6b_deterministic_rules,real
2025-09-22T09:00:00+02:00,2025-09-16T23:00:00+02:00,168,130,M1_GBT_CAL_WEATHER,1.2287202971749507,0.2239487387,1.140497775,4.2640097304,4.6539100688999975,3.7708782645000003,0.17,LOW,17.8,False,DAYTIME,0.28,STANDARD_06_17,Pool circulation or heating can add to household demand during this period.,,stage5_frozen_selected_model,stage6a_frozen_ensemble,stage6b_deterministic_rules,real
2025-09-22T10:00:00+02:00,2025-09-16T23:00:00+02:00,168,131,M1_GBT_CAL_WEATHER,1.2287202971749507,0.2876829177000001,1.0937678604999999,4.000176755199999,4.503889999749998,3.7708782645000003,0.135,LOW,18.7,False,DAYTIME,0.28,STANDARD_06_17,Pool circulation or heating can add to household demand during this period.,,stage5_frozen_selected_model,stage6a_frozen_ensemble,stage6b_deterministic_rules,real
2025-09-22T11:00:00+02:00,2025-09-16T23:00:00+02:00,168,132,M1_GBT_CAL_WEATHER,1.2287202971749507,0.4183416268000001,1.1247646869999999,3.8548960977999984,4.697199568299997,3.7708782645000003,0.11,LOW,19.6,False,DAYTIME,0.28,STANDARD_06_17,Pool circulation or heating can add to household demand during this period.,,stage5_frozen_selected_model,stage6a_frozen_ensemble,stage6b_deterministic_rules,real
2025-09-22T12:00:00+02:00,2025-09-16T23:00:00+02:00,168,133,M1_GBT_CAL_WEATHER,1.2287202971749507,0.16845043,1.073325272,3.7391576088,4.946133107549996,3.7708782645000003,0.095,LOW,20.5,False,DAYTIME,0.28,STANDARD_06_17,Pool circulation or heating can add to household demand during this period.,,stage5_frozen_selected_model,stage6a_frozen_ensemble,stage6b_deterministic_rules,real
2025-09-22T13:00:00+02:00,2025-09-16T23:00:00+02:00,168,134,M1_GBT_CAL_WEATHER,1.2287202971749507,0.1490689564,0.8514547045,3.406022323799999,4.255805781649993,3.7708782645000003,0.085,LOW,20.9,False,DAYTIME,0.28,STANDARD_06_17,Pool circulation or heating can add to household demand during this period.,,stage5_frozen_selected_model,stage6a_frozen_ensemble,stage6b_deterministic_rules,real
2025-09-22T14:00:00+02:00,2025-09-16T23:00:00+02:00,168,135,M1_GBT_CAL_WEATHER,1.280596304783212,0.143912972,0.35158578800000007,3.4899371192,4.042533115599999,3.7708782645000003,0.08,LOW,21.6,False,DAYTIME,0.28,STANDARD_06_17,Pool circulation or heating can add to household demand during this period.,,stage5_frozen_selected_model,stage6a_frozen_ensemble,stage6b_deterministic_rules,real
2025-09-22T15:00:00+02:00,2025-09-16T23:00:00+02:00,168,136,M1_GBT_CAL_WEATHER,1.6533275294174863,0.1420159776,0.37443504799999994,2.0975626173999995,3.736444089649997,3.7708782645000003,0.05,LOW,21.9,False,DAYTIME,0.28,STANDARD_06_17,Pool circulation or heating can add to household demand during this period.,,stage5_frozen_selected_model,stage6a_frozen_ensemble,stage6b_deterministic_rules,real
2025-09-22T16:00:00+02:00,2025-09-16T23:00:00+02:00,168,137,M1_GBT_CAL_WEATHER,2.110233624298654,0.1696417025,0.8501089075,4.0553171921999995,4.845918554299998,3.7708782645000003,0.115,LOW,22.0,False,RETURN_RAMP,0.28,STANDARD_06_17,Pool circulation or heating can add to household demand during this period.,,stage5_frozen_selected_model,stage6a_frozen_ensemble,stage6b_deterministic_rules,real
2025-09-22T17:00:00+02:00,2025-09-16T23:00:00+02:00,168,138,M1_GBT_CAL_WEATHER,4.091207323203047,0.39188953560000006,1.139926043,8.2130032013,9.12282817145,3.7708782645000003,0.315,MEDIUM,21.8,False,RETURN_RAMP,0.4,PEAK_17_22,"Evening demand can rise when EV charging, HVAC and household activities overlap.",Pool circulation or heating can add to household demand during this period.,stage5_frozen_selected_model,stage6a_frozen_ensemble,stage6b_deterministic_rules,real
2025-09-22T18:00:00+02:00,2025-09-16T23:00:00+02:00,168,139,M1_GBT_CAL_WEATHER,5.61091388820814,0.21097591550000003,2.9188487705,10.1840900822,13.881681765749994,3.7708782645000003,0.43,HIGH,21.4,False,RETURN_RAMP,0.4,PEAK_17_22,"This is a high-risk period because EV charging can coincide with HVAC, cooking and optional high-power loads such as the sauna.",Pool circulation or heating can add to household demand during this period.,stage5_frozen_selected_model,stage6a_frozen_ensemble,stage6b_deterministic_rules,real
2025-09-22T19:00:00+02:00,2025-09-16T23:00:00+02:00,168,140,M1_GBT_CAL_WEATHER,5.61091388820814,0.2065860284,3.8367146615000003,11.925872432399999,15.054528905199998,3.7708782645000003,0.505,HIGH,20.8,False,EVENING,0.4,PEAK_17_22,"This is a high-risk period because EV charging can coincide with HVAC, cooking and optional high-power loads such as the sauna.",Pool circulation or heating can add to household demand during this period.,stage5_frozen_selected_model,stage6a_frozen_ensemble,stage6b_deterministic_rules,real
2025-09-22T20:00:00+02:00,2025-09-16T23:00:00+02:00,168,141,M1_GBT_CAL_WEATHER,4.522528711991158,0.1908445886,2.073307543,9.7563349673,11.062780211649999,3.7708782645000003,0.36,MEDIUM,20.4,False,EVENING,0.4,PEAK_17_22,"Evening demand can rise when EV charging, HVAC and household activities overlap.",Pool circulation or heating can add to household demand during this period.,stage5_frozen_selected_model,stage6a_frozen_ensemble,stage6b_deterministic_rules,real
2025-09-22T21:00:00+02:00,2025-09-16T23:00:00+02:00,168,142,M1_GBT_CAL_WEATHER,2.541555013086763,0.29626963479999996,1.1322506314999998,7.350626220599998,8.5722262553,3.7708782645000003,0.235,MEDIUM,19.5,False,EVENING,0.4,PEAK_17_22,"Evening demand can rise when EV charging, HVAC and household activities overlap.",Pool circulation or heating can add to household demand during this period.,stage5_frozen_selected_model,stage6a_frozen_ensemble,stage6b_deterministic_rules,real
2025-09-22T22:00:00+02:00,2025-09-16T23:00:00+02:00,168,143,M1_GBT_CAL_WEATHER,2.011407750228332,0.2975687496,0.708165398,4.3938537729,8.0470289794,3.7708782645000003,0.155,LOW,19.2,False,EVENING,0.28,STANDARD_22_24,Pool circulation or heating can add to household demand during this period.,,stage5_frozen_selected_model,stage6a_frozen_ensemble,stage6b_deterministic_rules,real
2025-09-22T23:00:00+02:00,2025-09-16T23:00:00+02:00,168,144,M1_GBT_CAL_WEATHER,1.280596304783212,0.2967098219,0.610138631,3.7224829111999997,4.322751416949999,3.7708782645000003,0.095,LOW,18.8,False,NIGHT,0.28,STANDARD_22_24,"Demand is usually lower overnight, although base loads, HVAC, pool systems and EV charging may remain active.",,stage5_frozen_selected_model,stage6a_frozen_ensemble,stage6b_deterministic_rules,real
2025-09-23T00:00:00+02:00,2025-09-16T23:00:00+02:00,168,145,M1_GBT_CAL_WEATHER,1.2287202971749507,0.2923441621,0.590276917,3.680115548,4.12251776905,3.7708782645000003,0.09,LOW,18.5,False,NIGHT,0.18,OFF_PEAK_00_06,"Demand is usually lower overnight, although base loads, HVAC, pool systems and EV charging may remain active.",,stage5_frozen_selected_model,stage6a_frozen_ensemble,stage6b_deterministic_rules,real
2025-09-23T01:00:00+02:00,2025-09-16T23:00:00+02:00,168,146,M1_GBT_CAL_WEATHER,1.2287202971749507,0.30043253940000003,0.607033322,3.8841896451999998,4.152460857,3.7708782645000003,0.11,LOW,17.9,False,NIGHT,0.18,OFF_PEAK_00_06,"Demand is usually lower overnight, although base loads, HVAC, pool systems and EV charging may remain active.",,stage5_frozen_selected_model,stage6a_frozen_ensemble,stage6b_deterministic_rules,real
2025-09-23T02:00:00+02:00,2025-09-16T23:00:00+02:00,168,147,M1_GBT_CAL_WEATHER,1.2287202971749507,0.30376903489999996,0.641391991,3.7884500906,4.16854333345,3.7708782645000003,0.105,LOW,17.1,False,NIGHT,0.18,OFF_PEAK_00_06,"Demand is usually lower overnight, although base loads, HVAC, pool systems and EV charging may remain active.",,stage5_frozen_selected_model,stage6a_frozen_ensemble,stage6b_deterministic_rules,real
2025-09-23T03:00:00+02:00,2025-09-16T23:00:00+02:00,168,148,M1_GBT_CAL_WEATHER,1.2287202971749507,0.30611217409999997,2.4172061905,3.9310911252,4.1487175413,3.7708782645000003,0.145,LOW,16.6,False,NIGHT,0.18,OFF_PEAK_00_06,"Demand is usually lower overnight, although base loads, HVAC, pool systems and EV charging may remain active.",,stage5_frozen_selected_model,stage6a_frozen_ensemble,stage6b_deterministic_rules,real
2025-09-23T04:00:00+02:00,2025-09-16T23:00:00+02:00,168,149,M1_GBT_CAL_WEATHER,1.2287202971749507,0.31642009000000004,2.898812013,4.112689222099999,4.2723501629,3.7708782645000003,0.215,MEDIUM,15.9,False,NIGHT,0.18,OFF_PEAK_00_06,Expected demand and uncertainty follow the frozen household and weather patterns for this hour.,,stage5_frozen_selected_model,stage6a_frozen_ensemble,stage6b_deterministic_rules,real
2025-09-23T05:00:00+02:00,2025-09-16T23:00:00+02:00,168,150,M1_GBT_CAL_WEATHER,1.2287202971749507,0.3855622381,2.8140039985,4.082762067499999,4.234130886249999,3.7708782645000003,0.2,MEDIUM,15.7,False,NIGHT,0.18,OFF_PEAK_00_06,Expected demand and uncertainty follow the frozen household and weather patterns for this hour.,,stage5_frozen_selected_model,stage6a_frozen_ensemble,stage6b_deterministic_rules,real
2025-09-23T06:00:00+02:00,2025-09-16T23:00:00+02:00,168,151,M1_GBT_CAL_WEATHER,1.2287202971749507,1.3394099438,3.358314257,4.4423593481,4.671629790199999,3.7708782645000003,0.3,MEDIUM,15.6,False,NIGHT,0.28,STANDARD_06_17,Pool circulation or heating can add to household demand during this period.,,stage5_frozen_selected_model,stage6a_frozen_ensemble,stage6b_deterministic_rules,real
2025-09-23T07:00:00+02:00,2025-09-16T23:00:00+02:00,168,152,M1_GBT_CAL_WEATHER,1.2287202971749507,1.1578827188999998,3.6484346555,5.147696239899999,5.656459278,3.7708782645000003,0.44,HIGH,15.5,False,MORNING,0.28,STANDARD_06_17,Pool circulation or heating can add to household demand during this period.,,stage5_frozen_selected_model,stage6a_frozen_ensemble,stage6b_deterministic_rules,real
2025-09-23T08:00:00+02:00,2025-09-16T23:00:00+02:00,168,153,M1_GBT_CAL_WEATHER,1.2287202971749507,0.9595625238,3.4618208575000002,5.028867652299999,5.640539657099999,3.7708782645000003,0.375,MEDIUM,15.3,False,MORNING,0.28,STANDARD_06_17,Pool circulation or heating can add to household demand during this period.,,stage5_frozen_selected_model,stage6a_frozen_ensemble,stage6b_deterministic_rules,real
2025-09-23T09:00:00+02:00,2025-09-16T23:00:00+02:00,168,154,M1_GBT_CAL_WEATHER,1.2287202971749507,0.24713764500000002,1.2554799460000001,4.508704949499999,4.935269911199999,3.7708782645000003,0.2,MEDIUM,16.5,False,DAYTIME,0.28,STANDARD_06_17,Pool circulation or heating can add to household demand during this period.,,stage5_frozen_selected_model,stage6a_frozen_ensemble,stage6b_deterministic_rules,real
2025-09-23T10:00:00+02:00,2025-09-16T23:00:00+02:00,168,155,M1_GBT_CAL_WEATHER,1.2287202971749507,0.40462675220000016,1.129373111,4.7090015943,5.7480244140000005,3.7708782645000003,0.2,MEDIUM,17.7,False,DAYTIME,0.28,STANDARD_06_17,Pool circulation or heating can add to household demand during this period.,,stage5_frozen_selected_model,stage6a_frozen_ensemble,stage6b_deterministic_rules,real
2025-09-23T11:00:00+02:00,2025-09-16T23:00:00+02:00,168,156,M1_GBT_CAL_WEATHER,1.2287202971749507,0.32525410440000013,1.3052987950000001,5.0768905338999994,6.252691634999985,3.7708782645000003,0.275,MEDIUM,18.4,False,DAYTIME,0.28,STANDARD_06_17,Pool circulation or heating can add to household demand during this period.,,stage5_frozen_selected_model,stage6a_frozen_ensemble,stage6b_deterministic_rules,real
2025-09-23T12:00:00+02:00,2025-09-16T23:00:00+02:00,168,157,M1_GBT_CAL_WEATHER,1.2287202971749507,0.1833497889,1.382508704,4.8807403184,6.093346108799992,3.7708782645000003,0.25,MEDIUM,19.7,False,DAYTIME,0.28,STANDARD_06_17,Pool circulation or heating can add to household demand during this period.,,stage5_frozen_selected_model,stage6a_frozen_ensemble,stage6b_deterministic_rules,real
2025-09-23T13:00:00+02:00,2025-09-16T23:00:00+02:00,168,158,M1_GBT_CAL_WEATHER,1.2287202971749507,0.1546229381,0.8235225879999999,3.5977530863999996,4.603310475449998,3.7708782645000003,0.09,LOW,20.1,False,DAYTIME,0.28,STANDARD_06_17,Pool circulation or heating can add to household demand during this period.,,stage5_frozen_selected_model,stage6a_frozen_ensemble,stage6b_deterministic_rules,real
2025-09-23T14:00:00+02:00,2025-09-16T23:00:00+02:00,168,159,M1_GBT_CAL_WEATHER,1.280596304783212,0.14224709259999999,0.2192023585,2.9180126757999996,4.272566931099997,3.7708782645000003,0.07,LOW,20.6,False,DAYTIME,0.28,STANDARD_06_17,Pool circulation or heating can add to household demand during this period.,,stage5_frozen_selected_model,stage6a_frozen_ensemble,stage6b_deterministic_rules,real
2025-09-23T15:00:00+02:00,2025-09-16T23:00:00+02:00,168,160,M1_GBT_CAL_WEATHER,1.6533275294174863,0.14959204280000002,0.4458233215,2.4126781915,3.3237008613499985,3.7708782645000003,0.04,LOW,20.2,False,DAYTIME,0.28,STANDARD_06_17,Pool circulation or heating can add to household demand during this period.,,stage5_frozen_selected_model,stage6a_frozen_ensemble,stage6b_deterministic_rules,real
2025-09-23T16:00:00+02:00,2025-09-16T23:00:00+02:00,168,161,M1_GBT_CAL_WEATHER,2.1824677709167615,0.1733421292,0.962046282,4.081659029199999,4.779102637099998,3.7708782645000003,0.13,LOW,19.7,False,RETURN_RAMP,0.28,STANDARD_06_17,Pool circulation or heating can add to household demand during this period.,,stage5_frozen_selected_model,stage6a_frozen_ensemble,stage6b_deterministic_rules,real
2025-09-23T17:00:00+02:00,2025-09-16T23:00:00+02:00,168,162,M1_GBT_CAL_WEATHER,4.265553327178584,0.4771266301,2.129608984,9.293407200499999,11.8593615449,3.7708782645000003,0.37,MEDIUM,18.4,False,RETURN_RAMP,0.4,PEAK_17_22,"Evening demand can rise when EV charging, HVAC and household activities overlap.",Pool circulation or heating can add to household demand during this period.,stage5_frozen_selected_model,stage6a_frozen_ensemble,stage6b_deterministic_rules,real
2025-09-23T18:00:00+02:00,2025-09-16T23:00:00+02:00,168,163,M1_GBT_CAL_WEATHER,6.166138765025349,0.7944306980000001,4.4865322435,12.3869431009,13.80209793439997,3.7708782645000003,0.6,HIGH,18.1,False,RETURN_RAMP,0.4,PEAK_17_22,"This is a high-risk period because EV charging can coincide with HVAC, cooking and optional high-power loads such as the sauna.",Pool circulation or heating can add to household demand during this period.,stage5_frozen_selected_model,stage6a_frozen_ensemble,stage6b_deterministic_rules,real
2025-09-23T19:00:00+02:00,2025-09-16T23:00:00+02:00,168,164,M1_GBT_CAL_WEATHER,5.6049573658902725,0.38784443720000006,5.731880317,13.068834491199999,16.706832505149993,3.7708782645000003,0.655,HIGH,17.0,False,EVENING,0.4,PEAK_17_22,"This is a high-risk period because EV charging can coincide with HVAC, cooking and optional high-power loads such as the sauna.",Pool circulation or heating can add to household demand during this period.,stage5_frozen_selected_model,stage6a_frozen_ensemble,stage6b_deterministic_rules,real
2025-09-23T20:00:00+02:00,2025-09-16T23:00:00+02:00,168,165,M1_GBT_CAL_WEATHER,4.594762858609266,0.30694144410000007,4.522175385000001,11.3789028894,13.529274330949997,3.7708782645000003,0.58,HIGH,16.6,False,EVENING,0.4,PEAK_17_22,"This is a high-risk period because EV charging can coincide with HVAC, cooking and optional high-power loads such as the sauna.",Pool circulation or heating can add to household demand during this period.,stage5_frozen_selected_model,stage6a_frozen_ensemble,stage6b_deterministic_rules,real
2025-09-23T21:00:00+02:00,2025-09-16T23:00:00+02:00,168,166,M1_GBT_CAL_WEATHER,2.6137891597048712,0.5142097014,3.867176432,10.564663691,11.974352590699993,3.7708782645000003,0.53,HIGH,16.7,False,EVENING,0.4,PEAK_17_22,"Evening demand can rise when EV charging, HVAC and household activities overlap.",Pool circulation or heating can add to household demand during this period.,stage5_frozen_selected_model,stage6a_frozen_ensemble,stage6b_deterministic_rules,real
2025-09-23T22:00:00+02:00,2025-09-16T23:00:00+02:00,168,167,M1_GBT_CAL_WEATHER,2.011407750228332,0.4211773265,3.143792842,7.456560547699999,10.692099574999999,3.7708782645000003,0.33,MEDIUM,16.8,False,EVENING,0.28,STANDARD_22_24,"Evening demand can rise when EV charging, HVAC and household activities overlap.",Pool circulation or heating can add to household demand during this period.,stage5_frozen_selected_model,stage6a_frozen_ensemble,stage6b_deterministic_rules,real
2025-09-23T23:00:00+02:00,2025-09-16T23:00:00+02:00,168,168,M1_GBT_CAL_WEATHER,1.280596304783212,0.4117374095,2.7383191594999996,4.390217375999999,5.239765261049996,3.7708782645000003,0.24,MEDIUM,16.5,False,NIGHT,0.28,STANDARD_22_24,Expected demand and uncertainty follow the frozen household and weather patterns for this hour.,,stage5_frozen_selected_model,stage6a_frozen_ensemble,stage6b_deterministic_rules,real
2025-09-20T00:00:00+02:00,2025-09-19T23:00:00+02:00,168,1,M1_GBT_CAL_WEATHER,1.0435689046245569,0.31372299000000003,0.5186666575000001,0.6778701686999999,0.83600946665,3.7975427456000026,0.0,LOW,23.2,True,NIGHT,0.18,OFF_PEAK_00_06,"Demand is usually lower overnight, although base loads, HVAC, pool systems and EV charging may remain active.",,stage5_frozen_selected_model,stage6a_frozen_ensemble,stage6b_deterministic_rules,real
2025-09-20T01:00:00+02:00,2025-09-19T23:00:00+02:00,168,2,M1_GBT_CAL_WEATHER,1.0435689046245569,0.31500222330000005,0.482710967,0.6498618703,0.6685748573499999,3.7975427456000026,0.0,LOW,22.9,True,NIGHT,0.18,OFF_PEAK_00_06,"Demand is usually lower overnight, although base loads, HVAC, pool systems and EV charging may remain active.",,stage5_frozen_selected_model,stage6a_frozen_ensemble,stage6b_deterministic_rules,real
2025-09-20T02:00:00+02:00,2025-09-19T23:00:00+02:00,168,3,M1_GBT_CAL_WEATHER,1.0435689046245569,0.3177119435,0.485076469,0.6514319019,0.6770379761499999,3.7975427456000026,0.0,LOW,22.8,True,NIGHT,0.18,OFF_PEAK_00_06,"Demand is usually lower overnight, although base loads, HVAC, pool systems and EV charging may remain active.",,stage5_frozen_selected_model,stage6a_frozen_ensemble,stage6b_deterministic_rules,real
2025-09-20T03:00:00+02:00,2025-09-19T23:00:00+02:00,168,4,M1_GBT_CAL_WEATHER,1.0435689046245569,0.3224739626,0.486731881,0.653071324,0.67969919955,3.7975427456000026,0.005,LOW,22.8,True,NIGHT,0.18,OFF_PEAK_00_06,"Demand is usually lower overnight, although base loads, HVAC, pool systems and EV charging may remain active.",,stage5_frozen_selected_model,stage6a_frozen_ensemble,stage6b_deterministic_rules,real
2025-09-20T04:00:00+02:00,2025-09-19T23:00:00+02:00,168,5,M1_GBT_CAL_WEATHER,1.0435689046245569,0.3233875349,0.4878395175,0.6535160707,0.6793282268999999,3.7975427456000026,0.005,LOW,22.7,True,NIGHT,0.18,OFF_PEAK_00_06,"Demand is usually lower overnight, although base loads, HVAC, pool systems and EV charging may remain active.",,stage5_frozen_selected_model,stage6a_frozen_ensemble,stage6b_deterministic_rules,real
2025-09-20T05:00:00+02:00,2025-09-19T23:00:00+02:00,168,6,M1_GBT_CAL_WEATHER,1.0435689046245569,0.3240128586,0.488535807,0.6540849085,0.6728729857499999,3.7975427456000026,0.0,LOW,22.4,True,NIGHT,0.18,OFF_PEAK_00_06,"Demand is usually lower overnight, although base loads, HVAC, pool systems and EV charging may remain active.",,stage5_frozen_selected_model,stage6a_frozen_ensemble,stage6b_deterministic_rules,real
2025-09-20T06:00:00+02:00,2025-09-19T23:00:00+02:00,168,7,M1_GBT_CAL_WEATHER,1.0435689046245569,0.33963197840000003,0.562490487,1.1195128114,1.45818934385,3.7975427456000026,0.0,LOW,22.3,True,NIGHT,0.28,STANDARD_06_17,Pool circulation or heating can add to household demand during this period.,"Demand is usually lower overnight, although base loads, HVAC, pool systems and EV charging may remain active.",stage5_frozen_selected_model,stage6a_frozen_ensemble,stage6b_deterministic_rules,real
2025-09-20T07:00:00+02:00,2025-09-19T23:00:00+02:00,168,8,M1_GBT_CAL_WEATHER,1.0435689046245569,0.3710383815,0.7057759855000001,1.8407886775,2.483347257449999,3.7975427456000026,0.01,LOW,22.0,True,MORNING,0.28,STANDARD_06_17,Pool circulation or heating can add to household demand during this period.,Weekend occupancy can increase daytime household activity.,stage5_frozen_selected_model,stage6a_frozen_ensemble,stage6b_deterministic_rules,real
2025-09-20T08:00:00+02:00,2025-09-19T23:00:00+02:00,168,9,M1_GBT_CAL_WEATHER,1.0435689046245569,0.1836889686,0.8436291140000001,1.6561408058999991,2.6186764729999994,3.7975427456000026,0.02,LOW,22.1,True,MORNING,0.28,STANDARD_06_17,Pool circulation or heating can add to household demand during this period.,Weekend occupancy can increase daytime household activity.,stage5_frozen_selected_model,stage6a_frozen_ensemble,stage6b_deterministic_rules,real
2025-09-20T09:00:00+02:00,2025-09-19T23:00:00+02:00,168,10,M1_GBT_CAL_WEATHER,1.0435689046245569,0.2157062987,1.0009210065,1.3252679776,1.3810835022999994,3.7975427456000026,0.03,LOW,22.9,True,DAYTIME,0.28,STANDARD_06_17,Pool circulation or heating can add to household demand during this period.,Weekend occupancy can increase daytime household activity.,stage5_frozen_selected_model,stage6a_frozen_ensemble,stage6b_deterministic_rules,real
2025-09-20T10:00:00+02:00,2025-09-19T23:00:00+02:00,168,11,M1_GBT_CAL_WEATHER,1.0777236675511046,0.25132406590000006,1.0704176925,1.3867550967,2.4312909221999965,3.7975427456000026,0.03,LOW,24.0,True,DAYTIME,0.28,STANDARD_06_17,Pool circulation or heating can add to household demand during this period.,Weekend occupancy can increase daytime household activity.,stage5_frozen_selected_model,stage6a_frozen_ensemble,stage6b_deterministic_rules,real
2025-09-20T11:00:00+02:00,2025-09-19T23:00:00+02:00,168,12,M1_GBT_CAL_WEATHER,1.2060428993063799,0.33788326160000004,1.049427284,1.4342120057999999,2.6344273137999945,3.7975427456000026,0.04,LOW,25.3,True,DAYTIME,0.28,STANDARD_06_17,Pool circulation or heating can add to household demand during this period.,Weekend occupancy can increase daytime household activity.,stage5_frozen_selected_model,stage6a_frozen_ensemble,stage6b_deterministic_rules,real
2025-09-20T12:00:00+02:00,2025-09-19T23:00:00+02:00,168,13,M1_GBT_CAL_WEATHER,1.2060428993063799,0.179721073,0.954704399,1.3969560292,2.619961156499999,3.7975427456000026,0.025,LOW,25.9,True,DAYTIME,0.28,STANDARD_06_17,Warm weather can increase cooling demand during this period.,Pool circulation or heating can add to household demand during this period.,stage5_frozen_selected_model,stage6a_frozen_ensemble,stage6b_deterministic_rules,real
2025-09-20T13:00:00+02:00,2025-09-19T23:00:00+02:00,168,14,M1_GBT_CAL_WEATHER,1.2060428993063799,0.1642671992,0.7887637535,1.7916293024999999,2.639759332799997,3.7975427456000026,0.01,LOW,26.1,True,DAYTIME,0.28,STANDARD_06_17,Warm weather can increase cooling demand during this period.,Pool circulation or heating can add to household demand during this period.,stage5_frozen_selected_model,stage6a_frozen_ensemble,stage6b_deterministic_rules,real
2025-09-20T14:00:00+02:00,2025-09-19T23:00:00+02:00,168,15,M1_GBT_CAL_WEATHER,1.2589263075296664,0.1543513231,0.5759986875,2.190744534099999,2.7071973332499986,3.7975427456000026,0.01,LOW,26.0,True,DAYTIME,0.28,STANDARD_06_17,Warm weather can increase cooling demand during this period.,Pool circulation or heating can add to household demand during this period.,stage5_frozen_selected_model,stage6a_frozen_ensemble,stage6b_deterministic_rules,real
2025-09-20T15:00:00+02:00,2025-09-19T23:00:00+02:00,168,16,M1_GBT_CAL_WEATHER,1.7033643928774862,0.15710894120000002,0.818161677,2.5708936996999996,2.879463973749989,3.7975427456000026,0.04,LOW,25.9,True,DAYTIME,0.28,STANDARD_06_17,Warm weather can increase cooling demand during this period.,Pool circulation or heating can add to household demand during this period.,stage5_frozen_selected_model,stage6a_frozen_ensemble,stage6b_deterministic_rules,real
2025-09-20T16:00:00+02:00,2025-09-19T23:00:00+02:00,168,17,M1_GBT_CAL_WEATHER,1.991388651130955,0.2035958254,1.0999708435,5.707524820199997,8.353815876699997,3.7975427456000026,0.145,LOW,25.9,True,RETURN_RAMP,0.28,STANDARD_06_17,Warm weather can increase cooling demand during this period.,Pool circulation or heating can add to household demand during this period.,stage5_frozen_selected_model,stage6a_frozen_ensemble,stage6b_deterministic_rules,real
2025-09-20T17:00:00+02:00,2025-09-19T23:00:00+02:00,168,18,M1_GBT_CAL_WEATHER,3.1307373615344423,0.2762252428,1.2983032115,8.383297732099999,9.517522498899996,3.7975427456000026,0.19,LOW,25.7,True,RETURN_RAMP,0.4,PEAK_17_22,Warm weather can increase cooling demand during this period.,Pool circulation or heating can add to household demand during this period.,stage5_frozen_selected_model,stage6a_frozen_ensemble,stage6b_deterministic_rules,real
2025-09-20T18:00:00+02:00,2025-09-19T23:00:00+02:00,168,19,M1_GBT_CAL_WEATHER,5.262256642643934,0.1963519936,1.573788933,8.250165331299998,9.3384740595,3.7975427456000026,0.26,MEDIUM,25.2,True,RETURN_RAMP,0.4,PEAK_17_22,"Evening demand can rise when EV charging, HVAC and household activities overlap.",Pool circulation or heating can add to household demand during this period.,stage5_frozen_selected_model,stage6a_frozen_ensemble,stage6b_deterministic_rules,real
2025-09-20T19:00:00+02:00,2025-09-19T23:00:00+02:00,168,20,M1_GBT_CAL_WEATHER,5.262256642643934,0.18841286110000002,2.0937948155,8.6487827672,10.187291467249999,3.7975427456000026,0.275,MEDIUM,24.8,True,EVENING,0.4,PEAK_17_22,"Evening demand can rise when EV charging, HVAC and household activities overlap.",Pool circulation or heating can add to household demand during this period.,stage5_frozen_selected_model,stage6a_frozen_ensemble,stage6b_deterministic_rules,real
2025-09-20T20:00:00+02:00,2025-09-19T23:00:00+02:00,168,21,M1_GBT_CAL_WEATHER,3.530355879810193,0.20127068960000002,1.9844072465,9.009263983099997,10.574838524799995,3.7975427456000026,0.335,MEDIUM,23.9,True,EVENING,0.4,PEAK_17_22,"Evening demand can rise when EV charging, HVAC and household activities overlap.",Pool circulation or heating can add to household demand during this period.,stage5_frozen_selected_model,stage6a_frozen_ensemble,stage6b_deterministic_rules,real
2025-09-20T21:00:00+02:00,2025-09-19T23:00:00+02:00,168,22,M1_GBT_CAL_WEATHER,2.391007169406706,0.414194652,1.3688332019999998,8.0252381757,8.6322753263,3.7975427456000026,0.3,MEDIUM,24.3,True,EVENING,0.4,PEAK_17_22,"Evening demand can rise when EV charging, HVAC and household activities overlap.",Pool circulation or heating can add to household demand during this period.,stage5_frozen_selected_model,stage6a_frozen_ensemble,stage6b_deterministic_rules,real
2025-09-20T22:00:00+02:00,2025-09-19T23:00:00+02:00,168,23,M1_GBT_CAL_WEATHER,1.8224223005549525,0.3976103063,0.784170402,7.8036692156,8.3778001437,3.7975427456000026,0.19,LOW,24.1,True,EVENING,0.28,STANDARD_22_24,Pool circulation or heating can add to household demand during this period.,,stage5_frozen_selected_model,stage6a_frozen_ensemble,stage6b_deterministic_rules,real
2025-09-20T23:00:00+02:00,2025-09-19T23:00:00+02:00,168,24,M1_GBT_CAL_WEATHER,1.1306070757743911,0.3433146252,0.601755056,3.8499928611999987,6.2982328127499745,3.7975427456000026,0.105,LOW,23.9,True,NIGHT,0.28,STANDARD_22_24,"Demand is usually lower overnight, although base loads, HVAC, pool systems and EV charging may remain active.",,stage5_frozen_selected_model,stage6a_frozen_ensemble,stage6b_deterministic_rules,real
2025-09-21T00:00:00+02:00,2025-09-19T23:00:00+02:00,168,25,M1_GBT_CAL_WEATHER,1.0777236675511046,0.32594914340000003,0.5313860939999999,2.160322035499999,2.8187084467499983,3.7975427456000026,0.035,LOW,24.1,True,NIGHT,0.18,OFF_PEAK_00_06,"Demand is usually lower overnight, although base loads, HVAC, pool systems and EV charging may remain active.",,stage5_frozen_selected_model,stage6a_frozen_ensemble,stage6b_deterministic_rules,real
2025-09-21T01:00:00+02:00,2025-09-19T23:00:00+02:00,168,26,M1_GBT_CAL_WEATHER,1.0777236675511046,0.31989689990000003,0.505556558,0.664021828,0.6985159463499999,3.7975427456000026,0.015,LOW,24.0,True,NIGHT,0.18,OFF_PEAK_00_06,"Demand is usually lower overnight, although base loads, HVAC, pool systems and EV charging may remain active.",,stage5_frozen_selected_model,stage6a_frozen_ensemble,stage6b_deterministic_rules,real
2025-09-21T02:00:00+02:00,2025-09-19T23:00:00+02:00,168,27,M1_GBT_CAL_WEATHER,1.0777236675511046,0.3205867772,0.488908193,0.6575734618,0.67997710175,3.7975427456000026,0.0,LOW,23.8,True,NIGHT,0.18,OFF_PEAK_00_06,"Demand is usually lower overnight, although base loads, HVAC, pool systems and EV charging may remain active.",,stage5_frozen_selected_model,stage6a_frozen_ensemble,stage6b_deterministic_rules,real
2025-09-21T03:00:00+02:00,2025-09-19T23:00:00+02:00,168,28,M1_GBT_CAL_WEATHER,1.0777236675511046,0.3191306553,0.49030452599999996,0.6569951098,0.6798997658,3.7975427456000026,0.0,LOW,23.5,True,NIGHT,0.18,OFF_PEAK_00_06,"Demand is usually lower overnight, although base loads, HVAC, pool systems and EV charging may remain active.",,stage5_frozen_selected_model,stage6a_frozen_ensemble,stage6b_deterministic_rules,real
2025-09-21T04:00:00+02:00,2025-09-19T23:00:00+02:00,168,29,M1_GBT_CAL_WEATHER,1.0777236675511046,0.3202192715,0.4893637675,0.6535160707,0.6722657439499998,3.7975427456000026,0.0,LOW,23.6,True,NIGHT,0.18,OFF_PEAK_00_06,"Demand is usually lower overnight, although base loads, HVAC, pool systems and EV charging may remain active.",,stage5_frozen_selected_model,stage6a_frozen_ensemble,stage6b_deterministic_rules,real
2025-09-21T05:00:00+02:00,2025-09-19T23:00:00+02:00,168,30,M1_GBT_CAL_WEATHER,1.0435689046245569,0.3209036038,0.489889449,0.6540849085,0.6728729857499999,3.7975427456000026,0.0,LOW,22.7,True,NIGHT,0.18,OFF_PEAK_00_06,"Demand is usually lower overnight, although base loads, HVAC, pool systems and EV charging may remain active.",,stage5_frozen_selected_model,stage6a_frozen_ensemble,stage6b_deterministic_rules,real
2025-09-21T06:00:00+02:00,2025-09-19T23:00:00+02:00,168,31,M1_GBT_CAL_WEATHER,1.0435689046245569,0.3380876982,0.5410294375,1.0873242934999996,1.5193285337999998,3.7975427456000026,0.0,LOW,22.6,True,NIGHT,0.28,STANDARD_06_17,Pool circulation or heating can add to household demand during this period.,"Demand is usually lower overnight, although base loads, HVAC, pool systems and EV charging may remain active.",stage5_frozen_selected_model,stage6a_frozen_ensemble,stage6b_deterministic_rules,real
2025-09-21T07:00:00+02:00,2025-09-19T23:00:00+02:00,168,32,M1_GBT_CAL_WEATHER,1.0435689046245569,0.3560264925,0.6821717105,1.9755133860999985,2.9746166684499995,3.7975427456000026,0.01,LOW,22.6,True,MORNING,0.28,STANDARD_06_17,Pool circulation or heating can add to household demand during this period.,Weekend occupancy can increase daytime household activity.,stage5_frozen_selected_model,stage6a_frozen_ensemble,stage6b_deterministic_rules,real
2025-09-21T08:00:00+02:00,2025-09-19T23:00:00+02:00,168,33,M1_GBT_CAL_WEATHER,1.0435689046245569,0.1760380527,0.915287054,2.0489017012999997,2.4339471510999986,3.7975427456000026,0.01,LOW,22.6,True,MORNING,0.28,STANDARD_06_17,Pool circulation or heating can add to household demand during this period.,Weekend occupancy can increase daytime household activity.,stage5_frozen_selected_model,stage6a_frozen_ensemble,stage6b_deterministic_rules,real
2025-09-21T09:00:00+02:00,2025-09-19T23:00:00+02:00,168,34,M1_GBT_CAL_WEATHER,1.0435689046245569,0.21271400680000002,1.0252454575,1.3558400016,1.7764451016999998,3.7975427456000026,0.03,LOW,22.8,True,DAYTIME,0.28,STANDARD_06_17,Pool circulation or heating can add to household demand during this period.,Weekend occupancy can increase daytime household activity.,stage5_frozen_selected_model,stage6a_frozen_ensemble,stage6b_deterministic_rules,real
2025-09-21T10:00:00+02:00,2025-09-19T23:00:00+02:00,168,35,M1_GBT_CAL_WEATHER,1.0777236675511046,0.3943430866,1.0526361080000002,1.3650575328999999,2.0222693294999994,3.7975427456000026,0.025,LOW,23.4,True,DAYTIME,0.28,STANDARD_06_17,Pool circulation or heating can add to household demand during this period.,Weekend occupancy can increase daytime household activity.,stage5_frozen_selected_model,stage6a_frozen_ensemble,stage6b_deterministic_rules,real
2025-09-21T11:00:00+02:00,2025-09-19T23:00:00+02:00,168,36,M1_GBT_CAL_WEATHER,1.0777236675511046,0.28515719800000006,1.020979752,1.3739872326999998,1.6192900264499936,3.7975427456000026,0.02,LOW,23.6,True,DAYTIME,0.28,STANDARD_06_17,Pool circulation or heating can add to household demand during this period.,Weekend occupancy can increase daytime household activity.,stage5_frozen_selected_model,stage6a_frozen_ensemble,stage6b_deterministic_rules,real
2025-09-21T12:00:00+02:00,2025-09-19T23:00:00+02:00,168,37,M1_GBT_CAL_WEATHER,1.0777236675511046,0.1790296392,0.8931903999999999,1.385576167,1.8010031489,3.7975427456000026,0.03,LOW,24.1,True,DAYTIME,0.28,STANDARD_06_17,Pool circulation or heating can add to household demand during this period.,Weekend occupancy can increase daytime household activity.,stage5_frozen_selected_model,stage6a_frozen_ensemble,stage6b_deterministic_rules,real
2025-09-21T13:00:00+02:00,2025-09-19T23:00:00+02:00,168,38,M1_GBT_CAL_WEATHER,1.2060428993063799,0.1572749068,0.5575702705000001,1.3570145839999999,1.8058492956999925,3.7975427456000026,0.025,LOW,24.8,True,DAYTIME,0.28,STANDARD_06_17,Pool circulation or heating can add to household demand during this period.,Weekend occupancy can increase daytime household activity.,stage5_frozen_selected_model,stage6a_frozen_ensemble,stage6b_deterministic_rules,real
2025-09-21T14:00:00+02:00,2025-09-19T23:00:00+02:00,168,39,M1_GBT_CAL_WEATHER,1.2589263075296664,0.1469431613,0.23772974149999998,1.3621388506999998,2.2366400224999987,3.7975427456000026,0.02,LOW,26.1,True,DAYTIME,0.28,STANDARD_06_17,Warm weather can increase cooling demand during this period.,Pool circulation or heating can add to household demand during this period.,stage5_frozen_selected_model,stage6a_frozen_ensemble,stage6b_deterministic_rules,real
2025-09-21T15:00:00+02:00,2025-09-19T23:00:00+02:00,168,40,M1_GBT_CAL_WEATHER,1.7033643928774862,0.15317252950000002,0.6454381634999999,2.5448034293,3.5985111338499998,3.7975427456000026,0.04,LOW,25.1,True,DAYTIME,0.28,STANDARD_06_17,Pool circulation or heating can add to household demand during this period.,Weekend occupancy can increase daytime household activity.,stage5_frozen_selected_model,stage6a_frozen_ensemble,stage6b_deterministic_rules,real
2025-09-21T16:00:00+02:00,2025-09-19T23:00:00+02:00,168,41,M1_GBT_CAL_WEATHER,2.069736805305395,0.1621331662,0.9457568675,3.9662116583,7.448000710449999,3.7975427456000026,0.105,LOW,24.9,True,RETURN_RAMP,0.28,STANDARD_06_17,Pool circulation or heating can add to household demand during this period.,Weekend occupancy can increase daytime household activity.,stage5_frozen_selected_model,stage6a_frozen_ensemble,stage6b_deterministic_rules,real
2025-09-21T17:00:00+02:00,2025-09-19T23:00:00+02:00,168,42,M1_GBT_CAL_WEATHER,3.2090855157088822,0.21774643140000002,1.084724121,6.808697265199996,8.373317445649999,3.7975427456000026,0.145,LOW,24.3,True,RETURN_RAMP,0.4,PEAK_17_22,Pool circulation or heating can add to household demand during this period.,Weekend occupancy can increase daytime household activity.,stage5_frozen_selected_model,stage6a_frozen_ensemble,stage6b_deterministic_rules,real
2025-09-21T18:00:00+02:00,2025-09-19T23:00:00+02:00,168,43,M1_GBT_CAL_WEATHER,4.6225596673223555,0.3369782113,1.2354520065,7.769581768299999,8.482401944500001,3.7975427456000026,0.22,MEDIUM,23.5,True,RETURN_RAMP,0.4,PEAK_17_22,"Evening demand can rise when EV charging, HVAC and household activities overlap.",Pool circulation or heating can add to household demand during this period.,stage5_frozen_selected_model,stage6a_frozen_ensemble,stage6b_deterministic_rules,real
2025-09-21T19:00:00+02:00,2025-09-19T23:00:00+02:00,168,44,M1_GBT_CAL_WEATHER,4.6225596673223555,0.2039420436,1.6694172484999998,8.352884369699998,10.167256080249999,3.7975427456000026,0.31,MEDIUM,21.9,True,EVENING,0.4,PEAK_17_22,"Evening demand can rise when EV charging, HVAC and household activities overlap.",Pool circulation or heating can add to household demand during this period.,stage5_frozen_selected_model,stage6a_frozen_ensemble,stage6b_deterministic_rules,real
2025-09-21T20:00:00+02:00,2025-09-19T23:00:00+02:00,168,45,M1_GBT_CAL_WEATHER,3.530355879810193,0.2049333103,2.4276511124999995,8.4876935471,10.035519149049996,3.7975427456000026,0.38,MEDIUM,21.3,True,EVENING,0.4,PEAK_17_22,"Evening demand can rise when EV charging, HVAC and household activities overlap.",Pool circulation or heating can add to household demand during this period.,stage5_frozen_selected_model,stage6a_frozen_ensemble,stage6b_deterministic_rules,real
2025-09-21T21:00:00+02:00,2025-09-19T23:00:00+02:00,168,46,M1_GBT_CAL_WEATHER,2.299202212560777,0.4680122968,1.6415905725,8.813184185999997,10.719250234749973,3.7975427456000026,0.37,MEDIUM,20.4,True,EVENING,0.4,PEAK_17_22,"Evening demand can rise when EV charging, HVAC and household activities overlap.",Pool circulation or heating can add to household demand during this period.,stage5_frozen_selected_model,stage6a_frozen_ensemble,stage6b_deterministic_rules,real
2025-09-21T22:00:00+02:00,2025-09-19T23:00:00+02:00,168,47,M1_GBT_CAL_WEATHER,1.7882675376284047,0.4246823951,0.8532730805,8.0347490691,9.174349805749998,3.7975427456000026,0.215,MEDIUM,19.8,True,EVENING,0.28,STANDARD_22_24,"Evening demand can rise when EV charging, HVAC and household activities overlap.",Pool circulation or heating can add to household demand during this period.,stage5_frozen_selected_model,stage6a_frozen_ensemble,stage6b_deterministic_rules,real
2025-09-21T23:00:00+02:00,2025-09-19T23:00:00+02:00,168,48,M1_GBT_CAL_WEATHER,1.0964523128478434,0.3320144481,0.5887948245,1.8064546033,3.805396496699985,3.7975427456000026,0.05,LOW,19.8,True,NIGHT,0.28,STANDARD_22_24,"Demand is usually lower overnight, although base loads, HVAC, pool systems and EV charging may remain active.",,stage5_frozen_selected_model,stage6a_frozen_ensemble,stage6b_deterministic_rules,real
2025-09-22T00:00:00+02:00,2025-09-19T23:00:00+02:00,168,49,M1_GBT_CAL_WEATHER,1.0435689046245569,0.3133513911,0.49700548299999997,0.6970216114,1.0527300822999912,3.7975427456000026,0.035,LOW,20.6,False,NIGHT,0.18,OFF_PEAK_00_06,"Demand is usually lower overnight, although base loads, HVAC, pool systems and EV charging may remain active.",,stage5_frozen_selected_model,stage6a_frozen_ensemble,stage6b_deterministic_rules,real
2025-09-22T01:00:00+02:00,2025-09-19T23:00:00+02:00,168,50,M1_GBT_CAL_WEATHER,1.0435689046245569,0.3151141978,0.4861686185,0.6541346772,0.6784895468,3.7975427456000026,0.01,LOW,20.5,False,NIGHT,0.18,OFF_PEAK_00_06,"Demand is usually lower overnight, although base loads, HVAC, pool systems and EV charging may remain active.",,stage5_frozen_selected_model,stage6a_frozen_ensemble,stage6b_deterministic_rules,real
2025-09-22T02:00:00+02:00,2025-09-19T23:00:00+02:00,168,51,M1_GBT_CAL_WEATHER,1.0435689046245569,0.3205867772,0.48635788999999996,0.6630140215,0.6853430948499999,3.7975427456000026,0.015,LOW,20.5,False,NIGHT,0.18,OFF_PEAK_00_06,"Demand is usually lower overnight, although base loads, HVAC, pool systems and EV charging may remain active.",,stage5_frozen_selected_model,stage6a_frozen_ensemble,stage6b_deterministic_rules,real
2025-09-22T03:00:00+02:00,2025-09-19T23:00:00+02:00,168,52,M1_GBT_CAL_WEATHER,1.0777236675511046,0.324218574,0.5087779575,0.8396448605999923,3.2913153016999996,3.7975427456000026,0.03,LOW,20.0,False,NIGHT,0.18,OFF_PEAK_00_06,"Demand is usually lower overnight, although base loads, HVAC, pool systems and EV charging may remain active.",,stage5_frozen_selected_model,stage6a_frozen_ensemble,stage6b_deterministic_rules,real
2025-09-22T04:00:00+02:00,2025-09-19T23:00:00+02:00,168,53,M1_GBT_CAL_WEATHER,1.0777236675511046,0.3251790256,0.5006871795,2.3142884440000002,3.2002177335499997,3.7975427456000026,0.025,LOW,19.6,False,NIGHT,0.18,OFF_PEAK_00_06,"Demand is usually lower overnight, although base loads, HVAC, pool systems and EV charging may remain active.",,stage5_frozen_selected_model,stage6a_frozen_ensemble,stage6b_deterministic_rules,real
2025-09-22T05:00:00+02:00,2025-09-19T23:00:00+02:00,168,54,M1_GBT_CAL_WEATHER,1.0777236675511046,0.3314791661,0.5276137525,3.304254908099999,3.9422639478999977,3.7975427456000026,0.07,LOW,19.1,False,NIGHT,0.18,OFF_PEAK_00_06,"Demand is usually lower overnight, although base loads, HVAC, pool systems and EV charging may remain active.",,stage5_frozen_selected_model,stage6a_frozen_ensemble,stage6b_deterministic_rules,real
2025-09-22T06:00:00+02:00,2025-09-19T23:00:00+02:00,168,55,M1_GBT_CAL_WEATHER,1.0777236675511046,0.34115243359999997,0.608395909,3.5955364968,4.0057024316,3.7975427456000026,0.08,LOW,18.4,False,NIGHT,0.28,STANDARD_06_17,Pool circulation or heating can add to household demand during this period.,"Demand is usually lower overnight, although base loads, HVAC, pool systems and EV charging may remain active.",stage5_frozen_selected_model,stage6a_frozen_ensemble,stage6b_deterministic_rules,real
2025-09-22T07:00:00+02:00,2025-09-19T23:00:00+02:00,168,56,M1_GBT_CAL_WEATHER,1.0777236675511046,0.4459694362,2.311717986,4.2204290696,4.850394262449994,3.7975427456000026,0.185,LOW,17.8,False,MORNING,0.28,STANDARD_06_17,Pool circulation or heating can add to household demand during this period.,,stage5_frozen_selected_model,stage6a_frozen_ensemble,stage6b_deterministic_rules,real
2025-09-22T08:00:00+02:00,2025-09-19T23:00:00+02:00,168,57,M1_GBT_CAL_WEATHER,1.0777236675511046,0.2658038401,2.6715916105,4.5601096312,5.4665823371499975,3.7975427456000026,0.275,MEDIUM,17.3,False,MORNING,0.28,STANDARD_06_17,Pool circulation or heating can add to household demand during this period.,,stage5_frozen_selected_model,stage6a_frozen_ensemble,stage6b_deterministic_rules,real
2025-09-22T09:00:00+02:00,2025-09-19T23:00:00+02:00,168,58,M1_GBT_CAL_WEATHER,1.0777236675511046,0.2239487387,1.140497775,4.2640097304,4.6539100688999975,3.7975427456000026,0.17,LOW,17.8,False,DAYTIME,0.28,STANDARD_06_17,Pool circulation or heating can add to household demand during this period.,,stage5_frozen_selected_model,stage6a_frozen_ensemble,stage6b_deterministic_rules,real
2025-09-22T10:00:00+02:00,2025-09-19T23:00:00+02:00,168,59,M1_GBT_CAL_WEATHER,1.0777236675511046,0.2876829177000001,1.0937678604999999,4.000176755199999,4.503889999749998,3.7975427456000026,0.135,LOW,18.7,False,DAYTIME,0.28,STANDARD_06_17,Pool circulation or heating can add to household demand during this period.,,stage5_frozen_selected_model,stage6a_frozen_ensemble,stage6b_deterministic_rules,real
2025-09-22T11:00:00+02:00,2025-09-19T23:00:00+02:00,168,60,M1_GBT_CAL_WEATHER,1.0777236675511046,0.4183416268000001,1.1247646869999999,3.8548960977999984,4.697199568299997,3.7975427456000026,0.11,LOW,19.6,False,DAYTIME,0.28,STANDARD_06_17,Pool circulation or heating can add to household demand during this period.,,stage5_frozen_selected_model,stage6a_frozen_ensemble,stage6b_deterministic_rules,real
2025-09-22T12:00:00+02:00,2025-09-19T23:00:00+02:00,168,61,M1_GBT_CAL_WEATHER,1.0483527069396041,0.16845043,1.073325272,3.7391576088,4.946133107549996,3.7975427456000026,0.095,LOW,20.5,False,DAYTIME,0.28,STANDARD_06_17,Pool circulation or heating can add to household demand during this period.,,stage5_frozen_selected_model,stage6a_frozen_ensemble,stage6b_deterministic_rules,real
2025-09-22T13:00:00+02:00,2025-09-19T23:00:00+02:00,168,62,M1_GBT_CAL_WEATHER,1.0483527069396041,0.1490689564,0.8514547045,3.406022323799999,4.255805781649993,3.7975427456000026,0.085,LOW,20.9,False,DAYTIME,0.28,STANDARD_06_17,Pool circulation or heating can add to household demand during this period.,,stage5_frozen_selected_model,stage6a_frozen_ensemble,stage6b_deterministic_rules,real
2025-09-22T14:00:00+02:00,2025-09-19T23:00:00+02:00,168,63,M1_GBT_CAL_WEATHER,1.0613763442837822,0.143912972,0.35158578800000007,3.4899371192,4.042533115599999,3.7975427456000026,0.075,LOW,21.6,False,DAYTIME,0.28,STANDARD_06_17,Pool circulation or heating can add to household demand during this period.,,stage5_frozen_selected_model,stage6a_frozen_ensemble,stage6b_deterministic_rules,real
2025-09-22T15:00:00+02:00,2025-09-19T23:00:00+02:00,168,64,M1_GBT_CAL_WEATHER,1.4600228870435974,0.1420159776,0.37443504799999994,2.0975626173999995,3.736444089649997,3.7975427456000026,0.05,LOW,21.9,False,DAYTIME,0.28,STANDARD_06_17,Pool circulation or heating can add to household demand during this period.,,stage5_frozen_selected_model,stage6a_frozen_ensemble,stage6b_deterministic_rules,real
2025-09-22T16:00:00+02:00,2025-09-19T23:00:00+02:00,168,65,M1_GBT_CAL_WEATHER,1.9620176905194546,0.1696417025,0.8501089075,4.0553171921999995,4.845918554299998,3.7975427456000026,0.115,LOW,22.0,False,RETURN_RAMP,0.28,STANDARD_06_17,Pool circulation or heating can add to household demand during this period.,,stage5_frozen_selected_model,stage6a_frozen_ensemble,stage6b_deterministic_rules,real
2025-09-22T17:00:00+02:00,2025-09-19T23:00:00+02:00,168,66,M1_GBT_CAL_WEATHER,3.456997394384258,0.39188953560000006,1.139926043,8.2130032013,9.12282817145,3.7975427456000026,0.315,MEDIUM,21.8,False,RETURN_RAMP,0.4,PEAK_17_22,"Evening demand can rise when EV charging, HVAC and household activities overlap.",Pool circulation or heating can add to household demand during this period.,stage5_frozen_selected_model,stage6a_frozen_ensemble,stage6b_deterministic_rules,real
2025-09-22T18:00:00+02:00,2025-09-19T23:00:00+02:00,168,67,M1_GBT_CAL_WEATHER,5.588516675493751,0.21097591550000003,2.9188487705,10.1840900822,13.881681765749994,3.7975427456000026,0.43,HIGH,21.4,False,RETURN_RAMP,0.4,PEAK_17_22,"This is a high-risk period because EV charging can coincide with HVAC, cooking and optional high-power loads such as the sauna.",Pool circulation or heating can add to household demand during this period.,stage5_frozen_selected_model,stage6a_frozen_ensemble,stage6b_deterministic_rules,real
2025-09-22T19:00:00+02:00,2025-09-19T23:00:00+02:00,168,68,M1_GBT_CAL_WEATHER,5.588516675493751,0.2065860284,3.8367146615000003,11.925872432399999,15.054528905199998,3.7975427456000026,0.505,HIGH,20.8,False,EVENING,0.4,PEAK_17_22,"This is a high-risk period because EV charging can coincide with HVAC, cooking and optional high-power loads such as the sauna.",Pool circulation or heating can add to household demand during this period.,stage5_frozen_selected_model,stage6a_frozen_ensemble,stage6b_deterministic_rules,real
2025-09-22T20:00:00+02:00,2025-09-19T23:00:00+02:00,168,69,M1_GBT_CAL_WEATHER,3.8566159126600086,0.1908445886,2.073307543,9.7563349673,11.062780211649999,3.7975427456000026,0.355,MEDIUM,20.4,False,EVENING,0.4,PEAK_17_22,"Evening demand can rise when EV charging, HVAC and household activities overlap.",Pool circulation or heating can add to household demand during this period.,stage5_frozen_selected_model,stage6a_frozen_ensemble,stage6b_deterministic_rules,real
2025-09-22T21:00:00+02:00,2025-09-19T23:00:00+02:00,168,70,M1_GBT_CAL_WEATHER,2.3616362087952054,0.29626963479999996,1.1322506314999998,7.350626220599998,8.5722262553,3.7975427456000026,0.23,MEDIUM,19.5,False,EVENING,0.4,PEAK_17_22,"Evening demand can rise when EV charging, HVAC and household activities overlap.",Pool circulation or heating can add to household demand during this period.,stage5_frozen_selected_model,stage6a_frozen_ensemble,stage6b_deterministic_rules,real
2025-09-22T22:00:00+02:00,2025-09-19T23:00:00+02:00,168,71,M1_GBT_CAL_WEATHER,1.793051339943452,0.2975687496,0.708165398,4.3938537729,8.0470289794,3.7975427456000026,0.155,LOW,19.2,False,EVENING,0.28,STANDARD_22_24,Pool circulation or heating can add to household demand during this period.,,stage5_frozen_selected_model,stage6a_frozen_ensemble,stage6b_deterministic_rules,real
2025-09-22T23:00:00+02:00,2025-09-19T23:00:00+02:00,168,72,M1_GBT_CAL_WEATHER,1.1306070757743911,0.2967098219,0.610138631,3.7224829111999997,4.322751416949999,3.7975427456000026,0.095,LOW,18.8,False,NIGHT,0.28,STANDARD_22_24,"Demand is usually lower overnight, although base loads, HVAC, pool systems and EV charging may remain active.",,stage5_frozen_selected_model,stage6a_frozen_ensemble,stage6b_deterministic_rules,real
2025-09-23T00:00:00+02:00,2025-09-19T23:00:00+02:00,168,73,M1_GBT_CAL_WEATHER,1.0777236675511046,0.2923441621,0.590276917,3.680115548,4.12251776905,3.7975427456000026,0.085,LOW,18.5,False,NIGHT,0.18,OFF_PEAK_00_06,"Demand is usually lower overnight, although base loads, HVAC, pool systems and EV charging may remain active.",,stage5_frozen_selected_model,stage6a_frozen_ensemble,stage6b_deterministic_rules,real
2025-09-23T01:00:00+02:00,2025-09-19T23:00:00+02:00,168,74,M1_GBT_CAL_WEATHER,1.0777236675511046,0.30043253940000003,0.607033322,3.8841896451999998,4.152460857,3.7975427456000026,0.105,LOW,17.9,False,NIGHT,0.18,OFF_PEAK_00_06,"Demand is usually lower overnight, although base loads, HVAC, pool systems and EV charging may remain active.",,stage5_frozen_selected_model,stage6a_frozen_ensemble,stage6b_deterministic_rules,real
2025-09-23T02:00:00+02:00,2025-09-19T23:00:00+02:00,168,75,M1_GBT_CAL_WEATHER,1.0777236675511046,0.30376903489999996,0.641391991,3.7884500906,4.16854333345,3.7975427456000026,0.1,LOW,17.1,False,NIGHT,0.18,OFF_PEAK_00_06,"Demand is usually lower overnight, although base loads, HVAC, pool systems and EV charging may remain active.",,stage5_frozen_selected_model,stage6a_frozen_ensemble,stage6b_deterministic_rules,real
2025-09-23T03:00:00+02:00,2025-09-19T23:00:00+02:00,168,76,M1_GBT_CAL_WEATHER,1.0777236675511046,0.30611217409999997,2.4172061905,3.9310911252,4.1487175413,3.7975427456000026,0.145,LOW,16.6,False,NIGHT,0.18,OFF_PEAK_00_06,"Demand is usually lower overnight, although base loads, HVAC, pool systems and EV charging may remain active.",,stage5_frozen_selected_model,stage6a_frozen_ensemble,stage6b_deterministic_rules,real
2025-09-23T04:00:00+02:00,2025-09-19T23:00:00+02:00,168,77,M1_GBT_CAL_WEATHER,1.0435689046245569,0.31642009000000004,2.898812013,4.112689222099999,4.2723501629,3.7975427456000026,0.21,MEDIUM,15.9,False,NIGHT,0.18,OFF_PEAK_00_06,Expected demand and uncertainty follow the frozen household and weather patterns for this hour.,,stage5_frozen_selected_model,stage6a_frozen_ensemble,stage6b_deterministic_rules,real
2025-09-23T05:00:00+02:00,2025-09-19T23:00:00+02:00,168,78,M1_GBT_CAL_WEATHER,1.0435689046245569,0.3855622381,2.8140039985,4.082762067499999,4.234130886249999,3.7975427456000026,0.195,LOW,15.7,False,NIGHT,0.18,OFF_PEAK_00_06,"Demand is usually lower overnight, although base loads, HVAC, pool systems and EV charging may remain active.",,stage5_frozen_selected_model,stage6a_frozen_ensemble,stage6b_deterministic_rules,real
2025-09-23T06:00:00+02:00,2025-09-19T23:00:00+02:00,168,79,M1_GBT_CAL_WEATHER,1.0435689046245569,1.3394099438,3.358314257,4.4423593481,4.671629790199999,3.7975427456000026,0.295,MEDIUM,15.6,False,NIGHT,0.28,STANDARD_06_17,Pool circulation or heating can add to household demand during this period.,,stage5_frozen_selected_model,stage6a_frozen_ensemble,stage6b_deterministic_rules,real
2025-09-23T07:00:00+02:00,2025-09-19T23:00:00+02:00,168,80,M1_GBT_CAL_WEATHER,1.0435689046245569,1.1578827188999998,3.6484346555,5.147696239899999,5.656459278,3.7975427456000026,0.435,HIGH,15.5,False,MORNING,0.28,STANDARD_06_17,Pool circulation or heating can add to household demand during this period.,,stage5_frozen_selected_model,stage6a_frozen_ensemble,stage6b_deterministic_rules,real
2025-09-23T08:00:00+02:00,2025-09-19T23:00:00+02:00,168,81,M1_GBT_CAL_WEATHER,1.0435689046245569,0.9595625238,3.4618208575000002,5.028867652299999,5.640539657099999,3.7975427456000026,0.365,MEDIUM,15.3,False,MORNING,0.28,STANDARD_06_17,Pool circulation or heating can add to household demand during this period.,,stage5_frozen_selected_model,stage6a_frozen_ensemble,stage6b_deterministic_rules,real
2025-09-23T09:00:00+02:00,2025-09-19T23:00:00+02:00,168,82,M1_GBT_CAL_WEATHER,1.0777236675511046,0.24713764500000002,1.2554799460000001,4.508704949499999,4.935269911199999,3.7975427456000026,0.195,LOW,16.5,False,DAYTIME,0.28,STANDARD_06_17,Pool circulation or heating can add to household demand during this period.,,stage5_frozen_selected_model,stage6a_frozen_ensemble,stage6b_deterministic_rules,real
2025-09-23T10:00:00+02:00,2025-09-19T23:00:00+02:00,168,83,M1_GBT_CAL_WEATHER,1.0777236675511046,0.40462675220000016,1.129373111,4.7090015943,5.7480244140000005,3.7975427456000026,0.2,MEDIUM,17.7,False,DAYTIME,0.28,STANDARD_06_17,Pool circulation or heating can add to household demand during this period.,,stage5_frozen_selected_model,stage6a_frozen_ensemble,stage6b_deterministic_rules,real
2025-09-23T11:00:00+02:00,2025-09-19T23:00:00+02:00,168,84,M1_GBT_CAL_WEATHER,1.0777236675511046,0.32525410440000013,1.3052987950000001,5.0768905338999994,6.252691634999985,3.7975427456000026,0.275,MEDIUM,18.4,False,DAYTIME,0.28,STANDARD_06_17,Pool circulation or heating can add to household demand during this period.,,stage5_frozen_selected_model,stage6a_frozen_ensemble,stage6b_deterministic_rules,real
2025-09-23T12:00:00+02:00,2025-09-19T23:00:00+02:00,168,85,M1_GBT_CAL_WEATHER,1.0777236675511046,0.1833497889,1.382508704,4.8807403184,6.093346108799992,3.7975427456000026,0.245,MEDIUM,19.7,False,DAYTIME,0.28,STANDARD_06_17,Pool circulation or heating can add to household demand during this period.,,stage5_frozen_selected_model,stage6a_frozen_ensemble,stage6b_deterministic_rules,real
2025-09-23T13:00:00+02:00,2025-09-19T23:00:00+02:00,168,86,M1_GBT_CAL_WEATHER,1.0777236675511046,0.1546229381,0.8235225879999999,3.5977530863999996,4.603310475449998,3.7975427456000026,0.09,LOW,20.1,False,DAYTIME,0.28,STANDARD_06_17,Pool circulation or heating can add to household demand during this period.,,stage5_frozen_selected_model,stage6a_frozen_ensemble,stage6b_deterministic_rules,real
2025-09-23T14:00:00+02:00,2025-09-19T23:00:00+02:00,168,87,M1_GBT_CAL_WEATHER,1.1306070757743911,0.14224709259999999,0.2192023585,2.9180126757999996,4.272566931099997,3.7975427456000026,0.07,LOW,20.6,False,DAYTIME,0.28,STANDARD_06_17,Pool circulation or heating can add to household demand during this period.,,stage5_frozen_selected_model,stage6a_frozen_ensemble,stage6b_deterministic_rules,real
2025-09-23T15:00:00+02:00,2025-09-19T23:00:00+02:00,168,88,M1_GBT_CAL_WEATHER,1.4893938476550979,0.14959204280000002,0.4458233215,2.4126781915,3.3237008613499985,3.7975427456000026,0.035,LOW,20.2,False,DAYTIME,0.28,STANDARD_06_17,Pool circulation or heating can add to household demand during this period.,,stage5_frozen_selected_model,stage6a_frozen_ensemble,stage6b_deterministic_rules,real
2025-09-23T16:00:00+02:00,2025-09-19T23:00:00+02:00,168,89,M1_GBT_CAL_WEATHER,1.991388651130955,0.1733421292,0.962046282,4.081659029199999,4.779102637099998,3.7975427456000026,0.125,LOW,19.7,False,RETURN_RAMP,0.28,STANDARD_06_17,Pool circulation or heating can add to household demand during this period.,,stage5_frozen_selected_model,stage6a_frozen_ensemble,stage6b_deterministic_rules,real
2025-09-23T17:00:00+02:00,2025-09-19T23:00:00+02:00,168,90,M1_GBT_CAL_WEATHER,3.7146227666876603,0.4771266301,2.129608984,9.293407200499999,11.8593615449,3.7975427456000026,0.37,MEDIUM,18.4,False,RETURN_RAMP,0.4,PEAK_17_22,"Evening demand can rise when EV charging, HVAC and household activities overlap.",Pool circulation or heating can add to household demand during this period.,stage5_frozen_selected_model,stage6a_frozen_ensemble,stage6b_deterministic_rules,real
2025-09-23T18:00:00+02:00,2025-09-19T23:00:00+02:00,168,91,M1_GBT_CAL_WEATHER,5.925079650789239,0.7944306980000001,4.4865322435,12.3869431009,13.80209793439997,3.7975427456000026,0.6,HIGH,18.1,False,RETURN_RAMP,0.4,PEAK_17_22,"This is a high-risk period because EV charging can coincide with HVAC, cooking and optional high-power loads such as the sauna.",Pool circulation or heating can add to household demand during this period.,stage5_frozen_selected_model,stage6a_frozen_ensemble,stage6b_deterministic_rules,real
2025-09-23T19:00:00+02:00,2025-09-19T23:00:00+02:00,168,92,M1_GBT_CAL_WEATHER,5.357451517713209,0.38784443720000006,5.731880317,13.068834491199999,16.706832505149993,3.7975427456000026,0.655,HIGH,17.0,False,EVENING,0.4,PEAK_17_22,"This is a high-risk period because EV charging can coincide with HVAC, cooking and optional high-power loads such as the sauna.",Pool circulation or heating can add to household demand during this period.,stage5_frozen_selected_model,stage6a_frozen_ensemble,stage6b_deterministic_rules,real
2025-09-23T20:00:00+02:00,2025-09-19T23:00:00+02:00,168,93,M1_GBT_CAL_WEATHER,3.963824288543422,0.30694144410000007,4.522175385000001,11.3789028894,13.529274330949997,3.7975427456000026,0.575,HIGH,16.6,False,EVENING,0.4,PEAK_17_22,"This is a high-risk period because EV charging can coincide with HVAC, cooking and optional high-power loads such as the sauna.",Pool circulation or heating can add to household demand during this period.,stage5_frozen_selected_model,stage6a_frozen_ensemble,stage6b_deterministic_rules,real
2025-09-23T21:00:00+02:00,2025-09-19T23:00:00+02:00,168,94,M1_GBT_CAL_WEATHER,2.391007169406706,0.5142097014,3.867176432,10.564663691,11.974352590699993,3.7975427456000026,0.52,HIGH,16.7,False,EVENING,0.4,PEAK_17_22,"Evening demand can rise when EV charging, HVAC and household activities overlap.",Pool circulation or heating can add to household demand during this period.,stage5_frozen_selected_model,stage6a_frozen_ensemble,stage6b_deterministic_rules,real
2025-09-23T22:00:00+02:00,2025-09-19T23:00:00+02:00,168,95,M1_GBT_CAL_WEATHER,1.8224223005549525,0.4211773265,3.143792842,7.456560547699999,10.692099574999999,3.7975427456000026,0.33,MEDIUM,16.8,False,EVENING,0.28,STANDARD_22_24,"Evening demand can rise when EV charging, HVAC and household activities overlap.",Pool circulation or heating can add to household demand during this period.,stage5_frozen_selected_model,stage6a_frozen_ensemble,stage6b_deterministic_rules,real
2025-09-23T23:00:00+02:00,2025-09-19T23:00:00+02:00,168,96,M1_GBT_CAL_WEATHER,1.1306070757743911,0.4117374095,2.7383191594999996,4.390217375999999,5.239765261049996,3.7975427456000026,0.235,MEDIUM,16.5,False,NIGHT,0.28,STANDARD_22_24,Expected demand and uncertainty follow the frozen household and weather patterns for this hour.,,stage5_frozen_selected_model,stage6a_frozen_ensemble,stage6b_deterministic_rules,real
2025-09-24T00:00:00+02:00,2025-09-19T23:00:00+02:00,168,97,M1_GBT_CAL_WEATHER,1.0777236675511046,0.3383312409,2.374429193,4.0886712755,4.40754375395,3.7975427456000026,0.175,LOW,16.1,False,NIGHT,0.18,OFF_PEAK_00_06,"Demand is usually lower overnight, although base loads, HVAC, pool systems and EV charging may remain active.",,stage5_frozen_selected_model,stage6a_frozen_ensemble,stage6b_deterministic_rules,real
2025-09-24T01:00:00+02:00,2025-09-19T23:00:00+02:00,168,98,M1_GBT_CAL_WEATHER,1.0777236675511046,0.4324573036,2.9522256215000002,4.0903096206,4.283546124199999,3.7975427456000026,0.215,MEDIUM,15.9,False,NIGHT,0.18,OFF_PEAK_00_06,Expected demand and uncertainty follow the frozen household and weather patterns for this hour.,,stage5_frozen_selected_model,stage6a_frozen_ensemble,stage6b_deterministic_rules,real
2025-09-24T02:00:00+02:00,2025-09-19T23:00:00+02:00,168,99,M1_GBT_CAL_WEATHER,1.0777236675511046,0.6359478271,3.1761114125,4.1381422607,4.3368497148,3.7975427456000026,0.235,MEDIUM,16.1,False,NIGHT,0.18,OFF_PEAK_00_06,Expected demand and uncertainty follow the frozen household and weather patterns for this hour.,,stage5_frozen_selected_model,stage6a_frozen_ensemble,stage6b_deterministic_rules,real
2025-09-24T03:00:00+02:00,2025-09-19T23:00:00+02:00,168,100,M1_GBT_CAL_WEATHER,1.0777236675511046,0.4538926495,3.004305595,4.1698461379000005,4.3785995838,3.7975427456000026,0.235,MEDIUM,15.8,False,NIGHT,0.18,OFF_PEAK_00_06,Expected demand and uncertainty follow the frozen household and weather patterns for this hour.,,stage5_frozen_selected_model,stage6a_frozen_ensemble,stage6b_deterministic_rules,real
2025-09-24T04:00:00+02:00,2025-09-19T23:00:00+02:00,168,101,M1_GBT_CAL_WEATHER,1.0777236675511046,0.4183099196,3.0671740925,4.1567411841,4.33936328265,3.7975427456000026,0.225,MEDIUM,15.3,False,NIGHT,0.18,OFF_PEAK_00_06,Expected demand and uncertainty follow the frozen household and weather patterns for this hour.,,stage5_frozen_selected_model,stage6a_frozen_ensemble,stage6b_deterministic_rules,real
2025-09-24T05:00:00+02:00,2025-09-19T23:00:00+02:00,168,102,M1_GBT_CAL_WEATHER,1.0777236675511046,1.9784929629,3.1937978725,4.1691344236,4.340049317849999,3.7975427456000026,0.255,MEDIUM,14.8,False,NIGHT,0.18,OFF_PEAK_00_06,Expected demand and uncertainty follow the frozen household and weather patterns for this hour.,,stage5_frozen_selected_model,stage6a_frozen_ensemble,stage6b_deterministic_rules,real
2025-09-24T06:00:00+02:00,2025-09-19T23:00:00+02:00,168,103,M1_GBT_CAL_WEATHER,1.0777236675511046,2.2762499178000004,3.3783489585,4.3848454184,4.816489354749998,3.7975427456000026,0.335,MEDIUM,14.8,False,NIGHT,0.28,STANDARD_06_17,Pool circulation or heating can add to household demand during this period.,,stage5_frozen_selected_model,stage6a_frozen_ensemble,stage6b_deterministic_rules,real
2025-09-24T07:00:00+02:00,2025-09-19T23:00:00+02:00,168,104,M1_GBT_CAL_WEATHER,1.0777236675511046,2.3758761134,3.8218615950000006,5.0201411168,5.355686389449991,3.7975427456000026,0.51,HIGH,14.4,False,MORNING,0.28,STANDARD_06_17,Pool circulation or heating can add to household demand during this period.,,stage5_frozen_selected_model,stage6a_frozen_ensemble,stage6b_deterministic_rules,real
2025-09-24T08:00:00+02:00,2025-09-19T23:00:00+02:00,168,105,M1_GBT_CAL_WEATHER,1.0777236675511046,2.4170967221,3.7386185325000003,5.3323770189,5.921250092199998,3.7975427456000026,0.475,HIGH,14.2,False,MORNING,0.28,STANDARD_06_17,Pool circulation or heating can add to household demand during this period.,,stage5_frozen_selected_model,stage6a_frozen_ensemble,stage6b_deterministic_rules,real
2025-09-24T09:00:00+02:00,2025-09-19T23:00:00+02:00,168,106,M1_GBT_CAL_WEATHER,1.0777236675511046,0.2143331685,1.1996077365,4.3438503426,4.897852332449999,3.7975427456000026,0.165,LOW,14.9,False,DAYTIME,0.28,STANDARD_06_17,Pool circulation or heating can add to household demand during this period.,,stage5_frozen_selected_model,stage6a_frozen_ensemble,stage6b_deterministic_rules,real
2025-09-24T10:00:00+02:00,2025-09-19T23:00:00+02:00,168,107,M1_GBT_CAL_WEATHER,1.0777236675511046,0.8080375646,2.9661341625,4.9571513616,5.528650682949992,3.7975427456000026,0.325,MEDIUM,15.9,False,DAYTIME,0.28,STANDARD_06_17,Pool circulation or heating can add to household demand during this period.,,stage5_frozen_selected_model,stage6a_frozen_ensemble,stage6b_deterministic_rules,real
2025-09-24T11:00:00+02:00,2025-09-19T23:00:00+02:00,168,108,M1_GBT_CAL_WEATHER,1.0777236675511046,1.2154492984,3.5850222885000003,5.1618788968,6.378090135999998,3.7975427456000026,0.46,HIGH,16.8,False,DAYTIME,0.28,STANDARD_06_17,Pool circulation or heating can add to household demand during this period.,,stage5_frozen_selected_model,stage6a_frozen_ensemble,stage6b_deterministic_rules,real
2025-09-24T12:00:00+02:00,2025-09-19T23:00:00+02:00,168,109,M1_GBT_CAL_WEATHER,1.0777236675511046,0.20274834590000002,2.6842758985,4.831329698899999,6.018731604549998,3.7975427456000026,0.28,MEDIUM,18.1,False,DAYTIME,0.28,STANDARD_06_17,Pool circulation or heating can add to household demand during this period.,,stage5_frozen_selected_model,stage6a_frozen_ensemble,stage6b_deterministic_rules,real
2025-09-24T13:00:00+02:00,2025-09-19T23:00:00+02:00,168,110,M1_GBT_CAL_WEATHER,1.0483527069396041,0.15213953970000002,0.874281907,3.5720480193,4.2534427375499995,3.7975427456000026,0.08,LOW,19.1,False,DAYTIME,0.28,STANDARD_06_17,Pool circulation or heating can add to household demand during this period.,,stage5_frozen_selected_model,stage6a_frozen_ensemble,stage6b_deterministic_rules,real
2025-09-24T14:00:00+02:00,2025-09-19T23:00:00+02:00,168,111,M1_GBT_CAL_WEATHER,1.0613763442837822,0.1414765639,0.507707006,3.6406765455,4.231687321999998,3.7975427456000026,0.09,LOW,20.0,False,DAYTIME,0.28,STANDARD_06_17,Pool circulation or heating can add to household demand during this period.,,stage5_frozen_selected_model,stage6a_frozen_ensemble,stage6b_deterministic_rules,real
2025-09-24T15:00:00+02:00,2025-09-19T23:00:00+02:00,168,112,M1_GBT_CAL_WEATHER,1.420163116164489,0.1401669118,0.3753352195,2.333739950899999,3.6784075847499995,3.7975427456000026,0.045,LOW,20.4,False,DAYTIME,0.28,STANDARD_06_17,Pool circulation or heating can add to household demand during this period.,,stage5_frozen_selected_model,stage6a_frozen_ensemble,stage6b_deterministic_rules,real
2025-09-24T16:00:00+02:00,2025-09-19T23:00:00+02:00,168,113,M1_GBT_CAL_WEATHER,1.9620176905194546,0.15430170999999998,0.857936767,3.3924418520999997,4.814180784199997,3.7975427456000026,0.095,LOW,20.7,False,RETURN_RAMP,0.28,STANDARD_06_17,Pool circulation or heating can add to household demand during this period.,,stage5_frozen_selected_model,stage6a_frozen_ensemble,stage6b_deterministic_rules,real
2025-09-24T17:00:00+02:00,2025-09-19T23:00:00+02:00,168,114,M1_GBT_CAL_WEATHER,3.6852518060761597,0.3936559155,1.3430944040000001,7.9430877054,9.583831535899998,3.7975427456000026,0.31,MEDIUM,20.3,False,RETURN_RAMP,0.4,PEAK_17_22,"Evening demand can rise when EV charging, HVAC and household activities overlap.",Pool circulation or heating can add to household demand during this period.,stage5_frozen_selected_model,stage6a_frozen_ensemble,stage6b_deterministic_rules,real
2025-09-24T18:00:00+02:00,2025-09-19T23:00:00+02:00,168,115,M1_GBT_CAL_WEATHER,5.895708690177738,0.6867673301000001,4.352574645000001,11.9225478694,14.625933745649995,3.7975427456000026,0.565,HIGH,19.8,False,RETURN_RAMP,0.4,PEAK_17_22,"This is a high-risk period because EV charging can coincide with HVAC, cooking and optional high-power loads such as the sauna.",Pool circulation or heating can add to household demand during this period.,stage5_frozen_selected_model,stage6a_frozen_ensemble,stage6b_deterministic_rules,real
2025-09-24T19:00:00+02:00,2025-09-19T23:00:00+02:00,168,116,M1_GBT_CAL_WEATHER,5.925079650789239,0.4107281888000001,6.187371917,12.421667991499994,15.01779750219999,3.7975427456000026,0.635,HIGH,19.3,False,EVENING,0.4,PEAK_17_22,"This is a high-risk period because EV charging can coincide with HVAC, cooking and optional high-power loads such as the sauna.",Pool circulation or heating can add to household demand during this period.,stage5_frozen_selected_model,stage6a_frozen_ensemble,stage6b_deterministic_rules,real
2025-09-24T20:00:00+02:00,2025-09-19T23:00:00+02:00,168,117,M1_GBT_CAL_WEATHER,3.963824288543422,0.2558011637,3.6400310605,10.3471480832,11.83254061484998,3.7975427456000026,0.49,HIGH,18.4,False,EVENING,0.4,PEAK_17_22,"This is a high-risk period because EV charging can coincide with HVAC, cooking and optional high-power loads such as the sauna.",Pool circulation or heating can add to household demand during this period.,stage5_frozen_selected_model,stage6a_frozen_ensemble,stage6b_deterministic_rules,real
2025-09-24T21:00:00+02:00,2025-09-19T23:00:00+02:00,168,118,M1_GBT_CAL_WEATHER,2.391007169406706,0.5380228314,3.252746319,9.573484301999997,10.992521505649997,3.7975427456000026,0.415,HIGH,17.7,False,EVENING,0.4,PEAK_17_22,"Evening demand can rise when EV charging, HVAC and household activities overlap.",Pool circulation or heating can add to household demand during this period.,stage5_frozen_selected_model,stage6a_frozen_ensemble,stage6b_deterministic_rules,real
2025-09-24T22:00:00+02:00,2025-09-19T23:00:00+02:00,168,119,M1_GBT_CAL_WEATHER,1.8224223005549525,0.4268160095,3.113872896,8.0076099392,10.193295142499998,3.7975427456000026,0.345,MEDIUM,17.3,False,EVENING,0.28,STANDARD_22_24,"Evening demand can rise when EV charging, HVAC and household activities overlap.",Pool circulation or heating can add to household demand during this period.,stage5_frozen_selected_model,stage6a_frozen_ensemble,stage6b_deterministic_rules,real
2025-09-24T23:00:00+02:00,2025-09-19T23:00:00+02:00,168,120,M1_GBT_CAL_WEATHER,1.1306070757743911,0.353623207,2.9450579484999997,4.2980295619,4.791036468699997,3.7975427456000026,0.28,MEDIUM,16.8,False,NIGHT,0.28,STANDARD_22_24,Expected demand and uncertainty follow the frozen household and weather patterns for this hour.,,stage5_frozen_selected_model,stage6a_frozen_ensemble,stage6b_deterministic_rules,real
2025-09-25T00:00:00+02:00,2025-09-19T23:00:00+02:00,168,121,M1_GBT_CAL_WEATHER,1.0777236675511046,0.3332252652,2.041970172,3.9029480774999996,4.167703194399999,3.7975427456000026,0.135,LOW,17.3,False,NIGHT,0.18,OFF_PEAK_00_06,"Demand is usually lower overnight, although base loads, HVAC, pool systems and EV charging may remain active.",,stage5_frozen_selected_model,stage6a_frozen_ensemble,stage6b_deterministic_rules,real
2025-09-25T01:00:00+02:00,2025-09-19T23:00:00+02:00,168,122,M1_GBT_CAL_WEATHER,1.0777236675511046,0.34590259289999997,0.6624944735,3.8970688836,4.1371648734,3.7975427456000026,0.125,LOW,16.9,False,NIGHT,0.18,OFF_PEAK_00_06,"Demand is usually lower overnight, although base loads, HVAC, pool systems and EV charging may remain active.",,stage5_frozen_selected_model,stage6a_frozen_ensemble,stage6b_deterministic_rules,real
2025-09-25T02:00:00+02:00,2025-09-19T23:00:00+02:00,168,123,M1_GBT_CAL_WEATHER,1.0777236675511046,0.3949810899,2.7150721675000002,4.053949064299999,4.213080048899999,3.7975427456000026,0.195,LOW,16.9,False,NIGHT,0.18,OFF_PEAK_00_06,"Demand is usually lower overnight, although base loads, HVAC, pool systems and EV charging may remain active.",,stage5_frozen_selected_model,stage6a_frozen_ensemble,stage6b_deterministic_rules,real
2025-09-25T03:00:00+02:00,2025-09-19T23:00:00+02:00,168,124,M1_GBT_CAL_WEATHER,1.0777236675511046,0.3450097147,2.690299521,3.9948056140999997,4.17021926445,3.7975427456000026,0.17,LOW,17.0,False,NIGHT,0.18,OFF_PEAK_00_06,"Demand is usually lower overnight, although base loads, HVAC, pool systems and EV charging may remain active.",,stage5_frozen_selected_model,stage6a_frozen_ensemble,stage6b_deterministic_rules,real
2025-09-25T04:00:00+02:00,2025-09-19T23:00:00+02:00,168,125,M1_GBT_CAL_WEATHER,1.0777236675511046,0.3551858009,2.3213731109999998,4.0340610731,4.2325755025,3.7975427456000026,0.155,LOW,16.8,False,NIGHT,0.18,OFF_PEAK_00_06,"Demand is usually lower overnight, although base loads, HVAC, pool systems and EV charging may remain active.",,stage5_frozen_selected_model,stage6a_frozen_ensemble,stage6b_deterministic_rules,real
2025-09-25T05:00:00+02:00,2025-09-19T23:00:00+02:00,168,126,M1_GBT_CAL_WEATHER,1.0777236675511046,0.3714412141,2.184664918,3.9892141128,4.216322881499999,3.7975427456000026,0.155,LOW,16.2,False,NIGHT,0.18,OFF_PEAK_00_06,"Demand is usually lower overnight, although base loads, HVAC, pool systems and EV charging may remain active.",,stage5_frozen_selected_model,stage6a_frozen_ensemble,stage6b_deterministic_rules,real
2025-09-25T06:00:00+02:00,2025-09-19T23:00:00+02:00,168,127,M1_GBT_CAL_WEATHER,1.0435689046245569,0.5526936378,3.158845568,4.2342972719,4.4486885496,3.7975427456000026,0.27,MEDIUM,15.8,False,NIGHT,0.28,STANDARD_06_17,Pool circulation or heating can add to household demand during this period.,,stage5_frozen_selected_model,stage6a_frozen_ensemble,stage6b_deterministic_rules,real
2025-09-25T07:00:00+02:00,2025-09-19T23:00:00+02:00,168,128,M1_GBT_CAL_WEATHER,1.0435689046245569,2.290777044,3.679648928,5.0601742889,5.62991610765,3.7975427456000026,0.46,HIGH,15.5,False,MORNING,0.28,STANDARD_06_17,Pool circulation or heating can add to household demand during this period.,,stage5_frozen_selected_model,stage6a_frozen_ensemble,stage6b_deterministic_rules,real
2025-09-25T08:00:00+02:00,2025-09-19T23:00:00+02:00,168,129,M1_GBT_CAL_WEATHER,1.0435689046245569,2.0536885089999997,3.5377145939999997,4.8849886176,5.466700516249992,3.7975427456000026,0.405,HIGH,15.5,False,MORNING,0.28,STANDARD_06_17,Pool circulation or heating can add to household demand during this period.,,stage5_frozen_selected_model,stage6a_frozen_ensemble,stage6b_deterministic_rules,real
2025-09-25T09:00:00+02:00,2025-09-19T23:00:00+02:00,168,130,M1_GBT_CAL_WEATHER,1.0777236675511046,0.2143552686,1.166820747,4.390804684399999,4.91750304505,3.7975427456000026,0.155,LOW,16.4,False,DAYTIME,0.28,STANDARD_06_17,Pool circulation or heating can add to household demand during this period.,,stage5_frozen_selected_model,stage6a_frozen_ensemble,stage6b_deterministic_rules,real
2025-09-25T10:00:00+02:00,2025-09-19T23:00:00+02:00,168,131,M1_GBT_CAL_WEATHER,1.0777236675511046,0.24655215790000004,1.1830810475,4.4811698951,5.897877582599998,3.7975427456000026,0.17,LOW,17.7,False,DAYTIME,0.28,STANDARD_06_17,Pool circulation or heating can add to household demand during this period.,,stage5_frozen_selected_model,stage6a_frozen_ensemble,stage6b_deterministic_rules,real
2025-09-25T11:00:00+02:00,2025-09-19T23:00:00+02:00,168,132,M1_GBT_CAL_WEATHER,1.0777236675511046,0.40316649710000013,1.249597643,4.7829241812,5.683643179199998,3.7975427456000026,0.25,MEDIUM,18.5,False,DAYTIME,0.28,STANDARD_06_17,Pool circulation or heating can add to household demand during this period.,,stage5_frozen_selected_model,stage6a_frozen_ensemble,stage6b_deterministic_rules,real
2025-09-25T12:00:00+02:00,2025-09-19T23:00:00+02:00,168,133,M1_GBT_CAL_WEATHER,1.0777236675511046,0.1957908721,1.2318924459999998,4.5363262815,5.065100541649999,3.7975427456000026,0.185,LOW,19.0,False,DAYTIME,0.28,STANDARD_06_17,Pool circulation or heating can add to household demand during this period.,,stage5_frozen_selected_model,stage6a_frozen_ensemble,stage6b_deterministic_rules,real
2025-09-25T13:00:00+02:00,2025-09-19T23:00:00+02:00,168,134,M1_GBT_CAL_WEATHER,1.0777236675511046,0.1585414368,1.050673776,3.7400903627,4.4544238180999995,3.7975427456000026,0.09,LOW,19.1,False,DAYTIME,0.28,STANDARD_06_17,Pool circulation or heating can add to household demand during this period.,,stage5_frozen_selected_model,stage6a_frozen_ensemble,stage6b_deterministic_rules,real
2025-09-25T14:00:00+02:00,2025-09-19T23:00:00+02:00,168,135,M1_GBT_CAL_WEATHER,1.1306070757743911,0.1459606575,0.7916743129999999,4.111029847,4.782742463649997,3.7975427456000026,0.115,LOW,19.2,False,DAYTIME,0.28,STANDARD_06_17,Pool circulation or heating can add to household demand during this period.,,stage5_frozen_selected_model,stage6a_frozen_ensemble,stage6b_deterministic_rules,real
2025-09-25T15:00:00+02:00,2025-09-19T23:00:00+02:00,168,136,M1_GBT_CAL_WEATHER,1.4893938476550979,0.1514944454,0.8064554885,3.737348139399999,4.533272740199999,3.7975427456000026,0.1,LOW,19.3,False,DAYTIME,0.28,STANDARD_06_17,Pool circulation or heating can add to household demand during this period.,,stage5_frozen_selected_model,stage6a_frozen_ensemble,stage6b_deterministic_rules,real
2025-09-25T16:00:00+02:00,2025-09-19T23:00:00+02:00,168,137,M1_GBT_CAL_WEATHER,1.991388651130955,0.1708440712,1.1590962635,4.4648707439,5.703968071299995,3.7975427456000026,0.2,MEDIUM,19.2,False,RETURN_RAMP,0.28,STANDARD_06_17,"Evening demand can rise when EV charging, HVAC and household activities overlap.",Pool circulation or heating can add to household demand during this period.,stage5_frozen_selected_model,stage6a_frozen_ensemble,stage6b_deterministic_rules,real
2025-09-25T17:00:00+02:00,2025-09-19T23:00:00+02:00,168,138,M1_GBT_CAL_WEATHER,3.7146227666876603,0.6181512364,3.4325313619999998,10.457170034299999,11.994493353849993,3.7975427456000026,0.43,HIGH,18.9,False,RETURN_RAMP,0.4,PEAK_17_22,"Evening demand can rise when EV charging, HVAC and household activities overlap.",Pool circulation or heating can add to household demand during this period.,stage5_frozen_selected_model,stage6a_frozen_ensemble,stage6b_deterministic_rules,real
2025-09-25T18:00:00+02:00,2025-09-19T23:00:00+02:00,168,139,M1_GBT_CAL_WEATHER,5.925079650789239,0.7436560921,4.6251520495000005,11.4538468274,14.364845950699992,3.7975427456000026,0.6,HIGH,18.7,False,RETURN_RAMP,0.4,PEAK_17_22,"This is a high-risk period because EV charging can coincide with HVAC, cooking and optional high-power loads such as the sauna.",Pool circulation or heating can add to household demand during this period.,stage5_frozen_selected_model,stage6a_frozen_ensemble,stage6b_deterministic_rules,real
2025-09-25T19:00:00+02:00,2025-09-19T23:00:00+02:00,168,140,M1_GBT_CAL_WEATHER,5.925079650789239,0.41640333540000013,5.0702605625,12.3315017765,13.833059851949997,3.7975427456000026,0.645,HIGH,18.4,False,EVENING,0.4,PEAK_17_22,"This is a high-risk period because EV charging can coincide with HVAC, cooking and optional high-power loads such as the sauna.",Pool circulation or heating can add to household demand during this period.,stage5_frozen_selected_model,stage6a_frozen_ensemble,stage6b_deterministic_rules,real
2025-09-25T20:00:00+02:00,2025-09-19T23:00:00+02:00,168,141,M1_GBT_CAL_WEATHER,3.963824288543422,0.2226760346,3.7438156499999997,11.063832673499999,12.8148529697,3.7975427456000026,0.495,HIGH,18.4,False,EVENING,0.4,PEAK_17_22,"This is a high-risk period because EV charging can coincide with HVAC, cooking and optional high-power loads such as the sauna.",Pool circulation or heating can add to household demand during this period.,stage5_frozen_selected_model,stage6a_frozen_ensemble,stage6b_deterministic_rules,real
2025-09-25T21:00:00+02:00,2025-09-19T23:00:00+02:00,168,142,M1_GBT_CAL_WEATHER,2.371271054806327,0.47044828240000003,2.5809046095,9.6967012658,11.321236315199995,3.7975427456000026,0.385,MEDIUM,18.2,False,EVENING,0.4,PEAK_17_22,"Evening demand can rise when EV charging, HVAC and household activities overlap.",Pool circulation or heating can add to household demand during this period.,stage5_frozen_selected_model,stage6a_frozen_ensemble,stage6b_deterministic_rules,real
2025-09-25T22:00:00+02:00,2025-09-19T23:00:00+02:00,168,143,M1_GBT_CAL_WEATHER,1.8224223005549525,0.3861854858,1.5885141214999998,6.557274218699998,8.427305437199998,3.7975427456000026,0.26,MEDIUM,18.3,False,EVENING,0.28,STANDARD_22_24,"Evening demand can rise when EV charging, HVAC and household activities overlap.",Pool circulation or heating can add to household demand during this period.,stage5_frozen_selected_model,stage6a_frozen_ensemble,stage6b_deterministic_rules,real
2025-09-25T23:00:00+02:00,2025-09-19T23:00:00+02:00,168,144,M1_GBT_CAL_WEATHER,1.1306070757743911,0.3797871026,0.9952209245,4.1636581096,4.653898399549998,3.7975427456000026,0.155,LOW,17.6,False,NIGHT,0.28,STANDARD_22_24,"Demand is usually lower overnight, although base loads, HVAC, pool systems and EV charging may remain active.",,stage5_frozen_selected_model,stage6a_frozen_ensemble,stage6b_deterministic_rules,real
2025-09-26T00:00:00+02:00,2025-09-19T23:00:00+02:00,168,145,M1_GBT_CAL_WEATHER,1.0777236675511046,0.3319768455,2.1932124170000002,4.0803003987,4.21847399455,3.7975427456000026,0.18,LOW,17.6,False,NIGHT,0.18,OFF_PEAK_00_06,"Demand is usually lower overnight, although base loads, HVAC, pool systems and EV charging may remain active.",,stage5_frozen_selected_model,stage6a_frozen_ensemble,stage6b_deterministic_rules,real
2025-09-26T01:00:00+02:00,2025-09-19T23:00:00+02:00,168,146,M1_GBT_CAL_WEATHER,1.0777236675511046,0.335023861,2.2689557574999997,3.9855119859999997,4.21140143605,3.7975427456000026,0.135,LOW,17.4,False,NIGHT,0.18,OFF_PEAK_00_06,"Demand is usually lower overnight, although base loads, HVAC, pool systems and EV charging may remain active.",,stage5_frozen_selected_model,stage6a_frozen_ensemble,stage6b_deterministic_rules,real
2025-09-26T02:00:00+02:00,2025-09-19T23:00:00+02:00,168,147,M1_GBT_CAL_WEATHER,1.0777236675511046,0.3451818995,2.3431848935,4.0138645736,4.213080048899999,3.7975427456000026,0.16,LOW,17.4,False,NIGHT,0.18,OFF_PEAK_00_06,"Demand is usually lower overnight, although base loads, HVAC, pool systems and EV charging may remain active.",,stage5_frozen_selected_model,stage6a_frozen_ensemble,stage6b_deterministic_rules,real
2025-09-26T03:00:00+02:00,2025-09-19T23:00:00+02:00,168,148,M1_GBT_CAL_WEATHER,1.0777236675511046,0.37420622610000004,2.294644718,4.0811631767,4.195249039499999,3.7975427456000026,0.185,LOW,17.2,False,NIGHT,0.18,OFF_PEAK_00_06,"Demand is usually lower overnight, although base loads, HVAC, pool systems and EV charging may remain active.",,stage5_frozen_selected_model,stage6a_frozen_ensemble,stage6b_deterministic_rules,real
2025-09-26T04:00:00+02:00,2025-09-19T23:00:00+02:00,168,149,M1_GBT_CAL_WEATHER,1.0777236675511046,0.3969274438,2.455410464,3.9753533236,4.1729909023,3.7975427456000026,0.145,LOW,16.9,False,NIGHT,0.18,OFF_PEAK_00_06,"Demand is usually lower overnight, although base loads, HVAC, pool systems and EV charging may remain active.",,stage5_frozen_selected_model,stage6a_frozen_ensemble,stage6b_deterministic_rules,real
2025-09-26T05:00:00+02:00,2025-09-19T23:00:00+02:00,168,150,M1_GBT_CAL_WEATHER,1.0777236675511046,0.3696936024,2.6578341744999996,4.0568182537,4.340049317849999,3.7975427456000026,0.17,LOW,16.5,False,NIGHT,0.18,OFF_PEAK_00_06,"Demand is usually lower overnight, although base loads, HVAC, pool systems and EV charging may remain active.",,stage5_frozen_selected_model,stage6a_frozen_ensemble,stage6b_deterministic_rules,real
2025-09-26T06:00:00+02:00,2025-09-19T23:00:00+02:00,168,151,M1_GBT_CAL_WEATHER,1.0777236675511046,0.483489614,3.0537357475,4.3945420596,4.635639634999999,3.7975427456000026,0.295,MEDIUM,16.1,False,NIGHT,0.28,STANDARD_06_17,Pool circulation or heating can add to household demand during this period.,,stage5_frozen_selected_model,stage6a_frozen_ensemble,stage6b_deterministic_rules,real
2025-09-26T07:00:00+02:00,2025-09-19T23:00:00+02:00,168,152,M1_GBT_CAL_WEATHER,1.0777236675511046,0.9930196025,3.566564766,5.2529286795,5.4717119684,3.7975427456000026,0.45,HIGH,16.3,False,MORNING,0.28,STANDARD_06_17,Pool circulation or heating can add to household demand during this period.,,stage5_frozen_selected_model,stage6a_frozen_ensemble,stage6b_deterministic_rules,real
2025-09-26T08:00:00+02:00,2025-09-19T23:00:00+02:00,168,153,M1_GBT_CAL_WEATHER,1.0777236675511046,0.2780456310000001,3.1765816664999997,4.825483557499999,5.6486807838999935,3.7975427456000026,0.325,MEDIUM,16.9,False,MORNING,0.28,STANDARD_06_17,Pool circulation or heating can add to household demand during this period.,,stage5_frozen_selected_model,stage6a_frozen_ensemble,stage6b_deterministic_rules,real
2025-09-26T09:00:00+02:00,2025-09-19T23:00:00+02:00,168,154,M1_GBT_CAL_WEATHER,1.0777236675511046,0.1897904531,1.102240327,4.2580572137,4.887561906349999,3.7975427456000026,0.12,LOW,17.3,False,DAYTIME,0.28,STANDARD_06_17,Pool circulation or heating can add to household demand during this period.,,stage5_frozen_selected_model,stage6a_frozen_ensemble,stage6b_deterministic_rules,real
2025-09-26T10:00:00+02:00,2025-09-19T23:00:00+02:00,168,155,M1_GBT_CAL_WEATHER,1.0777236675511046,0.2758000102,1.106533513,4.3528724595,4.9576991461499995,3.7975427456000026,0.16,LOW,18.6,False,DAYTIME,0.28,STANDARD_06_17,Pool circulation or heating can add to household demand during this period.,,stage5_frozen_selected_model,stage6a_frozen_ensemble,stage6b_deterministic_rules,real
2025-09-26T11:00:00+02:00,2025-09-19T23:00:00+02:00,168,156,M1_GBT_CAL_WEATHER,1.0777236675511046,0.2267085415,1.1049933264999998,4.2735358303,4.6105332280499995,3.7975427456000026,0.135,LOW,19.9,False,DAYTIME,0.28,STANDARD_06_17,Pool circulation or heating can add to household demand during this period.,,stage5_frozen_selected_model,stage6a_frozen_ensemble,stage6b_deterministic_rules,real
2025-09-26T12:00:00+02:00,2025-09-19T23:00:00+02:00,168,157,M1_GBT_CAL_WEATHER,1.0483527069396041,0.17121728690000002,0.9533316995000001,3.520321231099999,4.545222542999999,3.7975427456000026,0.075,LOW,21.2,False,DAYTIME,0.28,STANDARD_06_17,Pool circulation or heating can add to household demand during this period.,,stage5_frozen_selected_model,stage6a_frozen_ensemble,stage6b_deterministic_rules,real
2025-09-26T13:00:00+02:00,2025-09-19T23:00:00+02:00,168,158,M1_GBT_CAL_WEATHER,1.0483527069396041,0.15419339140000002,0.797574518,2.905538514099999,3.801206619549999,3.7975427456000026,0.05,LOW,21.3,False,DAYTIME,0.28,STANDARD_06_17,Pool circulation or heating can add to household demand during this period.,,stage5_frozen_selected_model,stage6a_frozen_ensemble,stage6b_deterministic_rules,real
2025-09-26T14:00:00+02:00,2025-09-19T23:00:00+02:00,168,159,M1_GBT_CAL_WEATHER,1.1012361151628907,0.1421739645,0.21803117,2.855899828899999,3.9563957718499987,3.7975427456000026,0.065,LOW,21.8,False,DAYTIME,0.28,STANDARD_06_17,Pool circulation or heating can add to household demand during this period.,,stage5_frozen_selected_model,stage6a_frozen_ensemble,stage6b_deterministic_rules,real
2025-09-26T15:00:00+02:00,2025-09-19T23:00:00+02:00,168,160,M1_GBT_CAL_WEATHER,1.4600228870435974,0.1455336367,0.7131562124999999,1.3538765504999999,2.4051959363499935,3.7975427456000026,0.03,LOW,21.9,False,DAYTIME,0.28,STANDARD_06_17,Pool circulation or heating can add to household demand during this period.,,stage5_frozen_selected_model,stage6a_frozen_ensemble,stage6b_deterministic_rules,real
2025-09-26T16:00:00+02:00,2025-09-19T23:00:00+02:00,168,161,M1_GBT_CAL_WEATHER,1.9620176905194546,0.1640153491,0.9925840180000001,3.0688703279999996,4.73074614785,3.7975427456000026,0.075,LOW,22.1,False,RETURN_RAMP,0.28,STANDARD_06_17,Pool circulation or heating can add to household demand during this period.,,stage5_frozen_selected_model,stage6a_frozen_ensemble,stage6b_deterministic_rules,real
2025-09-26T17:00:00+02:00,2025-09-19T23:00:00+02:00,168,162,M1_GBT_CAL_WEATHER,3.1013664009229416,0.273111951,1.245520457,8.134889485799999,8.619728405550001,3.7975427456000026,0.345,MEDIUM,22.2,False,RETURN_RAMP,0.4,PEAK_17_22,"Evening demand can rise when EV charging, HVAC and household activities overlap.",Pool circulation or heating can add to household demand during this period.,stage5_frozen_selected_model,stage6a_frozen_ensemble,stage6b_deterministic_rules,real
2025-09-26T18:00:00+02:00,2025-09-19T23:00:00+02:00,168,163,M1_GBT_CAL_WEATHER,5.232885682032434,0.20691753540000002,2.9106322679999996,11.221584848599997,13.541547519999986,3.7975427456000026,0.465,HIGH,22.0,False,RETURN_RAMP,0.4,PEAK_17_22,"This is a high-risk period because EV charging can coincide with HVAC, cooking and optional high-power loads such as the sauna.",Pool circulation or heating can add to household demand during this period.,stage5_frozen_selected_model,stage6a_frozen_ensemble,stage6b_deterministic_rules,real
2025-09-26T19:00:00+02:00,2025-09-19T23:00:00+02:00,168,164,M1_GBT_CAL_WEATHER,5.232885682032434,0.20713085450000002,3.596965181,11.2840281577,13.849985575099993,3.7975427456000026,0.49,HIGH,21.4,False,EVENING,0.4,PEAK_17_22,"This is a high-risk period because EV charging can coincide with HVAC, cooking and optional high-power loads such as the sauna.",Pool circulation or heating can add to household demand during this period.,stage5_frozen_selected_model,stage6a_frozen_ensemble,stage6b_deterministic_rules,real
2025-09-26T20:00:00+02:00,2025-09-19T23:00:00+02:00,168,165,M1_GBT_CAL_WEATHER,3.530355879810193,0.2043565592,2.0681043785,9.115947081,11.492684185299998,3.7975427456000026,0.36,MEDIUM,19.6,False,EVENING,0.4,PEAK_17_22,"Evening demand can rise when EV charging, HVAC and household activities overlap.",Pool circulation or heating can add to household demand during this period.,stage5_frozen_selected_model,stage6a_frozen_ensemble,stage6b_deterministic_rules,real
2025-09-26T21:00:00+02:00,2025-09-19T23:00:00+02:00,168,166,M1_GBT_CAL_WEATHER,2.391007169406706,0.36611363599999996,1.1857504535,8.0781822931,9.548041310899997,3.7975427456000026,0.23,MEDIUM,19.0,False,EVENING,0.4,PEAK_17_22,"Evening demand can rise when EV charging, HVAC and household activities overlap.",Pool circulation or heating can add to household demand during this period.,stage5_frozen_selected_model,stage6a_frozen_ensemble,stage6b_deterministic_rules,real
2025-09-26T22:00:00+02:00,2025-09-19T23:00:00+02:00,168,167,M1_GBT_CAL_WEATHER,1.8224223005549525,0.3408834981,1.122444188,4.501836457399998,6.861055610299993,3.7975427456000026,0.205,MEDIUM,17.8,False,EVENING,0.28,STANDARD_22_24,"Evening demand can rise when EV charging, HVAC and household activities overlap.",Pool circulation or heating can add to household demand during this period.,stage5_frozen_selected_model,stage6a_frozen_ensemble,stage6b_deterministic_rules,real
2025-09-26T23:00:00+02:00,2025-09-19T23:00:00+02:00,168,168,M1_GBT_CAL_WEATHER,1.0964523128478434,0.3244673788,2.277511633,4.232968690799999,4.468836076049999,3.7975427456000026,0.2,MEDIUM,17.3,False,NIGHT,0.28,STANDARD_22_24,Expected demand and uncertainty follow the frozen household and weather patterns for this hour.,,stage5_frozen_selected_model,stage6a_frozen_ensemble,stage6b_deterministic_rules,real
2025-09-23T00:00:00+02:00,2025-09-22T23:00:00+02:00,168,1,M1_GBT_CAL_WEATHER,1.748918927584841,0.2923441621,0.590276917,3.680115548,4.12251776905,4.509140465700005,0.01,LOW,18.5,False,NIGHT,0.18,OFF_PEAK_00_06,"Demand is usually lower overnight, although base loads, HVAC, pool systems and EV charging may remain active.",,stage5_frozen_selected_model,stage6a_frozen_ensemble,stage6b_deterministic_rules,real
2025-09-23T01:00:00+02:00,2025-09-22T23:00:00+02:00,168,2,M1_GBT_CAL_WEATHER,1.748918927584841,0.30043253940000003,0.607033322,3.8841896451999998,4.152460857,4.509140465700005,0.005,LOW,17.9,False,NIGHT,0.18,OFF_PEAK_00_06,"Demand is usually lower overnight, although base loads, HVAC, pool systems and EV charging may remain active.",,stage5_frozen_selected_model,stage6a_frozen_ensemble,stage6b_deterministic_rules,real
2025-09-23T02:00:00+02:00,2025-09-22T23:00:00+02:00,168,3,M1_GBT_CAL_WEATHER,1.748918927584841,0.30376903489999996,0.641391991,3.7884500906,4.16854333345,4.509140465700005,0.015,LOW,17.1,False,NIGHT,0.18,OFF_PEAK_00_06,"Demand is usually lower overnight, although base loads, HVAC, pool systems and EV charging may remain active.",,stage5_frozen_selected_model,stage6a_frozen_ensemble,stage6b_deterministic_rules,real
2025-09-23T03:00:00+02:00,2025-09-22T23:00:00+02:00,168,4,M1_GBT_CAL_WEATHER,1.748918927584841,0.30611217409999997,2.4172061905,3.9310911252,4.1487175413,4.509140465700005,0.015,LOW,16.6,False,NIGHT,0.18,OFF_PEAK_00_06,"Demand is usually lower overnight, although base loads, HVAC, pool systems and EV charging may remain active.",,stage5_frozen_selected_model,stage6a_frozen_ensemble,stage6b_deterministic_rules,real
2025-09-23T04:00:00+02:00,2025-09-22T23:00:00+02:00,168,5,M1_GBT_CAL_WEATHER,1.6130836596656797,0.31642009000000004,2.898812013,4.112689222099999,4.2723501629,4.509140465700005,0.015,LOW,15.9,False,NIGHT,0.18,OFF_PEAK_00_06,"Demand is usually lower overnight, although base loads, HVAC, pool systems and EV charging may remain active.",,stage5_frozen_selected_model,stage6a_frozen_ensemble,stage6b_deterministic_rules,real
2025-09-23T05:00:00+02:00,2025-09-22T23:00:00+02:00,168,6,M1_GBT_CAL_WEATHER,1.6130836596656797,0.3855622381,2.8140039985,4.082762067499999,4.234130886249999,4.509140465700005,0.015,LOW,15.7,False,NIGHT,0.18,OFF_PEAK_00_06,"Demand is usually lower overnight, although base loads, HVAC, pool systems and EV charging may remain active.",,stage5_frozen_selected_model,stage6a_frozen_ensemble,stage6b_deterministic_rules,real
2025-09-23T06:00:00+02:00,2025-09-22T23:00:00+02:00,168,7,M1_GBT_CAL_WEATHER,1.6130836596656797,1.3394099438,3.358314257,4.4423593481,4.671629790199999,4.509140465700005,0.075,LOW,15.6,False,NIGHT,0.28,STANDARD_06_17,Pool circulation or heating can add to household demand during this period.,"Demand is usually lower overnight, although base loads, HVAC, pool systems and EV charging may remain active.",stage5_frozen_selected_model,stage6a_frozen_ensemble,stage6b_deterministic_rules,real
2025-09-23T07:00:00+02:00,2025-09-22T23:00:00+02:00,168,8,M1_GBT_CAL_WEATHER,1.6130836596656797,1.1578827188999998,3.6484346555,5.147696239899999,5.656459278,4.509140465700005,0.205,MEDIUM,15.5,False,MORNING,0.28,STANDARD_06_17,Pool circulation or heating can add to household demand during this period.,,stage5_frozen_selected_model,stage6a_frozen_ensemble,stage6b_deterministic_rules,real
2025-09-23T08:00:00+02:00,2025-09-22T23:00:00+02:00,168,9,M1_GBT_CAL_WEATHER,1.6130836596656797,0.9595625238,3.4618208575000002,5.028867652299999,5.640539657099999,4.509140465700005,0.195,LOW,15.3,False,MORNING,0.28,STANDARD_06_17,Pool circulation or heating can add to household demand during this period.,,stage5_frozen_selected_model,stage6a_frozen_ensemble,stage6b_deterministic_rules,real
2025-09-23T09:00:00+02:00,2025-09-22T23:00:00+02:00,168,10,M1_GBT_CAL_WEATHER,1.748918927584841,0.24713764500000002,1.2554799460000001,4.508704949499999,4.935269911199999,4.509140465700005,0.1,LOW,16.5,False,DAYTIME,0.28,STANDARD_06_17,Pool circulation or heating can add to household demand during this period.,,stage5_frozen_selected_model,stage6a_frozen_ensemble,stage6b_deterministic_rules,real
2025-09-23T10:00:00+02:00,2025-09-22T23:00:00+02:00,168,11,M1_GBT_CAL_WEATHER,1.748918927584841,0.40462675220000016,1.129373111,4.7090015943,5.7480244140000005,4.509140465700005,0.11,LOW,17.7,False,DAYTIME,0.28,STANDARD_06_17,Pool circulation or heating can add to household demand during this period.,,stage5_frozen_selected_model,stage6a_frozen_ensemble,stage6b_deterministic_rules,real
2025-09-23T11:00:00+02:00,2025-09-22T23:00:00+02:00,168,12,M1_GBT_CAL_WEATHER,1.748918927584841,0.32525410440000013,1.3052987950000001,5.0768905338999994,6.252691634999985,4.509140465700005,0.18,LOW,18.4,False,DAYTIME,0.28,STANDARD_06_17,Pool circulation or heating can add to household demand during this period.,,stage5_frozen_selected_model,stage6a_frozen_ensemble,stage6b_deterministic_rules,real
2025-09-23T12:00:00+02:00,2025-09-22T23:00:00+02:00,168,13,M1_GBT_CAL_WEATHER,1.748918927584841,0.1833497889,1.382508704,4.8807403184,6.093346108799992,4.509140465700005,0.13,LOW,19.7,False,DAYTIME,0.28,STANDARD_06_17,Pool circulation or heating can add to household demand during this period.,,stage5_frozen_selected_model,stage6a_frozen_ensemble,stage6b_deterministic_rules,real
2025-09-23T13:00:00+02:00,2025-09-22T23:00:00+02:00,168,14,M1_GBT_CAL_WEATHER,1.7832579306724834,0.1546229381,0.8235225879999999,3.5977530863999996,4.603310475449998,4.509140465700005,0.055,LOW,20.1,False,DAYTIME,0.28,STANDARD_06_17,Pool circulation or heating can add to household demand during this period.,,stage5_frozen_selected_model,stage6a_frozen_ensemble,stage6b_deterministic_rules,real
2025-09-23T14:00:00+02:00,2025-09-22T23:00:00+02:00,168,15,M1_GBT_CAL_WEATHER,1.8140850985013026,0.14224709259999999,0.2192023585,2.9180126757999996,4.272566931099997,4.509140465700005,0.04,LOW,20.6,False,DAYTIME,0.28,STANDARD_06_17,Pool circulation or heating can add to household demand during this period.,,stage5_frozen_selected_model,stage6a_frozen_ensemble,stage6b_deterministic_rules,real
2025-09-23T15:00:00+02:00,2025-09-22T23:00:00+02:00,168,16,M1_GBT_CAL_WEATHER,2.2632182536862486,0.14959204280000002,0.4458233215,2.4126781915,3.3237008613499985,4.509140465700005,0.015,LOW,20.2,False,DAYTIME,0.28,STANDARD_06_17,Pool circulation or heating can add to household demand during this period.,,stage5_frozen_selected_model,stage6a_frozen_ensemble,stage6b_deterministic_rules,real
2025-09-23T16:00:00+02:00,2025-09-22T23:00:00+02:00,168,17,M1_GBT_CAL_WEATHER,3.109047488307193,0.1733421292,0.962046282,4.081659029199999,4.779102637099998,4.509140465700005,0.07,LOW,19.7,False,RETURN_RAMP,0.28,STANDARD_06_17,Pool circulation or heating can add to household demand during this period.,,stage5_frozen_selected_model,stage6a_frozen_ensemble,stage6b_deterministic_rules,real
2025-09-23T17:00:00+02:00,2025-09-22T23:00:00+02:00,168,18,M1_GBT_CAL_WEATHER,4.683442339071477,0.4771266301,2.129608984,9.293407200499999,11.8593615449,4.509140465700005,0.32,MEDIUM,18.4,False,RETURN_RAMP,0.4,PEAK_17_22,"Evening demand can rise when EV charging, HVAC and household activities overlap.",Pool circulation or heating can add to household demand during this period.,stage5_frozen_selected_model,stage6a_frozen_ensemble,stage6b_deterministic_rules,real
2025-09-23T18:00:00+02:00,2025-09-22T23:00:00+02:00,168,19,M1_GBT_CAL_WEATHER,6.692607443062861,0.7944306980000001,4.4865322435,12.3869431009,13.80209793439997,4.509140465700005,0.5,HIGH,18.1,False,RETURN_RAMP,0.4,PEAK_17_22,"This is a high-risk period because EV charging can coincide with HVAC, cooking and optional high-power loads such as the sauna.",Pool circulation or heating can add to household demand during this period.,stage5_frozen_selected_model,stage6a_frozen_ensemble,stage6b_deterministic_rules,real
2025-09-23T19:00:00+02:00,2025-09-22T23:00:00+02:00,168,20,M1_GBT_CAL_WEATHER,5.4572085459906114,0.38784443720000006,5.731880317,13.068834491199999,16.706832505149993,4.509140465700005,0.6,HIGH,17.0,False,EVENING,0.4,PEAK_17_22,"This is a high-risk period because EV charging can coincide with HVAC, cooking and optional high-power loads such as the sauna.",Pool circulation or heating can add to household demand during this period.,stage5_frozen_selected_model,stage6a_frozen_ensemble,stage6b_deterministic_rules,real
2025-09-23T20:00:00+02:00,2025-09-22T23:00:00+02:00,168,21,M1_GBT_CAL_WEATHER,5.254197662413478,0.30694144410000007,4.522175385000001,11.3789028894,13.529274330949997,4.509140465700005,0.5,HIGH,16.6,False,EVENING,0.4,PEAK_17_22,"This is a high-risk period because EV charging can coincide with HVAC, cooking and optional high-power loads such as the sauna.",Pool circulation or heating can add to household demand during this period.,stage5_frozen_selected_model,stage6a_frozen_ensemble,stage6b_deterministic_rules,real
2025-09-23T21:00:00+02:00,2025-09-22T23:00:00+02:00,168,22,M1_GBT_CAL_WEATHER,2.8529747478191987,0.5142097014,3.867176432,10.564663691,11.974352590699993,4.509140465700005,0.35,MEDIUM,16.7,False,EVENING,0.4,PEAK_17_22,"Evening demand can rise when EV charging, HVAC and household activities overlap.",Pool circulation or heating can add to household demand during this period.,stage5_frozen_selected_model,stage6a_frozen_ensemble,stage6b_deterministic_rules,real
2025-09-23T22:00:00+02:00,2025-09-22T23:00:00+02:00,168,23,M1_GBT_CAL_WEATHER,2.3250662151170793,0.4211773265,3.143792842,7.456560547699999,10.692099574999999,4.509140465700005,0.165,LOW,16.8,False,EVENING,0.28,STANDARD_22_24,Pool circulation or heating can add to household demand during this period.,,stage5_frozen_selected_model,stage6a_frozen_ensemble,stage6b_deterministic_rules,real
2025-09-23T23:00:00+02:00,2025-09-22T23:00:00+02:00,168,24,M1_GBT_CAL_WEATHER,1.8140850985013026,0.4117374095,2.7383191594999996,4.390217375999999,5.239765261049996,4.509140465700005,0.085,LOW,16.5,False,NIGHT,0.28,STANDARD_22_24,"Demand is usually lower overnight, although base loads, HVAC, pool systems and EV charging may remain active.",,stage5_frozen_selected_model,stage6a_frozen_ensemble,stage6b_deterministic_rules,real
2025-09-24T00:00:00+02:00,2025-09-22T23:00:00+02:00,168,25,M1_GBT_CAL_WEATHER,1.748918927584841,0.3383312409,2.374429193,4.0886712755,4.40754375395,4.509140465700005,0.04,LOW,16.1,False,NIGHT,0.18,OFF_PEAK_00_06,"Demand is usually lower overnight, although base loads, HVAC, pool systems and EV charging may remain active.",,stage5_frozen_selected_model,stage6a_frozen_ensemble,stage6b_deterministic_rules,real
2025-09-24T01:00:00+02:00,2025-09-22T23:00:00+02:00,168,26,M1_GBT_CAL_WEATHER,1.748918927584841,0.4324573036,2.9522256215000002,4.0903096206,4.283546124199999,4.509140465700005,0.02,LOW,15.9,False,NIGHT,0.18,OFF_PEAK_00_06,"Demand is usually lower overnight, although base loads, HVAC, pool systems and EV charging may remain active.",,stage5_frozen_selected_model,stage6a_frozen_ensemble,stage6b_deterministic_rules,real
2025-09-24T02:00:00+02:00,2025-09-22T23:00:00+02:00,168,27,M1_GBT_CAL_WEATHER,1.748918927584841,0.6359478271,3.1761114125,4.1381422607,4.3368497148,4.509140465700005,0.025,LOW,16.1,False,NIGHT,0.18,OFF_PEAK_00_06,"Demand is usually lower overnight, although base loads, HVAC, pool systems and EV charging may remain active.",,stage5_frozen_selected_model,stage6a_frozen_ensemble,stage6b_deterministic_rules,real
2025-09-24T03:00:00+02:00,2025-09-22T23:00:00+02:00,168,28,M1_GBT_CAL_WEATHER,1.748918927584841,0.4538926495,3.004305595,4.1698461379000005,4.3785995838,4.509140465700005,0.03,LOW,15.8,False,NIGHT,0.18,OFF_PEAK_00_06,"Demand is usually lower overnight, although base loads, HVAC, pool systems and EV charging may remain active.",,stage5_frozen_selected_model,stage6a_frozen_ensemble,stage6b_deterministic_rules,real
2025-09-24T04:00:00+02:00,2025-09-22T23:00:00+02:00,168,29,M1_GBT_CAL_WEATHER,1.748918927584841,0.4183099196,3.0671740925,4.1567411841,4.33936328265,4.509140465700005,0.025,LOW,15.3,False,NIGHT,0.18,OFF_PEAK_00_06,"Demand is usually lower overnight, although base loads, HVAC, pool systems and EV charging may remain active.",,stage5_frozen_selected_model,stage6a_frozen_ensemble,stage6b_deterministic_rules,real
2025-09-24T05:00:00+02:00,2025-09-22T23:00:00+02:00,168,30,M1_GBT_CAL_WEATHER,1.748918927584841,1.9784929629,3.1937978725,4.1691344236,4.340049317849999,4.509140465700005,0.025,LOW,14.8,False,NIGHT,0.18,OFF_PEAK_00_06,"Demand is usually lower overnight, although base loads, HVAC, pool systems and EV charging may remain active.",,stage5_frozen_selected_model,stage6a_frozen_ensemble,stage6b_deterministic_rules,real
2025-09-24T06:00:00+02:00,2025-09-22T23:00:00+02:00,168,31,M1_GBT_CAL_WEATHER,1.748918927584841,2.2762499178000004,3.3783489585,4.3848454184,4.816489354749998,4.509140465700005,0.085,LOW,14.8,False,NIGHT,0.28,STANDARD_06_17,Pool circulation or heating can add to household demand during this period.,"Demand is usually lower overnight, although base loads, HVAC, pool systems and EV charging may remain active.",stage5_frozen_selected_model,stage6a_frozen_ensemble,stage6b_deterministic_rules,real
2025-09-24T07:00:00+02:00,2025-09-22T23:00:00+02:00,168,32,M1_GBT_CAL_WEATHER,1.748918927584841,2.3758761134,3.8218615950000006,5.0201411168,5.355686389449991,4.509140465700005,0.225,MEDIUM,14.4,False,MORNING,0.28,STANDARD_06_17,Pool circulation or heating can add to household demand during this period.,,stage5_frozen_selected_model,stage6a_frozen_ensemble,stage6b_deterministic_rules,real
2025-09-24T08:00:00+02:00,2025-09-22T23:00:00+02:00,168,33,M1_GBT_CAL_WEATHER,1.748918927584841,2.4170967221,3.7386185325000003,5.3323770189,5.921250092199998,4.509140465700005,0.215,MEDIUM,14.2,False,MORNING,0.28,STANDARD_06_17,Pool circulation or heating can add to household demand during this period.,,stage5_frozen_selected_model,stage6a_frozen_ensemble,stage6b_deterministic_rules,real
2025-09-24T09:00:00+02:00,2025-09-22T23:00:00+02:00,168,34,M1_GBT_CAL_WEATHER,1.748918927584841,0.2143331685,1.1996077365,4.3438503426,4.897852332449999,4.509140465700005,0.08,LOW,14.9,False,DAYTIME,0.28,STANDARD_06_17,Pool circulation or heating can add to household demand during this period.,,stage5_frozen_selected_model,stage6a_frozen_ensemble,stage6b_deterministic_rules,real
2025-09-24T10:00:00+02:00,2025-09-22T23:00:00+02:00,168,35,M1_GBT_CAL_WEATHER,1.748918927584841,0.8080375646,2.9661341625,4.9571513616,5.528650682949992,4.509140465700005,0.17,LOW,15.9,False,DAYTIME,0.28,STANDARD_06_17,Pool circulation or heating can add to household demand during this period.,,stage5_frozen_selected_model,stage6a_frozen_ensemble,stage6b_deterministic_rules,real
2025-09-24T11:00:00+02:00,2025-09-22T23:00:00+02:00,168,36,M1_GBT_CAL_WEATHER,1.748918927584841,1.2154492984,3.5850222885000003,5.1618788968,6.378090135999998,4.509140465700005,0.245,MEDIUM,16.8,False,DAYTIME,0.28,STANDARD_06_17,Pool circulation or heating can add to household demand during this period.,,stage5_frozen_selected_model,stage6a_frozen_ensemble,stage6b_deterministic_rules,real
2025-09-24T12:00:00+02:00,2025-09-22T23:00:00+02:00,168,37,M1_GBT_CAL_WEATHER,1.748918927584841,0.20274834590000002,2.6842758985,4.831329698899999,6.018731604549998,4.509140465700005,0.155,LOW,18.1,False,DAYTIME,0.28,STANDARD_06_17,Pool circulation or heating can add to household demand during this period.,,stage5_frozen_selected_model,stage6a_frozen_ensemble,stage6b_deterministic_rules,real
2025-09-24T13:00:00+02:00,2025-09-22T23:00:00+02:00,168,38,M1_GBT_CAL_WEATHER,1.7832579306724834,0.15213953970000002,0.874281907,3.5720480193,4.2534427375499995,4.509140465700005,0.025,LOW,19.1,False,DAYTIME,0.28,STANDARD_06_17,Pool circulation or heating can add to household demand during this period.,,stage5_frozen_selected_model,stage6a_frozen_ensemble,stage6b_deterministic_rules,real
2025-09-24T14:00:00+02:00,2025-09-22T23:00:00+02:00,168,39,M1_GBT_CAL_WEATHER,1.8140850985013026,0.1414765639,0.507707006,3.6406765455,4.231687321999998,4.509140465700005,0.04,LOW,20.0,False,DAYTIME,0.28,STANDARD_06_17,Pool circulation or heating can add to household demand during this period.,,stage5_frozen_selected_model,stage6a_frozen_ensemble,stage6b_deterministic_rules,real
2025-09-24T15:00:00+02:00,2025-09-22T23:00:00+02:00,168,40,M1_GBT_CAL_WEATHER,2.2632182536862486,0.1401669118,0.3753352195,2.333739950899999,3.6784075847499995,4.509140465700005,0.025,LOW,20.4,False,DAYTIME,0.28,STANDARD_06_17,Pool circulation or heating can add to household demand during this period.,,stage5_frozen_selected_model,stage6a_frozen_ensemble,stage6b_deterministic_rules,real
2025-09-24T16:00:00+02:00,2025-09-22T23:00:00+02:00,168,41,M1_GBT_CAL_WEATHER,3.109047488307193,0.15430170999999998,0.857936767,3.3924418520999997,4.814180784199997,4.509140465700005,0.06,LOW,20.7,False,RETURN_RAMP,0.28,STANDARD_06_17,Pool circulation or heating can add to household demand during this period.,,stage5_frozen_selected_model,stage6a_frozen_ensemble,stage6b_deterministic_rules,real
2025-09-24T17:00:00+02:00,2025-09-22T23:00:00+02:00,168,42,M1_GBT_CAL_WEATHER,5.184411216412185,0.3936559155,1.3430944040000001,7.9430877054,9.583831535899998,4.509140465700005,0.275,MEDIUM,20.3,False,RETURN_RAMP,0.4,PEAK_17_22,"Evening demand can rise when EV charging, HVAC and household activities overlap.",Pool circulation or heating can add to household demand during this period.,stage5_frozen_selected_model,stage6a_frozen_ensemble,stage6b_deterministic_rules,real
2025-09-24T18:00:00+02:00,2025-09-22T23:00:00+02:00,168,43,M1_GBT_CAL_WEATHER,6.692607443062861,0.6867673301000001,4.352574645000001,11.9225478694,14.625933745649995,4.509140465700005,0.495,HIGH,19.8,False,RETURN_RAMP,0.4,PEAK_17_22,"This is a high-risk period because EV charging can coincide with HVAC, cooking and optional high-power loads such as the sauna.",Pool circulation or heating can add to household demand during this period.,stage5_frozen_selected_model,stage6a_frozen_ensemble,stage6b_deterministic_rules,real
2025-09-24T19:00:00+02:00,2025-09-22T23:00:00+02:00,168,44,M1_GBT_CAL_WEATHER,6.692607443062861,0.4107281888000001,6.187371917,12.421667991499994,15.01779750219999,4.509140465700005,0.565,HIGH,19.3,False,EVENING,0.4,PEAK_17_22,"This is a high-risk period because EV charging can coincide with HVAC, cooking and optional high-power loads such as the sauna.",Pool circulation or heating can add to household demand during this period.,stage5_frozen_selected_model,stage6a_frozen_ensemble,stage6b_deterministic_rules,real
2025-09-24T20:00:00+02:00,2025-09-22T23:00:00+02:00,168,45,M1_GBT_CAL_WEATHER,5.254197662413478,0.2558011637,3.6400310605,10.3471480832,11.83254061484998,4.509140465700005,0.41,HIGH,18.4,False,EVENING,0.4,PEAK_17_22,"This is a high-risk period because EV charging can coincide with HVAC, cooking and optional high-power loads such as the sauna.",Pool circulation or heating can add to household demand during this period.,stage5_frozen_selected_model,stage6a_frozen_ensemble,stage6b_deterministic_rules,real
2025-09-24T21:00:00+02:00,2025-09-22T23:00:00+02:00,168,46,M1_GBT_CAL_WEATHER,3.2406818957393178,0.5380228314,3.252746319,9.573484301999997,10.992521505649997,4.509140465700005,0.31,MEDIUM,17.7,False,EVENING,0.4,PEAK_17_22,"Evening demand can rise when EV charging, HVAC and household activities overlap.",Pool circulation or heating can add to household demand during this period.,stage5_frozen_selected_model,stage6a_frozen_ensemble,stage6b_deterministic_rules,real
2025-09-24T22:00:00+02:00,2025-09-22T23:00:00+02:00,168,47,M1_GBT_CAL_WEATHER,2.3250662151170793,0.4268160095,3.113872896,8.0076099392,10.193295142499998,4.509140465700005,0.175,LOW,17.3,False,EVENING,0.28,STANDARD_22_24,Pool circulation or heating can add to household demand during this period.,,stage5_frozen_selected_model,stage6a_frozen_ensemble,stage6b_deterministic_rules,real
2025-09-24T23:00:00+02:00,2025-09-22T23:00:00+02:00,168,48,M1_GBT_CAL_WEATHER,1.8140850985013026,0.353623207,2.9450579484999997,4.2980295619,4.791036468699997,4.509140465700005,0.08,LOW,16.8,False,NIGHT,0.28,STANDARD_22_24,"Demand is usually lower overnight, although base loads, HVAC, pool systems and EV charging may remain active.",,stage5_frozen_selected_model,stage6a_frozen_ensemble,stage6b_deterministic_rules,real
2025-09-25T00:00:00+02:00,2025-09-22T23:00:00+02:00,168,49,M1_GBT_CAL_WEATHER,1.748918927584841,0.3332252652,2.041970172,3.9029480774999996,4.167703194399999,4.509140465700005,0.025,LOW,17.3,False,NIGHT,0.18,OFF_PEAK_00_06,"Demand is usually lower overnight, although base loads, HVAC, pool systems and EV charging may remain active.",,stage5_frozen_selected_model,stage6a_frozen_ensemble,stage6b_deterministic_rules,real
2025-09-25T01:00:00+02:00,2025-09-22T23:00:00+02:00,168,50,M1_GBT_CAL_WEATHER,1.748918927584841,0.34590259289999997,0.6624944735,3.8970688836,4.1371648734,4.509140465700005,0.005,LOW,16.9,False,NIGHT,0.18,OFF_PEAK_00_06,"Demand is usually lower overnight, although base loads, HVAC, pool systems and EV charging may remain active.",,stage5_frozen_selected_model,stage6a_frozen_ensemble,stage6b_deterministic_rules,real
2025-09-25T02:00:00+02:00,2025-09-22T23:00:00+02:00,168,51,M1_GBT_CAL_WEATHER,1.748918927584841,0.3949810899,2.7150721675000002,4.053949064299999,4.213080048899999,4.509140465700005,0.02,LOW,16.9,False,NIGHT,0.18,OFF_PEAK_00_06,"Demand is usually lower overnight, although base loads, HVAC, pool systems and EV charging may remain active.",,stage5_frozen_selected_model,stage6a_frozen_ensemble,stage6b_deterministic_rules,real
2025-09-25T03:00:00+02:00,2025-09-22T23:00:00+02:00,168,52,M1_GBT_CAL_WEATHER,1.748918927584841,0.3450097147,2.690299521,3.9948056140999997,4.17021926445,4.509140465700005,0.015,LOW,17.0,False,NIGHT,0.18,OFF_PEAK_00_06,"Demand is usually lower overnight, although base loads, HVAC, pool systems and EV charging may remain active.",,stage5_frozen_selected_model,stage6a_frozen_ensemble,stage6b_deterministic_rules,real
2025-09-25T04:00:00+02:00,2025-09-22T23:00:00+02:00,168,53,M1_GBT_CAL_WEATHER,1.748918927584841,0.3551858009,2.3213731109999998,4.0340610731,4.2325755025,4.509140465700005,0.005,LOW,16.8,False,NIGHT,0.18,OFF_PEAK_00_06,"Demand is usually lower overnight, although base loads, HVAC, pool systems and EV charging may remain active.",,stage5_frozen_selected_model,stage6a_frozen_ensemble,stage6b_deterministic_rules,real
2025-09-25T05:00:00+02:00,2025-09-22T23:00:00+02:00,168,54,M1_GBT_CAL_WEATHER,1.748918927584841,0.3714412141,2.184664918,3.9892141128,4.216322881499999,4.509140465700005,0.015,LOW,16.2,False,NIGHT,0.18,OFF_PEAK_00_06,"Demand is usually lower overnight, although base loads, HVAC, pool systems and EV charging may remain active.",,stage5_frozen_selected_model,stage6a_frozen_ensemble,stage6b_deterministic_rules,real
2025-09-25T06:00:00+02:00,2025-09-22T23:00:00+02:00,168,55,M1_GBT_CAL_WEATHER,1.6130836596656797,0.5526936378,3.158845568,4.2342972719,4.4486885496,4.509140465700005,0.04,LOW,15.8,False,NIGHT,0.28,STANDARD_06_17,Pool circulation or heating can add to household demand during this period.,"Demand is usually lower overnight, although base loads, HVAC, pool systems and EV charging may remain active.",stage5_frozen_selected_model,stage6a_frozen_ensemble,stage6b_deterministic_rules,real
2025-09-25T07:00:00+02:00,2025-09-22T23:00:00+02:00,168,56,M1_GBT_CAL_WEATHER,1.6130836596656797,2.290777044,3.679648928,5.0601742889,5.62991610765,4.509140465700005,0.185,LOW,15.5,False,MORNING,0.28,STANDARD_06_17,Pool circulation or heating can add to household demand during this period.,,stage5_frozen_selected_model,stage6a_frozen_ensemble,stage6b_deterministic_rules,real
2025-09-25T08:00:00+02:00,2025-09-22T23:00:00+02:00,168,57,M1_GBT_CAL_WEATHER,1.6130836596656797,2.0536885089999997,3.5377145939999997,4.8849886176,5.466700516249992,4.509140465700005,0.14,LOW,15.5,False,MORNING,0.28,STANDARD_06_17,Pool circulation or heating can add to household demand during this period.,,stage5_frozen_selected_model,stage6a_frozen_ensemble,stage6b_deterministic_rules,real
2025-09-25T09:00:00+02:00,2025-09-22T23:00:00+02:00,168,58,M1_GBT_CAL_WEATHER,1.748918927584841,0.2143552686,1.166820747,4.390804684399999,4.91750304505,4.509140465700005,0.085,LOW,16.4,False,DAYTIME,0.28,STANDARD_06_17,Pool circulation or heating can add to household demand during this period.,,stage5_frozen_selected_model,stage6a_frozen_ensemble,stage6b_deterministic_rules,real
2025-09-25T10:00:00+02:00,2025-09-22T23:00:00+02:00,168,59,M1_GBT_CAL_WEATHER,1.748918927584841,0.24655215790000004,1.1830810475,4.4811698951,5.897877582599998,4.509140465700005,0.095,LOW,17.7,False,DAYTIME,0.28,STANDARD_06_17,Pool circulation or heating can add to household demand during this period.,,stage5_frozen_selected_model,stage6a_frozen_ensemble,stage6b_deterministic_rules,real
2025-09-25T11:00:00+02:00,2025-09-22T23:00:00+02:00,168,60,M1_GBT_CAL_WEATHER,1.748918927584841,0.40316649710000013,1.249597643,4.7829241812,5.683643179199998,4.509140465700005,0.125,LOW,18.5,False,DAYTIME,0.28,STANDARD_06_17,Pool circulation or heating can add to household demand during this period.,,stage5_frozen_selected_model,stage6a_frozen_ensemble,stage6b_deterministic_rules,real
2025-09-25T12:00:00+02:00,2025-09-22T23:00:00+02:00,168,61,M1_GBT_CAL_WEATHER,1.748918927584841,0.1957908721,1.2318924459999998,4.5363262815,5.065100541649999,4.509140465700005,0.11,LOW,19.0,False,DAYTIME,0.28,STANDARD_06_17,Pool circulation or heating can add to household demand during this period.,,stage5_frozen_selected_model,stage6a_frozen_ensemble,stage6b_deterministic_rules,real
2025-09-25T13:00:00+02:00,2025-09-22T23:00:00+02:00,168,62,M1_GBT_CAL_WEATHER,1.7832579306724834,0.1585414368,1.050673776,3.7400903627,4.4544238180999995,4.509140465700005,0.045,LOW,19.1,False,DAYTIME,0.28,STANDARD_06_17,Pool circulation or heating can add to household demand during this period.,,stage5_frozen_selected_model,stage6a_frozen_ensemble,stage6b_deterministic_rules,real
2025-09-25T14:00:00+02:00,2025-09-22T23:00:00+02:00,168,63,M1_GBT_CAL_WEATHER,1.8140850985013026,0.1459606575,0.7916743129999999,4.111029847,4.782742463649997,4.509140465700005,0.065,LOW,19.2,False,DAYTIME,0.28,STANDARD_06_17,Pool circulation or heating can add to household demand during this period.,,stage5_frozen_selected_model,stage6a_frozen_ensemble,stage6b_deterministic_rules,real
2025-09-25T15:00:00+02:00,2025-09-22T23:00:00+02:00,168,64,M1_GBT_CAL_WEATHER,2.2632182536862486,0.1514944454,0.8064554885,3.737348139399999,4.533272740199999,4.509140465700005,0.06,LOW,19.3,False,DAYTIME,0.28,STANDARD_06_17,Pool circulation or heating can add to household demand during this period.,,stage5_frozen_selected_model,stage6a_frozen_ensemble,stage6b_deterministic_rules,real
2025-09-25T16:00:00+02:00,2025-09-22T23:00:00+02:00,168,65,M1_GBT_CAL_WEATHER,2.783188301817905,0.1708440712,1.1590962635,4.4648707439,5.703968071299995,4.509140465700005,0.09,LOW,19.2,False,RETURN_RAMP,0.28,STANDARD_06_17,Pool circulation or heating can add to household demand during this period.,,stage5_frozen_selected_model,stage6a_frozen_ensemble,stage6b_deterministic_rules,real
2025-09-25T17:00:00+02:00,2025-09-22T23:00:00+02:00,168,66,M1_GBT_CAL_WEATHER,5.184411216412185,0.6181512364,3.4325313619999998,10.457170034299999,11.994493353849993,4.509140465700005,0.315,MEDIUM,18.9,False,RETURN_RAMP,0.4,PEAK_17_22,"Evening demand can rise when EV charging, HVAC and household activities overlap.",Pool circulation or heating can add to household demand during this period.,stage5_frozen_selected_model,stage6a_frozen_ensemble,stage6b_deterministic_rules,real
2025-09-25T18:00:00+02:00,2025-09-22T23:00:00+02:00,168,67,M1_GBT_CAL_WEATHER,6.692607443062861,0.7436560921,4.6251520495000005,11.4538468274,14.364845950699992,4.509140465700005,0.51,HIGH,18.7,False,RETURN_RAMP,0.4,PEAK_17_22,"This is a high-risk period because EV charging can coincide with HVAC, cooking and optional high-power loads such as the sauna.",Pool circulation or heating can add to household demand during this period.,stage5_frozen_selected_model,stage6a_frozen_ensemble,stage6b_deterministic_rules,real
2025-09-25T19:00:00+02:00,2025-09-22T23:00:00+02:00,168,68,M1_GBT_CAL_WEATHER,6.692607443062861,0.41640333540000013,5.0702605625,12.3315017765,13.833059851949997,4.509140465700005,0.575,HIGH,18.4,False,EVENING,0.4,PEAK_17_22,"This is a high-risk period because EV charging can coincide with HVAC, cooking and optional high-power loads such as the sauna.",Pool circulation or heating can add to household demand during this period.,stage5_frozen_selected_model,stage6a_frozen_ensemble,stage6b_deterministic_rules,real
2025-09-25T20:00:00+02:00,2025-09-22T23:00:00+02:00,168,69,M1_GBT_CAL_WEATHER,5.254197662413478,0.2226760346,3.7438156499999997,11.063832673499999,12.8148529697,4.509140465700005,0.44,HIGH,18.4,False,EVENING,0.4,PEAK_17_22,"This is a high-risk period because EV charging can coincide with HVAC, cooking and optional high-power loads such as the sauna.",Pool circulation or heating can add to household demand during this period.,stage5_frozen_selected_model,stage6a_frozen_ensemble,stage6b_deterministic_rules,real
2025-09-25T21:00:00+02:00,2025-09-22T23:00:00+02:00,168,70,M1_GBT_CAL_WEATHER,2.7854246689868303,0.47044828240000003,2.5809046095,9.6967012658,11.321236315199995,4.509140465700005,0.3,MEDIUM,18.2,False,EVENING,0.4,PEAK_17_22,"Evening demand can rise when EV charging, HVAC and household activities overlap.",Pool circulation or heating can add to household demand during this period.,stage5_frozen_selected_model,stage6a_frozen_ensemble,stage6b_deterministic_rules,real
2025-09-25T22:00:00+02:00,2025-09-22T23:00:00+02:00,168,71,M1_GBT_CAL_WEATHER,2.3250662151170793,0.3861854858,1.5885141214999998,6.557274218699998,8.427305437199998,4.509140465700005,0.14,LOW,18.3,False,EVENING,0.28,STANDARD_22_24,Pool circulation or heating can add to household demand during this period.,,stage5_frozen_selected_model,stage6a_frozen_ensemble,stage6b_deterministic_rules,real
2025-09-25T23:00:00+02:00,2025-09-22T23:00:00+02:00,168,72,M1_GBT_CAL_WEATHER,1.8140850985013026,0.3797871026,0.9952209245,4.1636581096,4.653898399549998,4.509140465700005,0.075,LOW,17.6,False,NIGHT,0.28,STANDARD_22_24,"Demand is usually lower overnight, although base loads, HVAC, pool systems and EV charging may remain active.",,stage5_frozen_selected_model,stage6a_frozen_ensemble,stage6b_deterministic_rules,real
2025-09-26T00:00:00+02:00,2025-09-22T23:00:00+02:00,168,73,M1_GBT_CAL_WEATHER,1.748918927584841,0.3319768455,2.1932124170000002,4.0803003987,4.21847399455,4.509140465700005,0.02,LOW,17.6,False,NIGHT,0.18,OFF_PEAK_00_06,"Demand is usually lower overnight, although base loads, HVAC, pool systems and EV charging may remain active.",,stage5_frozen_selected_model,stage6a_frozen_ensemble,stage6b_deterministic_rules,real
2025-09-26T01:00:00+02:00,2025-09-22T23:00:00+02:00,168,74,M1_GBT_CAL_WEATHER,1.748918927584841,0.335023861,2.2689557574999997,3.9855119859999997,4.21140143605,4.509140465700005,0.005,LOW,17.4,False,NIGHT,0.18,OFF_PEAK_00_06,"Demand is usually lower overnight, although base loads, HVAC, pool systems and EV charging may remain active.",,stage5_frozen_selected_model,stage6a_frozen_ensemble,stage6b_deterministic_rules,real
2025-09-26T02:00:00+02:00,2025-09-22T23:00:00+02:00,168,75,M1_GBT_CAL_WEATHER,1.748918927584841,0.3451818995,2.3431848935,4.0138645736,4.213080048899999,4.509140465700005,0.015,LOW,17.4,False,NIGHT,0.18,OFF_PEAK_00_06,"Demand is usually lower overnight, although base loads, HVAC, pool systems and EV charging may remain active.",,stage5_frozen_selected_model,stage6a_frozen_ensemble,stage6b_deterministic_rules,real
2025-09-26T03:00:00+02:00,2025-09-22T23:00:00+02:00,168,76,M1_GBT_CAL_WEATHER,1.748918927584841,0.37420622610000004,2.294644718,4.0811631767,4.195249039499999,4.509140465700005,0.02,LOW,17.2,False,NIGHT,0.18,OFF_PEAK_00_06,"Demand is usually lower overnight, although base loads, HVAC, pool systems and EV charging may remain active.",,stage5_frozen_selected_model,stage6a_frozen_ensemble,stage6b_deterministic_rules,real
2025-09-26T04:00:00+02:00,2025-09-22T23:00:00+02:00,168,77,M1_GBT_CAL_WEATHER,1.748918927584841,0.3969274438,2.455410464,3.9753533236,4.1729909023,4.509140465700005,0.015,LOW,16.9,False,NIGHT,0.18,OFF_PEAK_00_06,"Demand is usually lower overnight, although base loads, HVAC, pool systems and EV charging may remain active.",,stage5_frozen_selected_model,stage6a_frozen_ensemble,stage6b_deterministic_rules,real
2025-09-26T05:00:00+02:00,2025-09-22T23:00:00+02:00,168,78,M1_GBT_CAL_WEATHER,1.748918927584841,0.3696936024,2.6578341744999996,4.0568182537,4.340049317849999,4.509140465700005,0.02,LOW,16.5,False,NIGHT,0.18,OFF_PEAK_00_06,"Demand is usually lower overnight, although base loads, HVAC, pool systems and EV charging may remain active.",,stage5_frozen_selected_model,stage6a_frozen_ensemble,stage6b_deterministic_rules,real
2025-09-26T06:00:00+02:00,2025-09-22T23:00:00+02:00,168,79,M1_GBT_CAL_WEATHER,1.748918927584841,0.483489614,3.0537357475,4.3945420596,4.635639634999999,4.509140465700005,0.08,LOW,16.1,False,NIGHT,0.28,STANDARD_06_17,Pool circulation or heating can add to household demand during this period.,"Demand is usually lower overnight, although base loads, HVAC, pool systems and EV charging may remain active.",stage5_frozen_selected_model,stage6a_frozen_ensemble,stage6b_deterministic_rules,real
2025-09-26T07:00:00+02:00,2025-09-22T23:00:00+02:00,168,80,M1_GBT_CAL_WEATHER,1.748918927584841,0.9930196025,3.566564766,5.2529286795,5.4717119684,4.509140465700005,0.185,LOW,16.3,False,MORNING,0.28,STANDARD_06_17,Pool circulation or heating can add to household demand during this period.,,stage5_frozen_selected_model,stage6a_frozen_ensemble,stage6b_deterministic_rules,real
2025-09-26T08:00:00+02:00,2025-09-22T23:00:00+02:00,168,81,M1_GBT_CAL_WEATHER,1.748918927584841,0.2780456310000001,3.1765816664999997,4.825483557499999,5.6486807838999935,4.509140465700005,0.13,LOW,16.9,False,MORNING,0.28,STANDARD_06_17,Pool circulation or heating can add to household demand during this period.,,stage5_frozen_selected_model,stage6a_frozen_ensemble,stage6b_deterministic_rules,real
2025-09-26T09:00:00+02:00,2025-09-22T23:00:00+02:00,168,82,M1_GBT_CAL_WEATHER,1.748918927584841,0.1897904531,1.102240327,4.2580572137,4.887561906349999,4.509140465700005,0.07,LOW,17.3,False,DAYTIME,0.28,STANDARD_06_17,Pool circulation or heating can add to household demand during this period.,,stage5_frozen_selected_model,stage6a_frozen_ensemble,stage6b_deterministic_rules,real
2025-09-26T10:00:00+02:00,2025-09-22T23:00:00+02:00,168,83,M1_GBT_CAL_WEATHER,1.748918927584841,0.2758000102,1.106533513,4.3528724595,4.9576991461499995,4.509140465700005,0.09,LOW,18.6,False,DAYTIME,0.28,STANDARD_06_17,Pool circulation or heating can add to household demand during this period.,,stage5_frozen_selected_model,stage6a_frozen_ensemble,stage6b_deterministic_rules,real
2025-09-26T11:00:00+02:00,2025-09-22T23:00:00+02:00,168,84,M1_GBT_CAL_WEATHER,1.748918927584841,0.2267085415,1.1049933264999998,4.2735358303,4.6105332280499995,4.509140465700005,0.06,LOW,19.9,False,DAYTIME,0.28,STANDARD_06_17,Pool circulation or heating can add to household demand during this period.,,stage5_frozen_selected_model,stage6a_frozen_ensemble,stage6b_deterministic_rules,real
2025-09-26T12:00:00+02:00,2025-09-22T23:00:00+02:00,168,85,M1_GBT_CAL_WEATHER,1.748918927584841,0.17121728690000002,0.9533316995000001,3.520321231099999,4.545222542999999,4.509140465700005,0.055,LOW,21.2,False,DAYTIME,0.28,STANDARD_06_17,Pool circulation or heating can add to household demand during this period.,,stage5_frozen_selected_model,stage6a_frozen_ensemble,stage6b_deterministic_rules,real
2025-09-26T13:00:00+02:00,2025-09-22T23:00:00+02:00,168,86,M1_GBT_CAL_WEATHER,1.7832579306724834,0.15419339140000002,0.797574518,2.905538514099999,3.801206619549999,4.509140465700005,0.025,LOW,21.3,False,DAYTIME,0.28,STANDARD_06_17,Pool circulation or heating can add to household demand during this period.,,stage5_frozen_selected_model,stage6a_frozen_ensemble,stage6b_deterministic_rules,real
2025-09-26T14:00:00+02:00,2025-09-22T23:00:00+02:00,168,87,M1_GBT_CAL_WEATHER,1.8140850985013026,0.1421739645,0.21803117,2.855899828899999,3.9563957718499987,4.509140465700005,0.035,LOW,21.8,False,DAYTIME,0.28,STANDARD_06_17,Pool circulation or heating can add to household demand during this period.,,stage5_frozen_selected_model,stage6a_frozen_ensemble,stage6b_deterministic_rules,real
2025-09-26T15:00:00+02:00,2025-09-22T23:00:00+02:00,168,88,M1_GBT_CAL_WEATHER,2.2632182536862486,0.1455336367,0.7131562124999999,1.3538765504999999,2.4051959363499935,4.509140465700005,0.01,LOW,21.9,False,DAYTIME,0.28,STANDARD_06_17,Pool circulation or heating can add to household demand during this period.,,stage5_frozen_selected_model,stage6a_frozen_ensemble,stage6b_deterministic_rules,real
2025-09-26T16:00:00+02:00,2025-09-22T23:00:00+02:00,168,89,M1_GBT_CAL_WEATHER,3.051233202943055,0.1640153491,0.9925840180000001,3.0688703279999996,4.73074614785,4.509140465700005,0.06,LOW,22.1,False,RETURN_RAMP,0.28,STANDARD_06_17,Pool circulation or heating can add to household demand during this period.,,stage5_frozen_selected_model,stage6a_frozen_ensemble,stage6b_deterministic_rules,real
2025-09-26T17:00:00+02:00,2025-09-22T23:00:00+02:00,168,90,M1_GBT_CAL_WEATHER,5.064748969617216,0.273111951,1.245520457,8.134889485799999,8.619728405550001,4.509140465700005,0.305,MEDIUM,22.2,False,RETURN_RAMP,0.4,PEAK_17_22,"Evening demand can rise when EV charging, HVAC and household activities overlap.",Pool circulation or heating can add to household demand during this period.,stage5_frozen_selected_model,stage6a_frozen_ensemble,stage6b_deterministic_rules,real
2025-09-26T18:00:00+02:00,2025-09-22T23:00:00+02:00,168,91,M1_GBT_CAL_WEATHER,6.307457286789734,0.20691753540000002,2.9106322679999996,11.221584848599997,13.541547519999986,4.509140465700005,0.44,HIGH,22.0,False,RETURN_RAMP,0.4,PEAK_17_22,"This is a high-risk period because EV charging can coincide with HVAC, cooking and optional high-power loads such as the sauna.",Pool circulation or heating can add to household demand during this period.,stage5_frozen_selected_model,stage6a_frozen_ensemble,stage6b_deterministic_rules,real
2025-09-26T19:00:00+02:00,2025-09-22T23:00:00+02:00,168,92,M1_GBT_CAL_WEATHER,6.307457286789734,0.20713085450000002,3.596965181,11.2840281577,13.849985575099993,4.509140465700005,0.47,HIGH,21.4,False,EVENING,0.4,PEAK_17_22,"This is a high-risk period because EV charging can coincide with HVAC, cooking and optional high-power loads such as the sauna.",Pool circulation or heating can add to household demand during this period.,stage5_frozen_selected_model,stage6a_frozen_ensemble,stage6b_deterministic_rules,real
2025-09-26T20:00:00+02:00,2025-09-22T23:00:00+02:00,168,93,M1_GBT_CAL_WEATHER,5.19638337704934,0.2043565592,2.0681043785,9.115947081,11.492684185299998,4.509140465700005,0.345,MEDIUM,19.6,False,EVENING,0.4,PEAK_17_22,"Evening demand can rise when EV charging, HVAC and household activities overlap.",Pool circulation or heating can add to household demand during this period.,stage5_frozen_selected_model,stage6a_frozen_ensemble,stage6b_deterministic_rules,real
2025-09-26T21:00:00+02:00,2025-09-22T23:00:00+02:00,168,94,M1_GBT_CAL_WEATHER,3.18286761037518,0.36611363599999996,1.1857504535,8.0781822931,9.548041310899997,4.509140465700005,0.205,MEDIUM,19.0,False,EVENING,0.4,PEAK_17_22,"Evening demand can rise when EV charging, HVAC and household activities overlap.",Pool circulation or heating can add to household demand during this period.,stage5_frozen_selected_model,stage6a_frozen_ensemble,stage6b_deterministic_rules,real
2025-09-26T22:00:00+02:00,2025-09-22T23:00:00+02:00,168,95,M1_GBT_CAL_WEATHER,2.3250662151170793,0.3408834981,1.122444188,4.501836457399998,6.861055610299993,4.509140465700005,0.1,LOW,17.8,False,EVENING,0.28,STANDARD_22_24,Pool circulation or heating can add to household demand during this period.,,stage5_frozen_selected_model,stage6a_frozen_ensemble,stage6b_deterministic_rules,real
2025-09-26T23:00:00+02:00,2025-09-22T23:00:00+02:00,168,96,M1_GBT_CAL_WEATHER,1.6782498305821414,0.3244673788,2.277511633,4.232968690799999,4.468836076049999,4.509140465700005,0.05,LOW,17.3,False,NIGHT,0.28,STANDARD_22_24,"Demand is usually lower overnight, although base loads, HVAC, pool systems and EV charging may remain active.",,stage5_frozen_selected_model,stage6a_frozen_ensemble,stage6b_deterministic_rules,real
2025-09-27T00:00:00+02:00,2025-09-22T23:00:00+02:00,168,97,M1_GBT_CAL_WEATHER,1.6130836596656797,0.31994505349999997,2.162656512,3.9009290109999997,4.193245123899999,4.509140465700005,0.025,LOW,17.1,True,NIGHT,0.18,OFF_PEAK_00_06,"Demand is usually lower overnight, although base loads, HVAC, pool systems and EV charging may remain active.",,stage5_frozen_selected_model,stage6a_frozen_ensemble,stage6b_deterministic_rules,real
2025-09-27T01:00:00+02:00,2025-09-22T23:00:00+02:00,168,98,M1_GBT_CAL_WEATHER,1.6130836596656797,0.3333982646,2.413221809,3.9714779526,4.19181683535,4.509140465700005,0.02,LOW,16.5,True,NIGHT,0.18,OFF_PEAK_00_06,"Demand is usually lower overnight, although base loads, HVAC, pool systems and EV charging may remain active.",,stage5_frozen_selected_model,stage6a_frozen_ensemble,stage6b_deterministic_rules,real
2025-09-27T02:00:00+02:00,2025-09-22T23:00:00+02:00,168,99,M1_GBT_CAL_WEATHER,1.748918927584841,0.3361078252,2.8109117445,4.056874500999999,4.253249380049999,4.509140465700005,0.01,LOW,16.4,True,NIGHT,0.18,OFF_PEAK_00_06,"Demand is usually lower overnight, although base loads, HVAC, pool systems and EV charging may remain active.",,stage5_frozen_selected_model,stage6a_frozen_ensemble,stage6b_deterministic_rules,real
2025-09-27T03:00:00+02:00,2025-09-22T23:00:00+02:00,168,100,M1_GBT_CAL_WEATHER,1.748918927584841,0.36700703250000005,2.7163256345000004,4.0811631767,4.2317130441,4.509140465700005,0.01,LOW,16.6,True,NIGHT,0.18,OFF_PEAK_00_06,"Demand is usually lower overnight, although base loads, HVAC, pool systems and EV charging may remain active.",,stage5_frozen_selected_model,stage6a_frozen_ensemble,stage6b_deterministic_rules,real
2025-09-27T04:00:00+02:00,2025-09-22T23:00:00+02:00,168,101,M1_GBT_CAL_WEATHER,1.748918927584841,0.4186295798,2.710550412,4.082144918699999,4.2723501629,4.509140465700005,0.025,LOW,16.8,True,NIGHT,0.18,OFF_PEAK_00_06,"Demand is usually lower overnight, although base loads, HVAC, pool systems and EV charging may remain active.",,stage5_frozen_selected_model,stage6a_frozen_ensemble,stage6b_deterministic_rules,real
2025-09-27T05:00:00+02:00,2025-09-22T23:00:00+02:00,168,102,M1_GBT_CAL_WEATHER,1.748918927584841,0.3851362085,2.5877642145,3.9759737266999995,4.174741040049999,4.509140465700005,0.025,LOW,16.7,True,NIGHT,0.18,OFF_PEAK_00_06,"Demand is usually lower overnight, although base loads, HVAC, pool systems and EV charging may remain active.",,stage5_frozen_selected_model,stage6a_frozen_ensemble,stage6b_deterministic_rules,real
2025-09-27T06:00:00+02:00,2025-09-22T23:00:00+02:00,168,103,M1_GBT_CAL_WEATHER,1.748918927584841,0.34552815929999997,2.6355708995,4.2342972719,4.5097732398499994,4.509140465700005,0.05,LOW,16.6,True,NIGHT,0.28,STANDARD_06_17,Pool circulation or heating can add to household demand during this period.,"Demand is usually lower overnight, although base loads, HVAC, pool systems and EV charging may remain active.",stage5_frozen_selected_model,stage6a_frozen_ensemble,stage6b_deterministic_rules,real
2025-09-27T07:00:00+02:00,2025-09-22T23:00:00+02:00,168,104,M1_GBT_CAL_WEATHER,1.748918927584841,0.5686730862,3.4026862154999997,4.8428281235999995,5.26699009425,4.509140465700005,0.19,LOW,16.9,True,MORNING,0.28,STANDARD_06_17,Pool circulation or heating can add to household demand during this period.,Weekend occupancy can increase daytime household activity.,stage5_frozen_selected_model,stage6a_frozen_ensemble,stage6b_deterministic_rules,real
2025-09-27T08:00:00+02:00,2025-09-22T23:00:00+02:00,168,105,M1_GBT_CAL_WEATHER,1.748918927584841,0.2898835903000001,2.957209133,4.8903204737,5.759168877849996,4.509140465700005,0.14,LOW,16.7,True,MORNING,0.28,STANDARD_06_17,Pool circulation or heating can add to household demand during this period.,Weekend occupancy can increase daytime household activity.,stage5_frozen_selected_model,stage6a_frozen_ensemble,stage6b_deterministic_rules,real
2025-09-27T09:00:00+02:00,2025-09-22T23:00:00+02:00,168,106,M1_GBT_CAL_WEATHER,1.748918927584841,0.8877949193,3.4299619865,6.2849116329,8.186177033249997,4.509140465700005,0.25,MEDIUM,17.6,True,DAYTIME,0.28,STANDARD_06_17,Pool circulation or heating can add to household demand during this period.,Weekend occupancy can increase daytime household activity.,stage5_frozen_selected_model,stage6a_frozen_ensemble,stage6b_deterministic_rules,real
2025-09-27T10:00:00+02:00,2025-09-22T23:00:00+02:00,168,107,M1_GBT_CAL_WEATHER,1.748918927584841,0.7913892736,2.7030574219999997,5.834792714800001,7.9261547197999995,4.509140465700005,0.21,MEDIUM,18.7,True,DAYTIME,0.28,STANDARD_06_17,Pool circulation or heating can add to household demand during this period.,Weekend occupancy can increase daytime household activity.,stage5_frozen_selected_model,stage6a_frozen_ensemble,stage6b_deterministic_rules,real
2025-09-27T11:00:00+02:00,2025-09-22T23:00:00+02:00,168,108,M1_GBT_CAL_WEATHER,1.748918927584841,0.3893883849,1.2985957705,5.039816543899999,5.8472021876,4.509140465700005,0.145,LOW,20.0,True,DAYTIME,0.28,STANDARD_06_17,Pool circulation or heating can add to household demand during this period.,Weekend occupancy can increase daytime household activity.,stage5_frozen_selected_model,stage6a_frozen_ensemble,stage6b_deterministic_rules,real
2025-09-27T12:00:00+02:00,2025-09-22T23:00:00+02:00,168,109,M1_GBT_CAL_WEATHER,1.748918927584841,0.19903232080000002,1.1141647975,4.533381504499999,5.321432953799999,4.509140465700005,0.115,LOW,20.6,True,DAYTIME,0.28,STANDARD_06_17,Pool circulation or heating can add to household demand during this period.,Weekend occupancy can increase daytime household activity.,stage5_frozen_selected_model,stage6a_frozen_ensemble,stage6b_deterministic_rules,real
2025-09-27T13:00:00+02:00,2025-09-22T23:00:00+02:00,168,110,M1_GBT_CAL_WEATHER,1.7832579306724834,0.1634772142,0.914506291,4.025250792799998,4.8283548491,4.509140465700005,0.07,LOW,21.2,True,DAYTIME,0.28,STANDARD_06_17,Pool circulation or heating can add to household demand during this period.,Weekend occupancy can increase daytime household activity.,stage5_frozen_selected_model,stage6a_frozen_ensemble,stage6b_deterministic_rules,real
2025-09-27T14:00:00+02:00,2025-09-22T23:00:00+02:00,168,111,M1_GBT_CAL_WEATHER,1.8140850985013026,0.1468428071,0.399465292,3.8436527279999995,4.855631266099999,4.509140465700005,0.065,LOW,21.4,True,DAYTIME,0.28,STANDARD_06_17,Pool circulation or heating can add to household demand during this period.,Weekend occupancy can increase daytime household activity.,stage5_frozen_selected_model,stage6a_frozen_ensemble,stage6b_deterministic_rules,real
2025-09-27T15:00:00+02:00,2025-09-22T23:00:00+02:00,168,112,M1_GBT_CAL_WEATHER,2.3250662151170793,0.1569425286,0.7808713245,3.3087199582999993,4.501138696499997,4.509140465700005,0.05,LOW,21.6,True,DAYTIME,0.28,STANDARD_06_17,Pool circulation or heating can add to household demand during this period.,Weekend occupancy can increase daytime household activity.,stage5_frozen_selected_model,stage6a_frozen_ensemble,stage6b_deterministic_rules,real
2025-09-27T16:00:00+02:00,2025-09-22T23:00:00+02:00,168,113,M1_GBT_CAL_WEATHER,3.113081164373886,0.1638157386,0.9797109234999999,3.9435282107999994,6.269741215549998,4.509140465700005,0.08,LOW,21.6,True,RETURN_RAMP,0.28,STANDARD_06_17,Pool circulation or heating can add to household demand during this period.,Weekend occupancy can increase daytime household activity.,stage5_frozen_selected_model,stage6a_frozen_ensemble,stage6b_deterministic_rules,real
2025-09-27T17:00:00+02:00,2025-09-22T23:00:00+02:00,168,114,M1_GBT_CAL_WEATHER,5.126596931048047,0.4009820195000001,1.066468507,6.270962421599999,8.257479386199996,4.509140465700005,0.15,LOW,21.9,True,RETURN_RAMP,0.4,PEAK_17_22,Pool circulation or heating can add to household demand during this period.,Weekend occupancy can increase daytime household activity.,stage5_frozen_selected_model,stage6a_frozen_ensemble,stage6b_deterministic_rules,real
2025-09-27T18:00:00+02:00,2025-09-22T23:00:00+02:00,168,115,M1_GBT_CAL_WEATHER,6.307457286789734,0.24754428660000005,1.2466661074999998,8.014943860699999,8.470329655549998,4.509140465700005,0.195,LOW,22.0,True,RETURN_RAMP,0.4,PEAK_17_22,Pool circulation or heating can add to household demand during this period.,Weekend occupancy can increase daytime household activity.,stage5_frozen_selected_model,stage6a_frozen_ensemble,stage6b_deterministic_rules,real
2025-09-27T19:00:00+02:00,2025-09-22T23:00:00+02:00,168,116,M1_GBT_CAL_WEATHER,6.307457286789734,0.2070223435,1.8932080105,8.042814513299998,9.321664467999996,4.509140465700005,0.26,MEDIUM,21.6,True,EVENING,0.4,PEAK_17_22,"Evening demand can rise when EV charging, HVAC and household activities overlap.",Pool circulation or heating can add to household demand during this period.,stage5_frozen_selected_model,stage6a_frozen_ensemble,stage6b_deterministic_rules,real
2025-09-27T20:00:00+02:00,2025-09-22T23:00:00+02:00,168,117,M1_GBT_CAL_WEATHER,4.561627019080189,0.21741026490000004,2.330439845,8.590712842599997,11.160532691199997,4.509140465700005,0.28,MEDIUM,20.6,True,EVENING,0.4,PEAK_17_22,"Evening demand can rise when EV charging, HVAC and household activities overlap.",Pool circulation or heating can add to household demand during this period.,stage5_frozen_selected_model,stage6a_frozen_ensemble,stage6b_deterministic_rules,real
2025-09-27T21:00:00+02:00,2025-09-22T23:00:00+02:00,168,118,M1_GBT_CAL_WEATHER,2.795160462455061,0.4210206114,1.3278302095,8.467280748799999,10.316216874899995,4.509140465700005,0.285,MEDIUM,21.5,True,EVENING,0.4,PEAK_17_22,"Evening demand can rise when EV charging, HVAC and household activities overlap.",Pool circulation or heating can add to household demand during this period.,stage5_frozen_selected_model,stage6a_frozen_ensemble,stage6b_deterministic_rules,real
2025-09-27T22:00:00+02:00,2025-09-22T23:00:00+02:00,168,119,M1_GBT_CAL_WEATHER,2.3250662151170793,0.3759709597,0.761225592,7.7283612363,8.3189875923,4.509140465700005,0.175,LOW,21.4,True,EVENING,0.28,STANDARD_22_24,Pool circulation or heating can add to household demand during this period.,,stage5_frozen_selected_model,stage6a_frozen_ensemble,stage6b_deterministic_rules,real
2025-09-27T23:00:00+02:00,2025-09-22T23:00:00+02:00,168,120,M1_GBT_CAL_WEATHER,1.8140850985013026,0.3325400558,0.5927538219999999,1.8600961920999997,7.160034881349989,4.509140465700005,0.075,LOW,21.3,True,NIGHT,0.28,STANDARD_22_24,"Demand is usually lower overnight, although base loads, HVAC, pool systems and EV charging may remain active.",,stage5_frozen_selected_model,stage6a_frozen_ensemble,stage6b_deterministic_rules,real
2025-09-28T00:00:00+02:00,2025-09-22T23:00:00+02:00,168,121,M1_GBT_CAL_WEATHER,1.748918927584841,0.3136771826,0.514508327,0.8395650387999998,2.8313710995999943,4.509140465700005,0.01,LOW,20.8,True,NIGHT,0.18,OFF_PEAK_00_06,"Demand is usually lower overnight, although base loads, HVAC, pool systems and EV charging may remain active.",,stage5_frozen_selected_model,stage6a_frozen_ensemble,stage6b_deterministic_rules,real
2025-09-28T01:00:00+02:00,2025-09-22T23:00:00+02:00,168,122,M1_GBT_CAL_WEATHER,1.6130836596656797,0.3105810075,0.484883253,0.6689376507,2.0491639629999976,4.509140465700005,0.005,LOW,20.5,True,NIGHT,0.18,OFF_PEAK_00_06,"Demand is usually lower overnight, although base loads, HVAC, pool systems and EV charging may remain active.",,stage5_frozen_selected_model,stage6a_frozen_ensemble,stage6b_deterministic_rules,real
2025-09-28T02:00:00+02:00,2025-09-22T23:00:00+02:00,168,123,M1_GBT_CAL_WEATHER,1.6130836596656797,0.3122679786,0.48529507650000003,0.6704057333,0.7913346972499716,4.509140465700005,0.0,LOW,20.6,True,NIGHT,0.18,OFF_PEAK_00_06,"Demand is usually lower overnight, although base loads, HVAC, pool systems and EV charging may remain active.",,stage5_frozen_selected_model,stage6a_frozen_ensemble,stage6b_deterministic_rules,real
2025-09-28T03:00:00+02:00,2025-09-22T23:00:00+02:00,168,124,M1_GBT_CAL_WEATHER,1.748918927584841,0.31371661380000004,0.48553978600000003,0.6716664048000001,0.8052910064999673,4.509140465700005,0.005,LOW,20.4,True,NIGHT,0.18,OFF_PEAK_00_06,"Demand is usually lower overnight, although base loads, HVAC, pool systems and EV charging may remain active.",,stage5_frozen_selected_model,stage6a_frozen_ensemble,stage6b_deterministic_rules,real
2025-09-28T04:00:00+02:00,2025-09-22T23:00:00+02:00,168,125,M1_GBT_CAL_WEATHER,1.748918927584841,0.3171875749,0.4865115085,0.6563414593,0.68084417825,4.509140465700005,0.0,LOW,20.3,True,NIGHT,0.18,OFF_PEAK_00_06,"Demand is usually lower overnight, although base loads, HVAC, pool systems and EV charging may remain active.",,stage5_frozen_selected_model,stage6a_frozen_ensemble,stage6b_deterministic_rules,real
2025-09-28T05:00:00+02:00,2025-09-22T23:00:00+02:00,168,126,M1_GBT_CAL_WEATHER,1.748918927584841,0.3236559542,0.5251773655,2.650398335999998,3.730294516199999,4.509140465700005,0.0,LOW,20.1,True,NIGHT,0.18,OFF_PEAK_00_06,"Demand is usually lower overnight, although base loads, HVAC, pool systems and EV charging may remain active.",,stage5_frozen_selected_model,stage6a_frozen_ensemble,stage6b_deterministic_rules,real
2025-09-28T06:00:00+02:00,2025-09-22T23:00:00+02:00,168,127,M1_GBT_CAL_WEATHER,1.748918927584841,0.3384645725,0.5948932995,2.2271196221999996,3.18281668265,4.509140465700005,0.005,LOW,20.3,True,NIGHT,0.28,STANDARD_06_17,Pool circulation or heating can add to household demand during this period.,"Demand is usually lower overnight, although base loads, HVAC, pool systems and EV charging may remain active.",stage5_frozen_selected_model,stage6a_frozen_ensemble,stage6b_deterministic_rules,real
2025-09-28T07:00:00+02:00,2025-09-22T23:00:00+02:00,168,128,M1_GBT_CAL_WEATHER,1.748918927584841,0.3850433592,1.1384209575,3.2178730483999995,4.151447537849995,4.509140465700005,0.035,LOW,20.2,True,MORNING,0.28,STANDARD_06_17,Pool circulation or heating can add to household demand during this period.,Weekend occupancy can increase daytime household activity.,stage5_frozen_selected_model,stage6a_frozen_ensemble,stage6b_deterministic_rules,real
2025-09-28T08:00:00+02:00,2025-09-22T23:00:00+02:00,168,129,M1_GBT_CAL_WEATHER,1.748918927584841,0.43906027729999997,1.2789231785,3.1656201642,4.175688510699999,4.509140465700005,0.035,LOW,20.2,True,MORNING,0.28,STANDARD_06_17,Pool circulation or heating can add to household demand during this period.,Weekend occupancy can increase daytime household activity.,stage5_frozen_selected_model,stage6a_frozen_ensemble,stage6b_deterministic_rules,real
2025-09-28T09:00:00+02:00,2025-09-22T23:00:00+02:00,168,130,M1_GBT_CAL_WEATHER,1.6130836596656797,0.19583343150000002,1.066468271,3.096293067599999,4.03572055205,4.509140465700005,0.03,LOW,20.0,True,DAYTIME,0.28,STANDARD_06_17,Pool circulation or heating can add to household demand during this period.,Weekend occupancy can increase daytime household activity.,stage5_frozen_selected_model,stage6a_frozen_ensemble,stage6b_deterministic_rules,real
2025-09-28T10:00:00+02:00,2025-09-22T23:00:00+02:00,168,131,M1_GBT_CAL_WEATHER,1.748918927584841,0.2281754404,1.0554574270000001,2.9319118548,3.7613250382499985,4.509140465700005,0.02,LOW,20.4,True,DAYTIME,0.28,STANDARD_06_17,Pool circulation or heating can add to household demand during this period.,Weekend occupancy can increase daytime household activity.,stage5_frozen_selected_model,stage6a_frozen_ensemble,stage6b_deterministic_rules,real
2025-09-28T11:00:00+02:00,2025-09-22T23:00:00+02:00,168,132,M1_GBT_CAL_WEATHER,1.748918927584841,0.21655408150000002,0.9894303109999999,1.9194803959999975,4.20870041205,4.509140465700005,0.035,LOW,21.3,True,DAYTIME,0.28,STANDARD_06_17,Pool circulation or heating can add to household demand during this period.,Weekend occupancy can increase daytime household activity.,stage5_frozen_selected_model,stage6a_frozen_ensemble,stage6b_deterministic_rules,real
2025-09-28T12:00:00+02:00,2025-09-22T23:00:00+02:00,168,133,M1_GBT_CAL_WEATHER,1.748918927584841,0.1694613056,0.837649994,1.3766300980000001,1.8489428431999932,4.509140465700005,0.02,LOW,21.6,True,DAYTIME,0.28,STANDARD_06_17,Pool circulation or heating can add to household demand during this period.,Weekend occupancy can increase daytime household activity.,stage5_frozen_selected_model,stage6a_frozen_ensemble,stage6b_deterministic_rules,real
2025-09-28T13:00:00+02:00,2025-09-22T23:00:00+02:00,168,134,M1_GBT_CAL_WEATHER,1.7832579306724834,0.1525775564,0.5679833320000001,1.3926602227999998,2.0876386318499995,4.509140465700005,0.01,LOW,22.1,True,DAYTIME,0.28,STANDARD_06_17,Pool circulation or heating can add to household demand during this period.,Weekend occupancy can increase daytime household activity.,stage5_frozen_selected_model,stage6a_frozen_ensemble,stage6b_deterministic_rules,real
2025-09-28T14:00:00+02:00,2025-09-22T23:00:00+02:00,168,135,M1_GBT_CAL_WEATHER,1.8140850985013026,0.1459956344,0.230774916,1.3220345793,1.4028497559499997,4.509140465700005,0.015,LOW,22.6,True,DAYTIME,0.28,STANDARD_06_17,Pool circulation or heating can add to household demand during this period.,Weekend occupancy can increase daytime household activity.,stage5_frozen_selected_model,stage6a_frozen_ensemble,stage6b_deterministic_rules,real
2025-09-28T15:00:00+02:00,2025-09-22T23:00:00+02:00,168,136,M1_GBT_CAL_WEATHER,2.3250662151170793,0.14980114130000002,0.4164594895,1.3574106404,2.7010325486999975,4.509140465700005,0.025,LOW,22.5,True,DAYTIME,0.28,STANDARD_06_17,Pool circulation or heating can add to household demand during this period.,Weekend occupancy can increase daytime household activity.,stage5_frozen_selected_model,stage6a_frozen_ensemble,stage6b_deterministic_rules,real
2025-09-28T16:00:00+02:00,2025-09-22T23:00:00+02:00,168,137,M1_GBT_CAL_WEATHER,2.725374016453767,0.165471494,0.933166504,4.223539848599999,6.7531120360499814,4.509140465700005,0.095,LOW,22.4,True,RETURN_RAMP,0.28,STANDARD_06_17,Pool circulation or heating can add to household demand during this period.,Weekend occupancy can increase daytime household activity.,stage5_frozen_selected_model,stage6a_frozen_ensemble,stage6b_deterministic_rules,real
2025-09-28T17:00:00+02:00,2025-09-22T23:00:00+02:00,168,138,M1_GBT_CAL_WEATHER,4.491840573078895,0.2831875268000001,1.0638270745,7.7612347491,8.38314340365,4.509140465700005,0.155,LOW,22.3,True,RETURN_RAMP,0.4,PEAK_17_22,Pool circulation or heating can add to household demand during this period.,Weekend occupancy can increase daytime household activity.,stage5_frozen_selected_model,stage6a_frozen_ensemble,stage6b_deterministic_rules,real
2025-09-28T18:00:00+02:00,2025-09-22T23:00:00+02:00,168,139,M1_GBT_CAL_WEATHER,4.938270909089039,0.1839386312,1.1409832180000001,7.432015132799999,8.439152324799998,4.509140465700005,0.185,LOW,21.9,True,RETURN_RAMP,0.4,PEAK_17_22,Pool circulation or heating can add to household demand during this period.,Weekend occupancy can increase daytime household activity.,stage5_frozen_selected_model,stage6a_frozen_ensemble,stage6b_deterministic_rules,real
2025-09-28T19:00:00+02:00,2025-09-22T23:00:00+02:00,168,140,M1_GBT_CAL_WEATHER,4.938270909089039,0.18015520640000002,1.21878639,8.4007639213,10.013051633049997,4.509140465700005,0.235,MEDIUM,21.4,True,EVENING,0.4,PEAK_17_22,"Evening demand can rise when EV charging, HVAC and household activities overlap.",Pool circulation or heating can add to household demand during this period.,stage5_frozen_selected_model,stage6a_frozen_ensemble,stage6b_deterministic_rules,real
2025-09-28T20:00:00+02:00,2025-09-22T23:00:00+02:00,168,141,M1_GBT_CAL_WEATHER,4.561627019080189,0.1848773471,1.5707712004999999,8.5713371219,10.590017704049998,4.509140465700005,0.265,MEDIUM,21.1,True,EVENING,0.4,PEAK_17_22,"Evening demand can rise when EV charging, HVAC and household activities overlap.",Pool circulation or heating can add to household demand during this period.,stage5_frozen_selected_model,stage6a_frozen_ensemble,stage6b_deterministic_rules,real
2025-09-28T21:00:00+02:00,2025-09-22T23:00:00+02:00,168,142,M1_GBT_CAL_WEATHER,2.795160462455061,0.3318808105,1.2850219594999999,8.4736915062,9.466899077399994,4.509140465700005,0.235,MEDIUM,20.9,True,EVENING,0.4,PEAK_17_22,"Evening demand can rise when EV charging, HVAC and household activities overlap.",Pool circulation or heating can add to household demand during this period.,stage5_frozen_selected_model,stage6a_frozen_ensemble,stage6b_deterministic_rules,real
2025-09-28T22:00:00+02:00,2025-09-22T23:00:00+02:00,168,143,M1_GBT_CAL_WEATHER,2.3250662151170793,0.3261138959,0.6825758835,7.941140119899999,8.5694265509,4.509140465700005,0.14,LOW,20.5,True,EVENING,0.28,STANDARD_22_24,Pool circulation or heating can add to household demand during this period.,,stage5_frozen_selected_model,stage6a_frozen_ensemble,stage6b_deterministic_rules,real
2025-09-28T23:00:00+02:00,2025-09-22T23:00:00+02:00,168,144,M1_GBT_CAL_WEATHER,1.8140850985013026,0.31677695350000007,0.5739579454999999,3.3589259867999988,5.718791632599995,4.509140465700005,0.06,LOW,20.1,True,NIGHT,0.28,STANDARD_22_24,"Demand is usually lower overnight, although base loads, HVAC, pool systems and EV charging may remain active.",,stage5_frozen_selected_model,stage6a_frozen_ensemble,stage6b_deterministic_rules,real
2025-09-29T00:00:00+02:00,2025-09-22T23:00:00+02:00,168,145,M1_GBT_CAL_WEATHER,1.748918927584841,0.30259631940000004,0.529705848,3.2875361855,3.6610032797999987,4.509140465700005,0.015,LOW,20.0,False,NIGHT,0.18,OFF_PEAK_00_06,"Demand is usually lower overnight, although base loads, HVAC, pool systems and EV charging may remain active.",,stage5_frozen_selected_model,stage6a_frozen_ensemble,stage6b_deterministic_rules,real
2025-09-29T01:00:00+02:00,2025-09-22T23:00:00+02:00,168,146,M1_GBT_CAL_WEATHER,1.748918927584841,0.2984189554,0.5209250195,2.885107822399999,3.6739640248499956,4.509140465700005,0.005,LOW,19.6,False,NIGHT,0.18,OFF_PEAK_00_06,"Demand is usually lower overnight, although base loads, HVAC, pool systems and EV charging may remain active.",,stage5_frozen_selected_model,stage6a_frozen_ensemble,stage6b_deterministic_rules,real
2025-09-29T02:00:00+02:00,2025-09-22T23:00:00+02:00,168,147,M1_GBT_CAL_WEATHER,1.748918927584841,0.2981324843,0.5225267795,2.6002317312000005,3.5533734905999994,4.509140465700005,0.005,LOW,19.5,False,NIGHT,0.18,OFF_PEAK_00_06,"Demand is usually lower overnight, although base loads, HVAC, pool systems and EV charging may remain active.",,stage5_frozen_selected_model,stage6a_frozen_ensemble,stage6b_deterministic_rules,real
2025-09-29T03:00:00+02:00,2025-09-22T23:00:00+02:00,168,148,M1_GBT_CAL_WEATHER,1.748918927584841,0.3064454279,0.5357100800000001,2.9880417878999994,3.6459424405999994,4.509140465700005,0.0,LOW,19.0,False,NIGHT,0.18,OFF_PEAK_00_06,"Demand is usually lower overnight, although base loads, HVAC, pool systems and EV charging may remain active.",,stage5_frozen_selected_model,stage6a_frozen_ensemble,stage6b_deterministic_rules,real
2025-09-29T04:00:00+02:00,2025-09-22T23:00:00+02:00,168,149,M1_GBT_CAL_WEATHER,1.748918927584841,0.3194864844,0.5695163035,3.8578732449999995,4.1707604979,4.509140465700005,0.015,LOW,18.7,False,NIGHT,0.18,OFF_PEAK_00_06,"Demand is usually lower overnight, although base loads, HVAC, pool systems and EV charging may remain active.",,stage5_frozen_selected_model,stage6a_frozen_ensemble,stage6b_deterministic_rules,real
2025-09-29T05:00:00+02:00,2025-09-22T23:00:00+02:00,168,150,M1_GBT_CAL_WEATHER,1.748918927584841,0.3204420268,0.6015664425,3.9005240323,4.14065716355,4.509140465700005,0.01,LOW,18.0,False,NIGHT,0.18,OFF_PEAK_00_06,"Demand is usually lower overnight, although base loads, HVAC, pool systems and EV charging may remain active.",,stage5_frozen_selected_model,stage6a_frozen_ensemble,stage6b_deterministic_rules,real
2025-09-29T06:00:00+02:00,2025-09-22T23:00:00+02:00,168,151,M1_GBT_CAL_WEATHER,1.748918927584841,0.43908819190000004,2.2787550995,4.096734649099999,4.380177335,4.509140465700005,0.045,LOW,17.9,False,NIGHT,0.28,STANDARD_06_17,Pool circulation or heating can add to household demand during this period.,"Demand is usually lower overnight, although base loads, HVAC, pool systems and EV charging may remain active.",stage5_frozen_selected_model,stage6a_frozen_ensemble,stage6b_deterministic_rules,real
2025-09-29T07:00:00+02:00,2025-09-22T23:00:00+02:00,168,152,M1_GBT_CAL_WEATHER,1.6130836596656797,0.4721193892,2.5029273885,4.679044047400001,5.180826657899997,4.509140465700005,0.135,LOW,17.8,False,MORNING,0.28,STANDARD_06_17,Pool circulation or heating can add to household demand during this period.,,stage5_frozen_selected_model,stage6a_frozen_ensemble,stage6b_deterministic_rules,real
2025-09-29T08:00:00+02:00,2025-09-22T23:00:00+02:00,168,153,M1_GBT_CAL_WEATHER,1.6130836596656797,0.2169246958,1.2503496625000001,4.449638058,5.006584848399999,4.509140465700005,0.08,LOW,17.6,False,MORNING,0.28,STANDARD_06_17,Pool circulation or heating can add to household demand during this period.,,stage5_frozen_selected_model,stage6a_frozen_ensemble,stage6b_deterministic_rules,real
2025-09-29T09:00:00+02:00,2025-09-22T23:00:00+02:00,168,154,M1_GBT_CAL_WEATHER,1.748918927584841,0.19999214830000003,1.0599238005,3.2457464237999996,4.064259196849997,4.509140465700005,0.035,LOW,18.0,False,DAYTIME,0.28,STANDARD_06_17,Pool circulation or heating can add to household demand during this period.,,stage5_frozen_selected_model,stage6a_frozen_ensemble,stage6b_deterministic_rules,real
2025-09-29T10:00:00+02:00,2025-09-22T23:00:00+02:00,168,155,M1_GBT_CAL_WEATHER,1.748918927584841,0.5037564355,1.08364211,3.9167223220999996,4.424746523399994,4.509140465700005,0.05,LOW,19.5,False,DAYTIME,0.28,STANDARD_06_17,Pool circulation or heating can add to household demand during this period.,,stage5_frozen_selected_model,stage6a_frozen_ensemble,stage6b_deterministic_rules,real
2025-09-29T11:00:00+02:00,2025-09-22T23:00:00+02:00,168,156,M1_GBT_CAL_WEATHER,1.748918927584841,0.3354928488,1.0521127620000001,2.6474100763999995,4.018277973249997,4.509140465700005,0.04,LOW,21.1,False,DAYTIME,0.28,STANDARD_06_17,Pool circulation or heating can add to household demand during this period.,,stage5_frozen_selected_model,stage6a_frozen_ensemble,stage6b_deterministic_rules,real
2025-09-29T12:00:00+02:00,2025-09-22T23:00:00+02:00,168,157,M1_GBT_CAL_WEATHER,1.748918927584841,0.16461199950000002,0.908016261,1.3624527650000002,1.9941744945999986,4.509140465700005,0.01,LOW,22.0,False,DAYTIME,0.28,STANDARD_06_17,Pool circulation or heating can add to household demand during this period.,,stage5_frozen_selected_model,stage6a_frozen_ensemble,stage6b_deterministic_rules,real
2025-09-29T13:00:00+02:00,2025-09-22T23:00:00+02:00,168,158,M1_GBT_CAL_WEATHER,1.7832579306724834,0.1433444643,0.27684733650000004,1.3104337704,1.4191785228499998,4.509140465700005,0.015,LOW,22.5,False,DAYTIME,0.28,STANDARD_06_17,Pool circulation or heating can add to household demand during this period.,,stage5_frozen_selected_model,stage6a_frozen_ensemble,stage6b_deterministic_rules,real
2025-09-29T14:00:00+02:00,2025-09-22T23:00:00+02:00,168,159,M1_GBT_CAL_WEATHER,1.8140850985013026,0.14061694919999998,0.2067236555,1.3301803228999998,1.9746679296999994,4.509140465700005,0.015,LOW,23.1,False,DAYTIME,0.28,STANDARD_06_17,Pool circulation or heating can add to household demand during this period.,,stage5_frozen_selected_model,stage6a_frozen_ensemble,stage6b_deterministic_rules,real
2025-09-29T15:00:00+02:00,2025-09-22T23:00:00+02:00,168,160,M1_GBT_CAL_WEATHER,2.2632182536862486,0.1459442284,0.504870455,1.2742282441,1.3728586168499999,4.509140465700005,0.015,LOW,23.3,False,DAYTIME,0.28,STANDARD_06_17,Pool circulation or heating can add to household demand during this period.,,stage5_frozen_selected_model,stage6a_frozen_ensemble,stage6b_deterministic_rules,real
2025-09-29T16:00:00+02:00,2025-09-22T23:00:00+02:00,168,161,M1_GBT_CAL_WEATHER,2.721340340387074,0.1649623282,0.8936084234999999,2.384501103699999,4.055726515949996,4.509140465700005,0.035,LOW,23.4,False,RETURN_RAMP,0.28,STANDARD_06_17,Pool circulation or heating can add to household demand during this period.,,stage5_frozen_selected_model,stage6a_frozen_ensemble,stage6b_deterministic_rules,real
2025-09-29T17:00:00+02:00,2025-09-22T23:00:00+02:00,168,162,M1_GBT_CAL_WEATHER,4.4878068970122005,0.23200085390000003,1.2384866875,8.259510847399998,8.586985336649999,4.509140465700005,0.275,MEDIUM,23.2,False,RETURN_RAMP,0.4,PEAK_17_22,"Evening demand can rise when EV charging, HVAC and household activities overlap.",Pool circulation or heating can add to household demand during this period.,stage5_frozen_selected_model,stage6a_frozen_ensemble,stage6b_deterministic_rules,real
2025-09-29T18:00:00+02:00,2025-09-22T23:00:00+02:00,168,163,M1_GBT_CAL_WEATHER,5.4572085459906114,0.3483195042000002,2.9981524275,10.483253937399999,12.473151347749994,4.509140465700005,0.45,HIGH,22.5,False,RETURN_RAMP,0.4,PEAK_17_22,"This is a high-risk period because EV charging can coincide with HVAC, cooking and optional high-power loads such as the sauna.",Pool circulation or heating can add to household demand during this period.,stage5_frozen_selected_model,stage6a_frozen_ensemble,stage6b_deterministic_rules,real
2025-09-29T19:00:00+02:00,2025-09-22T23:00:00+02:00,168,164,M1_GBT_CAL_WEATHER,6.692607443062861,0.2174733589,3.4350038224999997,11.483814429499999,13.622725897899993,4.509140465700005,0.465,HIGH,21.6,False,EVENING,0.4,PEAK_17_22,"This is a high-risk period because EV charging can coincide with HVAC, cooking and optional high-power loads such as the sauna.",Pool circulation or heating can add to household demand during this period.,stage5_frozen_selected_model,stage6a_frozen_ensemble,stage6b_deterministic_rules,real
2025-09-29T20:00:00+02:00,2025-09-22T23:00:00+02:00,168,165,M1_GBT_CAL_WEATHER,5.254197662413478,0.2079663957,2.4534101434999998,10.1391047281,13.440043233999992,4.509140465700005,0.405,HIGH,20.3,False,EVENING,0.4,PEAK_17_22,"This is a high-risk period because EV charging can coincide with HVAC, cooking and optional high-power loads such as the sauna.",Pool circulation or heating can add to household demand during this period.,stage5_frozen_selected_model,stage6a_frozen_ensemble,stage6b_deterministic_rules,real
2025-09-29T21:00:00+02:00,2025-09-22T23:00:00+02:00,168,166,M1_GBT_CAL_WEATHER,3.2406818957393178,0.3924148511,1.1073223775,8.3560926452,9.490078585049993,4.509140465700005,0.21,MEDIUM,20.0,False,EVENING,0.4,PEAK_17_22,"Evening demand can rise when EV charging, HVAC and household activities overlap.",Pool circulation or heating can add to household demand during this period.,stage5_frozen_selected_model,stage6a_frozen_ensemble,stage6b_deterministic_rules,real
2025-09-29T22:00:00+02:00,2025-09-22T23:00:00+02:00,168,167,M1_GBT_CAL_WEATHER,2.3250662151170793,0.34439371990000006,0.6679489485,2.5848268574,6.445491502199993,4.509140465700005,0.065,LOW,20.2,False,EVENING,0.28,STANDARD_22_24,Pool circulation or heating can add to household demand during this period.,,stage5_frozen_selected_model,stage6a_frozen_ensemble,stage6b_deterministic_rules,real
2025-09-29T23:00:00+02:00,2025-09-22T23:00:00+02:00,168,168,M1_GBT_CAL_WEATHER,1.8140850985013026,0.3149661685,0.5772457285,2.5958545274000002,3.9258799028499993,4.509140465700005,0.035,LOW,19.7,False,NIGHT,0.28,STANDARD_22_24,"Demand is usually lower overnight, although base loads, HVAC, pool systems and EV charging may remain active.",,stage5_frozen_selected_model,stage6a_frozen_ensemble,stage6b_deterministic_rules,real
